method,image_id,repeat,k_budget,k,k_total,k_effective,cost,k_norm,k_norm_effective,mse,ssim,edge_corr,obj_mse,obj_ssim,obj_cost,obj_k,selected_indices,selected_labels,selected_detail_indices,selected_detail_labels,preference_id,preference_name,preference,actions
random,0,0,1,1,2,1,0.1111111111111111,0.1111111111111111,0.1111111111111111,0.001980005530640483,0.8233305125117444,0.7777237910444219,0.9980199944693595,0.8233305125117444,0.8888888888888888,0.8888888888888888,0 7,H00 H12,7,H12,,,,
random,0,1,1,1,2,1,0.1111111111111111,0.1111111111111111,0.1111111111111111,0.002229262376204133,0.7924616533651612,0.7374132670292768,0.9977707376237959,0.7924616533651612,0.8888888888888888,0.8888888888888888,0 9,H00 H30,9,H30,,,,
random,0,2,1,1,2,1,0.1111111111111111,0.1111111111111111,0.1111111111111111,0.0019948105327785015,0.8265588329695209,0.8039793850953574,0.9980051894672215,0.8265588329695209,0.8888888888888888,0.8888888888888888,0 8,H00 H21,8,H21,,,,
random,0,3,1,1,2,1,0.1111111111111111,0.1111111111111111,0.1111111111111111,0.0018720426596701145,0.8260503636526916,0.8014154802106902,0.9981279573403299,0.8260503636526916,0.8888888888888888,0.8888888888888888,0 5,H00 H20,5,H20,,,,
random,0,4,1,1,2,1,0.1111111111111111,0.1111111111111111,0.1111111111111111,0.002229262376204133,0.7924616533651612,0.7374132670292768,0.9977707376237959,0.7924616533651612,0.8888888888888888,0.8888888888888888,0 9,H00 H30,9,H30,,,,
random,0,5,1,1,2,1,0.1111111111111111,0.1111111111111111,0.1111111111111111,0.002229262376204133,0.7924616533651612,0.7374132670292768,0.9977707376237959,0.7924616533651612,0.8888888888888888,0.8888888888888888,0 9,H00 H30,9,H30,,,,
random,0,6,1,1,2,1,0.1111111111111111,0.1111111111111111,0.1111111111111111,0.002229262376204133,0.7924616533651612,0.7374132670292768,0.9977707376237959,0.7924616533651612,0.8888888888888888,0.8888888888888888,0 9,H00 H30,9,H30,,,,
random,0,7,1,1,2,1,0.1111111111111111,0.1111111111111111,0.1111111111111111,0.0019184492994099855,0.8307893772406618,0.7922844786183408,0.99808155070059,0.8307893772406618,0.8888888888888888,0.8888888888888888,0 1,H00 H01,1,H01,,,,
random,0,8,1,1,2,1,0.1111111111111111,0.1111111111111111,0.1111111111111111,0.0018720426596701145,0.8260503636526916,0.8014154802106902,0.9981279573403299,0.8260503636526916,0.8888888888888888,0.8888888888888888,0 5,H00 H20,5,H20,,,,
random,0,9,1,1,2,1,0.1111111111111111,0.1111111111111111,0.1111111111111111,0.002085879910737276,0.809738271086788,0.7945406562373076,0.9979141200892627,0.809738271086788,0.8888888888888888,0.8888888888888888,0 6,H00 H03,6,H03,,,,
random,0,10,1,1,2,1,0.1111111111111111,0.1111111111111111,0.1111111111111111,0.001727041439153254,0.8342100819716768,0.8223746881167511,0.9982729585608467,0.8342100819716768,0.8888888888888888,0.8888888888888888,0 3,H00 H02,3,H02,,,,
random,0,11,1,1,2,1,0.1111111111111111,0.1111111111111111,0.1111111111111111,0.0018465451430529356,0.8491955669984381,0.8000755763322939,0.9981534548569471,0.8491955669984381,0.8888888888888888,0.8888888888888888,0 4,H00 H11,4,H11,,,,
random,0,12,1,1,2,1,0.1111111111111111,0.1111111111111111,0.1111111111111111,0.002085879910737276,0.809738271086788,0.7945406562373076,0.9979141200892627,0.809738271086788,0.8888888888888888,0.8888888888888888,0 6,H00 H03,6,H03,,,,
random,0,13,1,1,2,1,0.1111111111111111,0.1111111111111111,0.1111111111111111,0.0019948105327785015,0.8265588329695209,0.8039793850953574,0.9980051894672215,0.8265588329695209,0.8888888888888888,0.8888888888888888,0 8,H00 H21,8,H21,,,,
random,0,14,1,1,2,1,0.1111111111111111,0.1111111111111111,0.1111111111111111,0.002085879910737276,0.809738271086788,0.7945406562373076,0.9979141200892627,0.809738271086788,0.8888888888888888,0.8888888888888888,0 6,H00 H03,6,H03,,,,
random,0,15,1,1,2,1,0.1111111111111111,0.1111111111111111,0.1111111111111111,0.0020333132706582546,0.8090718447803281,0.7425124946166082,0.9979666867293417,0.8090718447803281,0.8888888888888888,0.8888888888888888,0 2,H00 H10,2,H10,,,,
random,0,16,1,1,2,1,0.1111111111111111,0.1111111111111111,0.1111111111111111,0.001980005530640483,0.8233305125117444,0.7777237910444219,0.9980199944693595,0.8233305125117444,0.8888888888888888,0.8888888888888888,0 7,H00 H12,7,H12,,,,
random,0,17,1,1,2,1,0.1111111111111111,0.1111111111111111,0.1111111111111111,0.0019948105327785015,0.8265588329695209,0.8039793850953574,0.9980051894672215,0.8265588329695209,0.8888888888888888,0.8888888888888888,0 8,H00 H21,8,H21,,,,
random,0,18,1,1,2,1,0.1111111111111111,0.1111111111111111,0.1111111111111111,0.0020333132706582546,0.8090718447803281,0.7425124946166082,0.9979666867293417,0.8090718447803281,0.8888888888888888,0.8888888888888888,0 2,H00 H10,2,H10,,,,
random,0,19,1,1,2,1,0.1111111111111111,0.1111111111111111,0.1111111111111111,0.0018720426596701145,0.8260503636526916,0.8014154802106902,0.9981279573403299,0.8260503636526916,0.8888888888888888,0.8888888888888888,0 5,H00 H20,5,H20,,,,
random,0,0,3,3,4,3,0.3333333333333333,0.3333333333333333,0.3333333333333333,0.0012178780743852258,0.8824826356346911,0.8694709274609117,0.9987821219256148,0.8824826356346911,0.6666666666666667,0.6666666666666667,0 1 3 8,H00 H01 H02 H21,1 3 8,H01 H02 H21,,,,
random,0,1,3,3,4,3,0.3333333333333333,0.3333333333333333,0.3333333333333333,0.0011191738303750753,0.8926536943032611,0.8595058562943491,0.9988808261696249,0.8926536943032611,0.6666666666666667,0.6666666666666667,0 2 4 8,H00 H10 H11 H21,2 4 8,H10 H11 H21,,,,
random,0,2,3,3,4,3,0.3333333333333333,0.3333333333333333,0.3333333333333333,0.001458367332816124,0.8559932462188917,0.8590887461584898,0.9985416326671839,0.8559932462188917,0.6666666666666667,0.6666666666666667,0 3 7 9,H00 H02 H12 H30,3 7 9,H02 H12 H30,,,,
random,0,3,3,3,4,3,0.3333333333333333,0.3333333333333333,0.3333333333333333,0.0012789239408448339,0.8768893596932168,0.8490995418486621,0.9987210760591552,0.8768893596932168,0.6666666666666667,0.6666666666666667,0 2 5 7,H00 H10 H20 H12,2 5 7,H10 H20 H12,,,,
random,0,4,3,3,4,3,0.3333333333333333,0.3333333333333333,0.3333333333333333,0.0010343550238758326,0.8981555828140266,0.8852784758636778,0.9989656449761242,0.8981555828140266,0.6666666666666667,0.6666666666666667,0 3 4 6,H00 H02 H11 H03,3 4 6,H02 H11 H03,,,,
random,0,5,3,3,4,3,0.3333333333333333,0.3333333333333333,0.3333333333333333,0.0011858214857056737,0.8774509405715593,0.8600539151078865,0.9988141785142943,0.8774509405715593,0.6666666666666667,0.6666666666666667,0 1 2 5,H00 H01 H10 H20,1 2 5,H01 H10 H20,,,,
random,0,6,3,3,4,3,0.3333333333333333,0.3333333333333333,0.3333333333333333,0.0011457662330940366,0.8944328570656487,0.8660908919733514,0.998854233766906,0.8944328570656487,0.6666666666666667,0.6666666666666667,0 4 8 9,H00 H11 H21 H30,4 8 9,H11 H21 H30,,,,
random,0,7,3,3,4,3,0.3333333333333333,0.3333333333333333,0.3333333333333333,0.0009916489943861961,0.904931983247169,0.8799589604683009,0.9990083510056138,0.904931983247169,0.6666666666666667,0.6666666666666667,0 4 7 8,H00 H11 H12 H21,4 7 8,H11 H12 H21,,,,
random,0,8,3,3,4,3,0.3333333333333333,0.3333333333333333,0.3333333333333333,0.001191108487546444,0.8756388623852119,0.8682075134913513,0.9988088915124536,0.8756388623852119,0.6666666666666667,0.6666666666666667,0 2 5 6,H00 H10 H20 H03,2 5 6,H10 H20 H03,,,,
random,0,9,3,3,4,3,0.3333333333333333,0.3333333333333333,0.3333333333333333,0.001027816440910101,0.896647275592711,0.8972806308476412,0.9989721835590899,0.896647275592711,0.6666666666666667,0.6666666666666667,0 5 6 7,H00 H20 H03 H12,5 6 7,H20 H03 H12,,,,
random,0,10,3,3,4,3,0.3333333333333333,0.3333333333333333,0.3333333333333333,0.0011780806817114353,0.8884123399871425,0.8718812758368539,0.9988219193182886,0.8884123399871425,0.6666666666666667,0.6666666666666667,0 1 7 8,H00 H01 H12 H21,1 7 8,H01 H12 H21,,,,
random,0,11,3,3,4,3,0.3333333333333333,0.3333333333333333,0.3333333333333333,0.0013009338872507215,0.8683790923533662,0.857078097520402,0.9986990661127493,0.8683790923533662,0.6666666666666667,0.6666666666666667,0 1 5 9,H00 H01 H20 H30,1 5 9,H01 H20 H30,,,,
random,0,12,3,3,4,3,0.3333333333333333,0.3333333333333333,0.3333333333333333,0.0013041504425927997,0.8720877581501909,0.8510085683874595,0.9986958495574072,0.8720877581501909,0.6666666666666667,0.6666666666666667,0 2 6 8,H00 H10 H03 H21,2 6 8,H10 H03 H21,,,,
random,0,13,3,3,4,3,0.3333333333333333,0.3333333333333333,0.3333333333333333,0.001191108487546444,0.8756388623852119,0.8682075134913513,0.9988088915124536,0.8756388623852119,0.6666666666666667,0.6666666666666667,0 2 5 6,H00 H10 H20 H03,2 5 6,H10 H20 H03,,,,
random,0,14,3,3,4,3,0.3333333333333333,0.3333333333333333,0.3333333333333333,0.0019222904229536653,0.8278522546825029,0.774314404943167,0.9980777095770463,0.8278522546825029,0.6666666666666667,0.6666666666666667,0 2 7 9,H00 H10 H12 H30,2 7 9,H10 H12 H30,,,,
random,0,15,3,3,4,3,0.3333333333333333,0.3333333333333333,0.3333333333333333,0.0012068722862750292,0.8847831692568754,0.8696342983192958,0.998793127713725,0.8847831692568754,0.6666666666666667,0.6666666666666667,0 2 7 8,H00 H10 H12 H21,2 7 8,H10 H12 H21,,,,
random,0,16,3,3,4,3,0.3333333333333333,0.3333333333333333,0.3333333333333333,0.0012812539935112,0.8779840102501205,0.8529135897983425,0.9987187460064888,0.8779840102501205,0.6666666666666667,0.6666666666666667,0 2 4 6,H00 H10 H11 H03,2 4 6,H10 H11 H03,,,,
random,0,17,3,3,4,3,0.3333333333333333,0.3333333333333333,0.3333333333333333,0.0010374663397669792,0.8945105731593584,0.9004814875361378,0.998962533660233,0.8945105731593584,0.6666666666666667,0.6666666666666667,0 3 5 7,H00 H02 H20 H12,3 5 7,H02 H20 H12,,,,
random,0,18,3,3,4,3,0.3333333333333333,0.3333333333333333,0.3333333333333333,0.0010521920630708337,0.8936350637433361,0.8945474099281404,0.9989478079369292,0.8936350637433361,0.6666666666666667,0.6666666666666667,0 3 7 8,H00 H02 H12 H21,3 7 8,H02 H12 H21,,,,
random,0,19,3,3,4,3,0.3333333333333333,0.3333333333333333,0.3333333333333333,0.001430552452802658,0.8591926162453384,0.8580741551034407,0.9985694475471973,0.8591926162453384,0.6666666666666667,0.6666666666666667,0 2 3 9,H00 H10 H02 H30,2 3 9,H10 H02 H30,,,,
random,0,0,5,5,6,5,0.5555555555555556,0.5555555555555556,0.5555555555555556,0.0007905688835307956,0.9190278874707988,0.9155074133847974,0.9992094311164692,0.9190278874707988,0.4444444444444444,0.4444444444444444,0 1 3 4 8 9,H00 H01 H02 H11 H21 H30,1 3 4 8 9,H01 H02 H11 H21 H30,,,,
random,0,1,5,5,6,5,0.5555555555555556,0.5555555555555556,0.5555555555555556,0.0012865726603195071,0.8737314970341348,0.8480135640525827,0.9987134273396805,0.8737314970341348,0.4444444444444444,0.4444444444444444,0 1 2 6 8 9,H00 H01 H10 H03 H21 H30,1 2 6 8 9,H01 H10 H03 H21 H30,,,,
random,0,2,5,5,6,5,0.5555555555555556,0.5555555555555556,0.5555555555555556,0.0010675250086933374,0.8887984307923583,0.8767305839983605,0.9989324749913067,0.8887984307923583,0.4444444444444444,0.4444444444444444,0 1 2 3 6 9,H00 H01 H10 H02 H03 H30,1 2 3 6 9,H01 H10 H02 H03 H30,,,,
random,0,3,5,5,6,5,0.5555555555555556,0.5555555555555556,0.5555555555555556,0.0007391900871880352,0.9213430346405038,0.9245080720531887,0.999260809912812,0.9213430346405038,0.4444444444444444,0.4444444444444444,0 2 3 4 5 8,H00 H10 H02 H11 H20 H21,2 3 4 5 8,H10 H02 H11 H20 H21,,,,
random,0,4,5,5,6,5,0.5555555555555556,0.5555555555555556,0.5555555555555556,0.001120610861107707,0.8945213133706207,0.8741977186463831,0.9988793891388923,0.8945213133706207,0.4444444444444444,0.4444444444444444,0 2 4 6 7 9,H00 H10 H11 H03 H12 H30,2 4 6 7 9,H10 H11 H03 H12 H30,,,,
random,0,5,5,5,6,5,0.5555555555555556,0.5555555555555556,0.5555555555555556,0.0009865723550319672,0.9061900948337085,0.882591327530484,0.999013427644968,0.9061900948337085,0.4444444444444444,0.4444444444444444,0 2 4 7 8 9,H00 H10 H11 H12 H21 H30,2 4 7 8 9,H10 H11 H12 H21 H30,,,,
random,0,6,5,5,6,5,0.5555555555555556,0.5555555555555556,0.5555555555555556,0.0007905688835307956,0.9190278874707988,0.9155074133847974,0.9992094311164692,0.9190278874707988,0.4444444444444444,0.4444444444444444,0 1 3 4 8 9,H00 H01 H02 H11 H21 H30,1 3 4 8 9,H01 H02 H11 H21 H30,,,,
random,0,7,5,5,6,5,0.5555555555555556,0.5555555555555556,0.5555555555555556,0.001103613874875009,0.8958492458451376,0.8681552492093271,0.998896386125125,0.8958492458451376,0.4444444444444444,0.4444444444444444,0 2 4 6 8 9,H00 H10 H11 H03 H21 H30,2 4 6 8 9,H10 H11 H03 H21 H30,,,,
random,0,8,5,5,6,5,0.5555555555555556,0.5555555555555556,0.5555555555555556,0.0007946031983010471,0.9193848004380815,0.9249902717282482,0.999205396801699,0.9193848004380815,0.4444444444444444,0.4444444444444444,0 1 3 4 5 8,H00 H01 H02 H11 H20 H21,1 3 4 5 8,H01 H02 H11 H20 H21,,,,
random,0,9,5,5,6,5,0.5555555555555556,0.5555555555555556,0.5555555555555556,0.0008707448141649365,0.9127333252895601,0.9003876685010787,0.9991292551858351,0.9127333252895601,0.4444444444444444,0.4444444444444444,0 1 2 4 5 7,H00 H01 H10 H11 H20 H12,1 2 4 5 7,H01 H10 H11 H20 H12,,,,
random,0,10,5,5,6,5,0.5555555555555556,0.5555555555555556,0.5555555555555556,0.0010350239463150501,0.8987855263559344,0.882497936704704,0.998964976053685,0.8987855263559344,0.4444444444444444,0.4444444444444444,0 1 4 5 8 9,H00 H01 H11 H20 H21 H30,1 4 5 8 9,H01 H11 H20 H21 H30,,,,
random,0,11,5,5,6,5,0.5555555555555556,0.5555555555555556,0.5555555555555556,0.0008174818940460682,0.9161878614625523,0.907305822664492,0.9991825181059539,0.9161878614625523,0.4444444444444444,0.4444444444444444,0 2 3 4 7 8,H00 H10 H02 H11 H12 H21,2 3 4 7 8,H10 H02 H11 H12 H21,,,,
random,0,12,5,5,6,5,0.5555555555555556,0.5555555555555556,0.5555555555555556,0.0008738543838262558,0.9068101881233606,0.9157566310358612,0.9991261456161737,0.9068101881233606,0.4444444444444444,0.4444444444444444,0 3 5 6 7 9,H00 H02 H20 H03 H12 H30,3 5 6 7 9,H02 H20 H03 H12 H30,,,,
random,0,13,5,5,6,5,0.5555555555555556,0.5555555555555556,0.5555555555555556,0.0009206966497004032,0.9071635994152139,0.8930458140125885,0.9990793033502996,0.9071635994152139,0.4444444444444444,0.4444444444444444,0 1 3 4 6 7,H00 H01 H02 H11 H03 H12,1 3 4 6 7,H01 H02 H11 H03 H12,,,,
random,0,14,5,5,6,5,0.5555555555555556,0.5555555555555556,0.5555555555555556,0.0010605334537103772,0.8909957993168751,0.8775322685304137,0.9989394665462896,0.8909957993168751,0.4444444444444444,0.4444444444444444,0 1 2 3 6 7,H00 H01 H10 H02 H03 H12,1 2 3 6 7,H01 H10 H02 H03 H12,,,,
random,0,15,5,5,6,5,0.5555555555555556,0.5555555555555556,0.5555555555555556,0.0009518221486359835,0.9029672676863483,0.8937841294539027,0.999048177851364,0.9029672676863483,0.4444444444444444,0.4444444444444444,0 2 3 4 6 7,H00 H10 H02 H11 H03 H12,2 3 4 6 7,H10 H02 H11 H03 H12,,,,
random,0,16,5,5,6,5,0.5555555555555556,0.5555555555555556,0.5555555555555556,0.00075093301711604,0.9221298643050098,0.9304857555792067,0.999249066982884,0.9221298643050098,0.4444444444444444,0.4444444444444444,0 1 3 4 5 6,H00 H01 H02 H11 H20 H03,1 3 4 5 6,H01 H02 H11 H20 H03,,,,
random,0,17,5,5,6,5,0.5555555555555556,0.5555555555555556,0.5555555555555556,0.0010675250086933374,0.8887984307923583,0.8767305839983605,0.9989324749913067,0.8887984307923583,0.4444444444444444,0.4444444444444444,0 1 2 3 6 9,H00 H01 H10 H02 H03 H30,1 2 3 6 9,H01 H10 H02 H03 H30,,,,
random,0,18,5,5,6,5,0.5555555555555556,0.5555555555555556,0.5555555555555556,0.0008709821850061417,0.9068194559191693,0.9142724098357468,0.9991290178149939,0.9068194559191693,0.4444444444444444,0.4444444444444444,0 2 3 5 6 7,H00 H10 H02 H20 H03 H12,2 3 5 6 7,H10 H02 H20 H03 H12,,,,
random,0,19,5,5,6,5,0.5555555555555556,0.5555555555555556,0.5555555555555556,0.0009011965594254434,0.9058944786523383,0.9108638414415685,0.9990988034405746,0.9058944786523383,0.4444444444444444,0.4444444444444444,0 1 3 5 7 8,H00 H01 H02 H20 H12 H21,1 3 5 7 8,H01 H02 H20 H12 H21,,,,
random,1,0,1,1,2,1,0.1111111111111111,0.1111111111111111,0.1111111111111111,0.002431177534162998,0.8122732420313514,0.6671539736067754,0.997568822465837,0.8122732420313514,0.8888888888888888,0.8888888888888888,0 9,H00 H30,9,H30,,,,
random,1,1,1,1,2,1,0.1111111111111111,0.1111111111111111,0.1111111111111111,0.0022876765578985214,0.8398364322674189,0.7367447741212323,0.9977123234421015,0.8398364322674189,0.8888888888888888,0.8888888888888888,0 4,H00 H11,4,H11,,,,
random,1,2,1,1,2,1,0.1111111111111111,0.1111111111111111,0.1111111111111111,0.0019894838333129883,0.839338971118085,0.7361329056373285,0.998010516166687,0.839338971118085,0.8888888888888888,0.8888888888888888,0 3,H00 H02,3,H02,,,,
random,1,3,1,1,2,1,0.1111111111111111,0.1111111111111111,0.1111111111111111,0.002431177534162998,0.8122732420313514,0.6671539736067754,0.997568822465837,0.8122732420313514,0.8888888888888888,0.8888888888888888,0 9,H00 H30,9,H30,,,,
random,1,4,1,1,2,1,0.1111111111111111,0.1111111111111111,0.1111111111111111,0.0022876765578985214,0.8398364322674189,0.7367447741212323,0.9977123234421015,0.8398364322674189,0.8888888888888888,0.8888888888888888,0 4,H00 H11,4,H11,,,,
random,1,5,1,1,2,1,0.1111111111111111,0.1111111111111111,0.1111111111111111,0.0021186196245253086,0.8365849448671381,0.7081241118149179,0.9978813803754747,0.8365849448671381,0.8888888888888888,0.8888888888888888,0 7,H00 H12,7,H12,,,,
random,1,6,1,1,2,1,0.1111111111111111,0.1111111111111111,0.1111111111111111,0.0019894838333129883,0.839338971118085,0.7361329056373285,0.998010516166687,0.839338971118085,0.8888888888888888,0.8888888888888888,0 3,H00 H02,3,H02,,,,
random,1,7,1,1,2,1,0.1111111111111111,0.1111111111111111,0.1111111111111111,0.0022876765578985214,0.8398364322674189,0.7367447741212323,0.9977123234421015,0.8398364322674189,0.8888888888888888,0.8888888888888888,0 4,H00 H11,4,H11,,,,
random,1,8,1,1,2,1,0.1111111111111111,0.1111111111111111,0.1111111111111111,0.0022876765578985214,0.8398364322674189,0.7367447741212323,0.9977123234421015,0.8398364322674189,0.8888888888888888,0.8888888888888888,0 4,H00 H11,4,H11,,,,
random,1,9,1,1,2,1,0.1111111111111111,0.1111111111111111,0.1111111111111111,0.0023672403767704964,0.8345260529221876,0.7575750079983313,0.9976327596232295,0.8345260529221876,0.8888888888888888,0.8888888888888888,0 8,H00 H21,8,H21,,,,
random,1,10,1,1,2,1,0.1111111111111111,0.1111111111111111,0.1111111111111111,0.0025450370740145445,0.8160950589778874,0.681670268296484,0.9974549629259855,0.8160950589778874,0.8888888888888888,0.8888888888888888,0 1,H00 H01,1,H01,,,,
random,1,11,1,1,2,1,0.1111111111111111,0.1111111111111111,0.1111111111111111,0.0025450370740145445,0.8160950589778874,0.681670268296484,0.9974549629259855,0.8160950589778874,0.8888888888888888,0.8888888888888888,0 1,H00 H01,1,H01,,,,
random,1,12,1,1,2,1,0.1111111111111111,0.1111111111111111,0.1111111111111111,0.0022876765578985214,0.8398364322674189,0.7367447741212323,0.9977123234421015,0.8398364322674189,0.8888888888888888,0.8888888888888888,0 4,H00 H11,4,H11,,,,
random,1,13,1,1,2,1,0.1111111111111111,0.1111111111111111,0.1111111111111111,0.002431177534162998,0.8122732420313514,0.6671539736067754,0.997568822465837,0.8122732420313514,0.8888888888888888,0.8888888888888888,0 9,H00 H30,9,H30,,,,
random,1,14,1,1,2,1,0.1111111111111111,0.1111111111111111,0.1111111111111111,0.0025450370740145445,0.8160950589778874,0.681670268296484,0.9974549629259855,0.8160950589778874,0.8888888888888888,0.8888888888888888,0 1,H00 H01,1,H01,,,,
random,1,15,1,1,2,1,0.1111111111111111,0.1111111111111111,0.1111111111111111,0.0021186196245253086,0.8365849448671381,0.7081241118149179,0.9978813803754747,0.8365849448671381,0.8888888888888888,0.8888888888888888,0 7,H00 H12,7,H12,,,,
random,1,16,1,1,2,1,0.1111111111111111,0.1111111111111111,0.1111111111111111,0.0023672403767704964,0.8345260529221876,0.7575750079983313,0.9976327596232295,0.8345260529221876,0.8888888888888888,0.8888888888888888,0 8,H00 H21,8,H21,,,,
random,1,17,1,1,2,1,0.1111111111111111,0.1111111111111111,0.1111111111111111,0.0019894838333129883,0.839338971118085,0.7361329056373285,0.998010516166687,0.839338971118085,0.8888888888888888,0.8888888888888888,0 3,H00 H02,3,H02,,,,
random,1,18,1,1,2,1,0.1111111111111111,0.1111111111111111,0.1111111111111111,0.002431177534162998,0.8122732420313514,0.6671539736067754,0.997568822465837,0.8122732420313514,0.8888888888888888,0.8888888888888888,0 9,H00 H30,9,H30,,,,
random,1,19,1,1,2,1,0.1111111111111111,0.1111111111111111,0.1111111111111111,0.0027228526305407286,0.8027593275791258,0.6782166174890034,0.9972771473694593,0.8027593275791258,0.8888888888888888,0.8888888888888888,0 6,H00 H03,6,H03,,,,
random,1,0,3,3,4,3,0.3333333333333333,0.3333333333333333,0.3333333333333333,0.0014198193093761802,0.8931378779421238,0.8089198580810939,0.9985801806906238,0.8931378779421238,0.6666666666666667,0.6666666666666667,0 3 4 7,H00 H02 H11 H12,3 4 7,H02 H11 H12,,,,
random,1,1,3,3,4,3,0.3333333333333333,0.3333333333333333,0.3333333333333333,0.001583371195010841,0.8859228212629997,0.7913618941649181,0.9984166288049892,0.8859228212629997,0.6666666666666667,0.6666666666666667,0 2 4 7,H00 H10 H11 H12,2 4 7,H10 H11 H12,,,,
random,1,2,3,3,4,3,0.3333333333333333,0.3333333333333333,0.3333333333333333,0.001464997068978846,0.8904941115488478,0.8008658061620171,0.9985350029310212,0.8904941115488478,0.6666666666666667,0.6666666666666667,0 3 4 6,H00 H02 H11 H03,3 4 6,H02 H11 H03,,,,
random,1,3,3,3,4,3,0.3333333333333333,0.3333333333333333,0.3333333333333333,0.0014559407718479633,0.8948995265378822,0.7975756832672058,0.998544059228152,0.8948995265378822,0.6666666666666667,0.6666666666666667,0 1 4 7,H00 H01 H11 H12,1 4 7,H01 H11 H12,,,,
random,1,4,3,3,4,3,0.3333333333333333,0.3333333333333333,0.3333333333333333,0.0012700519291684031,0.8989353607121886,0.8365935079951935,0.9987299480708316,0.8989353607121886,0.6666666666666667,0.6666666666666667,0 2 5 6,H00 H10 H20 H03,2 5 6,H10 H20 H03,,,,
random,1,5,3,3,4,3,0.3333333333333333,0.3333333333333333,0.3333333333333333,0.0016370727680623531,0.8784467469054794,0.7715914400267839,0.9983629272319376,0.8784467469054794,0.6666666666666667,0.6666666666666667,0 1 6 7,H00 H01 H03 H12,1 6 7,H01 H03 H12,,,,
random,1,6,3,3,4,3,0.3333333333333333,0.3333333333333333,0.3333333333333333,0.0017382679507136345,0.8755316742641606,0.8097925563324557,0.9982617320492864,0.8755316742641606,0.6666666666666667,0.6666666666666667,0 6 8 9,H00 H03 H21 H30,6 8 9,H03 H21 H30,,,,
random,1,7,3,3,4,3,0.3333333333333333,0.3333333333333333,0.3333333333333333,0.0014204673934727907,0.8850640691329551,0.8021982098373039,0.9985795326065272,0.8850640691329551,0.6666666666666667,0.6666666666666667,0 2 5 9,H00 H10 H20 H30,2 5 9,H10 H20 H30,,,,
random,1,8,3,3,4,3,0.3333333333333333,0.3333333333333333,0.3333333333333333,0.0019818288274109364,0.8677247855878755,0.7787411670843445,0.9980181711725891,0.8677247855878755,0.6666666666666667,0.6666666666666667,0 4 6 8,H00 H11 H03 H21,4 6 8,H11 H03 H21,,,,
random,1,9,3,3,4,3,0.3333333333333333,0.3333333333333333,0.3333333333333333,0.0016233291244134307,0.880236522134008,0.7689895559654081,0.9983766708755866,0.880236522134008,0.6666666666666667,0.6666666666666667,0 1 2 7,H00 H01 H10 H12,1 2 7,H01 H10 H12,,,,
random,1,10,3,3,4,3,0.3333333333333333,0.3333333333333333,0.3333333333333333,0.0014067764859646559,0.8935724775020064,0.8093359985497032,0.9985932235140353,0.8935724775020064,0.6666666666666667,0.6666666666666667,0 2 3 4,H00 H10 H02 H11,2 3 4,H10 H02 H11,,,,
random,1,11,3,3,4,3,0.3333333333333333,0.3333333333333333,0.3333333333333333,0.0016845455393195152,0.8756052606720278,0.7526651122083489,0.9983154544606805,0.8756052606720278,0.6666666666666667,0.6666666666666667,0 1 2 9,H00 H01 H10 H30,1 2 9,H01 H10 H30,,,,
random,1,12,3,3,4,3,0.3333333333333333,0.3333333333333333,0.3333333333333333,0.0017382679507136345,0.8755316742641606,0.8097925563324557,0.9982617320492864,0.8755316742641606,0.6666666666666667,0.6666666666666667,0 6 8 9,H00 H03 H21 H30,6 8 9,H03 H21 H30,,,,
random,1,13,3,3,4,3,0.3333333333333333,0.3333333333333333,0.3333333333333333,0.0012417753459885716,0.8966395197952262,0.8543625150853537,0.9987582246540114,0.8966395197952262,0.6666666666666667,0.6666666666666667,0 3 5 7,H00 H02 H20 H12,3 5 7,H02 H20 H12,,,,
random,1,14,3,3,4,3,0.3333333333333333,0.3333333333333333,0.3333333333333333,0.0012347509618848562,0.9004933347883463,0.838696620017821,0.9987652490381151,0.9004933347883463,0.6666666666666667,0.6666666666666667,0 1 2 5,H00 H01 H10 H20,1 2 5,H01 H10 H20,,,,
random,1,15,3,3,4,3,0.3333333333333333,0.3333333333333333,0.3333333333333333,0.0013754715910181403,0.8891519518053064,0.8177717782067138,0.9986245284089819,0.8891519518053064,0.6666666666666667,0.6666666666666667,0 2 5 7,H00 H10 H20 H12,2 5 7,H10 H20 H12,,,,
random,1,16,3,3,4,3,0.3333333333333333,0.3333333333333333,0.3333333333333333,0.0017732934793457389,0.8609594527220046,0.7705817585651229,0.9982267065206543,0.8609594527220046,0.6666666666666667,0.6666666666666667,0 3 7 9,H00 H02 H12 H30,3 7 9,H02 H12 H30,,,,
random,1,17,3,3,4,3,0.3333333333333333,0.3333333333333333,0.3333333333333333,0.001638110727071762,0.8741227868372988,0.7833884851107498,0.9983618892729282,0.8741227868372988,0.6666666666666667,0.6666666666666667,0 3 6 9,H00 H02 H03 H30,3 6 9,H02 H03 H30,,,,
random,1,18,3,3,4,3,0.3333333333333333,0.3333333333333333,0.3333333333333333,0.00118090002797544,0.9072505857055735,0.859636331148206,0.9988190999720246,0.9072505857055735,0.6666666666666667,0.6666666666666667,0 5 6 7,H00 H20 H03 H12,5 6 7,H20 H03 H12,,,,
random,1,19,3,3,4,3,0.3333333333333333,0.3333333333333333,0.3333333333333333,0.0013754715910181403,0.8891519518053064,0.8177717782067138,0.9986245284089819,0.8891519518053064,0.6666666666666667,0.6666666666666667,0 2 5 7,H00 H10 H20 H12,2 5 7,H10 H20 H12,,,,
random,1,0,5,5,6,5,0.5555555555555556,0.5555555555555556,0.5555555555555556,0.0014549201587215066,0.8954275681877533,0.7985876717852124,0.9985450798412785,0.8954275681877533,0.4444444444444444,0.4444444444444444,0 1 2 4 6 7,H00 H01 H10 H11 H03 H12,1 2 4 6 7,H01 H10 H11 H03 H12,,,,
random,1,1,5,5,6,5,0.5555555555555556,0.5555555555555556,0.5555555555555556,0.0013597297947853804,0.9032089808218261,0.8216677097031169,0.9986402702052146,0.9032089808218261,0.4444444444444444,0.4444444444444444,0 1 2 4 8 9,H00 H01 H10 H11 H21 H30,1 2 4 8 9,H01 H10 H11 H21 H30,,,,
random,1,2,5,5,6,5,0.5555555555555556,0.5555555555555556,0.5555555555555556,0.0013076069299131632,0.9033522542464181,0.8464790106211925,0.9986923930700868,0.9033522542464181,0.4444444444444444,0.4444444444444444,0 3 6 7 8 9,H00 H02 H03 H12 H21 H30,3 6 7 8 9,H02 H03 H12 H21 H30,,,,
random,1,3,5,5,6,5,0.5555555555555556,0.5555555555555556,0.5555555555555556,0.0010791607201099396,0.9123396733853253,0.8752318946496265,0.9989208392798901,0.9123396733853253,0.4444444444444444,0.4444444444444444,0 3 5 6 7 9,H00 H02 H20 H03 H12 H30,3 5 6 7 9,H02 H20 H03 H12 H30,,,,
random,1,4,5,5,6,5,0.5555555555555556,0.5555555555555556,0.5555555555555556,0.001083408365957439,0.9110206214447509,0.8709421742864675,0.9989165916340426,0.9110206214447509,0.4444444444444444,0.4444444444444444,0 1 2 3 5 9,H00 H01 H10 H02 H20 H30,1 2 3 5 9,H01 H10 H02 H20 H30,,,,
random,1,5,5,5,6,5,0.5555555555555556,0.5555555555555556,0.5555555555555556,0.0012978978920727968,0.9038405023984761,0.8343640926534955,0.9987021021079272,0.9038405023984761,0.4444444444444444,0.4444444444444444,0 1 2 3 7 8,H00 H01 H10 H02 H12 H21,1 2 3 7 8,H01 H10 H02 H12 H21,,,,
random,1,6,5,5,6,5,0.5555555555555556,0.5555555555555556,0.5555555555555556,0.0011859129881486297,0.9026421068433349,0.8588141881041672,0.9988140870118514,0.9026421068433349,0.4444444444444444,0.4444444444444444,0 2 3 5 7 9,H00 H10 H02 H20 H12 H30,2 3 5 7 9,H10 H02 H20 H12 H30,,,,
random,1,7,5,5,6,5,0.5555555555555556,0.5555555555555556,0.5555555555555556,0.0010667992755770683,0.9132312415754611,0.8773428628769135,0.9989332007244229,0.9132312415754611,0.4444444444444444,0.4444444444444444,0 1 2 3 5 8,H00 H01 H10 H02 H20 H21,1 2 3 5 8,H01 H10 H02 H20 H21,,,,
random,1,8,5,5,6,5,0.5555555555555556,0.5555555555555556,0.5555555555555556,0.001618122449144721,0.8765011449719865,0.7805550361739205,0.9983818775508553,0.8765011449719865,0.4444444444444444,0.4444444444444444,0 2 3 6 7 9,H00 H10 H02 H03 H12 H30,2 3 6 7 9,H10 H02 H03 H12 H30,,,,
random,1,9,5,5,6,5,0.5555555555555556,0.5555555555555556,0.5555555555555556,0.0010322952875867486,0.9175703159481393,0.8788066792622251,0.9989677047124133,0.9175703159481393,0.4444444444444444,0.4444444444444444,0 2 4 5 7 8,H00 H10 H11 H20 H12 H21,2 4 5 7 8,H10 H11 H20 H12 H21,,,,
random,1,10,5,5,6,5,0.5555555555555556,0.5555555555555556,0.5555555555555556,0.0011597983539104462,0.9154805980454443,0.8536025833376181,0.9988402016460896,0.9154805980454443,0.4444444444444444,0.4444444444444444,0 3 4 7 8 9,H00 H02 H11 H12 H21 H30,3 4 7 8 9,H02 H11 H12 H21 H30,,,,
random,1,11,5,5,6,5,0.5555555555555556,0.5555555555555556,0.5555555555555556,0.0010746577754616737,0.9127635702260467,0.8744750093036971,0.9989253422245383,0.9127635702260467,0.4444444444444444,0.4444444444444444,0 1 3 5 6 7,H00 H01 H02 H20 H03 H12,1 3 5 6 7,H01 H02 H20 H03 H12,,,,
random,1,12,5,5,6,5,0.5555555555555556,0.5555555555555556,0.5555555555555556,0.0011848423164337873,0.9050696395629935,0.863634592174527,0.9988151576835662,0.9050696395629935,0.4444444444444444,0.4444444444444444,0 2 5 7 8 9,H00 H10 H20 H12 H21 H30,2 5 7 8 9,H10 H20 H12 H21 H30,,,,
random,1,13,5,5,6,5,0.5555555555555556,0.5555555555555556,0.5555555555555556,0.0014011904131621122,0.8996836096579907,0.8228548180904631,0.9985988095868379,0.8996836096579907,0.4444444444444444,0.4444444444444444,0 1 2 7 8 9,H00 H01 H10 H12 H21 H30,1 2 7 8 9,H01 H10 H12 H21 H30,,,,
random,1,14,5,5,6,5,0.5555555555555556,0.5555555555555556,0.5555555555555556,0.0010087324772030115,0.9208844350152577,0.884848929887879,0.998991267522797,0.9208844350152577,0.4444444444444444,0.4444444444444444,0 2 4 5 6 7,H00 H10 H11 H20 H03 H12,2 4 5 6 7,H10 H11 H20 H03 H12,,,,
random,1,15,5,5,6,5,0.5555555555555556,0.5555555555555556,0.5555555555555556,0.001326800207607448,0.9018005524605831,0.82747283781096,0.9986731997923926,0.9018005524605831,0.4444444444444444,0.4444444444444444,0 2 3 4 6 9,H00 H10 H02 H11 H03 H30,2 3 4 6 9,H10 H02 H11 H03 H30,,,,
random,1,16,5,5,6,5,0.5555555555555556,0.5555555555555556,0.5555555555555556,0.00113436090759933,0.909997390315167,0.8662334465114404,0.9988656390924007,0.909997390315167,0.4444444444444444,0.4444444444444444,0 1 2 5 6 7,H00 H01 H10 H20 H03 H12,1 2 5 6 7,H01 H10 H20 H03 H12,,,,
random,1,17,5,5,6,5,0.5555555555555556,0.5555555555555556,0.5555555555555556,0.001031641149893403,0.9180401092689755,0.8784260654906092,0.9989683588501066,0.9180401092689755,0.4444444444444444,0.4444444444444444,0 4 5 7 8 9,H00 H11 H20 H12 H21 H30,4 5 7 8 9,H11 H20 H12 H21 H30,,,,
random,1,18,5,5,6,5,0.5555555555555556,0.5555555555555556,0.5555555555555556,0.00113436090759933,0.909997390315167,0.8662334465114404,0.9988656390924007,0.909997390315167,0.4444444444444444,0.4444444444444444,0 1 2 5 6 7,H00 H01 H10 H20 H03 H12,1 2 5 6 7,H01 H10 H20 H03 H12,,,,
random,1,19,5,5,6,5,0.5555555555555556,0.5555555555555556,0.5555555555555556,0.0010791607201099396,0.9123396733853253,0.8752318946496265,0.9989208392798901,0.9123396733853253,0.4444444444444444,0.4444444444444444,0 3 5 6 7 9,H00 H02 H20 H03 H12 H30,3 5 6 7 9,H02 H20 H03 H12 H30,,,,
random,2,0,1,1,2,1,0.1111111111111111,0.1111111111111111,0.1111111111111111,0.0021030737552791834,0.849391684923919,0.7759581554690484,0.9978969262447208,0.849391684923919,0.8888888888888888,0.8888888888888888,0 8,H00 H21,8,H21,,,,
random,2,1,1,1,2,1,0.1111111111111111,0.1111111111111111,0.1111111111111111,0.001865773112513125,0.8507857913733875,0.8069310005028297,0.9981342268874869,0.8507857913733875,0.8888888888888888,0.8888888888888888,0 5,H00 H20,5,H20,,,,
random,2,2,1,1,2,1,0.1111111111111111,0.1111111111111111,0.1111111111111111,0.0024325507692992687,0.8244485138792558,0.7193310097308567,0.9975674492307007,0.8244485138792558,0.8888888888888888,0.8888888888888888,0 6,H00 H03,6,H03,,,,
random,2,3,1,1,2,1,0.1111111111111111,0.1111111111111111,0.1111111111111111,0.002252782927826047,0.8202485730351081,0.7637038298093521,0.997747217072174,0.8202485730351081,0.8888888888888888,0.8888888888888888,0 9,H00 H30,9,H30,,,,
random,2,4,1,1,2,1,0.1111111111111111,0.1111111111111111,0.1111111111111111,0.0018537520663812757,0.8541401274564292,0.8153573645910718,0.9981462479336187,0.8541401274564292,0.8888888888888888,0.8888888888888888,0 7,H00 H12,7,H12,,,,
random,2,5,1,1,2,1,0.1111111111111111,0.1111111111111111,0.1111111111111111,0.001865773112513125,0.8507857913733875,0.8069310005028297,0.9981342268874869,0.8507857913733875,0.8888888888888888,0.8888888888888888,0 5,H00 H20,5,H20,,,,
random,2,6,1,1,2,1,0.1111111111111111,0.1111111111111111,0.1111111111111111,0.0022045420482754707,0.8449219923320267,0.7265600889656678,0.9977954579517245,0.8449219923320267,0.8888888888888888,0.8888888888888888,0 1,H00 H01,1,H01,,,,
random,2,7,1,1,2,1,0.1111111111111111,0.1111111111111111,0.1111111111111111,0.001955382525920868,0.8439431078909198,0.7685453811031228,0.9980446174740791,0.8439431078909198,0.8888888888888888,0.8888888888888888,0 2,H00 H10,2,H10,,,,
random,2,8,1,1,2,1,0.1111111111111111,0.1111111111111111,0.1111111111111111,0.001865773112513125,0.8507857913733875,0.8069310005028297,0.9981342268874869,0.8507857913733875,0.8888888888888888,0.8888888888888888,0 5,H00 H20,5,H20,,,,
random,2,9,1,1,2,1,0.1111111111111111,0.1111111111111111,0.1111111111111111,0.002252782927826047,0.8202485730351081,0.7637038298093521,0.997747217072174,0.8202485730351081,0.8888888888888888,0.8888888888888888,0 9,H00 H30,9,H30,,,,
random,2,10,1,1,2,1,0.1111111111111111,0.1111111111111111,0.1111111111111111,0.0018537520663812757,0.8541401274564292,0.8153573645910718,0.9981462479336187,0.8541401274564292,0.8888888888888888,0.8888888888888888,0 7,H00 H12,7,H12,,,,
random,2,11,1,1,2,1,0.1111111111111111,0.1111111111111111,0.1111111111111111,0.001865773112513125,0.8507857913733875,0.8069310005028297,0.9981342268874869,0.8507857913733875,0.8888888888888888,0.8888888888888888,0 5,H00 H20,5,H20,,,,
random,2,12,1,1,2,1,0.1111111111111111,0.1111111111111111,0.1111111111111111,0.0018536318093538284,0.8549294726265313,0.80264742591184,0.9981463681906462,0.8549294726265313,0.8888888888888888,0.8888888888888888,0 3,H00 H02,3,H02,,,,
random,2,13,1,1,2,1,0.1111111111111111,0.1111111111111111,0.1111111111111111,0.00183517683763057,0.8671002971112516,0.7968831229600557,0.9981648231623694,0.8671002971112516,0.8888888888888888,0.8888888888888888,0 4,H00 H11,4,H11,,,,
random,2,14,1,1,2,1,0.1111111111111111,0.1111111111111111,0.1111111111111111,0.0018536318093538284,0.8549294726265313,0.80264742591184,0.9981463681906462,0.8549294726265313,0.8888888888888888,0.8888888888888888,0 3,H00 H02,3,H02,,,,
random,2,15,1,1,2,1,0.1111111111111111,0.1111111111111111,0.1111111111111111,0.0022045420482754707,0.8449219923320267,0.7265600889656678,0.9977954579517245,0.8449219923320267,0.8888888888888888,0.8888888888888888,0 1,H00 H01,1,H01,,,,
random,2,16,1,1,2,1,0.1111111111111111,0.1111111111111111,0.1111111111111111,0.0022045420482754707,0.8449219923320267,0.7265600889656678,0.9977954579517245,0.8449219923320267,0.8888888888888888,0.8888888888888888,0 1,H00 H01,1,H01,,,,
random,2,17,1,1,2,1,0.1111111111111111,0.1111111111111111,0.1111111111111111,0.00183517683763057,0.8671002971112516,0.7968831229600557,0.9981648231623694,0.8671002971112516,0.8888888888888888,0.8888888888888888,0 4,H00 H11,4,H11,,,,
random,2,18,1,1,2,1,0.1111111111111111,0.1111111111111111,0.1111111111111111,0.001955382525920868,0.8439431078909198,0.7685453811031228,0.9980446174740791,0.8439431078909198,0.8888888888888888,0.8888888888888888,0 2,H00 H10,2,H10,,,,
random,2,19,1,1,2,1,0.1111111111111111,0.1111111111111111,0.1111111111111111,0.002252782927826047,0.8202485730351081,0.7637038298093521,0.997747217072174,0.8202485730351081,0.8888888888888888,0.8888888888888888,0 9,H00 H30,9,H30,,,,
random,2,0,3,3,4,3,0.3333333333333333,0.3333333333333333,0.3333333333333333,0.0012943397741764784,0.9023509543836471,0.8602582627741701,0.9987056602258235,0.9023509543836471,0.6666666666666667,0.6666666666666667,0 4 8 9,H00 H11 H21 H30,4 8 9,H11 H21 H30,,,,
random,2,1,3,3,4,3,0.3333333333333333,0.3333333333333333,0.3333333333333333,0.0010152305476367474,0.918514790897137,0.902974440438494,0.9989847694523633,0.918514790897137,0.6666666666666667,0.6666666666666667,0 1 5 7,H00 H01 H20 H12,1 5 7,H01 H20 H12,,,,
random,2,2,3,3,4,3,0.3333333333333333,0.3333333333333333,0.3333333333333333,0.0013759622815996408,0.8942127544587914,0.8398939785103764,0.9986240377184004,0.8942127544587914,0.6666666666666667,0.6666666666666667,0 2 8 9,H00 H10 H21 H30,2 8 9,H10 H21 H30,,,,
random,2,3,3,3,4,3,0.3333333333333333,0.3333333333333333,0.3333333333333333,0.001156326150521636,0.910174266823903,0.8952750110912574,0.9988436738494784,0.910174266823903,0.6666666666666667,0.6666666666666667,0 4 5 6,H00 H11 H20 H03,4 5 6,H11 H20 H03,,,,
random,2,4,3,3,4,3,0.3333333333333333,0.3333333333333333,0.3333333333333333,0.0014297052985057235,0.8892620718737845,0.8533190204439243,0.9985702947014943,0.8892620718737845,0.6666666666666667,0.6666666666666667,0 3 6 9,H00 H02 H03 H30,3 6 9,H02 H03 H30,,,,
random,2,5,3,3,4,3,0.3333333333333333,0.3333333333333333,0.3333333333333333,0.0010716432007029653,0.9146514178190589,0.8998292742510471,0.998928356799297,0.9146514178190589,0.6666666666666667,0.6666666666666667,0 5 6 7,H00 H20 H03 H12,5 6 7,H20 H03 H12,,,,
random,2,6,3,3,4,3,0.3333333333333333,0.3333333333333333,0.3333333333333333,0.0015565234934911132,0.8925365800841952,0.8252011723728288,0.9984434765065089,0.8925365800841952,0.6666666666666667,0.6666666666666667,0 4 6 8,H00 H11 H03 H21,4 6 8,H11 H03 H21,,,,
random,2,7,3,3,4,3,0.3333333333333333,0.3333333333333333,0.3333333333333333,0.0011152091901749372,0.9127616189269617,0.9084838345573076,0.9988847908098251,0.9127616189269617,0.6666666666666667,0.6666666666666667,0 3 5 8,H00 H02 H20 H21,3 5 8,H02 H20 H21,,,,
random,2,8,3,3,4,3,0.3333333333333333,0.3333333333333333,0.3333333333333333,0.0015360420802608132,0.8831939901027045,0.8095531877445805,0.9984639579197392,0.8831939901027045,0.6666666666666667,0.6666666666666667,0 1 2 9,H00 H01 H10 H30,1 2 9,H01 H10 H30,,,,
random,2,9,3,3,4,3,0.3333333333333333,0.3333333333333333,0.3333333333333333,0.0013734210515394807,0.8963466403511985,0.8437270203290291,0.9986265789484605,0.8963466403511985,0.6666666666666667,0.6666666666666667,0 1 2 7,H00 H01 H10 H12,1 2 7,H01 H10 H12,,,,
random,2,10,3,3,4,3,0.3333333333333333,0.3333333333333333,0.3333333333333333,0.0015676256734877825,0.8909037621795919,0.8219900190708769,0.9984323743265122,0.8909037621795919,0.6666666666666667,0.6666666666666667,0 1 4 8,H00 H01 H11 H21,1 4 8,H01 H11 H21,,,,
random,2,11,3,3,4,3,0.3333333333333333,0.3333333333333333,0.3333333333333333,0.0011014137417078018,0.9139894175472781,0.9011462014082795,0.9988985862582922,0.9139894175472781,0.6666666666666667,0.6666666666666667,0 1 3 5,H00 H01 H02 H20,1 3 5,H01 H02 H20,,,,
random,2,12,3,3,4,3,0.3333333333333333,0.3333333333333333,0.3333333333333333,0.0012258312199264765,0.9041027759205147,0.8854167895890369,0.9987741687800735,0.9041027759205147,0.6666666666666667,0.6666666666666667,0 4 5 8,H00 H11 H20 H21,4 5 8,H11 H20 H21,,,,
random,2,13,3,3,4,3,0.3333333333333333,0.3333333333333333,0.3333333333333333,0.001156326150521636,0.910174266823903,0.8952750110912574,0.9988436738494784,0.910174266823903,0.6666666666666667,0.6666666666666667,0 4 5 6,H00 H11 H20 H03,4 5 6,H11 H20 H03,,,,
random,2,14,3,3,4,3,0.3333333333333333,0.3333333333333333,0.3333333333333333,0.0011253680568188429,0.9125735051885655,0.8831350139767973,0.9988746319431812,0.9125735051885655,0.6666666666666667,0.6666666666666667,0 2 3 8,H00 H10 H02 H21,2 3 8,H10 H02 H21,,,,
random,2,15,3,3,4,3,0.3333333333333333,0.3333333333333333,0.3333333333333333,0.0015468657948076725,0.8817057511309665,0.8362822634803851,0.9984531342051923,0.8817057511309665,0.6666666666666667,0.6666666666666667,0 2 6 7,H00 H10 H03 H12,2 6 7,H10 H03 H12,,,,
random,2,16,3,3,4,3,0.3333333333333333,0.3333333333333333,0.3333333333333333,0.0015360420802608132,0.8831939901027045,0.8095531877445805,0.9984639579197392,0.8831939901027045,0.6666666666666667,0.6666666666666667,0 1 2 9,H00 H01 H10 H30,1 2 9,H01 H10 H30,,,,
random,2,17,3,3,4,3,0.3333333333333333,0.3333333333333333,0.3333333333333333,0.001156326150521636,0.910174266823903,0.8952750110912574,0.9988436738494784,0.910174266823903,0.6666666666666667,0.6666666666666667,0 4 5 6,H00 H11 H20 H03,4 5 6,H11 H20 H03,,,,
random,2,18,3,3,4,3,0.3333333333333333,0.3333333333333333,0.3333333333333333,0.0013625225983560085,0.8951458456116539,0.8543760031117809,0.998637477401644,0.8951458456116539,0.6666666666666667,0.6666666666666667,0 1 3 9,H00 H01 H02 H30,1 3 9,H01 H02 H30,,,,
random,2,19,3,3,4,3,0.3333333333333333,0.3333333333333333,0.3333333333333333,0.0015570928808301687,0.880832396146446,0.8370572968794091,0.9984429071191698,0.880832396146446,0.6666666666666667,0.6666666666666667,0 6 7 9,H00 H03 H12 H30,6 7 9,H03 H12 H30,,,,
random,2,0,5,5,6,5,0.5555555555555556,0.5555555555555556,0.5555555555555556,0.0010316057596355677,0.9180648433361269,0.9106478194153741,0.9989683942403644,0.9180648433361269,0.4444444444444444,0.4444444444444444,0 2 5 6 7 8,H00 H10 H20 H03 H12 H21,2 5 6 7 8,H10 H20 H03 H12 H21,,,,
random,2,1,5,5,6,5,0.5555555555555556,0.5555555555555556,0.5555555555555556,0.0013063796795904636,0.8994880688512935,0.8508926711741055,0.9986936203204095,0.8994880688512935,0.4444444444444444,0.4444444444444444,0 1 2 3 6 7,H00 H01 H10 H02 H03 H12,1 2 3 6 7,H01 H10 H02 H03 H12,,,,
random,2,2,5,5,6,5,0.5555555555555556,0.5555555555555556,0.5555555555555556,0.0010651389602571726,0.9199768328744647,0.88765139031491,0.9989348610397428,0.9199768328744647,0.4444444444444444,0.4444444444444444,0 4 6 7 8 9,H00 H11 H03 H12 H21 H30,4 6 7 8 9,H11 H03 H12 H21 H30,,,,
random,2,3,5,5,6,5,0.5555555555555556,0.5555555555555556,0.5555555555555556,0.0009754847269505262,0.9267563275487897,0.9012916990414541,0.9990245152730495,0.9267563275487897,0.4444444444444444,0.4444444444444444,0 2 3 4 8 9,H00 H10 H02 H11 H21 H30,2 3 4 8 9,H10 H02 H11 H21 H30,,,,
random,2,4,5,5,6,5,0.5555555555555556,0.5555555555555556,0.5555555555555556,0.0008955458179116249,0.9270348166172059,0.915969784082445,0.9991044541820884,0.9270348166172059,0.4444444444444444,0.4444444444444444,0 2 4 5 7 8,H00 H10 H11 H20 H12 H21,2 4 5 7 8,H10 H11 H20 H12 H21,,,,
random,2,5,5,5,6,5,0.5555555555555556,0.5555555555555556,0.5555555555555556,0.0008176765986718237,0.9352005594515205,0.9298278131959192,0.9991823234013282,0.9352005594515205,0.4444444444444444,0.4444444444444444,0 3 4 5 8 9,H00 H02 H11 H20 H21 H30,3 4 5 8 9,H02 H11 H20 H21 H30,,,,
random,2,6,5,5,6,5,0.5555555555555556,0.5555555555555556,0.5555555555555556,0.0012918669963255525,0.9019307817258251,0.8600816624045083,0.9987081330036744,0.9019307817258251,0.4444444444444444,0.4444444444444444,0 1 4 6 8 9,H00 H01 H11 H03 H21 H30,1 4 6 8 9,H01 H11 H03 H21 H30,,,,
random,2,7,5,5,6,5,0.5555555555555556,0.5555555555555556,0.5555555555555556,0.0010043508373200893,0.9196193784422171,0.9078560646240647,0.9989956491626799,0.9196193784422171,0.4444444444444444,0.4444444444444444,0 1 5 7 8 9,H00 H01 H20 H12 H21 H30,1 5 7 8 9,H01 H20 H12 H21 H30,,,,
random,2,8,5,5,6,5,0.5555555555555556,0.5555555555555556,0.5555555555555556,0.0009578671888448298,0.9238670272630829,0.9166950354643332,0.9990421328111552,0.9238670272630829,0.4444444444444444,0.4444444444444444,0 1 3 5 7 8,H00 H01 H02 H20 H12 H21,1 3 5 7 8,H01 H02 H20 H12 H21,,,,
random,2,9,5,5,6,5,0.5555555555555556,0.5555555555555556,0.5555555555555556,0.0009801952401176095,0.922412087310296,0.9096706904587208,0.9990198047598824,0.922412087310296,0.4444444444444444,0.4444444444444444,0 2 3 5 6 8,H00 H10 H02 H20 H03 H21,2 3 5 6 8,H10 H02 H20 H03 H21,,,,
random,2,10,5,5,6,5,0.5555555555555556,0.5555555555555556,0.5555555555555556,0.0012046542251482606,0.9089018438946053,0.8624623047885863,0.9987953457748517,0.9089018438946053,0.4444444444444444,0.4444444444444444,0 1 4 6 7 9,H00 H01 H11 H03 H12 H30,1 4 6 7 9,H01 H11 H03 H12 H30,,,,
random,2,11,5,5,6,5,0.5555555555555556,0.5555555555555556,0.5555555555555556,0.0010014181025326252,0.9204290948639868,0.9091535441115006,0.9989985818974674,0.9204290948639868,0.4444444444444444,0.4444444444444444,0 1 5 6 7 8,H00 H01 H20 H03 H12 H21,1 5 6 7 8,H01 H20 H03 H12 H21,,,,
random,2,12,5,5,6,5,0.5555555555555556,0.5555555555555556,0.5555555555555556,0.0010654113721102476,0.9196602289656821,0.8869343132594488,0.9989345886278898,0.9196602289656821,0.4444444444444444,0.4444444444444444,0 2 4 7 8 9,H00 H10 H11 H12 H21 H30,2 4 7 8 9,H10 H11 H12 H21 H30,,,,
random,2,13,5,5,6,5,0.5555555555555556,0.5555555555555556,0.5555555555555556,0.0008955458179116249,0.9270348166172059,0.915969784082445,0.9991044541820884,0.9270348166172059,0.4444444444444444,0.4444444444444444,0 2 4 5 7 8,H00 H10 H11 H20 H12 H21,2 4 5 7 8,H10 H11 H20 H12 H21,,,,
random,2,14,5,5,6,5,0.5555555555555556,0.5555555555555556,0.5555555555555556,0.0011150508653372526,0.9144348221234135,0.8879172428509088,0.9988849491346627,0.9144348221234135,0.4444444444444444,0.4444444444444444,0 1 2 3 7 8,H00 H01 H10 H02 H12 H21,1 2 3 7 8,H01 H10 H02 H12 H21,,,,
random,2,15,5,5,6,5,0.5555555555555556,0.5555555555555556,0.5555555555555556,0.0009628692059777677,0.9240905848928638,0.9174126890940668,0.9990371307940222,0.9240905848928638,0.4444444444444444,0.4444444444444444,0 3 5 6 8 9,H00 H02 H20 H03 H21 H30,3 5 6 8 9,H02 H20 H03 H21 H30,,,,
random,2,16,5,5,6,5,0.5555555555555556,0.5555555555555556,0.5555555555555556,0.000877529033459723,0.9292297657052062,0.9176728446062152,0.9991224709665403,0.9292297657052062,0.4444444444444444,0.4444444444444444,0 4 5 6 7 9,H00 H11 H20 H03 H12 H30,4 5 6 7 9,H11 H20 H03 H12 H30,,,,
random,2,17,5,5,6,5,0.5555555555555556,0.5555555555555556,0.5555555555555556,0.0010316057596355677,0.9180648433361269,0.9106478194153741,0.9989683942403644,0.9180648433361269,0.4444444444444444,0.4444444444444444,0 2 5 6 7 8,H00 H10 H20 H03 H12 H21,2 5 6 7 8,H10 H20 H03 H12 H21,,,,
random,2,18,5,5,6,5,0.5555555555555556,0.5555555555555556,0.5555555555555556,0.0008693786803632975,0.9303301555790033,0.919316523509124,0.9991306213196367,0.9303301555790033,0.4444444444444444,0.4444444444444444,0 4 5 6 7 8,H00 H11 H20 H03 H12 H21,4 5 6 7 8,H11 H20 H03 H12 H21,,,,
random,2,19,5,5,6,5,0.5555555555555556,0.5555555555555556,0.5555555555555556,0.0009754847269505262,0.9267563275487897,0.9012916990414541,0.9990245152730495,0.9267563275487897,0.4444444444444444,0.4444444444444444,0 2 3 4 8 9,H00 H10 H02 H11 H21 H30,2 3 4 8 9,H10 H02 H11 H21 H30,,,,
random,3,0,1,1,2,1,0.1111111111111111,0.1111111111111111,0.1111111111111111,0.0018962840549647808,0.7979334520528206,0.8128442239440916,0.9981037159450352,0.7979334520528206,0.8888888888888888,0.8888888888888888,0 4,H00 H11,4,H11,,,,
random,3,1,1,1,2,1,0.1111111111111111,0.1111111111111111,0.1111111111111111,0.0020528228487819433,0.7880498554101314,0.8229090719867671,0.9979471771512181,0.7880498554101314,0.8888888888888888,0.8888888888888888,0 8,H00 H21,8,H21,,,,
random,3,2,1,1,2,1,0.1111111111111111,0.1111111111111111,0.1111111111111111,0.0020528228487819433,0.7880498554101314,0.8229090719867671,0.9979471771512181,0.7880498554101314,0.8888888888888888,0.8888888888888888,0 8,H00 H21,8,H21,,,,
random,3,3,1,1,2,1,0.1111111111111111,0.1111111111111111,0.1111111111111111,0.0018812224734574556,0.7948704991184007,0.8143953236282162,0.9981187775265425,0.7948704991184007,0.8888888888888888,0.8888888888888888,0 5,H00 H20,5,H20,,,,
random,3,4,1,1,2,1,0.1111111111111111,0.1111111111111111,0.1111111111111111,0.0022486436646431684,0.7575165295550393,0.7696708828954569,0.9977513563353568,0.7575165295550393,0.8888888888888888,0.8888888888888888,0 9,H00 H30,9,H30,,,,
random,3,5,1,1,2,1,0.1111111111111111,0.1111111111111111,0.1111111111111111,0.002338443649932742,0.7484240085905358,0.7727624173533375,0.9976615563500673,0.7484240085905358,0.8888888888888888,0.8888888888888888,0 6,H00 H03,6,H03,,,,
random,3,6,1,1,2,1,0.1111111111111111,0.1111111111111111,0.1111111111111111,0.0022486436646431684,0.7575165295550393,0.7696708828954569,0.9977513563353568,0.7575165295550393,0.8888888888888888,0.8888888888888888,0 9,H00 H30,9,H30,,,,
random,3,7,1,1,2,1,0.1111111111111111,0.1111111111111111,0.1111111111111111,0.0018812224734574556,0.7948704991184007,0.8143953236282162,0.9981187775265425,0.7948704991184007,0.8888888888888888,0.8888888888888888,0 5,H00 H20,5,H20,,,,
random,3,8,1,1,2,1,0.1111111111111111,0.1111111111111111,0.1111111111111111,0.002338443649932742,0.7484240085905358,0.7727624173533375,0.9976615563500673,0.7484240085905358,0.8888888888888888,0.8888888888888888,0 6,H00 H03,6,H03,,,,
random,3,9,1,1,2,1,0.1111111111111111,0.1111111111111111,0.1111111111111111,0.0018200192134827375,0.8062764683939897,0.8268150894594188,0.9981799807865173,0.8062764683939897,0.8888888888888888,0.8888888888888888,0 7,H00 H12,7,H12,,,,
random,3,10,1,1,2,1,0.1111111111111111,0.1111111111111111,0.1111111111111111,0.0018812224734574556,0.7948704991184007,0.8143953236282162,0.9981187775265425,0.7948704991184007,0.8888888888888888,0.8888888888888888,0 5,H00 H20,5,H20,,,,
random,3,11,1,1,2,1,0.1111111111111111,0.1111111111111111,0.1111111111111111,0.0022486436646431684,0.7575165295550393,0.7696708828954569,0.9977513563353568,0.7575165295550393,0.8888888888888888,0.8888888888888888,0 9,H00 H30,9,H30,,,,
random,3,12,1,1,2,1,0.1111111111111111,0.1111111111111111,0.1111111111111111,0.002338443649932742,0.7484240085905358,0.7727624173533375,0.9976615563500673,0.7484240085905358,0.8888888888888888,0.8888888888888888,0 6,H00 H03,6,H03,,,,
random,3,13,1,1,2,1,0.1111111111111111,0.1111111111111111,0.1111111111111111,0.002181531395763159,0.7643318123601633,0.7714080109770447,0.9978184686042368,0.7643318123601633,0.8888888888888888,0.8888888888888888,0 1,H00 H01,1,H01,,,,
random,3,14,1,1,2,1,0.1111111111111111,0.1111111111111111,0.1111111111111111,0.002181531395763159,0.7643318123601633,0.7714080109770447,0.9978184686042368,0.7643318123601633,0.8888888888888888,0.8888888888888888,0 1,H00 H01,1,H01,,,,
random,3,15,1,1,2,1,0.1111111111111111,0.1111111111111111,0.1111111111111111,0.0022486436646431684,0.7575165295550393,0.7696708828954569,0.9977513563353568,0.7575165295550393,0.8888888888888888,0.8888888888888888,0 9,H00 H30,9,H30,,,,
random,3,16,1,1,2,1,0.1111111111111111,0.1111111111111111,0.1111111111111111,0.0018069288926199079,0.798900714633581,0.8241144725859205,0.9981930711073801,0.798900714633581,0.8888888888888888,0.8888888888888888,0 3,H00 H02,3,H02,,,,
random,3,17,1,1,2,1,0.1111111111111111,0.1111111111111111,0.1111111111111111,0.0022486436646431684,0.7575165295550393,0.7696708828954569,0.9977513563353568,0.7575165295550393,0.8888888888888888,0.8888888888888888,0 9,H00 H30,9,H30,,,,
random,3,18,1,1,2,1,0.1111111111111111,0.1111111111111111,0.1111111111111111,0.002338443649932742,0.7484240085905358,0.7727624173533375,0.9976615563500673,0.7484240085905358,0.8888888888888888,0.8888888888888888,0 6,H00 H03,6,H03,,,,
random,3,19,1,1,2,1,0.1111111111111111,0.1111111111111111,0.1111111111111111,0.0018962840549647808,0.7979334520528206,0.8128442239440916,0.9981037159450352,0.7979334520528206,0.8888888888888888,0.8888888888888888,0 4,H00 H11,4,H11,,,,
random,3,0,3,3,4,3,0.3333333333333333,0.3333333333333333,0.3333333333333333,0.0014277934096753597,0.8405630049804019,0.8590633377711746,0.9985722065903246,0.8405630049804019,0.6666666666666667,0.6666666666666667,0 1 6 7,H00 H01 H03 H12,1 6 7,H01 H03 H12,,,,
random,3,1,3,3,4,3,0.3333333333333333,0.3333333333333333,0.3333333333333333,0.0013511356664821506,0.8475714315716775,0.8730689281942728,0.9986488643335178,0.8475714315716775,0.6666666666666667,0.6666666666666667,0 2 5 8,H00 H10 H20 H21,2 5 8,H10 H20 H21,,,,
random,3,2,3,3,4,3,0.3333333333333333,0.3333333333333333,0.3333333333333333,0.0012804637663066387,0.8554108728179608,0.8797165150775677,0.9987195362336934,0.8554108728179608,0.6666666666666667,0.6666666666666667,0 1 3 5,H00 H01 H02 H20,1 3 5,H01 H02 H20,,,,
random,3,3,3,3,4,3,0.3333333333333333,0.3333333333333333,0.3333333333333333,0.0012334019411355257,0.8629461011265744,0.8908353147294639,0.9987665980588645,0.8629461011265744,0.6666666666666667,0.6666666666666667,0 5 6 7,H00 H20 H03 H12,5 6 7,H20 H03 H12,,,,
random,3,4,3,3,4,3,0.3333333333333333,0.3333333333333333,0.3333333333333333,0.0015778722008690238,0.8181705777306335,0.8277612098051782,0.998422127799131,0.8181705777306335,0.6666666666666667,0.6666666666666667,0 1 2 6,H00 H01 H10 H03,1 2 6,H01 H10 H03,,,,
random,3,5,3,3,4,3,0.3333333333333333,0.3333333333333333,0.3333333333333333,0.0012872569495812058,0.8537794710995185,0.8678623453213214,0.9987127430504188,0.8537794710995185,0.6666666666666667,0.6666666666666667,0 1 4 7,H00 H01 H11 H12,1 4 7,H01 H11 H12,,,,
random,3,6,3,3,4,3,0.3333333333333333,0.3333333333333333,0.3333333333333333,0.0014236406423151493,0.8408682681398642,0.8594507989123019,0.9985763593576849,0.8408682681398642,0.6666666666666667,0.6666666666666667,0 1 2 7,H00 H01 H10 H12,1 2 7,H01 H10 H12,,,,
random,3,7,3,3,4,3,0.3333333333333333,0.3333333333333333,0.3333333333333333,0.0012852742802351713,0.8579707827760121,0.8812553442823654,0.9987147257197648,0.8579707827760121,0.6666666666666667,0.6666666666666667,0 3 5 7,H00 H02 H20 H12,3 5 7,H02 H20 H12,,,,
random,3,8,3,3,4,3,0.3333333333333333,0.3333333333333333,0.3333333333333333,0.001262853154912591,0.8566442804320247,0.8845490686613655,0.9987371468450874,0.8566442804320247,0.6666666666666667,0.6666666666666667,0 3 5 6,H00 H02 H20 H03,3 5 6,H02 H20 H03,,,,
random,3,9,3,3,4,3,0.3333333333333333,0.3333333333333333,0.3333333333333333,0.0014277934096753597,0.8405630049804019,0.8590633377711746,0.9985722065903246,0.8405630049804019,0.6666666666666667,0.6666666666666667,0 1 6 7,H00 H01 H03 H12,1 6 7,H01 H03 H12,,,,
random,3,10,3,3,4,3,0.3333333333333333,0.3333333333333333,0.3333333333333333,0.0013213546480983496,0.8487238288811639,0.8739919725417833,0.9986786453519017,0.8487238288811639,0.6666666666666667,0.6666666666666667,0 2 3 4,H00 H10 H02 H11,2 3 4,H10 H02 H11,,,,
random,3,11,3,3,4,3,0.3333333333333333,0.3333333333333333,0.3333333333333333,0.001143688103184104,0.8710899705357416,0.8916213822148106,0.9988563118968159,0.8710899705357416,0.6666666666666667,0.6666666666666667,0 4 7 8,H00 H11 H12 H21,4 7 8,H11 H12 H21,,,,
random,3,12,3,3,4,3,0.3333333333333333,0.3333333333333333,0.3333333333333333,0.0017972125206142664,0.8086482626823409,0.8290000717670898,0.9982027874793857,0.8086482626823409,0.6666666666666667,0.6666666666666667,0 2 7 9,H00 H10 H12 H30,2 7 9,H10 H12 H30,,,,
random,3,13,3,3,4,3,0.3333333333333333,0.3333333333333333,0.3333333333333333,0.0013213546480983496,0.8487238288811639,0.8739919725417833,0.9986786453519017,0.8487238288811639,0.6666666666666667,0.6666666666666667,0 2 3 4,H00 H10 H02 H11,2 3 4,H10 H02 H11,,,,
random,3,14,3,3,4,3,0.3333333333333333,0.3333333333333333,0.3333333333333333,0.0013712991494685411,0.8489021878428181,0.8694153631106344,0.9986287008505315,0.8489021878428181,0.6666666666666667,0.6666666666666667,0 2 5 7,H00 H10 H20 H12,2 5 7,H10 H20 H12,,,,
random,3,15,3,3,4,3,0.3333333333333333,0.3333333333333333,0.3333333333333333,0.001408519921824336,0.8373803813076898,0.851703283781314,0.9985914800781757,0.8373803813076898,0.6666666666666667,0.6666666666666667,0 1 2 4,H00 H01 H10 H11,1 2 4,H01 H10 H11,,,,
random,3,16,3,3,4,3,0.3333333333333333,0.3333333333333333,0.3333333333333333,0.0013516166945919394,0.8497083839316998,0.8781868474177221,0.9986483833054081,0.8497083839316998,0.6666666666666667,0.6666666666666667,0 1 4 5,H00 H01 H11 H20,1 4 5,H01 H11 H20,,,,
random,3,17,3,3,4,3,0.3333333333333333,0.3333333333333333,0.3333333333333333,0.00159604218788445,0.8232512824662588,0.8520599752377889,0.9984039578121156,0.8232512824662588,0.6666666666666667,0.6666666666666667,0 2 3 9,H00 H10 H02 H30,2 3 9,H10 H02 H30,,,,
random,3,18,3,3,4,3,0.3333333333333333,0.3333333333333333,0.3333333333333333,0.0015778722008690238,0.8181705777306335,0.8277612098051782,0.998422127799131,0.8181705777306335,0.6666666666666667,0.6666666666666667,0 1 2 6,H00 H01 H10 H03,1 2 6,H01 H10 H03,,,,
random,3,19,3,3,4,3,0.3333333333333333,0.3333333333333333,0.3333333333333333,0.0013729368802160025,0.8467683889653963,0.8769252381068976,0.998627063119784,0.8467683889653963,0.6666666666666667,0.6666666666666667,0 1 3 8,H00 H01 H02 H21,1 3 8,H01 H02 H21,,,,
random,3,0,5,5,6,5,0.5555555555555556,0.5555555555555556,0.5555555555555556,0.0010647017043083906,0.876627786530184,0.9020505339035247,0.9989352982956916,0.876627786530184,0.4444444444444444,0.4444444444444444,0 1 2 3 4 5,H00 H01 H10 H02 H11 H20,1 2 3 4 5,H01 H10 H02 H11 H20,,,,
random,3,1,5,5,6,5,0.5555555555555556,0.5555555555555556,0.5555555555555556,0.0012008297489956021,0.8667544829664701,0.9016301874805515,0.9987991702510044,0.8667544829664701,0.4444444444444444,0.4444444444444444,0 1 3 7 8 9,H00 H01 H02 H12 H21 H30,1 3 7 8 9,H01 H02 H12 H21 H30,,,,
random,3,2,5,5,6,5,0.5555555555555556,0.5555555555555556,0.5555555555555556,0.0011992084328085184,0.8647864688183408,0.8918785551384326,0.9988007915671915,0.8647864688183408,0.4444444444444444,0.4444444444444444,0 1 2 5 7 9,H00 H01 H10 H20 H12 H30,1 2 5 7 9,H01 H10 H20 H12 H30,,,,
random,3,3,5,5,6,5,0.5555555555555556,0.5555555555555556,0.5555555555555556,0.0010595701169222593,0.8796561017331271,0.9042367238862886,0.9989404298830777,0.8796561017331271,0.4444444444444444,0.4444444444444444,0 3 4 7 8 9,H00 H02 H11 H12 H21 H30,3 4 7 8 9,H02 H11 H12 H21 H30,,,,
random,3,4,5,5,6,5,0.5555555555555556,0.5555555555555556,0.5555555555555556,0.0010529551655054092,0.8798106596334511,0.904196312339804,0.9989470448344946,0.8798106596334511,0.4444444444444444,0.4444444444444444,0 2 4 5 7 8,H00 H10 H11 H20 H12 H21,2 4 5 7 8,H10 H11 H20 H12 H21,,,,
random,3,5,5,5,6,5,0.5555555555555556,0.5555555555555556,0.5555555555555556,0.0014200597070157528,0.8399024483494186,0.8571044631434356,0.9985799402929842,0.8399024483494186,0.4444444444444444,0.4444444444444444,0 1 2 6 7 9,H00 H01 H10 H03 H12 H30,1 2 6 7 9,H01 H10 H03 H12 H30,,,,
random,3,6,5,5,6,5,0.5555555555555556,0.5555555555555556,0.5555555555555556,0.0012080322485417128,0.8597678562513288,0.8820512871731445,0.9987919677514583,0.8597678562513288,0.4444444444444444,0.4444444444444444,0 2 3 4 6 7,H00 H10 H02 H11 H03 H12,2 3 4 6 7,H10 H02 H11 H03 H12,,,,
random,3,7,5,5,6,5,0.5555555555555556,0.5555555555555556,0.5555555555555556,0.0013710286002606153,0.8522645516783955,0.8680476410678195,0.9986289713997394,0.8522645516783955,0.4444444444444444,0.4444444444444444,0 1 4 6 8 9,H00 H01 H11 H03 H21 H30,1 4 6 8 9,H01 H11 H03 H21 H30,,,,
random,3,8,5,5,6,5,0.5555555555555556,0.5555555555555556,0.5555555555555556,0.0011789512354880571,0.8686123646875482,0.8997194523364672,0.9988210487645119,0.8686123646875482,0.4444444444444444,0.4444444444444444,0 1 2 5 7 8,H00 H01 H10 H20 H12 H21,1 2 5 7 8,H01 H10 H20 H12 H21,,,,
random,3,9,5,5,6,5,0.5555555555555556,0.5555555555555556,0.5555555555555556,0.0012238428462296724,0.8580589935307554,0.8768361209547616,0.9987761571537703,0.8580589935307554,0.4444444444444444,0.4444444444444444,0 1 2 3 4 7,H00 H01 H10 H02 H11 H12,1 2 3 4 7,H01 H10 H02 H11 H12,,,,
random,3,10,5,5,6,5,0.5555555555555556,0.5555555555555556,0.5555555555555556,0.0010706359753385186,0.8768485618420787,0.8994419858097773,0.9989293640246615,0.8768485618420787,0.4444444444444444,0.4444444444444444,0 1 2 4 5 7,H00 H01 H10 H11 H20 H12,1 2 4 5 7,H01 H10 H11 H20 H12,,,,
random,3,11,5,5,6,5,0.5555555555555556,0.5555555555555556,0.5555555555555556,0.0012098948936909437,0.8637119766134286,0.8944411814791268,0.9987901051063091,0.8637119766134286,0.4444444444444444,0.4444444444444444,0 2 3 6 8 9,H00 H10 H02 H03 H21 H30,2 3 6 8 9,H10 H02 H03 H21 H30,,,,
random,3,12,5,5,6,5,0.5555555555555556,0.5555555555555556,0.5555555555555556,0.0010374707635492086,0.881294280538661,0.9099660112889937,0.9989625292364508,0.881294280538661,0.4444444444444444,0.4444444444444444,0 3 4 5 6 8,H00 H02 H11 H20 H03 H21,3 4 5 6 8,H02 H11 H20 H03 H21,,,,
random,3,13,5,5,6,5,0.5555555555555556,0.5555555555555556,0.5555555555555556,0.00113786687143147,0.8721402387414903,0.9055310265288755,0.9988621331285685,0.8721402387414903,0.4444444444444444,0.4444444444444444,0 2 3 5 7 8,H00 H10 H02 H20 H12 H21,2 3 5 7 8,H10 H02 H20 H12 H21,,,,
random,3,14,5,5,6,5,0.5555555555555556,0.5555555555555556,0.5555555555555556,0.0011864760890603065,0.8635893349361902,0.8896450941152197,0.9988135239109397,0.8635893349361902,0.4444444444444444,0.4444444444444444,0 1 2 4 5 6,H00 H01 H10 H11 H20 H03,1 2 4 5 6,H01 H10 H11 H20 H03,,,,
random,3,15,5,5,6,5,0.5555555555555556,0.5555555555555556,0.5555555555555556,0.0010495156748220325,0.8798533300830408,0.906858531551478,0.998950484325178,0.8798533300830408,0.4444444444444444,0.4444444444444444,0 1 3 4 8 9,H00 H01 H02 H11 H21 H30,1 3 4 8 9,H01 H02 H11 H21 H30,,,,
random,3,16,5,5,6,5,0.5555555555555556,0.5555555555555556,0.5555555555555556,0.0013347623171284795,0.8495194673378742,0.873873088454334,0.9986652376828715,0.8495194673378742,0.4444444444444444,0.4444444444444444,0 1 2 5 8 9,H00 H01 H10 H20 H21 H30,1 2 5 8 9,H01 H10 H20 H21 H30,,,,
random,3,17,5,5,6,5,0.5555555555555556,0.5555555555555556,0.5555555555555556,0.0012790174223482609,0.8588476587932968,0.8914332300190604,0.9987209825776517,0.8588476587932968,0.4444444444444444,0.4444444444444444,0 2 6 7 8 9,H00 H10 H03 H12 H21 H30,2 6 7 8 9,H10 H03 H12 H21 H30,,,,
random,3,18,5,5,6,5,0.5555555555555556,0.5555555555555556,0.5555555555555556,0.0011864760890603065,0.8635893349361902,0.8896450941152197,0.9988135239109397,0.8635893349361902,0.4444444444444444,0.4444444444444444,0 1 2 4 5 6,H00 H01 H10 H11 H20 H03,1 2 4 5 6,H01 H10 H11 H20 H03,,,,
random,3,19,5,5,6,5,0.5555555555555556,0.5555555555555556,0.5555555555555556,0.001164712361060083,0.868460416598921,0.8962680615726041,0.9988352876389399,0.868460416598921,0.4444444444444444,0.4444444444444444,0 3 5 6 7 9,H00 H02 H20 H03 H12 H30,3 5 6 7 9,H02 H20 H03 H12 H30,,,,
random,4,0,1,1,2,1,0.1111111111111111,0.1111111111111111,0.1111111111111111,0.0018011964857578278,0.8735911176671738,0.857622743751761,0.9981988035142422,0.8735911176671738,0.8888888888888888,0.8888888888888888,0 5,H00 H20,5,H20,,,,
random,4,1,1,1,2,1,0.1111111111111111,0.1111111111111111,0.1111111111111111,0.0019519119523465633,0.8756509660881602,0.8119981859102858,0.9980480880476534,0.8756509660881602,0.8888888888888888,0.8888888888888888,0 1,H00 H01,1,H01,,,,
random,4,2,1,1,2,1,0.1111111111111111,0.1111111111111111,0.1111111111111111,0.0019725807942450047,0.86717472835383,0.8506240965737433,0.998027419205755,0.86717472835383,0.8888888888888888,0.8888888888888888,0 8,H00 H21,8,H21,,,,
random,4,3,1,1,2,1,0.1111111111111111,0.1111111111111111,0.1111111111111111,0.0017359612975269556,0.8911569506709556,0.860520270310034,0.998264038702473,0.8911569506709556,0.8888888888888888,0.8888888888888888,0 4,H00 H11,4,H11,,,,
random,4,4,1,1,2,1,0.1111111111111111,0.1111111111111111,0.1111111111111111,0.0019725807942450047,0.86717472835383,0.8506240965737433,0.998027419205755,0.86717472835383,0.8888888888888888,0.8888888888888888,0 8,H00 H21,8,H21,,,,
random,4,5,1,1,2,1,0.1111111111111111,0.1111111111111111,0.1111111111111111,0.0019536111503839493,0.8687228380617166,0.8002531359385622,0.998046388849616,0.8687228380617166,0.8888888888888888,0.8888888888888888,0 2,H00 H10,2,H10,,,,
random,4,6,1,1,2,1,0.1111111111111111,0.1111111111111111,0.1111111111111111,0.0019519119523465633,0.8756509660881602,0.8119981859102858,0.9980480880476534,0.8756509660881602,0.8888888888888888,0.8888888888888888,0 1,H00 H01,1,H01,,,,
random,4,7,1,1,2,1,0.1111111111111111,0.1111111111111111,0.1111111111111111,0.0018011964857578278,0.8735911176671738,0.857622743751761,0.9981988035142422,0.8735911176671738,0.8888888888888888,0.8888888888888888,0 5,H00 H20,5,H20,,,,
random,4,8,1,1,2,1,0.1111111111111111,0.1111111111111111,0.1111111111111111,0.0019536111503839493,0.8687228380617166,0.8002531359385622,0.998046388849616,0.8687228380617166,0.8888888888888888,0.8888888888888888,0 2,H00 H10,2,H10,,,,
random,4,9,1,1,2,1,0.1111111111111111,0.1111111111111111,0.1111111111111111,0.0023183049634099007,0.8452398459738237,0.7867771887949354,0.9976816950365901,0.8452398459738237,0.8888888888888888,0.8888888888888888,0 6,H00 H03,6,H03,,,,
random,4,10,1,1,2,1,0.1111111111111111,0.1111111111111111,0.1111111111111111,0.0019519119523465633,0.8756509660881602,0.8119981859102858,0.9980480880476534,0.8756509660881602,0.8888888888888888,0.8888888888888888,0 1,H00 H01,1,H01,,,,
random,4,11,1,1,2,1,0.1111111111111111,0.1111111111111111,0.1111111111111111,0.0017359612975269556,0.8911569506709556,0.860520270310034,0.998264038702473,0.8911569506709556,0.8888888888888888,0.8888888888888888,0 4,H00 H11,4,H11,,,,
random,4,12,1,1,2,1,0.1111111111111111,0.1111111111111111,0.1111111111111111,0.0019519119523465633,0.8756509660881602,0.8119981859102858,0.9980480880476534,0.8756509660881602,0.8888888888888888,0.8888888888888888,0 1,H00 H01,1,H01,,,,
random,4,13,1,1,2,1,0.1111111111111111,0.1111111111111111,0.1111111111111111,0.0019725807942450047,0.86717472835383,0.8506240965737433,0.998027419205755,0.86717472835383,0.8888888888888888,0.8888888888888888,0 8,H00 H21,8,H21,,,,
random,4,14,1,1,2,1,0.1111111111111111,0.1111111111111111,0.1111111111111111,0.0017359612975269556,0.8911569506709556,0.860520270310034,0.998264038702473,0.8911569506709556,0.8888888888888888,0.8888888888888888,0 4,H00 H11,4,H11,,,,
random,4,15,1,1,2,1,0.1111111111111111,0.1111111111111111,0.1111111111111111,0.0019519119523465633,0.8756509660881602,0.8119981859102858,0.9980480880476534,0.8756509660881602,0.8888888888888888,0.8888888888888888,0 1,H00 H01,1,H01,,,,
random,4,16,1,1,2,1,0.1111111111111111,0.1111111111111111,0.1111111111111111,0.0019519119523465633,0.8756509660881602,0.8119981859102858,0.9980480880476534,0.8756509660881602,0.8888888888888888,0.8888888888888888,0 1,H00 H01,1,H01,,,,
random,4,17,1,1,2,1,0.1111111111111111,0.1111111111111111,0.1111111111111111,0.0019536111503839493,0.8687228380617166,0.8002531359385622,0.998046388849616,0.8687228380617166,0.8888888888888888,0.8888888888888888,0 2,H00 H10,2,H10,,,,
random,4,18,1,1,2,1,0.1111111111111111,0.1111111111111111,0.1111111111111111,0.0017359612975269556,0.8911569506709556,0.860520270310034,0.998264038702473,0.8911569506709556,0.8888888888888888,0.8888888888888888,0 4,H00 H11,4,H11,,,,
random,4,19,1,1,2,1,0.1111111111111111,0.1111111111111111,0.1111111111111111,0.0019536111503839493,0.8687228380617166,0.8002531359385622,0.998046388849616,0.8687228380617166,0.8888888888888888,0.8888888888888888,0 2,H00 H10,2,H10,,,,
random,4,0,3,3,4,3,0.3333333333333333,0.3333333333333333,0.3333333333333333,0.0011806194670498371,0.9165561559757353,0.8565832036075139,0.9988193805329502,0.9165561559757353,0.6666666666666667,0.6666666666666667,0 1 2 6,H00 H01 H10 H03,1 2 6,H01 H10 H03,,,,
random,4,1,3,3,4,3,0.3333333333333333,0.3333333333333333,0.3333333333333333,0.0010139916557818651,0.9285826355874468,0.9158284130822125,0.9989860083442181,0.9285826355874468,0.6666666666666667,0.6666666666666667,0 4 5 8,H00 H11 H20 H21,4 5 8,H11 H20 H21,,,,
random,4,2,3,3,4,3,0.3333333333333333,0.3333333333333333,0.3333333333333333,0.0008852664614096284,0.939183765754334,0.907555219863479,0.9991147335385904,0.939183765754334,0.6666666666666667,0.6666666666666667,0 1 3 4,H00 H01 H02 H11,1 3 4,H01 H02 H11,,,,
random,4,3,3,3,4,3,0.3333333333333333,0.3333333333333333,0.3333333333333333,0.0011006140848621726,0.9228726466774374,0.8847772488845574,0.9988993859151378,0.9228726466774374,0.6666666666666667,0.6666666666666667,0 1 4 9,H00 H01 H11 H30,1 4 9,H01 H11 H30,,,,
random,4,4,3,3,4,3,0.3333333333333333,0.3333333333333333,0.3333333333333333,0.0014422893291339278,0.8953661632842598,0.8730147457787931,0.9985577106708661,0.8953661632842598,0.6666666666666667,0.6666666666666667,0 2 3 7,H00 H10 H02 H12,2 3 7,H10 H02 H12,,,,
random,4,5,3,3,4,3,0.3333333333333333,0.3333333333333333,0.3333333333333333,0.0010523386299610138,0.9234958795496173,0.91209070468042,0.998947661370039,0.9234958795496173,0.6666666666666667,0.6666666666666667,0 6 7 8,H00 H03 H12 H21,6 7 8,H03 H12 H21,,,,
random,4,6,3,3,4,3,0.3333333333333333,0.3333333333333333,0.3333333333333333,0.0008191795786842704,0.938321114330598,0.9232339679048358,0.9991808204213157,0.938321114330598,0.6666666666666667,0.6666666666666667,0 2 3 8,H00 H10 H02 H21,2 3 8,H10 H02 H21,,,,
random,4,7,3,3,4,3,0.3333333333333333,0.3333333333333333,0.3333333333333333,0.0008042525150813162,0.9387647835593161,0.9249651014552427,0.9991957474849187,0.9387647835593161,0.6666666666666667,0.6666666666666667,0 1 5 7,H00 H01 H20 H12,1 5 7,H01 H20 H12,,,,
random,4,8,3,3,4,3,0.3333333333333333,0.3333333333333333,0.3333333333333333,0.0010511892614886165,0.9234035594674551,0.887584759020245,0.9989488107385114,0.9234035594674551,0.6666666666666667,0.6666666666666667,0 1 3 9,H00 H01 H02 H30,1 3 9,H01 H02 H30,,,,
random,4,9,3,3,4,3,0.3333333333333333,0.3333333333333333,0.3333333333333333,0.001870983513072133,0.8792553139268006,0.84257999851655,0.9981290164869279,0.8792553139268006,0.6666666666666667,0.6666666666666667,0 1 6 8,H00 H01 H03 H21,1 6 8,H01 H03 H21,,,,
random,4,10,3,3,4,3,0.3333333333333333,0.3333333333333333,0.3333333333333333,0.0009835944510996342,0.9311538528779457,0.9171036365950751,0.9990164055489004,0.9311538528779457,0.6666666666666667,0.6666666666666667,0 1 4 5,H00 H01 H11 H20,1 4 5,H01 H11 H20,,,,
random,4,11,3,3,4,3,0.3333333333333333,0.3333333333333333,0.3333333333333333,0.0010105445981025696,0.9294466211523652,0.9087386133643638,0.9989894554018974,0.9294466211523652,0.6666666666666667,0.6666666666666667,0 1 7 8,H00 H01 H12 H21,1 7 8,H01 H12 H21,,,,
random,4,12,3,3,4,3,0.3333333333333333,0.3333333333333333,0.3333333333333333,0.0010852499399334192,0.9204462498125224,0.8847908411605049,0.9989147500600666,0.9204462498125224,0.6666666666666667,0.6666666666666667,0 2 6 8,H00 H10 H03 H21,2 6 8,H10 H03 H21,,,,
random,4,13,3,3,4,3,0.3333333333333333,0.3333333333333333,0.3333333333333333,0.0010733057279139757,0.9205079795028593,0.9011018030610143,0.998926694272086,0.9205079795028593,0.6666666666666667,0.6666666666666667,0 5 7 9,H00 H20 H12 H30,5 7 9,H20 H12 H30,,,,
random,4,14,3,3,4,3,0.3333333333333333,0.3333333333333333,0.3333333333333333,0.0010001815389841795,0.929225245931415,0.9089044407690642,0.9989998184610158,0.929225245931415,0.6666666666666667,0.6666666666666667,0 2 7 8,H00 H10 H12 H21,2 7 8,H10 H12 H21,,,,
random,4,15,3,3,4,3,0.3333333333333333,0.3333333333333333,0.3333333333333333,0.0012673578457906842,0.9203112806314238,0.887952861692685,0.9987326421542093,0.9203112806314238,0.6666666666666667,0.6666666666666667,0 2 4 7,H00 H10 H11 H12,2 4 7,H10 H11 H12,,,,
random,4,16,3,3,4,3,0.3333333333333333,0.3333333333333333,0.3333333333333333,0.0011806194670498371,0.9165561559757353,0.8565832036075139,0.9988193805329502,0.9165561559757353,0.6666666666666667,0.6666666666666667,0 1 2 6,H00 H01 H10 H03,1 2 6,H01 H10 H03,,,,
random,4,17,3,3,4,3,0.3333333333333333,0.3333333333333333,0.3333333333333333,0.0007263455772772431,0.9494197630853913,0.9296959610950378,0.9992736544227228,0.9494197630853913,0.6666666666666667,0.6666666666666667,0 4 5 7,H00 H11 H20 H12,4 5 7,H11 H20 H12,,,,
random,4,18,3,3,4,3,0.3333333333333333,0.3333333333333333,0.3333333333333333,0.0014422893291339278,0.8953661632842598,0.8730147457787931,0.9985577106708661,0.8953661632842598,0.6666666666666667,0.6666666666666667,0 2 3 7,H00 H10 H02 H12,2 3 7,H10 H02 H12,,,,
random,4,19,3,3,4,3,0.3333333333333333,0.3333333333333333,0.3333333333333333,0.0011644491460174322,0.906592219563004,0.8888535707378014,0.9988355508539826,0.906592219563004,0.6666666666666667,0.6666666666666667,0 5 8 9,H00 H20 H21 H30,5 8 9,H20 H21 H30,,,,
random,4,0,5,5,6,5,0.5555555555555556,0.5555555555555556,0.5555555555555556,0.0006582493660971522,0.9518181908959866,0.9335917719765804,0.9993417506339028,0.9518181908959866,0.4444444444444444,0.4444444444444444,0 1 3 4 7 8,H00 H01 H02 H11 H12 H21,1 3 4 7 8,H01 H02 H11 H12 H21,,,,
random,4,1,5,5,6,5,0.5555555555555556,0.5555555555555556,0.5555555555555556,0.0010300340363755822,0.9246050583976061,0.8815449483952688,0.9989699659636244,0.9246050583976061,0.4444444444444444,0.4444444444444444,0 1 2 6 8 9,H00 H01 H10 H03 H21 H30,1 2 6 8 9,H01 H10 H03 H21 H30,,,,
random,4,2,5,5,6,5,0.5555555555555556,0.5555555555555556,0.5555555555555556,0.0007267906330525875,0.943849101901834,0.9280932043455664,0.9992732093669474,0.943849101901834,0.4444444444444444,0.4444444444444444,0 1 2 3 5 9,H00 H01 H10 H02 H20 H30,1 2 3 5 9,H01 H10 H02 H20 H30,,,,
random,4,3,5,5,6,5,0.5555555555555556,0.5555555555555556,0.5555555555555556,0.0006299348315224051,0.9534773266875362,0.9382911142704013,0.9993700651684776,0.9534773266875362,0.4444444444444444,0.4444444444444444,0 1 3 4 8 9,H00 H01 H02 H11 H21 H30,1 3 4 8 9,H01 H02 H11 H21 H30,,,,
random,4,4,5,5,6,5,0.5555555555555556,0.5555555555555556,0.5555555555555556,0.0007279951241798699,0.9424840472682903,0.9359999830423376,0.9992720048758201,0.9424840472682903,0.4444444444444444,0.4444444444444444,0 2 3 5 8 9,H00 H10 H02 H20 H21 H30,2 3 5 8 9,H10 H02 H20 H21 H30,,,,
random,4,5,5,5,6,5,0.5555555555555556,0.5555555555555556,0.5555555555555556,0.0009955628775060177,0.928369279689511,0.8949370193648473,0.999004437122494,0.928369279689511,0.4444444444444444,0.4444444444444444,0 1 3 6 7 9,H00 H01 H02 H03 H12 H30,1 3 6 7 9,H01 H02 H03 H12 H30,,,,
random,4,6,5,5,6,5,0.5555555555555556,0.5555555555555556,0.5555555555555556,0.0009318942902609706,0.9288986336072191,0.8941296123885834,0.999068105709739,0.9288986336072191,0.4444444444444444,0.4444444444444444,0 1 2 5 6 9,H00 H01 H10 H20 H03 H30,1 2 5 6 9,H01 H10 H20 H03 H30,,,,
random,4,7,5,5,6,5,0.5555555555555556,0.5555555555555556,0.5555555555555556,0.0008630909724161029,0.933513911500768,0.9226551337600605,0.9991369090275839,0.933513911500768,0.4444444444444444,0.4444444444444444,0 2 5 7 8 9,H00 H10 H20 H12 H21 H30,2 5 7 8 9,H10 H20 H12 H21 H30,,,,
random,4,8,5,5,6,5,0.5555555555555556,0.5555555555555556,0.5555555555555556,0.001001846743747592,0.9283328431256461,0.9073300151009768,0.9989981532562524,0.9283328431256461,0.4444444444444444,0.4444444444444444,0 1 6 7 8 9,H00 H01 H03 H12 H21 H30,1 6 7 8 9,H01 H03 H12 H21 H30,,,,
random,4,9,5,5,6,5,0.5555555555555556,0.5555555555555556,0.5555555555555556,0.0008175382972694933,0.9411390507848453,0.9173489454096159,0.9991824617027305,0.9411390507848453,0.4444444444444444,0.4444444444444444,0 2 3 4 6 7,H00 H10 H02 H11 H03 H12,2 3 4 6 7,H10 H02 H11 H03 H12,,,,
random,4,10,5,5,6,5,0.5555555555555556,0.5555555555555556,0.5555555555555556,0.0007636190275661647,0.9480302085242855,0.919548523300456,0.9992363809724338,0.9480302085242855,0.4444444444444444,0.4444444444444444,0 1 4 6 7 8,H00 H01 H11 H03 H12 H21,1 4 6 7 8,H01 H11 H03 H12 H21,,,,
random,4,11,5,5,6,5,0.5555555555555556,0.5555555555555556,0.5555555555555556,0.000814931932836771,0.939725250510696,0.9228369406052831,0.9991850680671632,0.939725250510696,0.4444444444444444,0.4444444444444444,0 1 2 3 7 8,H00 H01 H10 H02 H12 H21,1 2 3 7 8,H01 H10 H02 H12 H21,,,,
random,4,12,5,5,6,5,0.5555555555555556,0.5555555555555556,0.5555555555555556,0.0007636138470843434,0.9465434256848059,0.9152858064016105,0.9992363861529157,0.9465434256848059,0.4444444444444444,0.4444444444444444,0 1 2 3 4 7,H00 H01 H10 H02 H11 H12,1 2 3 4 7,H01 H10 H02 H11 H12,,,,
random,4,13,5,5,6,5,0.5555555555555556,0.5555555555555556,0.5555555555555556,0.0007212103810161352,0.9441479444415192,0.9346356379003006,0.9992787896189839,0.9441479444415192,0.4444444444444444,0.4444444444444444,0 2 3 5 6 8,H00 H10 H02 H20 H03 H21,2 3 5 6 8,H10 H02 H20 H03 H21,,,,
random,4,14,5,5,6,5,0.5555555555555556,0.5555555555555556,0.5555555555555556,0.0007234739605337381,0.9446476071045317,0.9284957915771928,0.9992765260394663,0.9446476071045317,0.4444444444444444,0.4444444444444444,0 1 2 3 5 6,H00 H01 H10 H02 H20 H03,1 2 3 5 6,H01 H10 H02 H20 H03,,,,
random,4,15,5,5,6,5,0.5555555555555556,0.5555555555555556,0.5555555555555556,0.000982825760729611,0.9315949858528397,0.8832300990768366,0.9990171742392704,0.9315949858528397,0.4444444444444444,0.4444444444444444,0 1 2 4 6 9,H00 H01 H10 H11 H03 H30,1 2 4 6 9,H01 H10 H11 H03 H30,,,,
random,4,16,5,5,6,5,0.5555555555555556,0.5555555555555556,0.5555555555555556,0.0008701474871486425,0.9431520051430295,0.9028052346039757,0.9991298525128514,0.9431520051430295,0.4444444444444444,0.4444444444444444,0 1 2 4 6 7,H00 H01 H10 H11 H03 H12,1 2 4 6 7,H01 H10 H11 H03 H12,,,,
random,4,17,5,5,6,5,0.5555555555555556,0.5555555555555556,0.5555555555555556,0.000517586653586477,0.9619676684085877,0.9503993640477235,0.9994824133464135,0.9619676684085877,0.4444444444444444,0.4444444444444444,0 3 4 5 6 9,H00 H02 H11 H20 H03 H30,3 4 5 6 9,H02 H11 H20 H03 H30,,,,
random,4,18,5,5,6,5,0.5555555555555556,0.5555555555555556,0.5555555555555556,0.0006370157934725285,0.9536758495426064,0.9362255551477782,0.9993629842065275,0.9536758495426064,0.4444444444444444,0.4444444444444444,0 3 4 6 8 9,H00 H02 H11 H03 H21 H30,3 4 6 8 9,H02 H11 H03 H21 H30,,,,
random,4,19,5,5,6,5,0.5555555555555556,0.5555555555555556,0.5555555555555556,0.0006370157934725285,0.9536758495426064,0.9362255551477782,0.9993629842065275,0.9536758495426064,0.4444444444444444,0.4444444444444444,0 3 4 6 8 9,H00 H02 H11 H03 H21 H30,3 4 6 8 9,H02 H11 H03 H21 H30,,,,
random,5,0,1,1,2,1,0.1111111111111111,0.1111111111111111,0.1111111111111111,0.000950374873355031,0.8908238811208008,0.8692632679733626,0.999049625126645,0.8908238811208008,0.8888888888888888,0.8888888888888888,0 7,H00 H12,7,H12,,,,
random,5,1,1,1,2,1,0.1111111111111111,0.1111111111111111,0.1111111111111111,0.0008057898376137018,0.9136342033300898,0.8436819233896677,0.9991942101623863,0.9136342033300898,0.8888888888888888,0.8888888888888888,0 1,H00 H01,1,H01,,,,
random,5,2,1,1,2,1,0.1111111111111111,0.1111111111111111,0.1111111111111111,0.0008143529994413257,0.9070444910230024,0.8968162968352704,0.9991856470005587,0.9070444910230024,0.8888888888888888,0.8888888888888888,0 3,H00 H02,3,H02,,,,
random,5,3,1,1,2,1,0.1111111111111111,0.1111111111111111,0.1111111111111111,0.0008692104602232575,0.9043948443320787,0.8587123538827279,0.9991307895397767,0.9043948443320787,0.8888888888888888,0.8888888888888888,0 4,H00 H11,4,H11,,,,
random,5,4,1,1,2,1,0.1111111111111111,0.1111111111111111,0.1111111111111111,0.0008143529994413257,0.9070444910230024,0.8968162968352704,0.9991856470005587,0.9070444910230024,0.8888888888888888,0.8888888888888888,0 3,H00 H02,3,H02,,,,
random,5,5,1,1,2,1,0.1111111111111111,0.1111111111111111,0.1111111111111111,0.0010687457397580147,0.8772845846632945,0.8115953335686606,0.998931254260242,0.8772845846632945,0.8888888888888888,0.8888888888888888,0 2,H00 H10,2,H10,,,,
random,5,6,1,1,2,1,0.1111111111111111,0.1111111111111111,0.1111111111111111,0.0011261857580393553,0.8693055843693004,0.8065792355441331,0.9988738142419606,0.8693055843693004,0.8888888888888888,0.8888888888888888,0 9,H00 H30,9,H30,,,,
random,5,7,1,1,2,1,0.1111111111111111,0.1111111111111111,0.1111111111111111,0.000965139945037663,0.8844184473901101,0.8330233107339563,0.9990348600549623,0.8844184473901101,0.8888888888888888,0.8888888888888888,0 6,H00 H03,6,H03,,,,
random,5,8,1,1,2,1,0.1111111111111111,0.1111111111111111,0.1111111111111111,0.000863197143189609,0.9005468635510888,0.8431097917792157,0.9991368028568104,0.9005468635510888,0.8888888888888888,0.8888888888888888,0 5,H00 H20,5,H20,,,,
random,5,9,1,1,2,1,0.1111111111111111,0.1111111111111111,0.1111111111111111,0.000950374873355031,0.8908238811208008,0.8692632679733626,0.999049625126645,0.8908238811208008,0.8888888888888888,0.8888888888888888,0 7,H00 H12,7,H12,,,,
random,5,10,1,1,2,1,0.1111111111111111,0.1111111111111111,0.1111111111111111,0.0010687457397580147,0.8772845846632945,0.8115953335686606,0.998931254260242,0.8772845846632945,0.8888888888888888,0.8888888888888888,0 2,H00 H10,2,H10,,,,
random,5,11,1,1,2,1,0.1111111111111111,0.1111111111111111,0.1111111111111111,0.000950374873355031,0.8908238811208008,0.8692632679733626,0.999049625126645,0.8908238811208008,0.8888888888888888,0.8888888888888888,0 7,H00 H12,7,H12,,,,
random,5,12,1,1,2,1,0.1111111111111111,0.1111111111111111,0.1111111111111111,0.0011261857580393553,0.8693055843693004,0.8065792355441331,0.9988738142419606,0.8693055843693004,0.8888888888888888,0.8888888888888888,0 9,H00 H30,9,H30,,,,
random,5,13,1,1,2,1,0.1111111111111111,0.1111111111111111,0.1111111111111111,0.0010687457397580147,0.8772845846632945,0.8115953335686606,0.998931254260242,0.8772845846632945,0.8888888888888888,0.8888888888888888,0 2,H00 H10,2,H10,,,,
random,5,14,1,1,2,1,0.1111111111111111,0.1111111111111111,0.1111111111111111,0.000950374873355031,0.8908238811208008,0.8692632679733626,0.999049625126645,0.8908238811208008,0.8888888888888888,0.8888888888888888,0 7,H00 H12,7,H12,,,,
random,5,15,1,1,2,1,0.1111111111111111,0.1111111111111111,0.1111111111111111,0.0011261857580393553,0.8693055843693004,0.8065792355441331,0.9988738142419606,0.8693055843693004,0.8888888888888888,0.8888888888888888,0 9,H00 H30,9,H30,,,,
random,5,16,1,1,2,1,0.1111111111111111,0.1111111111111111,0.1111111111111111,0.0010687457397580147,0.8772845846632945,0.8115953335686606,0.998931254260242,0.8772845846632945,0.8888888888888888,0.8888888888888888,0 2,H00 H10,2,H10,,,,
random,5,17,1,1,2,1,0.1111111111111111,0.1111111111111111,0.1111111111111111,0.0008642302127555013,0.9040675496551852,0.8391209316858717,0.9991357697872445,0.9040675496551852,0.8888888888888888,0.8888888888888888,0 8,H00 H21,8,H21,,,,
random,5,18,1,1,2,1,0.1111111111111111,0.1111111111111111,0.1111111111111111,0.0010687457397580147,0.8772845846632945,0.8115953335686606,0.998931254260242,0.8772845846632945,0.8888888888888888,0.8888888888888888,0 2,H00 H10,2,H10,,,,
random,5,19,1,1,2,1,0.1111111111111111,0.1111111111111111,0.1111111111111111,0.000965139945037663,0.8844184473901101,0.8330233107339563,0.9990348600549623,0.8844184473901101,0.8888888888888888,0.8888888888888888,0 6,H00 H03,6,H03,,,,
random,5,0,3,3,4,3,0.3333333333333333,0.3333333333333333,0.3333333333333333,0.0006592405261471868,0.922696606795371,0.9159349018882116,0.9993407594738528,0.922696606795371,0.6666666666666667,0.6666666666666667,0 2 3 7,H00 H10 H02 H12,2 3 7,H10 H02 H12,,,,
random,5,1,3,3,4,3,0.3333333333333333,0.3333333333333333,0.3333333333333333,0.0003801062994170934,0.9563594667438094,0.9361911198557036,0.9996198937005829,0.9563594667438094,0.6666666666666667,0.6666666666666667,0 3 4 8,H00 H02 H11 H21,3 4 8,H02 H11 H21,,,,
random,5,2,3,3,4,3,0.3333333333333333,0.3333333333333333,0.3333333333333333,0.0005496417870745063,0.9378356029247416,0.8889105743677193,0.9994503582129255,0.9378356029247416,0.6666666666666667,0.6666666666666667,0 4 8 9,H00 H11 H21 H30,4 8 9,H11 H21 H30,,,,
random,5,3,3,3,4,3,0.3333333333333333,0.3333333333333333,0.3333333333333333,0.0004412839189171791,0.9464087340799154,0.9303329519884997,0.9995587160810828,0.9464087340799154,0.6666666666666667,0.6666666666666667,0 2 3 5,H00 H10 H02 H20,2 3 5,H10 H02 H20,,,,
random,5,4,3,3,4,3,0.3333333333333333,0.3333333333333333,0.3333333333333333,0.0005426011048257351,0.9375232181707829,0.9088082230743575,0.9994573988951743,0.9375232181707829,0.6666666666666667,0.6666666666666667,0 6 7 8,H00 H03 H12 H21,6 7 8,H03 H12 H21,,,,
random,5,5,3,3,4,3,0.3333333333333333,0.3333333333333333,0.3333333333333333,0.0004932145238853991,0.9328069493582076,0.9242961514854955,0.9995067854761146,0.9328069493582076,0.6666666666666667,0.6666666666666667,0 3 6 7,H00 H02 H03 H12,3 6 7,H02 H03 H12,,,,
random,5,6,3,3,4,3,0.3333333333333333,0.3333333333333333,0.3333333333333333,0.0006486739148385823,0.9213632349009038,0.871730245633251,0.9993513260851614,0.9213632349009038,0.6666666666666667,0.6666666666666667,0 5 6 9,H00 H20 H03 H30,5 6 9,H20 H03 H30,,,,
random,5,7,3,3,4,3,0.3333333333333333,0.3333333333333333,0.3333333333333333,0.0005425814888440073,0.9376747846142716,0.9080555492197943,0.999457418511156,0.9376747846142716,0.6666666666666667,0.6666666666666667,0 2 7 8,H00 H10 H12 H21,2 7 8,H10 H12 H21,,,,
random,5,8,3,3,4,3,0.3333333333333333,0.3333333333333333,0.3333333333333333,0.00042962157749570906,0.9469974029290974,0.9280147786259044,0.9995703784225043,0.9469974029290974,0.6666666666666667,0.6666666666666667,0 3 8 9,H00 H02 H21 H30,3 8 9,H02 H21 H30,,,,
random,5,9,3,3,4,3,0.3333333333333333,0.3333333333333333,0.3333333333333333,0.0007072786102071404,0.9239143217502961,0.8840495447388718,0.9992927213897929,0.9239143217502961,0.6666666666666667,0.6666666666666667,0 4 7 9,H00 H11 H12 H30,4 7 9,H11 H12 H30,,,,
random,5,10,3,3,4,3,0.3333333333333333,0.3333333333333333,0.3333333333333333,0.0005496417870745063,0.9378356029247416,0.8889105743677193,0.9994503582129255,0.9378356029247416,0.6666666666666667,0.6666666666666667,0 4 8 9,H00 H11 H21 H30,4 8 9,H11 H21 H30,,,,
random,5,11,3,3,4,3,0.3333333333333333,0.3333333333333333,0.3333333333333333,0.00046456174459308386,0.9449427258954178,0.9153412179834047,0.9995354382554069,0.9449427258954178,0.6666666666666667,0.6666666666666667,0 1 5 7,H00 H01 H20 H12,1 5 7,H01 H20 H12,,,,
random,5,12,3,3,4,3,0.3333333333333333,0.3333333333333333,0.3333333333333333,0.0005008182488381863,0.943127775978957,0.9315643068848608,0.9994991817511618,0.943127775978957,0.6666666666666667,0.6666666666666667,0 3 4 9,H00 H02 H11 H30,3 4 9,H02 H11 H30,,,,
random,5,13,3,3,4,3,0.3333333333333333,0.3333333333333333,0.3333333333333333,0.0006513521075248718,0.9176253290153712,0.8977509995471645,0.9993486478924751,0.9176253290153712,0.6666666666666667,0.6666666666666667,0 6 7 9,H00 H03 H12 H30,6 7 9,H03 H12 H30,,,,
random,5,14,3,3,4,3,0.3333333333333333,0.3333333333333333,0.3333333333333333,0.0007100761868059635,0.9230988328826839,0.8836074259280341,0.999289923813194,0.9230988328826839,0.6666666666666667,0.6666666666666667,0 2 4 7,H00 H10 H11 H12,2 4 7,H10 H11 H12,,,,
random,5,15,3,3,4,3,0.3333333333333333,0.3333333333333333,0.3333333333333333,0.0004308063944336027,0.9464050798049013,0.9312439056282157,0.9995691936055664,0.9464050798049013,0.6666666666666667,0.6666666666666667,0 3 5 9,H00 H02 H20 H30,3 5 9,H02 H20 H30,,,,
random,5,16,3,3,4,3,0.3333333333333333,0.3333333333333333,0.3333333333333333,0.00046456174459308386,0.9449427258954178,0.9153412179834047,0.9995354382554069,0.9449427258954178,0.6666666666666667,0.6666666666666667,0 1 5 7,H00 H01 H20 H12,1 5 7,H01 H20 H12,,,,
random,5,17,3,3,4,3,0.3333333333333333,0.3333333333333333,0.3333333333333333,0.0007336721173487604,0.9150386755039094,0.8530736610263346,0.9992663278826512,0.9150386755039094,0.6666666666666667,0.6666666666666667,0 6 8 9,H00 H03 H21 H30,6 8 9,H03 H21 H30,,,,
random,5,18,3,3,4,3,0.3333333333333333,0.3333333333333333,0.3333333333333333,0.0006513521075248718,0.9176253290153712,0.8977509995471645,0.9993486478924751,0.9176253290153712,0.6666666666666667,0.6666666666666667,0 6 7 9,H00 H03 H12 H30,6 7 9,H03 H12 H30,,,,
random,5,19,3,3,4,3,0.3333333333333333,0.3333333333333333,0.3333333333333333,0.0003801062994170934,0.9563594667438094,0.9361911198557036,0.9996198937005829,0.9563594667438094,0.6666666666666667,0.6666666666666667,0 3 4 8,H00 H02 H11 H21,3 4 8,H02 H11 H21,,,,
random,5,0,5,5,6,5,0.5555555555555556,0.5555555555555556,0.5555555555555556,0.00037303916178643703,0.9556938469693437,0.9351995022331302,0.9996269608382136,0.9556938469693437,0.4444444444444444,0.4444444444444444,0 1 3 4 6 7,H00 H01 H02 H11 H03 H12,1 3 4 6 7,H01 H02 H11 H03 H12,,,,
random,5,1,5,5,6,5,0.5555555555555556,0.5555555555555556,0.5555555555555556,0.0005933829816058278,0.9298403380830704,0.8714079493765173,0.9994066170183942,0.9298403380830704,0.4444444444444444,0.4444444444444444,0 1 2 5 8 9,H00 H01 H10 H20 H21 H30,1 2 5 8 9,H01 H10 H20 H21 H30,,,,
random,5,2,5,5,6,5,0.5555555555555556,0.5555555555555556,0.5555555555555556,0.00031942050554789603,0.9621424491070963,0.9508901427814168,0.9996805794944521,0.9621424491070963,0.4444444444444444,0.4444444444444444,0 1 3 4 5 6,H00 H01 H02 H11 H20 H03,1 3 4 5 6,H01 H02 H11 H20 H03,,,,
random,5,3,5,5,6,5,0.5555555555555556,0.5555555555555556,0.5555555555555556,0.0005168089410290122,0.9413569110681554,0.9091709637945163,0.999483191058971,0.9413569110681554,0.4444444444444444,0.4444444444444444,0 1 4 5 6 8,H00 H01 H11 H20 H03 H21,1 4 5 6 8,H01 H11 H20 H03 H21,,,,
random,5,4,5,5,6,5,0.5555555555555556,0.5555555555555556,0.5555555555555556,0.0003718876978382468,0.9517540719081049,0.9396384995308806,0.9996281123021618,0.9517540719081049,0.4444444444444444,0.4444444444444444,0 1 3 5 7 8,H00 H01 H02 H20 H12 H21,1 3 5 7 8,H01 H02 H20 H12 H21,,,,
random,5,5,5,5,6,5,0.5555555555555556,0.5555555555555556,0.5555555555555556,0.00043326918967068195,0.9482940647675789,0.9224134616681352,0.9995667308103293,0.9482940647675789,0.4444444444444444,0.4444444444444444,0 1 2 3 6 9,H00 H01 H10 H02 H03 H30,1 2 3 6 9,H01 H10 H02 H03 H30,,,,
random,5,6,5,5,6,5,0.5555555555555556,0.5555555555555556,0.5555555555555556,0.0004900325438939035,0.9433808290575687,0.9043491216056139,0.9995099674561061,0.9433808290575687,0.4444444444444444,0.4444444444444444,0 1 2 4 5 6,H00 H01 H10 H11 H20 H03,1 2 4 5 6,H01 H10 H11 H20 H03,,,,
random,5,7,5,5,6,5,0.5555555555555556,0.5555555555555556,0.5555555555555556,0.00039271192508749664,0.9512030991695724,0.9358198574166582,0.9996072880749125,0.9512030991695724,0.4444444444444444,0.4444444444444444,0 2 3 4 6 9,H00 H10 H02 H11 H03 H30,2 3 4 6 9,H10 H02 H11 H03 H30,,,,
random,5,8,5,5,6,5,0.5555555555555556,0.5555555555555556,0.5555555555555556,0.00043326918967068195,0.9482940647675789,0.9224134616681352,0.9995667308103293,0.9482940647675789,0.4444444444444444,0.4444444444444444,0 1 2 3 6 9,H00 H01 H10 H02 H03 H30,1 2 3 6 9,H01 H10 H02 H03 H30,,,,
random,5,9,5,5,6,5,0.5555555555555556,0.5555555555555556,0.5555555555555556,0.0005026473663747311,0.9416905088210644,0.8960331236023645,0.9994973526336253,0.9416905088210644,0.4444444444444444,0.4444444444444444,0 1 4 5 8 9,H00 H01 H11 H20 H21 H30,1 4 5 8 9,H01 H11 H20 H21 H30,,,,
random,5,10,5,5,6,5,0.5555555555555556,0.5555555555555556,0.5555555555555556,0.00033542222809046507,0.9605821575371463,0.9422108001218421,0.9996645777719095,0.9605821575371463,0.4444444444444444,0.4444444444444444,0 3 4 7 8 9,H00 H02 H11 H12 H21 H30,3 4 7 8 9,H02 H11 H12 H21 H30,,,,
random,5,11,5,5,6,5,0.5555555555555556,0.5555555555555556,0.5555555555555556,0.0003774454235099256,0.9520997099764423,0.9363572850052929,0.9996225545764901,0.9520997099764423,0.4444444444444444,0.4444444444444444,0 2 3 5 6 9,H00 H10 H02 H20 H03 H30,2 3 5 6 9,H10 H02 H20 H03 H30,,,,
random,5,12,5,5,6,5,0.5555555555555556,0.5555555555555556,0.5555555555555556,0.00038306385977193713,0.9514944197590087,0.9353012557916902,0.9996169361402281,0.9514944197590087,0.4444444444444444,0.4444444444444444,0 1 3 5 6 9,H00 H01 H02 H20 H03 H30,1 3 5 6 9,H01 H02 H20 H03 H30,,,,
random,5,13,5,5,6,5,0.5555555555555556,0.5555555555555556,0.5555555555555556,0.00045786192640662193,0.9440289429266019,0.9157785161424082,0.9995421380735934,0.9440289429266019,0.4444444444444444,0.4444444444444444,0 1 5 7 8 9,H00 H01 H20 H12 H21 H30,1 5 7 8 9,H01 H20 H12 H21 H30,,,,
random,5,14,5,5,6,5,0.5555555555555556,0.5555555555555556,0.5555555555555556,0.00037658854853361845,0.9528964433495695,0.9352528703828705,0.9996234114514664,0.9528964433495695,0.4444444444444444,0.4444444444444444,0 1 2 3 5 6,H00 H01 H10 H02 H20 H03,1 2 3 5 6,H01 H10 H02 H20 H03,,,,
random,5,15,5,5,6,5,0.5555555555555556,0.5555555555555556,0.5555555555555556,0.0004892212455160916,0.9434859923371662,0.9054401283900734,0.9995107787544839,0.9434859923371662,0.4444444444444444,0.4444444444444444,0 1 4 5 6 9,H00 H01 H11 H20 H03 H30,1 4 5 6 9,H01 H11 H20 H03 H30,,,,
random,5,16,5,5,6,5,0.5555555555555556,0.5555555555555556,0.5555555555555556,0.0003766758309211582,0.9560987351553052,0.9329478919821492,0.9996233241690788,0.9560987351553052,0.4444444444444444,0.4444444444444444,0 1 2 3 4 7,H00 H01 H10 H02 H11 H12,1 2 3 4 7,H01 H10 H02 H11 H12,,,,
random,5,17,5,5,6,5,0.5555555555555556,0.5555555555555556,0.5555555555555556,0.0004002385539934039,0.950490704366625,0.9353554502672566,0.9995997614460066,0.950490704366625,0.4444444444444444,0.4444444444444444,0 2 3 6 7 8,H00 H10 H02 H03 H12 H21,2 3 6 7 8,H10 H02 H03 H12 H21,,,,
random,5,18,5,5,6,5,0.5555555555555556,0.5555555555555556,0.5555555555555556,0.00031504841172136366,0.9619693877474448,0.9472568399579667,0.9996849515882786,0.9619693877474448,0.4444444444444444,0.4444444444444444,0 3 4 5 7 8,H00 H02 H11 H20 H12 H21,3 4 5 7 8,H02 H11 H20 H12 H21,,,,
random,5,19,5,5,6,5,0.5555555555555556,0.5555555555555556,0.5555555555555556,0.00031494180439040065,0.9627278784863589,0.9458114850313727,0.9996850581956096,0.9627278784863589,0.4444444444444444,0.4444444444444444,0 3 4 5 8 9,H00 H02 H11 H20 H21 H30,3 4 5 8 9,H02 H11 H20 H21 H30,,,,
random,6,0,1,1,2,1,0.1111111111111111,0.1111111111111111,0.1111111111111111,0.001485294895246625,0.8872741157239952,0.807425881421487,0.9985147051047534,0.8872741157239952,0.8888888888888888,0.8888888888888888,0 4,H00 H11,4,H11,,,,
random,6,1,1,1,2,1,0.1111111111111111,0.1111111111111111,0.1111111111111111,0.0014564129523932934,0.8685334123594645,0.8304241627839857,0.9985435870476067,0.8685334123594645,0.8888888888888888,0.8888888888888888,0 9,H00 H30,9,H30,,,,
random,6,2,1,1,2,1,0.1111111111111111,0.1111111111111111,0.1111111111111111,0.0012292885221540928,0.9079313812761897,0.8220528106610733,0.9987707114778459,0.9079313812761897,0.8888888888888888,0.8888888888888888,0 3,H00 H02,3,H02,,,,
random,6,3,1,1,2,1,0.1111111111111111,0.1111111111111111,0.1111111111111111,0.0012292885221540928,0.9079313812761897,0.8220528106610733,0.9987707114778459,0.9079313812761897,0.8888888888888888,0.8888888888888888,0 3,H00 H02,3,H02,,,,
random,6,4,1,1,2,1,0.1111111111111111,0.1111111111111111,0.1111111111111111,0.001485294895246625,0.8872741157239952,0.807425881421487,0.9985147051047534,0.8872741157239952,0.8888888888888888,0.8888888888888888,0 4,H00 H11,4,H11,,,,
random,6,5,1,1,2,1,0.1111111111111111,0.1111111111111111,0.1111111111111111,0.0012911481317132711,0.8952083650170233,0.825625401430011,0.9987088518682867,0.8952083650170233,0.8888888888888888,0.8888888888888888,0 7,H00 H12,7,H12,,,,
random,6,6,1,1,2,1,0.1111111111111111,0.1111111111111111,0.1111111111111111,0.0017590336501598358,0.865744694735186,0.7651145257552877,0.9982409663498402,0.865744694735186,0.8888888888888888,0.8888888888888888,0 6,H00 H03,6,H03,,,,
random,6,7,1,1,2,1,0.1111111111111111,0.1111111111111111,0.1111111111111111,0.0017590336501598358,0.865744694735186,0.7651145257552877,0.9982409663498402,0.865744694735186,0.8888888888888888,0.8888888888888888,0 6,H00 H03,6,H03,,,,
random,6,8,1,1,2,1,0.1111111111111111,0.1111111111111111,0.1111111111111111,0.0012292885221540928,0.9079313812761897,0.8220528106610733,0.9987707114778459,0.9079313812761897,0.8888888888888888,0.8888888888888888,0 3,H00 H02,3,H02,,,,
random,6,9,1,1,2,1,0.1111111111111111,0.1111111111111111,0.1111111111111111,0.0011982002761214972,0.8875442219767432,0.8273179946394303,0.9988017997238785,0.8875442219767432,0.8888888888888888,0.8888888888888888,0 2,H00 H10,2,H10,,,,
random,6,10,1,1,2,1,0.1111111111111111,0.1111111111111111,0.1111111111111111,0.0017590336501598358,0.865744694735186,0.7651145257552877,0.9982409663498402,0.865744694735186,0.8888888888888888,0.8888888888888888,0 6,H00 H03,6,H03,,,,
random,6,11,1,1,2,1,0.1111111111111111,0.1111111111111111,0.1111111111111111,0.0016016701702028513,0.8820842531211807,0.7732897687964436,0.9983983298297971,0.8820842531211807,0.8888888888888888,0.8888888888888888,0 1,H00 H01,1,H01,,,,
random,6,12,1,1,2,1,0.1111111111111111,0.1111111111111111,0.1111111111111111,0.0017590336501598358,0.865744694735186,0.7651145257552877,0.9982409663498402,0.865744694735186,0.8888888888888888,0.8888888888888888,0 6,H00 H03,6,H03,,,,
random,6,13,1,1,2,1,0.1111111111111111,0.1111111111111111,0.1111111111111111,0.001308394712395966,0.8945256947106753,0.8636053287480412,0.998691605287604,0.8945256947106753,0.8888888888888888,0.8888888888888888,0 5,H00 H20,5,H20,,,,
random,6,14,1,1,2,1,0.1111111111111111,0.1111111111111111,0.1111111111111111,0.0012911481317132711,0.8952083650170233,0.825625401430011,0.9987088518682867,0.8952083650170233,0.8888888888888888,0.8888888888888888,0 7,H00 H12,7,H12,,,,
random,6,15,1,1,2,1,0.1111111111111111,0.1111111111111111,0.1111111111111111,0.0012911481317132711,0.8952083650170233,0.825625401430011,0.9987088518682867,0.8952083650170233,0.8888888888888888,0.8888888888888888,0 7,H00 H12,7,H12,,,,
random,6,16,1,1,2,1,0.1111111111111111,0.1111111111111111,0.1111111111111111,0.0017590336501598358,0.865744694735186,0.7651145257552877,0.9982409663498402,0.865744694735186,0.8888888888888888,0.8888888888888888,0 6,H00 H03,6,H03,,,,
random,6,17,1,1,2,1,0.1111111111111111,0.1111111111111111,0.1111111111111111,0.0011982002761214972,0.8875442219767432,0.8273179946394303,0.9988017997238785,0.8875442219767432,0.8888888888888888,0.8888888888888888,0 2,H00 H10,2,H10,,,,
random,6,18,1,1,2,1,0.1111111111111111,0.1111111111111111,0.1111111111111111,0.0016676168888807297,0.8811047388446671,0.8182113788506263,0.9983323831111193,0.8811047388446671,0.8888888888888888,0.8888888888888888,0 8,H00 H21,8,H21,,,,
random,6,19,1,1,2,1,0.1111111111111111,0.1111111111111111,0.1111111111111111,0.0016676168888807297,0.8811047388446671,0.8182113788506263,0.9983323831111193,0.8811047388446671,0.8888888888888888,0.8888888888888888,0 8,H00 H21,8,H21,,,,
random,6,0,3,3,4,3,0.3333333333333333,0.3333333333333333,0.3333333333333333,0.00118358270265162,0.8933929929644862,0.8394992618179234,0.9988164172973484,0.8933929929644862,0.6666666666666667,0.6666666666666667,0 2 7 9,H00 H10 H12 H30,2 7 9,H10 H12 H30,,,,
random,6,1,3,3,4,3,0.3333333333333333,0.3333333333333333,0.3333333333333333,0.0007858830504119396,0.9354855953521947,0.8677199538940434,0.9992141169495881,0.9354855953521947,0.6666666666666667,0.6666666666666667,0 1 2 7,H00 H01 H10 H12,1 2 7,H01 H10 H12,,,,
random,6,2,3,3,4,3,0.3333333333333333,0.3333333333333333,0.3333333333333333,0.0010824097553268075,0.9048613890480609,0.8518257525352414,0.9989175902446732,0.9048613890480609,0.6666666666666667,0.6666666666666667,0 1 6 9,H00 H01 H03 H30,1 6 9,H01 H03 H30,,,,
random,6,3,3,3,4,3,0.3333333333333333,0.3333333333333333,0.3333333333333333,0.0007328469073399901,0.9416080479478014,0.9270644918184152,0.99926715309266,0.9416080479478014,0.6666666666666667,0.6666666666666667,0 4 5 6,H00 H11 H20 H03,4 5 6,H11 H20 H03,,,,
random,6,4,3,3,4,3,0.3333333333333333,0.3333333333333333,0.3333333333333333,0.00046515988651663065,0.953984835821865,0.937449823790281,0.9995348401134834,0.953984835821865,0.6666666666666667,0.6666666666666667,0 4 5 7,H00 H11 H20 H12,4 5 7,H11 H20 H12,,,,
random,6,5,3,3,4,3,0.3333333333333333,0.3333333333333333,0.3333333333333333,0.0007578692166134715,0.9403936968901495,0.8921144186573969,0.9992421307833865,0.9403936968901495,0.6666666666666667,0.6666666666666667,0 3 7 8,H00 H02 H12 H21,3 7 8,H02 H12 H21,,,,
random,6,6,3,3,4,3,0.3333333333333333,0.3333333333333333,0.3333333333333333,0.0006624202942475677,0.9496524828651147,0.8816905056218235,0.9993375797057524,0.9496524828651147,0.6666666666666667,0.6666666666666667,0 3 4 8,H00 H02 H11 H21,3 4 8,H02 H11 H21,,,,
random,6,7,3,3,4,3,0.3333333333333333,0.3333333333333333,0.3333333333333333,0.0009911989327520132,0.9143903097636138,0.8719920140135066,0.999008801067248,0.9143903097636138,0.6666666666666667,0.6666666666666667,0 4 6 9,H00 H11 H03 H30,4 6 9,H11 H03 H30,,,,
random,6,8,3,3,4,3,0.3333333333333333,0.3333333333333333,0.3333333333333333,0.0009665551478974521,0.9217312487903163,0.9098893817405396,0.9990334448521025,0.9217312487903163,0.6666666666666667,0.6666666666666667,0 1 5 6,H00 H01 H20 H03,1 5 6,H01 H20 H03,,,,
random,6,9,3,3,4,3,0.3333333333333333,0.3333333333333333,0.3333333333333333,0.0008154986426234245,0.931868031076139,0.8615443871356835,0.9991845013573766,0.931868031076139,0.6666666666666667,0.6666666666666667,0 2 3 6,H00 H10 H02 H03,2 3 6,H10 H02 H03,,,,
random,6,10,3,3,4,3,0.3333333333333333,0.3333333333333333,0.3333333333333333,0.0009631146676838398,0.9168918028420698,0.9014054925907983,0.9990368853323162,0.9168918028420698,0.6666666666666667,0.6666666666666667,0 1 5 8,H00 H01 H20 H21,1 5 8,H01 H20 H21,,,,
random,6,11,3,3,4,3,0.3333333333333333,0.3333333333333333,0.3333333333333333,0.0006981196929700673,0.9432825241614394,0.8782381757000972,0.9993018803070299,0.9432825241614394,0.6666666666666667,0.6666666666666667,0 1 4 7,H00 H01 H11 H12,1 4 7,H01 H11 H12,,,,
random,6,12,3,3,4,3,0.3333333333333333,0.3333333333333333,0.3333333333333333,0.0006472508539445698,0.9424033250823599,0.893360642792725,0.9993527491460554,0.9424033250823599,0.6666666666666667,0.6666666666666667,0 2 4 8,H00 H10 H11 H21,2 4 8,H10 H11 H21,,,,
random,6,13,3,3,4,3,0.3333333333333333,0.3333333333333333,0.3333333333333333,0.0007537075434811413,0.9402419986528888,0.8683337583569332,0.9992462924565189,0.9402419986528888,0.6666666666666667,0.6666666666666667,0 1 3 7,H00 H01 H02 H12,1 3 7,H01 H02 H12,,,,
random,6,14,3,3,4,3,0.3333333333333333,0.3333333333333333,0.3333333333333333,0.0006089642993174493,0.9364543406826562,0.9183036330196362,0.9993910357006826,0.9364543406826562,0.6666666666666667,0.6666666666666667,0 2 5 8,H00 H10 H20 H21,2 5 8,H10 H20 H21,,,,
random,6,15,3,3,4,3,0.3333333333333333,0.3333333333333333,0.3333333333333333,0.0007593754562549293,0.9249901387853798,0.9143820480040088,0.9992406245437451,0.9249901387853798,0.6666666666666667,0.6666666666666667,0 5 8 9,H00 H20 H21 H30,5 8 9,H20 H21 H30,,,,
random,6,16,3,3,4,3,0.3333333333333333,0.3333333333333333,0.3333333333333333,0.0007399735040962696,0.9377015578149686,0.8785978642298637,0.9992600264959037,0.9377015578149686,0.6666666666666667,0.6666666666666667,0 4 6 7,H00 H11 H03 H12,4 6 7,H11 H03 H12,,,,
random,6,17,3,3,4,3,0.3333333333333333,0.3333333333333333,0.3333333333333333,0.0007660639239475131,0.9302107007082167,0.8844729641485434,0.9992339360760525,0.9302107007082167,0.6666666666666667,0.6666666666666667,0 2 6 8,H00 H10 H03 H21,2 6 8,H10 H03 H21,,,,
random,6,18,3,3,4,3,0.3333333333333333,0.3333333333333333,0.3333333333333333,0.0005174600519239902,0.9505173686657026,0.931774182005848,0.999482539948076,0.9505173686657026,0.6666666666666667,0.6666666666666667,0 1 5 7,H00 H01 H20 H12,1 5 7,H01 H20 H12,,,,
random,6,19,3,3,4,3,0.3333333333333333,0.3333333333333333,0.3333333333333333,0.0007578692166134715,0.9403936968901495,0.8921144186573969,0.9992421307833865,0.9403936968901495,0.6666666666666667,0.6666666666666667,0 3 7 8,H00 H02 H12 H21,3 7 8,H02 H12 H21,,,,
random,6,0,5,5,6,5,0.5555555555555556,0.5555555555555556,0.5555555555555556,0.0005595273105427623,0.949635531837464,0.9338072534577642,0.9994404726894572,0.949635531837464,0.4444444444444444,0.4444444444444444,0 5 6 7 8 9,H00 H20 H03 H12 H21 H30,5 6 7 8 9,H20 H03 H12 H21 H30,,,,
random,6,1,5,5,6,5,0.5555555555555556,0.5555555555555556,0.5555555555555556,0.0006305633578449488,0.9510934403194967,0.8894898302792681,0.999369436642155,0.9510934403194967,0.4444444444444444,0.4444444444444444,0 1 3 4 6 8,H00 H01 H02 H11 H03 H21,1 3 4 6 8,H01 H02 H11 H03 H21,,,,
random,6,2,5,5,6,5,0.5555555555555556,0.5555555555555556,0.5555555555555556,0.0007379237795248628,0.9378578827210329,0.8811401821435608,0.9992620762204751,0.9378578827210329,0.4444444444444444,0.4444444444444444,0 2 4 6 7 9,H00 H10 H11 H03 H12 H30,2 4 6 7 9,H10 H11 H03 H12 H30,,,,
random,6,3,5,5,6,5,0.5555555555555556,0.5555555555555556,0.5555555555555556,0.0005221180617809296,0.9497578450069983,0.9299385378425221,0.9994778819382191,0.9497578450069983,0.4444444444444444,0.4444444444444444,0 2 3 5 7 8,H00 H10 H02 H20 H12 H21,2 3 5 7 8,H10 H02 H20 H12 H21,,,,
random,6,4,5,5,6,5,0.5555555555555556,0.5555555555555556,0.5555555555555556,0.0003841456782538444,0.9669732462867262,0.9475087197226233,0.9996158543217462,0.9669732462867262,0.4444444444444444,0.4444444444444444,0 3 4 5 6 8,H00 H02 H11 H20 H03 H21,3 4 5 6 8,H02 H11 H20 H03 H21,,,,
random,6,5,5,5,6,5,0.5555555555555556,0.5555555555555556,0.5555555555555556,0.0005898797535337508,0.9392967319357409,0.9225619817212646,0.9994101202464662,0.9392967319357409,0.4444444444444444,0.4444444444444444,0 2 5 6 8 9,H00 H10 H20 H03 H21 H30,2 5 6 8 9,H10 H20 H03 H21 H30,,,,
random,6,6,5,5,6,5,0.5555555555555556,0.5555555555555556,0.5555555555555556,0.00047158770030364394,0.9542581890748457,0.9332480020381474,0.9995284122996964,0.9542581890748457,0.4444444444444444,0.4444444444444444,0 1 2 3 5 7,H00 H01 H10 H02 H20 H12,1 2 3 5 7,H01 H10 H02 H20 H12,,,,
random,6,7,5,5,6,5,0.5555555555555556,0.5555555555555556,0.5555555555555556,0.0006673894822597504,0.9466424427448143,0.9062304125014922,0.9993326105177402,0.9466424427448143,0.4444444444444444,0.4444444444444444,0 1 3 7 8 9,H00 H01 H02 H12 H21 H30,1 3 7 8 9,H01 H02 H12 H21 H30,,,,
random,6,8,5,5,6,5,0.5555555555555556,0.5555555555555556,0.5555555555555556,0.0007379237795248628,0.9378578827210329,0.8811401821435608,0.9992620762204751,0.9378578827210329,0.4444444444444444,0.4444444444444444,0 2 4 6 7 9,H00 H10 H11 H03 H12 H30,2 4 6 7 9,H10 H11 H03 H12 H30,,,,
random,6,9,5,5,6,5,0.5555555555555556,0.5555555555555556,0.5555555555555556,0.0005898797535337508,0.9392967319357409,0.9225619817212646,0.9994101202464662,0.9392967319357409,0.4444444444444444,0.4444444444444444,0 2 5 6 8 9,H00 H10 H20 H03 H21 H30,2 5 6 8 9,H10 H20 H03 H21 H30,,,,
random,6,10,5,5,6,5,0.5555555555555556,0.5555555555555556,0.5555555555555556,0.0004689738852903247,0.9566174232169508,0.9434079724930708,0.9995310261147097,0.9566174232169508,0.4444444444444444,0.4444444444444444,0 3 5 6 8 9,H00 H02 H20 H03 H21 H30,3 5 6 8 9,H02 H20 H03 H21 H30,,,,
random,6,11,5,5,6,5,0.5555555555555556,0.5555555555555556,0.5555555555555556,0.0008007040014490485,0.9302226326137107,0.8957360430598467,0.999199295998551,0.9302226326137107,0.4444444444444444,0.4444444444444444,0 1 4 6 8 9,H00 H01 H11 H03 H21 H30,1 4 6 8 9,H01 H11 H03 H21 H30,,,,
random,6,12,5,5,6,5,0.5555555555555556,0.5555555555555556,0.5555555555555556,0.0004701997968368232,0.9545425086611091,0.9330533392045509,0.9995298002031632,0.9545425086611091,0.4444444444444444,0.4444444444444444,0 1 2 3 5 6,H00 H01 H10 H02 H20 H03,1 2 3 5 6,H01 H10 H02 H20 H03,,,,
random,6,13,5,5,6,5,0.5555555555555556,0.5555555555555556,0.5555555555555556,0.0004541799717117101,0.9547672428890585,0.9416833394424207,0.9995458200282883,0.9547672428890585,0.4444444444444444,0.4444444444444444,0 2 4 5 7 9,H00 H10 H11 H20 H12 H30,2 4 5 7 9,H10 H11 H20 H12 H30,,,,
random,6,14,5,5,6,5,0.5555555555555556,0.5555555555555556,0.5555555555555556,0.0006061361054889858,0.9512244277588323,0.8978532727214912,0.999393863894511,0.9512244277588323,0.4444444444444444,0.4444444444444444,0 1 3 4 7 9,H00 H01 H02 H11 H12 H30,1 3 4 7 9,H01 H02 H11 H12 H30,,,,
random,6,15,5,5,6,5,0.5555555555555556,0.5555555555555556,0.5555555555555556,0.0005127465701662004,0.951088554483886,0.9313512110697741,0.9994872534298338,0.951088554483886,0.4444444444444444,0.4444444444444444,0 1 2 5 6 7,H00 H01 H10 H20 H03 H12,1 2 5 6 7,H01 H10 H20 H03 H12,,,,
random,6,16,5,5,6,5,0.5555555555555556,0.5555555555555556,0.5555555555555556,0.0004018489853478968,0.9606078169823543,0.9429642855824896,0.9995981510146521,0.9606078169823543,0.4444444444444444,0.4444444444444444,0 1 4 5 7 8,H00 H01 H11 H20 H12 H21,1 4 5 7 8,H01 H11 H20 H12 H21,,,,
random,6,17,5,5,6,5,0.5555555555555556,0.5555555555555556,0.5555555555555556,0.000535269093234092,0.9468471123067292,0.9365058296624417,0.9994647309067659,0.9468471123067292,0.4444444444444444,0.4444444444444444,0 4 5 6 8 9,H00 H11 H20 H03 H21 H30,4 5 6 8 9,H11 H20 H03 H21 H30,,,,
random,6,18,5,5,6,5,0.5555555555555556,0.5555555555555556,0.5555555555555556,0.0003982877533417195,0.9620094571736565,0.9451119280127191,0.9996017122466583,0.9620094571736565,0.4444444444444444,0.4444444444444444,0 2 4 5 6 7,H00 H10 H11 H20 H03 H12,2 4 5 6 7,H10 H11 H20 H03 H12,,,,
random,6,19,5,5,6,5,0.5555555555555556,0.5555555555555556,0.5555555555555556,0.000535269093234092,0.9468471123067292,0.9365058296624417,0.9994647309067659,0.9468471123067292,0.4444444444444444,0.4444444444444444,0 4 5 6 8 9,H00 H11 H20 H03 H21 H30,4 5 6 8 9,H11 H20 H03 H21 H30,,,,
random,7,0,1,1,2,1,0.1111111111111111,0.1111111111111111,0.1111111111111111,0.0027995267882943153,0.7273717647358581,0.6831991776308513,0.9972004732117057,0.7273717647358581,0.8888888888888888,0.8888888888888888,0 5,H00 H20,5,H20,,,,
random,7,1,1,1,2,1,0.1111111111111111,0.1111111111111111,0.1111111111111111,0.003035732312127948,0.6959904812931944,0.6871158584936419,0.996964267687872,0.6959904812931944,0.8888888888888888,0.8888888888888888,0 6,H00 H03,6,H03,,,,
random,7,2,1,1,2,1,0.1111111111111111,0.1111111111111111,0.1111111111111111,0.003035732312127948,0.6959904812931944,0.6871158584936419,0.996964267687872,0.6959904812931944,0.8888888888888888,0.8888888888888888,0 6,H00 H03,6,H03,,,,
random,7,3,1,1,2,1,0.1111111111111111,0.1111111111111111,0.1111111111111111,0.003075947519391775,0.7037702461928307,0.6493676523710016,0.9969240524806082,0.7037702461928307,0.8888888888888888,0.8888888888888888,0 2,H00 H10,2,H10,,,,
random,7,4,1,1,2,1,0.1111111111111111,0.1111111111111111,0.1111111111111111,0.003035732312127948,0.6959904812931944,0.6871158584936419,0.996964267687872,0.6959904812931944,0.8888888888888888,0.8888888888888888,0 6,H00 H03,6,H03,,,,
random,7,5,1,1,2,1,0.1111111111111111,0.1111111111111111,0.1111111111111111,0.0028042043559253216,0.7470447248541147,0.7402234913820916,0.9971957956440747,0.7470447248541147,0.8888888888888888,0.8888888888888888,0 7,H00 H12,7,H12,,,,
random,7,6,1,1,2,1,0.1111111111111111,0.1111111111111111,0.1111111111111111,0.0027480924036353827,0.7397952906689944,0.7405863238922101,0.9972519075963646,0.7397952906689944,0.8888888888888888,0.8888888888888888,0 3,H00 H02,3,H02,,,,
random,7,7,1,1,2,1,0.1111111111111111,0.1111111111111111,0.1111111111111111,0.0027480924036353827,0.7397952906689944,0.7405863238922101,0.9972519075963646,0.7397952906689944,0.8888888888888888,0.8888888888888888,0 3,H00 H02,3,H02,,,,
random,7,8,1,1,2,1,0.1111111111111111,0.1111111111111111,0.1111111111111111,0.003244773019105196,0.691346128758012,0.6493918538159552,0.9967552269808948,0.691346128758012,0.8888888888888888,0.8888888888888888,0 9,H00 H30,9,H30,,,,
random,7,9,1,1,2,1,0.1111111111111111,0.1111111111111111,0.1111111111111111,0.0028042043559253216,0.7470447248541147,0.7402234913820916,0.9971957956440747,0.7470447248541147,0.8888888888888888,0.8888888888888888,0 7,H00 H12,7,H12,,,,
random,7,10,1,1,2,1,0.1111111111111111,0.1111111111111111,0.1111111111111111,0.002632418181747198,0.7548979009976711,0.7146419259560387,0.9973675818182528,0.7548979009976711,0.8888888888888888,0.8888888888888888,0 4,H00 H11,4,H11,,,,
random,7,11,1,1,2,1,0.1111111111111111,0.1111111111111111,0.1111111111111111,0.003035732312127948,0.6959904812931944,0.6871158584936419,0.996964267687872,0.6959904812931944,0.8888888888888888,0.8888888888888888,0 6,H00 H03,6,H03,,,,
random,7,12,1,1,2,1,0.1111111111111111,0.1111111111111111,0.1111111111111111,0.002632418181747198,0.7548979009976711,0.7146419259560387,0.9973675818182528,0.7548979009976711,0.8888888888888888,0.8888888888888888,0 4,H00 H11,4,H11,,,,
random,7,13,1,1,2,1,0.1111111111111111,0.1111111111111111,0.1111111111111111,0.002632418181747198,0.7548979009976711,0.7146419259560387,0.9973675818182528,0.7548979009976711,0.8888888888888888,0.8888888888888888,0 4,H00 H11,4,H11,,,,
random,7,14,1,1,2,1,0.1111111111111111,0.1111111111111111,0.1111111111111111,0.0027559148147702217,0.7340979150869616,0.7078896757532654,0.9972440851852298,0.7340979150869616,0.8888888888888888,0.8888888888888888,0 8,H00 H21,8,H21,,,,
random,7,15,1,1,2,1,0.1111111111111111,0.1111111111111111,0.1111111111111111,0.0028042043559253216,0.7470447248541147,0.7402234913820916,0.9971957956440747,0.7470447248541147,0.8888888888888888,0.8888888888888888,0 7,H00 H12,7,H12,,,,
random,7,16,1,1,2,1,0.1111111111111111,0.1111111111111111,0.1111111111111111,0.0028042043559253216,0.7470447248541147,0.7402234913820916,0.9971957956440747,0.7470447248541147,0.8888888888888888,0.8888888888888888,0 7,H00 H12,7,H12,,,,
random,7,17,1,1,2,1,0.1111111111111111,0.1111111111111111,0.1111111111111111,0.003244773019105196,0.691346128758012,0.6493918538159552,0.9967552269808948,0.691346128758012,0.8888888888888888,0.8888888888888888,0 9,H00 H30,9,H30,,,,
random,7,18,1,1,2,1,0.1111111111111111,0.1111111111111111,0.1111111111111111,0.0027995267882943153,0.7273717647358581,0.6831991776308513,0.9972004732117057,0.7273717647358581,0.8888888888888888,0.8888888888888888,0 5,H00 H20,5,H20,,,,
random,7,19,1,1,2,1,0.1111111111111111,0.1111111111111111,0.1111111111111111,0.003035732312127948,0.6959904812931944,0.6871158584936419,0.996964267687872,0.6959904812931944,0.8888888888888888,0.8888888888888888,0 6,H00 H03,6,H03,,,,
random,7,0,3,3,4,3,0.3333333333333333,0.3333333333333333,0.3333333333333333,0.0017525076400488615,0.8380722641749982,0.8374746966776381,0.9982474923599511,0.8380722641749982,0.6666666666666667,0.6666666666666667,0 3 4 5,H00 H02 H11 H20,3 4 5,H02 H11 H20,,,,
random,7,1,3,3,4,3,0.3333333333333333,0.3333333333333333,0.3333333333333333,0.002240873873233795,0.7830318541008,0.7757065504874086,0.9977591261267662,0.7830318541008,0.6666666666666667,0.6666666666666667,0 1 3 6,H00 H01 H02 H03,1 3 6,H01 H02 H03,,,,
random,7,2,3,3,4,3,0.3333333333333333,0.3333333333333333,0.3333333333333333,0.001987435622140765,0.815230900614426,0.7907690496930556,0.9980125643778592,0.815230900614426,0.6666666666666667,0.6666666666666667,0 1 4 7,H00 H01 H11 H12,1 4 7,H01 H11 H12,,,,
random,7,3,3,3,4,3,0.3333333333333333,0.3333333333333333,0.3333333333333333,0.0022633536718785763,0.793800269017676,0.7975458829830907,0.9977366463281214,0.793800269017676,0.6666666666666667,0.6666666666666667,0 6 7 9,H00 H03 H12 H30,6 7 9,H03 H12 H30,,,,
random,7,4,3,3,4,3,0.3333333333333333,0.3333333333333333,0.3333333333333333,0.0024690874852240086,0.7600742307680965,0.7094353048136107,0.997530912514776,0.7600742307680965,0.6666666666666667,0.6666666666666667,0 1 2 9,H00 H01 H10 H30,1 2 9,H01 H10 H30,,,,
random,7,5,3,3,4,3,0.3333333333333333,0.3333333333333333,0.3333333333333333,0.0019307525362819433,0.8205843567493838,0.810781043066851,0.9980692474637181,0.8205843567493838,0.6666666666666667,0.6666666666666667,0 1 5 7,H00 H01 H20 H12,1 5 7,H01 H20 H12,,,,
random,7,6,3,3,4,3,0.3333333333333333,0.3333333333333333,0.3333333333333333,0.0021441993303596973,0.7946712926747753,0.7889163536049284,0.9978558006696403,0.7946712926747753,0.6666666666666667,0.6666666666666667,0 2 3 6,H00 H10 H02 H03,2 3 6,H10 H02 H03,,,,
random,7,7,3,3,4,3,0.3333333333333333,0.3333333333333333,0.3333333333333333,0.0020950017496943474,0.8074957441702467,0.7924097614458657,0.9979049982503057,0.8074957441702467,0.6666666666666667,0.6666666666666667,0 1 7 9,H00 H01 H12 H30,1 7 9,H01 H12 H30,,,,
random,7,8,3,3,4,3,0.3333333333333333,0.3333333333333333,0.3333333333333333,0.0019571143202483654,0.8166911537436753,0.8125324226498148,0.9980428856797516,0.8166911537436753,0.6666666666666667,0.6666666666666667,0 2 3 5,H00 H10 H02 H20,2 3 5,H10 H02 H20,,,,
random,7,9,3,3,4,3,0.3333333333333333,0.3333333333333333,0.3333333333333333,0.0020449194125831127,0.8112390763641254,0.7798850944958687,0.9979550805874169,0.8112390763641254,0.6666666666666667,0.6666666666666667,0 4 8 9,H00 H11 H21 H30,4 8 9,H11 H21 H30,,,,
random,7,10,3,3,4,3,0.3333333333333333,0.3333333333333333,0.3333333333333333,0.002042606472969055,0.8054026826844062,0.7993141249038992,0.997957393527031,0.8054026826844062,0.6666666666666667,0.6666666666666667,0 1 3 5,H00 H01 H02 H20,1 3 5,H01 H02 H20,,,,
random,7,11,3,3,4,3,0.3333333333333333,0.3333333333333333,0.3333333333333333,0.0022978768683969975,0.7830208286855649,0.7441052240656786,0.997702123131603,0.7830208286855649,0.6666666666666667,0.6666666666666667,0 2 6 8,H00 H10 H03 H21,2 6 8,H10 H03 H21,,,,
random,7,12,3,3,4,3,0.3333333333333333,0.3333333333333333,0.3333333333333333,0.001987435622140765,0.815230900614426,0.7907690496930556,0.9980125643778592,0.815230900614426,0.6666666666666667,0.6666666666666667,0 1 4 7,H00 H01 H11 H12,1 4 7,H01 H11 H12,,,,
random,7,13,3,3,4,3,0.3333333333333333,0.3333333333333333,0.3333333333333333,0.0020652329549193382,0.8075635740522397,0.7699408216874826,0.9979347670450807,0.8075635740522397,0.6666666666666667,0.6666666666666667,0 4 5 9,H00 H11 H20 H30,4 5 9,H11 H20 H30,,,,
random,7,14,3,3,4,3,0.3333333333333333,0.3333333333333333,0.3333333333333333,0.0021216387394815683,0.8006757756387295,0.7989901372492044,0.9978783612605184,0.8006757756387295,0.6666666666666667,0.6666666666666667,0 1 3 8,H00 H01 H02 H21,1 3 8,H01 H02 H21,,,,
random,7,15,3,3,4,3,0.3333333333333333,0.3333333333333333,0.3333333333333333,0.0020449194125831127,0.8112390763641254,0.7798850944958687,0.9979550805874169,0.8112390763641254,0.6666666666666667,0.6666666666666667,0 4 8 9,H00 H11 H21 H30,4 8 9,H11 H21 H30,,,,
random,7,16,3,3,4,3,0.3333333333333333,0.3333333333333333,0.3333333333333333,0.0020418278872966766,0.8136191367394292,0.8023686142685249,0.9979581721127033,0.8136191367394292,0.6666666666666667,0.6666666666666667,0 1 7 8,H00 H01 H12 H21,1 7 8,H01 H12 H21,,,,
random,7,17,3,3,4,3,0.3333333333333333,0.3333333333333333,0.3333333333333333,0.0022514734882861376,0.7848709114648924,0.7429224955652156,0.9977485265117139,0.7848709114648924,0.6666666666666667,0.6666666666666667,0 2 5 8,H00 H10 H20 H21,2 5 8,H10 H20 H21,,,,
random,7,18,3,3,4,3,0.3333333333333333,0.3333333333333333,0.3333333333333333,0.0020449194125831127,0.8112390763641254,0.7798850944958687,0.9979550805874169,0.8112390763641254,0.6666666666666667,0.6666666666666667,0 4 8 9,H00 H11 H21 H30,4 8 9,H11 H21 H30,,,,
random,7,19,3,3,4,3,0.3333333333333333,0.3333333333333333,0.3333333333333333,0.0023313758429139853,0.7775842854121919,0.7466781394375843,0.997668624157086,0.7775842854121919,0.6666666666666667,0.6666666666666667,0 5 6 9,H00 H20 H03 H30,5 6 9,H20 H03 H30,,,,
random,7,0,5,5,6,5,0.5555555555555556,0.5555555555555556,0.5555555555555556,0.0022340756841003895,0.7865697151929246,0.7450635768217873,0.9977659243158996,0.7865697151929246,0.4444444444444444,0.4444444444444444,0 1 2 5 8 9,H00 H01 H10 H20 H21 H30,1 2 5 8 9,H01 H10 H20 H21 H30,,,,
random,7,1,5,5,6,5,0.5555555555555556,0.5555555555555556,0.5555555555555556,0.0018605045042932034,0.8323083562371139,0.8148146616133471,0.9981394954957068,0.8323083562371139,0.4444444444444444,0.4444444444444444,0 2 4 5 7 9,H00 H10 H11 H20 H12 H30,2 4 5 7 9,H10 H11 H20 H12 H30,,,,
random,7,2,5,5,6,5,0.5555555555555556,0.5555555555555556,0.5555555555555556,0.0018936401465907693,0.8264341423383224,0.8235230416742467,0.9981063598534092,0.8264341423383224,0.4444444444444444,0.4444444444444444,0 1 2 5 6 7,H00 H01 H10 H20 H03 H12,1 2 5 6 7,H01 H10 H20 H03 H12,,,,
random,7,3,5,5,6,5,0.5555555555555556,0.5555555555555556,0.5555555555555556,0.0018030424835160375,0.833596996635234,0.8168276145459232,0.998196957516484,0.833596996635234,0.4444444444444444,0.4444444444444444,0 1 4 5 7 8,H00 H01 H11 H20 H12 H21,1 4 5 7 8,H01 H11 H20 H12 H21,,,,
random,7,4,5,5,6,5,0.5555555555555556,0.5555555555555556,0.5555555555555556,0.001840188167989254,0.8265879250504741,0.8232168223408971,0.9981598118320107,0.8265879250504741,0.4444444444444444,0.4444444444444444,0 2 3 4 6 7,H00 H10 H02 H11 H03 H12,2 3 4 6 7,H10 H02 H11 H03 H12,,,,
random,7,5,5,5,6,5,0.5555555555555556,0.5555555555555556,0.5555555555555556,0.0016736651305109262,0.8434529670743398,0.840236593029042,0.9983263348694891,0.8434529670743398,0.4444444444444444,0.4444444444444444,0 2 3 4 5 8,H00 H10 H02 H11 H20 H21,2 3 4 5 8,H10 H02 H11 H20 H21,,,,
random,7,6,5,5,6,5,0.5555555555555556,0.5555555555555556,0.5555555555555556,0.002017419319599867,0.8205648570916173,0.8141947159173235,0.9979825806804001,0.8205648570916173,0.4444444444444444,0.4444444444444444,0 2 6 7 8 9,H00 H10 H03 H12 H21 H30,2 6 7 8 9,H10 H03 H12 H21 H30,,,,
random,7,7,5,5,6,5,0.5555555555555556,0.5555555555555556,0.5555555555555556,0.001743145054206252,0.8400499003448753,0.8320675821333362,0.9982568549457937,0.8400499003448753,0.4444444444444444,0.4444444444444444,0 4 5 6 7 8,H00 H11 H20 H03 H12 H21,4 5 6 7 8,H11 H20 H03 H12 H21,,,,
random,7,8,5,5,6,5,0.5555555555555556,0.5555555555555556,0.5555555555555556,0.0020026203710585833,0.8111675226890375,0.7753802616166854,0.9979973796289414,0.8111675226890375,0.4444444444444444,0.4444444444444444,0 1 2 4 5 8,H00 H01 H10 H11 H20 H21,1 2 4 5 8,H01 H10 H11 H20 H21,,,,
random,7,9,5,5,6,5,0.5555555555555556,0.5555555555555556,0.5555555555555556,0.0018629893893375993,0.8264678030958074,0.8241888433145648,0.9981370106106624,0.8264678030958074,0.4444444444444444,0.4444444444444444,0 1 3 5 6 9,H00 H01 H02 H20 H03 H30,1 3 5 6 9,H01 H02 H20 H03 H30,,,,
random,7,10,5,5,6,5,0.5555555555555556,0.5555555555555556,0.5555555555555556,0.0016622074181213975,0.8442125633518421,0.8425613169382331,0.9983377925818786,0.8442125633518421,0.4444444444444444,0.4444444444444444,0 2 3 4 5 6,H00 H10 H02 H11 H20 H03,2 3 4 5 6,H10 H02 H11 H20 H03,,,,
random,7,11,5,5,6,5,0.5555555555555556,0.5555555555555556,0.5555555555555556,0.001896779052913189,0.8256756369197269,0.8238437740516543,0.9981032209470868,0.8256756369197269,0.4444444444444444,0.4444444444444444,0 1 5 6 7 8,H00 H01 H20 H03 H12 H21,1 5 6 7 8,H01 H20 H03 H12 H21,,,,
random,7,12,5,5,6,5,0.5555555555555556,0.5555555555555556,0.5555555555555556,0.0017041985411196947,0.8435252715393847,0.8449467789822386,0.9982958014588803,0.8435252715393847,0.4444444444444444,0.4444444444444444,0 2 3 4 5 7,H00 H10 H02 H11 H20 H12,2 3 4 5 7,H10 H02 H11 H20 H12,,,,
random,7,13,5,5,6,5,0.5555555555555556,0.5555555555555556,0.5555555555555556,0.001930441241711378,0.8208167544886134,0.8216042076422645,0.9980695587582886,0.8208167544886134,0.4444444444444444,0.4444444444444444,0 1 2 3 7 9,H00 H01 H10 H02 H12 H30,1 2 3 7 9,H01 H10 H02 H12 H30,,,,
random,7,14,5,5,6,5,0.5555555555555556,0.5555555555555556,0.5555555555555556,0.001840188167989254,0.8265879250504741,0.8232168223408971,0.9981598118320107,0.8265879250504741,0.4444444444444444,0.4444444444444444,0 2 3 4 6 7,H00 H10 H02 H11 H03 H12,2 3 4 6 7,H10 H02 H11 H03 H12,,,,
random,7,15,5,5,6,5,0.5555555555555556,0.5555555555555556,0.5555555555555556,0.0016721442807465792,0.8468974891620357,0.849209256189404,0.9983278557192534,0.8468974891620357,0.4444444444444444,0.4444444444444444,0 3 4 5 7 9,H00 H02 H11 H20 H12 H30,3 4 5 7 9,H02 H11 H20 H12 H30,,,,
random,7,16,5,5,6,5,0.5555555555555556,0.5555555555555556,0.5555555555555556,0.001896779052913189,0.8256756369197269,0.8238437740516543,0.9981032209470868,0.8256756369197269,0.4444444444444444,0.4444444444444444,0 1 5 6 7 8,H00 H01 H20 H03 H12 H21,1 5 6 7 8,H01 H20 H03 H12 H21,,,,
random,7,17,5,5,6,5,0.5555555555555556,0.5555555555555556,0.5555555555555556,0.002004575449973345,0.8121110692744307,0.8099425152771923,0.9979954245500267,0.8121110692744307,0.4444444444444444,0.4444444444444444,0 1 3 5 6 8,H00 H01 H02 H20 H03 H21,1 3 5 6 8,H01 H02 H20 H03 H21,,,,
random,7,18,5,5,6,5,0.5555555555555556,0.5555555555555556,0.5555555555555556,0.0018079908331856132,0.8321956007450145,0.8159297753102269,0.9981920091668144,0.8321956007450145,0.4444444444444444,0.4444444444444444,0 1 2 4 5 7,H00 H01 H10 H11 H20 H12,1 2 4 5 7,H01 H10 H11 H20 H12,,,,
random,7,19,5,5,6,5,0.5555555555555556,0.5555555555555556,0.5555555555555556,0.0018655695021152496,0.8224821730509099,0.814164639710296,0.9981344304978848,0.8224821730509099,0.4444444444444444,0.4444444444444444,0 1 2 3 4 6,H00 H01 H10 H02 H11 H03,1 2 3 4 6,H01 H10 H02 H11 H03,,,,
random,8,0,1,1,2,1,0.1111111111111111,0.1111111111111111,0.1111111111111111,0.0020714174024760723,0.8182493802969746,0.7672387913336134,0.9979285825975239,0.8182493802969746,0.8888888888888888,0.8888888888888888,0 9,H00 H30,9,H30,,,,
random,8,1,1,1,2,1,0.1111111111111111,0.1111111111111111,0.1111111111111111,0.0019134170142933726,0.8361368379428292,0.8061846271778103,0.9980865829857066,0.8361368379428292,0.8888888888888888,0.8888888888888888,0 8,H00 H21,8,H21,,,,
random,8,2,1,1,2,1,0.1111111111111111,0.1111111111111111,0.1111111111111111,0.0015914778923615813,0.8542252299724663,0.8350285229212489,0.9984085221076384,0.8542252299724663,0.8888888888888888,0.8888888888888888,0 5,H00 H20,5,H20,,,,
random,8,3,1,1,2,1,0.1111111111111111,0.1111111111111111,0.1111111111111111,0.0020557474344968796,0.8110189343493147,0.7904751219724189,0.9979442525655031,0.8110189343493147,0.8888888888888888,0.8888888888888888,0 6,H00 H03,6,H03,,,,
random,8,4,1,1,2,1,0.1111111111111111,0.1111111111111111,0.1111111111111111,0.0018082191236317158,0.8535025376324665,0.7951778334458875,0.9981917808763683,0.8535025376324665,0.8888888888888888,0.8888888888888888,0 7,H00 H12,7,H12,,,,
random,8,5,1,1,2,1,0.1111111111111111,0.1111111111111111,0.1111111111111111,0.0020557474344968796,0.8110189343493147,0.7904751219724189,0.9979442525655031,0.8110189343493147,0.8888888888888888,0.8888888888888888,0 6,H00 H03,6,H03,,,,
random,8,6,1,1,2,1,0.1111111111111111,0.1111111111111111,0.1111111111111111,0.0018082191236317158,0.8535025376324665,0.7951778334458875,0.9981917808763683,0.8535025376324665,0.8888888888888888,0.8888888888888888,0 7,H00 H12,7,H12,,,,
random,8,7,1,1,2,1,0.1111111111111111,0.1111111111111111,0.1111111111111111,0.0020714174024760723,0.8182493802969746,0.7672387913336134,0.9979285825975239,0.8182493802969746,0.8888888888888888,0.8888888888888888,0 9,H00 H30,9,H30,,,,
random,8,8,1,1,2,1,0.1111111111111111,0.1111111111111111,0.1111111111111111,0.0019134170142933726,0.8361368379428292,0.8061846271778103,0.9980865829857066,0.8361368379428292,0.8888888888888888,0.8888888888888888,0 8,H00 H21,8,H21,,,,
random,8,9,1,1,2,1,0.1111111111111111,0.1111111111111111,0.1111111111111111,0.0020714174024760723,0.8182493802969746,0.7672387913336134,0.9979285825975239,0.8182493802969746,0.8888888888888888,0.8888888888888888,0 9,H00 H30,9,H30,,,,
random,8,10,1,1,2,1,0.1111111111111111,0.1111111111111111,0.1111111111111111,0.0017829220741987228,0.8546384580074987,0.7710453014933107,0.9982170779258013,0.8546384580074987,0.8888888888888888,0.8888888888888888,0 2,H00 H10,2,H10,,,,
random,8,11,1,1,2,1,0.1111111111111111,0.1111111111111111,0.1111111111111111,0.0019134170142933726,0.8361368379428292,0.8061846271778103,0.9980865829857066,0.8361368379428292,0.8888888888888888,0.8888888888888888,0 8,H00 H21,8,H21,,,,
random,8,12,1,1,2,1,0.1111111111111111,0.1111111111111111,0.1111111111111111,0.0020557474344968796,0.8110189343493147,0.7904751219724189,0.9979442525655031,0.8110189343493147,0.8888888888888888,0.8888888888888888,0 6,H00 H03,6,H03,,,,
random,8,13,1,1,2,1,0.1111111111111111,0.1111111111111111,0.1111111111111111,0.0019134170142933726,0.8361368379428292,0.8061846271778103,0.9980865829857066,0.8361368379428292,0.8888888888888888,0.8888888888888888,0 8,H00 H21,8,H21,,,,
random,8,14,1,1,2,1,0.1111111111111111,0.1111111111111111,0.1111111111111111,0.0018082191236317158,0.8535025376324665,0.7951778334458875,0.9981917808763683,0.8535025376324665,0.8888888888888888,0.8888888888888888,0 7,H00 H12,7,H12,,,,
random,8,15,1,1,2,1,0.1111111111111111,0.1111111111111111,0.1111111111111111,0.0019191841129213572,0.8576556376705342,0.7755956807294,0.9980808158870786,0.8576556376705342,0.8888888888888888,0.8888888888888888,0 4,H00 H11,4,H11,,,,
random,8,16,1,1,2,1,0.1111111111111111,0.1111111111111111,0.1111111111111111,0.0019191841129213572,0.8576556376705342,0.7755956807294,0.9980808158870786,0.8576556376705342,0.8888888888888888,0.8888888888888888,0 4,H00 H11,4,H11,,,,
random,8,17,1,1,2,1,0.1111111111111111,0.1111111111111111,0.1111111111111111,0.0019191841129213572,0.8576556376705342,0.7755956807294,0.9980808158870786,0.8576556376705342,0.8888888888888888,0.8888888888888888,0 4,H00 H11,4,H11,,,,
random,8,18,1,1,2,1,0.1111111111111111,0.1111111111111111,0.1111111111111111,0.0019191841129213572,0.8576556376705342,0.7755956807294,0.9980808158870786,0.8576556376705342,0.8888888888888888,0.8888888888888888,0 4,H00 H11,4,H11,,,,
random,8,19,1,1,2,1,0.1111111111111111,0.1111111111111111,0.1111111111111111,0.0019191841129213572,0.8576556376705342,0.7755956807294,0.9980808158870786,0.8576556376705342,0.8888888888888888,0.8888888888888888,0 4,H00 H11,4,H11,,,,
random,8,0,3,3,4,3,0.3333333333333333,0.3333333333333333,0.3333333333333333,0.000858205952681601,0.9135293316330836,0.9174528708415389,0.9991417940473184,0.9135293316330836,0.6666666666666667,0.6666666666666667,0 3 5 7,H00 H02 H20 H12,3 5 7,H02 H20 H12,,,,
random,8,1,3,3,4,3,0.3333333333333333,0.3333333333333333,0.3333333333333333,0.001316248788498342,0.8735522854625825,0.8622931482698523,0.9986837512115017,0.8735522854625825,0.6666666666666667,0.6666666666666667,0 1 5 8,H00 H01 H20 H21,1 5 8,H01 H20 H21,,,,
random,8,2,3,3,4,3,0.3333333333333333,0.3333333333333333,0.3333333333333333,0.0012382406275719404,0.8765950847027312,0.867657393625131,0.9987617593724281,0.8765950847027312,0.6666666666666667,0.6666666666666667,0 2 3 7,H00 H10 H02 H12,2 3 7,H10 H02 H12,,,,
random,8,3,3,3,4,3,0.3333333333333333,0.3333333333333333,0.3333333333333333,0.0009175454033538699,0.9153436197767502,0.8755051313894187,0.9990824545966461,0.9153436197767502,0.6666666666666667,0.6666666666666667,0 2 4 5,H00 H10 H11 H20,2 4 5,H10 H11 H20,,,,
random,8,4,3,3,4,3,0.3333333333333333,0.3333333333333333,0.3333333333333333,0.00119846744928509,0.879972041539148,0.8865915852138312,0.9988015325507149,0.879972041539148,0.6666666666666667,0.6666666666666667,0 2 3 9,H00 H10 H02 H30,2 3 9,H10 H02 H30,,,,
random,8,5,3,3,4,3,0.3333333333333333,0.3333333333333333,0.3333333333333333,0.0012382406275719404,0.8765950847027312,0.867657393625131,0.9987617593724281,0.8765950847027312,0.6666666666666667,0.6666666666666667,0 2 3 7,H00 H10 H02 H12,2 3 7,H10 H02 H12,,,,
random,8,6,3,3,4,3,0.3333333333333333,0.3333333333333333,0.3333333333333333,0.0014815714675933123,0.8723705308135338,0.823515424067804,0.9985184285324067,0.8723705308135338,0.6666666666666667,0.6666666666666667,0 1 4 6,H00 H01 H11 H03,1 4 6,H01 H11 H03,,,,
random,8,7,3,3,4,3,0.3333333333333333,0.3333333333333333,0.3333333333333333,0.0012104713823646307,0.8766513087949521,0.8861557850822521,0.9987895286176354,0.8766513087949521,0.6666666666666667,0.6666666666666667,0 3 7 9,H00 H02 H12 H30,3 7 9,H02 H12 H30,,,,
random,8,8,3,3,4,3,0.3333333333333333,0.3333333333333333,0.3333333333333333,0.0014649227960035205,0.887111247980269,0.8125882121325617,0.9985350772039965,0.887111247980269,0.6666666666666667,0.6666666666666667,0 2 4 9,H00 H10 H11 H30,2 4 9,H10 H11 H30,,,,
random,8,9,3,3,4,3,0.3333333333333333,0.3333333333333333,0.3333333333333333,0.0010681517887860537,0.9001941668649296,0.869482322920156,0.998931848211214,0.9001941668649296,0.6666666666666667,0.6666666666666667,0 2 6 8,H00 H10 H03 H21,2 6 8,H10 H03 H21,,,,
random,8,10,3,3,4,3,0.3333333333333333,0.3333333333333333,0.3333333333333333,0.001044474309310317,0.8896065720231865,0.8783617513019312,0.9989555256906897,0.8896065720231865,0.6666666666666667,0.6666666666666667,0 1 5 9,H00 H01 H20 H30,1 5 9,H01 H20 H30,,,,
random,8,11,3,3,4,3,0.3333333333333333,0.3333333333333333,0.3333333333333333,0.0010735471732914448,0.8998852694012871,0.8656997586529025,0.9989264528267086,0.8998852694012871,0.6666666666666667,0.6666666666666667,0 2 8 9,H00 H10 H21 H30,2 8 9,H10 H21 H30,,,,
random,8,12,3,3,4,3,0.3333333333333333,0.3333333333333333,0.3333333333333333,0.0010268110781908035,0.9038711102827763,0.8857100005969706,0.9989731889218092,0.9038711102827763,0.6666666666666667,0.6666666666666667,0 1 4 5,H00 H01 H11 H20,1 4 5,H01 H11 H20,,,,
random,8,13,3,3,4,3,0.3333333333333333,0.3333333333333333,0.3333333333333333,0.0012382406275719404,0.8765950847027312,0.867657393625131,0.9987617593724281,0.8765950847027312,0.6666666666666667,0.6666666666666667,0 2 3 7,H00 H10 H02 H12,2 3 7,H10 H02 H12,,,,
random,8,14,3,3,4,3,0.3333333333333333,0.3333333333333333,0.3333333333333333,0.0008483475539833307,0.9162266180694422,0.8990556187575923,0.9991516524460167,0.9162266180694422,0.6666666666666667,0.6666666666666667,0 1 5 7,H00 H01 H20 H12,1 5 7,H01 H20 H12,,,,
random,8,15,3,3,4,3,0.3333333333333333,0.3333333333333333,0.3333333333333333,0.000858205952681601,0.9135293316330836,0.9174528708415389,0.9991417940473184,0.9135293316330836,0.6666666666666667,0.6666666666666667,0 3 5 7,H00 H02 H20 H12,3 5 7,H02 H20 H12,,,,
random,8,16,3,3,4,3,0.3333333333333333,0.3333333333333333,0.3333333333333333,0.0009530740207992494,0.9129272541108759,0.8704245829640967,0.9990469259792008,0.9129272541108759,0.6666666666666667,0.6666666666666667,0 2 4 8,H00 H10 H11 H21,2 4 8,H10 H11 H21,,,,
random,8,17,3,3,4,3,0.3333333333333333,0.3333333333333333,0.3333333333333333,0.0009993496350944042,0.8886512844744675,0.8830295638167078,0.9990006503649056,0.8886512844744675,0.6666666666666667,0.6666666666666667,0 2 3 6,H00 H10 H02 H03,2 3 6,H10 H02 H03,,,,
random,8,18,3,3,4,3,0.3333333333333333,0.3333333333333333,0.3333333333333333,0.0011072664055973291,0.8980231075929688,0.858840117413948,0.9988927335944027,0.8980231075929688,0.6666666666666667,0.6666666666666667,0 2 5 7,H00 H10 H20 H12,2 5 7,H10 H20 H12,,,,
random,8,19,3,3,4,3,0.3333333333333333,0.3333333333333333,0.3333333333333333,0.0011133241932839155,0.8961753943319323,0.8642943460942835,0.9988866758067161,0.8961753943319323,0.6666666666666667,0.6666666666666667,0 4 8 9,H00 H11 H21 H30,4 8 9,H11 H21 H30,,,,
random,8,0,5,5,6,5,0.5555555555555556,0.5555555555555556,0.5555555555555556,0.0008459471864625812,0.9166644899801359,0.8983359640291377,0.9991540528135374,0.9166644899801359,0.4444444444444444,0.4444444444444444,0 1 2 5 7 8,H00 H01 H10 H20 H12 H21,1 2 5 7 8,H01 H10 H20 H12 H21,,,,
random,8,1,5,5,6,5,0.5555555555555556,0.5555555555555556,0.5555555555555556,0.0006703821709379554,0.9265232337118259,0.9319855709696908,0.999329617829062,0.9265232337118259,0.4444444444444444,0.4444444444444444,0 1 3 5 6 7,H00 H01 H02 H20 H03 H12,1 3 5 6 7,H01 H02 H20 H03 H12,,,,
random,8,2,5,5,6,5,0.5555555555555556,0.5555555555555556,0.5555555555555556,0.0008786543039605021,0.9200674707366776,0.8831260499355786,0.9991213456960395,0.9200674707366776,0.4444444444444444,0.4444444444444444,0 2 4 7 8 9,H00 H10 H11 H12 H21 H30,2 4 7 8 9,H10 H11 H12 H21 H30,,,,
random,8,3,5,5,6,5,0.5555555555555556,0.5555555555555556,0.5555555555555556,0.0006549115641973913,0.9243466923108565,0.932982408608037,0.9993450884358026,0.9243466923108565,0.4444444444444444,0.4444444444444444,0 2 3 5 6 9,H00 H10 H02 H20 H03 H30,2 3 5 6 9,H10 H02 H20 H03 H30,,,,
random,8,4,5,5,6,5,0.5555555555555556,0.5555555555555556,0.5555555555555556,0.0007099751383066177,0.9240218866948707,0.9243101341571818,0.9992900248616934,0.9240218866948707,0.4444444444444444,0.4444444444444444,0 2 3 5 7 8,H00 H10 H02 H20 H12 H21,2 3 5 7 8,H10 H02 H20 H12 H21,,,,
random,8,5,5,5,6,5,0.5555555555555556,0.5555555555555556,0.5555555555555556,0.0007799153681844473,0.9191882682257685,0.9024870480193999,0.9992200846318156,0.9191882682257685,0.4444444444444444,0.4444444444444444,0 1 3 4 6 8,H00 H01 H02 H11 H03 H21,1 3 4 6 8,H01 H02 H11 H03 H21,,,,
random,8,6,5,5,6,5,0.5555555555555556,0.5555555555555556,0.5555555555555556,0.0008785065729171038,0.9200550935504677,0.8824816220562015,0.9991214934270829,0.9200550935504677,0.4444444444444444,0.4444444444444444,0 1 2 4 7 8,H00 H01 H10 H11 H12 H21,1 2 4 7 8,H01 H10 H11 H12 H21,,,,
random,8,7,5,5,6,5,0.5555555555555556,0.5555555555555556,0.5555555555555556,0.0005718136671930552,0.9373670791438586,0.9353511157747816,0.999428186332807,0.9373670791438586,0.4444444444444444,0.4444444444444444,0 1 2 3 4 5,H00 H01 H10 H02 H11 H20,1 2 3 4 5,H01 H10 H02 H11 H20,,,,
random,8,8,5,5,6,5,0.5555555555555556,0.5555555555555556,0.5555555555555556,0.0006048204959370196,0.9360300224456011,0.9372149521047984,0.999395179504063,0.9360300224456011,0.4444444444444444,0.4444444444444444,0 1 3 4 5 8,H00 H01 H02 H11 H20 H21,1 3 4 5 8,H01 H02 H11 H20 H21,,,,
random,8,9,5,5,6,5,0.5555555555555556,0.5555555555555556,0.5555555555555556,0.0008120071142911911,0.9178194454898803,0.9106129301391443,0.9991879928857088,0.9178194454898803,0.4444444444444444,0.4444444444444444,0 1 5 6 7 8,H00 H01 H20 H03 H12 H21,1 5 6 7 8,H01 H20 H03 H12 H21,,,,
random,8,10,5,5,6,5,0.5555555555555556,0.5555555555555556,0.5555555555555556,0.0005567313055507839,0.9399988121673128,0.9381751356156961,0.9994432686944492,0.9399988121673128,0.4444444444444444,0.4444444444444444,0 3 4 5 7 8,H00 H02 H11 H20 H12 H21,3 4 5 7 8,H02 H11 H20 H12 H21,,,,
random,8,11,5,5,6,5,0.5555555555555556,0.5555555555555556,0.5555555555555556,0.0005348528502508998,0.939091434429857,0.9418160655130642,0.9994651471497491,0.939091434429857,0.4444444444444444,0.4444444444444444,0 1 3 4 5 9,H00 H01 H02 H11 H20 H30,1 3 4 5 9,H01 H02 H11 H20 H30,,,,
random,8,12,5,5,6,5,0.5555555555555556,0.5555555555555556,0.5555555555555556,0.0008268578094430268,0.9126863297646451,0.9131841363461143,0.999173142190557,0.9126863297646451,0.4444444444444444,0.4444444444444444,0 3 6 7 8 9,H00 H02 H03 H12 H21 H30,3 6 7 8 9,H02 H03 H12 H21 H30,,,,
random,8,13,5,5,6,5,0.5555555555555556,0.5555555555555556,0.5555555555555556,0.0006048204959370196,0.9360300224456011,0.9372149521047984,0.999395179504063,0.9360300224456011,0.4444444444444444,0.4444444444444444,0 1 3 4 5 8,H00 H01 H02 H11 H20 H21,1 3 4 5 8,H01 H02 H11 H20 H21,,,,
random,8,14,5,5,6,5,0.5555555555555556,0.5555555555555556,0.5555555555555556,0.0008706083172000945,0.9205699898130908,0.8873298011853552,0.9991293916827999,0.9205699898130908,0.4444444444444444,0.4444444444444444,0 2 4 6 7 8,H00 H10 H11 H03 H12 H21,2 4 6 7 8,H10 H11 H03 H12 H21,,,,
random,8,15,5,5,6,5,0.5555555555555556,0.5555555555555556,0.5555555555555556,0.000654900330118835,0.9244129317375199,0.9327312466960015,0.9993450996698812,0.9244129317375199,0.4444444444444444,0.4444444444444444,0 1 3 5 6 9,H00 H01 H02 H20 H03 H30,1 3 5 6 9,H01 H02 H20 H03 H30,,,,
random,8,16,5,5,6,5,0.5555555555555556,0.5555555555555556,0.5555555555555556,0.0008036195649765432,0.9149392266557347,0.9105843561705809,0.9991963804350235,0.9149392266557347,0.4444444444444444,0.4444444444444444,0 2 3 6 8 9,H00 H10 H02 H03 H21 H30,2 3 6 8 9,H10 H02 H03 H21 H30,,,,
random,8,17,5,5,6,5,0.5555555555555556,0.5555555555555556,0.5555555555555556,0.0005501604173332453,0.9371008435917595,0.9446969498125897,0.9994498395826668,0.9371008435917595,0.4444444444444444,0.4444444444444444,0 1 3 4 5 6,H00 H01 H02 H11 H20 H03,1 3 4 5 6,H01 H02 H11 H20 H03,,,,
random,8,18,5,5,6,5,0.5555555555555556,0.5555555555555556,0.5555555555555556,0.0005178775172680616,0.9413361443775871,0.9443579728167959,0.9994821224827319,0.9413361443775871,0.4444444444444444,0.4444444444444444,0 3 4 5 6 7,H00 H02 H11 H20 H03 H12,3 4 5 6 7,H02 H11 H20 H03 H12,,,,
random,8,19,5,5,6,5,0.5555555555555556,0.5555555555555556,0.5555555555555556,0.0008699297904968262,0.9204619085298813,0.888253203624585,0.9991300702095032,0.9204619085298813,0.4444444444444444,0.4444444444444444,0 1 4 6 7 8,H00 H01 H11 H03 H12 H21,1 4 6 7 8,H01 H11 H03 H12 H21,,,,
random,9,0,1,1,2,1,0.1111111111111111,0.1111111111111111,0.1111111111111111,0.0018813424976542592,0.8687248382092798,0.8392101241978032,0.9981186575023457,0.8687248382092798,0.8888888888888888,0.8888888888888888,0 4,H00 H11,4,H11,,,,
random,9,1,1,1,2,1,0.1111111111111111,0.1111111111111111,0.1111111111111111,0.002292333636432886,0.8314072733277657,0.7621516192445523,0.9977076663635671,0.8314072733277657,0.8888888888888888,0.8888888888888888,0 1,H00 H01,1,H01,,,,
random,9,2,1,1,2,1,0.1111111111111111,0.1111111111111111,0.1111111111111111,0.0018652157159522176,0.85566512718088,0.8441736277601063,0.9981347842840478,0.85566512718088,0.8888888888888888,0.8888888888888888,0 5,H00 H20,5,H20,,,,
random,9,3,1,1,2,1,0.1111111111111111,0.1111111111111111,0.1111111111111111,0.0018813424976542592,0.8687248382092798,0.8392101241978032,0.9981186575023457,0.8687248382092798,0.8888888888888888,0.8888888888888888,0 4,H00 H11,4,H11,,,,
random,9,4,1,1,2,1,0.1111111111111111,0.1111111111111111,0.1111111111111111,0.002040333580225706,0.8487431673459293,0.8142503258792364,0.9979596664197743,0.8487431673459293,0.8888888888888888,0.8888888888888888,0 7,H00 H12,7,H12,,,,
random,9,5,1,1,2,1,0.1111111111111111,0.1111111111111111,0.1111111111111111,0.0018652157159522176,0.85566512718088,0.8441736277601063,0.9981347842840478,0.85566512718088,0.8888888888888888,0.8888888888888888,0 5,H00 H20,5,H20,,,,
random,9,6,1,1,2,1,0.1111111111111111,0.1111111111111111,0.1111111111111111,0.002292333636432886,0.8314072733277657,0.7621516192445523,0.9977076663635671,0.8314072733277657,0.8888888888888888,0.8888888888888888,0 1,H00 H01,1,H01,,,,
random,9,7,1,1,2,1,0.1111111111111111,0.1111111111111111,0.1111111111111111,0.0018652157159522176,0.85566512718088,0.8441736277601063,0.9981347842840478,0.85566512718088,0.8888888888888888,0.8888888888888888,0 5,H00 H20,5,H20,,,,
random,9,8,1,1,2,1,0.1111111111111111,0.1111111111111111,0.1111111111111111,0.0018813424976542592,0.8687248382092798,0.8392101241978032,0.9981186575023457,0.8687248382092798,0.8888888888888888,0.8888888888888888,0 4,H00 H11,4,H11,,,,
random,9,9,1,1,2,1,0.1111111111111111,0.1111111111111111,0.1111111111111111,0.0021134645212441683,0.8512975246873634,0.7906227055825796,0.9978865354787558,0.8512975246873634,0.8888888888888888,0.8888888888888888,0 2,H00 H10,2,H10,,,,
random,9,10,1,1,2,1,0.1111111111111111,0.1111111111111111,0.1111111111111111,0.0018652157159522176,0.85566512718088,0.8441736277601063,0.9981347842840478,0.85566512718088,0.8888888888888888,0.8888888888888888,0 5,H00 H20,5,H20,,,,
random,9,11,1,1,2,1,0.1111111111111111,0.1111111111111111,0.1111111111111111,0.001924615353345871,0.8473481196781685,0.8038445318655341,0.9980753846466541,0.8473481196781685,0.8888888888888888,0.8888888888888888,0 3,H00 H02,3,H02,,,,
random,9,12,1,1,2,1,0.1111111111111111,0.1111111111111111,0.1111111111111111,0.001979915890842676,0.84921199316325,0.854120023197297,0.9980200841091573,0.84921199316325,0.8888888888888888,0.8888888888888888,0 8,H00 H21,8,H21,,,,
random,9,13,1,1,2,1,0.1111111111111111,0.1111111111111111,0.1111111111111111,0.0018652157159522176,0.85566512718088,0.8441736277601063,0.9981347842840478,0.85566512718088,0.8888888888888888,0.8888888888888888,0 5,H00 H20,5,H20,,,,
random,9,14,1,1,2,1,0.1111111111111111,0.1111111111111111,0.1111111111111111,0.0018652157159522176,0.85566512718088,0.8441736277601063,0.9981347842840478,0.85566512718088,0.8888888888888888,0.8888888888888888,0 5,H00 H20,5,H20,,,,
random,9,15,1,1,2,1,0.1111111111111111,0.1111111111111111,0.1111111111111111,0.0021134645212441683,0.8512975246873634,0.7906227055825796,0.9978865354787558,0.8512975246873634,0.8888888888888888,0.8888888888888888,0 2,H00 H10,2,H10,,,,
random,9,16,1,1,2,1,0.1111111111111111,0.1111111111111111,0.1111111111111111,0.002040333580225706,0.8487431673459293,0.8142503258792364,0.9979596664197743,0.8487431673459293,0.8888888888888888,0.8888888888888888,0 7,H00 H12,7,H12,,,,
random,9,17,1,1,2,1,0.1111111111111111,0.1111111111111111,0.1111111111111111,0.0018813424976542592,0.8687248382092798,0.8392101241978032,0.9981186575023457,0.8687248382092798,0.8888888888888888,0.8888888888888888,0 4,H00 H11,4,H11,,,,
random,9,18,1,1,2,1,0.1111111111111111,0.1111111111111111,0.1111111111111111,0.0018652157159522176,0.85566512718088,0.8441736277601063,0.9981347842840478,0.85566512718088,0.8888888888888888,0.8888888888888888,0 5,H00 H20,5,H20,,,,
random,9,19,1,1,2,1,0.1111111111111111,0.1111111111111111,0.1111111111111111,0.002292333636432886,0.8314072733277657,0.7621516192445523,0.9977076663635671,0.8314072733277657,0.8888888888888888,0.8888888888888888,0 1,H00 H01,1,H01,,,,
random,9,0,3,3,4,3,0.3333333333333333,0.3333333333333333,0.3333333333333333,0.000989809399470687,0.9211250531723043,0.9219510821201259,0.9990101906005293,0.9211250531723043,0.6666666666666667,0.6666666666666667,0 3 5 8,H00 H02 H20 H21,3 5 8,H02 H20 H21,,,,
random,9,1,3,3,4,3,0.3333333333333333,0.3333333333333333,0.3333333333333333,0.0011290318798273802,0.9125857171774194,0.9141092572785251,0.9988709681201726,0.9125857171774194,0.6666666666666667,0.6666666666666667,0 1 7 8,H00 H01 H12 H21,1 7 8,H01 H12 H21,,,,
random,9,2,3,3,4,3,0.3333333333333333,0.3333333333333333,0.3333333333333333,0.0009401680435985327,0.9238294773733998,0.9189903373922451,0.9990598319564015,0.9238294773733998,0.6666666666666667,0.6666666666666667,0 2 3 5,H00 H10 H02 H20,2 3 5,H10 H02 H20,,,,
random,9,3,3,3,4,3,0.3333333333333333,0.3333333333333333,0.3333333333333333,0.0015129082603380084,0.8834491379638773,0.8588709161965759,0.998487091739662,0.8834491379638773,0.6666666666666667,0.6666666666666667,0 2 3 9,H00 H10 H02 H30,2 3 9,H10 H02 H30,,,,
random,9,4,3,3,4,3,0.3333333333333333,0.3333333333333333,0.3333333333333333,0.0013964559184387326,0.9039422958340677,0.8679696711268404,0.9986035440815613,0.9039422958340677,0.6666666666666667,0.6666666666666667,0 2 4 6,H00 H10 H11 H03,2 4 6,H10 H11 H03,,,,
random,9,5,3,3,4,3,0.3333333333333333,0.3333333333333333,0.3333333333333333,0.00113095180131495,0.9102081332563928,0.9149403560552917,0.998869048198685,0.9102081332563928,0.6666666666666667,0.6666666666666667,0 6 7 8,H00 H03 H12 H21,6 7 8,H03 H12 H21,,,,
random,9,6,3,3,4,3,0.3333333333333333,0.3333333333333333,0.3333333333333333,0.001069297781214118,0.9199785259502467,0.9013284309930175,0.9989307022187859,0.9199785259502467,0.6666666666666667,0.6666666666666667,0 2 4 5,H00 H10 H11 H20,2 4 5,H10 H11 H20,,,,
random,9,7,3,3,4,3,0.3333333333333333,0.3333333333333333,0.3333333333333333,0.0015432111686095595,0.8840598724383804,0.8776643344110755,0.9984567888313904,0.8840598724383804,0.6666666666666667,0.6666666666666667,0 1 8 9,H00 H01 H21 H30,1 8 9,H01 H21 H30,,,,
random,9,8,3,3,4,3,0.3333333333333333,0.3333333333333333,0.3333333333333333,0.0011290318798273802,0.9125857171774194,0.9141092572785251,0.9988709681201726,0.9125857171774194,0.6666666666666667,0.6666666666666667,0 1 7 8,H00 H01 H12 H21,1 7 8,H01 H12 H21,,,,
random,9,9,3,3,4,3,0.3333333333333333,0.3333333333333333,0.3333333333333333,0.0014382561203092337,0.8987463318856874,0.8861054220210103,0.9985617438796908,0.8987463318856874,0.6666666666666667,0.6666666666666667,0 4 6 8,H00 H11 H03 H21,4 6 8,H11 H03 H21,,,,
random,9,10,3,3,4,3,0.3333333333333333,0.3333333333333333,0.3333333333333333,0.0015310540329664946,0.8835286835206321,0.8800424783752071,0.9984689459670335,0.8835286835206321,0.6666666666666667,0.6666666666666667,0 1 5 6,H00 H01 H20 H03,1 5 6,H01 H20 H03,,,,
random,9,11,3,3,4,3,0.3333333333333333,0.3333333333333333,0.3333333333333333,0.0016392774414271116,0.8858070802895903,0.8528230955501545,0.9983607225585729,0.8858070802895903,0.6666666666666667,0.6666666666666667,0 1 4 6,H00 H01 H11 H03,1 4 6,H01 H11 H03,,,,
random,9,12,3,3,4,3,0.3333333333333333,0.3333333333333333,0.3333333333333333,0.0011135657550767064,0.9151580972014511,0.9147095482860713,0.9988864342449233,0.9151580972014511,0.6666666666666667,0.6666666666666667,0 2 7 8,H00 H10 H12 H21,2 7 8,H10 H12 H21,,,,
random,9,13,3,3,4,3,0.3333333333333333,0.3333333333333333,0.3333333333333333,0.0008714161813259125,0.9349319519171675,0.9254556175987733,0.9991285838186741,0.9349319519171675,0.6666666666666667,0.6666666666666667,0 4 5 7,H00 H11 H20 H12,4 5 7,H11 H20 H12,,,,
random,9,14,3,3,4,3,0.3333333333333333,0.3333333333333333,0.3333333333333333,0.0015310540329664946,0.8835286835206321,0.8800424783752071,0.9984689459670335,0.8835286835206321,0.6666666666666667,0.6666666666666667,0 1 5 6,H00 H01 H20 H03,1 5 6,H01 H20 H03,,,,
random,9,15,3,3,4,3,0.3333333333333333,0.3333333333333333,0.3333333333333333,0.001415141741745174,0.9019124811021312,0.8694476217813596,0.9985848582582548,0.9019124811021312,0.6666666666666667,0.6666666666666667,0 1 4 9,H00 H01 H11 H30,1 4 9,H01 H11 H30,,,,
random,9,16,3,3,4,3,0.3333333333333333,0.3333333333333333,0.3333333333333333,0.001529688248410821,0.882535089502791,0.8528138469967763,0.9984703117515892,0.882535089502791,0.6666666666666667,0.6666666666666667,0 2 3 7,H00 H10 H02 H12,2 3 7,H10 H02 H12,,,,
random,9,17,3,3,4,3,0.3333333333333333,0.3333333333333333,0.3333333333333333,0.000970866996794939,0.9223144042187157,0.9189607126196734,0.9990291330032051,0.9223144042187157,0.6666666666666667,0.6666666666666667,0 3 8 9,H00 H02 H21 H30,3 8 9,H02 H21 H30,,,,
random,9,18,3,3,4,3,0.3333333333333333,0.3333333333333333,0.3333333333333333,0.0011624365579336882,0.9138990543720696,0.8816226240021506,0.9988375634420663,0.9138990543720696,0.6666666666666667,0.6666666666666667,0 1 3 4,H00 H01 H02 H11,1 3 4,H01 H02 H11,,,,
random,9,19,3,3,4,3,0.3333333333333333,0.3333333333333333,0.3333333333333333,0.001565099461004138,0.8889721337790013,0.8360162782901398,0.9984349005389959,0.8889721337790013,0.6666666666666667,0.6666666666666667,0 1 2 6,H00 H01 H10 H03,1 2 6,H01 H10 H03,,,,
random,9,0,5,5,6,5,0.5555555555555556,0.5555555555555556,0.5555555555555556,0.000930416805204004,0.923111454210511,0.9270788083554158,0.999069583194796,0.923111454210511,0.4444444444444444,0.4444444444444444,0 2 5 6 7 9,H00 H10 H20 H03 H12 H30,2 5 6 7 9,H10 H20 H03 H12 H30,,,,
random,9,1,5,5,6,5,0.5555555555555556,0.5555555555555556,0.5555555555555556,0.0011065101716667414,0.9160673799664314,0.9120887121095882,0.9988934898283333,0.9160673799664314,0.4444444444444444,0.4444444444444444,0 1 2 6 7 8,H00 H01 H10 H03 H12 H21,1 2 6 7 8,H01 H10 H03 H12 H21,,,,
random,9,2,5,5,6,5,0.5555555555555556,0.5555555555555556,0.5555555555555556,0.0006894622929394245,0.9479708621958348,0.9405119251484628,0.9993105377070606,0.9479708621958348,0.4444444444444444,0.4444444444444444,0 2 3 4 5 6,H00 H10 H02 H11 H20 H03,2 3 4 5 6,H10 H02 H11 H20 H03,,,,
random,9,3,5,5,6,5,0.5555555555555556,0.5555555555555556,0.5555555555555556,0.0009648593841120601,0.9312133223403082,0.9161554462713128,0.9990351406158879,0.9312133223403082,0.4444444444444444,0.4444444444444444,0 4 6 7 8 9,H00 H11 H03 H12 H21 H30,4 6 7 8 9,H11 H03 H12 H21 H30,,,,
random,9,4,5,5,6,5,0.5555555555555556,0.5555555555555556,0.5555555555555556,0.001206584507599473,0.9199821343124976,0.8769706454776109,0.9987934154924005,0.9199821343124976,0.4444444444444444,0.4444444444444444,0 1 4 6 7 9,H00 H01 H11 H03 H12 H30,1 4 6 7 9,H01 H11 H03 H12 H30,,,,
random,9,5,5,5,6,5,0.5555555555555556,0.5555555555555556,0.5555555555555556,0.0006894622929394245,0.9479708621958348,0.9405119251484628,0.9993105377070606,0.9479708621958348,0.4444444444444444,0.4444444444444444,0 2 3 4 5 6,H00 H10 H02 H11 H20 H03,2 3 4 5 6,H10 H02 H11 H20 H03,,,,
random,9,6,5,5,6,5,0.5555555555555556,0.5555555555555556,0.5555555555555556,0.0009648593841120601,0.9312133223403082,0.9161554462713128,0.9990351406158879,0.9312133223403082,0.4444444444444444,0.4444444444444444,0 4 6 7 8 9,H00 H11 H03 H12 H21 H30,4 6 7 8 9,H11 H03 H12 H21 H30,,,,
random,9,7,5,5,6,5,0.5555555555555556,0.5555555555555556,0.5555555555555556,0.0012576538138091564,0.8992186836747721,0.8916418870080567,0.9987423461861908,0.8992186836747721,0.4444444444444444,0.4444444444444444,0 1 5 6 8 9,H00 H01 H20 H03 H21 H30,1 5 6 8 9,H01 H20 H03 H21 H30,,,,
random,9,8,5,5,6,5,0.5555555555555556,0.5555555555555556,0.5555555555555556,0.0007155841449275613,0.9450420975755993,0.9379325206293914,0.9992844158550724,0.9450420975755993,0.4444444444444444,0.4444444444444444,0 1 2 3 4 5,H00 H01 H10 H02 H11 H20,1 2 3 4 5,H01 H10 H02 H11 H20,,,,
random,9,9,5,5,6,5,0.5555555555555556,0.5555555555555556,0.5555555555555556,0.0007728572236374021,0.9338784955627994,0.9412491469352734,0.9992271427763626,0.9338784955627994,0.4444444444444444,0.4444444444444444,0 3 5 7 8 9,H00 H02 H20 H12 H21 H30,3 5 7 8 9,H02 H20 H12 H21 H30,,,,
random,9,10,5,5,6,5,0.5555555555555556,0.5555555555555556,0.5555555555555556,0.0010128157446160913,0.9262122321391077,0.9008292807036344,0.9989871842553839,0.9262122321391077,0.4444444444444444,0.4444444444444444,0 1 3 4 7 9,H00 H01 H02 H11 H12 H30,1 3 4 7 9,H01 H02 H11 H12 H30,,,,
random,9,11,5,5,6,5,0.5555555555555556,0.5555555555555556,0.5555555555555556,0.0008054072968661785,0.9350182050473624,0.9309139899648367,0.9991945927031338,0.9350182050473624,0.4444444444444444,0.4444444444444444,0 1 2 3 5 8,H00 H01 H10 H02 H20 H21,1 2 3 5 8,H01 H10 H02 H20 H21,,,,
random,9,12,5,5,6,5,0.5555555555555556,0.5555555555555556,0.5555555555555556,0.0009615962626412511,0.9179906946796299,0.9243947734616855,0.9990384037373587,0.9179906946796299,0.4444444444444444,0.4444444444444444,0 1 3 6 7 8,H00 H01 H02 H03 H12 H21,1 3 6 7 8,H01 H02 H03 H12 H21,,,,
random,9,13,5,5,6,5,0.5555555555555556,0.5555555555555556,0.5555555555555556,0.000744673132430762,0.9417719713076683,0.9383571080130031,0.9992553268675692,0.9417719713076683,0.4444444444444444,0.4444444444444444,0 1 3 4 8 9,H00 H01 H02 H11 H21 H30,1 3 4 8 9,H01 H02 H11 H21 H30,,,,
random,9,14,5,5,6,5,0.5555555555555556,0.5555555555555556,0.5555555555555556,0.0009749411256052554,0.9258066181372518,0.9117479102118548,0.9990250588743947,0.9258066181372518,0.4444444444444444,0.4444444444444444,0 1 2 4 5 9,H00 H01 H10 H11 H20 H30,1 2 4 5 9,H01 H10 H11 H20 H30,,,,
random,9,15,5,5,6,5,0.5555555555555556,0.5555555555555556,0.5555555555555556,0.0014084724243730307,0.9013388418857181,0.8473488626100364,0.998591527575627,0.9013388418857181,0.4444444444444444,0.4444444444444444,0 1 2 6 7 9,H00 H01 H10 H03 H12 H30,1 2 6 7 9,H01 H10 H03 H12 H30,,,,
random,9,16,5,5,6,5,0.5555555555555556,0.5555555555555556,0.5555555555555556,0.0009749411256052554,0.9258066181372518,0.9117479102118548,0.9990250588743947,0.9258066181372518,0.4444444444444444,0.4444444444444444,0 1 2 4 5 9,H00 H01 H10 H11 H20 H30,1 2 4 5 9,H01 H10 H11 H20 H30,,,,
random,9,17,5,5,6,5,0.5555555555555556,0.5555555555555556,0.5555555555555556,0.0009615962626412511,0.9179906946796299,0.9243947734616855,0.9990384037373587,0.9179906946796299,0.4444444444444444,0.4444444444444444,0 1 3 6 7 8,H00 H01 H02 H03 H12 H21,1 3 6 7 8,H01 H02 H03 H12 H21,,,,
random,9,18,5,5,6,5,0.5555555555555556,0.5555555555555556,0.5555555555555556,0.0012037681881338358,0.9206374901901669,0.8779974762103788,0.9987962318118662,0.9206374901901669,0.4444444444444444,0.4444444444444444,0 1 2 4 6 7,H00 H01 H10 H11 H03 H12,1 2 4 6 7,H01 H10 H11 H03 H12,,,,
random,9,19,5,5,6,5,0.5555555555555556,0.5555555555555556,0.5555555555555556,0.0007832176052033901,0.9411416108610372,0.9331255134609967,0.9992167823947966,0.9411416108610372,0.4444444444444444,0.4444444444444444,0 1 4 5 7 8,H00 H01 H11 H20 H12 H21,1 4 5 7 8,H01 H11 H20 H12 H21,,,,
top-k energy,0,,1,1,2,1,0.1111111111111111,0.1111111111111111,0.1111111111111111,0.002229262376204133,0.7924616533651612,0.7374132670292768,0.9977707376237959,0.7924616533651612,0.8888888888888888,0.8888888888888888,0 9,H00 H30,9,H30,,,,
top-k energy,0,,3,3,4,3,0.3333333333333333,0.3333333333333333,0.3333333333333333,0.001366655807942152,0.8635175067069857,0.827516457771412,0.9986333441920578,0.8635175067069857,0.6666666666666667,0.6666666666666667,0 1 2 9,H00 H01 H10 H30,1 2 9,H01 H10 H30,,,,
top-k energy,0,,5,5,6,5,0.5555555555555556,0.5555555555555556,0.5555555555555556,0.0012173228897154331,0.8833600251484711,0.8556438587354348,0.9987826771102846,0.8833600251484711,0.4444444444444444,0.4444444444444444,0 1 2 6 7 9,H00 H01 H10 H03 H12 H30,1 2 6 7 9,H01 H10 H03 H12 H30,,,,
top-k energy,1,,1,1,2,1,0.1111111111111111,0.1111111111111111,0.1111111111111111,0.002058710902929306,0.8435477589508441,0.6908360161367588,0.9979412890970707,0.8435477589508441,0.8888888888888888,0.8888888888888888,0 2,H00 H10,2,H10,,,,
top-k energy,1,,3,3,4,3,0.3333333333333333,0.3333333333333333,0.3333333333333333,0.0020379628986120224,0.8458299920955112,0.7019594337348987,0.997962037101388,0.8458299920955112,0.6666666666666667,0.6666666666666667,0 2 7 9,H00 H10 H12 H30,2 7 9,H10 H12 H30,,,,
top-k energy,1,,5,5,6,5,0.5555555555555556,0.5555555555555556,0.5555555555555556,0.001622324576601386,0.8804388207679129,0.7682529938031973,0.9983776754233986,0.8804388207679129,0.4444444444444444,0.4444444444444444,0 1 2 6 7 9,H00 H01 H10 H03 H12 H30,1 2 6 7 9,H01 H10 H03 H12 H30,,,,
top-k energy,2,,1,1,2,1,0.1111111111111111,0.1111111111111111,0.1111111111111111,0.001955382525920868,0.8439431078909198,0.7685453811031228,0.9980446174740791,0.8439431078909198,0.8888888888888888,0.8888888888888888,0 2,H00 H10,2,H10,,,,
top-k energy,2,,3,3,4,3,0.3333333333333333,0.3333333333333333,0.3333333333333333,0.0015360420802608132,0.8831939901027045,0.8095531877445805,0.9984639579197392,0.8831939901027045,0.6666666666666667,0.6666666666666667,0 1 2 9,H00 H01 H10 H30,1 2 9,H01 H10 H30,,,,
top-k energy,2,,5,5,6,5,0.5555555555555556,0.5555555555555556,0.5555555555555556,0.001370418700389564,0.8956787946869871,0.8394630471929541,0.9986295812996104,0.8956787946869871,0.4444444444444444,0.4444444444444444,0 1 2 6 7 9,H00 H01 H10 H03 H12 H30,1 2 6 7 9,H01 H10 H03 H12 H30,,,,
top-k energy,3,,1,1,2,1,0.1111111111111111,0.1111111111111111,0.1111111111111111,0.0019501778297126293,0.7832283634652564,0.7859856169280933,0.9980498221702874,0.7832283634652564,0.8888888888888888,0.8888888888888888,0 2,H00 H10,2,H10,,,,
top-k energy,3,,3,3,4,3,0.3333333333333333,0.3333333333333333,0.3333333333333333,0.00157778593711555,0.8178806526588628,0.8282445319352,0.9984222140628844,0.8178806526588628,0.6666666666666667,0.6666666666666667,0 1 2 9,H00 H01 H10 H30,1 2 9,H01 H10 H30,,,,
top-k energy,3,,5,5,6,5,0.5555555555555556,0.5555555555555556,0.5555555555555556,0.0014200597070157528,0.8399024483494186,0.8571044631434356,0.9985799402929842,0.8399024483494186,0.4444444444444444,0.4444444444444444,0 1 2 6 7 9,H00 H01 H10 H03 H12 H30,1 2 6 7 9,H01 H10 H03 H12 H30,,,,
top-k energy,4,,1,1,2,1,0.1111111111111111,0.1111111111111111,0.1111111111111111,0.0023624300956726074,0.8354859318945216,0.7734737730033885,0.9976375699043274,0.8354859318945216,0.8888888888888888,0.8888888888888888,0 9,H00 H30,9,H30,,,,
top-k energy,4,,3,3,4,3,0.3333333333333333,0.3333333333333333,0.3333333333333333,0.001171842566691339,0.9177778275876209,0.8562283166907579,0.9988281574333087,0.9177778275876209,0.6666666666666667,0.6666666666666667,0 1 2 9,H00 H01 H10 H30,1 2 9,H01 H10 H30,,,,
top-k energy,4,,5,5,6,5,0.5555555555555556,0.5555555555555556,0.5555555555555556,0.0010267228353768587,0.9299496357881782,0.8808065321419208,0.9989732771646231,0.9299496357881782,0.4444444444444444,0.4444444444444444,0 1 2 6 7 9,H00 H01 H10 H03 H12 H30,1 2 6 7 9,H01 H10 H03 H12 H30,,,,
top-k energy,5,,1,1,2,1,0.1111111111111111,0.1111111111111111,0.1111111111111111,0.000965139945037663,0.8844184473901101,0.8330233107339563,0.9990348600549623,0.8844184473901101,0.8888888888888888,0.8888888888888888,0 6,H00 H03,6,H03,,,,
top-k energy,5,,3,3,4,3,0.3333333333333333,0.3333333333333333,0.3333333333333333,0.0007130764424800873,0.920071712944227,0.8509370639595583,0.9992869235575199,0.920071712944227,0.6666666666666667,0.6666666666666667,0 1 6 9,H00 H01 H03 H30,1 6 9,H01 H03 H30,,,,
top-k energy,5,,5,5,6,5,0.5555555555555556,0.5555555555555556,0.5555555555555556,0.0006355998339131474,0.9280186078370539,0.8623631820166047,0.9993644001660869,0.9280186078370539,0.4444444444444444,0.4444444444444444,0 1 2 6 8 9,H00 H01 H10 H03 H21 H30,1 2 6 8 9,H01 H10 H03 H21 H30,,,,
top-k energy,6,,1,1,2,1,0.1111111111111111,0.1111111111111111,0.1111111111111111,0.0011982002761214972,0.8875442219767432,0.8273179946394303,0.9988017997238785,0.8875442219767432,0.8888888888888888,0.8888888888888888,0 2,H00 H10,2,H10,,,,
top-k energy,6,,3,3,4,3,0.3333333333333333,0.3333333333333333,0.3333333333333333,0.0008389481226913631,0.9233967135665887,0.8570348768881743,0.9991610518773086,0.9233967135665887,0.6666666666666667,0.6666666666666667,0 1 2 9,H00 H01 H10 H30,1 2 9,H01 H10 H30,,,,
top-k energy,6,,5,5,6,5,0.5555555555555556,0.5555555555555556,0.5555555555555556,0.0007845622021704912,0.9347560660920231,0.8676071475019349,0.9992154377978295,0.9347560660920231,0.4444444444444444,0.4444444444444444,0 1 2 6 7 9,H00 H01 H10 H03 H12 H30,1 2 6 7 9,H01 H10 H03 H12 H30,,,,
top-k energy,7,,1,1,2,1,0.1111111111111111,0.1111111111111111,0.1111111111111111,0.0027864561416208744,0.7216193373719237,0.6800317422561691,0.9972135438583791,0.7216193373719237,0.8888888888888888,0.8888888888888888,0 1,H00 H01,1,H01,,,,
top-k energy,7,,3,3,4,3,0.3333333333333333,0.3333333333333333,0.3333333333333333,0.0024683806113898754,0.7600131523036857,0.7116625562023642,0.9975316193886101,0.7600131523036857,0.6666666666666667,0.6666666666666667,0 1 2 6,H00 H01 H10 H03,1 2 6,H01 H10 H03,,,,
top-k energy,7,,5,5,6,5,0.5555555555555556,0.5555555555555556,0.5555555555555556,0.0022902030032128096,0.7842709488378269,0.7440016555766127,0.9977097969967872,0.7842709488378269,0.4444444444444444,0.4444444444444444,0 1 2 6 8 9,H00 H01 H10 H03 H21 H30,1 2 6 8 9,H01 H10 H03 H21 H30,,,,
top-k energy,8,,1,1,2,1,0.1111111111111111,0.1111111111111111,0.1111111111111111,0.0017829220741987228,0.8546384580074987,0.7710453014933107,0.9982170779258013,0.8546384580074987,0.8888888888888888,0.8888888888888888,0 2,H00 H10,2,H10,,,,
top-k energy,8,,3,3,4,3,0.3333333333333333,0.3333333333333333,0.3333333333333333,0.0011434752959758043,0.8917045949966017,0.839874409749351,0.9988565247040242,0.8917045949966017,0.6666666666666667,0.6666666666666667,0 1 2 9,H00 H01 H10 H30,1 2 9,H01 H10 H30,,,,
top-k energy,8,,5,5,6,5,0.5555555555555556,0.5555555555555556,0.5555555555555556,0.0010636351071298122,0.8991784304646193,0.8602413980776025,0.9989363648928702,0.8991784304646193,0.4444444444444444,0.4444444444444444,0 1 2 6 7 9,H00 H01 H10 H03 H12 H30,1 2 6 7 9,H01 H10 H03 H12 H30,,,,
top-k energy,9,,1,1,2,1,0.1111111111111111,0.1111111111111111,0.1111111111111111,0.0021134645212441683,0.8512975246873634,0.7906227055825796,0.9978865354787558,0.8512975246873634,0.8888888888888888,0.8888888888888888,0 2,H00 H10,2,H10,,,,
top-k energy,9,,3,3,4,3,0.3333333333333333,0.3333333333333333,0.3333333333333333,0.0015627974644303322,0.8888455141871707,0.8316923421798278,0.9984372025355697,0.8888455141871707,0.6666666666666667,0.6666666666666667,0 1 2 9,H00 H01 H10 H30,1 2 9,H01 H10 H30,,,,
top-k energy,9,,5,5,6,5,0.5555555555555556,0.5555555555555556,0.5555555555555556,0.0014084724243730307,0.9013388418857181,0.8473488626100364,0.998591527575627,0.9013388418857181,0.4444444444444444,0.4444444444444444,0 1 2 6 7 9,H00 H01 H10 H03 H12 H30,1 2 6 7 9,H01 H10 H03 H12 H30,,,,
greedy,0,,1,1,2,1,0.1111111111111111,0.1111111111111111,0.1111111111111111,0.0018465451430529356,0.8491955669984381,0.8000755763322939,0.9981534548569471,0.8491955669984381,0.8888888888888888,0.8888888888888888,0 4,H00 H11,4,H11,,,,
greedy,0,,3,3,4,3,0.3333333333333333,0.3333333333333333,0.3333333333333333,0.0008219487499445677,0.9170097135157987,0.9240420535212669,0.9991780512500554,0.9170097135157987,0.6666666666666667,0.6666666666666667,0 3 4 5,H00 H02 H11 H20,3 4 5,H02 H11 H20,,,,
greedy,0,,5,5,6,5,0.5555555555555556,0.5555555555555556,0.5555555555555556,0.0006972600240260363,0.9256448902003689,0.9309794368988454,0.999302739975974,0.9256448902003689,0.4444444444444444,0.4444444444444444,0 3 4 5 6 7,H00 H02 H11 H20 H03 H12,3 4 5 6 7,H02 H11 H20 H03 H12,,,,
greedy,1,,1,1,2,1,0.1111111111111111,0.1111111111111111,0.1111111111111111,0.0019773303065449,0.8466038473845237,0.7835916024371824,0.9980226696934551,0.8466038473845237,0.8888888888888888,0.8888888888888888,0 5,H00 H20,5,H20,,,,
greedy,1,,3,3,4,3,0.3333333333333333,0.3333333333333333,0.3333333333333333,0.0010207341983914375,0.9165832582821318,0.8905574204936064,0.9989792658016086,0.9165832582821318,0.6666666666666667,0.6666666666666667,0 3 4 5,H00 H02 H11 H20,3 4 5,H02 H11 H20,,,,
greedy,1,,5,5,6,5,0.5555555555555556,0.5555555555555556,0.5555555555555556,0.0009097519796341658,0.9259212019008348,0.8993993512214989,0.9990902480203658,0.9259212019008348,0.4444444444444444,0.4444444444444444,0 3 4 5 8 9,H00 H02 H11 H20 H21 H30,3 4 5 8 9,H02 H11 H20 H21 H30,,,,
greedy,2,,1,1,2,1,0.1111111111111111,0.1111111111111111,0.1111111111111111,0.00183517683763057,0.8671002971112516,0.7968831229600557,0.9981648231623694,0.8671002971112516,0.8888888888888888,0.8888888888888888,0 4,H00 H11,4,H11,,,,
greedy,2,,3,3,4,3,0.3333333333333333,0.3333333333333333,0.3333333333333333,0.000933998788241297,0.9269054274602962,0.9228571954210175,0.9990660012117587,0.9269054274602962,0.6666666666666667,0.6666666666666667,0 3 4 5,H00 H02 H11 H20,3 4 5,H02 H11 H20,,,,
greedy,2,,5,5,6,5,0.5555555555555556,0.5555555555555556,0.5555555555555556,0.0008217600407078862,0.9351554508636596,0.9282631700646523,0.9991782399592921,0.9351554508636596,0.4444444444444444,0.4444444444444444,0 3 4 5 6 9,H00 H02 H11 H20 H03 H30,3 4 5 6 9,H02 H11 H20 H03 H30,,,,
greedy,3,,1,1,2,1,0.1111111111111111,0.1111111111111111,0.1111111111111111,0.0018200192134827375,0.8062764683939897,0.8268150894594188,0.9981799807865173,0.8062764683939897,0.8888888888888888,0.8888888888888888,0 7,H00 H12,7,H12,,,,
greedy,3,,3,3,4,3,0.3333333333333333,0.3333333333333333,0.3333333333333333,0.001143688103184104,0.8710899705357416,0.8916213822148106,0.9988563118968159,0.8710899705357416,0.6666666666666667,0.6666666666666667,0 4 7 8,H00 H11 H12 H21,4 7 8,H11 H12 H21,,,,
greedy,3,,5,5,6,5,0.5555555555555556,0.5555555555555556,0.5555555555555556,0.000996787566691637,0.8855879110650698,0.9121888591026326,0.9990032124333084,0.8855879110650698,0.4444444444444444,0.4444444444444444,0 3 4 5 7 8,H00 H02 H11 H20 H12 H21,3 4 5 7 8,H02 H11 H20 H12 H21,,,,
greedy,4,,1,1,2,1,0.1111111111111111,0.1111111111111111,0.1111111111111111,0.0017359612975269556,0.8911569506709556,0.860520270310034,0.998264038702473,0.8911569506709556,0.8888888888888888,0.8888888888888888,0 4,H00 H11,4,H11,,,,
greedy,4,,3,3,4,3,0.3333333333333333,0.3333333333333333,0.3333333333333333,0.0006914775585755706,0.9512588379641067,0.9472546466748477,0.9993085224414244,0.9512588379641067,0.6666666666666667,0.6666666666666667,0 3 4 5,H00 H02 H11 H20,3 4 5,H02 H11 H20,,,,
greedy,4,,5,5,6,5,0.5555555555555556,0.5555555555555556,0.5555555555555556,0.0005187831120565534,0.9620332437945036,0.9514127649675129,0.9994812168879434,0.9620332437945036,0.4444444444444444,0.4444444444444444,0 3 4 5 6 7,H00 H02 H11 H20 H03 H12,3 4 5 6 7,H02 H11 H20 H03 H12,,,,
greedy,5,,1,1,2,1,0.1111111111111111,0.1111111111111111,0.1111111111111111,0.0008057898376137018,0.9136342033300898,0.8436819233896677,0.9991942101623863,0.9136342033300898,0.8888888888888888,0.8888888888888888,0 1,H00 H01,1,H01,,,,
greedy,5,,3,3,4,3,0.3333333333333333,0.3333333333333333,0.3333333333333333,0.0004739481082651764,0.9490296655687792,0.9066052009378468,0.9995260518917348,0.9490296655687792,0.6666666666666667,0.6666666666666667,0 1 4 7,H00 H01 H11 H12,1 4 7,H01 H11 H12,,,,
greedy,5,,5,5,6,5,0.5555555555555556,0.5555555555555556,0.5555555555555556,0.00032331797410734,0.9610637999388891,0.94478116818689,0.9996766820258927,0.9610637999388891,0.4444444444444444,0.4444444444444444,0 1 3 4 5 7,H00 H01 H02 H11 H20 H12,1 3 4 5 7,H01 H02 H11 H20 H12,,,,
greedy,6,,1,1,2,1,0.1111111111111111,0.1111111111111111,0.1111111111111111,0.0012292885221540928,0.9079313812761897,0.8220528106610733,0.9987707114778459,0.9079313812761897,0.8888888888888888,0.8888888888888888,0 3,H00 H02,3,H02,,,,
greedy,6,,3,3,4,3,0.3333333333333333,0.3333333333333333,0.3333333333333333,0.00042539057903923094,0.9627984907482524,0.9451087791321116,0.9995746094209608,0.9627984907482524,0.6666666666666667,0.6666666666666667,0 3 4 5,H00 H02 H11 H20,3 4 5,H02 H11 H20,,,,
greedy,6,,5,5,6,5,0.5555555555555556,0.5555555555555556,0.5555555555555556,0.0003188301343470812,0.9696063874876315,0.955320413743783,0.9996811698656529,0.9696063874876315,0.4444444444444444,0.4444444444444444,0 3 4 5 6 9,H00 H02 H11 H20 H03 H30,3 4 5 6 9,H02 H11 H20 H03 H30,,,,
greedy,7,,1,1,2,1,0.1111111111111111,0.1111111111111111,0.1111111111111111,0.002632418181747198,0.7548979009976711,0.7146419259560387,0.9973675818182528,0.7548979009976711,0.8888888888888888,0.8888888888888888,0 4,H00 H11,4,H11,,,,
greedy,7,,3,3,4,3,0.3333333333333333,0.3333333333333333,0.3333333333333333,0.0017525076400488615,0.8380722641749982,0.8374746966776381,0.9982474923599511,0.8380722641749982,0.6666666666666667,0.6666666666666667,0 3 4 5,H00 H02 H11 H20,3 4 5,H02 H11 H20,,,,
greedy,7,,5,5,6,5,0.5555555555555556,0.5555555555555556,0.5555555555555556,0.001609759870916605,0.8506529172627736,0.8535440527414418,0.9983902401290834,0.8506529172627736,0.4444444444444444,0.4444444444444444,0 3 4 5 6 7,H00 H02 H11 H20 H03 H12,3 4 5 6 7,H02 H11 H20 H03 H12,,,,
greedy,8,,1,1,2,1,0.1111111111111111,0.1111111111111111,0.1111111111111111,0.00148819200694561,0.8582607531758395,0.8444001478464235,0.9985118079930544,0.8582607531758395,0.8888888888888888,0.8888888888888888,0 3,H00 H02,3,H02,,,,
greedy,8,,3,3,4,3,0.3333333333333333,0.3333333333333333,0.3333333333333333,0.000634961761534214,0.934013288472552,0.9377710369269621,0.9993650382384658,0.934013288472552,0.6666666666666667,0.6666666666666667,0 3 4 5,H00 H02 H11 H20,3 4 5,H02 H11 H20,,,,
greedy,8,,5,5,6,5,0.5555555555555556,0.5555555555555556,0.5555555555555556,0.0005024517886340618,0.9408218765478497,0.9469387473376346,0.9994975482113659,0.9408218765478497,0.4444444444444444,0.4444444444444444,0 3 4 5 6 9,H00 H02 H11 H20 H03 H30,3 4 5 6 9,H02 H11 H20 H03 H30,,,,
greedy,9,,1,1,2,1,0.1111111111111111,0.1111111111111111,0.1111111111111111,0.0018813424976542592,0.8687248382092798,0.8392101241978032,0.9981186575023457,0.8687248382092798,0.8888888888888888,0.8888888888888888,0 4,H00 H11,4,H11,,,,
greedy,9,,3,3,4,3,0.3333333333333333,0.3333333333333333,0.3333333333333333,0.0008054295904003084,0.9396085455287225,0.9387115997510275,0.9991945704095997,0.9396085455287225,0.6666666666666667,0.6666666666666667,0 3 4 5,H00 H02 H11 H20,3 4 5,H02 H11 H20,,,,
greedy,9,,5,5,6,5,0.5555555555555556,0.5555555555555556,0.5555555555555556,0.0006468939245678484,0.9508999620656196,0.945800267624041,0.9993531060754322,0.9508999620656196,0.4444444444444444,0.4444444444444444,0 3 4 5 6 9,H00 H02 H11 H20 H03 H30,3 4 5 6 9,H02 H11 H20 H03 H30,,,,
Envelope-DQN,0,,6,6,7,6,0.6666666666666666,0.6666666666666666,0.6666666666666666,0.000710361753590405,0.9243748377782695,0.9295833452062175,0.9992896382464096,0.9243748377782695,0.33333333333333337,0.33333333333333337,0 1 3 4 5 8 9,H00 H01 H02 H11 H20 H21 H30,1 3 4 5 8 9,H01 H02 H11 H20 H21 H30,0.0,high_fidelity,0.550 0.250 0.100 0.100,3 9 8 4 1 5 10
Envelope-DQN,1,,6,6,7,6,0.6666666666666666,0.6666666666666666,0.6666666666666666,0.0009097215952351689,0.9259247744409422,0.89949087859349,0.9990902784047648,0.9259247744409422,0.33333333333333337,0.33333333333333337,0 1 3 4 5 8 9,H00 H01 H02 H11 H20 H21 H30,1 3 4 5 8 9,H01 H02 H11 H20 H21 H30,0.0,high_fidelity,0.550 0.250 0.100 0.100,3 9 8 4 1 5 10
Envelope-DQN,2,,6,6,7,6,0.6666666666666666,0.6666666666666666,0.6666666666666666,0.0008170414948835969,0.9352324660358049,0.9301957515841013,0.9991829585051164,0.9352324660358049,0.33333333333333337,0.33333333333333337,0 1 3 4 5 8 9,H00 H01 H02 H11 H20 H21 H30,1 3 4 5 8 9,H01 H02 H11 H20 H21 H30,0.0,high_fidelity,0.550 0.250 0.100 0.100,4 3 8 9 1 5 10
Envelope-DQN,3,,6,6,7,6,0.6666666666666666,0.6666666666666666,0.6666666666666666,0.0009808398317545652,0.8875195324048842,0.9153871065347373,0.9990191601682454,0.8875195324048842,0.33333333333333337,0.33333333333333337,0 1 3 4 5 8 9,H00 H01 H02 H11 H20 H21 H30,1 3 4 5 8 9,H01 H02 H11 H20 H21 H30,0.0,high_fidelity,0.550 0.250 0.100 0.100,3 9 8 4 1 5 10
Envelope-DQN,4,,6,6,7,6,0.6666666666666666,0.6666666666666666,0.6666666666666666,0.0005236327997408807,0.9603356722915073,0.9509263012836037,0.9994763672002591,0.9603356722915073,0.33333333333333337,0.33333333333333337,0 1 3 4 5 8 9,H00 H01 H02 H11 H20 H21 H30,1 3 4 5 8 9,H01 H02 H11 H20 H21 H30,0.0,high_fidelity,0.550 0.250 0.100 0.100,4 3 8 9 1 5 10
Envelope-DQN,5,,6,6,7,6,0.6666666666666666,0.6666666666666666,0.6666666666666666,0.0003127546515315771,0.9627105094377266,0.946921664964037,0.9996872453484684,0.9627105094377266,0.33333333333333337,0.33333333333333337,0 1 3 4 5 8 9,H00 H01 H02 H11 H20 H21 H30,1 3 4 5 8 9,H01 H02 H11 H20 H21 H30,0.0,high_fidelity,0.550 0.250 0.100 0.100,3 9 8 4 1 5 10
Envelope-DQN,6,,6,6,7,6,0.6666666666666666,0.6666666666666666,0.6666666666666666,0.0003187081019859761,0.9690435395158571,0.956497543346249,0.999681291898014,0.9690435395158571,0.33333333333333337,0.33333333333333337,0 1 3 4 5 8 9,H00 H01 H02 H11 H20 H21 H30,1 3 4 5 8 9,H01 H02 H11 H20 H21 H30,0.0,high_fidelity,0.550 0.250 0.100 0.100,3 9 8 4 1 5 10
Envelope-DQN,7,,6,6,7,6,0.6666666666666666,0.6666666666666666,0.6666666666666666,0.0016190465539693832,0.8512731311083124,0.8525205512559493,0.9983809534460306,0.8512731311083124,0.33333333333333337,0.33333333333333337,0 1 3 4 5 8 9,H00 H01 H02 H11 H20 H21 H30,1 3 4 5 8 9,H01 H02 H11 H20 H21 H30,0.0,high_fidelity,0.550 0.250 0.100 0.100,3 9 8 4 1 5 10
Envelope-DQN,8,,6,6,7,6,0.6666666666666666,0.6666666666666666,0.6666666666666666,0.000519889232236892,0.940612215491169,0.9443264392403803,0.9994801107677631,0.940612215491169,0.33333333333333337,0.33333333333333337,0 1 3 4 5 8 9,H00 H01 H02 H11 H20 H21 H30,1 3 4 5 8 9,H01 H02 H11 H20 H21 H30,0.0,high_fidelity,0.550 0.250 0.100 0.100,3 9 8 4 1 5 10
Envelope-DQN,9,,6,6,7,6,0.6666666666666666,0.6666666666666666,0.6666666666666666,0.0006384155130945146,0.950659353635966,0.9483749160878059,0.9993615844869055,0.950659353635966,0.33333333333333337,0.33333333333333337,0 1 3 4 5 8 9,H00 H01 H02 H11 H20 H21 H30,1 3 4 5 8 9,H01 H02 H11 H20 H21 H30,0.0,high_fidelity,0.550 0.250 0.100 0.100,4 3 8 9 1 5 10
Envelope-DQN,0,,3,3,4,3,0.3333333333333333,0.3333333333333333,0.3333333333333333,0.0008219487499445677,0.9170097135157987,0.9240420535212669,0.9991780512500554,0.9170097135157987,0.6666666666666667,0.6666666666666667,0 3 4 5,H00 H02 H11 H20,3 4 5,H02 H11 H20,1.0,mse_ssim_balance,0.350 0.350 0.150 0.150,5 4 3 10
Envelope-DQN,1,,3,3,4,3,0.3333333333333333,0.3333333333333333,0.3333333333333333,0.0010207341983914375,0.9165832582821318,0.8905574204936064,0.9989792658016086,0.9165832582821318,0.6666666666666667,0.6666666666666667,0 3 4 5,H00 H02 H11 H20,3 4 5,H02 H11 H20,1.0,mse_ssim_balance,0.350 0.350 0.150 0.150,5 3 4 10
Envelope-DQN,2,,3,3,4,3,0.3333333333333333,0.3333333333333333,0.3333333333333333,0.000933998788241297,0.9269054274602962,0.9228571954210175,0.9990660012117587,0.9269054274602962,0.6666666666666667,0.6666666666666667,0 3 4 5,H00 H02 H11 H20,3 4 5,H02 H11 H20,1.0,mse_ssim_balance,0.350 0.350 0.150 0.150,5 4 3 10
Envelope-DQN,3,,4,4,5,4,0.4444444444444444,0.4444444444444444,0.4444444444444444,0.0010760931763797998,0.8777161779925315,0.9022081560182751,0.9989239068236202,0.8777161779925315,0.5555555555555556,0.5555555555555556,0 3 4 8 9,H00 H02 H11 H21 H30,3 4 8 9,H02 H11 H21 H30,1.0,mse_ssim_balance,0.350 0.350 0.150 0.150,8 3 9 4 10
Envelope-DQN,4,,3,3,4,3,0.3333333333333333,0.3333333333333333,0.3333333333333333,0.0006914775585755706,0.9512588379641067,0.9472546466748477,0.9993085224414244,0.9512588379641067,0.6666666666666667,0.6666666666666667,0 3 4 5,H00 H02 H11 H20,3 4 5,H02 H11 H20,1.0,mse_ssim_balance,0.350 0.350 0.150 0.150,5 4 3 10
Envelope-DQN,5,,3,3,4,3,0.3333333333333333,0.3333333333333333,0.3333333333333333,0.00038700178265571594,0.9572599146617011,0.9439073361895495,0.9996129982173443,0.9572599146617011,0.6666666666666667,0.6666666666666667,0 3 4 5,H00 H02 H11 H20,3 4 5,H02 H11 H20,1.0,mse_ssim_balance,0.350 0.350 0.150 0.150,5 4 3 10
Envelope-DQN,6,,3,3,4,3,0.3333333333333333,0.3333333333333333,0.3333333333333333,0.00042539057903923094,0.9627984907482524,0.9451087791321116,0.9995746094209608,0.9627984907482524,0.6666666666666667,0.6666666666666667,0 3 4 5,H00 H02 H11 H20,3 4 5,H02 H11 H20,1.0,mse_ssim_balance,0.350 0.350 0.150 0.150,5 3 4 10
Envelope-DQN,7,,4,4,5,4,0.4444444444444444,0.4444444444444444,0.4444444444444444,0.001673394814133644,0.8459332278452362,0.8454475971460474,0.9983266051858664,0.8459332278452362,0.5555555555555556,0.5555555555555556,0 3 4 8 9,H00 H02 H11 H21 H30,3 4 8 9,H02 H11 H21 H30,1.0,mse_ssim_balance,0.350 0.350 0.150 0.150,8 3 9 4 10
Envelope-DQN,8,,3,3,4,3,0.3333333333333333,0.3333333333333333,0.3333333333333333,0.000634961761534214,0.934013288472552,0.9377710369269621,0.9993650382384658,0.934013288472552,0.6666666666666667,0.6666666666666667,0 3 4 5,H00 H02 H11 H20,3 4 5,H02 H11 H20,1.0,mse_ssim_balance,0.350 0.350 0.150 0.150,5 4 3 10
Envelope-DQN,9,,3,3,4,3,0.3333333333333333,0.3333333333333333,0.3333333333333333,0.0008054295904003084,0.9396085455287225,0.9387115997510275,0.9991945704095997,0.9396085455287225,0.6666666666666667,0.6666666666666667,0 3 4 5,H00 H02 H11 H20,3 4 5,H02 H11 H20,1.0,mse_ssim_balance,0.350 0.350 0.150 0.150,5 4 3 10
Envelope-DQN,0,,2,2,3,2,0.2222222222222222,0.2222222222222222,0.2222222222222222,0.0012723961845040321,0.8846961813984388,0.8668186785984312,0.998727603815496,0.8846961813984388,0.7777777777777778,0.7777777777777778,0 4 5,H00 H11 H20,4 5,H11 H20,2.0,general_balance,0.250 0.250 0.250 0.250,5 4 10
Envelope-DQN,1,,2,2,3,2,0.2222222222222222,0.2222222222222222,0.2222222222222222,0.001505955122411251,0.8861239896677479,0.8469256806332545,0.9984940448775887,0.8861239896677479,0.7777777777777778,0.7777777777777778,0 4 5,H00 H11 H20,4 5,H11 H20,2.0,general_balance,0.250 0.250 0.250 0.250,5 4 10
Envelope-DQN,2,,2,2,3,2,0.2222222222222222,0.2222222222222222,0.2222222222222222,0.0012552952393889427,0.9008666835060868,0.8838804110710677,0.9987447047606111,0.9008666835060868,0.7777777777777778,0.7777777777777778,0 4 5,H00 H11 H20,4 5,H11 H20,2.0,general_balance,0.250 0.250 0.250 0.250,5 4 10
Envelope-DQN,3,,2,2,3,2,0.2222222222222222,0.2222222222222222,0.2222222222222222,0.001388750970363617,0.8466163383050425,0.8732174844709739,0.9986112490296364,0.8466163383050425,0.7777777777777778,0.7777777777777778,0 4 5,H00 H11 H20,4 5,H11 H20,2.0,general_balance,0.250 0.250 0.250 0.250,5 4 10
Envelope-DQN,4,,2,2,3,2,0.2222222222222222,0.2222222222222222,0.2222222222222222,0.001072911312803626,0.9265248765737066,0.912556372610262,0.9989270886871964,0.9265248765737066,0.7777777777777778,0.7777777777777778,0 4 5,H00 H11 H20,4 5,H11 H20,2.0,general_balance,0.250 0.250 0.250 0.250,5 4 10
Envelope-DQN,5,,2,2,3,2,0.2222222222222222,0.2222222222222222,0.2222222222222222,0.0005956306704320014,0.9335018193059104,0.891604056898834,0.999404369329568,0.9335018193059104,0.7777777777777778,0.7777777777777778,0 4 5,H00 H11 H20,4 5,H11 H20,2.0,general_balance,0.250 0.250 0.250 0.250,5 4 10
Envelope-DQN,6,,2,2,3,2,0.2222222222222222,0.2222222222222222,0.2222222222222222,0.0007949359714984894,0.9344542085079035,0.9201374152370435,0.9992050640285015,0.9344542085079035,0.7777777777777778,0.7777777777777778,0 4 5,H00 H11 H20,4 5,H11 H20,2.0,general_balance,0.250 0.250 0.250 0.250,5 4 10
Envelope-DQN,7,,2,2,3,2,0.2222222222222222,0.2222222222222222,0.2222222222222222,0.0021210904233157635,0.8022338043938211,0.7681051615121636,0.9978789095766842,0.8022338043938211,0.7777777777777778,0.7777777777777778,0 4 5,H00 H11 H20,4 5,H11 H20,2.0,general_balance,0.250 0.250 0.250 0.250,5 4 10
Envelope-DQN,8,,2,2,3,2,0.2222222222222222,0.2222222222222222,0.2222222222222222,0.0010968984570354223,0.9007220321338221,0.8737166456469186,0.9989031015429646,0.9007220321338221,0.7777777777777778,0.7777777777777778,0 4 5,H00 H11 H20,4 5,H11 H20,2.0,general_balance,0.250 0.250 0.250 0.250,5 4 10
Envelope-DQN,9,,3,3,4,3,0.3333333333333333,0.3333333333333333,0.3333333333333333,0.0008054295904003084,0.9396085455287225,0.9387115997510275,0.9991945704095997,0.9396085455287225,0.6666666666666667,0.6666666666666667,0 3 4 5,H00 H02 H11 H20,3 4 5,H02 H11 H20,2.0,general_balance,0.250 0.250 0.250 0.250,5 4 3 10
Envelope-DQN,0,,2,2,3,2,0.2222222222222222,0.2222222222222222,0.2222222222222222,0.0011470667086541653,0.8856005317638944,0.8941183242118779,0.9988529332913458,0.8856005317638944,0.7777777777777778,0.7777777777777778,0 3 5,H00 H02 H20,3 5,H02 H20,3.0,compact,0.200 0.200 0.300 0.300,5 3 10
Envelope-DQN,1,,2,2,3,2,0.2222222222222222,0.2222222222222222,0.2222222222222222,0.0013043214567005634,0.8916898092850777,0.8576607300630629,0.9986956785432994,0.8916898092850777,0.7777777777777778,0.7777777777777778,0 3 5,H00 H02 H20,3 5,H02 H20,3.0,compact,0.200 0.200 0.300 0.300,5 3 10
Envelope-DQN,2,,2,2,3,2,0.2222222222222222,0.2222222222222222,0.2222222222222222,0.0012379599502310157,0.9031326553377895,0.8960321480488229,0.998762040049769,0.9031326553377895,0.7777777777777778,0.7777777777777778,0 3 5,H00 H02 H20,3 5,H02 H20,3.0,compact,0.200 0.200 0.300 0.300,3 5 10
Envelope-DQN,3,,2,2,3,2,0.2222222222222222,0.2222222222222222,0.2222222222222222,0.001290591200813651,0.8579729558561134,0.8921924947464218,0.9987094087991863,0.8579729558561134,0.7777777777777778,0.7777777777777778,0 7 8,H00 H12 H21,7 8,H12 H21,3.0,compact,0.200 0.200 0.300 0.300,8 7 10
Envelope-DQN,4,,2,2,3,2,0.2222222222222222,0.2222222222222222,0.2222222222222222,0.0010780583834275603,0.9203448815007698,0.9208951443641336,0.9989219416165724,0.9203448815007698,0.7777777777777778,0.7777777777777778,0 3 5,H00 H02 H20,3 5,H02 H20,3.0,compact,0.200 0.200 0.300 0.300,5 3 10
Envelope-DQN,5,,2,2,3,2,0.2222222222222222,0.2222222222222222,0.2222222222222222,0.0005219236481934786,0.9390115876915763,0.9249539226125435,0.9994780763518065,0.9390115876915763,0.7777777777777778,0.7777777777777778,0 3 5,H00 H02 H20,3 5,H02 H20,3.0,compact,0.200 0.200 0.300 0.300,5 3 10
Envelope-DQN,6,,2,2,3,2,0.2222222222222222,0.2222222222222222,0.2222222222222222,0.0007522946689277887,0.9394423556242771,0.9165301815596566,0.9992477053310722,0.9394423556242771,0.7777777777777778,0.7777777777777778,0 3 5,H00 H02 H20,3 5,H02 H20,3.0,compact,0.200 0.200 0.300 0.300,5 3 10
Envelope-DQN,7,,2,2,3,2,0.2222222222222222,0.2222222222222222,0.2222222222222222,0.002133462345227599,0.8009461702493227,0.8009710313086208,0.9978665376547724,0.8009461702493227,0.7777777777777778,0.7777777777777778,0 3 8,H00 H02 H21,3 8,H02 H21,3.0,compact,0.200 0.200 0.300 0.300,8 3 10
Envelope-DQN,8,,2,2,3,2,0.2222222222222222,0.2222222222222222,0.2222222222222222,0.0009346229489892721,0.906765037135406,0.9149083680469042,0.9990653770510107,0.906765037135406,0.7777777777777778,0.7777777777777778,0 3 5,H00 H02 H20,3 5,H02 H20,3.0,compact,0.200 0.200 0.300 0.300,5 3 10
Envelope-DQN,9,,2,2,3,2,0.2222222222222222,0.2222222222222222,0.2222222222222222,0.0011049661552533507,0.9123071013782594,0.9119256342374444,0.9988950338447466,0.9123071013782594,0.7777777777777778,0.7777777777777778,0 3 5,H00 H02 H20,3 5,H02 H20,3.0,compact,0.200 0.200 0.300 0.300,3 5 10
Envelope-DQN,0,,1,1,2,1,0.1111111111111111,0.1111111111111111,0.1111111111111111,0.0018465451430529356,0.8491955669984381,0.8000755763322939,0.9981534548569471,0.8491955669984381,0.8888888888888888,0.8888888888888888,0 4,H00 H11,4,H11,4.0,very_compact,0.150 0.150 0.350 0.350,4 10
Envelope-DQN,1,,1,1,2,1,0.1111111111111111,0.1111111111111111,0.1111111111111111,0.0019773303065449,0.8466038473845237,0.7835916024371824,0.9980226696934551,0.8466038473845237,0.8888888888888888,0.8888888888888888,0 5,H00 H20,5,H20,4.0,very_compact,0.150 0.150 0.350 0.350,5 10
Envelope-DQN,2,,1,1,2,1,0.1111111111111111,0.1111111111111111,0.1111111111111111,0.001865773112513125,0.8507857913733875,0.8069310005028297,0.9981342268874869,0.8507857913733875,0.8888888888888888,0.8888888888888888,0 5,H00 H20,5,H20,4.0,very_compact,0.150 0.150 0.350 0.350,5 10
Envelope-DQN,3,,1,1,2,1,0.1111111111111111,0.1111111111111111,0.1111111111111111,0.0018962840549647808,0.7979334520528206,0.8128442239440916,0.9981037159450352,0.7979334520528206,0.8888888888888888,0.8888888888888888,0 4,H00 H11,4,H11,4.0,very_compact,0.150 0.150 0.350 0.350,4 10
Envelope-DQN,4,,1,1,2,1,0.1111111111111111,0.1111111111111111,0.1111111111111111,0.0018011964857578278,0.8735911176671738,0.857622743751761,0.9981988035142422,0.8735911176671738,0.8888888888888888,0.8888888888888888,0 5,H00 H20,5,H20,4.0,very_compact,0.150 0.150 0.350 0.350,5 10
Envelope-DQN,5,,1,1,2,1,0.1111111111111111,0.1111111111111111,0.1111111111111111,0.0008692104602232575,0.9043948443320787,0.8587123538827279,0.9991307895397767,0.9043948443320787,0.8888888888888888,0.8888888888888888,0 4,H00 H11,4,H11,4.0,very_compact,0.150 0.150 0.350 0.350,4 10
Envelope-DQN,6,,1,1,2,1,0.1111111111111111,0.1111111111111111,0.1111111111111111,0.001308394712395966,0.8945256947106753,0.8636053287480412,0.998691605287604,0.8945256947106753,0.8888888888888888,0.8888888888888888,0 5,H00 H20,5,H20,4.0,very_compact,0.150 0.150 0.350 0.350,5 10
Envelope-DQN,7,,1,1,2,1,0.1111111111111111,0.1111111111111111,0.1111111111111111,0.002632418181747198,0.7548979009976711,0.7146419259560387,0.9973675818182528,0.7548979009976711,0.8888888888888888,0.8888888888888888,0 4,H00 H11,4,H11,4.0,very_compact,0.150 0.150 0.350 0.350,4 10
Envelope-DQN,8,,1,1,2,1,0.1111111111111111,0.1111111111111111,0.1111111111111111,0.0015914778923615813,0.8542252299724663,0.8350285229212489,0.9984085221076384,0.8542252299724663,0.8888888888888888,0.8888888888888888,0 5,H00 H20,5,H20,4.0,very_compact,0.150 0.150 0.350 0.350,5 10
Envelope-DQN,9,,1,1,2,1,0.1111111111111111,0.1111111111111111,0.1111111111111111,0.0018652157159522176,0.85566512718088,0.8441736277601063,0.9981347842840478,0.85566512718088,0.8888888888888888,0.8888888888888888,0 5,H00 H20,5,H20,4.0,very_compact,0.150 0.150 0.350 0.350,5 10
