episode,global_step,epsilon,scalar_return,loss,mse,ssim,k,paid_k,total_k,cost,actions
1,5,0.9984166666666666,-0.0006560832262039185,,0.0006615460151806474,0.901122011200001,4,4,5,0.0,6 3 2 9 10
2,12,0.9962,0.08401574194431305,,0.0005552586517296731,0.9372993285250578,6,6,7,0.0,8 3 9 5 1 2 10
3,18,0.9943,0.22060804069042206,,0.0008235970162786543,0.937643176699932,5,5,6,0.0,5 4 1 8 9 10
4,20,0.9936666666666667,0.32692933082580566,,0.001457496196962893,0.891225542611798,1,1,2,0.0,4 10
5,27,0.99145,0.39455682039260864,,0.0007065633544698358,0.9273093740558794,6,6,7,0.0,7 9 2 4 3 1 10
6,35,0.9889166666666667,0.3926352858543396,,0.0009371813503094018,0.9062324092146474,7,7,8,0.0,3 4 9 5 8 7 2 10
7,42,0.9867,0.3766261041164398,,0.0009847258916124701,0.8739464331272099,6,6,7,0.0,1 2 9 6 8 3 10
8,44,0.9860666666666666,0.2172810137271881,,0.0016820334130898118,0.8275073472605343,1,1,2,0.0,1 10
9,49,0.9844833333333334,0.4924865663051605,,0.00046729505993425846,0.9484523152412048,4,4,5,0.0,7 1 4 9 10
10,53,0.9832166666666666,0.08338310569524765,,0.0006964591448195279,0.9422283739595719,3,3,4,0.0,2 6 4 10
11,61,0.9806833333333334,0.029190436005592346,,0.0006940242601558566,0.9284937018783282,7,7,8,0.0,9 7 2 8 6 5 1 10
12,68,0.9784666666666667,-0.06874291598796844,,0.001263734302483499,0.8723988975802444,6,6,7,0.0,9 1 6 4 2 5 10
13,77,0.9756166666666667,0.15909059345722198,,0.000529500306583941,0.9594392766389779,9,9,10,0.0,9 8 4 5 7 1 6 2 3
14,86,0.9727666666666667,0.05436970293521881,,0.0007386472425423563,0.9456075587078451,8,8,9,0.0,8 3 1 7 5 2 9 4 10
15,94,0.9702333333333333,-0.07828035205602646,,0.0011149243218824267,0.9001817483184738,7,7,8,0.0,8 3 9 7 4 5 6 10
16,100,0.9683333333333334,0.05980846285820007,,0.0014482823899015784,0.8941283559473177,5,5,6,0.0,3 7 9 4 6 10
17,106,0.9664333333333334,0.09345544129610062,,0.0007140182424336672,0.9278615371597649,5,5,6,0.0,2 1 5 8 7 10
18,110,0.9651666666666666,0.22387820482254028,,0.0008857709472067654,0.9303740142145849,3,3,4,0.0,5 1 4 10
19,112,0.9645333333333334,0.1328597068786621,,0.0022542248480021954,0.8580638985908131,1,1,2,0.0,5 10
20,120,0.962,-0.04695384204387665,,0.0009567998349666595,0.917651451716596,7,7,8,0.0,3 2 7 6 1 4 8 10
21,121,0.9616833333333333,0.0,,0.002939391415566206,0.7405864070674878,0,0,1,0.0,10
22,129,0.95915,-0.052076660096645355,0.013340682722628117,0.0005339290364645422,0.9523319588723846,7,7,8,0.0,8 6 2 9 3 5 7 10
23,132,0.9582,0.0998423844575882,0.010882994470496973,0.0016174035845324397,0.8595536009283398,2,2,3,0.0,6 5 10
24,141,0.95535,0.49839460849761963,0.006662398628476594,0.000610654940828681,0.9320328336266643,8,8,9,0.0,6 5 9 8 2 7 4 3 10
25,149,0.9528166666666666,0.3349549472332001,0.003369715384906158,0.0006670730654150248,0.9201456172110493,7,7,8,0.0,5 8 4 2 1 6 7 10
26,150,0.9525,0.0,0.0036904355511069298,0.0013359682634472847,0.7905819052863561,0,0,1,0.0,10
27,153,0.95155,0.2479156106710434,0.0028246098663657904,0.0012548855738714337,0.914879370095401,2,2,3,0.0,2 1 10
28,161,0.9490166666666666,0.39031893014907837,0.00202410998463165,0.0009428391931578517,0.9053348963116777,7,7,8,0.0,5 4 3 9 7 1 8 10
29,170,0.9461666666666667,0.055014073848724365,0.0014047371094218558,0.001060867216438055,0.9348467472723633,8,8,9,0.0,8 5 4 7 3 9 6 2 10
30,172,0.9455333333333333,0.10535883903503418,0.0010963504028040916,0.0021236417815089226,0.8361737951459131,1,1,2,0.0,7 10
31,181,0.9426833333333333,-0.08412367850542068,0.0012473591422248217,0.0006390800699591637,0.930052940595306,8,8,9,0.0,1 5 9 7 8 3 4 6 10
32,190,0.9398333333333333,0.52047199010849,0.001062787668262091,0.00030623964266851544,0.9617493655997706,9,9,10,0.0,2 5 8 4 9 7 1 3 6
33,193,0.9388833333333333,0.29173994064331055,0.0009872890271556873,0.00133374088909477,0.8258013016722574,2,2,3,0.0,5 6 10
34,198,0.9373,0.014608189463615417,0.0008567924262024463,0.000581477303057909,0.9098816992943125,4,4,5,0.0,2 8 6 5 10
35,203,0.9357166666666666,0.5157395601272583,0.0007064202567562461,0.0006904612528160214,0.9238704865649963,4,4,5,0.0,1 7 5 4 10
36,205,0.9350833333333334,0.09276778995990753,0.0007362863107118756,0.0017687708605080843,0.8649125497867923,1,1,2,0.0,6 10
37,211,0.9331833333333334,0.4051320254802704,0.0007115900710535547,0.0009280823869630694,0.8774658549802907,5,5,6,0.0,2 8 9 5 4 10
38,217,0.9312833333333334,0.3499370217323303,0.0006267949405203884,0.0010651031043380499,0.8963047063884001,5,5,6,0.0,2 9 5 4 8 10
39,220,0.9303333333333333,0.13095802068710327,0.0006007951645491024,0.00162213365547359,0.8664899182491509,2,2,3,0.0,9 6 10
40,229,0.9274833333333333,0.1270975023508072,0.0005477484147478309,0.000777876703068614,0.9121661683218941,8,8,9,0.0,3 4 2 6 8 5 9 7 10
41,238,0.9246333333333333,0.10491788387298584,0.0005169251396889902,0.0007509415736421943,0.9156523494495081,9,9,10,0.0,7 3 2 8 9 6 1 5 4
42,241,0.9236833333333333,0.26288145780563354,0.0004222832600741337,0.0014144494198262691,0.8407549256819891,2,2,3,0.0,1 3 10
43,244,0.9227333333333334,0.4294372797012329,0.0006319301513334116,0.0009747499716468155,0.8824637474560851,2,2,3,0.0,2 5 10
44,247,0.9217833333333334,0.3608105778694153,0.00038835644954815507,0.0022186795249581337,0.8280558313789039,2,2,3,0.0,9 8 10
45,255,0.91925,0.4616731107234955,0.0027322687601554208,0.0007388580706901848,0.9144992002869616,7,7,8,0.0,3 2 7 8 9 5 6 10
46,261,0.91735,0.10024481266736984,0.0022431209799833596,0.0008776193717494607,0.9167877388376118,5,5,6,0.0,4 1 9 5 6 10
47,269,0.9148166666666666,0.1979711949825287,0.0012692273667198606,0.00044730486115440726,0.9575257242859898,7,7,8,0.0,1 9 7 8 6 5 4 10
48,270,0.9145,0.0,0.0013907229295000434,0.0023364461958408356,0.8168094685532631,0,0,1,0.0,10
49,272,0.9138666666666666,0.23947091400623322,0.0009927148057613522,0.0018037506379187107,0.8635764370642505,1,1,2,0.0,1 10
50,275,0.9129166666666667,0.17317050695419312,0.0011323796934448183,0.001528312568552792,0.8917947286091009,2,2,3,0.0,4 2 10
51,281,0.9110166666666667,0.11525681614875793,0.0007957927591633052,0.0017288795206695795,0.9081293368904755,5,5,6,0.0,4 3 6 2 8 10
52,282,0.9107000000000001,0.0,0.0007027436513453722,0.0018439533887431026,0.7704608944110688,0,0,1,0.0,10
53,289,0.9084833333333333,0.16095106303691864,0.0007028077878723187,0.0017045026179403067,0.8800527775011221,6,6,7,0.0,4 3 9 1 6 5 10
54,296,0.9062666666666667,-0.04279910773038864,0.0005189952041421618,0.0009319265373051167,0.9069627883656979,6,6,7,0.0,6 5 9 1 4 8 10
55,305,0.9034166666666666,-0.06023438274860382,0.0005291922457723154,0.0003236044431105256,0.9703508401278508,8,8,9,0.0,8 6 3 9 7 4 2 5 10
56,312,0.9012,-0.031229250133037567,0.0005002291166290108,0.0008523078868165612,0.9183239920804549,6,6,7,0.0,5 6 8 2 4 1 10
57,319,0.8989833333333334,0.29204002022743225,0.0004526056000031531,0.0008108820184133947,0.8989721135314949,6,6,7,0.0,7 9 6 2 3 8 10
58,325,0.8970833333333333,0.12094920873641968,0.0004213363378463934,0.0010569022269919515,0.9275550659342838,5,5,6,0.0,6 4 1 7 2 10
59,334,0.8942333333333333,-0.11588288843631744,0.0004473095145335214,0.0010968622518703341,0.9010071717246959,8,8,9,0.0,4 8 3 9 5 6 7 1 10
60,337,0.8932833333333333,0.10193090885877609,0.0004881107500599076,0.0016784032341092825,0.8661917695215284,2,2,3,0.0,3 6 10
61,343,0.8913833333333333,-0.001165628433227539,0.0004080789561461036,0.0010497942566871643,0.9061526693802384,5,5,6,0.0,4 8 2 9 5 10
62,352,0.8885333333333334,0.0371563583612442,0.0003888693786898835,0.0008647748036310077,0.9353518727701711,8,8,9,0.0,4 6 8 9 7 1 5 2 10
63,361,0.8856833333333334,-0.009689465165138245,0.00043652330835660297,0.0007713983068242669,0.9280170600387344,9,9,10,0.0,3 7 6 5 8 9 2 1 4
64,363,0.88505,0.18909883499145508,0.00037423726462293416,0.0012712983880192041,0.8341219818283772,1,1,2,0.0,3 10
65,372,0.8822,-0.13678111135959625,0.0004097751742746267,0.0011738145258277655,0.8697837556620416,8,8,9,0.0,6 3 1 7 2 9 5 8 10
66,381,0.87935,0.511259913444519,0.00035699163951600593,0.0007577711949124932,0.9342862961018695,8,8,9,0.0,2 8 4 6 3 5 9 1 10
67,384,0.8784,0.20074287056922913,0.00028036915076275665,0.0010443658102303743,0.8862871369978194,2,2,3,0.0,7 6 10
68,385,0.8780833333333333,0.0,0.00028607051353901625,0.0028555647004395723,0.7413556939444984,0,0,1,0.0,10
69,394,0.8752333333333333,-0.0839141234755516,0.0003734934822811435,0.0006419804412871599,0.9305972730681106,8,8,9,0.0,2 7 3 6 5 4 8 9 10
70,403,0.8723833333333333,0.16782116889953613,0.00035152096663498215,0.00033794459886848927,0.9672684116858222,9,9,10,0.0,4 7 3 1 5 9 6 2 8
71,405,0.87175,0.22813206911087036,0.00038365431828424335,0.0011937269009649754,0.8500647536444608,1,1,2,0.0,7 10
72,406,0.8714333333333333,0.0,0.00034583016531541944,0.002381409052759409,0.7495851443806945,0,0,1,0.0,10
73,409,0.8704833333333333,0.1748483031988144,0.0003690137042819212,0.0014117462560534477,0.8451143015490559,2,2,3,0.0,5 2 10
74,414,0.8689,0.23340490460395813,0.0003410718054510653,0.0007388181402347982,0.9288813720560244,4,4,5,0.0,4 8 7 6 10
75,416,0.8682666666666667,0.11940956115722656,0.0004894676094409078,0.0017585180466994643,0.8395204994911671,1,1,2,0.0,7 10
76,420,0.867,0.020163394510746002,0.00024852368005667813,0.0015069011133164167,0.8290891877234904,3,3,4,0.0,5 2 6 10
77,426,0.8651,0.49890682101249695,0.0003412236546864733,0.000930446432903409,0.8934222565040294,5,5,6,0.0,8 1 7 5 2 10
78,428,0.8644666666666667,0.10847336053848267,0.00030923054146114737,0.0019713458605110645,0.8331732190857496,1,1,2,0.0,2 10
79,429,0.86415,0.0,0.0002911403717007488,0.0023207482881844044,0.8212330485743944,0,0,1,0.0,10
80,431,0.8635166666666667,0.24973323941230774,0.00038027270056772977,0.0009567101951688528,0.8587379958236969,1,1,2,0.0,7 10
81,434,0.8625666666666667,0.07879549264907837,0.00037400313885882497,0.0018047374906018376,0.8498562321013701,2,2,3,0.0,9 3 10
82,443,0.8597166666666667,0.17552098631858826,0.00031800854614832334,0.0006045452319085598,0.9529124222492066,8,8,9,0.0,5 8 1 9 4 6 3 2 10
83,451,0.8571833333333333,0.4187019467353821,0.00031634544757253025,0.0006611328572034836,0.9487375817776577,7,7,8,0.0,5 6 2 4 7 1 8 10
84,456,0.8556,0.48903143405914307,0.0003460734151303768,0.0005041981930844486,0.9497746528435264,4,4,5,0.0,4 6 5 3 10
85,462,0.8537,0.1050066351890564,0.0003410689435744037,0.000908636546228081,0.9163454318868702,5,5,6,0.0,4 5 7 6 1 10
86,464,0.8530666666666666,0.1563071310520172,0.0003320582181913778,0.0013355787377804518,0.8506227636424101,1,1,2,0.0,3 10
87,472,0.8505333333333334,0.1986108422279358,0.00035367132295505144,0.0006466516060754657,0.9537851285991147,7,7,8,0.0,4 6 5 1 7 9 8 10
88,478,0.8486333333333334,0.47060853242874146,0.0003159225549704085,0.0007834297139197588,0.943903214990313,5,5,6,0.0,3 4 6 2 5 10
89,484,0.8467333333333333,0.12059305608272552,0.00026791169026788947,0.0016841946635395288,0.9139232547083309,5,5,6,0.0,2 1 4 7 5 10
90,492,0.8442000000000001,0.35162854194641113,0.00032534868660150096,0.0006122954073362052,0.9242617660130105,7,7,8,0.0,6 4 9 8 7 3 5 10
91,498,0.8423,0.4194187819957733,0.0003418587342215081,0.0010221407283097506,0.9222859861273828,5,5,6,0.0,2 3 7 5 8 10
92,505,0.8400833333333333,-0.0430903434753418,0.0022302657848090996,0.0010092512238770723,0.8845682181639422,6,6,7,0.0,9 4 7 8 3 5 10
93,511,0.8381833333333333,0.4062139391899109,0.0017158289362366002,0.0008420839440077543,0.9342130827102877,5,5,6,0.0,4 9 8 6 5 10
94,520,0.8353333333333334,0.36319226026535034,0.001431553766855763,0.001002699718810618,0.906574340641286,9,9,10,0.0,4 9 3 8 6 5 7 2 1
95,524,0.8340666666666667,0.1391189694404602,0.001027609483571723,0.0011492337798699737,0.8960376782663937,3,3,4,0.0,8 2 7 10
96,532,0.8315333333333333,0.06707435846328735,0.00101976308360463,0.0009816806996241212,0.9349228469887472,7,7,8,0.0,1 7 2 8 4 9 6 10
97,537,0.82995,0.2887357175350189,0.000924073881469667,0.0012936614220961928,0.8585217444759912,4,4,5,0.0,7 3 2 6 10
98,546,0.8271,0.42993512749671936,0.0007806808312630488,0.0007738132262602448,0.8999061539113592,8,8,9,0.0,9 4 5 1 7 3 8 6 10
99,550,0.8258333333333334,0.40330255031585693,0.0008364289096789435,0.0006504798075184226,0.9191824672356088,3,3,4,0.0,3 4 5 10
100,557,0.8236166666666667,-0.006644047796726227,0.0008192546083591878,0.0006535454886034131,0.9306275749603434,6,6,7,0.0,9 7 5 3 4 8 10
101,558,0.8233,0.0,0.0008326019160449505,0.002575187711045146,0.707858527159511,0,0,1,0.0,10
102,559,0.8229833333333334,0.0,0.0006661549559794366,0.001993488287553191,0.7898744387400152,0,0,1,0.0,10
103,563,0.8217166666666667,0.36047446727752686,0.0007567279972136021,0.0010628907475620508,0.9046201753595071,3,3,4,0.0,4 7 2 10
104,572,0.8188666666666666,0.3756486177444458,0.0006729112194281899,0.0010510212741792202,0.9061077390836195,8,8,9,0.0,2 8 4 6 1 7 5 3 10
105,581,0.8160166666666667,0.011389702558517456,0.0005399912058944918,0.000435663532698527,0.9528251209879885,9,9,10,0.0,1 3 6 7 8 5 4 9 2
106,582,0.8157,0.0,0.0007570725865662098,0.0028538373298943043,0.6946785218192001,0,0,1,0.0,10
107,591,0.81285,0.42520055174827576,0.0006625680640960733,0.0007566383574157953,0.9022899233026255,9,9,10,0.0,8 9 3 7 5 2 6 4 1
108,599,0.8103166666666667,0.49981245398521423,0.0005859273005626164,0.0008429164299741387,0.903485773727032,7,7,8,0.0,8 5 2 7 1 9 4 10
109,604,0.8087333333333333,0.12582823634147644,0.0005428149132058024,0.0009727277792990208,0.9150802354537633,4,4,5,0.0,7 1 9 5 10
110,609,0.80715,0.36837562918663025,0.000502543564653024,0.0014172886731103063,0.8980245852442048,4,4,5,0.0,7 8 9 6 10
111,615,0.80525,0.22127965092658997,0.0005587107201184457,0.0008749139960855246,0.9383985297610445,5,5,6,0.0,4 6 3 8 1 10
112,622,0.8030333333333333,0.486559122800827,0.0006072073800688875,0.0009131746483035386,0.926283474750241,6,6,7,0.0,4 6 1 8 7 5 10
113,627,0.80145,0.04980148375034332,0.0005392004037275911,0.00044328393414616585,0.9373534473631526,4,4,5,0.0,6 8 4 3 10
114,629,0.8008166666666667,0.11489591002464294,0.0005131900252308697,0.0037253110203891993,0.7639915611446524,1,1,2,0.0,8 10
115,632,0.7998666666666667,0.05710240453481674,0.0004561168219273289,0.0015557808801531792,0.8303497145472893,2,2,3,0.0,6 7 10
116,641,0.7970166666666667,0.04219745099544525,0.0004945670241593487,0.000445490179117769,0.9512074541003752,8,8,9,0.0,6 1 2 9 3 4 5 7 10
117,642,0.7967,0.0,0.0005702770431526005,0.0028555647004395723,0.7413556939444984,0,0,1,0.0,10
118,649,0.7944833333333333,0.3450971841812134,0.0005304432873214994,0.0015789761673659086,0.8859494650087515,6,6,7,0.0,6 9 1 8 7 4 10
119,650,0.7941666666666667,0.0,0.000492991239298135,0.006098325364291668,0.7006317212705548,0,0,1,0.0,10
120,658,0.7916333333333334,0.491817444562912,0.0005983327064313926,0.0008747483370825648,0.9003564055818581,7,7,8,0.0,9 1 6 2 8 3 5 10
121,667,0.7887833333333334,0.17462831735610962,0.00043974785755078,0.0006077228463254869,0.9523799138743869,8,8,9,0.0,4 7 3 9 1 2 5 6 10
122,674,0.7865666666666666,0.1798013597726822,0.00043854682007804513,0.0007896682946011424,0.9101714990793879,6,6,7,0.0,4 9 2 3 8 5 10
123,678,0.7853,0.06791844964027405,0.0004263691953383386,0.0009748365264385939,0.9012804460710669,3,3,4,0.0,6 7 5 10
124,687,0.78245,0.5061877369880676,0.0004120996778106524,0.00035374925937503576,0.957355499444762,8,8,9,0.0,1 9 2 4 8 3 7 6 10
125,693,0.78055,-0.005502864718437195,0.0004880174480301018,0.0014864800032228231,0.8827895032757989,5,5,6,0.0,1 3 7 9 6 10
126,702,0.7777000000000001,0.42520052194595337,0.00043344196617706783,0.0007566383574157953,0.9022899233026255,9,9,10,0.0,7 5 1 3 2 9 4 6 8
127,703,0.7773833333333333,0.0,0.0006313797784969211,0.003827625187113881,0.730517147410125,0,0,1,0.0,10
128,712,0.7745333333333333,0.1748308688402176,0.0005224910338357505,0.0004334735276643187,0.9511338239015212,8,8,9,0.0,1 7 5 4 6 3 9 2 10
129,721,0.7716833333333333,-0.13678109645843506,0.0004922712590390196,0.0011738145258277655,0.8697837556620416,8,8,9,0.0,7 6 3 5 9 1 2 8 10
130,727,0.7697833333333333,0.3649842143058777,0.00045392011331083876,0.0009682601667009294,0.8989105924131187,5,5,6,0.0,3 6 7 5 8 10
131,730,0.7688333333333334,0.04231575131416321,0.00048006465658545494,0.0016613311599940062,0.8285919790168367,2,2,3,0.0,4 2 10
132,736,0.7669333333333334,0.133381187915802,0.0005023082630941644,0.0006993130664341152,0.9403730219276567,5,5,6,0.0,4 3 5 2 1 10
133,741,0.76535,0.004028692841529846,0.00036964163882657886,0.0012986755464226007,0.8531275221305001,4,4,5,0.0,4 5 9 1 10
134,747,0.76345,0.49370065331459045,0.0004137758369324729,0.0004455438756849617,0.9509019137456499,5,5,6,0.0,9 7 4 8 6 10
135,754,0.7612333333333333,0.08883440494537354,0.0013429193807366704,0.0016526631079614162,0.9147323979049319,6,6,7,0.0,1 7 4 2 5 6 10
136,760,0.7593333333333333,0.01792573183774948,0.001508565794210881,0.0011325200321152806,0.9042853411823051,5,5,6,0.0,9 7 8 1 2 10
137,763,0.7583833333333333,0.24830126762390137,0.0014701931504532695,0.0014518112875521183,0.8355543886385548,2,2,3,0.0,3 6 10
138,766,0.7574333333333333,0.36315348744392395,0.0014784684559951227,0.0006271980237215757,0.8951308165591622,2,2,3,0.0,1 7 10
139,771,0.75585,0.13828933238983154,0.0013257534243166446,0.000628876150585711,0.9317198500090349,4,4,5,0.0,1 3 8 2 10
140,777,0.75395,0.4540508985519409,0.001098890070958684,0.0015505176270380616,0.8810897436387191,5,5,6,0.0,5 2 8 6 7 10
141,783,0.75205,0.19458496570587158,0.0013181250154351194,0.00097129080677405,0.9257876597229706,5,5,6,0.0,6 7 3 8 9 10
142,785,0.7514166666666666,0.03928305581212044,0.0010662535205483437,0.0019050890114158392,0.8495018096966281,1,1,2,0.0,9 10
143,786,0.7511,0.0,0.000945364823564887,0.006098325364291668,0.7006317212705548,0,0,1,0.0,10
144,790,0.7498333333333334,0.07225129008293152,0.0011257976293563843,0.001486689317971468,0.8827560274074392,3,3,4,0.0,7 1 6 10
145,799,0.7469833333333333,0.12933005392551422,0.0010632006192786826,0.0007688290206715465,0.9137486198498435,8,8,9,0.0,7 6 5 1 4 9 3 8 10
146,800,0.7466666666666667,0.0,0.0011812462471425533,0.004251353442668915,0.6962441123030054,0,0,1,0.0,10
147,804,0.7454000000000001,0.12614350020885468,0.0009324436978204176,0.0030782436951994896,0.8113604554951891,3,3,4,0.0,2 6 7 10
148,806,0.7447666666666667,0.0159237552434206,0.0010095046018250287,0.002725152298808098,0.7817689561264038,1,1,2,0.0,6 10
149,810,0.7435,0.5018683075904846,0.0009613526635803282,0.0004742538440041244,0.9490567953032347,3,3,4,0.0,4 7 1 10
150,811,0.7431833333333333,0.0,0.0006496803252957761,0.0027219681069254875,0.7970984436465841,0,0,1,0.0,10
151,812,0.7428666666666667,0.0,0.0007172375917434692,0.00217304565012455,0.7462598304889928,0,0,1,0.0,10
152,821,0.7400166666666667,0.1477338671684265,0.0008196921553462744,0.0008282391936518252,0.9349212711067886,9,9,10,0.0,7 1 5 6 9 8 3 2 4
153,823,0.7393833333333333,0.08945901691913605,0.0008572512597311288,0.0023086690343916416,0.8197323871282561,1,1,2,0.0,7 10
154,827,0.7381166666666668,0.19715642929077148,0.0007192583725554869,0.001000498770736158,0.9318669444563557,3,3,4,0.0,3 8 4 10
155,829,0.7374833333333334,0.24663317203521729,0.0007970683800522238,0.0027514116372913122,0.8545932705369064,1,1,2,0.0,1 10
156,830,0.7371666666666667,0.0,0.000835433485917747,0.002852533245459199,0.7691788236526429,0,0,1,0.0,10
157,834,0.7359,0.12968698143959045,0.000791833852417767,0.0016353558748960495,0.8856545998432478,3,3,4,0.0,3 7 6 10
158,840,0.734,0.017782852053642273,0.0008272104217515638,0.0011336642783135176,0.9040731062955366,5,5,6,0.0,7 2 1 8 6 10
159,847,0.7317833333333333,0.4587261378765106,0.0007277879547992987,0.000783535884693265,0.9110743323347656,6,6,7,0.0,7 6 2 8 5 9 10
160,854,0.7295666666666667,0.15718963742256165,0.0009124866836438221,0.0017297584563493729,0.8766508912678707,6,6,7,0.0,4 7 9 1 5 3 10
161,860,0.7276666666666667,0.013067424297332764,0.0008119425134888539,0.0008823584648780525,0.9166784416729148,5,5,6,0.0,7 4 6 5 1 10
162,869,0.7248166666666667,0.021535590291023254,0.0007228636338065068,0.0010381053434684873,0.9335120982278967,9,9,10,0.0,7 6 3 2 5 8 1 9 4
163,870,0.7245,0.0,0.0009500269079580903,0.002575187711045146,0.707858527159511,0,0,1,0.0,10
164,874,0.7232333333333334,0.1460389345884323,0.0007113637693691999,0.0013668376486748457,0.8822439648964033,3,3,4,0.0,6 2 7 10
165,880,0.7213333333333334,0.15717697143554688,0.0006710265103417138,0.0010351254604756832,0.8791190666034729,5,5,6,0.0,4 7 1 3 6 10
166,886,0.7194333333333334,0.19146639108657837,0.0007807880853457997,0.0007588386652059853,0.9371457960762252,5,5,6,0.0,3 9 2 4 7 10
167,891,0.7178500000000001,0.342296302318573,0.0007345485500991344,0.0017680343007668853,0.8675663063433309,4,4,5,0.0,7 8 3 6 10
168,899,0.7153166666666666,0.050560981035232544,0.0006881292138132267,0.0005805267137475312,0.9392071344339323,7,7,8,0.0,7 6 8 5 3 1 9 10
169,907,0.7127833333333333,0.4419254660606384,0.0007017624593572691,0.0007714707171544433,0.9002426524827086,7,7,8,0.0,6 5 3 7 2 9 4 10
170,915,0.71025,0.15404585003852844,0.0006660257531621028,0.0007814040873199701,0.9115970940567225,7,7,8,0.0,7 8 5 3 9 4 2 10
171,924,0.7074,0.3752345144748688,0.0006603976103684141,0.0007280535064637661,0.9223677573922698,8,8,9,0.0,6 7 1 8 5 4 3 2 10
172,929,0.7058166666666668,0.1391809731721878,0.0005615955917164684,0.0010001191403716803,0.9173148049752579,4,4,5,0.0,1 4 5 3 10
173,934,0.7042333333333333,0.09016505628824234,0.0005711886682547629,0.0014498274540528655,0.8905245909792915,4,4,5,0.0,1 3 8 9 10
174,941,0.7020166666666667,0.06706531345844269,0.0005807450589989978,0.0009508790099062026,0.9142123828957679,6,6,7,0.0,8 4 6 9 3 7 10
175,947,0.7001166666666667,-0.03092578798532486,0.0005996237499251341,0.0012710511218756437,0.8711039538226145,5,5,6,0.0,2 4 1 6 5 10
176,952,0.6985333333333333,0.039356328547000885,0.0007148363278247416,0.001387386117130518,0.8875556100562977,4,4,5,0.0,2 7 5 3 10
177,957,0.69695,0.46762728691101074,0.0005465273570735008,0.0005040622781962156,0.9417873886231152,4,4,5,0.0,5 7 6 1 10
178,966,0.6940999999999999,0.5071725249290466,0.0006545016432129261,0.0010086381807923317,0.9177491261616048,9,9,10,0.0,2 7 1 9 3 6 4 8 5
179,975,0.69125,0.5026543140411377,0.0005926994652125157,0.000746132165659219,0.9347026239500318,9,9,10,0.0,1 3 6 2 9 4 8 7 5
180,978,0.6903,0.1577795445919037,0.0004953503763924042,0.001458250917494297,0.8923560641395918,2,2,3,0.0,7 8 10
181,981,0.68935,0.07146264612674713,0.0004858885270853837,0.0016250020125880837,0.8615185704334738,2,2,3,0.0,7 4 10
182,987,0.68745,0.03489886224269867,0.00046766245698866743,0.000886503083165735,0.9206914840339196,5,5,6,0.0,7 4 5 8 2 10
183,993,0.68555,0.08855699747800827,0.0005051218225465467,0.0009754159254953265,0.910957978805804,5,5,6,0.0,6 8 9 7 5 10
184,995,0.6849166666666666,0.06628359854221344,0.000339628619258292,0.002023107372224331,0.8145137375639253,1,1,2,0.0,7 10
185,1001,0.6830166666666666,0.02869231253862381,0.0008392809395445511,0.00035705100162886083,0.9486587382277184,5,5,6,0.0,7 4 5 3 6 10
186,1003,0.6823833333333333,0.27385571599006653,0.0026375518646091223,0.0014816246693953872,0.8362010118244803,1,1,2,0.0,7 10
187,1007,0.6811166666666667,0.43732577562332153,0.0021909214556217194,0.0017716605216264725,0.8672151435055857,3,3,4,0.0,7 4 3 10
188,1012,0.6795333333333333,0.038446128368377686,0.002201766660436988,0.0004912320291623473,0.9290160452958095,4,4,5,0.0,8 7 1 3 10
189,1016,0.6782666666666667,0.31088489294052124,0.0023535561631433666,0.0012613601284101605,0.8398888319261222,3,3,4,0.0,7 6 9 10
190,1017,0.67795,0.0,0.001238766242749989,0.002852533245459199,0.7691788236526429,0,0,1,0.0,10
191,1018,0.6776333333333333,0.0,0.0024052122607827187,0.003293257672339678,0.7610226648953774,0,0,1,0.0,10
192,1021,0.6766833333333333,0.05925355851650238,0.0019445342089359958,0.001770995557308197,0.851525471801565,2,2,3,0.0,7 1 10
193,1030,0.6738333333333333,0.37801146507263184,0.0018898455891758204,0.0003397592809051275,0.9383693661864108,9,9,10,0.0,7 5 1 4 2 8 9 3 6
194,1039,0.6709833333333334,0.5026543736457825,0.0015999957686290145,0.000746132165659219,0.9347026239500318,9,9,10,0.0,7 8 4 9 1 5 3 6 2
195,1043,0.6697166666666667,0.22188350558280945,0.0015723471879027784,0.0012313900515437126,0.9192129734473903,3,3,4,0.0,4 1 8 10
196,1046,0.6687666666666667,0.06251943856477737,0.001101513645456483,0.001742852502502501,0.8551244846457675,2,2,3,0.0,8 9 10
197,1049,0.6678166666666667,0.3543791174888611,0.0013778143329545856,0.0006539425812661648,0.8933130320555815,2,2,3,0.0,5 2 10
198,1050,0.6675,0.0,0.0010940879583358765,0.0028538373298943043,0.6946785218192001,0,0,1,0.0,10
199,1059,0.66465,0.34050557017326355,0.0013859995589074162,0.0005989361088722944,0.9262345023054572,8,8,9,0.0,6 7 1 4 3 9 2 5 10
200,1067,0.6621166666666667,-0.022284850478172302,0.0012683523091254756,0.0003252372844144702,0.9694778016645474,7,7,8,0.0,3 1 5 2 6 9 4 10
201,1073,0.6602166666666667,0.26024922728538513,0.00107312672965539,0.002093220828101039,0.8332278923112907,5,5,6,0.0,4 6 1 8 5 10
202,1075,0.6595833333333334,0.10419406741857529,0.0011652365210466087,0.00198298878967762,0.8491224453637242,1,1,2,0.0,6 10
203,1084,0.6567333333333334,0.40894269943237305,0.0013962040732925136,0.0007898138137534261,0.9363569063749098,8,8,9,0.0,9 1 7 4 5 6 2 8 10
204,1090,0.6548333333333334,0.31443482637405396,0.0015581506498468418,0.0018328499281778932,0.8622687574870238,5,5,6,0.0,4 3 9 1 6 10
205,1092,0.6542,0.052047502249479294,0.001415222475770861,0.0019510070560500026,0.7831869407841553,1,1,2,0.0,2 10
206,1094,0.6535666666666666,0.06376577168703079,0.0017101956182159483,0.0015124842757359147,0.8951633909493507,1,1,2,0.0,8 10
207,1103,0.6507166666666667,0.5119085311889648,0.001086730581139111,0.0007530170842073858,0.9340623293811727,8,8,9,0.0,7 5 4 6 2 1 3 9 10
208,1107,0.6494500000000001,0.0531911626458168,0.0010184189450228587,0.0012369051109999418,0.8797321180313578,3,3,4,0.0,8 7 2 10
209,1113,0.6475500000000001,-0.022239141166210175,0.0010380647145211697,0.0013072722358629107,0.8766555622414942,5,5,6,0.0,3 1 2 5 9 10
210,1121,0.6450166666666667,0.43568652868270874,0.0013015348595217802,0.0005898590898141265,0.9537688509498,7,7,8,0.0,8 4 5 1 3 6 7 10
211,1126,0.6434333333333333,0.2400856912136078,0.0011031315196305513,0.0011940799886360765,0.9045166779358237,4,4,5,0.0,6 7 3 4 10
212,1132,0.6415333333333333,0.2124052345752716,0.0009663141293761631,0.0006802260759286582,0.946062945892567,5,5,6,0.0,2 1 7 3 4 10
213,1135,0.6405833333333333,0.16164135932922363,0.0008014101379861435,0.0011840241495519876,0.8963485124491057,2,2,3,0.0,4 5 10
214,1137,0.63995,0.14952977001667023,0.001055592903867364,0.0027314983308315277,0.8030844924353533,1,1,2,0.0,8 10
215,1146,0.6371,0.5026543140411377,0.0012124272567840915,0.000746132165659219,0.9347026239500318,9,9,10,0.0,1 8 5 6 7 4 9 2 3
216,1155,0.63425,-0.10958506911993027,0.0010003711278032926,0.0007491508149541914,0.9332435601230326,9,9,10,0.0,8 2 9 7 5 1 6 4 3
217,1160,0.6326666666666667,0.12881283462047577,0.001227796939201653,0.0012775093782693148,0.9098738893760229,4,4,5,0.0,2 6 7 8 10
218,1161,0.63235,0.0,0.0012134260032325983,0.00217304565012455,0.7462598304889928,0,0,1,0.0,10
219,1169,0.6298166666666667,-0.022273123264312744,0.0011137954861624166,0.0003282121615484357,0.9696899364025783,7,7,8,0.0,2 3 4 8 1 5 6 10
220,1176,0.6275999999999999,0.07853659987449646,0.0011485639843158424,0.0009638555347919464,0.9220632459086839,6,6,7,0.0,7 3 4 6 8 5 10
221,1185,0.62475,0.52047199010849,0.000870733909929792,0.00030623964266851544,0.9617493655997706,9,9,10,0.0,3 4 1 6 8 5 9 2 7
222,1189,0.6234833333333334,0.10424523055553436,0.0011444839328760281,0.0019265039591118693,0.8718721961401023,3,3,4,0.0,8 6 5 10
223,1190,0.6231666666666666,0.0,0.001001077238470316,0.003222197527065873,0.7964929944639594,0,0,1,0.0,10
224,1195,0.6215833333333334,0.37772488594055176,0.0007876071613281965,0.0010699611157178879,0.8913763951461465,4,4,5,0.0,8 7 2 4 10
225,1201,0.6196833333333334,0.020171113312244415,0.0010198915454869468,0.0011164925526827574,0.9077773589849046,5,5,6,0.0,5 2 7 1 9 10
226,1205,0.6184166666666666,0.13525064289569855,0.0012512191315181553,0.001176990452222526,0.8935491439225274,3,3,4,0.0,7 8 6 10
227,1214,0.6155666666666666,0.39421147108078003,0.0009189254811240567,0.0006219997885636985,0.9420191385073412,8,8,9,0.0,2 9 8 7 1 5 4 6 10
228,1217,0.6146166666666667,0.3907128572463989,0.000779813815218707,0.0011060347314924002,0.8750581788331022,2,2,3,0.0,1 2 10
229,1226,0.6117666666666667,0.4332515597343445,0.0007967279396123356,0.0007640213007107377,0.9008841371245674,8,8,9,0.0,7 6 2 3 5 9 4 1 10
230,1230,0.6105,0.15046408772468567,0.0008440146484645084,0.0023585690651088953,0.8919512139152687,3,3,4,0.0,8 7 1 10
231,1238,0.6079666666666667,0.4974200427532196,0.0008286241791211069,0.0008602481102570891,0.9275818642729386,7,7,8,0.0,7 4 1 5 2 9 8 10
232,1244,0.6060666666666666,0.21206940710544586,0.0010416857646002124,0.000884397653862834,0.9345325294806756,5,5,6,0.0,6 5 7 2 1 10
233,1249,0.6044833333333334,0.005620300769805908,0.0006972578004933894,0.0012851945357397199,0.8549249326626412,4,4,5,0.0,9 8 2 3 10
234,1252,0.6035333333333334,0.041067253798246384,0.0022571943894339106,0.0024441059213131666,0.8103627509998953,2,2,3,0.0,1 6 10
235,1255,0.6025833333333334,0.3347747325897217,0.0033202076641221843,0.0013435309519991279,0.8975549493866499,2,2,3,0.0,9 8 10
236,1260,0.601,0.4090130925178528,0.002018664893694222,0.0013503318186849356,0.8578253355182875,4,4,5,0.0,5 1 4 8 10
237,1267,0.5987833333333333,0.1861361414194107,0.0021667586573000464,0.0006974972784519196,0.9325268357531494,6,6,7,0.0,8 6 9 4 1 3 10
238,1270,0.5978333333333333,0.0872812420129776,0.001620347184749941,0.001316113630309701,0.8805190407173812,2,2,3,0.0,8 2 10
239,1275,0.59625,0.16955862939357758,0.001698038913309574,0.0009466016781516373,0.935800472599998,4,4,5,0.0,7 8 3 4 10
240,1281,0.59435,0.5436086654663086,0.0015470072976313531,0.0007637696689926088,0.9134289140632547,5,5,6,0.0,3 8 9 4 5 10
241,1288,0.5921333333333334,0.07056507468223572,0.0016578594388972437,0.000895569974090904,0.9220703936466564,6,6,7,0.0,1 9 7 5 2 3 10
242,1294,0.5902333333333334,0.3995015025138855,0.0016538023677033682,0.0011412244057282805,0.9153047510722871,5,5,6,0.0,1 5 7 2 6 10
243,1301,0.5880166666666666,0.3918406367301941,0.0018097831967419811,0.0011465954594314098,0.8977624033970867,6,6,7,0.0,8 7 4 5 9 1 10
244,1304,0.5870666666666666,0.1783819943666458,0.001415264365884165,0.0022772331722080708,0.8394343815168076,2,2,3,0.0,5 1 10
245,1313,0.5842166666666667,-0.08421365916728973,0.001535801126414703,0.00033979187719523907,0.9512036949856811,8,8,9,0.0,3 9 7 1 2 5 4 6 10
246,1316,0.5832666666666667,0.05925355851650238,0.0016208850235367815,0.001770995557308197,0.851525471801565,2,2,3,0.0,7 1 10
247,1320,0.5820000000000001,0.325390100479126,0.0015287509158952162,0.0017078680684790015,0.861512423509579,3,3,4,0.0,7 9 3 10
248,1327,0.5797833333333333,0.20343977212905884,0.0013034896276492094,0.0008036220679059625,0.9422497258175001,6,6,7,0.0,8 2 9 6 4 3 10
249,1334,0.5775666666666667,0.11950133740901947,0.0013951813536030905,0.0010958885541185737,0.9333037554012893,6,6,7,0.0,4 3 6 2 7 5 10
250,1342,0.5750333333333333,0.4291900396347046,0.0014657096326118335,0.0006199798663146794,0.9520843562522768,7,7,8,0.0,8 4 2 9 5 3 6 10
251,1349,0.5728166666666668,0.3570939898490906,0.0014296411869249173,0.000967320753261447,0.9236807212871405,6,6,7,0.0,1 9 8 2 5 6 10
252,1352,0.5718666666666667,0.3204769492149353,0.0017691981823494036,0.0021139350719749928,0.8431609891682827,2,2,3,0.0,3 4 10
253,1358,0.5699666666666667,0.4547317624092102,0.0012231633882038295,0.0006594276637770236,0.9349447406394303,5,5,6,0.0,3 2 7 5 4 10
254,1361,0.5690166666666667,0.07504940778017044,0.0014456927310675383,0.0013589512091130018,0.845822346010262,2,2,3,0.0,5 3 10
255,1367,0.5671166666666667,0.4043848514556885,0.00115879731796061,0.0009333816124126315,0.9200310453896574,5,5,6,0.0,1 7 4 8 6 10
256,1372,0.5655333333333334,0.3402674198150635,0.0014297225512564181,0.0018142814515158534,0.8688045545756887,4,4,5,0.0,4 1 8 3 10
257,1381,0.5626833333333334,0.5092042088508606,0.0011936743459146884,0.0007661533309146762,0.9337223103617658,8,8,9,0.0,8 2 5 3 4 6 7 9 10
258,1390,0.5598333333333334,0.5071725249290466,0.0011795911705121398,0.0010086381807923317,0.9177491261616048,9,9,10,0.0,8 9 3 4 2 7 1 6 5
259,1394,0.5585666666666667,0.14393606781959534,0.0010367875511292368,0.0008012669277377427,0.9204931990392994,3,3,4,0.0,2 7 1 10
260,1402,0.5560333333333334,0.35584208369255066,0.0013130491133779287,0.0009024371975101531,0.9110315383083046,7,7,8,0.0,7 1 5 6 4 9 2 10
261,1406,0.5547666666666666,0.08427125960588455,0.0008143757877405733,0.0006713392212986946,0.9414697731451954,3,3,4,0.0,5 3 8 10
262,1412,0.5528666666666666,0.2482856959104538,0.00109929340154243,0.0004809587262570858,0.9470801692052914,5,5,6,0.0,8 1 3 4 5 10
263,1416,0.5516000000000001,0.04180465638637543,0.0010829932580236346,0.0006212210864759982,0.8997876431691094,3,3,4,0.0,6 5 2 10
264,1422,0.5497000000000001,0.2533051371574402,0.0009957834263332188,0.0006436459952965379,0.9507210403503618,5,5,6,0.0,4 2 3 5 8 10
265,1425,0.5487500000000001,0.16795161366462708,0.000933609107354035,0.00241075549274683,0.8707943776352209,2,2,3,0.0,4 3 10
266,1428,0.5478000000000001,0.1174188181757927,0.0011442604009062052,0.00070716452319175,0.9378703671167565,2,2,3,0.0,8 7 10
267,1437,0.54495,0.5039483308792114,0.0012382753840130237,0.0007450933335348964,0.9153839173183005,9,9,10,0.0,5 4 8 9 2 7 3 6 1
268,1443,0.54305,0.24088293313980103,0.0012392848342036207,0.0007421214249916375,0.9464484374886035,5,5,6,0.0,7 4 1 2 5 10
269,1450,0.5408333333333333,0.14027215540409088,0.0011914096040917294,0.0019005886279046535,0.8651127995796918,6,6,7,0.0,6 9 8 5 7 3 10
270,1451,0.5405166666666666,0.0,0.0013827455695718527,0.002939391415566206,0.7405864070674878,0,0,1,0.0,10
271,1460,0.5376666666666667,0.11113511025905609,0.0010967227733797496,0.0016109973657876253,0.881630681207078,8,8,9,0.0,8 1 7 4 9 5 2 3 10
272,1462,0.5370333333333334,0.10334674268960953,0.000990440370514989,0.0019064811058342457,0.7852249208230893,1,1,2,0.0,9 10
273,1471,0.5341833333333333,0.13195648789405823,0.0009622818648090793,0.000692817207891494,0.9332946839606152,8,8,9,0.0,6 8 2 3 7 9 1 4 10
274,1480,0.5313333333333333,-0.09822067618370056,0.0010237672443812091,0.0003099486930295825,0.9703775673714886,9,9,10,0.0,7 5 3 1 6 4 9 2 8
275,1483,0.5303833333333333,0.06425771117210388,0.001019271924936523,0.0015637119067832828,0.8618054957562055,2,2,3,0.0,2 5 10
276,1486,0.5294333333333334,0.16345785558223724,0.001185792692316075,0.000889510614797473,0.9141447423435703,2,2,3,0.0,8 2 10
277,1488,0.5288,0.09641972184181213,0.0007762233435641974,0.0019014017889276147,0.8227313309464953,1,1,2,0.0,5 10
278,1490,0.5281666666666667,0.055247578769922256,0.0009604701772332191,0.0023869210854172707,0.8251576587451482,1,1,2,0.0,8 10
279,1494,0.5269,0.17399807274341583,0.0011965974990744144,0.000667918473482132,0.9369567611856069,3,3,4,0.0,8 4 7 10
280,1503,0.52405,0.3780115246772766,0.001616213147321509,0.0003397592809051275,0.9383693661864108,9,9,10,0.0,8 5 1 4 2 9 6 3 7
281,1509,0.52215,0.38416630029678345,0.002902744551344464,0.0010038516484200954,0.8755084557390099,5,5,6,0.0,7 1 8 6 3 10
282,1518,0.5193000000000001,0.14805760979652405,0.0022668984666880635,0.0006037026760168374,0.9531159286833547,9,9,10,0.0,1 2 7 3 8 6 4 5 9
283,1520,0.5186666666666666,0.25417008996009827,0.0024692296283319592,0.0025490091647952795,0.8010088442896762,1,1,2,0.0,7 10
284,1527,0.5164500000000001,0.20877289772033691,0.002067611669190228,0.0005341573851183057,0.941918337742015,6,6,7,0.0,7 9 6 5 8 4 10
285,1530,0.5155000000000001,0.32440268993377686,0.0019328493702535827,0.0012647127732634544,0.8647310700396011,2,2,3,0.0,1 7 10
286,1536,0.5136000000000001,-0.0014202818274497986,0.0019969915544303754,0.000933587143663317,0.897314334348039,5,5,6,0.0,9 8 6 5 3 10
287,1542,0.5117,0.01358526200056076,0.0016699532667795818,0.0011594257084652781,0.8972088799908243,5,5,6,0.0,9 8 6 2 5 10
288,1551,0.50885,0.511259913444519,0.0017977315001189709,0.0007577711949124932,0.9342862961018695,8,8,9,0.0,8 9 5 1 2 4 6 3 10
289,1555,0.5075833333333334,0.12847530841827393,0.001622961019165814,0.00036390128661878407,0.9670587569900415,3,3,4,0.0,4 3 5 10
290,1564,0.5047333333333334,0.12799446284770966,0.0015939642520000537,0.0007726600742898881,0.9126225142218128,8,8,9,0.0,7 1 8 5 2 3 9 4 10
291,1572,0.5022,0.39185264706611633,0.0016746452893130481,0.0009367419988848269,0.9053251973744239,7,7,8,0.0,6 8 1 5 4 9 3 10
292,1573,0.5018833333333333,0.0,0.0019774525426328182,0.0027319309301674366,0.7100972338013715,0,0,1,0.0,10
293,1577,0.5006166666666667,0.11627031117677689,0.0019228256423957646,0.0008565268362872303,0.9259343916344303,3,3,4,0.0,4 3 5 10
294,1578,0.5003,0.0,0.00153966317884624,0.00217304565012455,0.7462598304889928,0,0,1,0.0,10
295,1584,0.49839999999999995,0.25098916888237,0.0013967294168348114,0.00046396878315135837,0.9477586230610837,5,5,6,0.0,1 7 4 5 3 10
296,1589,0.4968166666666667,0.05553334951400757,0.0015287854708731174,0.0006020547589287162,0.9474343825286691,4,4,5,0.0,5 3 8 6 10
297,1594,0.4952333333333334,0.1694200336933136,0.0015207165153697133,0.0004839444882236421,0.9488406244944448,4,4,5,0.0,4 3 5 7 10
298,1600,0.4933333333333334,0.1798342615365982,0.0015294648668107886,0.0009450932266190648,0.8953819091694251,5,5,6,0.0,9 8 6 4 7 10
299,1605,0.49175,0.03801697492599487,0.0012377527193166316,0.0004789583617821336,0.9264929463973935,4,4,5,0.0,5 2 3 1 10
300,1608,0.4908,0.08949485421180725,0.0015839061234146357,0.001293290639296174,0.8823895530950159,2,2,3,0.0,4 5 10
301,1617,0.48795,0.5172575116157532,0.0015666828128612703,0.0010201719123870134,0.9182808740810888,8,8,9,0.0,4 8 1 5 6 7 9 3 10
302,1622,0.4863666666666667,0.4754657447338104,0.0015701014315709471,0.00079502904554829,0.9082739548259343,4,4,5,0.0,5 1 4 9 10
303,1629,0.48414999999999997,0.4345635771751404,0.0013811183660956366,0.0015619690530002117,0.8724286686031062,6,6,7,0.0,6 9 8 3 1 7 10
304,1630,0.48383333333333334,0.0,0.00219543999992311,0.0015812440542504191,0.7771263515552358,0,0,1,0.0,10
305,1639,0.4809833333333333,0.5071725845336914,0.0012191330250870022,0.0010086381807923317,0.9177491261616048,9,9,10,0.0,8 7 4 1 3 6 2 9 5
306,1644,0.47939999999999994,0.3753741979598999,0.0012831712723709644,0.0010351729579269886,0.8612769556527472,4,4,5,0.0,8 9 5 2 10
307,1646,0.4787666666666667,0.1728166937828064,0.001577469811309129,0.0020314406137913465,0.8394667295369184,1,1,2,0.0,6 10
308,1651,0.4771833333333334,0.1605454683303833,0.0010488512925803661,0.0007393188425339758,0.9364677438341905,4,4,5,0.0,4 6 7 5 10
309,1654,0.4762333333333334,0.2083248794078827,0.0011014621316765745,0.0014370197895914316,0.8985511132745199,2,2,3,0.0,7 6 10
310,1661,0.47401666666666675,0.4267728328704834,0.0013505565002560616,0.0006966697983443737,0.9461464437874262,6,6,7,0.0,7 6 4 1 5 9 10
311,1665,0.47275,0.03219885379076004,0.0011987637699348852,0.001618562382645905,0.8602846920773759,3,3,4,0.0,4 2 6 10
312,1669,0.47148333333333337,0.10327457636594772,0.0011791357828769833,0.0014026039279997349,0.8726320543927755,3,3,4,0.0,7 9 1 10
313,1674,0.4699,0.0999881848692894,0.001313925627619028,0.0008620855514891446,0.914922767051902,4,4,5,0.0,1 2 9 8 10
314,1682,0.4673666666666667,-0.03923369199037552,0.001156601167167537,0.0008493234636262059,0.9254675761892878,7,7,8,0.0,4 7 5 9 6 2 8 10
315,1686,0.46609999999999996,0.17061814665794373,0.0010955616016872227,0.0006486698985099792,0.9324415107827975,3,3,4,0.0,1 7 5 10
316,1694,0.4635666666666667,0.5002622604370117,0.0010270721613778733,0.0008514336077496409,0.9288902678011998,7,7,8,0.0,8 1 5 6 4 7 9 10
317,1703,0.46071666666666666,0.37928974628448486,0.001454150252458122,0.0009104710770770907,0.9083804065775786,9,9,10,0.0,1 7 3 2 4 8 6 5 9
318,1704,0.46040000000000003,0.0,0.0014418717473745346,0.0013359682634472847,0.7905819052863561,0,0,1,0.0,10
319,1710,0.4585,0.1773557960987091,0.0011571120703592896,0.0009560320759192109,0.8937266129163159,5,5,6,0.0,8 6 7 4 1 10
320,1717,0.4562833333333334,0.5016684532165527,0.001084182137024722,0.0008788612904027104,0.8996624047209051,6,6,7,0.0,1 8 6 5 9 3 10
321,1718,0.45596666666666674,0.0,0.0011077946983277798,0.0027219681069254875,0.7970984436465841,0,0,1,0.0,10
322,1719,0.4556500000000001,0.0,0.0014898228691890836,0.0018439533887431026,0.7704608944110688,0,0,1,0.0,10
323,1720,0.45533333333333337,0.0,0.0007401141920126975,0.004251353442668915,0.6962441123030054,0,0,1,0.0,10
324,1726,0.45343333333333335,0.25260356068611145,0.0009990187245421112,0.0008840615628287196,0.9313262599951163,5,5,6,0.0,2 4 6 3 5 10
325,1731,0.4518500000000001,0.42096009850502014,0.0011602106736972929,0.0007727472693659365,0.9293106269981717,4,4,5,0.0,8 2 1 4 10
326,1738,0.44963333333333333,0.1890985369682312,0.001254702835077686,0.0006612644647248089,0.9322302658797444,6,6,7,0.0,7 4 8 5 6 2 10
327,1740,0.44900000000000007,0.12799134850502014,0.0015056342235766351,0.0018050058279186487,0.8551692375149157,1,1,2,0.0,7 10
328,1744,0.4477333333333333,0.07345762848854065,0.0011948872124776244,0.0009699970250949264,0.9094125821380283,3,3,4,0.0,4 2 5 10
329,1747,0.4467833333333333,0.1723305881023407,0.0007552746683359146,0.0014641063753515482,0.892875441880487,2,2,3,0.0,7 5 10
330,1752,0.44520000000000004,0.16781531274318695,0.0015487928059883416,0.0004941931692883372,0.9482349310597398,4,4,5,0.0,2 5 3 4 10
331,1753,0.4448833333333333,0.0,0.0017832622397691011,0.00229056179523468,0.7428938356847209,0,0,1,0.0,10
332,1762,0.4420333333333333,0.4317924976348877,0.002299381238925788,0.0004711332148872316,0.9530430480430299,8,8,9,0.0,1 6 5 4 3 8 9 7 10
333,1765,0.44108333333333327,0.10164231806993484,0.0022226909641176462,0.0010656961239874363,0.9006846673414554,2,2,3,0.0,8 7 10
334,1773,0.4385500000000001,0.43296104669570923,0.0016115819744300097,0.0006011131918057799,0.952946157255581,7,7,8,0.0,8 5 1 4 9 6 3 10
335,1781,0.4360166666666667,0.21354271471500397,0.0016874204084160738,0.0005415258347056806,0.9593005800502337,7,7,8,0.0,6 8 3 7 4 2 5 10
336,1784,0.4350666666666667,0.06562776863574982,0.0018878749494130413,0.000742628937587142,0.8977851461659005,2,2,3,0.0,4 9 10
337,1788,0.4338000000000001,0.16316136717796326,0.0011949597974307835,0.000714446185156703,0.9306788992814445,3,3,4,0.0,4 7 5 10
338,1792,0.4325333333333333,0.06573236733675003,0.001229560497449711,0.0010748562635853887,0.8756208674147211,3,3,4,0.0,5 4 3 10
339,1796,0.4312666666666667,0.3623141944408417,0.00143704867514316,0.0015668970299884677,0.8909816240070124,3,3,4,0.0,1 4 8 10
340,1804,0.4287333333333333,0.2139388620853424,0.0015889788628555834,0.000539334723725915,0.9594846780851537,7,7,8,0.0,8 7 3 5 4 9 6 10
341,1807,0.4277833333333333,0.17885124683380127,0.001409295480698347,0.0007733441307209432,0.9191362395811733,2,2,3,0.0,8 3 10
342,1813,0.4258833333333334,0.40484505891799927,0.00122570888682579,0.0011828959686681628,0.9211946169310886,5,5,6,0.0,3 9 4 2 6 10
343,1818,0.4243,0.2565835416316986,0.0011145241907797754,0.0008281051414087415,0.9417303693741028,4,4,5,0.0,3 4 7 8 10
344,1819,0.4239833333333334,0.0,0.003503174986690283,0.002852533245459199,0.7691788236526429,0,0,1,0.0,10
345,1823,0.42271666666666663,0.13515476882457733,0.0012515216803876683,0.0012800847180187702,0.8920775699239849,3,3,4,0.0,5 7 3 10
346,1827,0.42145,0.3814208507537842,0.0013908380933571607,0.0009578533354215324,0.9085615745321466,3,3,4,0.0,1 4 8 10
347,1835,0.4189166666666667,0.4984379708766937,0.0012929704826092348,0.000847149989567697,0.9026727899643243,7,7,8,0.0,8 1 5 4 6 7 2 10
348,1843,0.41638333333333344,0.5321959853172302,0.0012539779272628948,0.00032744952477514744,0.9603139648256064,7,7,8,0.0,1 8 5 4 9 2 3 10
349,1852,0.4135333333333334,0.40505924820899963,0.0010570777166220876,0.0005785260582342744,0.95457237235998,9,9,10,0.0,8 5 1 4 3 7 2 6 9
350,1858,0.4116333333333334,-0.03344758599996567,0.0011048408244581271,0.0012833881191909313,0.8543672998492272,5,5,6,0.0,6 8 2 3 1 10
351,1859,0.41131666666666666,0.0,0.0011509339092299342,0.0027042669244110584,0.7730724079759768,0,0,1,0.0,10
352,1866,0.4091,0.016103476285934448,0.0011333324031771294,0.00033790088491514325,0.9698049749616494,6,6,7,0.0,4 6 3 7 5 2 10
353,1875,0.40625,0.41947561502456665,0.000945910239048923,0.0005886134458705783,0.9539598361738514,8,8,9,0.0,6 4 3 7 9 8 1 5 10
354,1879,0.40498333333333336,0.13873574137687683,0.0009029896900756285,0.001135211787186563,0.904291114522926,3,3,4,0.0,4 6 5 10
355,1886,0.4027666666666666,0.24467960000038147,0.0009944115964961903,0.0003739505191333592,0.9654119291766928,6,6,7,0.0,3 6 4 7 5 1 10
356,1890,0.4015000000000001,0.07092421501874924,0.0009699589427327737,0.0011787256225943565,0.8939529767838018,3,3,4,0.0,4 5 3 10
357,1895,0.3999166666666667,0.23722884058952332,0.0011869424488395452,0.000952603411860764,0.9334002772653995,4,4,5,0.0,1 4 6 7 10
358,1896,0.39960000000000007,0.0,0.0011418077629059553,0.003986264578998089,0.6810503073325148,0,0,1,0.0,10
359,1899,0.39865000000000006,0.0734371617436409,0.0010970230602348845,0.0016259392723441124,0.8652180798094848,2,2,3,0.0,4 3 10
360,1904,0.3970666666666667,0.13918165862560272,0.0009900216944515705,0.0009997509187087417,0.9172874170839432,4,4,5,0.0,5 2 4 3 10
361,1908,0.39580000000000004,0.16316136717796326,0.0015749668527860194,0.000714446185156703,0.9306788992814445,3,3,4,0.0,7 4 5 10
362,1912,0.3945333333333334,0.10029949247837067,0.0011308029352221638,0.0003878751886077225,0.9448756375189485,3,3,4,0.0,4 5 3 10
363,1914,0.39390000000000003,0.06777350604534149,0.0012024207971990108,0.0019186182180419564,0.8577412379045686,1,1,2,0.0,4 10
364,1922,0.39136666666666664,0.39360249042510986,0.001050021921400912,0.0010241650743409991,0.9054804343318259,7,7,8,0.0,8 5 4 1 3 2 9 10
365,1928,0.3894666666666666,0.2551526427268982,0.0009676647023297846,0.0006293178303167224,0.9513748412714844,5,5,6,0.0,3 7 4 6 5 10
366,1937,0.3866166666666666,0.5087504982948303,0.0011607154156081378,0.0007668669568374753,0.9333812875250148,8,8,9,0.0,8 1 4 5 2 9 3 7 10
367,1941,0.38534999999999997,0.46440359950065613,0.001315675675868988,0.0015968591906130314,0.8735512405120093,3,3,4,0.0,8 5 4 10
368,1946,0.3837666666666667,0.1699857860803604,0.001135263533797115,0.0006649171118624508,0.9415037639075879,4,4,5,0.0,4 3 5 9 10
369,1955,0.3809166666666668,0.3844572603702545,0.0013252959599614972,0.0009240448125638068,0.9058347816416257,8,8,9,0.0,8 2 1 4 3 6 5 9 10
370,1960,0.3793333333333334,0.14609873294830322,0.0012139054713770747,0.0008451422327198088,0.920628183750562,4,4,5,0.0,4 7 5 3 10
371,1964,0.3780666666666668,0.12847532331943512,0.0007794839912094176,0.00036390128661878407,0.9670587569900415,3,3,4,0.0,4 5 3 10
372,1973,0.37521666666666675,0.4879308044910431,0.0011111632985476819,0.0008275079308077693,0.933605097136798,8,8,9,0.0,3 4 7 9 2 8 6 5 10
373,1979,0.37331666666666674,0.1527373194694519,0.0010369153557500492,0.0006981540936976671,0.9440545012884276,5,5,6,0.0,4 3 5 2 9 10
374,1986,0.3711,0.3396289050579071,0.0009590942063368857,0.0006939196027815342,0.915622423771729,6,6,7,0.0,4 3 1 9 6 8 10
375,1991,0.3695166666666667,0.015838421881198883,0.0009338381350971758,0.0011788130505010486,0.8643422954307158,4,4,5,0.0,6 3 4 8 10
376,1993,0.36888333333333334,0.07189015299081802,0.001061958319041878,0.0017550319898873568,0.820533214192328,1,1,2,0.0,4 10
377,1998,0.36729999999999996,0.22340214252471924,0.0009631390334106982,0.0007095589535310864,0.9228234239693346,4,4,5,0.0,8 7 3 2 10
378,2004,0.36539999999999995,0.2515539526939392,0.0017700533984073747,0.000655458658002317,0.9499990262542979,5,5,6,0.0,4 8 3 1 5 10
379,2008,0.3641333333333333,0.16574212908744812,0.0014607238699682057,0.0009426796459592879,0.9117585587338517,3,3,4,0.0,7 4 5 10
380,2013,0.36255000000000004,0.2768939435482025,0.0012545671197585762,0.0004749140061903745,0.9471995147669358,4,4,5,0.0,7 4 5 3 10
381,2017,0.3612833333333334,0.15924543142318726,0.0016313361993525177,0.0011270168470218778,0.9104583919508987,3,3,4,0.0,7 4 5 10
382,2022,0.3597,0.42913368344306946,0.0014245494501665234,0.0005767092807218432,0.935281015976856,4,4,5,0.0,1 4 5 6 10
383,2026,0.3584333333333334,0.16635490953922272,0.0011979271075688303,0.0006628689588978887,0.9294591170163132,3,3,4,0.0,8 4 3 10
384,2033,0.35621666666666674,0.24405574798583984,0.0013588416124028818,0.00037512602284550667,0.9650563971714231,6,6,7,0.0,3 8 5 2 7 4 10
385,2037,0.35495,0.11237836629152298,0.0014600454305764288,0.0030730257276445627,0.8700157728458131,3,3,4,0.0,7 4 2 10
386,2046,0.35209999999999997,0.18580906093120575,0.0010884578352690572,0.0005392399616539478,0.9591921089520494,8,8,9,0.0,1 8 7 5 3 6 4 2 10
387,2050,0.35083333333333333,0.39855703711509705,0.0011982089054072276,0.0008960499544627964,0.914323162371636,3,3,4,0.0,1 2 4 10
388,2051,0.3505166666666667,0.0,0.0009930088417604566,0.002156198490411043,0.70136504216113,0,0,1,0.0,10
389,2060,0.3476666666666667,0.16782118380069733,0.001145522776318507,0.00033794459886848927,0.9672684116858222,9,9,10,0.0,3 5 1 7 4 9 6 2 8
390,2063,0.3467166666666667,0.10048174113035202,0.000816548146152248,0.0010758114513009787,0.8997172671386819,2,2,3,0.0,2 8 10
391,2072,0.34386666666666676,0.3792897164821625,0.0008605800362096892,0.0009104710770770907,0.9083804065775786,9,9,10,0.0,7 4 9 3 2 6 1 8 5
392,2078,0.34196666666666675,0.2533915042877197,0.0011156675949071844,0.0006402183789759874,0.9505921240794106,5,5,6,0.0,3 5 8 4 6 10
393,2082,0.3407000000000001,0.30297723412513733,0.0009027344931382686,0.0009209985146299005,0.9276692834057082,3,3,4,0.0,3 5 4 10
394,2091,0.3378500000000001,0.4973049759864807,0.0007780278748315242,0.0006115937139838934,0.9311440596434506,8,8,9,0.0,1 8 5 4 9 7 6 3 10
395,2098,0.33563333333333334,0.2430979460477829,0.0008569660837695535,0.00037862604949623346,0.964641092010684,6,6,7,0.0,2 1 4 3 6 5 10
396,2104,0.3337333333333333,0.1293918788433075,0.0008327659355321279,0.0014377927873283625,0.9149977327562541,5,5,6,0.0,3 5 8 1 2 10
397,2109,0.33215000000000006,0.1412665694952011,0.0009758508065715432,0.000988149200566113,0.9190044138540694,4,4,5,0.0,3 6 5 4 10
398,2112,0.33120000000000005,0.08991457521915436,0.000716671134190013,0.0011503947898745537,0.8894915559177379,2,2,3,0.0,3 4 10
399,2116,0.3299333333333333,0.3220631182193756,0.0007692961080465466,0.00039680927875451744,0.9629182144202176,3,3,4,0.0,4 3 5 10
400,2120,0.32866666666666666,0.3015821576118469,0.0007706050528213382,0.0004913120064884424,0.9460985286517886,3,3,4,0.0,3 5 4 10
401,2123,0.32771666666666666,0.0734371542930603,0.0009445185423828661,0.0016259392723441124,0.8652180798094848,2,2,3,0.0,3 4 10
402,2131,0.3251833333333334,0.44358572363853455,0.0008352229779120535,0.00048533978406339884,0.9510500947020142,7,7,8,0.0,1 8 4 5 3 6 2 10
403,2136,0.3236000000000001,0.17148147523403168,0.000929181557148695,0.0004818411252927035,0.9507847315278547,4,4,5,0.0,6 3 5 4 10
404,2145,0.3207500000000001,0.5204720497131348,0.0009393973224278954,0.00030623964266851544,0.9617493655997706,9,9,10,0.0,2 1 4 3 7 8 5 6 9
405,2150,0.3191666666666667,0.3699267506599426,0.0007387664867565036,0.0005430476740002632,0.9088091104868334,4,4,5,0.0,6 7 4 3 10
406,2153,0.3182166666666667,0.14943161606788635,0.000820316180276374,0.0013727789046242833,0.8964336465127262,2,2,3,0.0,1 7 10
407,2157,0.31695000000000007,0.25466620922088623,0.0007618407253175974,0.0006856386316940188,0.9234814337154631,3,3,4,0.0,1 7 4 10
408,2166,0.31410000000000005,0.5272523760795593,0.0008350408008684301,0.00031392386881634593,0.9608987443654063,8,8,9,0.0,2 1 5 4 3 6 9 8 10
409,2170,0.3128333333333333,0.1968708038330078,0.0008318378531839699,0.0007160058012232184,0.9380829586923193,3,3,4,0.0,4 3 5 10
410,2174,0.31156666666666666,0.3015821576118469,0.0009779725223779678,0.0004913120064884424,0.9460985286517886,3,3,4,0.0,3 5 4 10
411,2179,0.3099833333333333,0.04137691855430603,0.000787307124119252,0.0009594311122782528,0.9026143265075264,4,4,5,0.0,4 6 3 5 10
412,2181,0.30935,0.11799822747707367,0.0009467495838180184,0.0023686885833740234,0.8317074243025799,1,1,2,0.0,3 10
413,2185,0.30808333333333326,0.06573236733675003,0.0008019286178750917,0.0010748562635853887,0.8756208674147211,3,3,4,0.0,4 3 5 10
414,2188,0.30713333333333337,0.0815943107008934,0.0007694086525589228,0.0015100172022357583,0.8703347006624433,2,2,3,0.0,2 8 10
415,2197,0.30428333333333346,0.4323641061782837,0.0006866710221705338,0.0007656429661437869,0.9003181323391362,8,8,9,0.0,1 8 5 9 6 4 3 2 10
416,2206,0.30143333333333344,0.5120592713356018,0.0007872157536136607,0.0007568204891867936,0.9141612146824917,8,8,9,0.0,4 3 7 6 9 2 8 5 10
417,2210,0.3001666666666667,0.25084254145622253,0.0008904023270588368,0.0010167357977479696,0.9292293471260955,3,3,4,0.0,1 7 8 10
418,2214,0.29890000000000005,0.22426611185073853,0.0006747861189069226,0.0009100647876039147,0.9116847668370225,3,3,4,0.0,3 5 2 10
419,2219,0.2973166666666667,0.2774307429790497,0.0007169625372625887,0.0006654015160165727,0.9490487376730734,4,4,5,0.0,3 7 5 4 10
420,2224,0.2957333333333334,0.1412665694952011,0.0008591168210841715,0.000988149200566113,0.9190044138540694,4,4,5,0.0,3 5 4 6 10
421,2232,0.2932,0.44709035754203796,0.0005893366651434917,0.00047985248966142535,0.9529805467613529,7,7,8,0.0,6 9 7 4 8 3 5 10
422,2235,0.29225,0.3289632797241211,0.0006384168324681619,0.0008048205054365098,0.9138960398636164,2,2,3,0.0,1 8 10
423,2239,0.29098333333333337,0.21499721705913544,0.0007281159050762653,0.0007459187181666493,0.9416358080580742,3,3,4,0.0,3 5 4 10
424,2243,0.2897166666666666,0.2199055254459381,0.0006461096636485308,0.001120156841352582,0.8573722768570523,3,3,4,0.0,7 3 2 10
425,2246,0.2887666666666666,0.12036058306694031,0.0007086659704024593,0.0013239826075732708,0.8893431461594477,2,2,3,0.0,4 3 10
426,2254,0.28623333333333345,0.5238638520240784,0.0012739868798234966,0.0007545433472841978,0.914540074154398,7,7,8,0.0,1 8 5 3 9 4 6 10
427,2258,0.2849666666666667,0.14122796058654785,0.001331358915194869,0.0010754658142104745,0.8920834888654288,3,3,4,0.0,9 5 3 10
428,2259,0.28465000000000007,0.0,0.0011201611487194896,0.003259751247242093,0.7499087076461415,0,0,1,0.0,10
429,2268,0.28180000000000005,0.41978561878204346,0.001046367009015133,0.0005858594086021185,0.9539297014722926,8,8,9,0.0,1 2 5 3 4 6 7 8 10
430,2269,0.2814833333333334,0.0,0.0011617529671639204,0.002156198490411043,0.70136504216113,0,0,1,0.0,10
431,2278,0.2786333333333334,0.431121289730072,0.0011902307677600118,0.0004769371298607439,0.9531730954910714,8,8,9,0.0,5 9 6 7 8 4 2 3 10
432,2285,0.27641666666666664,0.36813706159591675,0.0008830370581043619,0.0006146296509541571,0.9244486407490888,6,6,7,0.0,1 4 6 3 8 5 10
433,2292,0.2742,-0.005621768534183502,0.0008061090816876718,0.000584039487875998,0.9360212821703887,6,6,7,0.0,8 3 2 5 4 7 10
434,2296,0.27293333333333336,0.10029949247837067,0.0008979786216514185,0.0003878751886077225,0.9448756375189485,3,3,4,0.0,3 4 5 10
435,2303,0.2707166666666666,0.4080604314804077,0.0009156697945270155,0.0010615375358611345,0.9060018441764977,6,6,7,0.0,8 3 5 6 4 7 10
436,2307,0.26944999999999997,0.2091749906539917,0.0007491754367947578,0.002054623095318675,0.8558175575152022,3,3,4,0.0,7 4 5 10
437,2315,0.2669166666666668,0.1992662250995636,0.0007971939194248989,0.00044768379302695394,0.9495620091449066,7,7,8,0.0,1 4 3 5 7 9 2 10
438,2317,0.2662833333333334,0.07189015299081802,0.0007220848929136992,0.0017550319898873568,0.820533214192328,1,1,2,0.0,4 10
439,2326,0.2634333333333334,0.5026543140411377,0.0007713929193818735,0.000746132165659219,0.9347026239500318,9,9,10,0.0,2 1 3 7 8 4 5 9 6
440,2331,0.26185,0.18323290348052979,0.000724840140901506,0.001127490191720426,0.9304616732454186,4,4,5,0.0,3 5 4 9 10
441,2335,0.2605833333333334,0.11627032607793808,0.0009026229672599584,0.0008565268362872303,0.9259343916344303,3,3,4,0.0,3 4 5 10
442,2338,0.2596333333333334,0.08941886574029922,0.0008399080252274871,0.0012216682080179453,0.8729719999783387,2,2,3,0.0,3 5 10
443,2345,0.25741666666666674,0.4040328562259674,0.0006830250661421035,0.0007453225553035736,0.9205305891357336,6,6,7,0.0,8 5 1 9 4 3 10
444,2354,0.2545666666666667,0.5087504386901855,0.0008976864693168965,0.0007668669568374753,0.9333812875250148,8,8,9,0.0,5 9 1 8 3 4 2 7 10
445,2358,0.25329999999999997,0.3015821576118469,0.000751670406316407,0.0004913120064884424,0.9460985286517886,3,3,4,0.0,3 5 4 10
446,2361,0.25234999999999996,0.2591330111026764,0.0005861644361478587,0.0020993612706661224,0.8046288889313424,2,2,3,0.0,1 8 10
447,2363,0.2517166666666667,0.2775691747665405,0.0005426401330623776,0.0019129461143165827,0.826952865535524,1,1,2,0.0,1 10
448,2372,0.2488666666666668,0.5057322978973389,0.0009503222989021904,0.0007816714351065457,0.911609251021134,8,8,9,0.0,1 6 2 8 3 5 4 7 10
449,2381,0.24601666666666677,0.4168586730957031,0.0006668958877627221,0.0006159929325804114,0.9402749946121653,8,8,9,0.0,2 1 5 6 3 7 8 4 10
450,2385,0.24475000000000002,0.08672237396240234,0.0005885576974833384,0.00045133588719181716,0.9358680258714345,3,3,4,0.0,4 8 7 10
451,2389,0.24348333333333338,0.1968708038330078,0.0006602071953238919,0.0007160058012232184,0.9380829586923193,3,3,4,0.0,4 3 5 10
452,2396,0.24126666666666674,0.10884743928909302,0.000775178087808724,0.00043367466423660517,0.950511095693222,6,6,7,0.0,8 3 1 5 4 7 10
453,2400,0.24,0.08415314555168152,0.0007031978238956071,0.000882583437487483,0.9187975887013444,3,3,4,0.0,4 7 5 10
454,2407,0.23778333333333335,0.19646917283535004,0.0008898383156130356,0.0006387893809005618,0.9365369866953168,6,6,7,0.0,1 4 3 5 9 7 10
455,2416,0.23493333333333333,0.37928977608680725,0.0007442895180752708,0.0009104710770770907,0.9083804065775786,9,9,10,0.0,5 7 4 1 9 3 8 2 6
456,2425,0.2320833333333333,0.47906914353370667,0.0008237503708288488,0.000817384454421699,0.9339770750363007,9,9,10,0.0,4 8 3 6 9 1 5 2 7
457,2432,0.22986666666666677,0.44045841693878174,0.0007565586129203439,0.0006422331207431853,0.9504516779951193,6,6,7,0.0,9 5 7 4 1 3 10
458,2436,0.22860000000000003,0.1968708038330078,0.0005423009133664891,0.0007160058012232184,0.9380829586923193,3,3,4,0.0,3 5 4 10
459,2439,0.22765000000000013,0.343872606754303,0.0005050299320525179,0.0006650527357123792,0.8881886645566835,2,2,3,0.0,2 1 10
460,2447,0.22511666666666674,0.4447287321090698,0.0005871626235602889,0.00048478232929483056,0.9518092652953337,7,7,8,0.0,2 7 4 3 6 5 8 10
461,2456,0.22226666666666672,0.5154175162315369,0.000552215290048884,0.0010264269076287746,0.9169661959413966,8,8,9,0.0,1 8 4 3 6 5 2 7 10
462,2460,0.22100000000000009,0.17665845155715942,0.0005936022353125736,0.0008646699134260416,0.9188100051901145,3,3,4,0.0,3 5 4 10
463,2469,0.21815000000000007,0.49807649850845337,0.0008703301201522765,0.0006072678370401263,0.930869266231335,8,8,9,0.0,1 8 9 6 5 3 2 4 10
464,2473,0.21688333333333332,0.2091749906539917,0.0010246353049296886,0.002054623095318675,0.8558175575152022,3,3,4,0.0,7 4 5 10
465,2477,0.21561666666666668,0.17225868999958038,0.0006402166472980753,0.0010011573322117329,0.917074837773932,3,3,4,0.0,4 3 5 10
466,2481,0.21435000000000004,0.2568442225456238,0.0007094305765349418,0.0009125216165557504,0.9275329310566577,3,3,4,0.0,3 5 2 10
467,2485,0.2130833333333333,0.21499721705913544,0.0008255296415882185,0.0007459187181666493,0.9416358080580742,3,3,4,0.0,3 5 4 10
468,2489,0.21181666666666665,0.20054133236408234,0.0006223399832379073,0.0004971498856320977,0.9479085171371521,3,3,4,0.0,3 5 4 10
469,2496,0.20960000000000012,0.44300442934036255,0.0005271852465479501,0.0006470719235949218,0.9375269387125543,6,6,7,0.0,1 8 4 5 3 9 10
470,2505,0.2067500000000001,0.42520052194595337,0.0009494875881096555,0.0007566383574157953,0.9022899233026255,9,9,10,0.0,5 8 1 3 2 4 7 9 6
471,2514,0.20390000000000008,0.5039483308792114,0.0009357557153432734,0.0007450933335348964,0.9153839173183005,9,9,10,0.0,5 1 3 4 7 8 9 2 6
472,2519,0.2023166666666667,0.2768939733505249,0.0008311078185215592,0.0004749140061903745,0.9471995147669358,4,4,5,0.0,3 5 4 7 10
473,2528,0.19946666666666668,0.41821688413619995,0.0007294951614716814,0.0005914922803640366,0.9533852734088047,8,8,9,0.0,9 7 4 8 2 3 1 5 10
474,2537,0.19661666666666666,0.5272524356842041,0.0008068942568368382,0.00031392386881634593,0.9608987443654063,8,8,9,0.0,9 2 8 6 1 3 4 5 10
475,2542,0.19503333333333328,0.14242610335350037,0.0007855416275560856,0.0009755328064784408,0.9194864227960282,4,4,5,0.0,3 9 4 5 10
476,2546,0.19376666666666664,0.07498332858085632,0.0006852789811091498,0.0007142340182326734,0.9346349743880358,3,3,4,0.0,7 5 2 10
477,2551,0.19218333333333337,0.03443533182144165,0.0006383924803230912,0.0011553994845598936,0.8963733397415362,4,4,5,0.0,3 5 4 6 10
478,2555,0.19091666666666673,0.2718748152256012,0.0007128890720196068,0.0006805580342188478,0.9332163441620599,3,3,4,0.0,3 5 4 10
479,2559,0.1896500000000001,0.3135063946247101,0.0007478423649445176,0.0006012842059135437,0.9540004504138025,3,3,4,0.0,3 5 4 10
480,2562,0.1887000000000001,0.11270567774772644,0.0007267587934620678,0.0008911392651498318,0.903584239723141,2,2,3,0.0,3 5 10
481,2567,0.1871166666666667,0.2875062823295593,0.0006512798892799765,0.0005921300034970045,0.9548693709031155,4,4,5,0.0,4 3 5 1 10
482,2575,0.18458333333333343,0.5329729318618774,0.0006331176336971112,0.00032691762316972017,0.9606720853716525,7,7,8,0.0,9 8 6 5 3 4 2 10
483,2583,0.18205000000000005,0.4344062805175781,0.0006872825179016218,0.0005976655520498753,0.9535938911715812,7,7,8,0.0,9 7 4 8 6 5 3 10
484,2587,0.1807833333333334,0.07092422246932983,0.0006654898315900937,0.0011787256225943565,0.8939529767838018,3,3,4,0.0,3 5 4 10
485,2596,0.1779333333333334,0.382953405380249,0.0007040619934236424,0.0009324976126663387,0.9064798418179987,8,8,9,0.0,5 1 3 4 2 6 8 7 10
486,2598,0.1773,0.08268040418624878,0.0008193238463718444,0.0013631830224767327,0.904920115526522,1,1,2,0.0,3 10
487,2603,0.17571666666666663,0.16851554811000824,0.0006649061455391347,0.00047345642815344036,0.9472198674320182,4,4,5,0.0,3 1 5 4 10
488,2609,0.17381666666666662,0.22382710874080658,0.0006852675384531418,0.0006396443932317197,0.9362599431369875,5,5,6,0.0,9 7 3 4 5 10
489,2613,0.1725500000000001,0.10224214941263199,0.0006062881438992918,0.0007125287083908916,0.9225120335356659,3,3,4,0.0,3 5 4 10
490,2617,0.17128333333333345,0.12847532331943512,0.0005494905490195379,0.00036390128661878407,0.9670587569900415,3,3,4,0.0,3 5 4 10
491,2621,0.1700166666666667,0.273716539144516,0.000598323080339469,0.0011652123648673296,0.9095657361753277,3,3,4,0.0,7 4 5 10
492,2626,0.16843333333333343,0.17993007600307465,0.0007569958921521902,0.0008114007068797946,0.9402563097077232,4,4,5,0.0,3 1 5 4 10
493,2630,0.16716666666666669,0.21238619089126587,0.000565373688004911,0.0011898600496351719,0.9272665474275913,3,3,4,0.0,3 5 4 10
494,2635,0.16558333333333342,0.16717292368412018,0.0006217180984094739,0.0006917453138157725,0.9403354965336399,4,4,5,0.0,3 5 8 4 10
495,2639,0.16431666666666667,0.2718748450279236,0.0006986438820604235,0.0006805580342188478,0.9332163441620599,3,3,4,0.0,3 4 5 10
496,2643,0.16305000000000003,0.07672932744026184,0.0006129209068603814,0.0009904849575832486,0.8990747353126263,3,3,4,0.0,3 5 4 10
497,2648,0.16146666666666665,0.029962293803691864,0.0006956227589398623,0.0010495346505194902,0.8792601033389639,4,4,5,0.0,3 5 4 8 10
498,2657,0.15861666666666663,0.5057322978973389,0.000536466964856825,0.0007816714351065457,0.911609251021134,8,8,9,0.0,5 2 1 3 6 8 4 7 10
499,2661,0.15735,0.3220631182193756,0.0006398182740667835,0.00039680927875451744,0.9629182144202176,3,3,4,0.0,3 4 5 10
500,2666,0.1557666666666666,0.03581031411886215,0.0006362263346090912,0.0009757229126989841,0.8977299853893579,4,4,5,0.0,3 5 2 9 10
501,2675,0.1529166666666667,0.43113356828689575,0.0005766915209177467,0.0007717259577475488,0.9007017578260794,8,8,9,0.0,2 1 3 6 4 8 7 5 10
502,2684,0.15006666666666668,0.32999521493911743,0.0005782496235850784,0.0005823540850542486,0.9282077593589367,9,9,10,0.0,2 6 9 8 4 3 5 1 7
503,2685,0.14975000000000005,0.0,0.0007592960610054433,0.003222197527065873,0.7964929944639594,0,0,1,0.0,10
504,2693,0.14721666666666677,0.44235673546791077,0.0005563840531976894,0.0007423555944114923,0.9451009810112603,7,7,8,0.0,5 1 6 7 9 3 4 10
505,2698,0.1456333333333334,0.18214286863803864,0.0006620920146815478,0.0007426048978231847,0.9420240639435409,4,4,5,0.0,3 4 1 5 10
506,2702,0.14436666666666675,0.10726587474346161,0.0005375846667448059,0.000608788977842778,0.9322087477303501,3,3,4,0.0,3 5 4 10
507,2706,0.1431,0.364346981048584,0.0005041557960794307,0.0005922568961977959,0.9015789581783886,3,3,4,0.0,4 3 9 10
508,2707,0.14278333333333337,0.0,0.0006403413135558367,0.001993488287553191,0.7898744387400152,0,0,1,0.0,10
509,2716,0.13993333333333335,0.5071726441383362,0.0005977834581345734,0.0010086381807923317,0.9177491261616048,9,9,10,0.0,8 1 9 6 5 3 2 4 7
510,2720,0.13866666666666672,0.2718748450279236,0.0006739737436873838,0.0006805580342188478,0.9332163441620599,3,3,4,0.0,4 3 5 10
511,2729,0.1358166666666667,0.49807652831077576,0.0005715749155367828,0.0006072678370401263,0.930869266231335,8,8,9,0.0,5 1 6 9 3 2 8 4 10
512,2733,0.13455000000000006,0.25300008058547974,0.0006304521375568584,0.0008444669656455517,0.9045451429985933,3,3,4,0.0,3 4 5 10
513,2741,0.13201666666666678,0.5065253973007202,0.0005358134476409759,0.0006179207121022046,0.9307619931617049,7,7,8,0.0,5 1 6 8 3 4 7 10
514,2744,0.13106666666666678,0.04454328492283821,0.0006444830990706881,0.0017022205283865333,0.8204529569368016,2,2,3,0.0,8 9 10
515,2748,0.12980000000000003,0.055926404893398285,0.0006342377455439419,0.001405281131155789,0.885684449238953,3,3,4,0.0,8 4 3 10
516,2756,0.12726666666666675,0.4362107217311859,0.0009616425086278468,0.000787337077781558,0.8982506476068043,7,7,8,0.0,5 2 4 3 7 1 8 10
517,2760,0.126,0.12847530841827393,0.0009736450301716104,0.00036390128661878407,0.9670587569900415,3,3,4,0.0,3 4 5 10
518,2764,0.12473333333333336,0.17665846645832062,0.00091375588090159,0.0008646699134260416,0.9188100051901145,3,3,4,0.0,3 4 5 10
519,2772,0.12219999999999998,0.44593170285224915,0.0009023588063428178,0.0004844578797928989,0.95263585887681,7,7,8,0.0,8 6 9 3 5 2 4 10
520,2776,0.12093333333333334,0.20054133236408234,0.0007368169026449323,0.0004971498856320977,0.9479085171371521,3,3,4,0.0,3 5 4 10
521,2779,0.11998333333333333,0.08542976528406143,0.0008033002571513256,0.001488598994910717,0.8755486795543632,2,2,3,0.0,7 8 10
522,2783,0.11871666666666669,0.20054133236408234,0.0007570774760097265,0.0004971498856320977,0.9479085171371521,3,3,4,0.0,5 3 4 10
523,2787,0.11744999999999994,0.21499721705913544,0.0008177291747415438,0.0007459187181666493,0.9416358080580742,3,3,4,0.0,5 3 4 10
524,2794,0.11523333333333341,0.4612276554107666,0.0008006735588423908,0.00048562922165729105,0.9517783389186463,6,6,7,0.0,7 6 9 3 5 4 10
525,2798,0.11396666666666677,0.21282950043678284,0.0006966906803427264,0.0008140195277519524,0.9398560478627752,3,3,4,0.0,3 5 4 10
526,2802,0.11270000000000002,0.20054133236408234,0.0006321419932646677,0.0004971498856320977,0.9479085171371521,3,3,4,0.0,3 5 4 10
527,2805,0.11175000000000002,0.16861945390701294,0.000590259781650578,0.001176995923742652,0.8935955059443302,2,2,3,0.0,7 8 10
528,2814,0.10890000000000011,0.3787282705307007,0.0006586653503796293,0.0010184100829064846,0.9066232288351523,8,8,9,0.0,7 8 9 6 5 3 2 4 10
529,2818,0.10763333333333336,0.25300008058547974,0.0005838492943439633,0.0008444669656455517,0.9045451429985933,3,3,4,0.0,3 5 4 10
530,2826,0.10510000000000008,0.36996519565582275,0.000670025940053165,0.00043185247341170907,0.9249999407638976,7,7,8,0.0,9 2 8 7 3 6 4 10
531,2830,0.10383333333333333,0.21499721705913544,0.0006265858537517488,0.0007459187181666493,0.9416358080580742,3,3,4,0.0,3 5 4 10
532,2834,0.1025666666666667,0.25300008058547974,0.0006301043176790699,0.0008444669656455517,0.9045451429985933,3,3,4,0.0,4 3 5 10
533,2839,0.10098333333333331,0.2293108105659485,0.0005570368433836847,0.000820850720629096,0.9066436832391975,4,4,5,0.0,4 9 5 3 10
534,2843,0.09971666666666668,0.3220631182193756,0.0005655677523463964,0.00039680927875451744,0.9629182144202176,3,3,4,0.0,4 3 5 10
535,2848,0.0981333333333333,0.2744976580142975,0.0005223890533670783,0.00048609846271574497,0.9461801094617628,4,4,5,0.0,3 5 4 1 10
536,2857,0.09528333333333339,0.5071725845336914,0.0005723087944918209,0.0010086381807923317,0.9177491261616048,9,9,10,0.0,6 9 8 1 7 3 2 4 5
537,2860,0.09433333333333338,0.091082364320755,0.0005402761259271452,0.0012427582405507565,0.8784250103902873,2,2,3,0.0,7 8 10
538,2865,0.09275000000000011,0.2289275825023651,0.0005744174239225685,0.0008258778834715486,0.9067661408401414,4,4,5,0.0,3 5 8 4 10
539,2873,0.09021666666666672,0.5329728722572327,0.0005895452850381844,0.00032691762316972017,0.9606720853716525,7,7,8,0.0,8 5 3 9 6 2 4 10
540,2882,0.0873666666666667,0.4899129271507263,0.0005849928711540997,0.0006008654017932713,0.9323195703460544,9,9,10,0.0,8 6 9 7 1 3 2 4 5
541,2886,0.08610000000000007,0.30297723412513733,0.0007172913901740685,0.0009209985146299005,0.9276692834057082,3,3,4,0.0,4 3 5 10
542,2890,0.08483333333333332,0.17225868999958038,0.0005757013714173809,0.0010011573322117329,0.917074837773932,3,3,4,0.0,3 5 4 10
543,2899,0.0819833333333333,0.37619757652282715,0.0005701352234205438,0.0007262254366651177,0.9229202330218768,8,8,9,0.0,2 8 9 6 7 5 3 4 10
544,2902,0.08103333333333329,0.1077432930469513,0.0005203559315608194,0.0005307703977450728,0.9233738654575506,2,2,3,0.0,7 8 10
545,2911,0.07818333333333338,0.5280480980873108,0.0005850875944209596,0.00031487783417105675,0.9616291990922265,8,8,9,0.0,8 6 9 3 5 7 2 4 10
546,2917,0.07628333333333337,0.5138956308364868,0.0005348736691909531,0.000870322051923722,0.9234599130013327,5,5,6,0.0,8 4 6 1 3 10
547,2926,0.07343333333333335,0.3457307517528534,0.0004627410412973,0.0005837412318214774,0.9277698023778504,8,8,9,0.0,6 9 1 8 2 3 5 4 10
548,2930,0.07216666666666671,0.17665845155715942,0.0005492941927514039,0.0008646699134260416,0.9188100051901145,3,3,4,0.0,3 5 4 10
549,2939,0.0693166666666667,0.36219310760498047,0.000609527681566154,0.0007124522817321122,0.9236778897564419,9,9,10,0.0,1 8 6 5 7 9 3 2 4
550,2942,0.06836666666666669,0.11741882562637329,0.0005087619259332617,0.00070716452319175,0.9378703671167565,2,2,3,0.0,7 8 10
551,2951,0.06551666666666667,0.498394638299942,0.000495499691977683,0.000610654940828681,0.9320328336266643,8,8,9,0.0,8 6 2 9 7 3 4 5 10
552,2954,0.06456666666666666,0.10048173367977142,0.0003955676026331882,0.0010758114513009787,0.8997172671386819,2,2,3,0.0,8 2 10
553,2963,0.06171666666666664,0.38195306062698364,0.0004985101113561541,0.0009363439166918397,0.906452640191199,8,8,9,0.0,8 6 9 3 5 7 2 4 10
554,2968,0.06013333333333337,0.06716161221265793,0.000516809883993119,0.0006801652489230037,0.9262309627215446,4,4,5,0.0,3 5 4 6 10
555,2977,0.057283333333333464,0.498394638299942,0.000558930323071157,0.000610654940828681,0.9320328336266643,8,8,9,0.0,8 6 9 5 3 7 2 4 10
556,2982,0.05570000000000008,0.22892755270004272,0.0005074334389064461,0.0008258778834715486,0.9067661408401414,4,4,5,0.0,4 3 8 5 10
557,2991,0.052850000000000064,0.431121289730072,0.00044158732634969056,0.0004769371298607439,0.9531730954910714,8,8,9,0.0,6 9 8 3 5 7 2 4 10
558,2994,0.05190000000000006,0.10164231806993484,0.0005714631600615879,0.0010656961239874363,0.9006846673414554,2,2,3,0.0,7 8 10
559,2998,0.05063333333333342,0.1968708038330078,0.00047982304386096075,0.0007160058012232184,0.9380829586923193,3,3,4,0.0,3 5 4 10
560,3001,0.050000000000000044,0.08542976528406143,0.0008870422995338837,0.001488598994910717,0.8755486795543632,2,2,3,0.0,7 8 10
561,3006,0.050000000000000044,0.22550690174102783,0.00121736474102363,0.000841359724290669,0.9045252162834694,4,4,5,0.0,3 2 5 4 10
562,3012,0.050000000000000044,0.2608247399330139,0.0008133890708753219,0.0005817492492496967,0.955106099653329,5,5,6,0.0,3 5 1 8 4 10
563,3017,0.050000000000000044,0.28872108459472656,0.0007763238390907645,0.0005819290527142584,0.9552139726585922,4,4,5,0.0,3 8 5 4 10
564,3021,0.050000000000000044,0.16699495911598206,0.0007276369724422693,0.0019570025615394115,0.896982293051095,3,3,4,0.0,8 3 4 10
565,3027,0.050000000000000044,0.26082471013069153,0.0007652798861575624,0.0005817492492496967,0.955106099653329,5,5,6,0.0,8 3 1 5 4 10
566,3031,0.050000000000000044,0.07027465850114822,0.0006271884776651859,0.001061147078871727,0.8940983381162217,3,3,4,0.0,8 3 4 10
567,3039,0.050000000000000044,0.540683388710022,0.0007120915979612619,0.0003109644167125225,0.9616351710382172,7,7,8,0.0,8 3 1 6 5 7 4 10
568,3044,0.050000000000000044,0.24820592999458313,0.00058322767727077,0.0006626045797020197,0.935212854734499,4,4,5,0.0,3 5 8 4 10
569,3051,0.050000000000000044,0.40817320346832275,0.0006370505767076143,0.0010305424220860004,0.9041217540996537,6,6,7,0.0,3 2 9 4 6 5 10
570,3055,0.050000000000000044,0.06820440292358398,0.0005000763267162256,0.000534893712028861,0.9231127454643442,3,3,4,0.0,3 4 6 10
571,3063,0.050000000000000044,0.5189210772514343,0.0005648639489663765,0.0007746737101115286,0.9338800606276845,7,7,8,0.0,8 6 7 5 9 3 4 10
572,3067,0.050000000000000044,0.17665846645832062,0.0007160190434660763,0.0008646699134260416,0.9188100051901145,3,3,4,0.0,3 4 5 10
573,3071,0.050000000000000044,0.07027465850114822,0.0005436966166598722,0.001061147078871727,0.8940983381162217,3,3,4,0.0,8 3 4 10
574,3079,0.050000000000000044,0.3901454210281372,0.0006044136207492556,0.0007374584092758596,0.921896449734283,7,7,8,0.0,8 3 5 2 4 7 6 10
575,3082,0.050000000000000044,0.21335569024085999,0.0006476012640632689,0.0019048078684136271,0.832121474275257,2,2,3,0.0,1 6 10
576,3086,0.050000000000000044,0.21238619089126587,0.0006456204719142988,0.0011898600496351719,0.9272665474275913,3,3,4,0.0,3 4 5 10
577,3091,0.050000000000000044,0.27608558535575867,0.0006049190706107765,0.00048098558909259737,0.9471035885151728,4,4,5,0.0,3 8 5 4 10
578,3096,0.050000000000000044,0.2793464958667755,0.0005805627617519349,0.0006561424816027284,0.9500504341441585,4,4,5,0.0,8 5 3 4 10
579,3099,0.050000000000000044,0.07042443752288818,0.0005546264971295992,0.0014145087916404009,0.8423522214951187,2,2,3,0.0,8 2 10
580,3106,0.050000000000000044,0.4471786618232727,0.0006023578171152622,0.0007878111209720373,0.898224052063917,6,6,7,0.0,8 3 2 4 5 7 10
581,3114,0.050000000000000044,0.4292048513889313,0.0005748294825025368,0.000616462086327374,0.9517987628470703,7,7,8,0.0,1 8 6 2 3 5 4 10
582,3121,0.050000000000000044,0.3606336712837219,0.0005303647236100265,0.0006329487077891827,0.9218080850687945,6,6,7,0.0,8 3 6 5 2 4 10
583,3125,0.050000000000000044,0.07672932744026184,0.000537048777914606,0.0009904849575832486,0.8990747353126263,3,3,4,0.0,3 5 4 10
584,3133,0.050000000000000044,0.5215807557106018,0.00051713099310291,0.0007633296772837639,0.9135789345245583,7,7,8,0.0,9 7 5 8 3 6 4 10
585,3138,0.050000000000000044,0.2092258334159851,0.0005939242197200656,0.0017679492011666298,0.8744249383472659,4,4,5,0.0,3 8 5 4 10
586,3143,0.050000000000000044,0.24820592999458313,0.0006369991344399751,0.0006626045797020197,0.935212854734499,4,4,5,0.0,3 8 5 4 10
587,3151,0.050000000000000044,0.5060490965843201,0.0005169351497897878,0.0006212641019374132,0.9310977671574469,7,7,8,0.0,6 3 8 5 2 4 7 10
588,3155,0.050000000000000044,0.30297723412513733,0.0006226829864317551,0.0009209985146299005,0.9276692834057082,3,3,4,0.0,4 3 5 10
589,3159,0.050000000000000044,0.1996101588010788,0.0005096003151265904,0.0004871294368058443,0.9462413316709959,3,3,4,0.0,4 3 5 10
590,3165,0.050000000000000044,0.20214052498340607,0.000572232820559293,0.0008186230552382767,0.9071008600604662,5,5,6,0.0,3 8 2 5 4 10
591,3173,0.050000000000000044,0.44358575344085693,0.0005900712749280501,0.00048533978406339884,0.9510500947020142,7,7,8,0.0,8 3 1 2 6 5 4 10
592,3177,0.050000000000000044,0.30158212780952454,0.000426069600507617,0.0004913120064884424,0.9460985286517886,3,3,4,0.0,5 4 3 10
593,3180,0.050000000000000044,0.10164231806993484,0.0005594008252955973,0.0010656961239874363,0.9006846673414554,2,2,3,0.0,7 8 10
594,3188,0.050000000000000044,0.5247747302055359,0.0005430315395642538,0.0010386400390416384,0.9166959327037638,7,7,8,0.0,9 8 6 3 5 7 4 10
595,3197,0.050000000000000044,0.3752344846725464,0.0005101169647079789,0.0007280535064637661,0.9223677573922698,8,8,9,0.0,3 8 6 1 7 2 4 5 10
596,3201,0.050000000000000044,0.11627032607793808,0.0005022172335884534,0.0008565268362872303,0.9259343916344303,3,3,4,0.0,3 5 4 10
597,3208,0.050000000000000044,0.4007669687271118,0.0005572264698067946,0.0007579718949273229,0.9192263339064776,6,6,7,0.0,8 3 2 6 5 4 10
598,3212,0.050000000000000044,0.21499721705913544,0.0005320827185641974,0.0007459187181666493,0.9416358080580742,3,3,4,0.0,5 3 4 10
599,3220,0.050000000000000044,0.40332573652267456,0.0005345142308215145,0.000354599003912881,0.9353545375620143,7,7,8,0.0,9 7 8 6 5 3 4 10
600,3224,0.050000000000000044,0.11778458207845688,0.0005055558140156791,0.00045124784810468554,0.9617430450268506,3,3,4,0.0,3 8 4 10
601,3225,0.050000000000000044,0.0,0.00040771602652966976,0.002152722794562578,0.7677761323276052,0,0,1,0.0,10
602,3229,0.050000000000000044,0.06573235988616943,0.00046123444190016016,0.0010748562635853887,0.8756208674147211,3,3,4,0.0,3 5 4 10
603,3233,0.050000000000000044,0.1996101588010788,0.0005560356221394613,0.0004871294368058443,0.9462413316709959,3,3,4,0.0,4 3 5 10
604,3237,0.050000000000000044,0.30158212780952454,0.00048769979184726253,0.0004913120064884424,0.9460985286517886,3,3,4,0.0,5 4 3 10
605,3241,0.050000000000000044,0.2718748152256012,0.0004777716094395146,0.0006805580342188478,0.9332163441620599,3,3,4,0.0,5 3 4 10
606,3248,0.050000000000000044,0.3970007300376892,0.0005241688216171626,0.0009562653140164912,0.9042882701021029,6,6,7,0.0,8 3 6 5 7 4 10
607,3256,0.050000000000000044,0.5234365463256836,0.0010268055848428048,0.0010425071232020855,0.9156325120970553,7,7,8,0.0,8 3 6 7 2 4 5 10
608,3260,0.050000000000000044,0.17665843665599823,0.0009218674094881862,0.0008646699134260416,0.9188100051901145,3,3,4,0.0,5 4 3 10
609,3265,0.050000000000000044,0.16851554811000824,0.0008802329888567328,0.00047345642815344036,0.9472198674320182,4,4,5,0.0,1 4 5 3 10
610,3269,0.050000000000000044,0.30401623249053955,0.0007510940195061266,0.0006716125644743443,0.9484512512345092,3,3,4,0.0,5 4 3 10
611,3277,0.050000000000000044,0.5247747898101807,0.0007184589703683741,0.0010386400390416384,0.9166959327037638,7,7,8,0.0,9 8 7 5 3 6 4 10
612,3281,0.050000000000000044,0.10224214941263199,0.0005578215350396931,0.0007125287083908916,0.9225120335356659,3,3,4,0.0,3 5 4 10
613,3285,0.050000000000000044,0.20054133236408234,0.000587943650316447,0.0004971498856320977,0.9479085171371521,3,3,4,0.0,5 4 3 10
614,3289,0.050000000000000044,0.3220631182193756,0.0005814751493744552,0.00039680927875451744,0.9629182144202176,3,3,4,0.0,5 4 3 10
615,3297,0.050000000000000044,0.429190069437027,0.0005960295711702202,0.0006199798663146794,0.9520843562522768,7,7,8,0.0,8 6 5 3 4 9 2 10
616,3300,0.050000000000000044,0.1174188181757927,0.0007015101339978477,0.00070716452319175,0.9378703671167565,2,2,3,0.0,8 7 10
617,3304,0.050000000000000044,0.3135063946247101,0.000660734498524107,0.0006012842059135437,0.9540004504138025,3,3,4,0.0,5 4 3 10
618,3309,0.050000000000000044,0.0694650337100029,0.0006528941041324288,0.0006035326514393091,0.9334577190535814,4,4,5,0.0,4 7 3 5 10
619,3318,0.050000000000000044,0.37619757652282715,0.0006013341092815002,0.0007262254366651177,0.9229202330218768,8,8,9,0.0,9 8 6 5 7 4 2 3 10
620,3322,0.050000000000000044,0.2711856961250305,0.0006000080757075921,0.0008773972513154149,0.882445582949449,3,3,4,0.0,8 6 5 10
621,3326,0.050000000000000044,0.12847530841827393,0.0005745094240410253,0.00036390128661878407,0.9670587569900415,3,3,4,0.0,5 4 3 10
622,3335,0.050000000000000044,0.47906917333602905,0.0005273544358917408,0.000817384454421699,0.9339770750363007,9,9,10,0.0,9 8 6 3 1 5 4 2 7
623,3342,0.050000000000000044,0.46252840757369995,0.0004831616658650871,0.000484864431200549,0.9526285311909266,6,6,7,0.0,9 8 6 3 5 4 10
624,3351,0.050000000000000044,0.3389522135257721,0.0004996878981021129,0.0006029056385159492,0.9257098763259781,8,8,9,0.0,7 9 8 5 6 4 2 3 10
625,3355,0.050000000000000044,0.17225868999958038,0.0004854581202380359,0.0010011573322117329,0.917074837773932,3,3,4,0.0,4 5 3 10
626,3359,0.050000000000000044,0.21238617599010468,0.0004529751677182503,0.0011898600496351719,0.9272665474275913,3,3,4,0.0,5 4 3 10
627,3363,0.050000000000000044,0.20054133236408234,0.0005076312372693792,0.0004971498856320977,0.9479085171371521,3,3,4,0.0,4 5 3 10
628,3367,0.050000000000000044,0.30297723412513733,0.00039596356509719044,0.0009209985146299005,0.9276692834057082,3,3,4,0.0,5 4 3 10
629,3371,0.050000000000000044,0.21282950043678284,0.0005784009990748018,0.0008140195277519524,0.9398560478627752,3,3,4,0.0,4 3 5 10
630,3375,0.050000000000000044,0.30158212780952454,0.00043764452857431024,0.0004913120064884424,0.9460985286517886,3,3,4,0.0,4 5 3 10
631,3379,0.050000000000000044,0.21238619089126587,0.0004751792876049876,0.0011898600496351719,0.9272665474275913,3,3,4,0.0,4 3 5 10
632,3388,0.050000000000000044,0.5087504386901855,0.0004903097190738966,0.0007668669568374753,0.9333812875250148,8,8,9,0.0,9 8 7 4 3 2 5 1 10
633,3397,0.050000000000000044,0.41611653566360474,0.0004399983542195211,0.00046588623081333935,0.9532000959344766,9,9,10,0.0,9 8 6 5 1 7 4 2 3
634,3401,0.050000000000000044,0.17225868999958038,0.0004416615338413976,0.0010011573322117329,0.917074837773932,3,3,4,0.0,3 5 4 10
635,3410,0.050000000000000044,0.41525697708129883,0.0004861559848197632,0.0006295429775491357,0.9401730913115172,8,8,9,0.0,9 8 6 5 7 4 2 3 10
636,3419,0.050000000000000044,0.37619757652282715,0.00040791509026247595,0.0007262254366651177,0.9229202330218768,8,8,9,0.0,9 8 6 5 7 4 2 3 10
637,3423,0.050000000000000044,0.10726586729288101,0.0004588023875840008,0.000608788977842778,0.9322087477303501,3,3,4,0.0,4 3 5 10
638,3432,0.050000000000000044,0.5204719305038452,0.0004909043847065833,0.00030623964266851544,0.9617493655997706,9,9,10,0.0,8 7 6 3 9 1 4 5 2
639,3436,0.050000000000000044,0.10726586729288101,0.00039020289841573685,0.000608788977842778,0.9322087477303501,3,3,4,0.0,4 3 5 10
640,3440,0.050000000000000044,0.10029949992895126,0.00039353070314973593,0.0003878751886077225,0.9448756375189485,3,3,4,0.0,4 3 5 10
641,3449,0.050000000000000044,0.4861895442008972,0.0004454962100781914,0.0008321161149069667,0.9327789712143568,8,8,9,0.0,9 8 7 4 3 5 1 2 10
642,3454,0.050000000000000044,0.2778966724872589,0.00042976462864317,0.0006603552610613406,0.9491307777435686,4,4,5,0.0,5 1 4 3 10
643,3461,0.050000000000000044,0.46144139766693115,0.00040586488570884934,0.0004847586969844997,0.9518397191581488,6,6,7,0.0,8 6 7 5 4 3 10
644,3465,0.050000000000000044,0.2718748152256012,0.0004404642531881109,0.0006805580342188478,0.9332163441620599,3,3,4,0.0,4 5 3 10
645,3469,0.050000000000000044,0.21282950043678284,0.00040123788494383916,0.0008140195277519524,0.9398560478627752,3,3,4,0.0,4 3 5 10
646,3473,0.050000000000000044,0.06573236733675003,0.0004885685775661841,0.0010748562635853887,0.8756208674147211,3,3,4,0.0,4 3 5 10
647,3477,0.050000000000000044,0.11627031117677689,0.00036444033321458846,0.0008565268362872303,0.9259343916344303,3,3,4,0.0,4 3 5 10
648,3486,0.050000000000000044,0.4307278096675873,0.00038832071974563104,0.0007713682716712356,0.9001080341876333,8,8,9,0.0,9 8 7 3 2 4 5 1 10
649,3495,0.050000000000000044,0.5296107530593872,0.0004431476603106906,0.00030994811095297337,0.961412628096009,8,8,9,0.0,8 7 3 1 6 2 4 5 10
650,3499,0.050000000000000044,0.21499721705913544,0.0004000067783636041,0.0007459187181666493,0.9416358080580742,3,3,4,0.0,4 3 5 10
651,3507,0.050000000000000044,0.42872342467308044,0.0007475558631995227,0.0006454309914261103,0.9391075885643149,7,7,8,0.0,9 8 6 5 3 4 2 10
652,3514,0.050000000000000044,0.45990198850631714,0.0006564525371816542,0.0007285000756382942,0.9449395716686453,6,6,7,0.0,8 6 3 5 4 7 10
653,3518,0.050000000000000044,0.30158212780952454,0.0005874971320736222,0.0004913120064884424,0.9460985286517886,3,3,4,0.0,4 3 5 10
654,3527,0.050000000000000044,0.5296107530593872,0.0004792451153561059,0.00030994811095297337,0.961412628096009,8,8,9,0.0,8 7 1 6 4 3 5 2 10
655,3530,0.050000000000000044,0.11270567774772644,0.00041735073318704963,0.0008911392651498318,0.903584239723141,2,2,3,0.0,3 5 10
656,3534,0.050000000000000044,0.196870818734169,0.0006305134302238002,0.0007160058012232184,0.9380829586923193,3,3,4,0.0,5 4 3 10
657,3543,0.050000000000000044,0.3787282705307007,0.0005061298369481745,0.0010184100829064846,0.9066232288351523,8,8,9,0.0,9 6 8 7 4 5 2 3 10
658,3551,0.050000000000000044,0.4026070833206177,0.0005307036844897084,0.0003559790493454784,0.93509145807497,7,7,8,0.0,8 6 3 5 4 2 7 10
659,3555,0.050000000000000044,0.1996101588010788,0.0005195104313315824,0.0004871294368058443,0.9462413316709959,3,3,4,0.0,4 3 5 10
660,3562,0.050000000000000044,0.4558229446411133,0.0004793311860079744,0.0007364592747762799,0.9426133832700471,6,6,7,0.0,8 7 4 5 3 2 10
661,3566,0.050000000000000044,0.21282950043678284,0.0005129492274136283,0.0008140195277519524,0.9398560478627752,3,3,4,0.0,4 3 5 10
662,3570,0.050000000000000044,0.11627033352851868,0.0004074763273820281,0.0008565268362872303,0.9259343916344303,3,3,4,0.0,5 3 4 10
663,3577,0.050000000000000044,0.4189327359199524,0.0005102283113436508,0.0003562903148122132,0.9349181781590481,6,6,7,0.0,8 6 3 5 4 9 10
664,3586,0.050000000000000044,0.5296107530593872,0.0005176084717580428,0.00030994811095297337,0.961412628096009,8,8,9,0.0,8 3 6 1 2 4 5 7 10
665,3593,0.050000000000000044,0.40454456210136414,0.0004630306378073458,0.000743054028134793,0.9207096457764878,6,6,7,0.0,8 6 3 5 4 9 10
666,3597,0.050000000000000044,0.24739080667495728,0.0005495899604284205,0.0010377989383414388,0.9277498331651818,3,3,4,0.0,4 5 6 10
667,3601,0.050000000000000044,0.30401620268821716,0.0004414672002894804,0.0006716125644743443,0.9484512512345092,3,3,4,0.0,4 5 3 10
668,3610,0.050000000000000044,0.49807655811309814,0.0004734086202612768,0.0006072678370401263,0.930869266231335,8,8,9,0.0,1 6 2 8 4 5 3 9 10
669,3614,0.050000000000000044,0.1996101588010788,0.0004499705682974309,0.0004871294368058443,0.9462413316709959,3,3,4,0.0,4 3 5 10
670,3623,0.050000000000000044,0.47906917333602905,0.00041636952988079027,0.000817384454421699,0.9339770750363007,9,9,10,0.0,8 6 9 5 7 1 4 2 3
671,3627,0.050000000000000044,0.1996101438999176,0.00045717047760263085,0.0004871294368058443,0.9462413316709959,3,3,4,0.0,5 4 3 10
672,3630,0.050000000000000044,0.07042444497346878,0.0004276426722450803,0.0014145087916404009,0.8423522214951187,2,2,3,0.0,2 8 10
673,3639,0.050000000000000044,0.5296107530593872,0.0005518667328740574,0.00030994811095297337,0.961412628096009,8,8,9,0.0,8 7 4 3 5 1 2 6 10
674,3643,0.050000000000000044,0.20054133236408234,0.00044663161679636687,0.0004971498856320977,0.9479085171371521,3,3,4,0.0,4 3 5 10
675,3652,0.050000000000000044,0.382953405380249,0.00048180030231984955,0.0009324976126663387,0.9064798418179987,8,8,9,0.0,8 6 7 3 4 5 2 1 10
676,3656,0.050000000000000044,0.30401620268821716,0.000392444730096031,0.0006716125644743443,0.9484512512345092,3,3,4,0.0,4 5 3 10
677,3660,0.050000000000000044,0.196870818734169,0.00048514540685573593,0.0007160058012232184,0.9380829586923193,3,3,4,0.0,5 4 3 10
678,3669,0.050000000000000044,0.4168586730957031,0.00041216610892054933,0.0006159929325804114,0.9402749946121653,8,8,9,0.0,8 6 5 7 4 1 2 3 10
679,3673,0.050000000000000044,0.20054133236408234,0.0004127993670408614,0.0004971498856320977,0.9479085171371521,3,3,4,0.0,4 3 5 10
680,3677,0.050000000000000044,0.30401623249053955,0.00046847754856571555,0.0006716125644743443,0.9484512512345092,3,3,4,0.0,5 4 3 10
681,3681,0.050000000000000044,0.25300008058547974,0.00041204514127457514,0.0008444669656455517,0.9045451429985933,3,3,4,0.0,5 4 3 10
682,3689,0.050000000000000044,0.5060490965843201,0.00041346248326590285,0.0006212641019374132,0.9310977671574469,7,7,8,0.0,8 6 7 3 5 4 2 10
683,3698,0.050000000000000044,0.5084139704704285,0.0004377844614080257,0.0007655597291886806,0.932778447831003,8,8,9,0.0,8 6 3 2 4 1 5 7 10
684,3704,0.050000000000000044,0.11582282185554504,0.00043723941295562935,0.0008269689278677106,0.922936050879119,5,5,6,0.0,6 3 5 4 7 10
685,3708,0.050000000000000044,0.25300008058547974,0.000382818776415661,0.0008444669656455517,0.9045451429985933,3,3,4,0.0,5 4 3 10
686,3712,0.050000000000000044,0.17665843665599823,0.0003873200839734636,0.0008646699134260416,0.9188100051901145,3,3,4,0.0,5 4 3 10
687,3716,0.050000000000000044,0.04744057357311249,0.00047703464224468917,0.001473422977142036,0.8759101688790973,3,3,4,0.0,7 2 8 10
688,3720,0.050000000000000044,0.1996101438999176,0.00039652123086852953,0.0004871294368058443,0.9462413316709959,3,3,4,0.0,4 5 3 10
689,3724,0.050000000000000044,0.17225868999958038,0.0004053284428664483,0.0010011573322117329,0.917074837773932,3,3,4,0.0,5 4 3 10
690,3728,0.050000000000000044,0.21282950043678284,0.00036656416341429576,0.0008140195277519524,0.9398560478627752,3,3,4,0.0,4 5 3 10
691,3735,0.050000000000000044,0.46252840757369995,0.0004099409811065665,0.000484864431200549,0.9526285311909266,6,6,7,0.0,8 6 3 5 4 9 10
692,3744,0.050000000000000044,0.5057322978973389,0.0004115647041342325,0.0007816714351065457,0.911609251021134,8,8,9,0.0,8 7 4 5 1 2 6 3 10
693,3748,0.050000000000000044,0.21282950043678284,0.0004242387294652872,0.0008140195277519524,0.9398560478627752,3,3,4,0.0,5 4 3 10
694,3757,0.050000000000000044,0.36319226026535034,0.0005804686451382521,0.001002699718810618,0.906574340641286,9,9,10,0.0,6 7 9 5 4 2 8 3 1
695,3766,0.050000000000000044,0.5071725845336914,0.0007336891139857471,0.0010086381807923317,0.9177491261616048,9,9,10,0.0,8 5 1 4 3 9 2 6 7
696,3770,0.050000000000000044,0.30401620268821716,0.0006305141578195617,0.0006716125644743443,0.9484512512345092,3,3,4,0.0,4 5 3 10
697,3774,0.050000000000000044,0.21282950043678284,0.0006298085791058838,0.0008140195277519524,0.9398560478627752,3,3,4,0.0,4 5 3 10
698,3781,0.050000000000000044,0.36495357751846313,0.0006684508989565074,0.0006233931053429842,0.9234517240779436,6,6,7,0.0,8 6 7 3 4 5 10
699,3785,0.050000000000000044,0.1996101438999176,0.0006357099409797229,0.0004871294368058443,0.9462413316709959,3,3,4,0.0,4 5 3 10
700,3789,0.050000000000000044,0.10726586729288101,0.0006101627659518272,0.000608788977842778,0.9322087477303501,3,3,4,0.0,4 3 5 10
701,3793,0.050000000000000044,0.21238619089126587,0.0006240601869649254,0.0011898600496351719,0.9272665474275913,3,3,4,0.0,4 3 5 10
702,3797,0.050000000000000044,0.07672931253910065,0.0005579806602327153,0.0009904849575832486,0.8990747353126263,3,3,4,0.0,4 3 5 10
703,3806,0.050000000000000044,0.5057322978973389,0.0005578958209500544,0.0007816714351065457,0.911609251021134,8,8,9,0.0,7 1 5 8 6 4 2 3 10
704,3814,0.050000000000000044,0.49578794836997986,0.0006036350023350678,0.000840027118101716,0.932712652046105,7,7,8,0.0,8 3 5 1 4 9 6 10
705,3819,0.050000000000000044,0.44516459107398987,0.0005470270756632089,0.00037097797030583024,0.9324662795779821,4,4,5,0.0,8 3 5 4 10
706,3823,0.050000000000000044,0.30158212780952454,0.0006056320125935599,0.0004913120064884424,0.9460985286517886,3,3,4,0.0,5 4 3 10
707,3827,0.050000000000000044,0.21499721705913544,0.0006270075682550669,0.0007459187181666493,0.9416358080580742,3,3,4,0.0,5 4 3 10
708,3831,0.050000000000000044,0.21499721705913544,0.00045240396866574883,0.0007459187181666493,0.9416358080580742,3,3,4,0.0,5 4 3 10
709,3835,0.050000000000000044,0.07672931253910065,0.0005382066156016663,0.0009904849575832486,0.8990747353126263,3,3,4,0.0,4 3 5 10
710,3842,0.050000000000000044,0.5254489183425903,0.0005432438213444714,0.0007871646666899323,0.9314417947841173,6,6,7,0.0,8 7 3 2 4 5 10
711,3848,0.050000000000000044,0.5051093101501465,0.0005443166689171145,0.0008887817384675145,0.9290282406116638,5,5,6,0.0,8 3 5 1 4 10
712,3855,0.050000000000000044,0.4563697576522827,0.0005185764291257199,0.0005026379367336631,0.9500911669201006,6,6,7,0.0,8 3 2 4 1 5 10
713,3862,0.050000000000000044,0.5030624270439148,0.0005322360749622541,0.0008524274453520775,0.9312670708907487,6,6,7,0.0,8 3 5 4 9 2 10
714,3866,0.050000000000000044,0.17665843665599823,0.0004668985347962007,0.0008646699134260416,0.9188100051901145,3,3,4,0.0,5 3 4 10
715,3870,0.050000000000000044,0.25300008058547974,0.00046933479461586103,0.0008444669656455517,0.9045451429985933,3,3,4,0.0,4 3 5 10
716,3874,0.050000000000000044,0.07672931253910065,0.000547090356121771,0.0009904849575832486,0.8990747353126263,3,3,4,0.0,4 3 5 10
717,3880,0.050000000000000044,0.4156956076622009,0.0005351240300418189,0.0007677134126424789,0.9187978944972636,5,5,6,0.0,8 6 3 5 4 10
718,3888,0.050000000000000044,0.44323214888572693,0.0004924540226056706,0.000728494836948812,0.9449370830152605,7,7,8,0.0,2 6 7 8 3 4 5 10
719,3896,0.050000000000000044,0.3901454210281372,0.000495183965540491,0.0007374584092758596,0.921896449734283,7,7,8,0.0,8 6 7 3 2 4 5 10
720,3902,0.050000000000000044,0.4272116720676422,0.00044698699881943565,0.0010336792329326272,0.9063190159772154,5,5,6,0.0,5 4 3 9 8 10
721,3905,0.050000000000000044,0.09591355174779892,0.00047777917158479494,0.0011364452075213194,0.881234130433425,2,2,3,0.0,7 8 10
722,3908,0.050000000000000044,0.11741882562637329,0.0005593522995089492,0.00070716452319175,0.9378703671167565,2,2,3,0.0,7 8 10
723,3914,0.050000000000000044,0.4153830111026764,0.0005763851756152386,0.0007670362247154117,0.9185064068943368,5,5,6,0.0,8 3 5 2 4 10
724,3918,0.050000000000000044,0.30158212780952454,0.0005810087313875556,0.0004913120064884424,0.9460985286517886,3,3,4,0.0,4 5 3 10
725,3921,0.050000000000000044,0.08442725986242294,0.0004989432733661184,0.001293298089876771,0.8578867554912669,2,2,3,0.0,7 8 10
726,3926,0.050000000000000044,0.2475619912147522,0.0005010142514947802,0.0006706903805024922,0.9352929691001153,4,4,5,0.0,4 6 3 5 10
727,3930,0.050000000000000044,0.07672932744026184,0.0004850454643019475,0.0009904849575832486,0.8990747353126263,3,3,4,0.0,3 5 4 10
728,3935,0.050000000000000044,0.46413713693618774,0.0004909032897558064,0.000683844555169344,0.9476837843621103,4,4,5,0.0,5 3 2 4 10
729,3941,0.050000000000000044,0.4272116422653198,0.0004618563931823398,0.0010336792329326272,0.9063190159772154,5,5,6,0.0,5 3 8 4 9 10
730,3948,0.050000000000000044,0.5329601168632507,0.0005028017039876431,0.0007617527735419571,0.9135709873508047,6,6,7,0.0,8 3 5 4 9 1 10
731,3952,0.050000000000000044,0.1996101588010788,0.0006209358471096493,0.0004871294368058443,0.9462413316709959,3,3,4,0.0,4 3 5 10
732,3960,0.050000000000000044,0.5051717758178711,0.0005056469562987331,0.0006181485950946808,0.9294261764934315,7,7,8,0.0,8 3 5 2 4 9 1 10
733,3967,0.050000000000000044,0.543053388595581,0.0004890881245955825,0.0003282442921772599,0.9603478005964322,6,6,7,0.0,8 3 5 4 9 1 10
734,3971,0.050000000000000044,0.30158212780952454,0.0004999087177566253,0.0004913120064884424,0.9460985286517886,3,3,4,0.0,4 5 3 10
735,3975,0.050000000000000044,0.30297723412513733,0.0004777194626512937,0.0009209985146299005,0.9276692834057082,3,3,4,0.0,5 4 3 10
736,3984,0.050000000000000044,0.5296107530593872,0.0004993764741811901,0.00030994811095297337,0.961412628096009,8,8,9,0.0,8 7 3 2 6 1 4 5 10
737,3989,0.050000000000000044,0.28872108459472656,0.0005745127564296126,0.0005819290527142584,0.9552139726585922,4,4,5,0.0,5 8 3 4 10
738,3992,0.050000000000000044,0.10164231806993484,0.0005672716458017627,0.0010656961239874363,0.9006846673414554,2,2,3,0.0,8 7 10
739,3996,0.050000000000000044,0.10726586729288101,0.0003604264056775719,0.000608788977842778,0.9322087477303501,3,3,4,0.0,3 4 5 10
740,4003,0.050000000000000044,0.5329441428184509,0.000768599275033921,0.001051399507559836,0.9150278574380665,6,6,7,0.0,8 3 5 4 9 7 10
741,4007,0.050000000000000044,0.21238617599010468,0.0007139607478165999,0.0011898600496351719,0.9272665474275913,3,3,4,0.0,5 4 3 10
742,4011,0.050000000000000044,0.23378056287765503,0.0005699578468920663,0.0017929158639162779,0.8717285928523498,3,3,4,0.0,5 3 4 10
743,4015,0.050000000000000044,0.23378056287765503,0.00053280118299881,0.0017929158639162779,0.8717285928523498,3,3,4,0.0,5 3 4 10
744,4021,0.050000000000000044,0.3770814538002014,0.0005082403222331777,0.000633150921203196,0.9216897203969048,5,5,6,0.0,8 5 3 2 4 10
745,4024,0.050000000000000044,0.08587873727083206,0.0005150558426976204,0.0012609773548319936,0.874283598972912,2,2,3,0.0,3 4 10
746,4031,0.050000000000000044,0.4046221375465393,0.0005698606089156653,0.0010854376014322042,0.904629203088927,6,6,7,0.0,2 1 8 5 3 4 10
747,4037,0.050000000000000044,0.2503579556941986,0.0005337359810558459,0.000469318765681237,0.9477494476843674,5,5,6,0.0,5 2 4 3 8 10
748,4041,0.050000000000000044,0.13912057876586914,0.0005371502338675782,0.0012875035172328353,0.8976058177162719,3,3,4,0.0,5 4 9 10
749,4045,0.050000000000000044,0.25300008058547974,0.0005138191700098105,0.0008444669656455517,0.9045451429985933,3,3,4,0.0,5 4 3 10
750,4049,0.050000000000000044,0.1996101289987564,0.0004395896248752251,0.0004871294368058443,0.9462413316709959,3,3,4,0.0,5 3 4 10
751,4058,0.050000000000000044,0.5154174566268921,0.0005138885753694922,0.0010264269076287746,0.9169661959413966,8,8,9,0.0,8 5 3 2 4 1 6 7 10
752,4062,0.050000000000000044,0.17225868999958038,0.0005141557994647883,0.0010011573322117329,0.917074837773932,3,3,4,0.0,3 5 4 10
753,4068,0.050000000000000044,0.47307512164115906,0.000636598172908028,0.0005033815978094935,0.950197055581492,5,5,6,0.0,8 5 3 2 4 10
754,4075,0.050000000000000044,0.447737455368042,0.00047450585407204926,0.000784349103923887,0.8978366713426059,6,6,7,0.0,8 5 3 9 1 4 10
755,4081,0.050000000000000044,0.4153830111026764,0.0004603114405957361,0.0007670362247154117,0.9185064068943368,5,5,6,0.0,8 5 3 2 4 10
756,4087,0.050000000000000044,0.43279385566711426,0.00048527469334658235,0.00036171090323477983,0.933895647880155,5,5,6,0.0,8 5 3 7 4 10
757,4091,0.050000000000000044,0.1996101438999176,0.0004392619666759856,0.0004871294368058443,0.9462413316709959,3,3,4,0.0,5 4 3 10
758,4095,0.050000000000000044,0.3135063946247101,0.00040734086360316724,0.0006012842059135437,0.9540004504138025,3,3,4,0.0,5 4 3 10
759,4099,0.050000000000000044,0.10224214941263199,0.00043444727634778246,0.0007125287083908916,0.9225120335356659,3,3,4,0.0,4 3 5 10
760,4103,0.050000000000000044,0.30297723412513733,0.0004546423224383034,0.0009209985146299005,0.9276692834057082,3,3,4,0.0,4 5 3 10
761,4107,0.050000000000000044,0.03061627596616745,0.00042621859029168263,0.0014145525638014078,0.8404857457197946,3,3,4,0.0,3 8 1 10
762,4115,0.050000000000000044,0.39185264706611633,0.00045706596938543953,0.0009367419988848269,0.9053251973744239,7,7,8,0.0,8 9 3 5 6 4 1 10
763,4121,0.050000000000000044,0.46662628650665283,0.00046183031615025055,0.0007963186362758279,0.9419115247574771,5,5,6,0.0,2 1 4 5 3 10
764,4128,0.050000000000000044,0.5393224954605103,0.0004226597084198147,0.0003351902705617249,0.95969407457092,6,6,7,0.0,8 5 3 2 4 1 10
765,4134,0.050000000000000044,0.370608389377594,0.0004720550156586493,0.0006474201800301671,0.9192207585953788,5,5,6,0.0,2 1 4 5 3 10
766,4138,0.050000000000000044,0.11627032607793808,0.00040687523141968995,0.0008565268362872303,0.9259343916344303,3,3,4,0.0,3 5 4 10
767,4144,0.050000000000000044,0.536449670791626,0.0004989334265701473,0.0007872064015828073,0.9313336297710216,5,5,6,0.0,8 3 5 7 4 10
768,4152,0.050000000000000044,0.4962066411972046,0.00043026707862736657,0.0008392180316150188,0.9329611640800052,7,7,8,0.0,8 5 7 6 4 1 3 10
769,4156,0.050000000000000044,0.25300008058547974,0.0005492048803716898,0.0008444669656455517,0.9045451429985933,3,3,4,0.0,4 5 3 10
770,4160,0.050000000000000044,0.10029949992895126,0.00042724161176010966,0.0003878751886077225,0.9448756375189485,3,3,4,0.0,4 3 5 10
771,4169,0.050000000000000044,0.49663564562797546,0.00043164484345147177,0.0006150605040602386,0.9313118223202781,8,8,9,0.0,8 7 5 6 1 4 2 3 10
772,4173,0.050000000000000044,0.12847530841827393,0.0004019099724246189,0.00036390128661878407,0.9670587569900415,3,3,4,0.0,4 3 5 10
773,4177,0.050000000000000044,0.20054133236408234,0.0003975441140937619,0.0004971498856320977,0.9479085171371521,3,3,4,0.0,4 3 5 10
774,4183,0.050000000000000044,0.370608389377594,0.00042427959366856766,0.0006474201800301671,0.9192207585953788,5,5,6,0.0,2 1 4 5 3 10
775,4191,0.050000000000000044,0.38477858901023865,0.000430921048973687,0.0009552426636219025,0.902897941601971,7,7,8,0.0,2 1 8 6 5 4 3 10
776,4195,0.050000000000000044,0.23378059267997742,0.0005688680030289106,0.0017929158639162779,0.8717285928523498,3,3,4,0.0,3 5 4 10
777,4199,0.050000000000000044,0.17665845155715942,0.0004090150978299789,0.0008646699134260416,0.9188100051901145,3,3,4,0.0,3 5 4 10
778,4202,0.050000000000000044,0.11012528836727142,0.0003779889181411515,0.0007769905496388674,0.9349315639864321,2,2,3,0.0,3 8 10
779,4211,0.050000000000000044,0.48603078722953796,0.0004227568505383614,0.0008349119452759624,0.9330995897723718,8,8,9,0.0,2 1 8 7 6 3 4 5 10
780,4215,0.050000000000000044,0.21499721705913544,0.00043249820737401024,0.0007459187181666493,0.9416358080580742,3,3,4,0.0,4 5 3 10
781,4220,0.050000000000000044,0.28097304701805115,0.0004254383209627122,0.0006404791492968798,0.9504497679532921,4,4,5,0.0,4 6 5 3 10
782,4223,0.050000000000000044,0.10017872601747513,0.0004816199070774019,0.0010840557515621185,0.8842276579099093,2,2,3,0.0,3 5 10
783,4227,0.050000000000000044,0.17665843665599823,0.00039986085175769404,0.0008646699134260416,0.9188100051901145,3,3,4,0.0,5 3 4 10
784,4231,0.050000000000000044,0.21238619089126587,0.00044759766751667485,0.0011898600496351719,0.9272665474275913,3,3,4,0.0,3 5 4 10
785,4235,0.050000000000000044,0.07385917752981186,0.00038420111377490684,0.0004939651698805392,0.9245917924483806,3,3,4,0.0,3 9 5 10
786,4239,0.050000000000000044,0.21499721705913544,0.0003910080486093648,0.0007459187181666493,0.9416358080580742,3,3,4,0.0,3 5 4 10
787,4245,0.050000000000000044,0.370608389377594,0.00043466640151261043,0.0006474201800301671,0.9192207585953788,5,5,6,0.0,1 2 4 5 3 10
788,4249,0.050000000000000044,0.07027467340230942,0.0004235808373778127,0.001061147078871727,0.8940983381162217,3,3,4,0.0,4 8 3 10
789,4253,0.050000000000000044,0.30401620268821716,0.0004991703754058108,0.0006716125644743443,0.9484512512345092,3,3,4,0.0,4 5 3 10
790,4257,0.050000000000000044,0.11778458207845688,0.0005749439005739987,0.00045124784810468554,0.9617430450268506,3,3,4,0.0,4 8 3 10
791,4266,0.050000000000000044,0.5154174566268921,0.0005715696897823364,0.0010264269076287746,0.9169661959413966,8,8,9,0.0,1 7 5 6 8 4 2 3 10
792,4275,0.050000000000000044,0.5296106934547424,0.0005171212509998844,0.00030994811095297337,0.961412628096009,8,8,9,0.0,8 7 6 5 1 4 2 3 10
793,4279,0.050000000000000044,0.3220631182193756,0.0004729154607048258,0.00039680927875451744,0.9629182144202176,3,3,4,0.0,5 4 3 10
794,4283,0.050000000000000044,0.17225868999958038,0.0004922914886265062,0.0010011573322117329,0.917074837773932,3,3,4,0.0,3 5 4 10
795,4286,0.050000000000000044,0.0815943107008934,0.00039824417520624894,0.0015100172022357583,0.8703347006624433,2,2,3,0.0,2 8 10
796,4294,0.050000000000000044,0.4362107217311859,0.00043948657184955664,0.000787337077781558,0.8982506476068043,7,7,8,0.0,4 3 2 1 7 8 5 10
797,4297,0.050000000000000044,0.09035546332597733,0.0004863575838195781,0.0005988819757476449,0.9097751109516437,2,2,3,0.0,2 8 10
798,4301,0.050000000000000044,0.30297723412513733,0.0004257627806509845,0.0009209985146299005,0.9276692834057082,3,3,4,0.0,5 4 3 10
799,4304,0.050000000000000044,0.0815943107008934,0.0004674601271593322,0.0015100172022357583,0.8703347006624433,2,2,3,0.0,2 8 10
800,4310,0.050000000000000044,0.38449859619140625,0.00045314166830697406,0.0006133443093858659,0.9240884893218345,5,5,6,0.0,4 3 5 8 9 10
801,4313,0.050000000000000044,0.06229931861162186,0.0004107511485926807,0.0015134455170482397,0.8515208236935164,2,2,3,0.0,2 8 10
802,4319,0.050000000000000044,0.45383763313293457,0.00044430745765566826,0.0006686560809612274,0.9350161477126065,5,5,6,0.0,1 2 4 5 3 10
803,4326,0.050000000000000044,0.45432567596435547,0.00039188453229144216,0.0007806735811755061,0.9440126030326031,6,6,7,0.0,1 2 4 6 5 3 10
804,4329,0.050000000000000044,0.10590078681707382,0.0005077349487692118,0.0015152505366131663,0.8739005686154901,2,2,3,0.0,7 8 10
805,4333,0.050000000000000044,0.0648345872759819,0.00040768856706563383,0.0010452300775796175,0.9022310901849612,3,3,4,0.0,7 8 6 10
806,4340,0.050000000000000044,0.44671887159347534,0.0004405171951345567,0.0007876758463680744,0.8976336109510642,6,6,7,0.0,9 8 6 5 3 4 10
807,4349,0.050000000000000044,0.5084139704704285,0.0004063799925562408,0.0007655597291886806,0.932778447831003,8,8,9,0.0,6 5 7 1 2 8 4 3 10
808,4357,0.050000000000000044,0.5027195811271667,0.00045334551032283343,0.0006278626387938857,0.9293030585637416,7,7,8,0.0,1 2 8 4 7 3 5 10
809,4360,0.050000000000000044,0.12253246456384659,0.00042428414841803413,0.0012501671444624662,0.8880551287485785,2,2,3,0.0,2 8 10
810,4368,0.050000000000000044,0.4428904354572296,0.0004140295641263947,0.00048466469161212444,0.9504816464627965,7,7,8,0.0,6 5 7 1 4 2 3 10
811,4372,0.050000000000000044,0.3220631182193756,0.00044250609789742157,0.00039680927875451744,0.9629182144202176,3,3,4,0.0,4 3 5 10
812,4375,0.050000000000000044,0.10164231806993484,0.0003789103454134117,0.0010656961239874363,0.9006846673414554,2,2,3,0.0,8 7 10
813,4378,0.050000000000000044,0.09591355174779892,0.0004927531505624453,0.0011364452075213194,0.881234130433425,2,2,3,0.0,8 7 10
814,4385,0.050000000000000044,0.4488080143928528,0.000411123494684164,0.0006014257669448853,0.9524409460716667,6,6,7,0.0,1 7 5 8 4 3 10
815,4394,0.050000000000000044,0.39130693674087524,0.00040619283229009144,0.0003455901751294732,0.9370444688445464,8,8,9,0.0,1 7 5 6 9 4 2 3 10
816,4397,0.050000000000000044,0.10017872601747513,0.0003939092275686562,0.0010840557515621185,0.8842276579099093,2,2,3,0.0,3 5 10
817,4401,0.050000000000000044,0.2718748152256012,0.0004089651702088304,0.0006805580342188478,0.9332163441620599,3,3,4,0.0,5 4 3 10
818,4409,0.050000000000000044,0.4957420229911804,0.0003996592749899719,0.0008410483133047819,0.9328408196267276,7,7,8,0.0,5 6 7 2 8 4 3 10
819,4412,0.050000000000000044,0.12253246456384659,0.000441033315534393,0.0012501671444624662,0.8880551287485785,2,2,3,0.0,2 8 10
820,4416,0.050000000000000044,0.30158212780952454,0.0005166243863641284,0.0004913120064884424,0.9460985286517886,3,3,4,0.0,4 3 5 10
821,4420,0.050000000000000044,0.20054133236408234,0.00039499467675341293,0.0004971498856320977,0.9479085171371521,3,3,4,0.0,4 3 5 10
822,4424,0.050000000000000044,0.07092421501874924,0.0004033027798868716,0.0011787256225943565,0.8939529767838018,3,3,4,0.0,3 4 5 10
823,4428,0.050000000000000044,0.21282950043678284,0.0004851252379012294,0.0008140195277519524,0.9398560478627752,3,3,4,0.0,3 5 4 10
824,4432,0.050000000000000044,0.17665843665599823,0.0003994013022747822,0.0008646699134260416,0.9188100051901145,3,3,4,0.0,5 3 4 10
825,4437,0.050000000000000044,0.06337670236825943,0.00040136654279194773,0.00037898129085078835,0.946226403949944,4,4,5,0.0,3 4 5 8 10
826,4440,0.050000000000000044,0.10048174113035202,0.00038232706720009446,0.0010758114513009787,0.8997172671386819,2,2,3,0.0,2 8 10
827,4444,0.050000000000000044,0.3220631182193756,0.0004158280571573414,0.00039680927875451744,0.9629182144202176,3,3,4,0.0,4 3 5 10
828,4448,0.050000000000000044,0.30401620268821716,0.0004256500760675408,0.0006716125644743443,0.9484512512345092,3,3,4,0.0,4 3 5 10
829,4452,0.050000000000000044,0.1968708038330078,0.0003898577924701385,0.0007160058012232184,0.9380829586923193,3,3,4,0.0,3 4 5 10
830,4456,0.050000000000000044,0.06657014042139053,0.0005125087991473265,0.0010047847172245383,0.9016290069682309,3,3,4,0.0,9 5 4 10
831,4462,0.050000000000000044,0.18207192420959473,0.0003922143563007315,0.0017664168262854218,0.8751638547277054,5,5,6,0.0,2 5 3 8 4 10
832,4465,0.050000000000000044,0.087281234562397,0.000463626531806464,0.001316113630309701,0.8805190407173812,2,2,3,0.0,2 8 10
833,4471,0.050000000000000044,0.41989070177078247,0.0004997354602285972,0.0007486430695280433,0.920224189492525,5,5,6,0.0,9 8 4 3 5 10
834,4475,0.050000000000000044,0.20054133236408234,0.00041574811621103436,0.0004971498856320977,0.9479085171371521,3,3,4,0.0,4 3 5 10
835,4483,0.050000000000000044,0.5209789872169495,0.0004405752224556636,0.001051965169608593,0.9140502043006394,7,7,8,0.0,9 8 4 3 5 2 1 10
836,4486,0.050000000000000044,0.07042444497346878,0.0003762124009275188,0.0014145087916404009,0.8423522214951187,2,2,3,0.0,2 8 10
837,4494,0.050000000000000044,0.44148874282836914,0.00031976135142031126,0.0007484406232833862,0.9448455865721924,7,7,8,0.0,2 5 3 1 6 7 4 10
838,4498,0.050000000000000044,0.1996101289987564,0.0004730129076051526,0.0004871294368058443,0.9462413316709959,3,3,4,0.0,5 3 4 10
839,4507,0.050000000000000044,0.5109379887580872,0.0006357238647372773,0.0007621439872309566,0.9347810202525146,8,8,9,0.0,6 7 8 1 9 5 4 3 10
840,4513,0.050000000000000044,0.42826324701309204,0.0005895872745895758,0.00036953581729903817,0.9321135595423146,5,5,6,0.0,1 4 7 5 3 10
841,4521,0.050000000000000044,0.4375098943710327,0.0005547789951378945,0.0007828566012904048,0.8984373147365738,7,7,8,0.0,9 5 3 8 4 1 7 10
842,4526,0.050000000000000044,0.29805436730384827,0.0004814478743355721,0.00038396441959775984,0.9646238789724255,4,4,5,0.0,6 3 5 4 10
843,4529,0.050000000000000044,0.10164231806993484,0.0004841199067110817,0.0010656961239874363,0.9006846673414554,2,2,3,0.0,7 8 10
844,4536,0.050000000000000044,0.4080604910850525,0.0005082379960055862,0.0010615375358611345,0.9060018441764977,6,6,7,0.0,7 5 6 8 4 3 10
845,4542,0.050000000000000044,0.4563465118408203,0.0005147115249807636,0.0006441238801926374,0.9501055350591396,5,5,6,0.0,7 1 5 4 3 10
846,4546,0.050000000000000044,0.20054133236408234,0.00046122915955493227,0.0004971498856320977,0.9479085171371521,3,3,4,0.0,4 3 5 10
847,4555,0.050000000000000044,0.5204720497131348,0.0005064251890871674,0.00030623964266851544,0.9617493655997706,9,9,10,0.0,1 7 5 6 9 2 8 4 3
848,4564,0.050000000000000044,0.47906917333602905,0.00045740756710680824,0.000817384454421699,0.9339770750363007,9,9,10,0.0,5 7 6 1 9 4 2 8 3
849,4570,0.050000000000000044,0.46336397528648376,0.0004461659943141664,0.0006359022809192538,0.9393086878319274,5,5,6,0.0,5 7 6 4 3 10
850,4574,0.050000000000000044,0.30158212780952454,0.00047249851195374504,0.0004913120064884424,0.9460985286517886,3,3,4,0.0,4 3 5 10
851,4578,0.050000000000000044,0.3135063946247101,0.0005098676847410388,0.0006012842059135437,0.9540004504138025,3,3,4,0.0,4 3 5 10
852,4582,0.050000000000000044,0.3220631182193756,0.0004504729149630293,0.00039680927875451744,0.9629182144202176,3,3,4,0.0,4 3 5 10
853,4591,0.050000000000000044,0.37928980588912964,0.00042427679646708485,0.0009104710770770907,0.9083804065775786,9,9,10,0.0,7 1 5 2 6 9 4 8 3
854,4595,0.050000000000000044,0.1968708038330078,0.00045085068995831534,0.0007160058012232184,0.9380829586923193,3,3,4,0.0,4 3 5 10
855,4601,0.050000000000000044,0.47102540731430054,0.0004639203204230095,0.0005089241312816739,0.9493133236480241,5,5,6,0.0,1 7 4 5 3 10
856,4605,0.050000000000000044,0.21238619089126587,0.0005015011556679383,0.0011898600496351719,0.9272665474275913,3,3,4,0.0,3 4 5 10
857,4608,0.050000000000000044,0.09591355174779892,0.0004319034924264997,0.0011364452075213194,0.881234130433425,2,2,3,0.0,8 7 10
858,4617,0.050000000000000044,0.5160734057426453,0.0004493139212071482,0.0010194103233516216,0.9166822389707271,8,8,9,0.0,7 1 5 6 2 9 4 3 10
859,4624,0.050000000000000044,0.40048640966415405,0.0005387835138078247,0.000762131588999182,0.9193855231886954,6,6,7,0.0,7 1 5 4 2 3 10
860,4628,0.050000000000000044,0.21282950043678284,0.0004214453001623042,0.0008140195277519524,0.9398560478627752,3,3,4,0.0,3 4 5 10
861,4637,0.050000000000000044,0.48793086409568787,0.00048297004994108446,0.0008275079308077693,0.933605097136798,8,8,9,0.0,9 8 4 3 7 2 6 5 10
862,4642,0.050000000000000044,0.22550693154335022,0.0004420820449013263,0.000841359724290669,0.9045252162834694,4,4,5,0.0,4 3 5 2 10
863,4648,0.050000000000000044,0.4349595308303833,0.00044062606563481194,0.00035747396759688854,0.9346775646973734,5,5,6,0.0,9 8 4 3 5 10
864,4652,0.050000000000000044,0.21282950043678284,0.00046658409701194614,0.0008140195277519524,0.9398560478627752,3,3,4,0.0,3 5 4 10
865,4656,0.050000000000000044,0.17225870490074158,0.00044269426143728197,0.0010011573322117329,0.917074837773932,3,3,4,0.0,3 4 5 10
866,4661,0.050000000000000044,0.18524865806102753,0.0004883517103735358,0.0007144291885197163,0.9440950080132229,4,4,5,0.0,3 4 6 5 10
867,4668,0.050000000000000044,0.4595438838005066,0.0004301756271161139,0.0004858258180320263,0.9505942646551359,6,6,7,0.0,7 1 3 6 5 4 10
868,4672,0.050000000000000044,0.30158212780952454,0.0004904032248305157,0.0004913120064884424,0.9460985286517886,3,3,4,0.0,4 3 5 10
869,4675,0.050000000000000044,0.1174188181757927,0.0004210838524159044,0.00070716452319175,0.9378703671167565,2,2,3,0.0,8 7 10
870,4679,0.050000000000000044,0.17225868999958038,0.0003899093280779198,0.0010011573322117329,0.917074837773932,3,3,4,0.0,4 3 5 10
871,4683,0.050000000000000044,0.20054133236408234,0.00048053747741505504,0.0004971498856320977,0.9479085171371521,3,3,4,0.0,4 5 3 10
872,4687,0.050000000000000044,0.3135063946247101,0.0004715796312666498,0.0006012842059135437,0.9540004504138025,3,3,4,0.0,4 3 5 10
873,4691,0.050000000000000044,0.30158212780952454,0.00038489278813358396,0.0004913120064884424,0.9460985286517886,3,3,4,0.0,4 3 5 10
874,4696,0.050000000000000044,0.21256256103515625,0.0004775258188601583,0.0017306746449321508,0.8764653371804251,4,4,5,0.0,3 9 5 4 10
875,4701,0.050000000000000044,0.17993007600307465,0.0004134773567784578,0.0008114007068797946,0.9402563097077232,4,4,5,0.0,5 4 3 1 10
876,4707,0.050000000000000044,0.41989076137542725,0.00039978007165094215,0.0007486430695280433,0.920224189492525,5,5,6,0.0,3 9 4 8 5 10
877,4712,0.050000000000000044,0.21003088355064392,0.0004244962881784886,0.0017678049625828862,0.8754988865534843,4,4,5,0.0,6 3 4 5 10
878,4719,0.050000000000000044,0.4057025909423828,0.0004044748701354755,0.0010504602687433362,0.9033102896352444,6,6,7,0.0,7 9 4 1 5 3 10
879,4723,0.050000000000000044,0.3135063946247101,0.0003995178412878886,0.0006012842059135437,0.9540004504138025,3,3,4,0.0,4 3 5 10
880,4727,0.050000000000000044,0.21499721705913544,0.00043893501424463466,0.0007459187181666493,0.9416358080580742,3,3,4,0.0,3 4 5 10
881,4731,0.050000000000000044,0.20054133236408234,0.000392070367524866,0.0004971498856320977,0.9479085171371521,3,3,4,0.0,4 3 5 10
882,4735,0.050000000000000044,0.21499721705913544,0.00038515419146278873,0.0007459187181666493,0.9416358080580742,3,3,4,0.0,4 3 5 10
883,4742,0.050000000000000044,0.5036404132843018,0.0003900777332351676,0.0008528822800144553,0.9318720942958924,6,6,7,0.0,9 5 6 8 3 4 10
884,4751,0.050000000000000044,0.52047199010849,0.00042024507355462346,0.00030623964266851544,0.9617493655997706,9,9,10,0.0,1 7 6 2 8 9 5 4 3
885,4757,0.050000000000000044,0.41511619091033936,0.0006026867195032537,0.00040190573781728745,0.928304260979793,5,5,6,0.0,1 7 4 5 6 10
886,4760,0.050000000000000044,0.08006840944290161,0.0007893272171107432,0.0015391751658171415,0.870011828476552,2,2,3,0.0,3 8 10
887,4767,0.050000000000000044,0.3980751037597656,0.0006358210562861391,0.0009517442085780203,0.9042173246902887,6,6,7,0.0,4 3 1 7 8 5 10
888,4771,0.050000000000000044,0.1968708038330078,0.0005835256888531148,0.0007160058012232184,0.9380829586923193,3,3,4,0.0,4 3 5 10
889,4778,0.050000000000000044,0.40581798553466797,0.0005726280006846147,0.0007373106200248003,0.9211466287957077,6,6,7,0.0,7 1 4 5 6 3 10
890,4782,0.050000000000000044,0.3220631182193756,0.0005165969778317958,0.00039680927875451744,0.9629182144202176,3,3,4,0.0,4 3 5 10
891,4791,0.050000000000000044,0.4323641061782837,0.0005494542322897663,0.0007656429661437869,0.9003181323391362,8,8,9,0.0,8 4 5 3 9 1 2 6 10
892,4796,0.050000000000000044,0.06570295989513397,0.0004855402163229883,0.000693963491357863,0.9249083625770635,4,4,5,0.0,4 3 5 8 10
893,4800,0.050000000000000044,0.06820441782474518,0.00038545505958609283,0.000534893712028861,0.9231127454643442,3,3,4,0.0,4 3 6 10
894,4804,0.050000000000000044,0.2718748450279236,0.0005242288752924651,0.0006805580342188478,0.9332163441620599,3,3,4,0.0,4 3 5 10
895,4808,0.050000000000000044,0.1663549244403839,0.0005181025553611107,0.0006628689588978887,0.9294591170163132,3,3,4,0.0,4 8 3 10
896,4813,0.050000000000000044,0.2513994872570038,0.0004927306086756289,0.0006424414459615946,0.9363017630421165,4,4,5,0.0,4 3 9 5 10
897,4817,0.050000000000000044,0.17225868999958038,0.00048278884787578136,0.0010011573322117329,0.917074837773932,3,3,4,0.0,4 3 5 10
898,4826,0.050000000000000044,0.4197855591773987,0.00043565586222232215,0.0005858594086021185,0.9539297014722926,8,8,9,0.0,7 1 4 2 6 8 5 3 10
899,4833,0.050000000000000044,0.4623412489891052,0.0004818310678404357,0.0004852933343499899,0.952539730493719,6,6,7,0.0,8 4 7 9 3 5 10
900,4842,0.050000000000000044,0.47906923294067383,0.00047909681517113413,0.000817384454421699,0.9339770750363007,9,9,10,0.0,7 1 6 2 8 9 4 3 5
901,4846,0.050000000000000044,0.23378059267997742,0.000454387285572011,0.0017929158639162779,0.8717285928523498,3,3,4,0.0,3 5 4 10
902,4851,0.050000000000000044,0.14582692086696625,0.0005629429593682289,0.0008495232323184609,0.920673463028478,4,4,5,0.0,3 5 4 6 10
903,4855,0.050000000000000044,0.20054133236408234,0.000532916936208494,0.0004971498856320977,0.9479085171371521,3,3,4,0.0,4 3 5 10
904,4858,0.050000000000000044,0.09591355174779892,0.0005167447767841319,0.0011364452075213194,0.881234130433425,2,2,3,0.0,8 7 10
905,4867,0.050000000000000044,0.5204720497131348,0.00042613295631276234,0.00030623964266851544,0.9617493655997706,9,9,10,0.0,8 4 7 9 1 3 2 6 5
906,4871,0.050000000000000044,0.21499721705913544,0.0004946791232214309,0.0007459187181666493,0.9416358080580742,3,3,4,0.0,4 3 5 10
907,4880,0.050000000000000044,0.41536974906921387,0.000454126672896867,0.0006061751046217978,0.9527714248219512,8,8,9,0.0,7 1 6 9 4 5 2 3 10
908,4886,0.050000000000000044,0.42826327681541443,0.0004158445857077216,0.00036953581729903817,0.9321135595423146,5,5,6,0.0,3 4 7 1 5 10
909,4894,0.050000000000000044,0.4027169942855835,0.0004527790079009719,0.00035604395088739693,0.9351705773938425,7,7,8,0.0,1 4 7 5 2 6 3 10
910,4898,0.050000000000000044,0.30158212780952454,0.0004883785004494712,0.0004913120064884424,0.9460985286517886,3,3,4,0.0,4 3 5 10
911,4902,0.050000000000000044,0.30158212780952454,0.0004155099450144917,0.0004913120064884424,0.9460985286517886,3,3,4,0.0,4 3 5 10
912,4906,0.050000000000000044,0.30401620268821716,0.00041096227505477145,0.0006716125644743443,0.9484512512345092,3,3,4,0.0,4 3 5 10
913,4915,0.050000000000000044,0.5039483308792114,0.00045822311141010787,0.0007450933335348964,0.9153839173183005,9,9,10,0.0,7 1 6 5 2 4 9 3 8
914,4918,0.050000000000000044,0.12253246456384659,0.0004476257405864696,0.0012501671444624662,0.8880551287485785,2,2,3,0.0,2 8 10
915,4921,0.050000000000000044,0.09035546332597733,0.00048248693929053843,0.0005988819757476449,0.9097751109516437,2,2,3,0.0,2 8 10
916,4927,0.050000000000000044,0.3749067187309265,0.0004187815987582629,0.0006373239448294044,0.9207829290493773,5,5,6,0.0,7 1 4 3 5 10
917,4931,0.050000000000000044,0.30401620268821716,0.00045631336251972243,0.0006716125644743443,0.9484512512345092,3,3,4,0.0,4 3 5 10
918,4940,0.050000000000000044,0.47906923294067383,0.00044570879415712424,0.000817384454421699,0.9339770750363007,9,9,10,0.0,2 1 8 6 9 7 5 4 3
919,4944,0.050000000000000044,0.1996101588010788,0.0004253986189723946,0.0004871294368058443,0.9462413316709959,3,3,4,0.0,3 4 5 10
920,4947,0.050000000000000044,0.08442725986242294,0.00045235185340667766,0.001293298089876771,0.8578867554912669,2,2,3,0.0,7 8 10
921,4950,0.050000000000000044,0.10590078681707382,0.00042763165159461397,0.0015152505366131663,0.8739005686154901,2,2,3,0.0,7 8 10
922,4953,0.050000000000000044,0.08442725986242294,0.0004315705446060747,0.001293298089876771,0.8578867554912669,2,2,3,0.0,7 8 10
923,4962,0.050000000000000044,0.5094573497772217,0.0004223244355267121,0.0007637566886842251,0.9123827315043043,8,8,9,0.0,7 5 6 2 4 9 1 3 10
924,4971,0.050000000000000044,0.37928977608680725,0.00043654796900227666,0.0009104710770770907,0.9083804065775786,9,9,10,0.0,7 1 6 9 2 8 5 4 3
925,4975,0.050000000000000044,0.17225868999958038,0.0004724871105281636,0.0010011573322117329,0.917074837773932,3,3,4,0.0,4 3 5 10
926,4984,0.050000000000000044,0.52047199010849,0.0003835707320831716,0.00030623964266851544,0.9617493655997706,9,9,10,0.0,7 1 6 9 2 8 5 4 3
927,4993,0.050000000000000044,0.5255638957023621,0.00038237470693679317,0.00031947033130563796,0.9611860649232774,8,8,9,0.0,8 4 7 3 9 2 1 5 10
928,4997,0.050000000000000044,0.1996101588010788,0.0004213718057144433,0.0004871294368058443,0.9462413316709959,3,3,4,0.0,4 3 5 10
929,5005,0.050000000000000044,0.5218568444252014,0.0005700309593521524,0.0007616279763169587,0.9135533228569734,7,7,8,0.0,7 8 4 9 1 3 5 10
930,5009,0.050000000000000044,0.20054133236408234,0.0007032245048321784,0.0004971498856320977,0.9479085171371521,3,3,4,0.0,4 5 3 10
931,5017,0.050000000000000044,0.5347902178764343,0.0006341003099805675,0.00032083020778372884,0.9603342141393533,7,7,8,0.0,1 6 2 8 5 3 4 10
932,5021,0.050000000000000044,0.21282950043678284,0.0006260260561248288,0.0008140195277519524,0.9398560478627752,3,3,4,0.0,5 3 4 10
933,5025,0.050000000000000044,0.1996101289987564,0.000524165909155272,0.0004871294368058443,0.9462413316709959,3,3,4,0.0,5 3 4 10
934,5034,0.050000000000000044,0.5255638957023621,0.0006043029813251147,0.00031947033130563796,0.9611860649232774,8,8,9,0.0,8 4 3 5 9 1 2 7 10
935,5038,0.050000000000000044,0.25300008058547974,0.0005644206248689443,0.0008444669656455517,0.9045451429985933,3,3,4,0.0,5 4 3 10
936,5045,0.050000000000000044,0.5346293449401855,0.0004248615212938083,0.001043585129082203,0.9159040316301492,6,6,7,0.0,5 6 7 8 4 3 10
937,5048,0.050000000000000044,0.11270568519830704,0.0005746430154734602,0.0008911392651498318,0.903584239723141,2,2,3,0.0,5 3 10
938,5052,0.050000000000000044,0.3135063946247101,0.0005664003983838484,0.0006012842059135437,0.9540004504138025,3,3,4,0.0,5 4 3 10
939,5059,0.050000000000000044,0.5281596779823303,0.0005341873953251966,0.0007787054637447,0.9326797555091123,6,6,7,0.0,8 5 6 7 3 4 10
940,5062,0.050000000000000044,0.12429641932249069,0.0005255039820137123,0.0007243723375722766,0.9462217480192286,2,2,3,0.0,1 7 10
941,5066,0.050000000000000044,0.17225868999958038,0.000517177875735797,0.0010011573322117329,0.917074837773932,3,3,4,0.0,5 4 3 10
942,5073,0.050000000000000044,0.4460945129394531,0.0005062188138253987,0.0006341614061966538,0.9387431277956605,6,6,7,0.0,1 3 6 5 8 4 10
943,5080,0.050000000000000044,0.4559774398803711,0.0004399729202434953,0.000737322901841253,0.9427650700213651,6,6,7,0.0,1 8 5 3 4 7 10
944,5086,0.050000000000000044,0.4574158787727356,0.0004792385686111326,0.0007900486816652119,0.8978619259050145,5,5,6,0.0,8 5 7 3 4 10
945,5090,0.050000000000000044,0.30401623249053955,0.0004480067946133204,0.0006716125644743443,0.9484512512345092,3,3,4,0.0,5 4 3 10
946,5095,0.050000000000000044,0.27684909105300903,0.00046152086579240856,0.000666085456032306,0.94862160742212,4,4,5,0.0,2 5 3 4 10
947,5101,0.050000000000000044,0.5355875492095947,0.0005239036836428568,0.0007941392250359058,0.909941551668678,5,5,6,0.0,8 5 7 3 4 10
948,5108,0.050000000000000044,0.5452747344970703,0.0004930949320883624,0.000324604450725019,0.9608573241161534,6,6,7,0.0,8 5 7 3 4 2 10
949,5112,0.050000000000000044,0.23378056287765503,0.0004996451971237548,0.0017929158639162779,0.8717285928523498,3,3,4,0.0,5 4 3 10
950,5120,0.050000000000000044,0.5147913098335266,0.0004916373400192242,0.0007894774898886681,0.9107251284327291,7,7,8,0.0,7 5 8 3 4 2 6 10
951,5124,0.050000000000000044,0.17225868999958038,0.0005829174624523148,0.0010011573322117329,0.917074837773932,3,3,4,0.0,5 3 4 10
952,5128,0.050000000000000044,0.21238619089126587,0.0004529702346189879,0.0011898600496351719,0.9272665474275913,3,3,4,0.0,5 3 4 10
953,5132,0.050000000000000044,0.17665843665599823,0.0005301491473801434,0.0008646699134260416,0.9188100051901145,3,3,4,0.0,5 3 4 10
954,5135,0.050000000000000044,0.10767998546361923,0.00042521524786328274,0.0008629225194454193,0.9381469982221067,2,2,3,0.0,1 3 10
955,5139,0.050000000000000044,0.12847530841827393,0.0005177107668714598,0.00036390128661878407,0.9670587569900415,3,3,4,0.0,5 3 4 10
956,5145,0.050000000000000044,0.3781299591064453,0.00043538953953733045,0.0006314673228189349,0.9221677910204308,5,5,6,0.0,1 8 4 3 5 10
957,5149,0.050000000000000044,0.30297723412513733,0.000449864448455628,0.0009209985146299005,0.9276692834057082,3,3,4,0.0,5 3 4 10
958,5151,0.050000000000000044,0.2108159363269806,0.00042781568481586874,0.0019993935711681843,0.8262336188644906,1,1,2,0.0,8 10
959,5160,0.050000000000000044,0.48618951439857483,0.00044420367339625955,0.0008321161149069667,0.9327789712143568,8,8,9,0.0,8 7 5 1 9 4 2 3 10
960,5166,0.050000000000000044,0.4133525490760803,0.00034617300843819976,0.0007789696101099253,0.9180546608996023,5,5,6,0.0,1 8 5 3 4 10
961,5171,0.050000000000000044,0.14609873294830322,0.0004149004118517041,0.0008451422327198088,0.920628183750562,4,4,5,0.0,5 3 7 4 10
962,5179,0.050000000000000044,0.4019368886947632,0.00048579424765193835,0.00035829469561576843,0.9349910313004404,7,7,8,0.0,1 8 3 6 2 4 5 10
963,5183,0.050000000000000044,0.10726586729288101,0.0004933902964694425,0.000608788977842778,0.9322087477303501,3,3,4,0.0,4 3 5 10
964,5187,0.050000000000000044,0.30158212780952454,0.0004751805972773582,0.0004913120064884424,0.9460985286517886,3,3,4,0.0,5 4 3 10
965,5191,0.050000000000000044,0.1968708038330078,0.00043298197124386206,0.0007160058012232184,0.9380829586923193,3,3,4,0.0,5 3 4 10
966,5195,0.050000000000000044,0.3220631182193756,0.0003980245382990688,0.00039680927875451744,0.9629182144202176,3,3,4,0.0,5 3 4 10
967,5199,0.050000000000000044,0.20054133236408234,0.00040264886047225446,0.0004971498856320977,0.9479085171371521,3,3,4,0.0,5 3 4 10
968,5206,0.050000000000000044,0.41633403301239014,0.0004942704607466501,0.0003615052264649421,0.9339984273017516,6,6,7,0.0,1 8 7 5 3 4 10
969,5210,0.050000000000000044,0.21282950043678284,0.0005223193657002412,0.0008140195277519524,0.9398560478627752,3,3,4,0.0,5 3 4 10
970,5214,0.050000000000000044,0.1996101588010788,0.0004972652532160282,0.0004871294368058443,0.9462413316709959,3,3,4,0.0,4 3 5 10
971,5218,0.050000000000000044,0.10029949992895126,0.0005069592225481756,0.0003878751886077225,0.9448756375189485,3,3,4,0.0,4 3 5 10
972,5222,0.050000000000000044,0.21499721705913544,0.0003847485422738828,0.0007459187181666493,0.9416358080580742,3,3,4,0.0,5 3 4 10
973,5226,0.050000000000000044,0.30158212780952454,0.0004908248956780881,0.0004913120064884424,0.9460985286517886,3,3,4,0.0,5 3 4 10
974,5230,0.050000000000000044,0.30401620268821716,0.0004220004193484783,0.0006716125644743443,0.9484512512345092,3,3,4,0.0,5 3 4 10
975,5239,0.050000000000000044,0.5094573497772217,0.00045495250378735363,0.0007637566886842251,0.9123827315043043,8,8,9,0.0,5 7 2 1 9 4 3 6 10
976,5244,0.050000000000000044,0.39288026094436646,0.000524098181631416,0.0006366806337609887,0.9215599262508852,4,4,5,0.0,8 4 3 5 10
977,5249,0.050000000000000044,0.486010879278183,0.0004213733656797558,0.0005174707621335983,0.9490092231600803,4,4,5,0.0,8 4 3 5 10
978,5254,0.050000000000000044,0.17471547424793243,0.0006295740022324026,0.0008636589045636356,0.9369093300896507,4,4,5,0.0,1 7 5 4 10
979,5261,0.050000000000000044,0.4544185400009155,0.0005791620268220348,0.0005088165635243058,0.949344779751247,6,6,7,0.0,1 7 4 3 5 2 10
980,5266,0.050000000000000044,0.2744976282119751,0.0006586859119124711,0.00048609846271574497,0.9461801094617628,4,4,5,0.0,1 4 3 5 10
981,5271,0.050000000000000044,0.24462014436721802,0.0006103441584855319,0.000679461401887238,0.9335591515944772,4,4,5,0.0,1 4 3 5 10
982,5278,0.050000000000000044,0.45597749948501587,0.0005155653967189469,0.000737322901841253,0.9427650700213651,6,6,7,0.0,1 8 4 3 5 7 10
983,5282,0.050000000000000044,0.3135063946247101,0.0004654342628782615,0.0006012842059135437,0.9540004504138025,3,3,4,0.0,4 3 5 10
984,5289,0.050000000000000044,0.46150755882263184,0.000454729119415528,0.0004885110538452864,0.952281597678358,6,6,7,0.0,3 4 9 8 5 2 10
985,5295,0.050000000000000044,0.45952877402305603,0.000431206669115151,0.0006500752060674131,0.9376565848037547,5,5,6,0.0,3 4 9 8 5 10
986,5299,0.050000000000000044,0.3220631182193756,0.0005167546914890409,0.00039680927875451744,0.9629182144202176,3,3,4,0.0,4 3 5 10
987,5302,0.050000000000000044,0.10164231806993484,0.0004436557646840811,0.0010656961239874363,0.9006846673414554,2,2,3,0.0,7 8 10
988,5306,0.050000000000000044,0.21282950043678284,0.00047537576756440103,0.0008140195277519524,0.9398560478627752,3,3,4,0.0,4 3 5 10
989,5310,0.050000000000000044,0.21282950043678284,0.00041186621820088476,0.0008140195277519524,0.9398560478627752,3,3,4,0.0,3 5 4 10
990,5314,0.050000000000000044,0.21282950043678284,0.00048640326713211834,0.0008140195277519524,0.9398560478627752,3,3,4,0.0,3 5 4 10
991,5317,0.050000000000000044,0.08442725986242294,0.00043421406492901343,0.001293298089876771,0.8578867554912669,2,2,3,0.0,8 7 10
992,5324,0.050000000000000044,0.3589861989021301,0.0004731803949523185,0.0006357736419886351,0.9210793112673742,6,6,7,0.0,1 7 3 5 4 2 10
993,5328,0.050000000000000044,0.25300008058547974,0.00038882520311744884,0.0008444669656455517,0.9045451429985933,3,3,4,0.0,3 4 5 10
994,5333,0.050000000000000044,0.2793465256690979,0.0004098173521924764,0.0006561424816027284,0.9500504341441585,4,4,5,0.0,4 8 3 5 10
995,5337,0.050000000000000044,0.30401620268821716,0.00040302672277903184,0.0006716125644743443,0.9484512512345092,3,3,4,0.0,4 3 5 10
996,5340,0.050000000000000044,0.10164231806993484,0.0003771064803004265,0.0010656961239874363,0.9006846673414554,2,2,3,0.0,8 7 10
997,5348,0.050000000000000044,0.5356684923171997,0.0003970901234424673,0.00032220836146734655,0.9612194443216788,7,7,8,0.0,1 7 3 8 4 5 9 10
998,5353,0.050000000000000044,0.25860127806663513,0.000435694755287841,0.0010779158910736442,0.9187137300234983,4,4,5,0.0,1 7 5 4 10
999,5359,0.050000000000000044,0.45666220784187317,0.00041031225797875476,0.0006553627317771316,0.936012819621991,5,5,6,0.0,1 7 3 5 4 10
1000,5362,0.050000000000000044,0.09591355174779892,0.0004923914190536985,0.0011364452075213194,0.881234130433425,2,2,3,0.0,8 7 10
1001,5366,0.050000000000000044,0.30401620268821716,0.00048148687346838415,0.0006716125644743443,0.9484512512345092,3,3,4,0.0,4 3 5 10
1002,5374,0.050000000000000044,0.4408525228500366,0.0004006937670055777,0.0007744608446955681,0.8998720460747425,7,7,8,0.0,7 3 4 8 5 2 9 10
1003,5383,0.050000000000000044,0.5204720497131348,0.00042615868733264506,0.00030623964266851544,0.9617493655997706,9,9,10,0.0,8 7 3 4 6 9 2 1 5
1004,5386,0.050000000000000044,0.08442725986242294,0.0004651308214912812,0.001293298089876771,0.8578867554912669,2,2,3,0.0,8 7 10
1005,5390,0.050000000000000044,0.30297723412513733,0.0003644859461928718,0.0009209985146299005,0.9276692834057082,3,3,4,0.0,5 3 4 10
1006,5394,0.050000000000000044,0.11627032607793808,0.00040709939639782533,0.0008565268362872303,0.9259343916344303,3,3,4,0.0,3 4 5 10
1007,5402,0.050000000000000044,0.4362107515335083,0.0004459338015294634,0.000787337077781558,0.8982506476068043,7,7,8,0.0,8 7 3 4 1 2 5 10
1008,5409,0.050000000000000044,0.4488080143928528,0.00043069474798228057,0.0006014257669448853,0.9524409460716667,6,6,7,0.0,1 7 3 5 4 8 10
1009,5413,0.050000000000000044,0.3220631182193756,0.00039122753514675424,0.00039680927875451744,0.9629182144202176,3,3,4,0.0,4 3 5 10
1010,5421,0.050000000000000044,0.5060490965843201,0.00042036819286295213,0.0006212641019374132,0.9310977671574469,7,7,8,0.0,8 7 3 4 6 5 2 10
1011,5427,0.050000000000000044,0.3749067187309265,0.0003642658800041924,0.0006373239448294044,0.9207829290493773,5,5,6,0.0,1 3 7 5 4 10
1012,5431,0.050000000000000044,0.2718748450279236,0.0004500926297623664,0.0006805580342188478,0.9332163441620599,3,3,4,0.0,3 4 5 10
1013,5438,0.050000000000000044,0.41083207726478577,0.00039979307829136293,0.0010334399994462729,0.9065455063628243,6,6,7,0.0,7 3 9 4 8 5 10
1014,5447,0.050000000000000044,0.529610812664032,0.00043065256452084414,0.00030994811095297337,0.961412628096009,8,8,9,0.0,8 7 3 2 4 1 6 5 10
1015,5452,0.050000000000000044,0.051336124539375305,0.00046359382686205207,0.001181859988719225,0.8965840314677722,4,4,5,0.0,2 8 1 6 10
1016,5456,0.050000000000000044,0.07092421501874924,0.0004200712210149504,0.0011787256225943565,0.8939529767838018,3,3,4,0.0,4 3 5 10
1017,5460,0.050000000000000044,0.3135063946247101,0.00038281080924207345,0.0006012842059135437,0.9540004504138025,3,3,4,0.0,3 4 5 10
1018,5463,0.050000000000000044,0.04454328492283821,0.00038911688413160544,0.0017022205283865333,0.8204529569368016,2,2,3,0.0,8 9 10
1019,5467,0.050000000000000044,0.2718748152256012,0.0003370099511812441,0.0006805580342188478,0.9332163441620599,3,3,4,0.0,5 4 3 10
1020,5470,0.050000000000000044,0.08542976528406143,0.00040288755553774536,0.001488598994910717,0.8755486795543632,2,2,3,0.0,7 8 10
1021,5479,0.050000000000000044,0.38295337557792664,0.0004097518168338057,0.0009324976126663387,0.9064798418179987,8,8,9,0.0,8 7 3 4 1 2 6 5 10
1022,5483,0.050000000000000044,0.21282950043678284,0.0003802857827395201,0.0008140195277519524,0.9398560478627752,3,3,4,0.0,5 4 3 10
1023,5492,0.050000000000000044,0.382953405380249,0.00033578834134257503,0.0009324976126663387,0.9064798418179987,8,8,9,0.0,8 3 2 4 7 1 6 5 10
1024,5496,0.050000000000000044,0.3135063946247101,0.0003891379092237912,0.0006012842059135437,0.9540004504138025,3,3,4,0.0,4 3 5 10
1025,5499,0.050000000000000044,0.08442725986242294,0.0003213778060550491,0.001293298089876771,0.8578867554912669,2,2,3,0.0,8 7 10
1026,5502,0.050000000000000044,0.09591355174779892,0.0005410527422403296,0.0011364452075213194,0.881234130433425,2,2,3,0.0,8 7 10
1027,5509,0.050000000000000044,0.4399486184120178,0.0005071703594044916,0.0006563592469319701,0.9360560933028333,6,6,7,0.0,1 8 2 3 4 5 10
1028,5513,0.050000000000000044,0.1968708038330078,0.0005972173894406296,0.0007160058012232184,0.9380829586923193,3,3,4,0.0,4 3 5 10
1029,5519,0.050000000000000044,0.5144781470298767,0.0005642941202192256,0.0008528466569259763,0.9316158234878187,5,5,6,0.0,8 5 7 3 4 10
1030,5525,0.050000000000000044,0.4149882197380066,0.0005741907516494393,0.001103060320019722,0.9004461725511533,5,5,6,0.0,7 5 3 2 4 10
1031,5529,0.050000000000000044,0.273716539144516,0.000556737431907095,0.0011652123648673296,0.9095657361753277,3,3,4,0.0,7 5 4 10
1032,5532,0.050000000000000044,0.10590078681707382,0.0004535587310480575,0.0015152505366131663,0.8739005686154901,2,2,3,0.0,8 7 10
1033,5536,0.050000000000000044,0.1968708038330078,0.0005436684441519901,0.0007160058012232184,0.9380829586923193,3,3,4,0.0,4 3 5 10
1034,5540,0.050000000000000044,0.30297723412513733,0.0004704580642282963,0.0009209985146299005,0.9276692834057082,3,3,4,0.0,4 3 5 10
1035,5549,0.050000000000000044,0.4168586730957031,0.0004416805879575097,0.0006159929325804114,0.9402749946121653,8,8,9,0.0,8 7 4 3 2 1 6 5 10
1036,5553,0.050000000000000044,0.21238619089126587,0.0004662807987187989,0.0011898600496351719,0.9272665474275913,3,3,4,0.0,4 3 5 10
1037,5557,0.050000000000000044,0.30158212780952454,0.0004755382105940953,0.0004913120064884424,0.9460985286517886,3,3,4,0.0,4 5 3 10
1038,5562,0.050000000000000044,0.2875062823295593,0.0003768675029277802,0.0005921300034970045,0.9548693709031155,4,4,5,0.0,1 4 5 3 10
1039,5566,0.050000000000000044,0.1968708038330078,0.0003866968472721055,0.0007160058012232184,0.9380829586923193,3,3,4,0.0,4 3 5 10
1040,5573,0.050000000000000044,0.5279632806777954,0.00042330086996246664,0.00035678522544912994,0.9578122668827614,6,6,7,0.0,8 3 4 7 9 6 10
1041,5577,0.050000000000000044,0.07672931998968124,0.00041319526644656435,0.0009904849575832486,0.8990747353126263,3,3,4,0.0,3 4 5 10
1042,5583,0.050000000000000044,0.41989076137542725,0.0003981224193315332,0.0007486430695280433,0.920224189492525,5,5,6,0.0,3 9 4 8 5 10
1043,5587,0.050000000000000044,0.2718748450279236,0.0004451160129974596,0.0006805580342188478,0.9332163441620599,3,3,4,0.0,4 3 5 10
1044,5591,0.050000000000000044,0.30401620268821716,0.000410548884246964,0.0006716125644743443,0.9484512512345092,3,3,4,0.0,4 3 5 10
1045,5596,0.050000000000000044,0.47347137331962585,0.00043669963488355277,0.0010629899334162474,0.9189281056720352,4,4,5,0.0,8 3 2 4 10
1046,5605,0.050000000000000044,0.5026543736457825,0.00040099127606178325,0.000746132165659219,0.9347026239500318,9,9,10,0.0,3 1 8 2 4 7 6 9 5
1047,5610,0.050000000000000044,0.21256259083747864,0.000362112425500527,0.0017306746449321508,0.8764653371804251,4,4,5,0.0,5 4 9 3 10
1048,5619,0.050000000000000044,0.49633994698524475,0.00038963927525199123,0.0006134753348305821,0.9306162230218633,8,8,9,0.0,9 7 3 1 8 4 5 2 10
1049,5623,0.050000000000000044,0.21282950043678284,0.00041664552554721013,0.0008140195277519524,0.9398560478627752,3,3,4,0.0,4 3 5 10
1050,5629,0.050000000000000044,0.253686785697937,0.00036229377049797523,0.0008838503272272646,0.9326273452016601,5,5,6,0.0,8 3 5 4 9 10
1051,5635,0.050000000000000044,0.42103904485702515,0.0003688389357800285,0.0010870421538129449,0.9045211232038088,5,5,6,0.0,2 8 3 5 4 10
1052,5639,0.050000000000000044,0.21238619089126587,0.00036411610926734284,0.0011898600496351719,0.9272665474275913,3,3,4,0.0,3 5 4 10
1053,5647,0.050000000000000044,0.4435380697250366,0.00041051463995245285,0.0007119241636246443,0.944240013551627,7,7,8,0.0,2 9 7 4 3 8 5 10
1054,5651,0.050000000000000044,0.21282950043678284,0.00043464596092235297,0.0008140195277519524,0.9398560478627752,3,3,4,0.0,4 3 5 10
1055,5658,0.050000000000000044,0.4434892535209656,0.0003924512878126864,0.0006443597958423197,0.9376648632581396,6,6,7,0.0,4 3 9 7 8 5 10
1056,5665,0.050000000000000044,0.45784616470336914,0.00037286449722679596,0.0004964084946550429,0.9504924314306976,6,6,7,0.0,8 4 3 7 1 5 10
1057,5670,0.050000000000000044,0.16729365289211273,0.0003973474726080894,0.000481822295114398,0.9467565937058537,4,4,5,0.0,4 3 2 5 10
1058,5674,0.050000000000000044,0.17665845155715942,0.0004023147630505264,0.0008646699134260416,0.9188100051901145,3,3,4,0.0,3 5 4 10
1059,5679,0.050000000000000044,0.16729365289211273,0.00037021544412709775,0.000481822295114398,0.9467565937058537,4,4,5,0.0,4 3 2 5 10
1060,5684,0.050000000000000044,0.2475619912147522,0.00042656583827920257,0.0006706903805024922,0.9352929691001153,4,4,5,0.0,6 4 5 3 10
1061,5693,0.050000000000000044,0.4197855591773987,0.00035393337667402293,0.0005858594086021185,0.9539297014722926,8,8,9,0.0,6 7 3 8 2 1 4 5 10
1062,5697,0.050000000000000044,0.10726586729288101,0.00046784969890723005,0.000608788977842778,0.9322087477303501,3,3,4,0.0,3 4 5 10
1063,5700,0.050000000000000044,0.091082364320755,0.00045580310203755897,0.0012427582405507565,0.8784250103902873,2,2,3,0.0,7 8 10
1064,5701,0.050000000000000044,0.0,0.00034884881461039186,0.001993488287553191,0.7898744387400152,0,0,1,0.0,10
1065,5706,0.050000000000000044,0.42966407537460327,0.0004003011505119503,0.000780426140408963,0.9179199480060731,4,4,5,0.0,8 5 4 3 10
1066,5710,0.050000000000000044,0.10224214941263199,0.0003940666574635543,0.0007125287083908916,0.9225120335356659,3,3,4,0.0,4 3 5 10
1067,5714,0.050000000000000044,0.30158212780952454,0.00041067777783609927,0.0004913120064884424,0.9460985286517886,3,3,4,0.0,4 3 5 10
1068,5720,0.050000000000000044,0.4623403251171112,0.0004431670531630516,0.0006201389478519559,0.9519790064955438,5,5,6,0.0,8 3 4 9 5 10
1069,5724,0.050000000000000044,0.20054133236408234,0.0004097454439033754,0.0004971498856320977,0.9479085171371521,3,3,4,0.0,4 3 5 10
1070,5733,0.050000000000000044,0.4861895740032196,0.000382599611637286,0.0008321161149069667,0.9327789712143568,8,8,9,0.0,9 2 8 4 3 7 1 5 10
1071,5737,0.050000000000000044,0.30158212780952454,0.000375745577912312,0.0004913120064884424,0.9460985286517886,3,3,4,0.0,4 3 5 10
1072,5746,0.050000000000000044,0.5296107530593872,0.00036872779795279104,0.00030994811095297337,0.961412628096009,8,8,9,0.0,8 6 3 2 4 7 1 5 10
1073,5752,0.050000000000000044,0.5436086654663086,0.00038367700957072276,0.0007637696689926088,0.9134289140632547,5,5,6,0.0,9 5 3 8 4 10
1074,5756,0.050000000000000044,0.30297723412513733,0.000403500598622486,0.0009209985146299005,0.9276692834057082,3,3,4,0.0,4 3 5 10
1075,5760,0.050000000000000044,0.30297723412513733,0.0003965288633480668,0.0009209985146299005,0.9276692834057082,3,3,4,0.0,4 3 5 10
1076,5764,0.050000000000000044,0.3135063946247101,0.00045313924056245014,0.0006012842059135437,0.9540004504138025,3,3,4,0.0,4 3 5 10
1077,5773,0.050000000000000044,0.498394638299942,0.0004861133929807693,0.000610654940828681,0.9320328336266643,8,8,9,0.0,5 6 8 4 7 9 2 3 10
1078,5782,0.050000000000000044,0.52047199010849,0.0004800086802182098,0.00030623964266851544,0.9617493655997706,9,9,10,0.0,8 4 7 6 5 2 1 9 3
1079,5790,0.050000000000000044,0.43923577666282654,0.0005125073512317613,0.0007799951126798987,0.8996271163792162,7,7,8,0.0,5 6 4 8 7 2 3 10
1080,5794,0.050000000000000044,0.20054133236408234,0.0004992705944459885,0.0004971498856320977,0.9479085171371521,3,3,4,0.0,5 3 4 10
1081,5802,0.050000000000000044,0.39185261726379395,0.0004285153372620698,0.0009367419988848269,0.9053251973744239,7,7,8,0.0,5 3 8 4 9 1 6 10
1082,5805,0.050000000000000044,0.10384660214185715,0.00037377858340429765,0.0005341367796063423,0.9184613009908111,2,2,3,0.0,5 3 10
1083,5810,0.050000000000000044,0.4719831347465515,0.0004431188281159848,0.0006645540124736726,0.9357582198347405,4,4,5,0.0,5 3 4 8 10
1084,5811,0.050000000000000044,0.0,0.0003830876084975898,0.002381409052759409,0.7495851443806945,0,0,1,0.0,10
1085,5818,0.050000000000000044,0.4531358480453491,0.000443777468587671,0.0007695589447394013,0.9426009541778304,6,6,7,0.0,2 4 7 1 3 5 10
1086,5822,0.050000000000000044,0.3135063946247101,0.00043730661855079234,0.0006012842059135437,0.9540004504138025,3,3,4,0.0,5 4 3 10
1087,5827,0.050000000000000044,0.44516459107398987,0.0004221598384901881,0.00037097797030583024,0.9324662795779821,4,4,5,0.0,4 3 8 5 10
1088,5831,0.050000000000000044,0.30158212780952454,0.00043510682007763535,0.0004913120064884424,0.9460985286517886,3,3,4,0.0,4 5 3 10
1089,5837,0.050000000000000044,0.3844985365867615,0.0003573049131470422,0.0006133443093858659,0.9240884893218345,5,5,6,0.0,4 3 8 5 9 10
1090,5841,0.050000000000000044,0.17665845155715942,0.00037821590376552194,0.0008646699134260416,0.9188100051901145,3,3,4,0.0,3 5 4 10
1091,5844,0.050000000000000044,0.11270568519830704,0.00041046882203469676,0.0008911392651498318,0.903584239723141,2,2,3,0.0,5 3 10
1092,5852,0.050000000000000044,0.5192091464996338,0.000406809489504667,0.0007701826980337501,0.9333271813910016,7,7,8,0.0,8 7 4 5 9 2 3 10
1093,5859,0.050000000000000044,0.5347477793693542,0.0003374678365487073,0.0010446053929626942,0.9162123507768022,6,6,7,0.0,5 6 4 7 9 3 10
1094,5868,0.050000000000000044,0.37619757652282715,0.00037519323005754914,0.0007262254366651177,0.9229202330218768,8,8,9,0.0,6 3 8 2 4 7 9 5 10
1095,5877,0.050000000000000044,0.41525691747665405,0.00042211214571984275,0.0006295429775491357,0.9401730913115172,8,8,9,0.0,2 4 8 3 6 7 9 5 10
1096,5881,0.050000000000000044,0.17225868999958038,0.0003894384717568755,0.0010011573322117329,0.917074837773932,3,3,4,0.0,5 4 3 10
1097,5885,0.050000000000000044,0.17225868999958038,0.00045446131844073534,0.0010011573322117329,0.917074837773932,3,3,4,0.0,5 4 3 10
1098,5890,0.050000000000000044,0.2774307429790497,0.00045580664300359786,0.0006654015160165727,0.9490487376730734,4,4,5,0.0,4 5 3 7 10
1099,5894,0.050000000000000044,0.1072658821940422,0.0003593883666326292,0.000608788977842778,0.9322087477303501,3,3,4,0.0,5 4 3 10
1100,5897,0.050000000000000044,0.04554964601993561,0.0004284993143907438,0.0016148171853274107,0.8131504303307298,2,2,3,0.0,3 1 10
1101,5901,0.050000000000000044,0.10726586729288101,0.00034925206273328513,0.000608788977842778,0.9322087477303501,3,3,4,0.0,3 4 5 10
1102,5905,0.050000000000000044,0.30297723412513733,0.0004335852645453997,0.0009209985146299005,0.9276692834057082,3,3,4,0.0,5 4 3 10
1103,5909,0.050000000000000044,0.30401623249053955,0.00038984682032605633,0.0006716125644743443,0.9484512512345092,3,3,4,0.0,5 4 3 10
1104,5913,0.050000000000000044,0.25300008058547974,0.00039035044028423727,0.0008444669656455517,0.9045451429985933,3,3,4,0.0,5 4 3 10
1105,5920,0.050000000000000044,0.4063741862773895,0.00040736745410997955,0.0007390395039692521,0.9217114343654528,6,6,7,0.0,6 7 8 4 5 3 10
1106,5928,0.050000000000000044,0.442283034324646,0.0003751706244656816,0.0004951594746671617,0.9511506641272557,7,7,8,0.0,4 7 1 9 5 2 3 10
1107,5932,0.050000000000000044,0.17225868999958038,0.00032097067014547065,0.0010011573322117329,0.917074837773932,3,3,4,0.0,5 4 3 10
1108,5939,0.050000000000000044,0.40983614325523376,0.00031395504941299023,0.0010293067898601294,0.9054434446620175,6,6,7,0.0,2 5 3 4 9 8 10
1109,5948,0.050000000000000044,0.5084139704704285,0.0003148423145628638,0.0007655597291886806,0.932778447831003,8,8,9,0.0,8 7 3 1 4 2 6 5 10
1110,5952,0.050000000000000044,0.196870818734169,0.0003410383651498705,0.0007160058012232184,0.9380829586923193,3,3,4,0.0,5 4 3 10
1111,5956,0.050000000000000044,0.3220631182193756,0.0002980916979140602,0.00039680927875451744,0.9629182144202176,3,3,4,0.0,4 5 3 10
1112,5965,0.050000000000000044,0.4191877841949463,0.00033948001995061833,0.0005913780187256634,0.9540051996495296,8,8,9,0.0,6 7 3 8 2 4 9 5 10
1113,5971,0.050000000000000044,0.4781273305416107,0.00044426971483820427,0.00048886175500229,0.9522849419170838,5,5,6,0.0,4 9 8 5 3 10
1114,5975,0.050000000000000044,0.10029949247837067,0.00036609193921322003,0.0003878751886077225,0.9448756375189485,3,3,4,0.0,5 4 3 10
1115,5983,0.050000000000000044,0.3875008821487427,0.0004250759302522056,0.0009521585889160633,0.9048686899802915,7,7,8,0.0,5 6 8 9 3 4 7 10
1116,5990,0.050000000000000044,0.4434446692466736,0.0003725513815879822,0.0006276955245994031,0.951167945664788,6,6,7,0.0,5 3 2 4 7 9 10
1117,5994,0.050000000000000044,0.30401623249053955,0.00036983929021516815,0.0006716125644743443,0.9484512512345092,3,3,4,0.0,5 4 3 10
1118,5998,0.050000000000000044,0.1968708038330078,0.0003624204036896117,0.0007160058012232184,0.9380829586923193,3,3,4,0.0,3 5 4 10
1119,6002,0.050000000000000044,0.30401620268821716,0.00040024724876275286,0.0006716125644743443,0.9484512512345092,3,3,4,0.0,4 5 3 10
1120,6006,0.050000000000000044,0.30401620268821716,0.0004085834516445175,0.0006716125644743443,0.9484512512345092,3,3,4,0.0,4 5 3 10
1121,6010,0.050000000000000044,0.21238619089126587,0.0003836977557512,0.0011898600496351719,0.9272665474275913,3,3,4,0.0,4 5 3 10
1122,6014,0.050000000000000044,0.1996101438999176,0.00045303700608201325,0.0004871294368058443,0.9462413316709959,3,3,4,0.0,4 5 3 10
1123,6018,0.050000000000000044,0.1996101438999176,0.000372896232875064,0.0004871294368058443,0.9462413316709959,3,3,4,0.0,5 4 3 10
1124,6021,0.050000000000000044,0.07504940778017044,0.00045611642417497933,0.0013589512091130018,0.845822346010262,2,2,3,0.0,5 3 10
1125,6025,0.050000000000000044,0.21238617599010468,0.00047013819857966155,0.0011898600496351719,0.9272665474275913,3,3,4,0.0,5 4 3 10
1126,6034,0.050000000000000044,0.4860307574272156,0.00045750111975293193,0.0008349119452759624,0.9330995897723718,8,8,9,0.0,1 8 7 3 5 4 2 6 10
1127,6037,0.050000000000000044,0.08485784381628036,0.000471083583155026,0.0013914601877331734,0.8662559903724015,2,2,3,0.0,5 3 10
1128,6045,0.050000000000000044,0.5002260208129883,0.00043665672637871467,0.000842881971038878,0.9272227271700302,7,7,8,0.0,1 8 7 4 3 2 6 10
1129,6048,0.050000000000000044,0.10017556697130203,0.00033613558237751323,0.001644124393351376,0.8720383136029334,2,2,3,0.0,5 3 10
1130,6057,0.050000000000000044,0.5154175162315369,0.0003804707634521441,0.0010264269076287746,0.9169661959413966,8,8,9,0.0,1 8 7 3 4 2 6 5 10
1131,6060,0.050000000000000044,0.11270568519830704,0.00036624225322157145,0.0008911392651498318,0.903584239723141,2,2,3,0.0,5 3 10
1132,6066,0.050000000000000044,0.4574158787727356,0.00040801890039195615,0.0007900486816652119,0.8978619259050145,5,5,6,0.0,5 7 8 4 3 10
1133,6069,0.050000000000000044,0.07504940778017044,0.00034383034411196906,0.0013589512091130018,0.845822346010262,2,2,3,0.0,5 3 10
1134,6074,0.050000000000000044,0.29494211077690125,0.00040685549029149113,0.00039425771683454514,0.9631912887326745,4,4,5,0.0,1 4 5 3 10
1135,6078,0.050000000000000044,0.30401620268821716,0.0004426227096701041,0.0006716125644743443,0.9484512512345092,3,3,4,0.0,4 5 3 10
1136,6087,0.050000000000000044,0.48793086409568787,0.00033336285398238234,0.0008275079308077693,0.933605097136798,8,8,9,0.0,5 7 8 4 6 9 2 3 10
1137,6094,0.050000000000000044,0.5253087282180786,0.00034331230563111603,0.0007871720008552074,0.931295804599661,6,6,7,0.0,1 7 3 5 4 8 10
1138,6098,0.050000000000000044,0.12847530841827393,0.00046489912347169593,0.00036390128661878407,0.9670587569900415,3,3,4,0.0,5 3 4 10
1139,6106,0.050000000000000044,0.39434391260147095,0.0003829074703389779,0.0010241478448733687,0.9061037700946635,7,7,8,0.0,2 9 7 4 8 3 5 10
1140,6113,0.050000000000000044,0.5167233943939209,0.00036251620622351766,0.0006196436588652432,0.930248403201914,6,6,7,0.0,7 9 4 8 3 5 10
1141,6117,0.050000000000000044,0.23378056287765503,0.0004031727003166452,0.0017929158639162779,0.8717285928523498,3,3,4,0.0,5 4 3 10
1142,6122,0.050000000000000044,0.44516459107398987,0.0004066073626745492,0.00037097797030583024,0.9324662795779821,4,4,5,0.0,4 3 8 5 10
1143,6126,0.050000000000000044,0.23378056287765503,0.0004498599300859496,0.0017929158639162779,0.8717285928523498,3,3,4,0.0,5 4 3 10
1144,6130,0.050000000000000044,0.23378056287765503,0.00038632223004242405,0.0017929158639162779,0.8717285928523498,3,3,4,0.0,5 4 3 10
1145,6139,0.050000000000000044,0.5057322978973389,0.00038544207604395016,0.0007816714351065457,0.911609251021134,8,8,9,0.0,7 2 8 3 4 1 6 5 10
1146,6148,0.050000000000000044,0.4168586730957031,0.00036796854045759473,0.0006159929325804114,0.9402749946121653,8,8,9,0.0,7 4 2 1 3 8 6 5 10
1147,6154,0.050000000000000044,0.45538702607154846,0.00035311909353670973,0.0006484143668785691,0.9498434619231684,5,5,6,0.0,4 3 1 8 5 10
1148,6160,0.050000000000000044,0.4292019009590149,0.00035036787933980423,0.0003700201050378382,0.9327795485679091,5,5,6,0.0,4 3 1 5 8 10
1149,6164,0.050000000000000044,0.25300008058547974,0.00031332243815995753,0.0008444669656455517,0.9045451429985933,3,3,4,0.0,5 4 3 10
1150,6169,0.050000000000000044,0.4719831645488739,0.0004049446491990238,0.0006645540124736726,0.9357582198347405,4,4,5,0.0,4 5 8 3 10
1151,6172,0.050000000000000044,0.11333006620407104,0.0003546714918532719,0.0007534594042226672,0.9367033035697041,2,2,3,0.0,5 3 10
1152,6177,0.050000000000000044,0.4273008406162262,0.00037618890346493574,0.0007881323108449578,0.916848476803402,4,4,5,0.0,4 3 1 5 10
1153,6181,0.050000000000000044,0.30297723412513733,0.0004000689477834385,0.0009209985146299005,0.9276692834057082,3,3,4,0.0,5 4 3 10
1154,6184,0.050000000000000044,0.10166987776756287,0.0003825130018716057,0.0015437154797837138,0.8671817961907486,2,2,3,0.0,5 2 10
1155,6186,0.050000000000000044,0.054565802216529846,0.00032548677700106055,0.0018667008262127638,0.8332160804201998,1,1,2,0.0,1 10
1156,6190,0.050000000000000044,0.25300008058547974,0.00033094612444983795,0.0008444669656455517,0.9045451429985933,3,3,4,0.0,5 4 3 10
1157,6196,0.050000000000000044,0.3781299591064453,0.0003210807335563004,0.0006314673228189349,0.9221677910204308,5,5,6,0.0,1 5 8 4 3 10
1158,6201,0.050000000000000044,0.3085181713104248,0.00037882717442698776,0.0008963372092694044,0.8985556658981955,4,4,5,0.0,1 5 8 4 10
1159,6206,0.050000000000000044,0.4417846202850342,0.0003690838988404721,0.00037713354686275125,0.9311815979896062,4,4,5,0.0,4 3 1 5 10
1160,6210,0.050000000000000044,0.21282950043678284,0.00041695015534060076,0.0008140195277519524,0.9398560478627752,3,3,4,0.0,5 4 3 10
1161,6214,0.050000000000000044,0.1996101588010788,0.00036625015491154045,0.0004871294368058443,0.9462413316709959,3,3,4,0.0,4 3 5 10
1162,6218,0.050000000000000044,0.1968708038330078,0.00034298544778721407,0.0007160058012232184,0.9380829586923193,3,3,4,0.0,4 3 5 10
1163,6222,0.050000000000000044,0.20054133236408234,0.00038021591171855107,0.0004971498856320977,0.9479085171371521,3,3,4,0.0,5 4 3 10
1164,6226,0.050000000000000044,0.196870818734169,0.0003432565717957914,0.0007160058012232184,0.9380829586923193,3,3,4,0.0,5 4 3 10
1165,6234,0.050000000000000044,0.433556467294693,0.00032426663165097125,0.0005974291707389057,0.9530230833219716,7,7,8,0.0,1 4 7 5 9 8 3 10
1166,6240,0.050000000000000044,0.45718300342559814,0.0002927431875529389,0.0007891185814514756,0.8973003236596848,5,5,6,0.0,9 8 4 5 3 10
1167,6244,0.050000000000000044,0.25300008058547974,0.0003584176010917872,0.0008444669656455517,0.9045451429985933,3,3,4,0.0,5 4 3 10
1168,6248,0.050000000000000044,0.30158212780952454,0.00037984039227012545,0.0004913120064884424,0.9460985286517886,3,3,4,0.0,4 3 5 10
1169,6251,0.050000000000000044,0.08941886574029922,0.00047380260851544637,0.0012216682080179453,0.8729719999783387,2,2,3,0.0,5 3 10
1170,6255,0.050000000000000044,0.17225868999958038,0.0003828899789368734,0.0010011573322117329,0.917074837773932,3,3,4,0.0,4 3 5 10
1171,6264,0.050000000000000044,0.431121289730072,0.00044332446608071524,0.0004769371298607439,0.9531730954910714,8,8,9,0.0,4 3 7 8 6 2 9 5 10
1172,6268,0.050000000000000044,0.20054133236408234,0.0004237487228238024,0.0004971498856320977,0.9479085171371521,3,3,4,0.0,4 3 5 10
1173,6272,0.050000000000000044,0.1968708038330078,0.0003857262709061615,0.0007160058012232184,0.9380829586923193,3,3,4,0.0,4 3 5 10
1174,6276,0.050000000000000044,0.30158212780952454,0.0004122682730667293,0.0004913120064884424,0.9460985286517886,3,3,4,0.0,4 3 5 10
1175,6280,0.050000000000000044,0.10029949992895126,0.0004040474086650647,0.0003878751886077225,0.9448756375189485,3,3,4,0.0,4 3 5 10
1176,6289,0.050000000000000044,0.5026543736457825,0.000403247844790005,0.000746132165659219,0.9347026239500318,9,9,10,0.0,8 4 3 7 6 1 2 9 5
1177,6292,0.050000000000000044,0.23569275438785553,0.0003296451662511875,0.000978793716058135,0.9035372822484562,2,2,3,0.0,5 4 10
1178,6301,0.050000000000000044,0.42520052194595337,0.00039030253861306445,0.0007566383574157953,0.9022899233026255,9,9,10,0.0,5 8 1 7 9 4 3 2 6
1179,6305,0.050000000000000044,0.17225868999958038,0.00033666144008748233,0.0010011573322117329,0.917074837773932,3,3,4,0.0,5 4 3 10
1180,6313,0.050000000000000044,0.44588029384613037,0.00035056013803114183,0.00047680462012067437,0.9517942550420477,7,7,8,0.0,4 7 1 3 8 6 5 10
1181,6317,0.050000000000000044,0.21238619089126587,0.00042247900273650885,0.0011898600496351719,0.9272665474275913,3,3,4,0.0,3 5 4 10
1182,6320,0.050000000000000044,0.10017555952072144,0.00028109748382121325,0.001644124393351376,0.8720383136029334,2,2,3,0.0,3 5 10
1183,6324,0.050000000000000044,0.10029949247837067,0.0003022275705006905,0.0003878751886077225,0.9448756375189485,3,3,4,0.0,3 4 5 10
1184,6328,0.050000000000000044,0.23378056287765503,0.0003109358876827173,0.0017929158639162779,0.8717285928523498,3,3,4,0.0,4 3 5 10
1185,6332,0.050000000000000044,0.21282950043678284,0.00032617726537864655,0.0008140195277519524,0.9398560478627752,3,3,4,0.0,3 4 5 10
1186,6335,0.050000000000000044,0.07504940778017044,0.0003432001006634285,0.0013589512091130018,0.845822346010262,2,2,3,0.0,5 3 10
1187,6344,0.050000000000000044,0.5071725249290466,0.0003624923491669405,0.0010086381807923317,0.9177491261616048,9,9,10,0.0,6 7 3 8 1 2 4 9 5
1188,6348,0.050000000000000044,0.23378059267997742,0.00033613111736485735,0.0017929158639162779,0.8717285928523498,3,3,4,0.0,3 5 4 10
1189,6356,0.050000000000000044,0.3914858102798462,0.00037884930497966707,0.0007297842530533671,0.9222126843742184,7,7,8,0.0,1 4 6 5 8 7 3 10
1190,6360,0.050000000000000044,0.21238619089126587,0.0004011690689367242,0.0011898600496351719,0.9272665474275913,3,3,4,0.0,5 3 4 10
1191,6363,0.050000000000000044,0.11270568519830704,0.00031064201417999965,0.0008911392651498318,0.903584239723141,2,2,3,0.0,5 3 10
1192,6367,0.050000000000000044,0.2718748450279236,0.000373897491954267,0.0006805580342188478,0.9332163441620599,3,3,4,0.0,4 3 5 10
1193,6371,0.050000000000000044,0.23378056287765503,0.00032237262348644435,0.0017929158639162779,0.8717285928523498,3,3,4,0.0,4 3 5 10
1194,6376,0.050000000000000044,0.14722810685634613,0.0003106651100097224,0.000836653052829206,0.9213197759123393,4,4,5,0.0,3 5 9 4 10
1195,6381,0.050000000000000044,0.471427857875824,0.0003728241892531514,0.000653986120596528,0.9499052518825893,4,4,5,0.0,4 3 8 5 10
1196,6388,0.050000000000000044,0.46150755882263184,0.000313784833581719,0.0004885110538452864,0.952281597678358,6,6,7,0.0,4 3 2 5 9 8 10
1197,6395,0.050000000000000044,0.5036421418190002,0.00030807236076465676,0.0008510887855663896,0.9315747005176176,6,6,7,0.0,8 4 5 3 9 1 10
1198,6398,0.050000000000000044,0.08442725986242294,0.00024487159195511293,0.001293298089876771,0.8578867554912669,2,2,3,0.0,7 8 10
1199,6402,0.050000000000000044,0.3135063946247101,0.0002791641163639724,0.0006012842059135437,0.9540004504138025,3,3,4,0.0,4 3 5 10
1200,6406,0.050000000000000044,0.47974398732185364,0.0002702146921365056,0.0006925154593773186,0.9477242445052734,3,3,4,0.0,4 3 5 10
1201,6411,0.050000000000000044,0.18249143660068512,0.0003260861907619983,0.000788929290138185,0.9421254418409395,4,4,5,0.0,3 4 9 5 10
1202,6418,0.050000000000000044,0.5156140923500061,0.0003242884309396946,0.0006206950056366622,0.9293672111633984,6,6,7,0.0,9 8 4 5 3 1 10
1203,6426,0.050000000000000044,0.40438002347946167,0.0003191731302649714,0.00035346229560673237,0.9358657273717499,7,7,8,0.0,4 3 8 7 1 6 5 10
1204,6430,0.050000000000000044,0.17665845155715942,0.00029345695656957105,0.0008646699134260416,0.9188100051901145,3,3,4,0.0,3 5 4 10
1205,6433,0.050000000000000044,0.08485784381628036,0.0004617684850624452,0.0013914601877331734,0.8662559903724015,2,2,3,0.0,3 5 10
1206,6437,0.050000000000000044,0.2012597769498825,0.0003014915455423761,0.0008895862265489995,0.9337466172386718,3,3,4,0.0,8 3 4 10
1207,6446,0.050000000000000044,0.5026543736457825,0.0003536749217245314,0.000746132165659219,0.9347026239500318,9,9,10,0.0,1 6 2 3 7 8 4 9 5
1208,6450,0.050000000000000044,0.1701713651418686,0.00029086462018312886,0.0009329681051895022,0.9243061220567944,3,3,4,0.0,8 3 4 10
1209,6454,0.050000000000000044,0.17665845155715942,0.0003625443277996965,0.0008646699134260416,0.9188100051901145,3,3,4,0.0,3 5 4 10
1210,6459,0.050000000000000044,0.18524865806102753,0.0003615564142819494,0.0007144291885197163,0.9440950080132229,4,4,5,0.0,6 3 5 4 10
1211,6467,0.050000000000000044,0.5157418847084045,0.0003397689542907756,0.0007857598830014467,0.9326502224352924,7,7,8,0.0,8 6 3 2 5 4 9 10
1212,6472,0.050000000000000044,0.27608558535575867,0.00035101155517622826,0.00048098558909259737,0.9471035885151728,4,4,5,0.0,5 4 3 8 10
1213,6477,0.050000000000000044,0.3928802013397217,0.0002828020486049354,0.0006366806337609887,0.9215599262508852,4,4,5,0.0,4 3 8 5 10
1214,6486,0.050000000000000044,0.5071725845336914,0.00031015503433688235,0.0010086381807923317,0.9177491261616048,9,9,10,0.0,6 8 4 7 3 2 1 9 5
1215,6489,0.050000000000000044,0.11270567774772644,0.0003382833820069209,0.0008911392651498318,0.903584239723141,2,2,3,0.0,3 5 10
1216,6493,0.050000000000000044,0.1968708038330078,0.0003417214502405841,0.0007160058012232184,0.9380829586923193,3,3,4,0.0,3 5 4 10
1217,6497,0.050000000000000044,0.1022421345114708,0.0003364140575286001,0.0007125287083908916,0.9225120335356659,3,3,4,0.0,3 4 5 10
1218,6505,0.050000000000000044,0.5074750781059265,0.000364198480383493,0.0006130955880507827,0.9305472095252217,7,7,8,0.0,1 6 4 9 5 8 3 10
1219,6509,0.050000000000000044,0.25300008058547974,0.00042332882730988786,0.0008444669656455517,0.9045451429985933,3,3,4,0.0,4 3 5 10
1220,6517,0.050000000000000044,0.5321959853172302,0.0003858779018628411,0.00032744952477514744,0.9603139648256064,7,7,8,0.0,1 8 3 2 4 5 9 10
1221,6521,0.050000000000000044,0.07672931998968124,0.0004515493637882173,0.0009904849575832486,0.8990747353126263,3,3,4,0.0,3 4 5 10
1222,6525,0.050000000000000044,0.25300008058547974,0.00038271550874924287,0.0008444669656455517,0.9045451429985933,3,3,4,0.0,4 3 5 10
1223,6529,0.050000000000000044,0.1968708038330078,0.0004506624463829212,0.0007160058012232184,0.9380829586923193,3,3,4,0.0,4 3 5 10
1224,6534,0.050000000000000044,0.39102065563201904,0.0003872903296723962,0.0006407032487913966,0.920841137848697,4,4,5,0.0,4 3 6 5 10
1225,6538,0.050000000000000044,0.11627032607793808,0.00048821909149410203,0.0008565268362872303,0.9259343916344303,3,3,4,0.0,3 4 5 10
1226,6547,0.050000000000000044,0.5154175162315369,0.00038408492885840434,0.0010264269076287746,0.9169661959413966,8,8,9,0.0,8 1 7 3 4 2 6 5 10
1227,6556,0.050000000000000044,0.5084139704704285,0.0003720626312618454,0.0007655597291886806,0.932778447831003,8,8,9,0.0,1 8 7 3 2 4 6 5 10
1228,6560,0.050000000000000044,0.30297723412513733,0.00034508688986534253,0.0009209985146299005,0.9276692834057082,3,3,4,0.0,5 4 3 10
1229,6565,0.050000000000000044,0.27818676829338074,0.000349793815985322,0.00046954493154771626,0.9478212018075369,4,4,5,0.0,6 3 5 4 10
1230,6569,0.050000000000000044,0.21282950043678284,0.00041633466025814414,0.0008140195277519524,0.9398560478627752,3,3,4,0.0,4 3 5 10
1231,6572,0.050000000000000044,0.0906403511762619,0.00034906693811838824,0.0005945689044892788,0.9094967586071397,2,2,3,0.0,1 7 10
1232,6579,0.050000000000000044,0.37181395292282104,0.00044413108844310045,0.0006018213462084532,0.9252656192898608,6,6,7,0.0,1 4 9 5 3 8 10
1233,6583,0.050000000000000044,0.0755089521408081,0.00042182626930298284,0.0014305830700322986,0.8851936617766493,3,3,4,0.0,2 1 7 10
1234,6587,0.050000000000000044,0.17665846645832062,0.0004108790380996652,0.0008646699134260416,0.9188100051901145,3,3,4,0.0,3 4 5 10
1235,6591,0.050000000000000044,0.30401620268821716,0.0003914141561836004,0.0006716125644743443,0.9484512512345092,3,3,4,0.0,4 3 5 10
1236,6599,0.050000000000000044,0.39360249042510986,0.0003475163448456442,0.0010241650743409991,0.9054804343318259,7,7,8,0.0,2 9 8 4 1 5 3 10
1237,6604,0.050000000000000044,0.1413647085428238,0.00044556618086062373,0.0009859255515038967,0.91895652472902,4,4,5,0.0,5 3 4 8 10
1238,6611,0.050000000000000044,0.5279697775840759,0.00038858349268723814,0.0007831034599803388,0.9333180969804703,6,6,7,0.0,1 8 5 9 3 4 10
1239,6620,0.050000000000000044,0.5039483308792114,0.00041230347253278724,0.0007450933335348964,0.9153839173183005,9,9,10,0.0,8 5 4 7 1 6 9 2 3
1240,6624,0.050000000000000044,0.17225868999958038,0.0003166798851452768,0.0010011573322117329,0.917074837773932,3,3,4,0.0,4 3 5 10
1241,6631,0.050000000000000044,0.40983617305755615,0.00036493254343180785,0.0010293067898601294,0.9054434446620175,6,6,7,0.0,2 9 8 4 5 3 10
1242,6635,0.050000000000000044,0.1968708038330078,0.00041972799954237416,0.0007160058012232184,0.9380829586923193,3,3,4,0.0,4 3 5 10
1243,6639,0.050000000000000044,0.30401620268821716,0.0004525644035311416,0.0006716125644743443,0.9484512512345092,3,3,4,0.0,4 3 5 10
1244,6643,0.050000000000000044,0.30297723412513733,0.00037475424323929474,0.0009209985146299005,0.9276692834057082,3,3,4,0.0,4 3 5 10
1245,6647,0.050000000000000044,0.23378056287765503,0.00038028130802558735,0.0017929158639162779,0.8717285928523498,3,3,4,0.0,4 3 5 10
1246,6656,0.050000000000000044,0.511259913444519,0.00038257019413221214,0.0007577711949124932,0.9342862961018695,8,8,9,0.0,1 6 2 4 3 5 9 8 10
1247,6662,0.050000000000000044,0.4781273603439331,0.00037502669147215784,0.00048886175500229,0.9522849419170838,5,5,6,0.0,8 4 5 9 3 10
1248,6666,0.050000000000000044,0.1968708038330078,0.0004130407905904576,0.0007160058012232184,0.9380829586923193,3,3,4,0.0,4 3 5 10
1249,6672,0.050000000000000044,0.38449856638908386,0.0003559308825060725,0.0006133443093858659,0.9240884893218345,5,5,6,0.0,8 4 5 9 3 10
1250,6676,0.050000000000000044,0.17225868999958038,0.000359774254320655,0.0010011573322117329,0.917074837773932,3,3,4,0.0,5 3 4 10
1251,6681,0.050000000000000044,0.05892879515886307,0.0003555447678081691,0.0011184369213879108,0.9076539296457515,4,4,5,0.0,2 1 7 5 10
1252,6689,0.050000000000000044,0.4929102063179016,0.0003401533358555753,0.0008473335765302181,0.931295916544413,7,7,8,0.0,1 5 8 9 3 2 4 10
1253,6696,0.050000000000000044,0.543053388595581,0.0003699545923154801,0.0003282442921772599,0.9603478005964322,6,6,7,0.0,1 8 4 9 5 3 10
1254,6700,0.050000000000000044,0.21499721705913544,0.0005054456196376123,0.0007459187181666493,0.9416358080580742,3,3,4,0.0,4 3 5 10
1255,6708,0.050000000000000044,0.4344063103199005,0.0004030555901408661,0.0005976655520498753,0.9535938911715812,7,7,8,0.0,8 4 7 3 9 6 5 10
1256,6715,0.050000000000000044,0.4181756377220154,0.00035383495768266063,0.000357740354957059,0.9346404491473038,6,6,7,0.0,4 3 6 2 7 5 10
1257,6719,0.050000000000000044,0.039254941046237946,0.00036339193320600316,0.0013586574932560325,0.8657177177996471,3,3,4,0.0,2 1 7 10
1258,6722,0.050000000000000044,0.07730592042207718,0.0003710836560154955,0.0013640968827530742,0.8646755150998815,2,2,3,0.0,1 7 10
1259,6725,0.050000000000000044,0.07730592042207718,0.00027253083923521143,0.0013640968827530742,0.8646755150998815,2,2,3,0.0,1 7 10
1260,6729,0.050000000000000044,0.21238619089126587,0.0003267787251388654,0.0011898600496351719,0.9272665474275913,3,3,4,0.0,5 3 4 10
1261,6738,0.050000000000000044,0.37928980588912964,0.0003253117190777428,0.0009104710770770907,0.9083804065775786,9,9,10,0.0,5 8 1 7 4 6 9 2 3
1262,6746,0.050000000000000044,0.43568649888038635,0.00035971142824564595,0.0005898590898141265,0.9537688509498,7,7,8,0.0,4 3 1 6 8 7 5 10
1263,6750,0.050000000000000044,0.1996101588010788,0.00035912975727114826,0.0004871294368058443,0.9462413316709959,3,3,4,0.0,4 3 5 10
1264,6753,0.050000000000000044,0.10590078681707382,0.0004816863511223346,0.0015152505366131663,0.8739005686154901,2,2,3,0.0,7 8 10
1265,6759,0.050000000000000044,0.4623402953147888,0.00043702111482465017,0.0006201389478519559,0.9519790064955438,5,5,6,0.0,8 5 4 9 3 10
1266,6768,0.050000000000000044,0.3848964273929596,0.000428553250256098,0.0009265134576708078,0.9069147171733921,8,8,9,0.0,8 5 7 1 9 4 2 3 10
1267,6772,0.050000000000000044,0.17665846645832062,0.00037182636879151687,0.0008646699134260416,0.9188100051901145,3,3,4,0.0,3 4 5 10
1268,6780,0.050000000000000044,0.5321959853172302,0.0004386613436508924,0.00032744952477514744,0.9603139648256064,7,7,8,0.0,8 3 9 5 1 2 4 10
1269,6783,0.050000000000000044,0.06862325966358185,0.0004241998928288619,0.00143010588362813,0.8403546241744378,2,2,3,0.0,1 7 10
1270,6791,0.050000000000000044,0.3943439722061157,0.0003915862471330911,0.0010241478448733687,0.9061037700946635,7,7,8,0.0,9 7 4 8 5 2 3 10
1271,6799,0.050000000000000044,0.5175914764404297,0.00038544762355741113,0.0007771474774926901,0.9329536403224812,7,7,8,0.0,9 8 4 5 3 1 2 10
1272,6803,0.050000000000000044,0.17225868999958038,0.000406835948524531,0.0010011573322117329,0.917074837773932,3,3,4,0.0,4 3 5 10
1273,6809,0.050000000000000044,0.45866674184799194,0.00044016702061829466,0.0006466563791036606,0.9367762481025226,5,5,6,0.0,8 4 7 3 5 10
1274,6814,0.050000000000000044,0.2965540885925293,0.000460408313665539,0.00038871655124239624,0.9639171475409469,4,4,5,0.0,8 3 5 4 10
1275,6816,0.050000000000000044,0.027641549706459045,0.00040839414577931166,0.0026634642854332924,0.7980163250557024,1,1,2,0.0,1 10
1276,6820,0.050000000000000044,0.23378056287765503,0.00036285636451793835,0.0017929158639162779,0.8717285928523498,3,3,4,0.0,5 4 3 10
1277,6826,0.050000000000000044,0.415382981300354,0.00039967150466206175,0.0007670362247154117,0.9185064068943368,5,5,6,0.0,8 3 2 5 4 10
1278,6833,0.050000000000000044,0.44660693407058716,0.0003907170030288398,0.0006355951190926135,0.9392202912910657,6,6,7,0.0,4 9 5 6 7 3 10
1279,6837,0.050000000000000044,0.2718748152256012,0.0004523531169979833,0.0006805580342188478,0.9332163441620599,3,3,4,0.0,4 5 3 10
1280,6841,0.050000000000000044,0.21238619089126587,0.0004920046485494822,0.0011898600496351719,0.9272665474275913,3,3,4,0.0,3 5 4 10
1281,6844,0.050000000000000044,0.13788127899169922,0.0003744765417650342,0.001609739032573998,0.879096459885273,2,2,3,0.0,5 4 10
1282,6851,0.050000000000000044,0.5291690826416016,0.000392277749987053,0.0010677315294742584,0.9128808178069617,6,6,7,0.0,8 5 4 7 1 3 10
1283,6856,0.050000000000000044,0.27608558535575867,0.0003527629480231553,0.00048098558909259737,0.9471035885151728,4,4,5,0.0,8 3 5 4 10
1284,6862,0.050000000000000044,0.42120468616485596,0.0003356269250313441,0.0010433653369545937,0.9018774861193015,5,5,6,0.0,2 4 5 9 3 10
1285,6868,0.050000000000000044,0.4349595904350281,0.0003941863202877964,0.00035747396759688854,0.9346775646973734,5,5,6,0.0,4 9 8 5 3 10
1286,6871,0.050000000000000044,0.12429641932249069,0.0003417342183335374,0.0007243723375722766,0.9462217480192286,2,2,3,0.0,1 7 10
1287,6874,0.050000000000000044,0.09758038073778152,0.0003960734951154639,0.0011654619593173265,0.8859952985177284,2,2,3,0.0,1 7 10
1288,6879,0.050000000000000044,0.20922580361366272,0.0003387723467312753,0.0017679492011666298,0.8744249383472659,4,4,5,0.0,8 5 4 3 10
1289,6888,0.050000000000000044,0.36319223046302795,0.00038703322772764496,0.001002699718810618,0.906574340641286,9,9,10,0.0,2 4 5 9 3 1 6 8 7
1290,6891,0.050000000000000044,0.06862325966358185,0.000364928157068789,0.00143010588362813,0.8403546241744378,2,2,3,0.0,1 7 10
1291,6894,0.050000000000000044,0.0906403511762619,0.00034870484766239923,0.0005945689044892788,0.9094967586071397,2,2,3,0.0,1 7 10
1292,6898,0.050000000000000044,0.21282950043678284,0.00032023428502725437,0.0008140195277519524,0.9398560478627752,3,3,4,0.0,4 3 5 10
1293,6902,0.050000000000000044,0.25300008058547974,0.0003503903717501089,0.0008444669656455517,0.9045451429985933,3,3,4,0.0,4 5 3 10
1294,6906,0.050000000000000044,0.20054133236408234,0.0003913322143489495,0.0004971498856320977,0.9479085171371521,3,3,4,0.0,4 3 5 10
1295,6914,0.050000000000000044,0.35561811923980713,0.0004117098724236712,0.0006029056967236102,0.9257094108463042,7,7,8,0.0,4 7 8 5 9 2 3 10
1296,6923,0.050000000000000044,0.5272523760795593,0.0003292896047544976,0.00031392386881634593,0.9608987443654063,8,8,9,0.0,1 2 4 6 3 5 9 8 10
1297,6926,0.050000000000000044,0.05925355851650238,0.00040016175868610543,0.001770995557308197,0.851525471801565,2,2,3,0.0,1 7 10
1298,6932,0.050000000000000044,0.47390592098236084,0.00036537500272970647,0.0005019303061999381,0.9506388399639254,5,5,6,0.0,1 9 4 5 3 10
1299,6936,0.050000000000000044,0.21499721705913544,0.0003951174294343218,0.0007459187181666493,0.9416358080580742,3,3,4,0.0,4 3 5 10
1300,6941,0.050000000000000044,0.39288026094436646,0.0003657898516394198,0.0006366806337609887,0.9215599262508852,4,4,5,0.0,8 3 5 4 10
1301,6944,0.050000000000000044,0.0815943107008934,0.00035411874220396083,0.0015100172022357583,0.8703347006624433,2,2,3,0.0,2 8 10
1302,6949,0.050000000000000044,0.24820592999458313,0.0003504201187752187,0.0006626045797020197,0.935212854734499,4,4,5,0.0,8 3 5 4 10
1303,6954,0.050000000000000044,0.2793464958667755,0.00038183456636033954,0.0006561424816027284,0.9500504341441585,4,4,5,0.0,8 3 5 4 10
1304,6958,0.050000000000000044,0.23378056287765503,0.00044602895650314167,0.0017929158639162779,0.8717285928523498,3,3,4,0.0,5 4 3 10
1305,6962,0.050000000000000044,0.06573236733675003,0.00035115022910758853,0.0010748562635853887,0.8756208674147211,3,3,4,0.0,3 4 5 10
1306,6966,0.050000000000000044,0.12847530841827393,0.00038012427830835804,0.00036390128661878407,0.9670587569900415,3,3,4,0.0,3 4 5 10
1307,6970,0.050000000000000044,0.3220631182193756,0.0003054167318623513,0.00039680927875451744,0.9629182144202176,3,3,4,0.0,4 5 3 10
1308,6979,0.050000000000000044,0.48565125465393066,0.00036925169923860166,0.0008332162396982312,0.9324695479997415,8,8,9,0.0,8 1 9 5 3 6 2 4 10
1309,6987,0.050000000000000044,0.44123125076293945,0.00036289372292230837,0.0007330960361286998,0.9438340796797794,7,7,8,0.0,2 5 1 4 9 7 3 10
1310,6991,0.050000000000000044,0.10029949247837067,0.00036947249463992193,0.0003878751886077225,0.9448756375189485,3,3,4,0.0,3 4 5 10
1311,6994,0.050000000000000044,0.09888169914484024,0.000375268825640281,0.0010826841462403536,0.8978112265578384,2,2,3,0.0,1 7 10
1312,6997,0.050000000000000044,0.06862325966358185,0.0002689461592429628,0.00143010588362813,0.8403546241744378,2,2,3,0.0,1 7 10
1313,7001,0.050000000000000044,0.013740628957748413,0.0005047165541327558,0.0018119829474017024,0.8428598772402184,3,3,4,0.0,1 6 2 10
1314,7010,0.050000000000000044,0.4323640763759613,0.0005003175594740444,0.0007656429661437869,0.9003181323391362,8,8,9,0.0,9 8 6 4 1 3 2 5 10
1315,7014,0.050000000000000044,0.25300008058547974,0.0005346832840587012,0.0008444669656455517,0.9045451429985933,3,3,4,0.0,4 5 3 10
1316,7023,0.050000000000000044,0.49669763445854187,0.0004628811050982525,0.0006154795410111547,0.9314790271160577,8,8,9,0.0,1 2 4 5 6 9 7 3 10
1317,7031,0.050000000000000044,0.521580696105957,0.00040652265306562185,0.0007633296772837639,0.9135789345245583,7,7,8,0.0,9 8 6 5 7 4 3 10
1318,7038,0.050000000000000044,0.40454456210136414,0.00047599284776619503,0.000743054028134793,0.9207096457764878,6,6,7,0.0,4 9 8 6 5 3 10
1319,7043,0.050000000000000044,0.27468401193618774,0.00044001269270665944,0.0004849766264669597,0.946232221604244,4,4,5,0.0,4 2 5 3 10
1320,7047,0.050000000000000044,0.25300008058547974,0.0005424264527391642,0.0008444669656455517,0.9045451429985933,3,3,4,0.0,4 5 3 10
1321,7052,0.050000000000000044,0.22910109162330627,0.00039175236015580593,0.0008235207642428577,0.9067015312479169,4,4,5,0.0,4 6 3 5 10
1322,7055,0.050000000000000044,0.08542976528406143,0.0003931929240934551,0.001488598994910717,0.8755486795543632,2,2,3,0.0,7 8 10
1323,7059,0.050000000000000044,0.10726586729288101,0.0004276151958038099,0.000608788977842778,0.9322087477303501,3,3,4,0.0,3 4 5 10
1324,7068,0.050000000000000044,0.5120592713356018,0.0004355510949001958,0.0007568204891867936,0.9141612146824917,8,8,9,0.0,9 8 6 7 5 2 4 3 10
1325,7075,0.050000000000000044,0.4601593017578125,0.00041686928515056413,0.0007160785025916994,0.9444359534560712,6,6,7,0.0,9 2 8 5 4 3 10
1326,7079,0.050000000000000044,0.20054133236408234,0.0003365037264302373,0.0004971498856320977,0.9479085171371521,3,3,4,0.0,4 3 5 10
1327,7085,0.050000000000000044,0.4292019009590149,0.00047019392271370936,0.0003700201050378382,0.9327795485679091,5,5,6,0.0,1 8 4 3 5 10
1328,7089,0.050000000000000044,0.2718748450279236,0.0004695191528298892,0.0006805580342188478,0.9332163441620599,3,3,4,0.0,4 3 5 10
1329,7093,0.050000000000000044,0.3135063946247101,0.0003424983224249445,0.0006012842059135437,0.9540004504138025,3,3,4,0.0,4 5 3 10
1330,7102,0.050000000000000044,0.5112598538398743,0.0003954472388916959,0.0007577711949124932,0.9342862961018695,8,8,9,0.0,1 6 2 4 8 5 9 3 10
1331,7106,0.050000000000000044,0.23378059267997742,0.0004636792073142715,0.0017929158639162779,0.8717285928523498,3,3,4,0.0,4 5 3 10
1332,7112,0.050000000000000044,0.4292019009590149,0.00038587152569865185,0.0003700201050378382,0.9327795485679091,5,5,6,0.0,1 8 4 3 5 10
1333,7114,0.050000000000000044,0.17968612909317017,0.0003498582955216989,0.0015239531639963388,0.8310367479725485,1,1,2,0.0,4 10
1334,7120,0.050000000000000044,0.37831658124923706,0.00037775232340209186,0.0006304510752670467,0.9221636707519095,5,5,6,0.0,1 3 6 5 4 10
1335,7129,0.050000000000000044,0.498394638299942,0.0003974515970589386,0.000610654940828681,0.9320328336266643,8,8,9,0.0,6 5 7 8 9 2 4 3 10
1336,7136,0.050000000000000044,0.40983617305755615,0.00036150022892148366,0.0010293067898601294,0.9054434446620175,6,6,7,0.0,9 2 8 4 5 3 10
1337,7140,0.050000000000000044,0.21499721705913544,0.00032714862027205527,0.0007459187181666493,0.9416358080580742,3,3,4,0.0,4 5 3 10
1338,7145,0.050000000000000044,0.43198809027671814,0.00038390426780097184,0.0007652929052710533,0.9183068889216492,4,4,5,0.0,9 4 3 5 10
1339,7148,0.050000000000000044,0.11270568519830704,0.00036011900131901103,0.0008911392651498318,0.903584239723141,2,2,3,0.0,5 3 10
1340,7152,0.050000000000000044,0.25300008058547974,0.00042937308171531186,0.0008444669656455517,0.9045451429985933,3,3,4,0.0,3 4 5 10
1341,7158,0.050000000000000044,0.4319188892841339,0.00035816023106841993,0.00036384264240041375,0.9336389584752524,5,5,6,0.0,1 3 6 5 4 10
1342,7162,0.050000000000000044,0.04716210067272186,0.00045500216219807044,0.0014874462503939867,0.8765897438213601,3,3,4,0.0,8 7 1 10
1343,7171,0.050000000000000044,0.5299396514892578,0.000417704985011369,0.000308611080981791,0.9612943588553371,8,8,9,0.0,1 6 7 5 4 9 2 3 10
1344,7175,0.050000000000000044,0.23378059267997742,0.0004056126272189431,0.0017929158639162779,0.8717285928523498,3,3,4,0.0,4 5 3 10
1345,7178,0.050000000000000044,0.1174188181757927,0.0004401412831308941,0.00070716452319175,0.9378703671167565,2,2,3,0.0,8 7 10
1346,7181,0.050000000000000044,0.08542977273464203,0.00040767959823521477,0.001488598994910717,0.8755486795543632,2,2,3,0.0,8 7 10
1347,7184,0.050000000000000044,0.10590078681707382,0.00037683453410863876,0.0015152505366131663,0.8739005686154901,2,2,3,0.0,7 8 10
1348,7193,0.050000000000000044,0.38299790024757385,0.00039306525852427713,0.0009321386460214853,0.9064327901258055,8,8,9,0.0,1 8 7 6 9 5 4 3 10
1349,7197,0.050000000000000044,0.3135063946247101,0.000337919220328331,0.0006012842059135437,0.9540004504138025,3,3,4,0.0,4 5 3 10
1350,7204,0.050000000000000044,0.5332111716270447,0.00037814470332315456,0.0007603486301377416,0.9135795202057512,6,6,7,0.0,9 8 5 3 4 2 10
1351,7208,0.050000000000000044,0.30297723412513733,0.0003448020652285777,0.0009209985146299005,0.9276692834057082,3,3,4,0.0,4 3 5 10
1352,7217,0.050000000000000044,0.38295337557792664,0.0003308208672226303,0.0009324976126663387,0.9064798418179987,8,8,9,0.0,6 3 8 2 4 7 1 5 10
1353,7223,0.050000000000000044,0.41682538390159607,0.0003621177578073305,0.0007630145410075784,0.9192205548959737,5,5,6,0.0,4 3 1 7 5 10
1354,7227,0.050000000000000044,0.1968708038330078,0.0004089854919584468,0.0007160058012232184,0.9380829586923193,3,3,4,0.0,4 3 5 10
1355,7231,0.050000000000000044,0.1022421345114708,0.0003594617228372954,0.0007125287083908916,0.9225120335356659,3,3,4,0.0,3 4 5 10
1356,7238,0.050000000000000044,0.4480336904525757,0.00033993631534810575,0.0006269016885198653,0.939571281055633,6,6,7,0.0,1 6 4 5 7 3 10
1357,7242,0.050000000000000044,0.25300008058547974,0.00043633364111883566,0.0008444669656455517,0.9045451429985933,3,3,4,0.0,4 3 5 10
1358,7247,0.050000000000000044,0.2744976282119751,0.00033677107421681285,0.00048609846271574497,0.9461801094617628,4,4,5,0.0,4 3 5 1 10
1359,7251,0.050000000000000044,0.21238619089126587,0.0004667443863581866,0.0011898600496351719,0.9272665474275913,3,3,4,0.0,4 5 3 10
1360,7256,0.050000000000000044,0.17064118385314941,0.0007049803156405687,0.0004760046722367406,0.9492866890892546,4,4,5,0.0,4 9 5 3 10
1361,7260,0.050000000000000044,0.1072658821940422,0.0005483895656652749,0.000608788977842778,0.9322087477303501,3,3,4,0.0,5 4 3 10
1362,7267,0.050000000000000044,0.4574887752532959,0.000562896889667692,0.0007334284600801766,0.9435753235139405,6,6,7,0.0,5 3 9 7 4 2 10
1363,7272,0.050000000000000044,0.29564666748046875,0.0005587210063822568,0.0003905950579792261,0.9634129891657092,4,4,5,0.0,5 4 3 7 10
1364,7280,0.050000000000000044,0.38968193531036377,0.0004567036667140201,0.0010383547050878406,0.9030829759560499,7,7,8,0.0,9 2 5 1 3 4 7 10
1365,7288,0.050000000000000044,0.5068041086196899,0.00048064771908684634,0.0006178016774356365,0.9310192631271875,7,7,8,0.0,9 5 7 8 6 4 3 10
1366,7292,0.050000000000000044,0.17225868999958038,0.0004286177208996378,0.0010011573322117329,0.917074837773932,3,3,4,0.0,5 4 3 10
1367,7296,0.050000000000000044,0.23378056287765503,0.0004305084657971747,0.0017929158639162779,0.8717285928523498,3,3,4,0.0,5 4 3 10
1368,7300,0.050000000000000044,0.2718748152256012,0.0004180796750006266,0.0006805580342188478,0.9332163441620599,3,3,4,0.0,5 4 3 10
1369,7304,0.050000000000000044,0.3135063946247101,0.0003677197455544956,0.0006012842059135437,0.9540004504138025,3,3,4,0.0,5 3 4 10
1370,7313,0.050000000000000044,0.5087504386901855,0.0003999156760983169,0.0007668669568374753,0.9333812875250148,8,8,9,0.0,7 9 5 8 2 4 3 1 10
1371,7318,0.050000000000000044,0.1391809731721878,0.0004455138638149947,0.0010001191403716803,0.9173148049752579,4,4,5,0.0,4 1 5 3 10
1372,7325,0.050000000000000044,0.44784170389175415,0.00041923244550291983,0.0007855076692067087,0.8983142364251911,6,6,7,0.0,8 4 7 3 5 9 10
1373,7332,0.050000000000000044,0.5325024127960205,0.0004094637531254973,0.0007637629751116037,0.9134335764966169,6,6,7,0.0,9 5 8 3 4 7 10
1374,7336,0.050000000000000044,0.17225868999958038,0.0003491591960482765,0.0010011573322117329,0.917074837773932,3,3,4,0.0,5 3 4 10
1375,7341,0.050000000000000044,0.39047953486442566,0.0003586120845284313,0.0006400392157956958,0.9204035954689441,4,4,5,0.0,4 3 7 5 10
1376,7345,0.050000000000000044,0.10029949247837067,0.0004368709196569398,0.0003878751886077225,0.9448756375189485,3,3,4,0.0,3 4 5 10
1377,7349,0.050000000000000044,0.1022421345114708,0.00039451478369301185,0.0007125287083908916,0.9225120335356659,3,3,4,0.0,3 4 5 10
1378,7352,0.050000000000000044,0.07042444497346878,0.0003358366181297849,0.0014145087916404009,0.8423522214951187,2,2,3,0.0,2 8 10
1379,7361,0.050000000000000044,0.5299396514892578,0.00041435090760286484,0.000308611080981791,0.9612943588553371,8,8,9,0.0,1 3 2 9 5 6 4 7 10
1380,7365,0.050000000000000044,0.3135063946247101,0.00038580652471864596,0.0006012842059135437,0.9540004504138025,3,3,4,0.0,4 5 3 10
1381,7368,0.050000000000000044,0.08485784381628036,0.0003921676252502948,0.0013914601877331734,0.8662559903724015,2,2,3,0.0,5 3 10
1382,7377,0.050000000000000044,0.48793089389801025,0.00038283688546572294,0.0008275079308077693,0.933605097136798,8,8,9,0.0,9 5 7 8 6 4 2 3 10
1383,7380,0.050000000000000044,0.10017872601747513,0.0003916431257190804,0.0010840557515621185,0.8842276579099093,2,2,3,0.0,5 3 10
1384,7387,0.050000000000000044,0.40983617305755615,0.00033775093366525004,0.0010293067898601294,0.9054434446620175,6,6,7,0.0,2 5 4 8 9 3 10
1385,7393,0.050000000000000044,0.41989076137542725,0.0003512261755531654,0.0007486430695280433,0.920224189492525,5,5,6,0.0,4 3 8 5 9 10
1386,7397,0.050000000000000044,0.23378056287765503,0.000351293696439825,0.0017929158639162779,0.8717285928523498,3,3,4,0.0,5 3 4 10
1387,7401,0.050000000000000044,0.2718748152256012,0.0003864574755425565,0.0006805580342188478,0.9332163441620599,3,3,4,0.0,5 3 4 10
1388,7404,0.050000000000000044,0.10384660214185715,0.0003929224767489359,0.0005341367796063423,0.9184613009908111,2,2,3,0.0,5 3 10
1389,7407,0.050000000000000044,0.10017872601747513,0.0004247297959712644,0.0010840557515621185,0.8842276579099093,2,2,3,0.0,5 3 10
1390,7411,0.050000000000000044,0.1968708038330078,0.00037751322088297457,0.0007160058012232184,0.9380829586923193,3,3,4,0.0,5 3 4 10
1391,7415,0.050000000000000044,0.23378059267997742,0.0003470685187494382,0.0017929158639162779,0.8717285928523498,3,3,4,0.0,4 5 3 10
1392,7421,0.050000000000000044,0.4550565779209137,0.00039584261442845065,0.0006475344998762012,0.9495553942164683,5,5,6,0.0,4 3 7 5 2 10
1393,7425,0.050000000000000044,0.479744017124176,0.0003339377653901465,0.0006925154593773186,0.9477242445052734,3,3,4,0.0,5 3 4 10
1394,7429,0.050000000000000044,0.21238619089126587,0.0003423158486839384,0.0011898600496351719,0.9272665474275913,3,3,4,0.0,5 3 4 10
1395,7436,0.050000000000000044,0.41219449043273926,0.00039802793097416204,0.0003686895070131868,0.9323750470679665,6,6,7,0.0,5 3 4 7 2 1 10
1396,7440,0.050000000000000044,0.30297723412513733,0.000358683530066628,0.0009209985146299005,0.9276692834057082,3,3,4,0.0,5 4 3 10
1397,7445,0.050000000000000044,0.4317431151866913,0.00031643679831176995,0.0007704136078245938,0.9185772610298943,4,4,5,0.0,5 4 7 3 10
1398,7449,0.050000000000000044,0.08415314555168152,0.0003287065919721499,0.000882583437487483,0.9187975887013444,3,3,4,0.0,4 5 7 10
1399,7453,0.050000000000000044,0.25300008058547974,0.0003533034978318028,0.0008444669656455517,0.9045451429985933,3,3,4,0.0,5 4 3 10
1400,7458,0.050000000000000044,0.27569401264190674,0.00038792373379692435,0.0009176593739539385,0.9280316150358543,4,4,5,0.0,5 4 2 3 10
1401,7461,0.050000000000000044,0.10384660214185715,0.0004419290538256367,0.0005341367796063423,0.9184613009908111,2,2,3,0.0,5 3 10
1402,7465,0.050000000000000044,0.10224214941263199,0.0004764128170791082,0.0007125287083908916,0.9225120335356659,3,3,4,0.0,4 3 5 10
1403,7474,0.050000000000000044,0.5119085907936096,0.00040577970665051707,0.0007530170842073858,0.9340623293811727,8,8,9,0.0,1 2 4 3 7 5 9 6 10
1404,7482,0.050000000000000044,0.5064674019813538,0.0003592254361137748,0.0006209442508406937,0.9314489796598232,7,7,8,0.0,5 3 2 9 7 6 4 10
1405,7485,0.050000000000000044,0.10384660214185715,0.000338851639147227,0.0005341367796063423,0.9184613009908111,2,2,3,0.0,5 3 10
1406,7490,0.050000000000000044,0.14722809195518494,0.0003730923112016171,0.000836653052829206,0.9213197759123393,4,4,5,0.0,5 3 9 4 10
1407,7493,0.050000000000000044,0.08941886574029922,0.00030201731715351343,0.0012216682080179453,0.8729719999783387,2,2,3,0.0,5 3 10
1408,7498,0.050000000000000044,0.3928802013397217,0.0003659108770079911,0.0006366806337609887,0.9215599262508852,4,4,5,0.0,5 4 8 3 10
1409,7506,0.050000000000000044,0.43182891607284546,0.0004085340988240205,0.0006297211511991918,0.9401191107654118,7,7,8,0.0,5 6 4 7 9 2 3 10
1410,7510,0.050000000000000044,0.2718748152256012,0.0005274092036415823,0.0006805580342188478,0.9332163441620599,3,3,4,0.0,5 4 3 10
1411,7519,0.050000000000000044,0.48793086409568787,0.0004996311521002402,0.0008275079308077693,0.933605097136798,8,8,9,0.0,5 6 8 7 9 4 2 3 10
1412,7528,0.050000000000000044,0.5255638957023621,0.0004507472428182761,0.00031947033130563796,0.9611860649232774,8,8,9,0.0,1 8 7 9 4 2 3 5 10
1413,7532,0.050000000000000044,0.17665843665599823,0.00042672239942476153,0.0008646699134260416,0.9188100051901145,3,3,4,0.0,5 3 4 10
1414,7536,0.050000000000000044,0.11627032607793808,0.0004837478481931612,0.0008565268362872303,0.9259343916344303,3,3,4,0.0,3 4 5 10
1415,7542,0.050000000000000044,0.41543227434158325,0.00039863301208242774,0.000769416568800807,0.9187529971036843,5,5,6,0.0,5 3 2 4 7 10
1416,7550,0.050000000000000044,0.5376793146133423,0.00042275155647075735,0.00031586206750944257,0.960940085945033,7,7,8,0.0,1 6 9 4 5 8 3 10
1417,7554,0.050000000000000044,0.07263375073671341,0.00039719347114441916,0.000499081623274833,0.9236829548400874,3,3,4,0.0,5 9 4 10
1418,7558,0.050000000000000044,0.30401620268821716,0.0004417525415192358,0.0006716125644743443,0.9484512512345092,3,3,4,0.0,4 5 3 10
1419,7562,0.050000000000000044,0.1968708038330078,0.0004618986349669285,0.0007160058012232184,0.9380829586923193,3,3,4,0.0,5 3 4 10
1420,7566,0.050000000000000044,0.30158212780952454,0.00044748793879989535,0.0004913120064884424,0.9460985286517886,3,3,4,0.0,5 4 3 10
1421,7570,0.050000000000000044,0.17665843665599823,0.00043552086572162807,0.0008646699134260416,0.9188100051901145,3,3,4,0.0,5 3 4 10
1422,7574,0.050000000000000044,0.10029949992895126,0.0004434780348674394,0.0003878751886077225,0.9448756375189485,3,3,4,0.0,5 3 4 10
1423,7583,0.050000000000000044,0.4332515597343445,0.0003202538953499041,0.0007640213007107377,0.9008841371245674,8,8,9,0.0,9 5 7 4 6 2 1 3 10
1424,7587,0.050000000000000044,0.23378056287765503,0.0003845601459033787,0.0017929158639162779,0.8717285928523498,3,3,4,0.0,5 3 4 10
1425,7590,0.050000000000000044,0.11333006620407104,0.0004357787741658588,0.0007534594042226672,0.9367033035697041,2,2,3,0.0,5 3 10
1426,7593,0.050000000000000044,0.087281234562397,0.0003705679070359717,0.001316113630309701,0.8805190407173812,2,2,3,0.0,2 8 10
1427,7597,0.050000000000000044,0.1022421345114708,0.000357549317413941,0.0007125287083908916,0.9225120335356659,3,3,4,0.0,3 4 5 10
1428,7601,0.050000000000000044,0.3135063946247101,0.00042977808334399015,0.0006012842059135437,0.9540004504138025,3,3,4,0.0,4 3 5 10
1429,7607,0.050000000000000044,0.4623403251171112,0.00043962904601357877,0.0006201389478519559,0.9519790064955438,5,5,6,0.0,8 3 5 9 4 10
1430,7610,0.050000000000000044,0.08485784381628036,0.0003182891571971898,0.0013914601877331734,0.8662559903724015,2,2,3,0.0,5 3 10
1431,7614,0.050000000000000044,0.11627033352851868,0.0003536120639182627,0.0008565268362872303,0.9259343916344303,3,3,4,0.0,5 3 4 10
1432,7618,0.050000000000000044,0.17665843665599823,0.00043067370279459283,0.0008646699134260416,0.9188100051901145,3,3,4,0.0,5 4 3 10
1433,7622,0.050000000000000044,0.30297723412513733,0.00037618138594552875,0.0009209985146299005,0.9276692834057082,3,3,4,0.0,4 5 3 10
1434,7625,0.050000000000000044,0.08941886574029922,0.00032034765657347936,0.0012216682080179453,0.8729719999783387,2,2,3,0.0,5 3 10
1435,7632,0.050000000000000044,0.46144139766693115,0.00041925421516810147,0.0004847586969844997,0.9518397191581488,6,6,7,0.0,5 6 7 3 8 4 10
1436,7635,0.050000000000000044,0.10017556697130203,0.00038945853399733704,0.001644124393351376,0.8720383136029334,2,2,3,0.0,5 3 10
1437,7639,0.050000000000000044,0.17225868999958038,0.0003996534214820713,0.0010011573322117329,0.917074837773932,3,3,4,0.0,5 3 4 10
1438,7642,0.050000000000000044,0.11333006620407104,0.0004245232363852362,0.0007534594042226672,0.9367033035697041,2,2,3,0.0,5 3 10
1439,7646,0.050000000000000044,0.17665843665599823,0.00037200981023488566,0.0008646699134260416,0.9188100051901145,3,3,4,0.0,5 3 4 10
1440,7655,0.050000000000000044,0.514288604259491,0.00040304511720832024,0.0010307185584679246,0.9162309696093892,8,8,9,0.0,9 8 5 7 4 6 2 3 10
1441,7662,0.050000000000000044,0.5335313081741333,0.0004192415965787534,0.001049671322107315,0.9154895196948976,6,6,7,0.0,9 8 5 3 6 4 10
1442,7669,0.050000000000000044,0.5335313081741333,0.0003936589346267283,0.001049671322107315,0.9154895196948976,6,6,7,0.0,9 5 8 3 6 4 10
1443,7672,0.050000000000000044,0.08485784381628036,0.0003802150216264029,0.0013914601877331734,0.8662559903724015,2,2,3,0.0,5 3 10
1444,7676,0.050000000000000044,0.21282950043678284,0.00037139319465495646,0.0008140195277519524,0.9398560478627752,3,3,4,0.0,5 3 4 10
1445,7680,0.050000000000000044,0.07672931998968124,0.00037444705958478153,0.0009904849575832486,0.8990747353126263,3,3,4,0.0,3 4 5 10
1446,7686,0.050000000000000044,0.4655911922454834,0.00035532977684245753,0.000602269428782165,0.9525872522635068,5,5,6,0.0,4 3 7 8 5 10
1447,7691,0.050000000000000044,0.29944396018981934,0.00038239258574321864,0.0003653846506495029,0.9641863331464469,4,4,5,0.0,4 5 3 9 10
1448,7697,0.050000000000000044,0.38449859619140625,0.0003333147178636864,0.0006133443093858659,0.9240884893218345,5,5,6,0.0,4 9 5 8 3 10
1449,7701,0.050000000000000044,0.17665843665599823,0.00035325442877365276,0.0008646699134260416,0.9188100051901145,3,3,4,0.0,5 4 3 10
1450,7710,0.050000000000000044,0.4861895740032196,0.0003939776442065421,0.0008321161149069667,0.9327789712143568,8,8,9,0.0,4 9 8 5 2 7 1 3 10
1451,7714,0.050000000000000044,0.20054133236408234,0.00033435281511629,0.0004971498856320977,0.9479085171371521,3,3,4,0.0,4 3 5 10
1452,7718,0.050000000000000044,0.21238619089126587,0.00035457967896945775,0.0011898600496351719,0.9272665474275913,3,3,4,0.0,5 3 4 10
1453,7722,0.050000000000000044,0.1968708038330078,0.00033738706406438723,0.0007160058012232184,0.9380829586923193,3,3,4,0.0,5 3 4 10
1454,7725,0.050000000000000044,0.10384660214185715,0.00036974311418210465,0.0005341367796063423,0.9184613009908111,2,2,3,0.0,5 3 10
1455,7728,0.050000000000000044,0.11270568519830704,0.0003139558733285715,0.0008911392651498318,0.903584239723141,2,2,3,0.0,5 3 10
1456,7736,0.050000000000000044,0.5143230557441711,0.00034449743543518707,0.0007871143170632422,0.9314167069339866,7,7,8,0.0,1 5 8 7 2 4 3 10
1457,7740,0.050000000000000044,0.1022421345114708,0.00034368090564385056,0.0007125287083908916,0.9225120335356659,3,3,4,0.0,3 4 5 10
1458,7745,0.050000000000000044,0.2896665632724762,0.00039238636381924155,0.0005797087214887142,0.9558433871206857,4,4,5,0.0,4 5 3 7 10
1459,7749,0.050000000000000044,0.10224214941263199,0.00034988306288141757,0.0007125287083908916,0.9225120335356659,3,3,4,0.0,5 3 4 10
1460,7757,0.050000000000000044,0.3556181788444519,0.00048433413394377567,0.0006029056967236102,0.9257094108463042,7,7,8,0.0,4 9 8 5 7 2 3 10
1461,7766,0.050000000000000044,0.5120592713356018,0.0004694970589803739,0.0007568204891867936,0.9141612146824917,8,8,9,0.0,9 8 5 7 6 4 2 3 10
1462,7770,0.050000000000000044,0.20054133236408234,0.0005117639375384897,0.0004971498856320977,0.9479085171371521,3,3,4,0.0,4 3 5 10
1463,7778,0.050000000000000044,0.5203588604927063,0.00044951788731850684,0.0007695929380133748,0.9344234942468537,7,7,8,0.0,1 8 4 3 5 9 6 10
1464,7782,0.050000000000000044,0.23378056287765503,0.00041312458051834255,0.0017929158639162779,0.8717285928523498,3,3,4,0.0,3 4 5 10
1465,7783,0.050000000000000044,0.0,0.0003592496505007148,0.0028555647004395723,0.7413556939444984,0,0,1,0.0,10
1466,7787,0.050000000000000044,0.17225868999958038,0.00042519066482782364,0.0010011573322117329,0.917074837773932,3,3,4,0.0,4 3 5 10
1467,7795,0.050000000000000044,0.39185264706611633,0.0003995717088400852,0.0009367419988848269,0.9053251973744239,7,7,8,0.0,9 5 8 3 6 1 4 10
1468,7800,0.050000000000000044,0.2793464958667755,0.00042046253220178186,0.0006561424816027284,0.9500504341441585,4,4,5,0.0,8 3 5 4 10
1469,7807,0.050000000000000044,0.446732759475708,0.0003646159394910293,0.0007884422084316611,0.8978837353224987,6,6,7,0.0,8 4 1 3 5 6 10
1470,7810,0.050000000000000044,0.10164231806993484,0.0003692556347232312,0.0010656961239874363,0.9006846673414554,2,2,3,0.0,8 7 10
1471,7811,0.050000000000000044,0.0,0.0005763118388131261,0.003222197527065873,0.7964929944639594,0,0,1,0.0,10
1472,7816,0.050000000000000044,0.2252069115638733,0.0004250955593306571,0.0008441680110991001,0.9044932434590053,4,4,5,0.0,4 3 5 1 10
1473,7820,0.050000000000000044,0.25300008058547974,0.0003843123558908701,0.0008444669656455517,0.9045451429985933,3,3,4,0.0,4 3 5 10
1474,7823,0.050000000000000044,0.11270568519830704,0.0003311548789497465,0.0008911392651498318,0.903584239723141,2,2,3,0.0,5 3 10
1475,7828,0.050000000000000044,0.1403028517961502,0.00036903421860188244,0.0009924061596393585,0.9181259467613115,4,4,5,0.0,4 3 7 5 10
1476,7832,0.050000000000000044,0.25300008058547974,0.0003529985551722348,0.0008444669656455517,0.9045451429985933,3,3,4,0.0,4 3 5 10
1477,7836,0.050000000000000044,0.17225868999958038,0.0003988677926827222,0.0010011573322117329,0.917074837773932,3,3,4,0.0,5 4 3 10
1478,7845,0.050000000000000044,0.5204719305038452,0.00038634924243928655,0.00030623964266851544,0.9617493655997706,9,9,10,0.0,4 9 3 5 6 1 7 2 8
1479,7852,0.050000000000000044,0.3718140125274658,0.00038161584857984314,0.0006018213462084532,0.9252656192898608,6,6,7,0.0,4 9 8 5 1 3 10
1480,7856,0.050000000000000044,0.20054133236408234,0.0003530222820700146,0.0004971498856320977,0.9479085171371521,3,3,4,0.0,4 3 5 10
1481,7859,0.050000000000000044,0.11333006620407104,0.000317245003922532,0.0007534594042226672,0.9367033035697041,2,2,3,0.0,5 3 10
1482,7866,0.050000000000000044,0.44610458612442017,0.0004098482064104506,0.0006174399168230593,0.9520319327623467,6,6,7,0.0,4 3 5 6 7 2 10
1483,7871,0.050000000000000044,0.24462014436721802,0.00038259173161350193,0.000679461401887238,0.9335591515944772,4,4,5,0.0,4 1 3 5 10
1484,7875,0.050000000000000044,0.30401620268821716,0.0003657945053419098,0.0006716125644743443,0.9484512512345092,3,3,4,0.0,4 3 5 10
1485,7878,0.050000000000000044,0.1077432930469513,0.00039868989066841703,0.0005307703977450728,0.9233738654575506,2,2,3,0.0,8 7 10
1486,7883,0.050000000000000044,0.16851554811000824,0.0004042758431751281,0.00047345642815344036,0.9472198674320182,4,4,5,0.0,3 4 5 1 10
1487,7887,0.050000000000000044,0.3135063946247101,0.00047490860015386716,0.0006012842059135437,0.9540004504138025,3,3,4,0.0,3 4 5 10
1488,7895,0.050000000000000044,0.5376793146133423,0.0003978262757300399,0.00031586206750944257,0.960940085945033,7,7,8,0.0,4 1 9 5 8 3 6 10
1489,7899,0.050000000000000044,0.2718748450279236,0.0003065522396354936,0.0006805580342188478,0.9332163441620599,3,3,4,0.0,4 3 5 10
1490,7907,0.050000000000000044,0.39185261726379395,0.00037804733801749535,0.0009367419988848269,0.9053251973744239,7,7,8,0.0,5 6 8 4 9 1 3 10
1491,7912,0.050000000000000044,0.16472068428993225,0.0003204667067620903,0.0007080975919961929,0.9388152102936462,4,4,5,0.0,2 3 4 5 10
1492,7916,0.050000000000000044,0.10726586729288101,0.00035107509029330686,0.000608788977842778,0.9322087477303501,3,3,4,0.0,3 4 5 10
1493,7920,0.050000000000000044,0.30158212780952454,0.00033510673529235646,0.0004913120064884424,0.9460985286517886,3,3,4,0.0,4 3 5 10
1494,7924,0.050000000000000044,0.12847530841827393,0.00040261874528368935,0.00036390128661878407,0.9670587569900415,3,3,4,0.0,3 4 5 10
1495,7932,0.050000000000000044,0.35317471623420715,0.0004092012422916014,0.0006089305970817804,0.9248569284019799,7,7,8,0.0,4 9 3 5 6 2 7 10
1496,7939,0.050000000000000044,0.5346293449401855,0.000441577031909089,0.001043585129082203,0.9159040316301492,6,6,7,0.0,8 4 5 7 3 6 10
1497,7946,0.050000000000000044,0.3614787459373474,0.000346953423494207,0.0006277486099861562,0.9217150235608415,6,6,7,0.0,4 3 7 1 5 9 10
1498,7950,0.050000000000000044,0.062197037041187286,0.0003464323890511878,0.0012010408099740744,0.8941620807124658,3,3,4,0.0,5 9 4 10
1499,7954,0.050000000000000044,0.16316136717796326,0.00043305117287673056,0.000714446185156703,0.9306788992814445,3,3,4,0.0,7 5 4 10
1500,7961,0.050000000000000044,0.44217026233673096,0.00033948131022043526,0.0006288440781645477,0.9504379958410467,6,6,7,0.0,4 3 1 5 2 8 10
1501,7965,0.050000000000000044,0.21238619089126587,0.00038041749940020964,0.0011898600496351719,0.9272665474275913,3,3,4,0.0,3 5 4 10
1502,7971,0.050000000000000044,0.42103904485702515,0.00035387247529191274,0.0010870421538129449,0.9045211232038088,5,5,6,0.0,2 5 8 3 4 10
1503,7979,0.050000000000000044,0.4335564970970154,0.00032429469138151035,0.0005974291707389057,0.9530230833219716,7,7,8,0.0,8 4 5 9 1 7 3 10
1504,7983,0.050000000000000044,0.21238619089126587,0.00032286585337715223,0.0011898600496351719,0.9272665474275913,3,3,4,0.0,4 3 5 10
1505,7990,0.050000000000000044,0.4612277150154114,0.00031630620443528254,0.00048562922165729105,0.9517783389186463,6,6,7,0.0,4 9 3 5 7 6 10
1506,7995,0.050000000000000044,0.18323290348052979,0.0003605897829402238,0.001127490191720426,0.9304616732454186,4,4,5,0.0,3 4 9 5 10
1507,7998,0.050000000000000044,0.11270568519830704,0.0003332752773227791,0.0008911392651498318,0.903584239723141,2,2,3,0.0,5 3 10
1508,8002,0.050000000000000044,0.10224214941263199,0.00041593862988520414,0.0007125287083908916,0.9225120335356659,3,3,4,0.0,5 3 4 10
1509,8006,0.050000000000000044,0.12847530841827393,0.0005194431578274816,0.00036390128661878407,0.9670587569900415,3,3,4,0.0,5 3 4 10
1510,8015,0.050000000000000044,0.5026543140411377,0.00041829328660646244,0.000746132165659219,0.9347026239500318,9,9,10,0.0,1 6 2 3 7 4 8 9 5
1511,8019,0.050000000000000044,0.3220631182193756,0.0004564225673675537,0.00039680927875451744,0.9629182144202176,3,3,4,0.0,4 3 5 10
1512,8023,0.050000000000000044,0.17225868999958038,0.00048589135985821486,0.0010011573322117329,0.917074837773932,3,3,4,0.0,4 3 5 10
1513,8027,0.050000000000000044,0.06573235988616943,0.0004108729335712269,0.0010748562635853887,0.8756208674147211,3,3,4,0.0,5 3 4 10
1514,8031,0.050000000000000044,0.23378059267997742,0.0003845539249596186,0.0017929158639162779,0.8717285928523498,3,3,4,0.0,4 5 3 10
1515,8039,0.050000000000000044,0.4326927959918976,0.0003665217591333203,0.0006191727006807923,0.9399243109149683,7,7,8,0.0,4 3 7 1 2 6 5 10
1516,8048,0.050000000000000044,0.4279635548591614,0.0003867612200944374,0.0007162338588386774,0.9452142089109217,8,8,9,0.0,2 9 1 4 3 5 6 7 10
1517,8052,0.050000000000000044,0.30297723412513733,0.00033168560185004026,0.0009209985146299005,0.9276692834057082,3,3,4,0.0,3 4 5 10
1518,8056,0.050000000000000044,0.17225868999958038,0.00034449753366061486,0.0010011573322117329,0.917074837773932,3,3,4,0.0,3 5 4 10
1519,8063,0.050000000000000044,0.5036421418190002,0.00037673035486867387,0.0008510887855663896,0.9315747005176176,6,6,7,0.0,8 4 1 9 5 3 10
1520,8067,0.050000000000000044,0.1022421345114708,0.00040095814620144665,0.0007125287083908916,0.9225120335356659,3,3,4,0.0,3 4 5 10
1521,8071,0.050000000000000044,0.10726586729288101,0.0003514892086968757,0.000608788977842778,0.9322087477303501,3,3,4,0.0,3 4 5 10
1522,8078,0.050000000000000044,0.4618091583251953,0.00037006253426495405,0.0004860765766352415,0.9522414073153143,6,6,7,0.0,1 9 8 4 5 3 10
1523,8082,0.050000000000000044,0.06573236733675003,0.00030975083791418,0.0010748562635853887,0.8756208674147211,3,3,4,0.0,3 4 5 10
1524,8091,0.050000000000000044,0.48793089389801025,0.00035382846706650325,0.0008275079308077693,0.933605097136798,8,8,9,0.0,9 8 5 6 4 7 2 3 10
1525,8099,0.050000000000000044,0.5376793146133423,0.0004075604483659845,0.00031586206750944257,0.960940085945033,7,7,8,0.0,1 6 9 8 5 4 3 10
1526,8103,0.050000000000000044,0.10726587474346161,0.00034644241532078013,0.000608788977842778,0.9322087477303501,3,3,4,0.0,3 5 4 10
1527,8107,0.050000000000000044,0.30158212780952454,0.0003849601489491761,0.0004913120064884424,0.9460985286517886,3,3,4,0.0,4 3 5 10
1528,8111,0.050000000000000044,0.07672931998968124,0.0003803319232247304,0.0009904849575832486,0.8990747353126263,3,3,4,0.0,3 4 5 10
1529,8115,0.050000000000000044,0.2718748450279236,0.00032200301211560145,0.0006805580342188478,0.9332163441620599,3,3,4,0.0,4 3 5 10
1530,8121,0.050000000000000044,0.41989076137542725,0.0003413304463416959,0.0007486430695280433,0.920224189492525,5,5,6,0.0,4 9 3 8 5 10
1531,8127,0.050000000000000044,0.4623402953147888,0.00031027846368184936,0.0006201389478519559,0.9519790064955438,5,5,6,0.0,4 9 3 8 5 10
1532,8130,0.050000000000000044,0.1174188181757927,0.0003647793491836637,0.00070716452319175,0.9378703671167565,2,2,3,0.0,8 7 10
1533,8138,0.050000000000000044,0.4387210011482239,0.0003441450680838898,0.0007783327018842101,0.8985056065988597,7,7,8,0.0,9 8 4 5 3 1 2 10
1534,8146,0.050000000000000044,0.43872103095054626,0.0003291262728453148,0.0007783327018842101,0.8985056065988597,7,7,8,0.0,5 8 1 4 9 3 2 10
1535,8150,0.050000000000000044,0.21282950043678284,0.0003391128993825987,0.0008140195277519524,0.9398560478627752,3,3,4,0.0,4 3 5 10
1536,8154,0.050000000000000044,0.07672931998968124,0.000358284632966388,0.0009904849575832486,0.8990747353126263,3,3,4,0.0,3 4 5 10
1537,8161,0.050000000000000044,0.40983617305755615,0.00030888702271373143,0.0010293067898601294,0.9054434446620175,6,6,7,0.0,9 2 8 4 5 3 10
1538,8165,0.050000000000000044,0.21238619089126587,0.00039304282108787447,0.0011898600496351719,0.9272665474275913,3,3,4,0.0,3 5 4 10
1539,8169,0.050000000000000044,0.21499721705913544,0.0003417121770326048,0.0007459187181666493,0.9416358080580742,3,3,4,0.0,3 5 4 10
1540,8177,0.050000000000000044,0.5376793146133423,0.00031781438519828953,0.00031586206750944257,0.960940085945033,7,7,8,0.0,1 6 5 8 4 9 3 10
1541,8181,0.050000000000000044,0.21499721705913544,0.00026954202985507436,0.0007459187181666493,0.9416358080580742,3,3,4,0.0,4 5 3 10
1542,8188,0.050000000000000044,0.4030227065086365,0.0003292387160139957,0.0007499791099689901,0.920192811899463,6,6,7,0.0,4 9 3 5 7 2 10
1543,8193,0.050000000000000044,0.2875063121318817,0.000314294925192371,0.0005921300034970045,0.9548693709031155,4,4,5,0.0,4 5 1 3 10
1544,8198,0.050000000000000044,0.2792080342769623,0.000365819176658988,0.0004640428815037012,0.9481763219046678,4,4,5,0.0,9 4 5 3 10
1545,8207,0.050000000000000044,0.5204720497131348,0.0003466915061128222,0.00030623964266851544,0.9617493655997706,9,9,10,0.0,4 3 7 1 8 2 6 9 5
1546,8214,0.050000000000000044,0.4199519753456116,0.00029631663138778616,0.00035479379585012794,0.9353562950131159,6,6,7,0.0,4 1 9 8 5 3 10
1547,8218,0.050000000000000044,0.17665845155715942,0.0003471739182714373,0.0008646699134260416,0.9188100051901145,3,3,4,0.0,3 5 4 10
1548,8222,0.050000000000000044,0.17225868999958038,0.0004034401717945002,0.0010011573322117329,0.917074837773932,3,3,4,0.0,5 3 4 10
1549,8225,0.050000000000000044,0.3278050720691681,0.00031439239198031527,0.0008063819259405136,0.9135487214368674,2,2,3,0.0,1 6 10
1550,8230,0.050000000000000044,0.27468401193618774,0.00036385107669048013,0.0004849766264669597,0.946232221604244,4,4,5,0.0,4 2 5 3 10
1551,8239,0.050000000000000044,0.51607346534729,0.0003416626520144443,0.0010194103233516216,0.9166822389707271,8,8,9,0.0,5 6 4 7 9 2 1 3 10
1552,8247,0.050000000000000044,0.42603209614753723,0.0003716650899150409,0.0006477474817074835,0.9373602893881225,7,7,8,0.0,4 9 1 5 3 2 7 10
1553,8251,0.050000000000000044,0.11627032607793808,0.0003956929867854342,0.0008565268362872303,0.9259343916344303,3,3,4,0.0,3 4 5 10
1554,8255,0.050000000000000044,0.21282950043678284,0.0004285353279556148,0.0008140195277519524,0.9398560478627752,3,3,4,0.0,5 3 4 10
1555,8259,0.050000000000000044,0.11627033352851868,0.00036990551598137245,0.0008565268362872303,0.9259343916344303,3,3,4,0.0,5 4 3 10
1556,8266,0.050000000000000044,0.5156140923500061,0.0004256021722020315,0.0006206950056366622,0.9293672111633984,6,6,7,0.0,5 8 9 3 4 1 10
1557,8274,0.050000000000000044,0.5143231153488159,0.00042910436604870483,0.0007871143170632422,0.9314167069339866,7,7,8,0.0,8 4 3 7 1 2 5 10
1558,8283,0.050000000000000044,0.5110269784927368,0.0004370895848195586,0.0010451078414916992,0.9144197446820144,8,8,9,0.0,8 4 9 3 7 1 2 5 10
1559,8290,0.050000000000000044,0.4594433307647705,0.00038240702373773923,0.0007165867136791348,0.9439791115654209,6,6,7,0.0,1 9 8 5 3 4 10
1560,8297,0.050000000000000044,0.5060255527496338,0.000387037917140073,0.000844796362798661,0.9327079291044602,6,6,7,0.0,8 5 3 7 4 6 10
1561,8301,0.050000000000000044,0.30297723412513733,0.0003839794881059788,0.0009209985146299005,0.9276692834057082,3,3,4,0.0,5 3 4 10
1562,8306,0.050000000000000044,0.44516459107398987,0.0004087375709787011,0.00037097797030583024,0.9324662795779821,4,4,5,0.0,8 3 5 4 10
1563,8310,0.050000000000000044,0.21499721705913544,0.00043746791925514117,0.0007459187181666493,0.9416358080580742,3,3,4,0.0,3 5 4 10
1564,8319,0.050000000000000044,0.498394638299942,0.00040351754675308865,0.000610654940828681,0.9320328336266643,8,8,9,0.0,8 5 3 9 7 4 2 6 10
1565,8323,0.050000000000000044,0.30297723412513733,0.0003253048926126212,0.0009209985146299005,0.9276692834057082,3,3,4,0.0,3 5 4 10
1566,8327,0.050000000000000044,0.11627032607793808,0.0004064041859237477,0.0008565268362872303,0.9259343916344303,3,3,4,0.0,3 5 4 10
1567,8331,0.050000000000000044,0.10029949992895126,0.0003401586873224005,0.0003878751886077225,0.9448756375189485,3,3,4,0.0,5 3 4 10
1568,8338,0.050000000000000044,0.4110320210456848,0.0003655680754621114,0.0010311264777556062,0.9065664907680397,6,6,7,0.0,9 5 8 3 6 4 10
1569,8347,0.050000000000000044,0.52047199010849,0.0003326006133445642,0.00030623964266851544,0.9617493655997706,9,9,10,0.0,1 6 9 5 8 7 4 2 3
1570,8352,0.050000000000000044,0.47142788767814636,0.0003752886317670345,0.000653986120596528,0.9499052518825893,4,4,5,0.0,8 5 3 4 10
1571,8357,0.050000000000000044,0.02686375379562378,0.000369231408694759,0.0010741353034973145,0.8755850392027219,4,4,5,0.0,3 4 5 1 10
1572,8362,0.050000000000000044,0.39288026094436646,0.0004057770187500864,0.0006366806337609887,0.9215599262508852,4,4,5,0.0,8 3 5 4 10
1573,8370,0.050000000000000044,0.5192091464996338,0.0003540283541951794,0.0007701826980337501,0.9333271813910016,7,7,8,0.0,8 4 9 5 7 2 3 10
1574,8375,0.050000000000000044,0.07097703963518143,0.00034138582414016127,0.0009234946919605136,0.917674782895234,4,4,5,0.0,7 9 4 5 10
1575,8380,0.050000000000000044,0.16764986515045166,0.00038653983501717447,0.0004962541861459613,0.9482783325078513,4,4,5,0.0,4 5 1 3 10
1576,8385,0.050000000000000044,0.44516459107398987,0.00036571534583345054,0.00037097797030583024,0.9324662795779821,4,4,5,0.0,8 5 3 4 10
1577,8390,0.050000000000000044,0.17378897964954376,0.0003620533796492964,0.00044229489867575467,0.9496068514874659,4,4,5,0.0,5 3 4 6 10
1578,8394,0.050000000000000044,0.30297723412513733,0.0003112973827228416,0.0009209985146299005,0.9276692834057082,3,3,4,0.0,5 3 4 10
1579,8402,0.050000000000000044,0.5051717758178711,0.00034171660445281304,0.0006181485950946808,0.9294261764934315,7,7,8,0.0,9 8 5 3 4 1 2 10
1580,8407,0.050000000000000044,0.42966407537460327,0.00030243603396229446,0.000780426140408963,0.9179199480060731,4,4,5,0.0,8 5 3 4 10
1581,8411,0.050000000000000044,0.30297723412513733,0.000387323867471423,0.0009209985146299005,0.9276692834057082,3,3,4,0.0,3 5 4 10
1582,8415,0.050000000000000044,0.10726586729288101,0.00031082973146112636,0.000608788977842778,0.9322087477303501,3,3,4,0.0,3 4 5 10
1583,8419,0.050000000000000044,0.3135063946247101,0.0004270659919711761,0.0006012842059135437,0.9540004504138025,3,3,4,0.0,4 5 3 10
1584,8424,0.050000000000000044,0.44516459107398987,0.0003918789036106318,0.00037097797030583024,0.9324662795779821,4,4,5,0.0,8 5 3 4 10
1585,8433,0.050000000000000044,0.5084139704704285,0.00034258266936780675,0.0007655597291886806,0.932778447831003,8,8,9,0.0,8 4 7 3 1 2 6 5 10
1586,8441,0.050000000000000044,0.43938806653022766,0.00038197268440853804,0.0007784082554280758,0.8993254710037558,7,7,8,0.0,5 3 2 7 4 1 6 10
1587,8445,0.050000000000000044,0.20267146825790405,0.00029379757324932143,0.0009034925606101751,0.9324683219938584,3,3,4,0.0,5 7 4 10
1588,8449,0.050000000000000044,0.1968708038330078,0.00039066930185072124,0.0007160058012232184,0.9380829586923193,3,3,4,0.0,3 5 4 10
1589,8453,0.050000000000000044,0.1996101438999176,0.0003797174140345305,0.0004871294368058443,0.9462413316709959,3,3,4,0.0,4 5 3 10
1590,8457,0.050000000000000044,0.16574214398860931,0.0004253998849890195,0.0009426796459592879,0.9117585587338517,3,3,4,0.0,7 5 4 10
1591,8465,0.050000000000000044,0.5189210772514343,0.00032419389754068106,0.0007746737101115286,0.9338800606276845,7,7,8,0.0,8 5 3 9 6 7 4 10
1592,8469,0.050000000000000044,0.3971949815750122,0.0004008486357633956,0.0005323337973095477,0.9140498904637576,3,3,4,0.0,8 5 3 10
1593,8476,0.050000000000000044,0.23830722272396088,0.0003588796368733581,0.0005576614057645202,0.9578667923400574,6,6,7,0.0,1 9 7 3 4 5 10
1594,8483,0.050000000000000044,0.4450104236602783,0.00038331629392424863,0.0006458834977820516,0.9388707996690457,6,6,7,0.0,8 4 9 6 5 3 10
1595,8487,0.050000000000000044,0.1968708038330078,0.0003083751507801935,0.0007160058012232184,0.9380829586923193,3,3,4,0.0,3 5 4 10
1596,8492,0.050000000000000044,0.2279796004295349,0.0003302426659502089,0.0008297472959384322,0.9060973707901028,4,4,5,0.0,4 5 3 7 10
1597,8495,0.050000000000000044,0.10384660214185715,0.0003066226587786029,0.0005341367796063423,0.9184613009908111,2,2,3,0.0,5 3 10
1598,8499,0.050000000000000044,0.30297723412513733,0.00032684672623872757,0.0009209985146299005,0.9276692834057082,3,3,4,0.0,5 4 3 10
1599,8504,0.050000000000000044,0.47142788767814636,0.0003937976434826851,0.000653986120596528,0.9499052518825893,4,4,5,0.0,8 5 3 4 10
1600,8506,0.050000000000000044,0.06460478901863098,0.0004494641616474837,0.0017439918592572212,0.8387347898541814,1,1,2,0.0,5 10
1601,8509,0.050000000000000044,0.10164231806993484,0.0004668242472689599,0.0010656961239874363,0.9006846673414554,2,2,3,0.0,7 8 10
1602,8512,0.050000000000000044,0.1077432930469513,0.00040676982219641406,0.0005307703977450728,0.9233738654575506,2,2,3,0.0,8 7 10
1603,8517,0.050000000000000044,0.28872108459472656,0.0004431836947333068,0.0005819290527142584,0.9552139726585922,4,4,5,0.0,8 5 3 4 10
1604,8521,0.050000000000000044,0.21282950043678284,0.0004340734158176929,0.0008140195277519524,0.9398560478627752,3,3,4,0.0,4 3 5 10
1605,8526,0.050000000000000044,0.4719831347465515,0.000390357815194875,0.0006645540124736726,0.9357582198347405,4,4,5,0.0,8 3 5 4 10
1606,8535,0.050000000000000044,0.5255639553070068,0.0004946177553695937,0.00031947033130563796,0.9611860649232774,8,8,9,0.0,8 3 5 7 4 1 2 9 10
1607,8538,0.050000000000000044,0.10767997801303864,0.00035522911154354614,0.0008629225194454193,0.9381469982221067,2,2,3,0.0,3 1 10
1608,8542,0.050000000000000044,0.21499721705913544,0.0005290694098221138,0.0007459187181666493,0.9416358080580742,3,3,4,0.0,3 5 4 10
1609,8547,0.050000000000000044,0.2446829378604889,0.0005130386212840677,0.0006744725396856666,0.9332382544680242,4,4,5,0.0,2 4 5 3 10
1610,8551,0.050000000000000044,0.21238619089126587,0.00033626070216996595,0.0011898600496351719,0.9272665474275913,3,3,4,0.0,3 5 4 10
1611,8560,0.050000000000000044,0.5204720497131348,0.00041550076437286206,0.00030623964266851544,0.9617493655997706,9,9,10,0.0,8 3 1 4 7 2 6 9 5
1612,8568,0.050000000000000044,0.4375098645687103,0.000423672710894607,0.0007828566012904048,0.8984373147365738,7,7,8,0.0,9 5 8 1 3 4 7 10
1613,8573,0.050000000000000044,0.29167670011520386,0.0003573105292161927,0.0005717716412618756,0.9569784052997792,4,4,5,0.0,4 5 6 3 10
1614,8578,0.050000000000000044,0.3928802013397217,0.00043946763616986573,0.0006366806337609887,0.9215599262508852,4,4,5,0.0,8 4 5 3 10
1615,8585,0.050000000000000044,0.40983617305755615,0.0003643275018215978,0.0010293067898601294,0.9054434446620175,6,6,7,0.0,8 2 4 5 9 3 10
1616,8592,0.050000000000000044,0.4601593613624573,0.00040120720846711526,0.0007160785025916994,0.9444359534560712,6,6,7,0.0,8 2 4 5 9 3 10
1617,8598,0.050000000000000044,0.415768563747406,0.0004552797957633932,0.0011064084246754646,0.901316635913075,5,5,6,0.0,2 5 4 1 3 10
1618,8602,0.050000000000000044,0.30401620268821716,0.00038449619023595005,0.0006716125644743443,0.9484512512345092,3,3,4,0.0,4 5 3 10
1619,8606,0.050000000000000044,0.30297723412513733,0.0004639078979380429,0.0009209985146299005,0.9276692834057082,3,3,4,0.0,3 4 5 10
1620,8610,0.050000000000000044,0.1968708038330078,0.00034638102079043165,0.0007160058012232184,0.9380829586923193,3,3,4,0.0,3 4 5 10
1621,8618,0.050000000000000044,0.5055161118507385,0.0003608737279137131,0.0006190610583871603,0.9300056103435339,7,7,8,0.0,8 5 1 9 7 4 3 10
1622,8626,0.050000000000000044,0.5344344973564148,0.00040324269139091484,0.0003237122728023678,0.9608106245502706,7,7,8,0.0,8 3 7 4 1 2 5 10
1623,8633,0.050000000000000044,0.41995200514793396,0.0003898708174736904,0.00035479379585012794,0.9353562950131159,6,6,7,0.0,8 5 1 9 4 3 10
1624,8637,0.050000000000000044,0.23378059267997742,0.000317738282319624,0.0017929158639162779,0.8717285928523498,3,3,4,0.0,3 5 4 10
1625,8641,0.050000000000000044,0.12847530841827393,0.0003719647284015082,0.00036390128661878407,0.9670587569900415,3,3,4,0.0,3 4 5 10
1626,8645,0.050000000000000044,0.10726586729288101,0.0003596918541006744,0.000608788977842778,0.9322087477303501,3,3,4,0.0,3 4 5 10
1627,8652,0.050000000000000044,0.3990541696548462,0.00032454195232795816,0.00094767747214064,0.9041663384182417,6,6,7,0.0,8 5 1 9 4 3 10
1628,8659,0.050000000000000044,0.5156141519546509,0.0003364287383322205,0.0006206950056366622,0.9293672111633984,6,6,7,0.0,8 5 1 9 4 3 10
1629,8662,0.050000000000000044,0.09591355174779892,0.00041753410672148067,0.0011364452075213194,0.881234130433425,2,2,3,0.0,8 7 10
1630,8670,0.050000000000000044,0.4035293459892273,0.0003749867610167712,0.00035445913090370595,0.935464514917766,7,7,8,0.0,8 5 1 9 7 4 3 10
1631,8673,0.050000000000000044,0.08941886574029922,0.0003763373727755,0.0012216682080179453,0.8729719999783387,2,2,3,0.0,5 3 10
1632,8679,0.050000000000000044,0.47193461656570435,0.0003853652791197722,0.0007504358072765172,0.9430003872630712,5,5,6,0.0,8 2 5 4 3 10
1633,8683,0.050000000000000044,0.12847530841827393,0.00038258751010289416,0.00036390128661878407,0.9670587569900415,3,3,4,0.0,4 3 5 10
1634,8687,0.050000000000000044,0.25300008058547974,0.0003523198320181109,0.0008444669656455517,0.9045451429985933,3,3,4,0.0,3 5 4 10
1635,8695,0.050000000000000044,0.5215806365013123,0.0003298275605629897,0.0007633296772837639,0.9135789345245583,7,7,8,0.0,9 5 8 6 4 7 3 10
1636,8699,0.050000000000000044,0.10029949247837067,0.0003647508710855618,0.0003878751886077225,0.9448756375189485,3,3,4,0.0,3 4 5 10
1637,8706,0.050000000000000044,0.5036421418190002,0.0004103409467331533,0.0008510887855663896,0.9315747005176176,6,6,7,0.0,8 5 1 9 3 4 10
1638,8711,0.050000000000000044,0.27741384506225586,0.00038677328266203406,0.0009086476638913155,0.9294773622036122,4,4,5,0.0,8 5 3 4 10
1639,8718,0.050000000000000044,0.40983617305755615,0.0003739591213941042,0.0010293067898601294,0.9054434446620175,6,6,7,0.0,8 2 4 5 9 3 10
1640,8722,0.050000000000000044,0.06573236733675003,0.0003657588313217275,0.0010748562635853887,0.8756208674147211,3,3,4,0.0,3 4 5 10
1641,8727,0.050000000000000044,0.44516462087631226,0.00035199187695980074,0.00037097797030583024,0.9324662795779821,4,4,5,0.0,8 5 4 3 10
1642,8732,0.050000000000000044,0.2760855555534363,0.00040346437599509956,0.00048098558909259737,0.9471035885151728,4,4,5,0.0,8 5 3 4 10
1643,8740,0.050000000000000044,0.3842056095600128,0.00036305755929788575,0.0009575975127518177,0.9029213174486557,7,7,8,0.0,8 5 6 4 9 2 3 10
1644,8744,0.050000000000000044,0.25300008058547974,0.0003716288920259103,0.0008444669656455517,0.9045451429985933,3,3,4,0.0,5 3 4 10
1645,8752,0.050000000000000044,0.49578791856765747,0.0003964828429161571,0.000840027118101716,0.932712652046105,7,7,8,0.0,8 5 1 9 6 4 3 10
1646,8757,0.050000000000000044,0.47142791748046875,0.00044599780812859535,0.000653986120596528,0.9499052518825893,4,4,5,0.0,8 3 5 4 10
1647,8766,0.050000000000000044,0.5084139704704285,0.00042095110337767337,0.0007655597291886806,0.932778447831003,8,8,9,0.0,8 4 3 7 2 1 6 5 10
1648,8771,0.050000000000000044,0.09247206896543503,0.0005494368204381316,0.00034986442187801003,0.9691345387456249,4,4,5,0.0,4 3 5 6 10
1649,8775,0.050000000000000044,0.06573236733675003,0.000396312476368621,0.0010748562635853887,0.8756208674147211,3,3,4,0.0,4 3 5 10
1650,8780,0.050000000000000044,0.16729365289211273,0.0005009195068851113,0.000481822295114398,0.9467565937058537,4,4,5,0.0,4 3 5 2 10
1651,8784,0.050000000000000044,0.3135063946247101,0.00036216747685102746,0.0006012842059135437,0.9540004504138025,3,3,4,0.0,4 3 5 10
1652,8790,0.050000000000000044,0.43841734528541565,0.000408758336561732,0.0007623718120157719,0.9312043290111313,5,5,6,0.0,8 2 4 3 6 10
1653,8794,0.050000000000000044,0.30401620268821716,0.00041670036443974823,0.0006716125644743443,0.9484512512345092,3,3,4,0.0,4 3 5 10
1654,8802,0.050000000000000044,0.5143231153488159,0.00037645271731889807,0.0007871143170632422,0.9314167069339866,7,7,8,0.0,8 3 7 2 4 1 5 10
1655,8806,0.050000000000000044,0.23378059267997742,0.000395428498450201,0.0017929158639162779,0.8717285928523498,3,3,4,0.0,3 5 4 10
1656,8815,0.050000000000000044,0.5026543736457825,0.00043750342188609973,0.000746132165659219,0.9347026239500318,9,9,10,0.0,8 3 2 1 4 7 6 9 5
1657,8824,0.050000000000000044,0.5084139704704285,0.00040196471511282853,0.0007655597291886806,0.932778447831003,8,8,9,0.0,3 2 1 4 7 8 6 5 10
1658,8828,0.050000000000000044,0.07672931998968124,0.00032026610642788,0.0009904849575832486,0.8990747353126263,3,3,4,0.0,3 4 5 10
1659,8832,0.050000000000000044,0.23378059267997742,0.0003212734227417968,0.0017929158639162779,0.8717285928523498,3,3,4,0.0,3 5 4 10
1660,8836,0.050000000000000044,0.25300008058547974,0.00036503288720268756,0.0008444669656455517,0.9045451429985933,3,3,4,0.0,4 5 3 10
1661,8840,0.050000000000000044,0.30297723412513733,0.00038824615330668166,0.0009209985146299005,0.9276692834057082,3,3,4,0.0,4 3 5 10
1662,8844,0.050000000000000044,0.12847530841827393,0.00042698361357906833,0.00036390128661878407,0.9670587569900415,3,3,4,0.0,4 3 5 10
1663,8848,0.050000000000000044,0.2718748450279236,0.0003215002434444614,0.0006805580342188478,0.9332163441620599,3,3,4,0.0,4 3 5 10
1664,8852,0.050000000000000044,0.06573236733675003,0.0004120490048080683,0.0010748562635853887,0.8756208674147211,3,3,4,0.0,3 4 5 10
1665,8860,0.050000000000000044,0.392240047454834,0.0004114057192055043,0.0007275724783539772,0.9225764973587428,7,7,8,0.0,3 2 4 5 9 7 6 10
1666,8867,0.050000000000000044,0.4046221375465393,0.0003738198179884681,0.0010854376014322042,0.904629203088927,6,6,7,0.0,2 5 1 8 3 4 10
1667,8873,0.050000000000000044,0.45675933361053467,0.00035261682933196425,0.0006573947612196207,0.9362389007129227,5,5,6,0.0,8 2 4 5 3 10
1668,8882,0.050000000000000044,0.3829534351825714,0.000374978841541128,0.0009324976126663387,0.9064798418179987,8,8,9,0.0,3 2 1 8 4 7 6 5 10
1669,8889,0.050000000000000044,0.5118101835250854,0.00036951861693523824,0.0006372953066602349,0.9295544532547383,6,6,7,0.0,9 5 3 7 4 6 10
1670,8897,0.050000000000000044,0.5389696955680847,0.00037892203545197845,0.00031387933995574713,0.9612680330571323,7,7,8,0.0,3 9 4 5 6 1 7 10
1671,8904,0.050000000000000044,0.45854294300079346,0.0002942375867860392,0.0004959804937243462,0.9509459583711114,6,6,7,0.0,3 2 4 7 5 9 10
1672,8909,0.050000000000000044,0.17988207936286926,0.00031322933500632644,0.00118537456728518,0.9282875661865567,4,4,5,0.0,3 5 4 1 10
1673,8916,0.050000000000000044,0.41219449043273926,0.0003156094005264874,0.0003686895070131868,0.9323750470679665,6,6,7,0.0,3 2 4 7 1 5 10
1674,8923,0.050000000000000044,0.5156141519546509,0.0003676570070508335,0.0006206950056366622,0.9293672111633984,6,6,7,0.0,9 5 8 1 4 3 10
1675,8927,0.050000000000000044,0.25300008058547974,0.0003479010774753988,0.0008444669656455517,0.9045451429985933,3,3,4,0.0,4 5 3 10
1676,8931,0.050000000000000044,0.28822413086891174,0.00033829691528808326,0.0007968444260768592,0.9430220179374946,3,3,4,0.0,7 4 5 10
1677,8938,0.050000000000000044,0.5156141519546509,0.0003887055001022028,0.0006206950056366622,0.9293672111633984,6,6,7,0.0,9 5 8 1 4 3 10
1678,8947,0.050000000000000044,0.529610812664032,0.00031520989917529124,0.00030994811095297337,0.961412628096009,8,8,9,0.0,1 3 2 4 7 8 6 5 10
1679,8952,0.050000000000000044,0.03443533182144165,0.0003563985403161496,0.0011553994845598936,0.8963733397415362,4,4,5,0.0,3 6 4 5 10
1680,8956,0.050000000000000044,0.17057457566261292,0.000313395619741641,0.0019095209427177906,0.9000095433326312,3,3,4,0.0,7 5 4 10
1681,8960,0.050000000000000044,0.196870818734169,0.00029812342836521566,0.0007160058012232184,0.9380829586923193,3,3,4,0.0,4 5 3 10
1682,8964,0.050000000000000044,0.2718748152256012,0.00032117428054334596,0.0006805580342188478,0.9332163441620599,3,3,4,0.0,4 5 3 10
1683,8971,0.050000000000000044,0.44007062911987305,0.0002951732978025185,0.0006542970077134669,0.9359843899605532,6,6,7,0.0,3 2 4 5 7 1 10
1684,8975,0.050000000000000044,0.3220631182193756,0.0002902191845350899,0.00039680927875451744,0.9629182144202176,3,3,4,0.0,4 5 3 10
1685,8979,0.050000000000000044,0.21238619089126587,0.00035786896478384733,0.0011898600496351719,0.9272665474275913,3,3,4,0.0,3 5 4 10
1686,8986,0.050000000000000044,0.4033021926879883,0.0003214400265798239,0.0007517846534028649,0.9205593121604602,6,6,7,0.0,3 2 4 7 8 5 10
1687,8990,0.050000000000000044,0.30297723412513733,0.0003381975620868616,0.0009209985146299005,0.9276692834057082,3,3,4,0.0,3 5 4 10
1688,8994,0.050000000000000044,0.23378059267997742,0.00035972676414530724,0.0017929158639162779,0.8717285928523498,3,3,4,0.0,3 5 4 10
1689,8998,0.050000000000000044,0.1968708038330078,0.00031544884768663906,0.0007160058012232184,0.9380829586923193,3,3,4,0.0,4 3 5 10
1690,9006,0.050000000000000044,0.3878190517425537,0.0004453557121451013,0.0009499221341684461,0.904617074270169,7,7,8,0.0,8 5 1 7 4 2 3 10
1691,9010,0.050000000000000044,0.1996101588010788,0.0005595687543973327,0.0004871294368058443,0.9462413316709959,3,3,4,0.0,4 3 5 10
1692,9014,0.050000000000000044,0.12847530841827393,0.0005079688053228892,0.00036390128661878407,0.9670587569900415,3,3,4,0.0,4 3 5 10
1693,9021,0.050000000000000044,0.5325024127960205,0.000495340716692486,0.0007637629751116037,0.9134335764966169,6,6,7,0.0,9 5 3 7 8 4 10
1694,9024,0.050000000000000044,0.08941886574029922,0.0005099203262943774,0.0012216682080179453,0.8729719999783387,2,2,3,0.0,3 5 10
1695,9028,0.050000000000000044,0.21282950043678284,0.00047970130981411785,0.0008140195277519524,0.9398560478627752,3,3,4,0.0,3 5 4 10
1696,9032,0.050000000000000044,0.21238619089126587,0.000522193979122676,0.0011898600496351719,0.9272665474275913,3,3,4,0.0,3 5 4 10
1697,9038,0.050000000000000044,0.46568551659584045,0.00046279321153027314,0.0007825181819498539,0.9405219571556405,5,5,6,0.0,2 4 7 5 3 10
1698,9042,0.050000000000000044,0.2718748450279236,0.000494035761221312,0.0006805580342188478,0.9332163441620599,3,3,4,0.0,4 3 5 10
1699,9046,0.050000000000000044,0.14537881314754486,0.0004858680331381038,0.0012301155366003513,0.9010286049277264,3,3,4,0.0,4 2 5 10
1700,9049,0.050000000000000044,0.09591355174779892,0.00036584272553833824,0.0011364452075213194,0.881234130433425,2,2,3,0.0,8 7 10
1701,9053,0.050000000000000044,0.3015821576118469,0.00044652981887338683,0.0004913120064884424,0.9460985286517886,3,3,4,0.0,3 5 4 10
1702,9061,0.050000000000000044,0.5021100044250488,0.0003730614516825881,0.0006319843814708292,0.9296940156877679,7,7,8,0.0,3 2 4 7 1 5 9 10
1703,9065,0.050000000000000044,0.3220631182193756,0.00045536039397120476,0.00039680927875451744,0.9629182144202176,3,3,4,0.0,3 5 4 10
1704,9070,0.050000000000000044,0.1665993332862854,0.00040438263094983996,0.0006925535853952169,0.9397647409355456,4,4,5,0.0,3 7 4 5 10
1705,9076,0.050000000000000044,0.41989076137542725,0.00048442256714527804,0.0007486430695280433,0.920224189492525,5,5,6,0.0,3 9 4 5 8 10
1706,9080,0.050000000000000044,0.21238619089126587,0.00033060954592656344,0.0011898600496351719,0.9272665474275913,3,3,4,0.0,3 5 4 10
1707,9084,0.050000000000000044,0.20054133236408234,0.0003879575597238727,0.0004971498856320977,0.9479085171371521,3,3,4,0.0,3 4 5 10
1708,9091,0.050000000000000044,0.4574887156486511,0.0004061859009587871,0.0007334284600801766,0.9435753235139405,6,6,7,0.0,3 2 4 5 9 7 10
1709,9098,0.050000000000000044,0.4030226469039917,0.00040805961803666184,0.0007499791099689901,0.920192811899463,6,6,7,0.0,3 2 4 5 9 7 10
1710,9101,0.050000000000000044,0.1077432930469513,0.0003948553833955278,0.0005307703977450728,0.9233738654575506,2,2,3,0.0,8 7 10
1711,9105,0.050000000000000044,0.21499721705913544,0.0003948702578782104,0.0007459187181666493,0.9416358080580742,3,3,4,0.0,4 3 5 10
1712,9113,0.050000000000000044,0.5021100044250488,0.0004604508794727735,0.0006319843814708292,0.9296940156877679,7,7,8,0.0,3 2 1 5 9 4 7 10
1713,9118,0.050000000000000044,0.46413716673851013,0.00043878862052224574,0.000683844555169344,0.9476837843621103,4,4,5,0.0,3 2 4 5 10
1714,9122,0.050000000000000044,0.1996101588010788,0.00040116246964316815,0.0004871294368058443,0.9462413316709959,3,3,4,0.0,4 3 5 10
1715,9126,0.050000000000000044,0.21282950043678284,0.0003728017400135286,0.0008140195277519524,0.9398560478627752,3,3,4,0.0,4 3 5 10
1716,9133,0.050000000000000044,0.46090513467788696,0.00037882395554333925,0.0004880231572315097,0.9517992913333188,6,6,7,0.0,4 9 3 5 6 2 10
1717,9136,0.050000000000000044,0.08941886574029922,0.00035979575477540493,0.0012216682080179453,0.8729719999783387,2,2,3,0.0,3 5 10
1718,9140,0.050000000000000044,0.1996101438999176,0.00038970139576122165,0.0004871294368058443,0.9462413316709959,3,3,4,0.0,3 5 4 10
1719,9148,0.050000000000000044,0.44436368346214294,0.0003860030228679534,0.0007246614550240338,0.9454937145096226,7,7,8,0.0,3 2 5 7 9 4 6 10
1720,9155,0.050000000000000044,0.4434446692466736,0.0003550973571171718,0.0006276955245994031,0.951167945664788,6,6,7,0.0,3 2 4 5 9 7 10
1721,9160,0.050000000000000044,0.39288026094436646,0.00035359854227863253,0.0006366806337609887,0.9215599262508852,4,4,5,0.0,3 8 5 4 10
1722,9169,0.050000000000000044,0.41632336378097534,0.00040059953527007665,0.0006200803909450769,0.9402069508072596,8,8,9,0.0,1 4 5 9 3 6 7 8 10
1723,9177,0.050000000000000044,0.35317471623420715,0.00040980388439493254,0.0006089305970817804,0.9248569284019799,7,7,8,0.0,3 2 4 6 7 9 5 10
1724,9181,0.050000000000000044,0.1996101588010788,0.00036703050864161924,0.0004871294368058443,0.9462413316709959,3,3,4,0.0,4 3 5 10
1725,9185,0.050000000000000044,0.20054133236408234,0.00035791453410638496,0.0004971498856320977,0.9479085171371521,3,3,4,0.0,4 5 3 10
1726,9189,0.050000000000000044,0.2718748152256012,0.0003348896643728949,0.0006805580342188478,0.9332163441620599,3,3,4,0.0,4 5 3 10
1727,9193,0.050000000000000044,0.23378059267997742,0.00036779783840756863,0.0017929158639162779,0.8717285928523498,3,3,4,0.0,3 5 4 10
1728,9200,0.050000000000000044,0.543053388595581,0.00040926156881531436,0.0003282442921772599,0.9603478005964322,6,6,7,0.0,4 1 8 3 5 9 10
1729,9204,0.050000000000000044,0.3135063946247101,0.00036121848825132474,0.0006012842059135437,0.9540004504138025,3,3,4,0.0,4 5 3 10
1730,9208,0.050000000000000044,0.06573235988616943,0.0003427413794270251,0.0010748562635853887,0.8756208674147211,3,3,4,0.0,5 3 4 10
1731,9210,0.050000000000000044,0.08709827065467834,0.00037361265276558697,0.0020155692473053932,0.8374704877567986,1,1,2,0.0,3 10
1732,9213,0.050000000000000044,0.07504940778017044,0.00037374187377281487,0.0013589512091130018,0.845822346010262,2,2,3,0.0,3 5 10
1733,9217,0.050000000000000044,0.3135063946247101,0.00038549882447114214,0.0006012842059135437,0.9540004504138025,3,3,4,0.0,3 5 4 10
1734,9221,0.050000000000000044,0.3220631182193756,0.00034151669387938455,0.00039680927875451744,0.9629182144202176,3,3,4,0.0,3 4 5 10
1735,9227,0.050000000000000044,0.5426119565963745,0.00035512089865126956,0.0010583109688013792,0.9143119983897765,5,5,6,0.0,3 9 4 8 5 10
1736,9231,0.050000000000000044,0.17665845155715942,0.0003348380923853256,0.0008646699134260416,0.9188100051901145,3,3,4,0.0,3 5 4 10
1737,9234,0.050000000000000044,0.07981694489717484,0.00031490472611039877,0.0013168586883693933,0.8645157890923667,2,2,3,0.0,5 7 10
1738,9238,0.050000000000000044,0.23378059267997742,0.00039721700886730105,0.0017929158639162779,0.8717285928523498,3,3,4,0.0,3 5 4 10
1739,9242,0.050000000000000044,0.30401620268821716,0.0003716766514116898,0.0006716125644743443,0.9484512512345092,3,3,4,0.0,4 5 3 10
1740,9245,0.050000000000000044,0.11333006620407104,0.00043969757583302754,0.0007534594042226672,0.9367033035697041,2,2,3,0.0,5 3 10
1741,9252,0.050000000000000044,0.46073585748672485,0.0004717832281520324,0.0007178953383117914,0.944925220946778,6,6,7,0.0,3 9 4 6 5 8 10
1742,9255,0.050000000000000044,0.09591355174779892,0.0005710820162979265,0.0011364452075213194,0.881234130433425,2,2,3,0.0,8 7 10
1743,9262,0.050000000000000044,0.46073585748672485,0.0005922170447385204,0.0007178953383117914,0.944925220946778,6,6,7,0.0,3 9 4 6 5 8 10
1744,9266,0.050000000000000044,0.21238619089126587,0.0004420955083332956,0.0011898600496351719,0.9272665474275913,3,3,4,0.0,3 5 4 10
1745,9270,0.050000000000000044,0.21238619089126587,0.0005118463232065551,0.0011898600496351719,0.9272665474275913,3,3,4,0.0,3 5 4 10
1746,9278,0.050000000000000044,0.39323580265045166,0.0005323585755832028,0.0010222854325547814,0.9050519028578871,7,7,8,0.0,7 9 4 5 6 3 2 10
1747,9282,0.050000000000000044,0.21499721705913544,0.0005831055750604719,0.0007459187181666493,0.9416358080580742,3,3,4,0.0,5 4 3 10
1748,9289,0.050000000000000044,0.5118101835250854,0.0004732973299854036,0.0006372953066602349,0.9295544532547383,6,6,7,0.0,7 9 6 5 4 3 10
1749,9293,0.050000000000000044,0.21238619089126587,0.000473801170301158,0.0011898600496351719,0.9272665474275913,3,3,4,0.0,3 5 4 10
1750,9297,0.050000000000000044,0.1968708038330078,0.0004793528714799322,0.0007160058012232184,0.9380829586923193,3,3,4,0.0,3 4 5 10
1751,9306,0.050000000000000044,0.3821580708026886,0.0004661421052231971,0.0009314047056250274,0.9053918365012593,8,8,9,0.0,7 9 1 5 4 6 2 3 10
1752,9309,0.050000000000000044,0.1487344652414322,0.0004233992949593812,0.0015360361430794,0.8286986004530179,2,2,3,0.0,3 9 10
1753,9313,0.050000000000000044,0.07023914158344269,0.00041462836088612676,0.0005277672316879034,0.9248363612558556,3,3,4,0.0,8 7 9 10
1754,9316,0.050000000000000044,0.08442725986242294,0.00039485914749093354,0.001293298089876771,0.8578867554912669,2,2,3,0.0,8 7 10
1755,9323,0.050000000000000044,0.41772374510765076,0.0004421446605452469,0.0003583391662687063,0.9344370975363977,6,6,7,0.0,4 9 3 7 5 6 10
1756,9327,0.050000000000000044,0.10029949247837067,0.0004573616461129859,0.0003878751886077225,0.9448756375189485,3,3,4,0.0,3 4 5 10
1757,9330,0.050000000000000044,0.07245881110429764,0.00045128936956947047,0.0013972548767924309,0.8446472032564857,2,2,3,0.0,7 5 10
1758,9334,0.050000000000000044,0.3220631182193756,0.0005200491286814213,0.00039680927875451744,0.9629182144202176,3,3,4,0.0,4 5 3 10
1759,9342,0.050000000000000044,0.5190927982330322,0.0004086803710379172,0.0007703872397542,0.9332438252343576,7,7,8,0.0,7 9 4 5 6 2 3 10
1760,9349,0.050000000000000044,0.3668995201587677,0.0004131873928210033,0.0006145805818960071,0.9236309145279361,6,6,7,0.0,7 9 4 5 3 2 10
1761,9353,0.050000000000000044,0.1968708038330078,0.0003520231257425621,0.0007160058012232184,0.9380829586923193,3,3,4,0.0,3 5 4 10
1762,9357,0.050000000000000044,0.17665845155715942,0.0004602719418471679,0.0008646699134260416,0.9188100051901145,3,3,4,0.0,3 5 4 10
1763,9360,0.050000000000000044,0.09888169914484024,0.000396083186691006,0.0010826841462403536,0.8978112265578384,2,2,3,0.0,1 7 10
1764,9364,0.050000000000000044,0.17665845155715942,0.0003998636530013755,0.0008646699134260416,0.9188100051901145,3,3,4,0.0,3 5 4 10
1765,9368,0.050000000000000044,0.1996101438999176,0.0004270971694495529,0.0004871294368058443,0.9462413316709959,3,3,4,0.0,3 5 4 10
1766,9372,0.050000000000000044,0.21499721705913544,0.0003876682385453023,0.0007459187181666493,0.9416358080580742,3,3,4,0.0,4 3 5 10
1767,9376,0.050000000000000044,0.16699495911598206,0.0003268242289777845,0.0019570025615394115,0.896982293051095,3,3,4,0.0,3 8 4 10
1768,9379,0.050000000000000044,0.09591355174779892,0.00035742394781361025,0.0011364452075213194,0.881234130433425,2,2,3,0.0,8 7 10
1769,9382,0.050000000000000044,0.10164231806993484,0.00037268971209414303,0.0010656961239874363,0.9006846673414554,2,2,3,0.0,7 8 10
1770,9386,0.050000000000000044,0.30158212780952454,0.00035900648072129115,0.0004913120064884424,0.9460985286517886,3,3,4,0.0,4 3 5 10
1771,9389,0.050000000000000044,0.36644601821899414,0.0004462835398347427,0.0016177521320059896,0.850256281024494,2,2,3,0.0,7 5 10
1772,9393,0.050000000000000044,0.3135063946247101,0.0003610572384786792,0.0006012842059135437,0.9540004504138025,3,3,4,0.0,4 5 3 10
1773,9396,0.050000000000000044,0.08442725986242294,0.00047267710518402356,0.001293298089876771,0.8578867554912669,2,2,3,0.0,7 8 10
1774,9401,0.050000000000000044,0.29167670011520386,0.0003974866936914623,0.0005717716412618756,0.9569784052997792,4,4,5,0.0,4 6 5 3 10
1775,9405,0.050000000000000044,0.07092421501874924,0.0003522659608279355,0.0011787256225943565,0.8939529767838018,3,3,4,0.0,4 3 5 10
1776,9408,0.050000000000000044,0.06865270435810089,0.00043617594443882507,0.001440802589058876,0.8415589681898513,2,2,3,0.0,4 7 10
1777,9412,0.050000000000000044,0.10224214941263199,0.00038703278551111,0.0007125287083908916,0.9225120335356659,3,3,4,0.0,4 3 5 10
1778,9420,0.050000000000000044,0.4055359959602356,0.00033014831933542155,0.000349960959283635,0.9361082741749273,7,7,8,0.0,4 9 3 7 5 2 6 10
1779,9423,0.050000000000000044,0.0906403511762619,0.00044532962298641604,0.0005945689044892788,0.9094967586071397,2,2,3,0.0,1 7 10
1780,9426,0.050000000000000044,0.09758038073778152,0.00037766290673365194,0.0011654619593173265,0.8859952985177284,2,2,3,0.0,1 7 10
1781,9430,0.050000000000000044,0.30297723412513733,0.0003667468190542422,0.0009209985146299005,0.9276692834057082,3,3,4,0.0,4 5 3 10
1782,9434,0.050000000000000044,0.3135063946247101,0.0003169417832395993,0.0006012842059135437,0.9540004504138025,3,3,4,0.0,4 5 3 10
1783,9438,0.050000000000000044,0.1996101588010788,0.00035082552494714037,0.0004871294368058443,0.9462413316709959,3,3,4,0.0,4 3 5 10
1784,9445,0.050000000000000044,0.4483349919319153,0.0004873658098014338,0.0007852078415453434,0.8988121339739007,6,6,7,0.0,7 5 3 6 8 4 10
1785,9453,0.050000000000000044,0.5064674019813538,0.0004245897871442139,0.0006209442508406937,0.9314489796598232,7,7,8,0.0,7 5 3 6 4 9 2 10
1786,9457,0.050000000000000044,0.30297723412513733,0.0003958106826758012,0.0009209985146299005,0.9276692834057082,3,3,4,0.0,3 5 4 10
1787,9461,0.050000000000000044,0.21282950043678284,0.00043999397894367576,0.0008140195277519524,0.9398560478627752,3,3,4,0.0,3 5 4 10
1788,9468,0.050000000000000044,0.4030226469039917,0.00033044856016723704,0.0007499791099689901,0.920192811899463,6,6,7,0.0,7 9 4 5 3 2 10
1789,9471,0.050000000000000044,0.08442725986242294,0.00040616995344559353,0.001293298089876771,0.8578867554912669,2,2,3,0.0,7 8 10
1790,9475,0.050000000000000044,0.3220631182193756,0.00030073997913859785,0.00039680927875451744,0.9629182144202176,3,3,4,0.0,4 5 3 10
1791,9483,0.050000000000000044,0.5021100044250488,0.0004025114139949437,0.0006319843814708292,0.9296940156877679,7,7,8,0.0,2 1 4 7 9 5 3 10
1792,9487,0.050000000000000044,0.10029949247837067,0.0003776442681555636,0.0003878751886077225,0.9448756375189485,3,3,4,0.0,3 4 5 10
1793,9491,0.050000000000000044,0.2718748152256012,0.0003594228910515085,0.0006805580342188478,0.9332163441620599,3,3,4,0.0,4 5 3 10
1794,9499,0.050000000000000044,0.539195716381073,0.00033067315598600544,0.00031488327658735216,0.9616533706006766,7,7,8,0.0,5 7 3 6 4 9 2 10
1795,9503,0.050000000000000044,0.30158212780952454,0.0006810025370214134,0.0004913120064884424,0.9460985286517886,3,3,4,0.0,4 5 3 10
1796,9507,0.050000000000000044,0.2718748152256012,0.0006099355377955362,0.0006805580342188478,0.9332163441620599,3,3,4,0.0,4 5 3 10
1797,9516,0.050000000000000044,0.38489648699760437,0.0005720929863552252,0.0009265134576708078,0.9069147171733921,8,8,9,0.0,7 9 4 3 5 2 1 8 10
1798,9520,0.050000000000000044,0.30158212780952454,0.000489034500787966,0.0004913120064884424,0.9460985286517886,3,3,4,0.0,4 5 3 10
1799,9524,0.050000000000000044,0.21499721705913544,0.0005630136511172168,0.0007459187181666493,0.9416358080580742,3,3,4,0.0,4 5 3 10
1800,9528,0.050000000000000044,0.21238619089126587,0.000526840791280847,0.0011898600496351719,0.9272665474275913,3,3,4,0.0,4 5 3 10
1801,9536,0.050000000000000044,0.3943439722061157,0.0005557623626373243,0.0010241478448733687,0.9061037700946635,7,7,8,0.0,3 9 7 4 5 2 8 10
1802,9539,0.050000000000000044,0.10590078681707382,0.00043006013341558474,0.0015152505366131663,0.8739005686154901,2,2,3,0.0,7 8 10
1803,9542,0.050000000000000044,0.1174188181757927,0.0005381475784815848,0.00070716452319175,0.9378703671167565,2,2,3,0.0,8 7 10
1804,9546,0.050000000000000044,0.30401620268821716,0.00044100554441683926,0.0006716125644743443,0.9484512512345092,3,3,4,0.0,3 5 4 10
1805,9551,0.050000000000000044,0.2289275825023651,0.00046917275176383555,0.0008258778834715486,0.9067661408401414,4,4,5,0.0,3 8 5 4 10
1806,9555,0.050000000000000044,0.07672931253910065,0.00048294160660589114,0.0009904849575832486,0.8990747353126263,3,3,4,0.0,4 3 5 10
1807,9560,0.050000000000000044,0.27866867184638977,0.0004629378498066217,0.0008993439842015505,0.9303372665867652,4,4,5,0.0,9 4 5 3 10
1808,9568,0.050000000000000044,0.44262969493865967,0.00042209390812786296,0.0007136231288313866,0.9437180119837932,7,7,8,0.0,2 5 1 3 4 9 8 10
1809,9572,0.050000000000000044,0.2718748152256012,0.0004360056555015035,0.0006805580342188478,0.9332163441620599,3,3,4,0.0,4 5 3 10
1810,9576,0.050000000000000044,0.21238619089126587,0.0004649210750358179,0.0011898600496351719,0.9272665474275913,3,3,4,0.0,4 5 3 10
1811,9580,0.050000000000000044,0.30158212780952454,0.00043972317507723346,0.0004913120064884424,0.9460985286517886,3,3,4,0.0,4 5 3 10
1812,9584,0.050000000000000044,0.21238619089126587,0.0005088569596409798,0.0011898600496351719,0.9272665474275913,3,3,4,0.0,5 3 4 10
1813,9591,0.050000000000000044,0.3684368133544922,0.0004668421419670007,0.0006126362713985145,0.9243970615756072,6,6,7,0.0,3 9 7 4 8 5 10
1814,9596,0.050000000000000044,0.2778966724872589,0.00042773277382366357,0.0006603552610613406,0.9491307777435686,4,4,5,0.0,4 5 3 1 10
1815,9603,0.050000000000000044,0.4559774398803711,0.00040096502717850465,0.000737322901841253,0.9427650700213651,6,6,7,0.0,1 8 7 5 3 4 10
1816,9611,0.050000000000000044,0.4971880316734314,0.000449711787950946,0.0008331005810759962,0.9328399639705132,7,7,8,0.0,8 4 9 2 5 7 3 10
1817,9615,0.050000000000000044,0.30297723412513733,0.0003766141599044204,0.0009209985146299005,0.9276692834057082,3,3,4,0.0,4 5 3 10
1818,9621,0.050000000000000044,0.37961938977241516,0.0003717863146448508,0.0006245305994525552,0.922281097979523,5,5,6,0.0,4 9 6 3 5 10
1819,9624,0.050000000000000044,0.07504940778017044,0.0005182608535202841,0.0013589512091130018,0.845822346010262,2,2,3,0.0,3 5 10
1820,9631,0.050000000000000044,0.4030227065086365,0.00039327259375048537,0.0007499791099689901,0.920192811899463,6,6,7,0.0,3 7 9 4 5 2 10
1821,9635,0.050000000000000044,0.11627032607793808,0.00035591371852206066,0.0008565268362872303,0.9259343916344303,3,3,4,0.0,3 5 4 10
1822,9638,0.050000000000000044,0.08485784381628036,0.0004218476436411341,0.0013914601877331734,0.8662559903724015,2,2,3,0.0,3 5 10
1823,9647,0.050000000000000044,0.48618951439857483,0.00035712246446766786,0.0008321161149069667,0.9327789712143568,8,8,9,0.0,7 9 5 4 2 3 1 8 10
1824,9652,0.050000000000000044,0.16851556301116943,0.00045614163973368705,0.00047345642815344036,0.9472198674320182,4,4,5,0.0,1 4 3 5 10
1825,9657,0.050000000000000044,0.1436135321855545,0.0004619179875589907,0.0008616394479759037,0.9189084983396474,4,4,5,0.0,2 5 4 3 10
1826,9660,0.050000000000000044,0.091082364320755,0.00037534700823016465,0.0012427582405507565,0.8784250103902873,2,2,3,0.0,7 8 10
1827,9663,0.050000000000000044,0.08542976528406143,0.0003624017311570545,0.001488598994910717,0.8755486795543632,2,2,3,0.0,7 8 10
1828,9669,0.050000000000000044,0.41635164618492126,0.00031406683653282624,0.0007632316555827856,0.9188885867914603,5,5,6,0.0,4 7 9 5 3 10
1829,9673,0.050000000000000044,0.30401620268821716,0.0003515573735057842,0.0006716125644743443,0.9484512512345092,3,3,4,0.0,4 5 3 10
1830,9677,0.050000000000000044,0.30297723412513733,0.00037196859921095893,0.0009209985146299005,0.9276692834057082,3,3,4,0.0,4 5 3 10
1831,9681,0.050000000000000044,0.3220631182193756,0.0003898741997545585,0.00039680927875451744,0.9629182144202176,3,3,4,0.0,4 5 3 10
1832,9685,0.050000000000000044,0.30401620268821716,0.00036076884862268344,0.0006716125644743443,0.9484512512345092,3,3,4,0.0,4 5 3 10
1833,9689,0.050000000000000044,0.1996101438999176,0.0003227717970730737,0.0004871294368058443,0.9462413316709959,3,3,4,0.0,4 5 3 10
1834,9695,0.050000000000000044,0.4306153357028961,0.0003228854790601569,0.0003661024384200573,0.9331274388023563,5,5,6,0.0,4 7 3 9 5 10
1835,9701,0.050000000000000044,0.4553869962692261,0.0003436943710160752,0.0006484143668785691,0.9498434619231684,5,5,6,0.0,3 1 8 5 4 10
1836,9706,0.050000000000000044,0.21256259083747864,0.0003991568635683507,0.0017306746449321508,0.8764653371804251,4,4,5,0.0,9 4 5 3 10
1837,9709,0.050000000000000044,0.10017555952072144,0.0003569595670948426,0.001644124393351376,0.8720383136029334,2,2,3,0.0,3 5 10
1838,9713,0.050000000000000044,0.3015821576118469,0.0003613978115026839,0.0004913120064884424,0.9460985286517886,3,3,4,0.0,3 5 4 10
1839,9717,0.050000000000000044,0.21238619089126587,0.00037060677277622744,0.0011898600496351719,0.9272665474275913,3,3,4,0.0,3 5 4 10
1840,9725,0.050000000000000044,0.3926352560520172,0.00038315703932312317,0.0009371813503094018,0.9062324092146474,7,7,8,0.0,9 5 8 7 4 2 3 10
1841,9734,0.050000000000000044,0.43072783946990967,0.0003875935573079106,0.0007713682716712356,0.9001080341876333,8,8,9,0.0,4 7 1 2 3 9 5 8 10
1842,9741,0.050000000000000044,0.4531359076499939,0.0003084865082720561,0.0007695589447394013,0.9426009541778304,6,6,7,0.0,1 2 4 5 7 3 10
1843,9750,0.050000000000000044,0.498394638299942,0.0003579543101497822,0.000610654940828681,0.9320328336266643,8,8,9,0.0,9 5 8 3 6 7 2 4 10
1844,9758,0.050000000000000044,0.5075499415397644,0.0006601325476367492,0.0006140784244053066,0.9308668412755418,7,7,8,0.0,7 9 5 4 8 2 3 10
1845,9762,0.050000000000000044,0.30158212780952454,0.0005878898518858477,0.0004913120064884424,0.9460985286517886,3,3,4,0.0,4 5 3 10
1846,9766,0.050000000000000044,0.2718748152256012,0.0006021257286192849,0.0006805580342188478,0.9332163441620599,3,3,4,0.0,5 4 3 10
1847,9770,0.050000000000000044,0.23378056287765503,0.000575143210880924,0.0017929158639162779,0.8717285928523498,3,3,4,0.0,5 4 3 10
1848,9774,0.050000000000000044,0.21282950043678284,0.0005431806057458743,0.0008140195277519524,0.9398560478627752,3,3,4,0.0,5 4 3 10
1849,9779,0.050000000000000044,0.09247206896543503,0.0005351290630642325,0.00034986442187801003,0.9691345387456249,4,4,5,0.0,5 4 6 3 10
1850,9786,0.050000000000000044,0.447737455368042,0.0004574814686618213,0.000784349103923887,0.8978366713426059,6,6,7,0.0,9 8 4 3 5 1 10
1851,9790,0.050000000000000044,0.21238619089126587,0.00044293134851614013,0.0011898600496351719,0.9272665474275913,3,3,4,0.0,4 5 3 10
1852,9797,0.050000000000000044,0.411048948764801,0.0005069614604248532,0.0010297622065991163,0.9064937729065115,6,6,7,0.0,9 5 8 4 1 3 10
1853,9801,0.050000000000000044,0.21499721705913544,0.0004656502351281233,0.0007459187181666493,0.9416358080580742,3,3,4,0.0,5 4 3 10
1854,9805,0.050000000000000044,0.12847530841827393,0.0004289428543415852,0.00036390128661878407,0.9670587569900415,3,3,4,0.0,5 4 3 10
1855,9809,0.050000000000000044,0.1072658821940422,0.000492469102027826,0.000608788977842778,0.9322087477303501,3,3,4,0.0,5 4 3 10
1856,9813,0.050000000000000044,0.10224214941263199,0.000547102521522902,0.0007125287083908916,0.9225120335356659,3,3,4,0.0,5 4 3 10
1857,9818,0.050000000000000044,0.16717293858528137,0.0005109469231683761,0.0006917453138157725,0.9403354965336399,4,4,5,0.0,5 8 3 4 10
1858,9824,0.050000000000000044,0.3778550624847412,0.0005015672213630751,0.0006283191032707691,0.9215956026872046,5,5,6,0.0,4 7 3 9 5 10
1859,9833,0.050000000000000044,0.42975157499313354,0.00044319229588533443,0.0004744231700897217,0.9519287506195935,8,8,9,0.0,1 6 2 3 7 4 9 5 10
1860,9836,0.050000000000000044,0.12429641932249069,0.0003835561025577287,0.0007243723375722766,0.9462217480192286,2,2,3,0.0,1 7 10
1861,9837,0.050000000000000044,0.0,0.0005721028428524733,0.0014210209483280778,0.8432332585730749,0,0,1,0.0,10
1862,9844,0.050000000000000044,0.4040328562259674,0.00043172820837103894,0.0007453225553035736,0.9205305891357336,6,6,7,0.0,5 1 3 8 9 4 10
1863,9853,0.050000000000000044,0.41536974906921387,0.00047798723810248904,0.0006061751046217978,0.9527714248219512,8,8,9,0.0,1 2 3 4 9 6 7 5 10
1864,9857,0.050000000000000044,0.14049234986305237,0.000474872715130914,0.0010805055499076843,0.8915886386839161,3,3,4,0.0,2 5 3 10
1865,9860,0.050000000000000044,0.10164231806993484,0.00036734181533878046,0.0010656961239874363,0.9006846673414554,2,2,3,0.0,8 7 10
1866,9864,0.050000000000000044,0.3220631182193756,0.00047183100832626224,0.00039680927875451744,0.9629182144202176,3,3,4,0.0,5 4 3 10
1867,9868,0.050000000000000044,0.06573236733675003,0.00045305895764613524,0.0010748562635853887,0.8756208674147211,3,3,4,0.0,5 4 3 10
1868,9872,0.050000000000000044,0.30297723412513733,0.00045379428047453985,0.0009209985146299005,0.9276692834057082,3,3,4,0.0,5 4 3 10
1869,9876,0.050000000000000044,0.06573236733675003,0.00037943610368529335,0.0010748562635853887,0.8756208674147211,3,3,4,0.0,5 4 3 10
1870,9880,0.050000000000000044,0.1968708038330078,0.00046350191405508667,0.0007160058012232184,0.9380829586923193,3,3,4,0.0,5 3 4 10
1871,9884,0.050000000000000044,0.20054133236408234,0.00040339906263398007,0.0004971498856320977,0.9479085171371521,3,3,4,0.0,5 3 4 10
1872,9893,0.050000000000000044,0.49633994698524475,0.0004206412219597648,0.0006134753348305821,0.9306162230218633,8,8,9,0.0,7 1 5 8 2 4 9 3 10
1873,9895,0.050000000000000044,0.04733392968773842,0.0004236961394781247,0.0020167094189673662,0.7806218417669235,1,1,2,0.0,5 10
1874,9903,0.050000000000000044,0.4949195384979248,0.00042970672802766785,0.0008437363430857658,0.9325358947289402,7,7,8,0.0,5 7 3 9 8 4 1 10
1875,9912,0.050000000000000044,0.4279634952545166,0.00042981180659909215,0.0007162338588386774,0.9452142089109217,8,8,9,0.0,1 6 2 3 7 4 9 5 10
1876,9918,0.050000000000000044,0.41989076137542725,0.0003885575521659727,0.0007486430695280433,0.920224189492525,5,5,6,0.0,3 9 4 8 5 10
1877,9922,0.050000000000000044,0.1022421345114708,0.0004509939899435267,0.0007125287083908916,0.9225120335356659,3,3,4,0.0,3 4 5 10
1878,9926,0.050000000000000044,0.21499721705913544,0.0003923813419532962,0.0007459187181666493,0.9416358080580742,3,3,4,0.0,5 3 4 10
1879,9934,0.050000000000000044,0.4961917996406555,0.00036912305949954316,0.0008405953994952142,0.933177160885402,7,7,8,0.0,9 5 8 7 6 3 4 10
1880,9938,0.050000000000000044,0.17665843665599823,0.00043174643360543996,0.0008646699134260416,0.9188100051901145,3,3,4,0.0,5 4 3 10
1881,9944,0.050000000000000044,0.4199622571468353,0.00041280527754376334,0.0007460517808794975,0.9200484996637182,5,5,6,0.0,3 9 4 6 5 10
1882,9950,0.050000000000000044,0.1539236158132553,0.00041847420410097885,0.0006940481252968311,0.9452898372828464,5,5,6,0.0,5 4 8 9 3 10
1883,9954,0.050000000000000044,0.3220631182193756,0.0003363280848134309,0.00039680927875451744,0.9629182144202176,3,3,4,0.0,5 3 4 10
1884,9958,0.050000000000000044,0.21238619089126587,0.0003530094545567408,0.0011898600496351719,0.9272665474275913,3,3,4,0.0,5 3 4 10
1885,9961,0.050000000000000044,0.07504940778017044,0.0003210990592682113,0.0013589512091130018,0.845822346010262,2,2,3,0.0,5 3 10
1886,9969,0.050000000000000044,0.4379119277000427,0.00044601730405702256,0.0007829368114471436,0.898942010315505,7,7,8,0.0,5 7 3 9 8 4 6 10
1887,9973,0.050000000000000044,0.1968708038330078,0.00041726327617652714,0.0007160058012232184,0.9380829586923193,3,3,4,0.0,5 3 4 10
1888,9981,0.050000000000000044,0.5220336318016052,0.00040891073149396107,0.0010499224299564958,0.9150462341046361,7,7,8,0.0,7 3 9 5 1 8 4 10
1889,9985,0.050000000000000044,0.07672932744026184,0.00035928847501054406,0.0009904849575832486,0.8990747353126263,3,3,4,0.0,5 3 4 10
1890,9989,0.050000000000000044,0.10029949247837067,0.0003583998986869119,0.0003878751886077225,0.9448756375189485,3,3,4,0.0,5 4 3 10
1891,9992,0.050000000000000044,0.12253246456384659,0.0003660366831657787,0.0012501671444624662,0.8880551287485785,2,2,3,0.0,2 8 10
1892,9998,0.050000000000000044,0.4292019009590149,0.0004062417622966071,0.0003700201050378382,0.9327795485679091,5,5,6,0.0,4 1 3 8 5 10
1893,10002,0.050000000000000044,0.21282950043678284,0.0004931909643346444,0.0008140195277519524,0.9398560478627752,3,3,4,0.0,5 3 4 10
1894,10006,0.050000000000000044,0.30401620268821716,0.0006811185157857835,0.0006716125644743443,0.9484512512345092,3,3,4,0.0,5 3 4 10
1895,10013,0.050000000000000044,0.5325024127960205,0.0008005549981524902,0.0007637629751116037,0.9134335764966169,6,6,7,0.0,7 3 9 5 8 4 10
1896,10017,0.050000000000000044,0.3135063946247101,0.0005125876486999914,0.0006012842059135437,0.9540004504138025,3,3,4,0.0,4 5 3 10
1897,10021,0.050000000000000044,0.3135063946247101,0.0005071357154520229,0.0006012842059135437,0.9540004504138025,3,3,4,0.0,4 5 3 10
1898,10025,0.050000000000000044,0.1996101438999176,0.0005848792643519118,0.0004871294368058443,0.9462413316709959,3,3,4,0.0,4 5 3 10
1899,10026,0.050000000000000044,0.0,0.0005811499431729317,0.0027042669244110584,0.7730724079759768,0,0,1,0.0,10
1900,10034,0.050000000000000044,0.43938806653022766,0.00047433840882149525,0.0007784082554280758,0.8993254710037558,7,7,8,0.0,5 6 7 3 2 1 4 10
1901,10043,0.050000000000000044,0.48991289734840393,0.0005803071285804941,0.0006008654017932713,0.9323195703460544,9,9,10,0.0,2 8 4 3 7 6 1 9 5
1902,10047,0.050000000000000044,0.21238619089126587,0.0005422887188615277,0.0011898600496351719,0.9272665474275913,3,3,4,0.0,3 5 4 10
1903,10052,0.050000000000000044,0.1436135321855545,0.0005893178109545261,0.0008616394479759037,0.9189084983396474,4,4,5,0.0,3 5 4 2 10
1904,10054,0.050000000000000044,0.27605780959129333,0.00040470041858498007,0.0027935910038650036,0.7987158468588921,1,1,2,0.0,5 10
1905,10058,0.050000000000000044,0.07672931998968124,0.0005736172752222046,0.0009904849575832486,0.8990747353126263,3,3,4,0.0,4 5 3 10
1906,10062,0.050000000000000044,0.21499721705913544,0.0006818516558269039,0.0007459187181666493,0.9416358080580742,3,3,4,0.0,4 5 3 10
1907,10071,0.050000000000000044,0.529939591884613,0.0004968189912485994,0.000308611080981791,0.9612943588553371,8,8,9,0.0,7 1 3 4 6 9 5 2 10
1908,10075,0.050000000000000044,0.25300008058547974,0.0004798790905624628,0.0008444669656455517,0.9045451429985933,3,3,4,0.0,4 5 3 10
1909,10079,0.050000000000000044,0.05231741815805435,0.00041975958447437733,0.0013598130317404866,0.8752090423307011,3,3,4,0.0,4 5 2 10
1910,10083,0.050000000000000044,0.2718748450279236,0.00047222638386301696,0.0006805580342188478,0.9332163441620599,3,3,4,0.0,3 4 5 10
1911,10091,0.050000000000000044,0.5068041086196899,0.0005212309006310534,0.0006178016774356365,0.9310192631271875,7,7,8,0.0,9 5 8 4 7 6 3 10
1912,10095,0.050000000000000044,0.1968708038330078,0.0005231936229392886,0.0007160058012232184,0.9380829586923193,3,3,4,0.0,3 5 4 10
1913,10098,0.050000000000000044,0.08542977273464203,0.0006453660510790845,0.001488598994910717,0.8755486795543632,2,2,3,0.0,8 7 10
1914,10105,0.050000000000000044,0.4190737009048462,0.0005474168366552996,0.00035624808515422046,0.9350019754857427,6,6,7,0.0,8 4 5 9 7 3 10
1915,10108,0.050000000000000044,0.09591355174779892,0.0005424021801445633,0.0011364452075213194,0.881234130433425,2,2,3,0.0,8 7 10
1916,10117,0.050000000000000044,0.3819531202316284,0.0004098890025893019,0.0009363439166918397,0.906452640191199,8,8,9,0.0,9 5 8 7 6 2 4 3 10
1917,10124,0.050000000000000044,0.5326666831970215,0.00048447443155704865,0.0007633769419044256,0.9135574419649404,6,6,7,0.0,9 5 8 3 4 6 10
1918,10128,0.050000000000000044,0.061637669801712036,0.00044374661229085177,0.0012708118883892894,0.8847428359064704,3,3,4,0.0,4 7 5 10
1919,10137,0.050000000000000044,0.4279634952545166,0.00047953675837359496,0.0007162338588386774,0.9452142089109217,8,8,9,0.0,1 2 4 3 6 7 9 5 10
1920,10141,0.050000000000000044,0.3135063946247101,0.00042087684414582327,0.0006012842059135437,0.9540004504138025,3,3,4,0.0,4 5 3 10
1921,10148,0.050000000000000044,0.4500364661216736,0.0004262771108187735,0.0005999371060170233,0.9531124856823548,6,6,7,0.0,8 5 4 9 7 3 10
1922,10149,0.050000000000000044,0.0,0.0006836015963926911,0.003259751247242093,0.7499087076461415,0,0,1,0.0,10
1923,10155,0.050000000000000044,0.38449859619140625,0.0004344355935851733,0.0006133443093858659,0.9240884893218345,5,5,6,0.0,8 5 4 9 3 10
1924,10159,0.050000000000000044,0.3220631182193756,0.00043765411828644574,0.00039680927875451744,0.9629182144202176,3,3,4,0.0,4 5 3 10
1925,10162,0.050000000000000044,0.12253246456384659,0.00046448692834625643,0.0012501671444624662,0.8880551287485785,2,2,3,0.0,2 8 10
1926,10166,0.050000000000000044,0.12847530841827393,0.00045131085062166676,0.00036390128661878407,0.9670587569900415,3,3,4,0.0,4 3 5 10
1927,10169,0.050000000000000044,0.08542976528406143,0.0005139081331435591,0.001488598994910717,0.8755486795543632,2,2,3,0.0,7 8 10
1928,10173,0.050000000000000044,0.30401620268821716,0.00042414596100570634,0.0006716125644743443,0.9484512512345092,3,3,4,0.0,4 5 3 10
1929,10177,0.050000000000000044,0.33543065190315247,0.0004249804842402227,0.0012065403861925006,0.87225761051942,3,3,4,0.0,3 4 6 10
1930,10186,0.050000000000000044,0.51607346534729,0.0004853956763529115,0.0010194103233516216,0.9166822389707271,8,8,9,0.0,7 1 9 5 4 2 6 3 10
1931,10192,0.050000000000000044,0.41682541370391846,0.0004130491433897987,0.0007630145410075784,0.9192205548959737,5,5,6,0.0,1 5 4 7 3 10
1932,10196,0.050000000000000044,0.1996101438999176,0.0003319196403026581,0.0004871294368058443,0.9462413316709959,3,3,4,0.0,4 5 3 10
1933,10199,0.050000000000000044,0.06625229120254517,0.0003848689569470783,0.0014626987976953387,0.8537756075349489,2,2,3,0.0,4 7 10
1934,10207,0.050000000000000044,0.4968086779117584,0.0004411923509906046,0.0008339068153873086,0.9326270419869497,7,7,8,0.0,5 7 3 4 9 6 2 10
1935,10216,0.050000000000000044,0.5160734057426453,0.00043136941126754717,0.0010194103233516216,0.9166822389707271,8,8,9,0.0,7 5 3 1 4 9 6 2 10
1936,10220,0.050000000000000044,0.11801182478666306,0.0005251649927231483,0.0004123005783185363,0.9593639513931717,3,3,4,0.0,4 7 5 10
1937,10224,0.050000000000000044,0.30158212780952454,0.0004460738127818331,0.0004913120064884424,0.9460985286517886,3,3,4,0.0,4 5 3 10
1938,10228,0.050000000000000044,0.21499721705913544,0.00040127531974576414,0.0007459187181666493,0.9416358080580742,3,3,4,0.0,3 4 5 10
1939,10237,0.050000000000000044,0.42975157499313354,0.0003810037677693698,0.0004744231700897217,0.9519287506195935,8,8,9,0.0,2 4 6 3 7 1 9 5 10
1940,10240,0.050000000000000044,0.12253246456384659,0.00048391433665528893,0.0012501671444624662,0.8880551287485785,2,2,3,0.0,2 8 10
1941,10245,0.050000000000000044,0.18140839040279388,0.0004630718671251088,0.0007967187557369471,0.9412145459233793,4,4,5,0.0,3 4 7 5 10
1942,10249,0.050000000000000044,0.18817324936389923,0.0003509413654683158,0.0005526033928617835,0.940899189335696,3,3,4,0.0,3 4 8 10
1943,10252,0.050000000000000044,0.08676854521036148,0.0006302595623613646,0.0012252492597326636,0.8731085835700227,2,2,3,0.0,3 8 10
1944,10257,0.050000000000000044,0.4304260313510895,0.0007039449352305383,0.0011138301342725754,0.9000975375155631,4,4,5,0.0,2 5 4 3 10
1945,10261,0.050000000000000044,0.21499721705913544,0.0006190025524119847,0.0007459187181666493,0.9416358080580742,3,3,4,0.0,3 4 5 10
1946,10265,0.050000000000000044,0.30401620268821716,0.0006070051749702543,0.0006716125644743443,0.9484512512345092,3,3,4,0.0,4 5 3 10
1947,10269,0.050000000000000044,0.3135063946247101,0.0006011247460264713,0.0006012842059135437,0.9540004504138025,3,3,4,0.0,4 5 3 10
1948,10273,0.050000000000000044,0.21238617599010468,0.0005042284174123779,0.0011898600496351719,0.9272665474275913,3,3,4,0.0,5 4 3 10
1949,10281,0.050000000000000044,0.3901529610157013,0.0006106205692049116,0.0007337237475439906,0.9215724619369019,7,7,8,0.0,4 1 7 3 2 6 5 10
1950,10285,0.050000000000000044,0.17665845155715942,0.0006380658160196617,0.0008646699134260416,0.9188100051901145,3,3,4,0.0,3 5 4 10
1951,10289,0.050000000000000044,0.12847530841827393,0.0006313016638159752,0.00036390128661878407,0.9670587569900415,3,3,4,0.0,3 4 5 10
1952,10296,0.050000000000000044,0.4580632448196411,0.0006521239868431751,0.0007516772020608187,0.9449598008720259,6,6,7,0.0,2 4 6 7 5 3 10
1953,10303,0.050000000000000044,0.40817326307296753,0.0006673769800857242,0.0010305424220860004,0.9041217540996537,6,6,7,0.0,2 5 4 9 3 6 10
1954,10307,0.050000000000000044,0.1968708038330078,0.0007595370552735403,0.0007160058012232184,0.9380829586923193,3,3,4,0.0,3 5 4 10
1955,10315,0.050000000000000044,0.39485782384872437,0.0007109220532584004,0.0010305119212716818,0.9069420638960408,7,7,8,0.0,7 5 6 9 4 8 3 10
1956,10319,0.050000000000000044,0.09035123139619827,0.000595603727560956,0.0012080664746463299,0.8989492647092918,3,3,4,0.0,6 4 7 10
1957,10326,0.050000000000000044,0.4477374851703644,0.0005460019705684058,0.000784349103923887,0.8978366713426059,6,6,7,0.0,5 4 1 8 9 3 10
1958,10330,0.050000000000000044,0.21499721705913544,0.0006337375816656277,0.0007459187181666493,0.9416358080580742,3,3,4,0.0,3 5 4 10
1959,10334,0.050000000000000044,0.30297723412513733,0.0005383669267757796,0.0009209985146299005,0.9276692834057082,3,3,4,0.0,3 5 4 10
1960,10341,0.050000000000000044,0.41528308391571045,0.0005510615592356771,0.00036383402766659856,0.9336574409648722,6,6,7,0.0,4 5 1 3 2 6 10
1961,10345,0.050000000000000044,0.30401620268821716,0.0006765097205061466,0.0006716125644743443,0.9484512512345092,3,3,4,0.0,4 5 3 10
1962,10349,0.050000000000000044,0.07672931998968124,0.0006337366939987987,0.0009904849575832486,0.8990747353126263,3,3,4,0.0,4 5 3 10
1963,10358,0.050000000000000044,0.5119085311889648,0.0004811571594068988,0.0007530170842073858,0.9340623293811727,8,8,9,0.0,4 1 2 3 7 6 9 5 10
1964,10362,0.050000000000000044,0.10224214941263199,0.00045496519305743277,0.0007125287083908916,0.9225120335356659,3,3,4,0.0,4 5 3 10
1965,10366,0.050000000000000044,0.25300008058547974,0.0005099510308355093,0.0008444669656455517,0.9045451429985933,3,3,4,0.0,3 4 5 10
1966,10370,0.050000000000000044,0.10029949247837067,0.0005259224271867424,0.0003878751886077225,0.9448756375189485,3,3,4,0.0,4 5 3 10
1967,10374,0.050000000000000044,0.21238619089126587,0.0005512183561222628,0.0011898600496351719,0.9272665474275913,3,3,4,0.0,4 5 3 10
1968,10382,0.050000000000000044,0.5276650786399841,0.0005052582200733013,0.001023001386784017,0.9178469960138148,7,7,8,0.0,4 1 3 6 9 8 5 10
1969,10391,0.050000000000000044,0.41759294271469116,0.0005657034602740572,0.0006155146984383464,0.940763547272376,8,8,9,0.0,4 2 7 1 3 6 9 5 10
1970,10397,0.050000000000000044,0.41635167598724365,0.000559075953788124,0.0007632316555827856,0.9188885867914603,5,5,6,0.0,4 7 3 9 5 10
1971,10406,0.050000000000000044,0.4332515597343445,0.0005201183699278368,0.0007640213007107377,0.9008841371245674,8,8,9,0.0,4 3 9 5 6 7 1 2 10
1972,10410,0.050000000000000044,0.20054133236408234,0.0005361766234273091,0.0004971498856320977,0.9479085171371521,3,3,4,0.0,4 5 3 10
1973,10414,0.050000000000000044,0.3135063946247101,0.000598805258050561,0.0006012842059135437,0.9540004504138025,3,3,4,0.0,4 5 3 10
1974,10422,0.050000000000000044,0.4298149347305298,0.00043872934111277573,0.0006152592832222581,0.952093392149872,7,7,8,0.0,4 1 7 2 3 6 5 10
1975,10427,0.050000000000000044,0.1403028666973114,0.00045178678701631727,0.0009924061596393585,0.9181259467613115,4,4,5,0.0,4 5 3 7 10
1976,10436,0.050000000000000044,0.5039483308792114,0.00046721242445831496,0.0007450933335348964,0.9153839173183005,9,9,10,0.0,5 7 1 8 2 6 9 3 4
1977,10445,0.050000000000000044,0.3821580708026886,0.0004703403780392061,0.0009314047056250274,0.9053918365012593,8,8,9,0.0,5 1 3 4 9 6 7 2 10
1978,10449,0.050000000000000044,0.21499721705913544,0.0005069017352070659,0.0007459187181666493,0.9416358080580742,3,3,4,0.0,3 4 5 10
1979,10453,0.050000000000000044,0.21238619089126587,0.0004712469599326141,0.0011898600496351719,0.9272665474275913,3,3,4,0.0,3 4 5 10
1980,10458,0.050000000000000044,0.16781532764434814,0.0004112260008696467,0.0004941931692883372,0.9482349310597398,4,4,5,0.0,3 4 2 5 10
1981,10462,0.050000000000000044,0.30158212780952454,0.0004761271848110482,0.0004913120064884424,0.9460985286517886,3,3,4,0.0,3 4 5 10
1982,10466,0.050000000000000044,0.1996101438999176,0.00047656940296292305,0.0004871294368058443,0.9462413316709959,3,3,4,0.0,3 5 4 10
1983,10475,0.050000000000000044,0.5299396514892578,0.0004649685352988955,0.000308611080981791,0.9612943588553371,8,8,9,0.0,1 3 6 2 7 4 9 5 10
1984,10484,0.050000000000000044,0.4287104606628418,0.0004988296293757028,0.0007094616303220391,0.9453501731476234,8,8,9,0.0,1 7 5 4 9 8 6 3 10
1985,10492,0.050000000000000044,0.5203589200973511,0.0005079035690869205,0.0007695929380133748,0.9344234942468537,7,7,8,0.0,4 5 1 8 3 9 6 10
1986,10496,0.050000000000000044,0.30401620268821716,0.00047431142593268305,0.0006716125644743443,0.9484512512345092,3,3,4,0.0,3 4 5 10
1987,10500,0.050000000000000044,0.21499721705913544,0.0005277771633700468,0.0007459187181666493,0.9416358080580742,3,3,4,0.0,3 4 5 10
1988,10509,0.050000000000000044,0.49669766426086426,0.0006000364050527827,0.0006154795410111547,0.9314790271160577,8,8,9,0.0,4 1 3 6 9 7 2 5 10
1989,10518,0.050000000000000044,0.4863218665122986,0.0006501279551432364,0.0008298041066154838,0.932514773768137,8,8,9,0.0,4 1 3 6 9 5 7 2 10
1990,10522,0.050000000000000044,0.30401620268821716,0.0005049340834375471,0.0006716125644743443,0.9484512512345092,3,3,4,0.0,3 5 4 10
1991,10526,0.050000000000000044,0.3015821576118469,0.0005064520664745942,0.0004913120064884424,0.9460985286517886,3,3,4,0.0,3 5 4 10
1992,10530,0.050000000000000044,0.06732673197984695,0.0005933928478043526,0.0005223426269367337,0.9199199648075665,3,3,4,0.0,3 5 1 10
1993,10535,0.050000000000000044,0.13918165862560272,0.0003584320831578225,0.0009997509187087417,0.9172874170839432,4,4,5,0.0,5 3 2 4 10
1994,10544,0.050000000000000044,0.4307277798652649,0.0005364345755272856,0.0007713682716712356,0.9001080341876333,8,8,9,0.0,9 8 5 1 7 2 3 4 10
1995,10551,0.050000000000000044,0.44784170389175415,0.00040509382129779885,0.0007855076692067087,0.8983142364251911,6,6,7,0.0,9 4 3 8 5 7 10
1996,10557,0.050000000000000044,0.38449856638908386,0.0004628650543357556,0.0006133443093858659,0.9240884893218345,5,5,6,0.0,4 9 3 8 5 10
1997,10564,0.050000000000000044,0.5332112312316895,0.00047430393169634044,0.0007603486301377416,0.9135795202057512,6,6,7,0.0,9 5 8 2 4 3 10
1998,10573,0.050000000000000044,0.47906920313835144,0.0003971964017384582,0.000817384454421699,0.9339770750363007,9,9,10,0.0,9 5 8 1 3 6 4 7 2
1999,10579,0.050000000000000044,0.4569452404975891,0.0004204212600598112,0.0006477050483226776,0.9507942193505596,5,5,6,0.0,3 8 5 4 6 10
2000,10585,0.050000000000000044,0.38449856638908386,0.0005046082757568607,0.0006133443093858659,0.9240884893218345,5,5,6,0.0,3 9 4 8 5 10
2001,10589,0.050000000000000044,0.17225870490074158,0.00041740050801308826,0.0010011573322117329,0.917074837773932,3,3,4,0.0,3 4 5 10
2002,10598,0.050000000000000044,0.4983946681022644,0.0004965702634459982,0.000610654940828681,0.9320328336266643,8,8,9,0.0,9 8 7 5 6 2 3 4 10
2003,10602,0.050000000000000044,0.3135063946247101,0.0004177227456239052,0.0006012842059135437,0.9540004504138025,3,3,4,0.0,3 5 4 10
2004,10605,0.050000000000000044,0.10017872601747513,0.00043044728226959705,0.0010840557515621185,0.8842276579099093,2,2,3,0.0,3 5 10
2005,10610,0.050000000000000044,0.17988207936286926,0.0004889153118710965,0.00118537456728518,0.9282875661865567,4,4,5,0.0,3 5 1 4 10
2006,10614,0.050000000000000044,0.2718748450279236,0.0005127978947712108,0.0006805580342188478,0.9332163441620599,3,3,4,0.0,3 4 5 10
2007,10621,0.050000000000000044,0.4601593017578125,0.00042489061265119484,0.0007160785025916994,0.9444359534560712,6,6,7,0.0,2 4 9 8 3 5 10
2008,10626,0.050000000000000044,0.27572113275527954,0.0003647469391580671,0.0009190965793095529,0.9281672460251841,4,4,5,0.0,4 5 1 3 10
2009,10630,0.050000000000000044,0.30401620268821716,0.00042914444202324376,0.0006716125644743443,0.9484512512345092,3,3,4,0.0,4 5 3 10
2010,10634,0.050000000000000044,0.21282950043678284,0.00040826937765814364,0.0008140195277519524,0.9398560478627752,3,3,4,0.0,5 3 4 10
2011,10638,0.050000000000000044,0.07092421501874924,0.00034790619247360155,0.0011787256225943565,0.8939529767838018,3,3,4,0.0,3 4 5 10
2012,10642,0.050000000000000044,0.06878996640443802,0.0004917435726383701,0.0005247009685263038,0.9223324925805952,3,3,4,0.0,3 4 1 10
2013,10646,0.050000000000000044,0.17225868999958038,0.00039308892155531794,0.0010011573322117329,0.917074837773932,3,3,4,0.0,3 5 4 10
2014,10652,0.050000000000000044,0.41989076137542725,0.0004626104928320274,0.0007486430695280433,0.920224189492525,5,5,6,0.0,3 9 4 5 8 10
2015,10656,0.050000000000000044,0.21282950043678284,0.0003511483082547784,0.0008140195277519524,0.9398560478627752,3,3,4,0.0,3 5 4 10
2016,10663,0.050000000000000044,0.4500364661216736,0.00039479723532817194,0.0005999371060170233,0.9531124856823548,6,6,7,0.0,3 9 4 8 5 7 10
2017,10668,0.050000000000000044,0.2059861421585083,0.00044455279130488633,0.0017928886227309704,0.8717043720513546,4,4,5,0.0,3 2 4 5 10
2018,10677,0.050000000000000044,0.38195309042930603,0.0004033490161721905,0.0009363439166918397,0.906452640191199,8,8,9,0.0,6 3 9 4 8 5 7 2 10
2019,10684,0.050000000000000044,0.4421702027320862,0.0003713100200652012,0.0006288440781645477,0.9504379958410467,6,6,7,0.0,1 3 2 4 8 5 10
2020,10691,0.050000000000000044,0.44715142250061035,0.00038755962824715037,0.0006098380545154214,0.9520727357385275,6,6,7,0.0,1 3 9 4 8 5 10
2021,10695,0.050000000000000044,0.1996101588010788,0.00047671247011749074,0.0004871294368058443,0.9462413316709959,3,3,4,0.0,3 4 5 10
2022,10704,0.050000000000000044,0.5127759575843811,0.0004512396472920146,0.000754346780013293,0.9145260369859184,8,8,9,0.0,9 1 8 5 3 6 4 7 10
2023,10711,0.050000000000000044,0.404981791973114,0.00044307674813483445,0.0007440453628078103,0.9211212101256238,6,6,7,0.0,5 9 8 3 7 4 10
2024,10720,0.050000000000000044,0.37928977608680725,0.0004125856697404136,0.0009104710770770907,0.9083804065775786,9,9,10,0.0,9 5 8 3 7 6 2 1 4
2025,10729,0.050000000000000044,0.52047199010849,0.0003868217204904391,0.00030623964266851544,0.9617493655997706,9,9,10,0.0,4 1 3 9 6 8 7 2 5
2026,10734,0.050000000000000044,0.2778966426849365,0.0003891533648129553,0.0006603552610613406,0.9491307777435686,4,4,5,0.0,4 5 1 3 10
2027,10743,0.050000000000000044,0.41947561502456665,0.0004095814527115888,0.0005886134458705783,0.9539598361738514,8,8,9,0.0,4 1 7 8 5 9 6 3 10
2028,10752,0.050000000000000044,0.5204720497131348,0.0004949793672292597,0.00030623964266851544,0.9617493655997706,9,9,10,0.0,1 3 4 9 2 7 8 6 5
2029,10756,0.050000000000000044,0.17225868999958038,0.000766614539315924,0.0010011573322117329,0.917074837773932,3,3,4,0.0,5 3 4 10
2030,10765,0.050000000000000044,0.5039482712745667,0.0006770835801338156,0.0007450933335348964,0.9153839173183005,9,9,10,0.0,9 5 8 7 6 2 3 1 4
2031,10774,0.050000000000000044,0.5084139108657837,0.0006581916693701512,0.0007655597291886806,0.932778447831003,8,8,9,0.0,4 1 8 7 3 2 6 5 10
2032,10778,0.050000000000000044,0.07672931253910065,0.0005598356074187905,0.0009904849575832486,0.8990747353126263,3,3,4,0.0,4 3 5 10
2033,10782,0.050000000000000044,0.07092421501874924,0.0006554870633408427,0.0011787256225943565,0.8939529767838018,3,3,4,0.0,3 4 5 10
2034,10791,0.050000000000000044,0.5119085311889648,0.000508881481235019,0.0007530170842073858,0.9340623293811727,8,8,9,0.0,4 1 3 6 5 9 7 2 10
2035,10795,0.050000000000000044,0.12847532331943512,0.0006027077179169282,0.00036390128661878407,0.9670587569900415,3,3,4,0.0,4 5 3 10
2036,10798,0.050000000000000044,0.3774570822715759,0.0004614099064686646,0.0010890779085457325,0.8536446006541162,2,2,3,0.0,5 7 10
2037,10802,0.050000000000000044,0.23378059267997742,0.0005542145081562921,0.0017929158639162779,0.8717285928523498,3,3,4,0.0,4 5 3 10
2038,10806,0.050000000000000044,0.07092421501874924,0.00045713732833974063,0.0011787256225943565,0.8939529767838018,3,3,4,0.0,5 4 3 10
2039,10810,0.050000000000000044,0.23378056287765503,0.0004592161640175618,0.0017929158639162779,0.8717285928523498,3,3,4,0.0,5 4 3 10
2040,10814,0.050000000000000044,0.196870818734169,0.0005356784095056355,0.0007160058012232184,0.9380829586923193,3,3,4,0.0,4 5 3 10
2041,10818,0.050000000000000044,0.05816580355167389,0.0005460364191094413,0.0011692279949784279,0.8821648884825984,3,3,4,0.0,4 3 6 10
2042,10822,0.050000000000000044,0.17225868999958038,0.0004431047709658742,0.0010011573322117329,0.917074837773932,3,3,4,0.0,4 3 5 10
2043,10831,0.050000000000000044,0.4899129569530487,0.00047609605826437473,0.0006008654017932713,0.9323195703460544,9,9,10,0.0,7 5 8 6 4 2 1 9 3
2044,10835,0.050000000000000044,0.30401620268821716,0.00047323531907750294,0.0006716125644743443,0.9484512512345092,3,3,4,0.0,4 5 3 10
2045,10844,0.050000000000000044,0.5071725249290466,0.00043617932048315805,0.0010086381807923317,0.9177491261616048,9,9,10,0.0,9 5 8 3 6 7 1 4 2
2046,10851,0.050000000000000044,0.4886217415332794,0.0006434074603021145,0.0009286361746490002,0.8940738689832115,6,6,7,0.0,5 7 1 6 8 9 10
2047,10856,0.050000000000000044,0.09247206896543503,0.0005136619496624917,0.00034986442187801003,0.9691345387456249,4,4,5,0.0,4 3 5 6 10
2048,10860,0.050000000000000044,0.1022421345114708,0.0004923838059767149,0.0007125287083908916,0.9225120335356659,3,3,4,0.0,3 4 5 10
2049,10864,0.050000000000000044,0.10224214941263199,0.00044407506356947124,0.0007125287083908916,0.9225120335356659,3,3,4,0.0,5 4 3 10
2050,10868,0.050000000000000044,0.25300008058547974,0.00043996354361297563,0.0008444669656455517,0.9045451429985933,3,3,4,0.0,5 4 3 10
2051,10872,0.050000000000000044,0.30297723412513733,0.00047139255912043154,0.0009209985146299005,0.9276692834057082,3,3,4,0.0,4 5 3 10
2052,10881,0.050000000000000044,0.3413313031196594,0.0004431770454781751,0.0005950818303972483,0.9262962626928949,8,8,9,0.0,4 5 9 8 1 7 6 3 10
2053,10886,0.050000000000000044,0.06608474999666214,0.00044384428183548154,0.0006946459761820734,0.925566136305454,4,4,5,0.0,4 3 5 7 10
2054,10895,0.050000000000000044,0.5026543140411377,0.0005265452556260345,0.000746132165659219,0.9347026239500318,9,9,10,0.0,4 1 3 8 7 9 6 2 5
2055,10900,0.050000000000000044,0.03975553810596466,0.0004913421056699008,0.0009729511803016067,0.9009154158136082,4,4,5,0.0,4 3 5 9 10
2056,10909,0.050000000000000044,0.5071725845336914,0.0005075865095326056,0.0010086381807923317,0.9177491261616048,9,9,10,0.0,7 5 1 6 8 9 4 2 3
2057,10914,0.050000000000000044,0.41317519545555115,0.00048018470988608897,0.0007881750934757292,0.925363041044132,4,4,5,0.0,4 5 6 9 10
2058,10918,0.050000000000000044,0.3135063946247101,0.0004583736081258394,0.0006012842059135437,0.9540004504138025,3,3,4,0.0,4 5 3 10
2059,10925,0.050000000000000044,0.5162973999977112,0.0004270506781592433,0.0006230653962120414,0.9306552343327423,6,6,7,0.0,7 5 3 8 6 4 10
2060,10929,0.050000000000000044,0.30401620268821716,0.000437477880041115,0.0006716125644743443,0.9484512512345092,3,3,4,0.0,4 5 3 10
2061,10937,0.050000000000000044,0.5068041086196899,0.00042614083940861747,0.0006178016774356365,0.9310192631271875,7,7,8,0.0,7 5 3 8 6 4 9 10
2062,10941,0.050000000000000044,0.3135063946247101,0.00040206927951658145,0.0006012842059135437,0.9540004504138025,3,3,4,0.0,4 5 3 10
2063,10950,0.050000000000000044,0.5204719305038452,0.0004080788769190096,0.00030623964266851544,0.9617493655997706,9,9,10,0.0,4 1 3 6 8 7 9 2 5
2064,10954,0.050000000000000044,0.21282950043678284,0.00041246174077969044,0.0008140195277519524,0.9398560478627752,3,3,4,0.0,4 5 3 10
2065,10958,0.050000000000000044,0.3135063946247101,0.00045499258703785017,0.0006012842059135437,0.9540004504138025,3,3,4,0.0,4 5 3 10
2066,10962,0.050000000000000044,0.06573236733675003,0.0004729908105218783,0.0010748562635853887,0.8756208674147211,3,3,4,0.0,5 4 3 10
2067,10966,0.050000000000000044,0.3135063946247101,0.00045174550905358046,0.0006012842059135437,0.9540004504138025,3,3,4,0.0,4 5 3 10
2068,10970,0.050000000000000044,0.3135063946247101,0.0004560950110317208,0.0006012842059135437,0.9540004504138025,3,3,4,0.0,4 5 3 10
2069,10978,0.050000000000000044,0.4055359363555908,0.0004037020989926532,0.000349960959283635,0.9361082741749273,7,7,8,0.0,4 7 5 6 9 2 3 10
2070,10986,0.050000000000000044,0.35162848234176636,0.0004185864636383485,0.0006122954073362052,0.9242617660130105,7,7,8,0.0,4 5 9 6 7 8 3 10
2071,10990,0.050000000000000044,0.1996101438999176,0.0004399908284540288,0.0004871294368058443,0.9462413316709959,3,3,4,0.0,4 5 3 10
2072,10996,0.050000000000000044,0.4584304094314575,0.0003667934312640379,0.00063367560505867,0.9505799117361889,5,5,6,0.0,3 4 8 5 2 10
2073,11004,0.050000000000000044,0.39485782384872437,0.0004320094703871291,0.0010305119212716818,0.9069420638960408,7,7,8,0.0,9 8 5 3 6 7 4 10
2074,11011,0.050000000000000044,0.4623412489891052,0.000649336987407878,0.0004852933343499899,0.952539730493719,6,6,7,0.0,4 7 5 8 9 3 10
2075,11015,0.050000000000000044,0.3220631182193756,0.0007451727142324671,0.00039680927875451744,0.9629182144202176,3,3,4,0.0,5 4 3 10
2076,11019,0.050000000000000044,0.30401620268821716,0.0006598183535970747,0.0006716125644743443,0.9484512512345092,3,3,4,0.0,4 5 3 10
2077,11023,0.050000000000000044,0.23378056287765503,0.0005554938543355092,0.0017929158639162779,0.8717285928523498,3,3,4,0.0,5 4 3 10
2078,11027,0.050000000000000044,0.20054133236408234,0.0006899139771121554,0.0004971498856320977,0.9479085171371521,3,3,4,0.0,5 3 4 10
2079,11035,0.050000000000000044,0.518915593624115,0.0005384526593843475,0.0007706055184826255,0.933099088607872,7,7,8,0.0,6 4 3 1 5 9 2 10
2080,11039,0.050000000000000044,0.30297723412513733,0.00046055411803536117,0.0009209985146299005,0.9276692834057082,3,3,4,0.0,4 5 3 10
2081,11043,0.050000000000000044,0.21499721705913544,0.0004895164602203295,0.0007459187181666493,0.9416358080580742,3,3,4,0.0,4 5 3 10
2082,11052,0.050000000000000044,0.37928977608680725,0.0005430153913847688,0.0009104710770770907,0.9083804065775786,9,9,10,0.0,6 4 5 9 7 8 1 2 3
2083,11059,0.050000000000000044,0.4467605650424957,0.0004410505935084075,0.0010657703969627619,0.9152821612662849,6,6,7,0.0,6 5 8 7 9 1 10
2084,11068,0.050000000000000044,0.5299396514892578,0.000484632143828397,0.000308611080981791,0.9612943588553371,8,8,9,0.0,4 6 5 1 7 2 9 3 10
2085,11072,0.050000000000000044,0.07388263195753098,0.0004926444016746245,0.0004922924563288689,0.9243623068762166,3,3,4,0.0,5 3 2 10
2086,11081,0.050000000000000044,0.42520055174827576,0.0005377091098732004,0.0007566383574157953,0.9022899233026255,9,9,10,0.0,6 4 5 2 1 7 9 8 3
2087,11085,0.050000000000000044,0.30158212780952454,0.00045918361138319597,0.0004913120064884424,0.9460985286517886,3,3,4,0.0,4 5 3 10
2088,11092,0.050000000000000044,0.4558229446411133,0.00039115428808145225,0.0007364592747762799,0.9426133832700471,6,6,7,0.0,8 2 4 7 5 3 10
2089,11096,0.050000000000000044,0.30401620268821716,0.0004796736830030568,0.0006716125644743443,0.9484512512345092,3,3,4,0.0,4 5 3 10
2090,11100,0.050000000000000044,0.21499721705913544,0.0004485162571654655,0.0007459187181666493,0.9416358080580742,3,3,4,0.0,5 4 3 10
2091,11104,0.050000000000000044,0.20054133236408234,0.000454094450105913,0.0004971498856320977,0.9479085171371521,3,3,4,0.0,5 4 3 10
2092,11108,0.050000000000000044,0.30158212780952454,0.0004714214301202446,0.0004913120064884424,0.9460985286517886,3,3,4,0.0,5 4 3 10
2093,11112,0.050000000000000044,0.1996101438999176,0.00043107646342832595,0.0004871294368058443,0.9462413316709959,3,3,4,0.0,5 4 3 10
2094,11116,0.050000000000000044,0.196870818734169,0.00042338950879639015,0.0007160058012232184,0.9380829586923193,3,3,4,0.0,5 4 3 10
2095,11118,0.050000000000000044,0.22092711925506592,0.0005588454660028219,0.0020456702914088964,0.826771015396583,1,1,2,0.0,7 10
2096,11122,0.050000000000000044,0.23378059267997742,0.0005532619106816128,0.0017929158639162779,0.8717285928523498,3,3,4,0.0,4 5 3 10
2097,11125,0.050000000000000044,0.10590078681707382,0.0004016508561714242,0.0015152505366131663,0.8739005686154901,2,2,3,0.0,7 8 10
2098,11134,0.050000000000000044,0.5154174566268921,0.00048473185355154175,0.0010264269076287746,0.9169661959413966,8,8,9,0.0,6 4 8 7 3 1 2 5 10
2099,11142,0.050000000000000044,0.5203589200973511,0.00040598668419988826,0.0007695929380133748,0.9344234942468537,7,7,8,0.0,6 4 3 8 1 5 9 10
2100,11149,0.050000000000000044,0.4040328562259674,0.00045696948654949665,0.0007453225553035736,0.9205305891357336,6,6,7,0.0,4 5 8 9 1 3 10
2101,11153,0.050000000000000044,0.3135063946247101,0.0005397346831159666,0.0006012842059135437,0.9540004504138025,3,3,4,0.0,4 5 3 10
2102,11157,0.050000000000000044,0.3135063946247101,0.0004798919253516942,0.0006012842059135437,0.9540004504138025,3,3,4,0.0,4 5 3 10
2103,11162,0.050000000000000044,0.1436135321855545,0.0004752469772938639,0.0008616394479759037,0.9189084983396474,4,4,5,0.0,2 4 5 3 10
2104,11167,0.050000000000000044,0.24756202101707458,0.0004722607030998915,0.0006706903805024922,0.9352929691001153,4,4,5,0.0,5 4 3 6 10
2105,11174,0.050000000000000044,0.44715142250061035,0.0004527026571200362,0.0006098380545154214,0.9520727357385275,6,6,7,0.0,8 3 5 9 1 4 10
2106,11183,0.050000000000000044,0.3786410391330719,0.00041871911445115175,0.001007534097880125,0.9058567258074224,8,8,9,0.0,8 6 2 4 1 5 9 3 10
2107,11188,0.050000000000000044,0.1699857860803604,0.00040052360272966323,0.0006649171118624508,0.9415037639075879,4,4,5,0.0,4 9 5 3 10
2108,11192,0.050000000000000044,0.10224214941263199,0.0004555240157060325,0.0007125287083908916,0.9225120335356659,3,3,4,0.0,4 3 5 10
2109,11196,0.050000000000000044,0.10726586729288101,0.0004111137459403835,0.000608788977842778,0.9322087477303501,3,3,4,0.0,4 3 5 10
2110,11201,0.050000000000000044,0.27572116255760193,0.0004241114540491253,0.0009190965793095529,0.9281672460251841,4,4,5,0.0,1 4 3 5 10
2111,11205,0.050000000000000044,0.21238619089126587,0.00043920570897171274,0.0011898600496351719,0.9272665474275913,3,3,4,0.0,3 5 4 10
2112,11206,0.050000000000000044,0.0,0.00038540238165296614,0.003293257672339678,0.7610226648953774,0,0,1,0.0,10
2113,11210,0.050000000000000044,0.21282950043678284,0.0004070758805028163,0.0008140195277519524,0.9398560478627752,3,3,4,0.0,4 5 3 10
2114,11215,0.050000000000000044,0.47142788767814636,0.0005054198147263378,0.000653986120596528,0.9499052518825893,4,4,5,0.0,8 4 3 5 10
2115,11224,0.050000000000000044,0.5084139108657837,0.0004381276602442894,0.0007655597291886806,0.932778447831003,8,8,9,0.0,4 6 8 1 7 3 2 5 10
2116,11227,0.050000000000000044,0.12253246456384659,0.0004107565910089761,0.0012501671444624662,0.8880551287485785,2,2,3,0.0,2 8 10
2117,11231,0.050000000000000044,0.21282950043678284,0.0005626574129564688,0.0008140195277519524,0.9398560478627752,3,3,4,0.0,5 4 3 10
2118,11240,0.050000000000000044,0.5154175162315369,0.00042807846653482155,0.0010264269076287746,0.9169661959413966,8,8,9,0.0,6 7 5 8 2 3 4 1 10
2119,11244,0.050000000000000044,0.25300008058547974,0.0004278653213987127,0.0008444669656455517,0.9045451429985933,3,3,4,0.0,5 4 3 10
2120,11249,0.050000000000000044,0.1832328885793686,0.00047393792192451656,0.001127490191720426,0.9304616732454186,4,4,5,0.0,9 5 4 3 10
2121,11253,0.050000000000000044,0.2718748152256012,0.0006142220008769073,0.0006805580342188478,0.9332163441620599,3,3,4,0.0,5 4 3 10
2122,11260,0.050000000000000044,0.5156141519546509,0.0005789727188779839,0.0006206950056366622,0.9293672111633984,6,6,7,0.0,5 1 8 9 4 3 10
2123,11267,0.050000000000000044,0.4040328562259674,0.0006240635869159762,0.0007453225553035736,0.9205305891357336,6,6,7,0.0,4 9 5 8 1 3 10
2124,11270,0.050000000000000044,0.36644601821899414,0.0005696729252425333,0.0016177521320059896,0.850256281024494,2,2,3,0.0,7 5 10
2125,11274,0.050000000000000044,0.30297723412513733,0.0004973413015250117,0.0009209985146299005,0.9276692834057082,3,3,4,0.0,4 3 5 10
2126,11278,0.050000000000000044,0.10029949992895126,0.0005530333655769937,0.0003878751886077225,0.9448756375189485,3,3,4,0.0,4 3 5 10
2127,11286,0.050000000000000044,0.4035293459892273,0.0005171576995053329,0.00035445913090370595,0.935464514917766,7,7,8,0.0,4 5 9 8 1 3 7 10
2128,11293,0.050000000000000044,0.41995200514793396,0.00043551045070801465,0.00035479379585012794,0.9353562950131159,6,6,7,0.0,4 5 9 8 1 3 10
2129,11296,0.050000000000000044,0.07504940778017044,0.0004269566270522773,0.0013589512091130018,0.845822346010262,2,2,3,0.0,3 5 10
2130,11300,0.050000000000000044,0.07829515635967255,0.0004439500844455324,0.0013886784436181188,0.8877652037653997,3,3,4,0.0,2 3 5 10
2131,11308,0.050000000000000044,0.5030027031898499,0.0004893776604149025,0.0006313826888799667,0.9304634231130519,7,7,8,0.0,5 7 6 3 1 2 4 10
2132,11312,0.050000000000000044,0.07829515635967255,0.00040799596899887547,0.0013886784436181188,0.8877652037653997,3,3,4,0.0,2 3 5 10
2133,11319,0.050000000000000044,0.4471513628959656,0.0004273940867278725,0.0006098380545154214,0.9520727357385275,6,6,7,0.0,4 5 8 9 1 3 10
2134,11322,0.050000000000000044,0.11333007365465164,0.0004646260446558396,0.0007534594042226672,0.9367033035697041,2,2,3,0.0,3 5 10
2135,11324,0.050000000000000044,0.3389110863208771,0.0006021804583724588,0.0008064849535003304,0.9135705442848869,1,1,2,0.0,1 10
2136,11332,0.050000000000000044,0.35497885942459106,0.00044265833639656194,0.0006016246043145657,0.9251306588350663,7,7,8,0.0,4 5 8 9 1 3 7 10
2137,11336,0.050000000000000044,0.2848268449306488,0.00043757224921137094,0.0010758312419056892,0.9166788359955573,3,3,4,0.0,4 8 3 10
2138,11339,0.050000000000000044,0.1077432930469513,0.0005351687238241235,0.0005307703977450728,0.9233738654575506,2,2,3,0.0,7 8 10
2139,11342,0.050000000000000044,0.08542976528406143,0.00038575790434454876,0.001488598994910717,0.8755486795543632,2,2,3,0.0,7 8 10
2140,11347,0.050000000000000044,0.2059861123561859,0.00039978750282898545,0.0017928886227309704,0.8717043720513546,4,4,5,0.0,2 4 5 3 10
2141,11351,0.050000000000000044,0.30401620268821716,0.0005924630677327514,0.0006716125644743443,0.9484512512345092,3,3,4,0.0,4 3 5 10
2142,11358,0.050000000000000044,0.5279697775840759,0.00047009348470185487,0.0007831034599803388,0.9333180969804703,6,6,7,0.0,1 3 9 8 4 5 10
2143,11365,0.050000000000000044,0.5329601168632507,0.00041456987881766897,0.0007617527735419571,0.9135709873508047,6,6,7,0.0,5 9 8 1 4 3 10
2144,11369,0.050000000000000044,0.10029949992895126,0.0003421329820412211,0.0003878751886077225,0.9448756375189485,3,3,4,0.0,4 3 5 10
2145,11372,0.050000000000000044,0.08542976528406143,0.0004103789688088,0.001488598994910717,0.8755486795543632,2,2,3,0.0,7 8 10
2146,11375,0.050000000000000044,0.12429641932249069,0.0004989948259511342,0.0007243723375722766,0.9462217480192286,2,2,3,0.0,1 7 10
2147,11382,0.050000000000000044,0.4430043697357178,0.00043159534938500395,0.0006470719235949218,0.9375269387125543,6,6,7,0.0,9 4 5 8 1 3 10
2148,11389,0.050000000000000044,0.5279697775840759,0.000492574884057311,0.0007831034599803388,0.9333180969804703,6,6,7,0.0,9 8 4 1 3 5 10
2149,11392,0.050000000000000044,0.2452029585838318,0.0006003098678775132,0.0009052223176695406,0.9272579865244425,2,2,3,0.0,4 5 10
2150,11395,0.050000000000000044,0.10384660214185715,0.0004223949702767034,0.0005341367796063423,0.9184613009908111,2,2,3,0.0,3 5 10
2151,11399,0.050000000000000044,0.07672932744026184,0.00038078460784163326,0.0009904849575832486,0.8990747353126263,3,3,4,0.0,3 5 4 10
2152,11403,0.050000000000000044,0.3135063946247101,0.00033554216497577727,0.0006012842059135437,0.9540004504138025,3,3,4,0.0,4 5 3 10
2153,11407,0.050000000000000044,0.25300008058547974,0.00046300297981360927,0.0008444669656455517,0.9045451429985933,3,3,4,0.0,4 5 3 10
2154,11411,0.050000000000000044,0.17225868999958038,0.0004304623435018584,0.0010011573322117329,0.917074837773932,3,3,4,0.0,4 5 3 10
2155,11416,0.050000000000000044,0.03788629174232483,0.0004329955030698329,0.0009896839037537575,0.8990783834039243,4,4,5,0.0,5 4 1 3 10
2156,11422,0.050000000000000044,0.4604383111000061,0.0005009669500092665,0.0006296054925769567,0.9515402240149331,5,5,6,0.0,7 6 5 3 4 10
2157,11426,0.050000000000000044,0.30401620268821716,0.00034745178709272295,0.0006716125644743443,0.9484512512345092,3,3,4,0.0,4 5 3 10
2158,11433,0.050000000000000044,0.44300442934036255,0.0003738028130361012,0.0006470719235949218,0.9375269387125543,6,6,7,0.0,4 5 8 9 1 3 10
2159,11436,0.050000000000000044,0.12429641932249069,0.0006038246404690047,0.0007243723375722766,0.9462217480192286,2,2,3,0.0,1 7 10
2160,11440,0.050000000000000044,0.1022421345114708,0.00032258473947877064,0.0007125287083908916,0.9225120335356659,3,3,4,0.0,3 4 5 10
2161,11446,0.050000000000000044,0.4604383409023285,0.00039843019233861315,0.0006296054925769567,0.9515402240149331,5,5,6,0.0,6 7 5 4 3 10
2162,11450,0.050000000000000044,0.20267149806022644,0.0003696817220770754,0.0009034925606101751,0.9324683219938584,3,3,4,0.0,4 7 5 10
2163,11456,0.050000000000000044,0.41871702671051025,0.0003277578653069213,0.001089273253455758,0.9027078125656856,5,5,6,0.0,2 5 4 6 3 10
2164,11465,0.050000000000000044,0.5026544332504272,0.00040292761534348957,0.000746132165659219,0.9347026239500318,9,9,10,0.0,6 7 5 3 1 2 9 4 8
2165,11474,0.050000000000000044,0.37928977608680725,0.00042399184247996245,0.0009104710770770907,0.9083804065775786,9,9,10,0.0,7 5 3 1 9 8 4 2 6
2166,11481,0.050000000000000044,0.41995200514793396,0.000395031988903481,0.00035479379585012794,0.9353562950131159,6,6,7,0.0,4 5 9 8 1 3 10
2167,11488,0.050000000000000044,0.41995200514793396,0.00036124789663257876,0.00035479379585012794,0.9353562950131159,6,6,7,0.0,4 5 9 8 1 3 10
2168,11492,0.050000000000000044,0.10029949247837067,0.0003618663176894188,0.0003878751886077225,0.9448756375189485,3,3,4,0.0,3 4 5 10
2169,11497,0.050000000000000044,0.1436135321855545,0.0004155560745857656,0.0008616394479759037,0.9189084983396474,4,4,5,0.0,2 4 3 5 10
2170,11502,0.050000000000000044,0.2059861123561859,0.0005514034535735845,0.0017928886227309704,0.8717043720513546,4,4,5,0.0,2 4 5 3 10
2171,11508,0.050000000000000044,0.4595288038253784,0.0005784367385786027,0.0006500752060674131,0.9376565848037547,5,5,6,0.0,8 5 9 3 4 10
2172,11516,0.050000000000000044,0.442933052778244,0.00043458059371914715,0.0007155884522944689,0.9440304963505084,7,7,8,0.0,1 8 5 9 4 3 7 10
2173,11524,0.050000000000000044,0.5247748494148254,0.00047367686784127727,0.0010386400390416384,0.9166959327037638,7,7,8,0.0,7 3 8 4 9 6 5 10
2174,11532,0.050000000000000044,0.4446098208427429,0.00044420022823032923,0.0007152584730647504,0.945147196546321,7,7,8,0.0,7 6 4 5 9 8 3 10
2175,11537,0.050000000000000044,0.27572113275527954,0.0004644413944333792,0.0009190965793095529,0.9281672460251841,4,4,5,0.0,4 5 1 3 10
2176,11540,0.050000000000000044,0.11333007365465164,0.0004888591647613794,0.0007534594042226672,0.9367033035697041,2,2,3,0.0,3 5 10
2177,11543,0.050000000000000044,0.08442725986242294,0.0004748732899315655,0.001293298089876771,0.8578867554912669,2,2,3,0.0,8 7 10
2178,11547,0.050000000000000044,0.23378059267997742,0.00039131245284806937,0.0017929158639162779,0.8717285928523498,3,3,4,0.0,3 5 4 10
2179,11553,0.050000000000000044,0.41989076137542725,0.0004121373931411654,0.0007486430695280433,0.920224189492525,5,5,6,0.0,8 3 5 9 4 10
2180,11556,0.050000000000000044,0.1106683686375618,0.00036861468106508255,0.0014908036682754755,0.8820819799322082,2,2,3,0.0,1 7 10
2181,11559,0.050000000000000044,0.1106683686375618,0.0004993014154024422,0.0014908036682754755,0.8820819799322082,2,2,3,0.0,1 7 10
2182,11565,0.050000000000000044,0.4781273305416107,0.0003573777066776529,0.00048886175500229,0.9522849419170838,5,5,6,0.0,8 4 3 5 9 10
2183,11568,0.050000000000000044,0.09758038073778152,0.00041158031672239304,0.0011654619593173265,0.8859952985177284,2,2,3,0.0,1 7 10
2184,11572,0.050000000000000044,0.21238619089126587,0.0004017712999484502,0.0011898600496351719,0.9272665474275913,3,3,4,0.0,3 5 4 10
2185,11580,0.050000000000000044,0.35497888922691345,0.00042182728429907,0.0006016246043145657,0.9251306588350663,7,7,8,0.0,4 9 5 8 1 3 7 10
2186,11588,0.050000000000000044,0.38856858015060425,0.0003673352985060774,0.0007424778304994106,0.9211707179668258,7,7,8,0.0,4 9 5 8 1 3 7 10
2187,11597,0.050000000000000044,0.43169617652893066,0.0003775616157023857,0.0007697843248024583,0.9007820975518255,8,8,9,0.0,7 8 4 6 5 9 2 3 10
2188,11601,0.050000000000000044,0.21238619089126587,0.00043777410610346124,0.0011898600496351719,0.9272665474275913,3,3,4,0.0,3 5 4 10
2189,11605,0.050000000000000044,0.30297723412513733,0.0004742922246805392,0.0009209985146299005,0.9276692834057082,3,3,4,0.0,4 5 3 10
2190,11612,0.050000000000000044,0.5167233943939209,0.00039527062991900105,0.0006196436588652432,0.930248403201914,6,6,7,0.0,8 5 3 9 7 4 10
2191,11619,0.050000000000000044,0.5279697775840759,0.00036788054525719157,0.0007831034599803388,0.9333180969804703,6,6,7,0.0,8 4 1 3 9 5 10
2192,11626,0.050000000000000044,0.5279697775840759,0.000352882979703801,0.0007831034599803388,0.9333180969804703,6,6,7,0.0,4 1 3 9 8 5 10
2193,11629,0.050000000000000044,0.12217080593109131,0.00039438770424264175,0.0006570445257239044,0.9394742970872011,2,2,3,0.0,8 2 10
2194,11637,0.050000000000000044,0.4298149049282074,0.0003250152731197886,0.0006152592832222581,0.952093392149872,7,7,8,0.0,4 1 7 5 6 2 3 10
2195,11641,0.050000000000000044,0.21282950043678284,0.0003691943347803317,0.0008140195277519524,0.9398560478627752,3,3,4,0.0,4 5 3 10
2196,11645,0.050000000000000044,0.07246700674295425,0.00047077600902412087,0.0005193487741053104,0.9266271175867595,3,3,4,0.0,8 7 2 10
2197,11650,0.050000000000000044,0.2279796004295349,0.00033290160936303435,0.0008297472959384322,0.9060973707901028,4,4,5,0.0,4 5 3 7 10
2198,11657,0.050000000000000044,0.4618092179298401,0.00036397231659585875,0.0004860765766352415,0.9522414073153143,6,6,7,0.0,8 4 9 5 1 3 10
2199,11666,0.050000000000000044,0.3787282705307007,0.00035832928713514574,0.0010184100829064846,0.9066232288351523,8,8,9,0.0,7 8 5 4 6 2 9 3 10
2200,11670,0.050000000000000044,0.2718748450279236,0.0004528180797933601,0.0006805580342188478,0.9332163441620599,3,3,4,0.0,3 4 5 10
2201,11673,0.050000000000000044,0.12429641932249069,0.00035642171860672534,0.0007243723375722766,0.9462217480192286,2,2,3,0.0,1 7 10
2202,11680,0.050000000000000044,0.5329440832138062,0.0004065237132765885,0.001051399507559836,0.9150278574380665,6,6,7,0.0,9 5 8 3 7 4 10
2203,11683,0.050000000000000044,0.12429641932249069,0.00034536928675758344,0.0007243723375722766,0.9462217480192286,2,2,3,0.0,1 7 10
2204,11687,0.050000000000000044,0.30401620268821716,0.0003829495472018607,0.0006716125644743443,0.9484512512345092,3,3,4,0.0,4 5 3 10
2205,11690,0.050000000000000044,0.08442725986242294,0.0003123442002106458,0.001293298089876771,0.8578867554912669,2,2,3,0.0,8 7 10
2206,11697,0.050000000000000044,0.4419138431549072,0.00037980115822782475,0.0008000439265742898,0.8956623865860679,6,6,7,0.0,5 3 9 7 1 4 10
2207,11700,0.050000000000000044,0.09154313057661057,0.0002917180342289309,0.0011470004683360457,0.891722927773626,2,2,3,0.0,1 2 10
2208,11707,0.050000000000000044,0.5279697775840759,0.00038130063746523647,0.0007831034599803388,0.9333180969804703,6,6,7,0.0,1 3 9 5 8 4 10
2209,11714,0.050000000000000044,0.4601593017578125,0.00034979711927007884,0.0007160785025916994,0.9444359534560712,6,6,7,0.0,2 4 5 9 8 3 10
2210,11717,0.050000000000000044,0.1174188181757927,0.0003333577575782935,0.00070716452319175,0.9378703671167565,2,2,3,0.0,8 7 10
2211,11721,0.050000000000000044,0.30401620268821716,0.00033942646405193955,0.0006716125644743443,0.9484512512345092,3,3,4,0.0,4 5 3 10
2212,11728,0.050000000000000044,0.3926352262496948,0.00033386242908558676,0.0011391323059797287,0.8979560060605991,6,6,7,0.0,7 2 8 5 4 6 10
2213,11731,0.050000000000000044,0.07504940778017044,0.0004191342935276528,0.0013589512091130018,0.845822346010262,2,2,3,0.0,3 5 10
2214,11738,0.050000000000000044,0.47321489453315735,0.00028807595455353815,0.0009856822434812784,0.887089527089162,6,6,7,0.0,7 5 6 2 3 9 10
2215,11742,0.050000000000000044,0.3220631182193756,0.0003780652114073746,0.00039680927875451744,0.9629182144202176,3,3,4,0.0,4 5 3 10
2216,11746,0.050000000000000044,0.21282950043678284,0.0003260588782723062,0.0008140195277519524,0.9398560478627752,3,3,4,0.0,4 5 3 10
2217,11749,0.050000000000000044,0.08542977273464203,0.0003544974703496943,0.001488598994910717,0.8755486795543632,2,2,3,0.0,8 7 10
2218,11758,0.050000000000000044,0.5092042088508606,0.0004947559953305043,0.0007661533309146762,0.9337223103617658,8,8,9,0.0,4 7 6 5 9 2 8 3 10
2219,11767,0.050000000000000044,0.48793086409568787,0.00039883648342866864,0.0008275079308077693,0.933605097136798,8,8,9,0.0,7 8 4 5 9 6 2 3 10
2220,11776,0.050000000000000044,0.5120592713356018,0.0004312811037784235,0.0007568204891867936,0.9141612146824917,8,8,9,0.0,7 8 4 6 5 2 9 3 10
2221,11784,0.050000000000000044,0.49647003412246704,0.0004181096301181242,0.0011958313407376409,0.9060588400372427,7,7,8,0.0,8 7 6 5 4 2 9 10
2222,11788,0.050000000000000044,0.10224214941263199,0.0003490199742373079,0.0007125287083908916,0.9225120335356659,3,3,4,0.0,4 3 5 10
2223,11792,0.050000000000000044,0.3220631182193756,0.00041124821291305125,0.00039680927875451744,0.9629182144202176,3,3,4,0.0,4 5 3 10
2224,11799,0.050000000000000044,0.37181398272514343,0.000397364712885714,0.0006018213462084532,0.9252656192898608,6,6,7,0.0,8 4 9 5 1 3 10
2225,11808,0.050000000000000044,0.36319229006767273,0.00038022448683881923,0.001002699718810618,0.906574340641286,9,9,10,0.0,7 5 1 4 6 9 2 8 3
2226,11811,0.050000000000000044,0.1077432930469513,0.0003071438695769757,0.0005307703977450728,0.9233738654575506,2,2,3,0.0,8 7 10
2227,11815,0.050000000000000044,0.2718748152256012,0.00034068559762090445,0.0006805580342188478,0.9332163441620599,3,3,4,0.0,4 5 3 10
2228,11819,0.050000000000000044,0.17225868999958038,0.00034563519147923216,0.0010011573322117329,0.917074837773932,3,3,4,0.0,5 3 4 10
2229,11823,0.050000000000000044,0.2718748152256012,0.00033755040203686804,0.0006805580342188478,0.9332163441620599,3,3,4,0.0,5 3 4 10
2230,11830,0.050000000000000044,0.4430043697357178,0.0004117162274529359,0.0006470719235949218,0.9375269387125543,6,6,7,0.0,8 4 1 9 5 3 10
2231,11839,0.050000000000000044,0.47906917333602905,0.0003961497083461533,0.000817384454421699,0.9339770750363007,9,9,10,0.0,8 7 4 9 6 2 1 3 5
2232,11848,0.050000000000000044,0.425200492143631,0.0003506324751975222,0.0007566383574157953,0.9022899233026255,9,9,10,0.0,7 8 4 9 6 2 1 3 5
2233,11857,0.050000000000000044,0.48991289734840393,0.00036826954359033454,0.0006008654017932713,0.9323195703460544,9,9,10,0.0,7 8 4 5 6 2 9 1 3
2234,11864,0.050000000000000044,0.5036421418190002,0.0003577157497472529,0.0008510887855663896,0.9315747005176176,6,6,7,0.0,9 8 4 5 1 3 10
2235,11868,0.050000000000000044,0.1996101438999176,0.000315154975396581,0.0004871294368058443,0.9462413316709959,3,3,4,0.0,4 5 3 10
2236,11873,0.050000000000000044,0.24820592999458313,0.0003574254456907511,0.0006626045797020197,0.935212854734499,4,4,5,0.0,8 3 5 4 10
2237,11877,0.050000000000000044,0.196870818734169,0.00034099646290997043,0.0007160058012232184,0.9380829586923193,3,3,4,0.0,4 5 3 10
2238,11886,0.050000000000000044,0.3899434208869934,0.0003648450284446072,0.0003492700052447617,0.936694852343354,8,8,9,0.0,7 8 4 5 9 6 1 3 10
2239,11892,0.050000000000000044,0.4623403251171112,0.0003487564924095447,0.0006201389478519559,0.9519790064955438,5,5,6,0.0,8 3 5 9 4 10
2240,11896,0.050000000000000044,0.1022421345114708,0.0003195601784682367,0.0007125287083908916,0.9225120335356659,3,3,4,0.0,3 4 5 10
2241,11900,0.050000000000000044,0.10029949247837067,0.0002704270591493696,0.0003878751886077225,0.9448756375189485,3,3,4,0.0,3 4 5 10
2242,11904,0.050000000000000044,0.23378056287765503,0.0004060043429490179,0.0017929158639162779,0.8717285928523498,3,3,4,0.0,5 3 4 10
2243,11908,0.050000000000000044,0.10029949247837067,0.00037867416540393606,0.0003878751886077225,0.9448756375189485,3,3,4,0.0,3 4 5 10
2244,11912,0.050000000000000044,0.30401620268821716,0.00040361009450862184,0.0006716125644743443,0.9484512512345092,3,3,4,0.0,4 5 3 10
2245,11916,0.050000000000000044,0.17665845155715942,0.00036089130298933014,0.0008646699134260416,0.9188100051901145,3,3,4,0.0,3 5 4 10
2246,11923,0.050000000000000044,0.37181395292282104,0.0003761734156536737,0.0006018213462084532,0.9252656192898608,6,6,7,0.0,8 4 5 9 1 3 10
2247,11932,0.050000000000000044,0.4899129271507263,0.0003235628585874413,0.0006008654017932713,0.9323195703460544,9,9,10,0.0,7 8 6 5 4 2 9 1 3
2248,11936,0.050000000000000044,0.21238617599010468,0.000401869801862631,0.0011898600496351719,0.9272665474275913,3,3,4,0.0,5 4 3 10
2249,11940,0.050000000000000044,0.2718748152256012,0.000408741194405593,0.0006805580342188478,0.9332163441620599,3,3,4,0.0,4 5 3 10
2250,11944,0.050000000000000044,0.21499721705913544,0.0003582475474104285,0.0007459187181666493,0.9416358080580742,3,3,4,0.0,4 3 5 10
2251,11949,0.050000000000000044,0.44516459107398987,0.0004012882651295513,0.00037097797030583024,0.9324662795779821,4,4,5,0.0,8 4 3 5 10
2252,11953,0.050000000000000044,0.21499721705913544,0.0004366453940747306,0.0007459187181666493,0.9416358080580742,3,3,4,0.0,3 5 4 10
2253,11957,0.050000000000000044,0.04766140878200531,0.00039002436824375764,0.001368052908219397,0.8673722828150362,3,3,4,0.0,3 5 9 10
2254,11961,0.050000000000000044,0.21238619089126587,0.000365608066204004,0.0011898600496351719,0.9272665474275913,3,3,4,0.0,3 5 4 10
2255,11965,0.050000000000000044,0.1022421345114708,0.0003804895022767596,0.0007125287083908916,0.9225120335356659,3,3,4,0.0,3 4 5 10
2256,11972,0.050000000000000044,0.37181395292282104,0.00032203385905761806,0.0006018213462084532,0.9252656192898608,6,6,7,0.0,8 4 5 9 1 3 10
2257,11976,0.050000000000000044,0.3220631182193756,0.0003473052420304157,0.00039680927875451744,0.9629182144202176,3,3,4,0.0,4 5 3 10
2258,11982,0.050000000000000044,0.5426120758056641,0.0003715169053369512,0.0010583109688013792,0.9143119983897765,5,5,6,0.0,3 8 5 9 4 10
2259,11986,0.050000000000000044,0.07672931253910065,0.00039761432708473876,0.0009904849575832486,0.8990747353126263,3,3,4,0.0,4 3 5 10
2260,11990,0.050000000000000044,0.10295793414115906,0.000312479336571414,0.000583756947889924,0.9551348375969353,3,3,4,0.0,4 1 3 10
2261,11994,0.050000000000000044,0.3135063946247101,0.0003240824516979046,0.0006012842059135437,0.9540004504138025,3,3,4,0.0,4 5 3 10
2262,12003,0.050000000000000044,0.41257333755493164,0.00036873929396582145,0.000699592987075448,0.9451701391253545,9,9,10,0.0,2 4 5 1 6 7 9 8 3
2263,12008,0.050000000000000044,0.28097304701805115,0.0004826032614801079,0.0006404791492968798,0.9504497679532921,4,4,5,0.0,4 6 5 3 10
2264,12012,0.050000000000000044,0.21499721705913544,0.0004818705128855072,0.0007459187181666493,0.9416358080580742,3,3,4,0.0,3 5 4 10
2265,12016,0.050000000000000044,0.07092421501874924,0.000519027526024729,0.0011787256225943565,0.8939529767838018,3,3,4,0.0,3 4 5 10
2266,12020,0.050000000000000044,0.10726586729288101,0.00034716374648269266,0.000608788977842778,0.9322087477303501,3,3,4,0.0,3 4 5 10
2267,12026,0.050000000000000044,0.4781273305416107,0.00041290035490722704,0.00048886175500229,0.9522849419170838,5,5,6,0.0,5 4 9 8 3 10
2268,12031,0.050000000000000044,0.14715825021266937,0.00044652395299635825,0.0008376304758712649,0.9213179855936348,4,4,5,0.0,3 5 4 8 10
2269,12034,0.050000000000000044,0.08542976528406143,0.0005156588449608535,0.001488598994910717,0.8755486795543632,2,2,3,0.0,7 8 10
2270,12039,0.050000000000000044,0.03788629174232483,0.00043700523674488067,0.0009896839037537575,0.8990783834039243,4,4,5,0.0,4 5 3 1 10
2271,12044,0.050000000000000044,0.17993007600307465,0.00046581997303292156,0.0008114007068797946,0.9402563097077232,4,4,5,0.0,3 5 4 1 10
2272,12051,0.050000000000000044,0.5167233943939209,0.0004419609987443047,0.0006196436588652432,0.930248403201914,6,6,7,0.0,5 3 9 8 7 4 10
2273,12057,0.050000000000000044,0.4049804210662842,0.0004475863048962007,0.0009630759013816714,0.9028596169316386,5,5,6,0.0,5 4 3 8 9 10
2274,12061,0.050000000000000044,0.21282950043678284,0.0004090869042556733,0.0008140195277519524,0.9398560478627752,3,3,4,0.0,4 5 3 10
2275,12070,0.050000000000000044,0.5071725249290466,0.00035559115672691003,0.0010086381807923317,0.9177491261616048,9,9,10,0.0,5 7 6 4 9 2 8 1 3
2276,12077,0.050000000000000044,0.447737455368042,0.00039625950739718974,0.000784349103923887,0.8978366713426059,6,6,7,0.0,5 1 8 4 3 9 10
2277,12080,0.050000000000000044,0.10164231806993484,0.00039436174362587434,0.0010656961239874363,0.9006846673414554,2,2,3,0.0,7 8 10
2278,12084,0.050000000000000044,0.10029949247837067,0.00038309561932692304,0.0003878751886077225,0.9448756375189485,3,3,4,0.0,4 5 3 10
2279,12091,0.050000000000000044,0.4594433307647705,0.00039347962592728436,0.0007165867136791348,0.9439791115654209,6,6,7,0.0,1 9 5 8 3 4 10
2280,12094,0.050000000000000044,0.07498469203710556,0.0002805017090092103,0.0014849031576886773,0.8560855484409224,2,2,3,0.0,7 5 10
2281,12098,0.050000000000000044,0.30401620268821716,0.0004084026368218474,0.0006716125644743443,0.9484512512345092,3,3,4,0.0,3 4 5 10
2282,12105,0.050000000000000044,0.3984437882900238,0.0003587713124163981,0.0009524248889647424,0.9047663401409222,6,6,7,0.0,5 7 3 9 8 4 10
2283,12110,0.050000000000000044,0.1699858009815216,0.00037252827314659953,0.0006649171118624508,0.9415037639075879,4,4,5,0.0,3 5 9 4 10
2284,12119,0.050000000000000044,0.5084139704704285,0.00037740988449917897,0.0007655597291886806,0.932778447831003,8,8,9,0.0,6 4 3 1 2 7 5 8 10
2285,12125,0.050000000000000044,0.4661394953727722,0.00037019355901672196,0.0007917878101579845,0.9413349068547543,5,5,6,0.0,1 8 5 3 4 10
2286,12129,0.050000000000000044,0.10224214941263199,0.00034989716368727386,0.0007125287083908916,0.9225120335356659,3,3,4,0.0,4 5 3 10
2287,12132,0.050000000000000044,0.10048174113035202,0.00039782150997780263,0.0010758114513009787,0.8997172671386819,2,2,3,0.0,2 8 10
2288,12136,0.050000000000000044,0.21499721705913544,0.0004123185353819281,0.0007459187181666493,0.9416358080580742,3,3,4,0.0,3 5 4 10
2289,12142,0.050000000000000044,0.47425565123558044,0.00034011788375210017,0.000499870628118515,0.9506724909142847,5,5,6,0.0,3 2 4 5 9 10
2290,12146,0.050000000000000044,0.1072658896446228,0.0003358399117132649,0.000608788977842778,0.9322087477303501,3,3,4,0.0,5 3 4 10
2291,12153,0.050000000000000044,0.5156141519546509,0.00038602355302178433,0.0006206950056366622,0.9293672111633984,6,6,7,0.0,5 9 8 4 1 3 10
2292,12157,0.050000000000000044,0.21238619089126587,0.00033611156686674803,0.0011898600496351719,0.9272665474275913,3,3,4,0.0,3 5 4 10
2293,12161,0.050000000000000044,0.21499721705913544,0.000329749433149118,0.0007459187181666493,0.9416358080580742,3,3,4,0.0,3 5 4 10
2294,12165,0.050000000000000044,0.30158212780952454,0.0003392539729247801,0.0004913120064884424,0.9460985286517886,3,3,4,0.0,3 4 5 10
2295,12173,0.050000000000000044,0.4311838150024414,0.00033654889921308495,0.0006108753732405603,0.952613040113846,7,7,8,0.0,7 6 5 4 9 3 2 10
2296,12177,0.050000000000000044,0.3220631182193756,0.0003527980297803879,0.00039680927875451744,0.9629182144202176,3,3,4,0.0,4 5 3 10
2297,12184,0.050000000000000044,0.40844476222991943,0.0003368722807083811,0.0010380507446825504,0.9048288675394976,6,6,7,0.0,7 5 6 4 9 3 10
2298,12192,0.050000000000000044,0.5055161714553833,0.00032408666447736323,0.0006190610583871603,0.9300056103435339,7,7,8,0.0,5 1 8 3 9 7 4 10
2299,12196,0.050000000000000044,0.17225868999958038,0.00033287829865003005,0.0010011573322117329,0.917074837773932,3,3,4,0.0,3 5 4 10
2300,12200,0.050000000000000044,0.20054133236408234,0.00033942190930247307,0.0004971498856320977,0.9479085171371521,3,3,4,0.0,4 5 3 10
2301,12208,0.050000000000000044,0.39485782384872437,0.0003194429154973477,0.0010305119212716818,0.9069420638960408,7,7,8,0.0,9 8 5 4 7 6 3 10
2302,12215,0.050000000000000044,0.3684368133544922,0.0002931208353922037,0.0006126362713985145,0.9243970615756072,6,6,7,0.0,8 5 3 9 7 4 10
2303,12220,0.050000000000000044,0.07776325196027756,0.0004087826877366751,0.000850230862852186,0.9262425013852176,4,4,5,0.0,2 3 4 5 10
2304,12227,0.050000000000000044,0.5329440832138062,0.0003759842615441552,0.001051399507559836,0.9150278574380665,6,6,7,0.0,5 7 3 9 8 4 10
2305,12230,0.050000000000000044,0.08941886574029922,0.00029981363331899047,0.0012216682080179453,0.8729719999783387,2,2,3,0.0,5 3 10
2306,12234,0.050000000000000044,0.3220631182193756,0.00030088044150033966,0.00039680927875451744,0.9629182144202176,3,3,4,0.0,4 5 3 10
2307,12238,0.050000000000000044,0.29794251918792725,0.0003166263486491516,0.0007119822548702359,0.9483224901766045,3,3,4,0.0,4 7 5 10
2308,12245,0.050000000000000044,0.41995200514793396,0.0003381832627513047,0.00035479379585012794,0.9353562950131159,6,6,7,0.0,4 5 9 8 1 3 10
2309,12249,0.050000000000000044,0.3220631182193756,0.0003316520305816084,0.00039680927875451744,0.9629182144202176,3,3,4,0.0,5 4 3 10
2310,12254,0.050000000000000044,0.17993009090423584,0.0004764081269968301,0.0008114007068797946,0.9402563097077232,4,4,5,0.0,5 1 3 4 10
2311,12263,0.050000000000000044,0.38195309042930603,0.00044811357899258536,0.0009363439166918397,0.906452640191199,8,8,9,0.0,7 8 4 6 5 9 2 3 10
2312,12272,0.050000000000000044,0.49839460849761963,0.0003822598147154268,0.000610654940828681,0.9320328336266643,8,8,9,0.0,7 8 4 5 6 2 9 3 10
2313,12276,0.050000000000000044,0.10224214941263199,0.0004201878036838025,0.0007125287083908916,0.9225120335356659,3,3,4,0.0,4 5 3 10
2314,12283,0.050000000000000044,0.5036420822143555,0.00041052437986114195,0.0008510887855663896,0.9315747005176176,6,6,7,0.0,8 5 4 9 1 3 10
2315,12288,0.050000000000000044,0.08036486059427261,0.00032404868979938326,0.0008121161954477429,0.9287247748228231,4,4,5,0.0,9 5 4 3 10
2316,12294,0.050000000000000044,0.27232813835144043,0.00040333794701534015,0.00036288565024733543,0.9644671887885802,5,5,6,0.0,1 9 5 3 4 10
2317,12300,0.050000000000000044,0.4623403251171112,0.0004703358766467621,0.0006201389478519559,0.9519790064955438,5,5,6,0.0,8 4 5 9 3 10
2318,12304,0.050000000000000044,0.21282950043678284,0.000365074047294911,0.0008140195277519524,0.9398560478627752,3,3,4,0.0,3 5 4 10
2319,12308,0.050000000000000044,0.33657222986221313,0.00036827493750024587,0.0016615247586742043,0.878549349745658,3,3,4,0.0,1 9 8 10
2320,12316,0.050000000000000044,0.4379119277000427,0.0003764047069125809,0.0007829368114471436,0.898942010315505,7,7,8,0.0,5 4 9 8 7 6 3 10
2321,12321,0.050000000000000044,0.07776325196027756,0.0003525928157614544,0.000850230862852186,0.9262425013852176,4,4,5,0.0,2 3 4 5 10
2322,12325,0.050000000000000044,0.1996101438999176,0.0004038573824800551,0.0004871294368058443,0.9462413316709959,3,3,4,0.0,3 5 4 10
2323,12328,0.050000000000000044,0.10166987776756287,0.000321038377781709,0.0015437154797837138,0.8671817961907486,2,2,3,0.0,2 5 10
2324,12331,0.050000000000000044,0.06625140458345413,0.0003230725318038215,0.0017090034671127796,0.8755249668889448,2,2,3,0.0,4 2 10
2325,12337,0.050000000000000044,0.4781273305416107,0.00045752952185769874,0.00048886175500229,0.9522849419170838,5,5,6,0.0,8 5 3 9 4 10
2326,12344,0.050000000000000044,0.404981791973114,0.00037593299722565073,0.0007440453628078103,0.9211212101256238,6,6,7,0.0,8 5 9 4 3 7 10
2327,12348,0.050000000000000044,0.1968708038330078,0.0003117517044302076,0.0007160058012232184,0.9380829586923193,3,3,4,0.0,3 5 4 10
2328,12353,0.050000000000000044,0.2872716784477234,0.0003834676055703312,0.0005927992169745266,0.9547206396757493,4,4,5,0.0,4 5 2 3 10
2329,12362,0.050000000000000044,0.5120592713356018,0.0003436646269013484,0.0007568204891867936,0.9141612146824917,8,8,9,0.0,5 9 8 4 7 6 2 3 10
2330,12366,0.050000000000000044,0.07672931998968124,0.00045496614620788023,0.0009904849575832486,0.8990747353126263,3,3,4,0.0,4 5 3 10
2331,12370,0.050000000000000044,0.3220631182193756,0.0003197797850589268,0.00039680927875451744,0.9629182144202176,3,3,4,0.0,4 5 3 10
2332,12374,0.050000000000000044,0.17665845155715942,0.0004217443347442895,0.0008646699134260416,0.9188100051901145,3,3,4,0.0,3 5 4 10
2333,12377,0.050000000000000044,0.12253246456384659,0.0002994479824944089,0.0012501671444624662,0.8880551287485785,2,2,3,0.0,2 8 10
2334,12381,0.050000000000000044,0.4853522777557373,0.00032657051633577794,0.0006749939639121294,0.9342031731723179,3,3,4,0.0,4 5 3 10
2335,12385,0.050000000000000044,0.11627031117677689,0.00034891006362158805,0.0008565268362872303,0.9259343916344303,3,3,4,0.0,4 3 5 10
2336,12388,0.050000000000000044,0.0734371617436409,0.0003189445026994993,0.0016259392723441124,0.8652180798094848,2,2,3,0.0,4 3 10
2337,12392,0.050000000000000044,0.30158212780952454,0.0003902124517480843,0.0004913120064884424,0.9460985286517886,3,3,4,0.0,4 5 3 10
2338,12400,0.050000000000000044,0.44323211908340454,0.00033775658084778115,0.000728494836948812,0.9449370830152605,7,7,8,0.0,2 8 4 7 5 6 3 10
2339,12404,0.050000000000000044,0.16316136717796326,0.00034137490001739934,0.000714446185156703,0.9306788992814445,3,3,4,0.0,4 5 7 10
2340,12408,0.050000000000000044,0.12847532331943512,0.00040333344077225775,0.00036390128661878407,0.9670587569900415,3,3,4,0.0,4 5 3 10
2341,12415,0.050000000000000044,0.5329440832138062,0.00038195703694197746,0.001051399507559836,0.9150278574380665,6,6,7,0.0,8 5 9 4 7 3 10
2342,12419,0.050000000000000044,0.23378059267997742,0.0002943076251540333,0.0017929158639162779,0.8717285928523498,3,3,4,0.0,3 5 4 10
2343,12428,0.050000000000000044,0.5172575116157532,0.0003044504264835268,0.0010201719123870134,0.9182808740810888,8,8,9,0.0,5 1 8 3 9 7 4 6 10
2344,12432,0.050000000000000044,0.20054133236408234,0.0004255277308402583,0.0004971498856320977,0.9479085171371521,3,3,4,0.0,3 5 4 10
2345,12436,0.050000000000000044,0.3220631182193756,0.0003275395283708349,0.00039680927875451744,0.9629182144202176,3,3,4,0.0,4 5 3 10
2346,12441,0.050000000000000044,0.04137691855430603,0.0003346017852891237,0.0009594311122782528,0.9026143265075264,4,4,5,0.0,4 5 6 3 10
2347,12445,0.050000000000000044,0.2718748152256012,0.00030804014750174247,0.0006805580342188478,0.9332163441620599,3,3,4,0.0,4 5 3 10
2348,12449,0.050000000000000044,0.07672931253910065,0.00031606212724000216,0.0009904849575832486,0.8990747353126263,3,3,4,0.0,4 3 5 10
2349,12454,0.050000000000000044,0.17064118385314941,0.0003614360990468413,0.0004760046722367406,0.9492866890892546,4,4,5,0.0,4 3 9 5 10
2350,12458,0.050000000000000044,0.12847530841827393,0.00035607601239462383,0.00036390128661878407,0.9670587569900415,3,3,4,0.0,4 3 5 10
2351,12462,0.050000000000000044,0.17225868999958038,0.00027870443591382354,0.0010011573322117329,0.917074837773932,3,3,4,0.0,3 5 4 10
2352,12469,0.050000000000000044,0.431523859500885,0.000325005260362689,0.0005774546880275011,0.9401819168210171,6,6,7,0.0,8 4 1 3 6 7 10
2353,12476,0.050000000000000044,0.411048948764801,0.00037647978751920164,0.0010297622065991163,0.9064937729065115,6,6,7,0.0,1 9 5 8 3 4 10
2354,12480,0.050000000000000044,0.07672931253910065,0.0002953086150228046,0.0009904849575832486,0.8990747353126263,3,3,4,0.0,4 3 5 10
2355,12484,0.050000000000000044,0.07672931253910065,0.00034230463643325493,0.0009904849575832486,0.8990747353126263,3,3,4,0.0,4 3 5 10
2356,12491,0.050000000000000044,0.5060255527496338,0.0003500930657277682,0.000844796362798661,0.9327079291044602,6,6,7,0.0,5 8 6 4 7 3 10
2357,12500,0.050000000000000044,0.52047199010849,0.0003094104225359236,0.00030623964266851544,0.9617493655997706,9,9,10,0.0,6 7 4 5 2 8 9 3 1
2358,12508,0.050000000000000044,0.4344063103199005,0.0004104406398255378,0.0005976655520498753,0.9535938911715812,7,7,8,0.0,8 4 7 5 6 9 3 10
2359,12517,0.050000000000000044,0.5039483904838562,0.0003921791633021914,0.0007450933335348964,0.9153839173183005,9,9,10,0.0,5 8 1 7 6 2 3 4 9
2360,12522,0.050000000000000044,0.16729363799095154,0.00037138829939067366,0.000481822295114398,0.9467565937058537,4,4,5,0.0,4 2 5 3 10
2361,12526,0.050000000000000044,0.07672931998968124,0.0003045607954845764,0.0009904849575832486,0.8990747353126263,3,3,4,0.0,3 4 5 10
2362,12530,0.050000000000000044,0.17225868999958038,0.0004245526797603816,0.0010011573322117329,0.917074837773932,3,3,4,0.0,3 5 4 10
2363,12539,0.050000000000000044,0.5026543736457825,0.0003696661232323903,0.000746132165659219,0.9347026239500318,9,9,10,0.0,1 8 4 3 9 2 7 5 6
2364,12548,0.050000000000000044,0.5039483308792114,0.0003196272688607375,0.0007450933335348964,0.9153839173183005,9,9,10,0.0,9 5 8 1 3 7 4 6 2
2365,12552,0.050000000000000044,0.07672931998968124,0.00035438018676359206,0.0009904849575832486,0.8990747353126263,3,3,4,0.0,4 5 3 10
2366,12560,0.050000000000000044,0.43296104669570923,0.00036525510222418234,0.0006011131918057799,0.952946157255581,7,7,8,0.0,4 1 9 8 3 5 6 10
2367,12564,0.050000000000000044,0.12847530841827393,0.0003844851889880374,0.00036390128661878407,0.9670587569900415,3,3,4,0.0,4 3 5 10
2368,12572,0.050000000000000044,0.4018111228942871,0.0003152629669784801,0.00035728365764953196,0.9347684682124293,7,7,8,0.0,4 1 7 9 5 6 3 10
2369,12574,0.050000000000000044,0.09178377687931061,0.00032108736922964454,0.0012806697050109506,0.8461906125062498,1,1,2,0.0,5 10
2370,12578,0.050000000000000044,0.10224214941263199,0.00038266249612206593,0.0007125287083908916,0.9225120335356659,3,3,4,0.0,4 3 5 10
2371,12582,0.050000000000000044,0.06573236733675003,0.000413020170526579,0.0010748562635853887,0.8756208674147211,3,3,4,0.0,4 3 5 10
2372,12589,0.050000000000000044,0.5167233943939209,0.00034325733265307335,0.0006196436588652432,0.930248403201914,6,6,7,0.0,9 5 8 3 4 7 10
2373,12594,0.050000000000000044,0.43198809027671814,0.00031499950564466416,0.0007652929052710533,0.9183068889216492,4,4,5,0.0,4 5 9 3 10
2374,12598,0.050000000000000044,0.06573236733675003,0.00028497301536845043,0.0010748562635853887,0.8756208674147211,3,3,4,0.0,4 3 5 10
2375,12602,0.050000000000000044,0.30158212780952454,0.00026712485851021484,0.0004913120064884424,0.9460985286517886,3,3,4,0.0,4 5 3 10
2376,12609,0.050000000000000044,0.4594433307647705,0.00031867960102057883,0.0007165867136791348,0.9439791115654209,6,6,7,0.0,1 9 8 5 3 4 10
2377,12613,0.050000000000000044,0.07672931998968124,0.00031405535264639184,0.0009904849575832486,0.8990747353126263,3,3,4,0.0,3 4 5 10
2378,12617,0.050000000000000044,0.21282950043678284,0.0004232775609125383,0.0008140195277519524,0.9398560478627752,3,3,4,0.0,5 3 4 10
2379,12625,0.050000000000000044,0.5075499415397644,0.00031545202728011645,0.0006140784244053066,0.9308668412755418,7,7,8,0.0,8 5 9 3 7 2 4 10
2380,12628,0.050000000000000044,0.1224161684513092,0.00037113122137573856,0.0012805358273908496,0.8902377154540789,2,2,3,0.0,4 7 10
2381,12632,0.050000000000000044,0.12847532331943512,0.0003979327084380202,0.00036390128661878407,0.9670587569900415,3,3,4,0.0,4 5 3 10
2382,12641,0.050000000000000044,0.5039483308792114,0.0003517338385184606,0.0007450933335348964,0.9153839173183005,9,9,10,0.0,5 6 7 4 9 2 1 8 3
2383,12645,0.050000000000000044,0.041099920868873596,0.0003599090632633306,0.0012671953300014138,0.883668963413123,3,3,4,0.0,9 1 4 10
2384,12649,0.050000000000000044,0.3220631182193756,0.00032455437758471817,0.00039680927875451744,0.9629182144202176,3,3,4,0.0,4 5 3 10
2385,12653,0.050000000000000044,0.07092421501874924,0.0003786555753322318,0.0011787256225943565,0.8939529767838018,3,3,4,0.0,3 4 5 10
2386,12660,0.050000000000000044,0.44300442934036255,0.0003094757890461811,0.0006470719235949218,0.9375269387125543,6,6,7,0.0,1 4 9 5 8 3 10
2387,12669,0.050000000000000044,0.5160734057426453,0.00034404884273600247,0.0010194103233516216,0.9166822389707271,8,8,9,0.0,6 4 1 7 9 3 2 5 10
2388,12673,0.050000000000000044,0.17665845155715942,0.0003526325599523261,0.0008646699134260416,0.9188100051901145,3,3,4,0.0,3 5 4 10
2389,12680,0.050000000000000044,0.44784173369407654,0.00034692079394257495,0.0007855076692067087,0.8983142364251911,6,6,7,0.0,5 8 9 3 7 4 10
2390,12684,0.050000000000000044,0.12847530841827393,0.0003380392226972617,0.00036390128661878407,0.9670587569900415,3,3,4,0.0,4 3 5 10
2391,12691,0.050000000000000044,0.4040328562259674,0.0003501745107184563,0.0007453225553035736,0.9205305891357336,6,6,7,0.0,8 5 3 9 4 1 10
2392,12698,0.050000000000000044,0.41104888916015625,0.00033897517382034233,0.0010297622065991163,0.9064937729065115,6,6,7,0.0,1 9 8 5 3 4 10
2393,12702,0.050000000000000044,0.21282950043678284,0.00031050315010361373,0.0008140195277519524,0.9398560478627752,3,3,4,0.0,4 5 3 10
2394,12706,0.050000000000000044,0.10029949992895126,0.0003036805574083701,0.0003878751886077225,0.9448756375189485,3,3,4,0.0,4 3 5 10
2395,12710,0.050000000000000044,0.12847532331943512,0.00031968764233170077,0.00036390128661878407,0.9670587569900415,3,3,4,0.0,4 5 3 10
2396,12719,0.050000000000000044,0.5255638957023621,0.00030164527965502604,0.00031947033130563796,0.9611860649232774,8,8,9,0.0,1 8 4 3 9 7 2 5 10
2397,12723,0.050000000000000044,0.21238619089126587,0.00031641413806937635,0.0011898600496351719,0.9272665474275913,3,3,4,0.0,5 3 4 10
2398,12727,0.050000000000000044,0.2718748152256012,0.0003003013553097844,0.0006805580342188478,0.9332163441620599,3,3,4,0.0,4 5 3 10
2399,12730,0.050000000000000044,0.17416006326675415,0.0002646410478822266,0.0008591280202381313,0.9215652740845074,2,2,3,0.0,1 7 10
2400,12739,0.050000000000000044,0.5087504386901855,0.00031295156966532685,0.0007668669568374753,0.9333812875250148,8,8,9,0.0,4 8 1 3 9 2 7 5 10
2401,12743,0.050000000000000044,0.23378059267997742,0.00033033155341399834,0.0017929158639162779,0.8717285928523498,3,3,4,0.0,4 5 3 10
2402,12752,0.050000000000000044,0.43179255723953247,0.0003503613180429157,0.0004711332148872316,0.9530430480430299,8,8,9,0.0,4 1 7 5 9 6 8 3 10
2403,12759,0.050000000000000044,0.40844476222991943,0.00037351661012507975,0.0010380507446825504,0.9048288675394976,6,6,7,0.0,7 5 4 9 6 3 10
2404,12768,0.050000000000000044,0.3899434208869934,0.00041937048081308603,0.0003492700052447617,0.936694852343354,8,8,9,0.0,4 1 7 5 6 9 8 3 10
2405,12777,0.050000000000000044,0.425200492143631,0.00038265895111382834,0.0007566383574157953,0.9022899233026255,9,9,10,0.0,4 1 9 8 3 5 6 7 2
2406,12781,0.050000000000000044,0.21499721705913544,0.0004372945331851952,0.0007459187181666493,0.9416358080580742,3,3,4,0.0,4 3 5 10
2407,12785,0.050000000000000044,0.17665845155715942,0.00038417588075390086,0.0008646699134260416,0.9188100051901145,3,3,4,0.0,3 5 4 10
2408,12792,0.050000000000000044,0.4612276554107666,0.00039271977064864975,0.00048562922165729105,0.9517783389186463,6,6,7,0.0,4 7 6 5 9 3 10
2409,12796,0.050000000000000044,0.1968708038330078,0.00036658369208453223,0.0007160058012232184,0.9380829586923193,3,3,4,0.0,4 3 5 10
2410,12800,0.050000000000000044,0.3220631182193756,0.0003479537190287374,0.00039680927875451744,0.9629182144202176,3,3,4,0.0,4 5 3 10
2411,12804,0.050000000000000044,0.21282950043678284,0.0003745193826034665,0.0008140195277519524,0.9398560478627752,3,3,4,0.0,4 3 5 10
2412,12808,0.050000000000000044,0.1968708038330078,0.00042717640462797135,0.0007160058012232184,0.9380829586923193,3,3,4,0.0,4 3 5 10
2413,12812,0.050000000000000044,0.1968708038330078,0.00036995203845435753,0.0007160058012232184,0.9380829586923193,3,3,4,0.0,4 3 5 10
2414,12816,0.050000000000000044,0.20054133236408234,0.0004589459713315591,0.0004971498856320977,0.9479085171371521,3,3,4,0.0,4 3 5 10
2415,12820,0.050000000000000044,0.21282950043678284,0.00036687462852569297,0.0008140195277519524,0.9398560478627752,3,3,4,0.0,4 3 5 10
2416,12826,0.050000000000000044,0.41989073157310486,0.00039219154859893024,0.0007486430695280433,0.920224189492525,5,5,6,0.0,4 5 9 8 3 10
2417,12830,0.050000000000000044,0.07672931253910065,0.0003898647119058296,0.0009904849575832486,0.8990747353126263,3,3,4,0.0,4 3 5 10
2418,12839,0.050000000000000044,0.5120592713356018,0.00034909571210543316,0.0007568204891867936,0.9141612146824917,8,8,9,0.0,9 5 8 3 7 6 2 4 10
2419,12843,0.050000000000000044,0.21282950043678284,0.00035301644675200805,0.0008140195277519524,0.9398560478627752,3,3,4,0.0,4 5 3 10
2420,12851,0.050000000000000044,0.3960873484611511,0.0003811266396951396,0.0010166785214096308,0.9070960254575636,7,7,8,0.0,1 9 8 5 3 4 6 10
2421,12858,0.050000000000000044,0.505942165851593,0.00041319865600339005,0.0008444539271295071,0.9325745216394719,6,6,7,0.0,9 8 5 3 7 4 10
2422,12862,0.050000000000000044,0.3220631182193756,0.0003272343092248775,0.00039680927875451744,0.9629182144202176,3,3,4,0.0,4 3 5 10
2423,12866,0.050000000000000044,0.3220631182193756,0.00034893104748334736,0.00039680927875451744,0.9629182144202176,3,3,4,0.0,4 5 3 10
2424,12870,0.050000000000000044,0.05868946760892868,0.0003155455124215223,0.0011472160695120692,0.8690267249445711,3,3,4,0.0,4 7 5 10
2425,12874,0.050000000000000044,0.1968708038330078,0.00039931190985953435,0.0007160058012232184,0.9380829586923193,3,3,4,0.0,4 3 5 10
2426,12878,0.050000000000000044,0.196870818734169,0.00031177892378764227,0.0007160058012232184,0.9380829586923193,3,3,4,0.0,4 5 3 10
2427,12882,0.050000000000000044,0.3135063946247101,0.0002873227604140993,0.0006012842059135437,0.9540004504138025,3,3,4,0.0,4 5 3 10
2428,12886,0.050000000000000044,0.21282950043678284,0.0003911331223207526,0.0008140195277519524,0.9398560478627752,3,3,4,0.0,4 5 3 10
2429,12890,0.050000000000000044,0.30158212780952454,0.000337361816491466,0.0004913120064884424,0.9460985286517886,3,3,4,0.0,4 5 3 10
2430,12899,0.050000000000000044,0.37928977608680725,0.00032959617480325204,0.0009104710770770907,0.9083804065775786,9,9,10,0.0,4 1 7 9 3 8 2 6 5
2431,12903,0.050000000000000044,0.1968708038330078,0.00035821375058731064,0.0007160058012232184,0.9380829586923193,3,3,4,0.0,4 3 5 10
2432,12907,0.050000000000000044,0.2718748152256012,0.0003127310410491191,0.0006805580342188478,0.9332163441620599,3,3,4,0.0,4 5 3 10
2433,12911,0.050000000000000044,0.10029949992895126,0.000338649915647693,0.0003878751886077225,0.9448756375189485,3,3,4,0.0,4 3 5 10
2434,12919,0.050000000000000044,0.4429330825805664,0.00029243873177620117,0.0007155884522944689,0.9440304963505084,7,7,8,0.0,1 9 8 5 3 7 4 10
2435,12923,0.050000000000000044,0.30401620268821716,0.00032272879616357386,0.0006716125644743443,0.9484512512345092,3,3,4,0.0,4 5 3 10
2436,12932,0.050000000000000044,0.4287104606628418,0.00034101536018877395,0.0007094616303220391,0.9453501731476234,8,8,9,0.0,1 9 8 5 3 7 6 4 10
2437,12936,0.050000000000000044,0.21282950043678284,0.0003284676276962273,0.0008140195277519524,0.9398560478627752,3,3,4,0.0,4 3 5 10
2438,12940,0.050000000000000044,0.07092421501874924,0.00029011898004682735,0.0011787256225943565,0.8939529767838018,3,3,4,0.0,4 3 5 10
2439,12948,0.050000000000000044,0.4457632899284363,0.00034091650013579056,0.00048386858543381095,0.9524533795403244,7,7,8,0.0,4 1 9 3 8 7 5 10
2440,12956,0.050000000000000044,0.4961917996406555,0.00035278878567623906,0.0008405953994952142,0.933177160885402,7,7,8,0.0,4 7 6 9 5 8 3 10
2441,12960,0.050000000000000044,0.20054133236408234,0.0003495716300676577,0.0004971498856320977,0.9479085171371521,3,3,4,0.0,4 5 3 10
2442,12969,0.050000000000000044,0.42520052194595337,0.00034642944228835404,0.0007566383574157953,0.9022899233026255,9,9,10,0.0,8 1 9 5 3 6 7 2 4
2443,12973,0.050000000000000044,0.23378059267997742,0.00029787461971864104,0.0017929158639162779,0.8717285928523498,3,3,4,0.0,4 5 3 10
2444,12979,0.050000000000000044,0.46882665157318115,0.0003503373106165479,0.0005170657532289624,0.9485963035317295,5,5,6,0.0,4 1 2 3 5 10
2445,12988,0.050000000000000044,0.43179255723953247,0.0003622419802316775,0.0004711332148872316,0.9530430480430299,8,8,9,0.0,4 1 9 5 8 6 7 3 10
2446,12992,0.050000000000000044,0.1996101588010788,0.000344989137374796,0.0004871294368058443,0.9462413316709959,3,3,4,0.0,4 3 5 10
2447,12999,0.050000000000000044,0.41772371530532837,0.00031340309734722335,0.0003583391662687063,0.9344370975363977,6,6,7,0.0,4 5 9 7 6 3 10
2448,13006,0.050000000000000044,0.4471513628959656,0.00036102929152548313,0.0006098380545154214,0.9520727357385275,6,6,7,0.0,4 5 8 9 1 3 10
2449,13014,0.050000000000000044,0.4429330825805664,0.00039142067544162273,0.0007155884522944689,0.9440304963505084,7,7,8,0.0,1 9 8 5 3 7 4 10
2450,13018,0.050000000000000044,0.17665843665599823,0.000426157632318791,0.0008646699134260416,0.9188100051901145,3,3,4,0.0,5 4 3 10
2451,13022,0.050000000000000044,0.23378056287765503,0.0004140919118071906,0.0017929158639162779,0.8717285928523498,3,3,4,0.0,5 4 3 10
2452,13026,0.050000000000000044,0.21499721705913544,0.0003856676339637488,0.0007459187181666493,0.9416358080580742,3,3,4,0.0,4 5 3 10
2453,13030,0.050000000000000044,0.10726586729288101,0.00039693958387942985,0.000608788977842778,0.9322087477303501,3,3,4,0.0,4 3 5 10
2454,13034,0.050000000000000044,0.30297723412513733,0.0003750021496671252,0.0009209985146299005,0.9276692834057082,3,3,4,0.0,4 5 3 10
2455,13038,0.050000000000000044,0.21282950043678284,0.0005082912175566889,0.0008140195277519524,0.9398560478627752,3,3,4,0.0,5 4 3 10
2456,13041,0.050000000000000044,0.0872812420129776,0.00035225563139344257,0.001316113630309701,0.8805190407173812,2,2,3,0.0,8 2 10
2457,13048,0.050000000000000044,0.3684368133544922,0.0003553432262768703,0.0006126362713985145,0.9243970615756072,6,6,7,0.0,8 5 9 3 7 4 10
2458,13055,0.050000000000000044,0.4618091583251953,0.00040297546573648494,0.0004860765766352415,0.9522414073153143,6,6,7,0.0,4 1 9 5 8 3 10
2459,13060,0.050000000000000044,0.21003088355064392,0.00032529724412597714,0.0017678049625828862,0.8754988865534843,4,4,5,0.0,6 4 5 3 10
2460,13064,0.050000000000000044,0.21282950043678284,0.00041718495049281046,0.0008140195277519524,0.9398560478627752,3,3,4,0.0,4 5 3 10
2461,13068,0.050000000000000044,0.30158212780952454,0.0003046726924367249,0.0004913120064884424,0.9460985286517886,3,3,4,0.0,4 5 3 10
2462,13072,0.050000000000000044,0.3220631182193756,0.0003586946986615658,0.00039680927875451744,0.9629182144202176,3,3,4,0.0,4 5 3 10
2463,13079,0.050000000000000044,0.5461762547492981,0.00034973853949590454,0.0003238721692468971,0.9612449299849738,6,6,7,0.0,8 7 3 9 5 4 10
2464,13088,0.050000000000000044,0.5039483308792114,0.00034658118966035545,0.0007450933335348964,0.9153839173183005,9,9,10,0.0,9 5 8 3 7 6 1 2 4
2465,13093,0.050000000000000044,0.24820595979690552,0.0003639020025730133,0.0006626045797020197,0.935212854734499,4,4,5,0.0,3 4 5 8 10
2466,13101,0.050000000000000044,0.4429330825805664,0.000344531872542575,0.0007155884522944689,0.9440304963505084,7,7,8,0.0,1 9 8 5 3 7 4 10
2467,13108,0.050000000000000044,0.3984437882900238,0.00035277939085582536,0.0009524248889647424,0.9047663401409222,6,6,7,0.0,8 5 3 9 7 4 10
2468,13112,0.050000000000000044,0.30401620268821716,0.0003292602050350979,0.0006716125644743443,0.9484512512345092,3,3,4,0.0,4 5 3 10
2469,13121,0.050000000000000044,0.4790690541267395,0.0003161118834719269,0.000817384454421699,0.9339770750363007,9,9,10,0.0,5 9 8 3 7 6 2 1 4
2470,13124,0.050000000000000044,0.10048174113035202,0.00030766484754470486,0.0010758114513009787,0.8997172671386819,2,2,3,0.0,2 8 10
2471,13128,0.050000000000000044,0.21238619089126587,0.000321476356475614,0.0011898600496351719,0.9272665474275913,3,3,4,0.0,5 3 4 10
2472,13132,0.050000000000000044,0.20054133236408234,0.0002915685254265554,0.0004971498856320977,0.9479085171371521,3,3,4,0.0,4 5 3 10
2473,13137,0.050000000000000044,0.1436135321855545,0.0003214142983779311,0.0008616394479759037,0.9189084983396474,4,4,5,0.0,2 4 5 3 10
2474,13141,0.050000000000000044,0.2718748152256012,0.0002892970987886656,0.0006805580342188478,0.9332163441620599,3,3,4,0.0,4 5 3 10
2475,13149,0.050000000000000044,0.44709035754203796,0.0003574913935153745,0.00047985248966142535,0.9529805467613529,7,7,8,0.0,4 5 9 8 7 6 3 10
2476,13155,0.050000000000000044,0.5454471707344055,0.00036737213425415877,0.00034513199352659285,0.9589801405719287,5,5,6,0.0,1 2 4 3 5 10
2477,13163,0.050000000000000044,0.4356864392757416,0.0002918615882663289,0.0005898590898141265,0.9537688509498,7,7,8,0.0,1 4 7 5 6 8 3 10
2478,13171,0.050000000000000044,0.4344063103199005,0.00034580909050418995,0.0005976655520498753,0.9535938911715812,7,7,8,0.0,4 5 9 7 6 8 3 10
2479,13175,0.050000000000000044,0.17665845155715942,0.0003140939661534503,0.0008646699134260416,0.9188100051901145,3,3,4,0.0,4 3 5 10
2480,13183,0.050000000000000044,0.3875008821487427,0.0003748102462850511,0.0009521585889160633,0.9048686899802915,7,7,8,0.0,9 5 8 3 7 6 4 10
2481,13188,0.050000000000000044,0.06874827295541763,0.0003179549821652472,0.0006065799971111119,0.9326013656251141,4,4,5,0.0,4 3 5 2 10
2482,13192,0.050000000000000044,0.30158212780952454,0.00032869465940166265,0.0004913120064884424,0.9460985286517886,3,3,4,0.0,4 5 3 10
2483,13200,0.050000000000000044,0.4033256769180298,0.00032281644962495193,0.000354599003912881,0.9353545375620143,7,7,8,0.0,4 7 6 5 8 9 3 10
2484,13204,0.050000000000000044,0.25300008058547974,0.00034047928420477547,0.0008444669656455517,0.9045451429985933,3,3,4,0.0,4 5 3 10
2485,13208,0.050000000000000044,0.21282950043678284,0.00030308243731269613,0.0008140195277519524,0.9398560478627752,3,3,4,0.0,3 5 4 10
2486,13212,0.050000000000000044,0.1968708038330078,0.0003296176510048099,0.0007160058012232184,0.9380829586923193,3,3,4,0.0,3 5 4 10
2487,13216,0.050000000000000044,0.20054133236408234,0.000365788335329853,0.0004971498856320977,0.9479085171371521,3,3,4,0.0,4 5 3 10
2488,13220,0.050000000000000044,0.3220631182193756,0.00032536623621126637,0.00039680927875451744,0.9629182144202176,3,3,4,0.0,4 5 3 10
2489,13229,0.050000000000000044,0.4899129271507263,0.00033317668971398636,0.0006008654017932713,0.9323195703460544,9,9,10,0.0,5 8 9 3 7 1 6 2 4
2490,13233,0.050000000000000044,0.25300008058547974,0.0003722945766639896,0.0008444669656455517,0.9045451429985933,3,3,4,0.0,4 5 3 10
2491,13237,0.050000000000000044,0.20054133236408234,0.0003707130454131402,0.0004971498856320977,0.9479085171371521,3,3,4,0.0,5 3 4 10
2492,13243,0.050000000000000044,0.41920578479766846,0.00034528516698628664,0.00039576785638928413,0.9300433099447051,5,5,6,0.0,4 7 6 5 8 10
2493,13250,0.050000000000000044,0.4049817621707916,0.00030358960585934777,0.0007440453628078103,0.9211212101256238,6,6,7,0.0,8 5 9 3 7 4 10
2494,13258,0.050000000000000044,0.3875008821487427,0.00037949601392028853,0.0009521585889160633,0.9048686899802915,7,7,8,0.0,8 5 9 3 7 6 4 10
2495,13267,0.050000000000000044,0.5280480980873108,0.0003737802132188032,0.00031487783417105675,0.9616291990922265,8,8,9,0.0,8 5 9 3 7 6 2 4 10
2496,13270,0.050000000000000044,0.10048173367977142,0.00031866725961056847,0.0010758114513009787,0.8997172671386819,2,2,3,0.0,8 2 10
2497,13274,0.050000000000000044,0.20054133236408234,0.0003540082470863126,0.0004971498856320977,0.9479085171371521,3,3,4,0.0,4 5 3 10
2498,13283,0.050000000000000044,0.4316961467266083,0.00033984461980354454,0.0007697843248024583,0.9007820975518255,8,8,9,0.0,5 8 9 3 7 6 2 4 10
2499,13287,0.050000000000000044,0.07092421501874924,0.0003372225328348577,0.0011787256225943565,0.8939529767838018,3,3,4,0.0,4 3 5 10
2500,13296,0.050000000000000044,0.3819531202316284,0.00036901592910807166,0.0009363439166918397,0.906452640191199,8,8,9,0.0,8 5 9 3 7 2 6 4 10
2501,13300,0.050000000000000044,0.30401620268821716,0.0003369369005667977,0.0006716125644743443,0.9484512512345092,3,3,4,0.0,4 3 5 10
2502,13307,0.050000000000000044,0.4433673024177551,0.0003272199787066451,0.0006494539557024837,0.9379701815660728,6,6,7,0.0,4 5 9 8 2 3 10
2503,13311,0.050000000000000044,0.21282950043678284,0.0003688873548526317,0.0008140195277519524,0.9398560478627752,3,3,4,0.0,3 5 4 10
2504,13320,0.050000000000000044,0.5119085311889648,0.0002894359285063628,0.0007530170842073858,0.9340623293811727,8,8,9,0.0,4 1 7 9 6 2 3 5 10
2505,13327,0.050000000000000044,0.4623412489891052,0.00031743232726252506,0.0004852933343499899,0.952539730493719,6,6,7,0.0,8 5 9 3 7 4 10
2506,13332,0.050000000000000044,0.17148149013519287,0.00034775889362208544,0.0004818411252927035,0.9507847315278547,4,4,5,0.0,5 3 4 6 10
2507,13336,0.050000000000000044,0.07092421501874924,0.0003095189676969312,0.0011787256225943565,0.8939529767838018,3,3,4,0.0,4 3 5 10
2508,13343,0.050000000000000044,0.505942165851593,0.000327019054176552,0.0008444539271295071,0.9325745216394719,6,6,7,0.0,8 5 9 3 7 4 10
2509,13346,0.050000000000000044,0.06244557350873947,0.00030301914860804874,0.0014953591162338853,0.8498842261474708,2,2,3,0.0,4 1 10
2510,13353,0.050000000000000044,0.4594433307647705,0.00033438948282439796,0.0007165867136791348,0.9439791115654209,6,6,7,0.0,1 9 8 5 3 4 10
2511,13362,0.050000000000000044,0.3819531202316284,0.00029457148048095405,0.0009363439166918397,0.906452640191199,8,8,9,0.0,5 8 9 3 7 6 2 4 10
2512,13371,0.050000000000000044,0.49633994698524475,0.00029867379150042933,0.0006134753348305821,0.9306162230218633,8,8,9,0.0,5 8 1 9 3 2 7 4 10
2513,13375,0.050000000000000044,0.1968708038330078,0.00033784562401706353,0.0007160058012232184,0.9380829586923193,3,3,4,0.0,4 3 5 10
2514,13378,0.050000000000000044,0.12253246456384659,0.0003281686125167956,0.0012501671444624662,0.8880551287485785,2,2,3,0.0,2 8 10
2515,13385,0.050000000000000044,0.4594433307647705,0.000358363551120939,0.0007165867136791348,0.9439791115654209,6,6,7,0.0,1 5 8 9 3 4 10
2516,13391,0.050000000000000044,0.4781273305416107,0.00028151003061793745,0.00048886175500229,0.9522849419170838,5,5,6,0.0,8 5 9 3 4 10
2517,13400,0.050000000000000044,0.5039483308792114,0.0003139125344912625,0.0007450933335348964,0.9153839173183005,9,9,10,0.0,9 5 8 3 7 6 1 2 4
2518,13403,0.050000000000000044,0.09758038073778152,0.0003759402413076411,0.0011654619593173265,0.8859952985177284,2,2,3,0.0,1 7 10
2519,13408,0.050000000000000044,0.2092258334159851,0.00032954372582025824,0.0017679492011666298,0.8744249383472659,4,4,5,0.0,5 3 8 4 10
2520,13412,0.050000000000000044,0.07092421501874924,0.0002975041134050116,0.0011787256225943565,0.8939529767838018,3,3,4,0.0,4 3 5 10
2521,13416,0.050000000000000044,0.12847530841827393,0.00033536528644617647,0.00036390128661878407,0.9670587569900415,3,3,4,0.0,4 3 5 10
2522,13420,0.050000000000000044,0.17225868999958038,0.000335379911120981,0.0010011573322117329,0.917074837773932,3,3,4,0.0,4 3 5 10
2523,13424,0.050000000000000044,0.17665845155715942,0.0002698461030377075,0.0008646699134260416,0.9188100051901145,3,3,4,0.0,3 5 4 10
2524,13431,0.050000000000000044,0.4508013129234314,0.0003030063068893339,0.0005982054863125086,0.9534630830378652,6,6,7,0.0,4 7 6 5 8 3 10
2525,13435,0.050000000000000044,0.10029949992895126,0.00033387150324415416,0.0003878751886077225,0.9448756375189485,3,3,4,0.0,4 3 5 10
2526,13440,0.050000000000000044,0.2431323230266571,0.0002766615565633401,0.0006639212369918823,0.9311932169972928,4,4,5,0.0,4 5 7 8 10
2527,13441,0.050000000000000044,0.0,0.00032954110065475106,0.003249702975153923,0.7495482381982519,0,0,1,0.0,10
2528,13445,0.050000000000000044,0.20054133236408234,0.0002979214987135492,0.0004971498856320977,0.9479085171371521,3,3,4,0.0,4 3 5 10
2529,13454,0.050000000000000044,0.4899129271507263,0.00031137197381920286,0.0006008654017932713,0.9323195703460544,9,9,10,0.0,5 8 9 3 7 6 2 1 4
2530,13458,0.050000000000000044,0.21499721705913544,0.0003063272852159571,0.0007459187181666493,0.9416358080580742,3,3,4,0.0,3 5 4 10
2531,13461,0.050000000000000044,0.08991457521915436,0.00027714858879335225,0.0011503947898745537,0.8894915559177379,2,2,3,0.0,3 4 10
2532,13464,0.050000000000000044,0.08587874472141266,0.00026967488520313054,0.0012609773548319936,0.874283598972912,2,2,3,0.0,4 3 10
2533,13468,0.050000000000000044,0.17225868999958038,0.0004046453468617983,0.0010011573322117329,0.917074837773932,3,3,4,0.0,4 3 5 10
2534,13472,0.050000000000000044,0.3220631182193756,0.00030525116017088294,0.00039680927875451744,0.9629182144202176,3,3,4,0.0,4 5 3 10
2535,13480,0.050000000000000044,0.4971880316734314,0.00036377309152157977,0.0008331005810759962,0.9328399639705132,7,7,8,0.0,5 8 9 3 2 7 4 10
2536,13484,0.050000000000000044,0.1968708038330078,0.0002701236880966462,0.0007160058012232184,0.9380829586923193,3,3,4,0.0,3 5 4 10
2537,13491,0.050000000000000044,0.4594433307647705,0.00029882716314334957,0.0007165867136791348,0.9439791115654209,6,6,7,0.0,1 5 8 9 3 4 10
2538,13499,0.050000000000000044,0.40181106328964233,0.0003058246693399269,0.00035728365764953196,0.9347684682124293,7,7,8,0.0,4 7 1 9 6 5 3 10
2539,13502,0.050000000000000044,0.10164231806993484,0.0004204443539492786,0.0010656961239874363,0.9006846673414554,2,2,3,0.0,7 8 10
2540,13511,0.050000000000000044,0.529939591884613,0.00042234695865772665,0.000308611080981791,0.9612943588553371,8,8,9,0.0,1 4 7 9 6 2 3 5 10
2541,13515,0.050000000000000044,0.07092421501874924,0.0003363964096934069,0.0011787256225943565,0.8939529767838018,3,3,4,0.0,4 3 5 10
2542,13519,0.050000000000000044,0.21499721705913544,0.00041789338138187304,0.0007459187181666493,0.9416358080580742,3,3,4,0.0,4 3 5 10
2543,13523,0.050000000000000044,0.30401620268821716,0.00035815332375932485,0.0006716125644743443,0.9484512512345092,3,3,4,0.0,4 3 5 10
2544,13532,0.050000000000000044,0.4899129271507263,0.000395957079793637,0.0006008654017932713,0.9323195703460544,9,9,10,0.0,8 5 3 9 7 6 2 1 4
2545,13536,0.050000000000000044,0.1022421345114708,0.0003943390620406717,0.0007125287083908916,0.9225120335356659,3,3,4,0.0,3 4 5 10
2546,13540,0.050000000000000044,0.20054133236408234,0.00036547712079482153,0.0004971498856320977,0.9479085171371521,3,3,4,0.0,3 5 4 10
2547,13548,0.050000000000000044,0.5215807557106018,0.00035183046566089615,0.0007633296772837639,0.9135789345245583,7,7,8,0.0,5 8 3 9 7 6 4 10
2548,13557,0.050000000000000044,0.4899129867553711,0.00031098165264767077,0.0006008654017932713,0.9323195703460544,9,9,10,0.0,8 5 9 3 6 2 1 7 4
2549,13563,0.050000000000000044,0.4553869962692261,0.0003474913731527825,0.0006484143668785691,0.9498434619231684,5,5,6,0.0,8 1 4 3 5 10
2550,13567,0.050000000000000044,0.21282950043678284,0.0003410577919567004,0.0008140195277519524,0.9398560478627752,3,3,4,0.0,3 4 5 10
2551,13574,0.050000000000000044,0.4571804404258728,0.0003093311658761065,0.0007379534072242677,0.9436135503610731,6,6,7,0.0,1 5 9 2 3 4 10
2552,13578,0.050000000000000044,0.30158212780952454,0.00028827585265389644,0.0004913120064884424,0.9460985286517886,3,3,4,0.0,4 5 3 10
2553,13582,0.050000000000000044,0.1968708038330078,0.00028836901037720963,0.0007160058012232184,0.9380829586923193,3,3,4,0.0,3 4 5 10
2554,13590,0.050000000000000044,0.5247747898101807,0.0003397814762138296,0.0010386400390416384,0.9166959327037638,7,7,8,0.0,8 5 3 9 6 4 7 10
2555,13594,0.050000000000000044,0.06573236733675003,0.00039071342325769365,0.0010748562635853887,0.8756208674147211,3,3,4,0.0,3 4 5 10
2556,13598,0.050000000000000044,0.30158212780952454,0.0002843169822881464,0.0004913120064884424,0.9460985286517886,3,3,4,0.0,4 5 3 10
2557,13607,0.050000000000000044,0.5119085311889648,0.0002933564812539973,0.0007530170842073858,0.9340623293811727,8,8,9,0.0,4 1 9 3 2 6 7 5 10
2558,13611,0.050000000000000044,0.21238619089126587,0.00028548622503876686,0.0011898600496351719,0.9272665474275913,3,3,4,0.0,4 3 5 10
2559,13616,0.050000000000000044,0.21256259083747864,0.0003115478641120717,0.0017306746449321508,0.8764653371804251,4,4,5,0.0,9 4 5 3 10
2560,13621,0.050000000000000044,0.27689728140830994,0.000288824547897093,0.0004643836582545191,0.9556898214144457,4,4,5,0.0,4 5 7 1 10
2561,13625,0.050000000000000044,0.0758199691772461,0.00028574886528076604,0.0014191694790497422,0.8849418076302293,3,3,4,0.0,9 5 3 10
2562,13629,0.050000000000000044,0.1968708038330078,0.000296351543511264,0.0007160058012232184,0.9380829586923193,3,3,4,0.0,3 4 5 10
2563,13633,0.050000000000000044,0.1968708038330078,0.00028175283659948036,0.0007160058012232184,0.9380829586923193,3,3,4,0.0,3 4 5 10
2564,13637,0.050000000000000044,0.17665845155715942,0.0003071353421546519,0.0008646699134260416,0.9188100051901145,3,3,4,0.0,3 5 4 10
2565,13641,0.050000000000000044,0.21238619089126587,0.0002871540345950052,0.0011898600496351719,0.9272665474275913,3,3,4,0.0,3 4 5 10
2566,13647,0.050000000000000044,0.4595288038253784,0.00026878192875301465,0.0006500752060674131,0.9376565848037547,5,5,6,0.0,8 5 9 3 4 10
2567,13650,0.050000000000000044,0.09888169914484024,0.0002958098096617808,0.0010826841462403536,0.8978112265578384,2,2,3,0.0,1 7 10
2568,13654,0.050000000000000044,0.0758199691772461,0.00027085224428446963,0.0014191694790497422,0.8849418076302293,3,3,4,0.0,9 5 3 10
2569,13659,0.050000000000000044,0.14722810685634613,0.0003084911324549466,0.000836653052829206,0.9213197759123393,4,4,5,0.0,9 5 3 4 10
2570,13668,0.050000000000000044,0.42855244874954224,0.00028046581105122133,0.0007042397046461701,0.9449583472203414,8,8,9,0.0,1 5 8 9 6 2 3 4 10
2571,13677,0.050000000000000044,0.3819531202316284,0.00032792404332819086,0.0009363439166918397,0.906452640191199,8,8,9,0.0,8 5 9 3 7 2 6 4 10
2572,13681,0.050000000000000044,0.30158212780952454,0.00025101385108428076,0.0004913120064884424,0.9460985286517886,3,3,4,0.0,4 5 3 10
2573,13684,0.050000000000000044,0.12429641932249069,0.000325727800372988,0.0007243723375722766,0.9462217480192286,2,2,3,0.0,1 7 10
2574,13691,0.050000000000000044,0.5322585105895996,0.00028026290237903595,0.0010537144262343645,0.9145355180667782,6,6,7,0.0,8 5 9 3 1 4 10
2575,13695,0.050000000000000044,0.21238619089126587,0.0003246706837671809,0.0011898600496351719,0.9272665474275913,3,3,4,0.0,3 4 5 10
2576,13699,0.050000000000000044,0.10726586729288101,0.00026625524333212525,0.000608788977842778,0.9322087477303501,3,3,4,0.0,4 3 5 10
2577,13705,0.050000000000000044,0.5139819383621216,0.0002662589298173164,0.0008547558099962771,0.9314797545974802,5,5,6,0.0,8 5 9 3 4 10
2578,13710,0.050000000000000044,0.16717292368412018,0.00035096703795716165,0.0006917453138157725,0.9403354965336399,4,4,5,0.0,3 4 5 8 10
2579,13714,0.050000000000000044,0.3135063946247101,0.0002614938057377003,0.0006012842059135437,0.9540004504138025,3,3,4,0.0,3 4 5 10
2580,13718,0.050000000000000044,0.23378059267997742,0.00027604243223322555,0.0017929158639162779,0.8717285928523498,3,3,4,0.0,3 5 4 10
2581,13722,0.050000000000000044,0.11627032607793808,0.00026988152239937335,0.0008565268362872303,0.9259343916344303,3,3,4,0.0,3 4 5 10
2582,13726,0.050000000000000044,0.30401620268821716,0.00026200373031315394,0.0006716125644743443,0.9484512512345092,3,3,4,0.0,4 5 3 10
2583,13732,0.050000000000000044,0.45718297362327576,0.0003200691717211157,0.0007891185814514756,0.8973003236596848,5,5,6,0.0,8 5 9 3 4 10
2584,13740,0.050000000000000044,0.3875008523464203,0.0002968086155306082,0.0009521585889160633,0.9048686899802915,7,7,8,0.0,8 5 9 3 6 7 4 10
2585,13745,0.050000000000000044,0.42966407537460327,0.00025895640137605367,0.000780426140408963,0.9179199480060731,4,4,5,0.0,8 5 3 4 10
2586,13752,0.050000000000000044,0.41104888916015625,0.0002851592227151351,0.0010297622065991163,0.9064937729065115,6,6,7,0.0,8 1 5 9 3 4 10
2587,13757,0.050000000000000044,0.11762142181396484,0.0003246659529395401,0.0007403615745715797,0.9214474513736973,4,4,5,0.0,3 4 1 6 10
2588,13761,0.050000000000000044,0.07092421501874924,0.0003619849267124664,0.0011787256225943565,0.8939529767838018,3,3,4,0.0,4 3 5 10
2589,13767,0.050000000000000044,0.1894361823797226,0.0002929033701851343,0.0016921047354117036,0.8801897457855068,5,5,6,0.0,9 8 5 3 4 10
2590,13776,0.050000000000000044,0.425200492143631,0.00032535235934321664,0.0007566383574157953,0.9022899233026255,9,9,10,0.0,9 5 8 3 7 2 6 1 4
2591,13780,0.050000000000000044,0.17225868999958038,0.00032936627394519746,0.0010011573322117329,0.917074837773932,3,3,4,0.0,3 5 4 10
2592,13789,0.050000000000000044,0.5119085311889648,0.0003121251922695794,0.0007530170842073858,0.9340623293811727,8,8,9,0.0,4 1 7 9 6 2 3 5 10
2593,13793,0.050000000000000044,0.20054133236408234,0.0002889004899770953,0.0004971498856320977,0.9479085171371521,3,3,4,0.0,4 3 5 10
2594,13797,0.050000000000000044,0.30401620268821716,0.00035968864540336654,0.0006716125644743443,0.9484512512345092,3,3,4,0.0,4 5 3 10
2595,13802,0.050000000000000044,0.447189062833786,0.00030783203546889124,0.0003661905648186803,0.9330806310303005,4,4,5,0.0,4 9 5 3 10
2596,13806,0.050000000000000044,0.21238619089126587,0.0003007875202456489,0.0011898600496351719,0.9272665474275913,3,3,4,0.0,4 3 5 10
2597,13815,0.050000000000000044,0.5120592713356018,0.00031721741349125904,0.0007568204891867936,0.9141612146824917,8,8,9,0.0,9 5 8 3 2 7 6 4 10
2598,13819,0.050000000000000044,0.10029949992895126,0.0002984764869324863,0.0003878751886077225,0.9448756375189485,3,3,4,0.0,3 5 4 10
2599,13828,0.050000000000000044,0.52047199010849,0.00032499315501708124,0.00030623964266851544,0.9617493655997706,9,9,10,0.0,1 9 8 4 7 6 5 2 3
2600,13831,0.050000000000000044,0.10384660214185715,0.0003572655744695415,0.0005341367796063423,0.9184613009908111,2,2,3,0.0,3 5 10
2601,13836,0.050000000000000044,0.21256259083747864,0.00029305872740224,0.0017306746449321508,0.8764653371804251,4,4,5,0.0,9 5 4 3 10
2602,13840,0.050000000000000044,0.21238619089126587,0.00031882528855931014,0.0011898600496351719,0.9272665474275913,3,3,4,0.0,4 3 5 10
2603,13847,0.050000000000000044,0.41104888916015625,0.0003300469231492441,0.0010297622065991163,0.9064937729065115,6,6,7,0.0,1 5 9 8 3 4 10
2604,13854,0.050000000000000044,0.4594433307647705,0.0003307927503815985,0.0007165867136791348,0.9439791115654209,6,6,7,0.0,1 5 9 8 3 4 10
2605,13857,0.050000000000000044,0.10048174113035202,0.0002920004480984062,0.0010758114513009787,0.8997172671386819,2,2,3,0.0,2 8 10
2606,13861,0.050000000000000044,0.30158212780952454,0.0003745083340618294,0.0004913120064884424,0.9460985286517886,3,3,4,0.0,4 5 3 10
2607,13870,0.050000000000000044,0.431121289730072,0.0002887440932681784,0.0004769371298607439,0.9531730954910714,8,8,9,0.0,9 4 8 5 7 6 2 3 10
2608,13874,0.050000000000000044,0.12847530841827393,0.0002758845148491673,0.00036390128661878407,0.9670587569900415,3,3,4,0.0,4 3 5 10
2609,13878,0.050000000000000044,0.2718748152256012,0.00029569718026323244,0.0006805580342188478,0.9332163441620599,3,3,4,0.0,4 5 3 10
2610,13879,0.050000000000000044,0.0,0.0002568741037975997,0.0030345343984663486,0.7371768525244577,0,0,1,0.0,10
2611,13882,0.050000000000000044,0.08941886574029922,0.0003028172456348936,0.0012216682080179453,0.8729719999783387,2,2,3,0.0,5 3 10
2612,13889,0.050000000000000044,0.40049219131469727,0.00030186112936852235,0.0009133832063525915,0.8807172297137954,6,6,7,0.0,9 5 8 3 2 6 10
2613,13893,0.050000000000000044,0.30158212780952454,0.000327623711200431,0.0004913120064884424,0.9460985286517886,3,3,4,0.0,4 5 3 10
2614,13898,0.050000000000000044,0.21256259083747864,0.0003246271051466465,0.0017306746449321508,0.8764653371804251,4,4,5,0.0,9 5 4 3 10
2615,13903,0.050000000000000044,0.2792080342769623,0.0002932049217633903,0.0004640428815037012,0.9481763219046678,4,4,5,0.0,9 4 5 3 10
2616,13912,0.050000000000000044,0.431121289730072,0.0002792574830689571,0.0004769371298607439,0.9531730954910714,8,8,9,0.0,9 8 5 6 4 7 2 3 10
2617,13921,0.050000000000000044,0.431121289730072,0.00031752934996297374,0.0004769371298607439,0.9531730954910714,8,8,9,0.0,9 4 5 8 7 6 2 3 10
2618,13930,0.050000000000000044,0.498394638299942,0.00028953574009291414,0.000610654940828681,0.9320328336266643,8,8,9,0.0,8 5 9 3 7 2 6 4 10
2619,13933,0.050000000000000044,0.08485784381628036,0.0002656570868566632,0.0013914601877331734,0.8662559903724015,2,2,3,0.0,3 5 10
2620,13937,0.050000000000000044,0.3135063946247101,0.00028131233193562366,0.0006012842059135437,0.9540004504138025,3,3,4,0.0,4 5 3 10
2621,13941,0.050000000000000044,0.10029949247837067,0.0003290790627943352,0.0003878751886077225,0.9448756375189485,3,3,4,0.0,3 4 5 10
2622,13950,0.050000000000000044,0.3898257613182068,0.0003079400291123117,0.0003485183697193861,0.9365140106816922,8,8,9,0.0,9 4 5 8 7 6 2 3 10
2623,13954,0.050000000000000044,0.07672931998968124,0.00026423638337291777,0.0009904849575832486,0.8990747353126263,3,3,4,0.0,3 4 5 10
2624,13958,0.050000000000000044,0.06573236733675003,0.00030091492226347327,0.0010748562635853887,0.8756208674147211,3,3,4,0.0,3 4 5 10
2625,13962,0.050000000000000044,0.2718748152256012,0.0002767569967545569,0.0006805580342188478,0.9332163441620599,3,3,4,0.0,4 5 3 10
2626,13971,0.050000000000000044,0.4125734269618988,0.00030182627961039543,0.000699592987075448,0.9451701391253545,9,9,10,0.0,1 9 8 5 4 7 6 2 3
2627,13980,0.050000000000000044,0.43169617652893066,0.00029937693681050505,0.0007697843248024583,0.9007820975518255,8,8,9,0.0,5 8 9 3 2 7 6 4 10
2628,13984,0.050000000000000044,0.196870818734169,0.00027623301139101386,0.0007160058012232184,0.9380829586923193,3,3,4,0.0,4 5 3 10
2629,13989,0.050000000000000044,0.290471613407135,0.0003147100011119619,0.0005737949977628887,0.9561252119761585,4,4,5,0.0,4 9 5 3 10
2630,13993,0.050000000000000044,0.30401620268821716,0.0002781735784083139,0.0006716125644743443,0.9484512512345092,3,3,4,0.0,4 5 3 10
2631,13997,0.050000000000000044,0.25276318192481995,0.0002893690107157454,0.002423425205051899,0.8198930860215224,3,3,4,0.0,8 1 9 10
2632,14003,0.050000000000000044,0.41989070177078247,0.000386785216202649,0.0007486430695280433,0.920224189492525,5,5,6,0.0,8 5 9 3 4 10
2633,14007,0.050000000000000044,0.30401620268821716,0.0003237998389522545,0.0006716125644743443,0.9484512512345092,3,3,4,0.0,4 5 3 10
2634,14012,0.050000000000000044,0.21256256103515625,0.00032477201893925666,0.0017306746449321508,0.8764653371804251,4,4,5,0.0,9 5 3 4 10
2635,14016,0.050000000000000044,0.21282950043678284,0.00035997822851641104,0.0008140195277519524,0.9398560478627752,3,3,4,0.0,5 3 4 10
2636,14022,0.050000000000000044,0.4349595308303833,0.00029383039751943824,0.00035747396759688854,0.9346775646973734,5,5,6,0.0,9 5 8 3 4 10
2637,14026,0.050000000000000044,0.1996101438999176,0.0003698960499605164,0.0004871294368058443,0.9462413316709959,3,3,4,0.0,4 5 3 10
2638,14034,0.050000000000000044,0.3960873484611511,0.00031895918436930515,0.0010166785214096308,0.9070960254575636,7,7,8,0.0,1 5 9 8 3 4 6 10
2639,14040,0.050000000000000044,0.4349595308303833,0.00031921808840706944,0.00035747396759688854,0.9346775646973734,5,5,6,0.0,4 5 9 8 3 10
2640,14048,0.050000000000000044,0.43701380491256714,0.0003052376996492967,0.0007836186559870839,0.8980769273358775,7,7,8,0.0,5 8 9 3 2 6 4 10
2641,14052,0.050000000000000044,0.20054133236408234,0.0003020010844920762,0.0004971498856320977,0.9479085171371521,3,3,4,0.0,4 5 3 10
2642,14058,0.050000000000000044,0.5436087846755981,0.00031512251977498334,0.0007637696689926088,0.9134289140632547,5,5,6,0.0,5 8 9 3 4 10
2643,14063,0.050000000000000044,0.40734565258026123,0.0003028629696927965,0.0009867465123534203,0.9000635104482012,4,4,5,0.0,5 8 3 4 10
2644,14068,0.050000000000000044,0.47271257638931274,0.00029425719403661785,0.0006608646945096552,0.9359958590175536,4,4,5,0.0,4 5 9 3 10
2645,14072,0.050000000000000044,0.21499721705913544,0.00030541537853423506,0.0007459187181666493,0.9416358080580742,3,3,4,0.0,4 5 3 10
2646,14079,0.050000000000000044,0.44741198420524597,0.00035354985655950647,0.0007852624403312802,0.8977261383737594,6,6,7,0.0,5 8 9 3 2 4 10
2647,14082,0.050000000000000044,0.03934226185083389,0.00036179463495500386,0.0019072209252044559,0.8265825367524918,2,2,3,0.0,6 2 10
2648,14089,0.050000000000000044,0.5030624270439148,0.0003159857650254188,0.0008524274453520775,0.9312670708907487,6,6,7,0.0,5 8 9 3 2 4 10
2649,14093,0.050000000000000044,0.12847532331943512,0.0003097188091487624,0.00036390128661878407,0.9670587569900415,3,3,4,0.0,3 5 4 10
2650,14098,0.050000000000000044,0.4774026572704315,0.0003306819940917194,0.0014753042487427592,0.8845523783004666,4,4,5,0.0,5 8 9 3 10
2651,14105,0.050000000000000044,0.41104888916015625,0.00030944732134230435,0.0010297622065991163,0.9064937729065115,6,6,7,0.0,1 5 9 8 3 4 10
2652,14110,0.050000000000000044,0.44516459107398987,0.00027304315590299667,0.00037097797030583024,0.9324662795779821,4,4,5,0.0,8 5 3 4 10
2653,14115,0.050000000000000044,0.06447835266590118,0.00028535398887470366,0.0007084050448611379,0.924005296493257,4,4,5,0.0,4 3 2 5 10
2654,14121,0.050000000000000044,0.4224267601966858,0.0002834003195554639,0.0010504736565053463,0.9033596079340305,5,5,6,0.0,1 5 9 3 4 10
2655,14126,0.050000000000000044,0.16837476193904877,0.0002594527992187068,0.0006943283369764686,0.941836332718484,4,4,5,0.0,5 6 3 4 10
2656,14134,0.050000000000000044,0.5075499415397644,0.00029990196708240546,0.0006140784244053066,0.9308668412755418,7,7,8,0.0,9 5 8 3 7 4 2 10
2657,14141,0.050000000000000044,0.41104888916015625,0.0002733671260232638,0.0010297622065991163,0.9064937729065115,6,6,7,0.0,1 5 9 8 3 4 10
2658,14150,0.050000000000000044,0.3819531202316284,0.0003106595379196935,0.0009363439166918397,0.906452640191199,8,8,9,0.0,5 8 3 9 2 7 6 4 10
2659,14156,0.050000000000000044,0.4272116720676422,0.0003150660728958125,0.0010336792329326272,0.9063190159772154,5,5,6,0.0,9 8 5 3 4 10
2660,14160,0.050000000000000044,0.10726586729288101,0.0003498845508147497,0.000608788977842778,0.9322087477303501,3,3,4,0.0,4 3 5 10
2661,14164,0.050000000000000044,0.21282950043678284,0.0003098631750617642,0.0008140195277519524,0.9398560478627752,3,3,4,0.0,4 5 3 10
2662,14171,0.050000000000000044,0.411048948764801,0.00027022240932897797,0.0010297622065991163,0.9064937729065115,6,6,7,0.0,1 9 5 8 3 4 10
2663,14175,0.050000000000000044,0.21238619089126587,0.00029729402012890205,0.0011898600496351719,0.9272665474275913,3,3,4,0.0,4 3 5 10
2664,14184,0.050000000000000044,0.38195309042930603,0.0002729245024966076,0.0009363439166918397,0.906452640191199,8,8,9,0.0,8 5 9 3 7 4 2 6 10
2665,14189,0.050000000000000044,0.4719831347465515,0.0002724263700656593,0.0006645540124736726,0.9357582198347405,4,4,5,0.0,8 5 3 4 10
2666,14193,0.050000000000000044,0.1996101588010788,0.000294051700620912,0.0004871294368058443,0.9462413316709959,3,3,4,0.0,4 3 5 10
2667,14197,0.050000000000000044,0.1968708038330078,0.0002610697592899669,0.0007160058012232184,0.9380829586923193,3,3,4,0.0,3 5 4 10
2668,14201,0.050000000000000044,0.30401620268821716,0.0002697115851333365,0.0006716125644743443,0.9484512512345092,3,3,4,0.0,4 5 3 10
2669,14208,0.050000000000000044,0.3990541696548462,0.00027594505809247494,0.00094767747214064,0.9041663384182417,6,6,7,0.0,1 5 3 9 8 4 10
2670,14214,0.050000000000000044,0.38449859619140625,0.00027995860485437635,0.0006133443093858659,0.9240884893218345,5,5,6,0.0,8 5 9 3 4 10
2671,14218,0.050000000000000044,0.21238619089126587,0.0003694136867125053,0.0011898600496351719,0.9272665474275913,3,3,4,0.0,5 3 4 10
2672,14222,0.050000000000000044,0.17225868999958038,0.00031829341605771333,0.0010011573322117329,0.917074837773932,3,3,4,0.0,4 5 3 10
2673,14231,0.050000000000000044,0.42520058155059814,0.00026395010192775063,0.0007566383574157953,0.9022899233026255,9,9,10,0.0,5 8 9 3 2 7 6 1 4
2674,14235,0.050000000000000044,0.08779366314411163,0.0002976342002511956,0.0011936501832678914,0.8923575325241129,3,3,4,0.0,2 8 5 10
2675,14239,0.050000000000000044,0.1996101588010788,0.00027173593116458505,0.0004871294368058443,0.9462413316709959,3,3,4,0.0,4 3 5 10
2676,14243,0.050000000000000044,0.40330255031585693,0.0003138433676213026,0.0006504798075184226,0.9191824672356088,3,3,4,0.0,3 4 5 10
2677,14246,0.050000000000000044,0.12253246456384659,0.0002947636821772903,0.0012501671444624662,0.8880551287485785,2,2,3,0.0,2 8 10
2678,14253,0.050000000000000044,0.37181395292282104,0.000349788144896073,0.0006018213462084532,0.9252656192898608,6,6,7,0.0,4 5 9 8 1 3 10
2679,14262,0.050000000000000044,0.4279634952545166,0.0003695095656439662,0.0007162338588386774,0.9452142089109217,8,8,9,0.0,1 7 5 4 6 9 2 3 10
2680,14266,0.050000000000000044,0.3135063946247101,0.00042810034938156605,0.0006012842059135437,0.9540004504138025,3,3,4,0.0,3 5 4 10
2681,14275,0.050000000000000044,0.4899129271507263,0.00035553313662401505,0.0006008654017932713,0.9323195703460544,9,9,10,0.0,5 8 9 3 7 6 2 1 4
2682,14283,0.050000000000000044,0.39485788345336914,0.00035893142194254324,0.0010305119212716818,0.9069420638960408,7,7,8,0.0,7 5 8 3 6 9 4 10
2683,14287,0.050000000000000044,0.25300008058547974,0.000398582880734466,0.0008444669656455517,0.9045451429985933,3,3,4,0.0,3 5 4 10
2684,14296,0.050000000000000044,0.48618948459625244,0.0003022690361831337,0.0008321161149069667,0.9327789712143568,8,8,9,0.0,2 4 3 8 9 1 7 5 10
2685,14300,0.050000000000000044,0.20054133236408234,0.00035869346174877137,0.0004971498856320977,0.9479085171371521,3,3,4,0.0,3 5 4 10
2686,14305,0.050000000000000044,0.39288026094436646,0.00036812120815739037,0.0006366806337609887,0.9215599262508852,4,4,5,0.0,8 5 3 4 10
2687,14309,0.050000000000000044,0.3220631182193756,0.0002977809199364856,0.00039680927875451744,0.9629182144202176,3,3,4,0.0,3 5 4 10
2688,14313,0.050000000000000044,0.21499721705913544,0.0002609995390230324,0.0007459187181666493,0.9416358080580742,3,3,4,0.0,3 5 4 10
2689,14321,0.050000000000000044,0.43701380491256714,0.00026699113732320257,0.0007836186559870839,0.8980769273358775,7,7,8,0.0,5 8 9 3 2 6 4 10
2690,14330,0.050000000000000044,0.49807652831077576,0.0003018393278277169,0.0006072678370401263,0.930869266231335,8,8,9,0.0,5 8 9 3 2 6 1 4 10
2691,14334,0.050000000000000044,0.21499721705913544,0.00040184279350796714,0.0007459187181666493,0.9416358080580742,3,3,4,0.0,4 5 3 10
2692,14343,0.050000000000000044,0.5084139108657837,0.0003518738974687747,0.0007655597291886806,0.932778447831003,8,8,9,0.0,4 8 7 3 2 1 5 6 10
2693,14347,0.050000000000000044,0.07672931998968124,0.00029377402825048193,0.0009904849575832486,0.8990747353126263,3,3,4,0.0,3 4 5 10
2694,14350,0.050000000000000044,0.12429641932249069,0.00030855189349191886,0.0007243723375722766,0.9462217480192286,2,2,3,0.0,1 7 10
2695,14358,0.050000000000000044,0.5248309969902039,0.0003904348341166042,0.001034136163070798,0.9160580218334402,7,7,8,0.0,5 6 4 7 1 2 3 10
2696,14365,0.050000000000000044,0.4594433307647705,0.0003146338858641684,0.0007165867136791348,0.9439791115654209,6,6,7,0.0,1 5 9 8 3 4 10
2697,14369,0.050000000000000044,0.07092421501874924,0.00034890123060904443,0.0011787256225943565,0.8939529767838018,3,3,4,0.0,3 4 5 10
2698,14374,0.050000000000000044,0.2807396948337555,0.00026611156936269255,0.0006406131433323026,0.9502702998739361,4,4,5,0.0,4 9 5 3 10
2699,14381,0.050000000000000044,0.41104888916015625,0.00026535206416156143,0.0010297622065991163,0.9064937729065115,6,6,7,0.0,8 1 9 5 3 4 10
2700,14390,0.050000000000000044,0.5039483904838562,0.0003357681400504791,0.0007450933335348964,0.9153839173183005,9,9,10,0.0,9 4 5 8 7 2 6 1 3
2701,14399,0.050000000000000044,0.42520052194595337,0.0002823809142379711,0.0007566383574157953,0.9022899233026255,9,9,10,0.0,8 5 1 4 7 2 6 9 3
2702,14403,0.050000000000000044,0.30401620268821716,0.0003211943985661492,0.0006716125644743443,0.9484512512345092,3,3,4,0.0,4 5 3 10
2703,14407,0.050000000000000044,0.10224214941263199,0.00042193805347778834,0.0007125287083908916,0.9225120335356659,3,3,4,0.0,3 5 4 10
2704,14416,0.050000000000000044,0.37928977608680725,0.00028402547468431294,0.0009104710770770907,0.9083804065775786,9,9,10,0.0,8 5 9 3 7 6 2 1 4
2705,14423,0.050000000000000044,0.4594433307647705,0.00030546991703366596,0.0007165867136791348,0.9439791115654209,6,6,7,0.0,1 9 8 4 5 3 10
2706,14429,0.050000000000000044,0.45952877402305603,0.0002964695183133396,0.0006500752060674131,0.9376565848037547,5,5,6,0.0,8 4 5 9 3 10
2707,14433,0.050000000000000044,0.17665845155715942,0.0002889763345592655,0.0008646699134260416,0.9188100051901145,3,3,4,0.0,3 5 4 10
2708,14437,0.050000000000000044,0.30297723412513733,0.00036142251337878406,0.0009209985146299005,0.9276692834057082,3,3,4,0.0,4 3 5 10
2709,14445,0.050000000000000044,0.5391768217086792,0.0002920180995715782,0.0003120713518001139,0.9609591539563804,7,7,8,0.0,1 4 7 2 3 5 6 10
2710,14449,0.050000000000000044,0.3135063946247101,0.00026229573632008396,0.0006012842059135437,0.9540004504138025,3,3,4,0.0,4 5 3 10
2711,14452,0.050000000000000044,0.12429641932249069,0.0002737974767417957,0.0007243723375722766,0.9462217480192286,2,2,3,0.0,1 7 10
2712,14460,0.050000000000000044,0.5181730389595032,0.0003387673968973104,0.0007701981230638921,0.9322408354452476,7,7,8,0.0,4 6 7 5 1 2 3 10
2713,14469,0.050000000000000044,0.5142885446548462,0.0002704225529062872,0.0010307185584679246,0.9162309696093892,8,8,9,0.0,6 4 5 7 9 2 8 3 10
2714,14474,0.050000000000000044,0.21256259083747864,0.0002635291428305209,0.0017306746449321508,0.8764653371804251,4,4,5,0.0,9 4 5 3 10
2715,14482,0.050000000000000044,0.5143230557441711,0.000302452015603194,0.0007871143170632422,0.9314167069339866,7,7,8,0.0,7 2 3 4 8 1 5 10
2716,14487,0.050000000000000044,0.17148147523403168,0.00028788382187485697,0.0004818411252927035,0.9507847315278547,4,4,5,0.0,3 6 5 4 10
2717,14491,0.050000000000000044,0.1996101289987564,0.00023041142776492052,0.0004871294368058443,0.9462413316709959,3,3,4,0.0,5 3 4 10
2718,14496,0.050000000000000044,0.1436135321855545,0.0002840317552909255,0.0008616394479759037,0.9189084983396474,4,4,5,0.0,2 4 3 5 10
2719,14500,0.050000000000000044,0.30297723412513733,0.0003468916329438798,0.0009209985146299005,0.9276692834057082,3,3,4,0.0,3 5 4 10
2720,14506,0.050000000000000044,0.4253339171409607,0.00044724704154456657,0.0003757229424081743,0.931120319701687,5,5,6,0.0,3 2 5 4 1 10
2721,14514,0.050000000000000044,0.39485782384872437,0.0003839477249130141,0.0010305119212716818,0.9069420638960408,7,7,8,0.0,7 5 6 9 8 3 4 10
2722,14518,0.050000000000000044,0.2718748152256012,0.00028881824255222455,0.0006805580342188478,0.9332163441620599,3,3,4,0.0,5 3 4 10
2723,14522,0.050000000000000044,0.30158212780952454,0.00034769263584166765,0.0004913120064884424,0.9460985286517886,3,3,4,0.0,5 3 4 10
2724,14526,0.050000000000000044,0.20054133236408234,0.000327461602864787,0.0004971498856320977,0.9479085171371521,3,3,4,0.0,5 3 4 10
2725,14530,0.050000000000000044,0.10029949247837067,0.00042041278356919065,0.0003878751886077225,0.9448756375189485,3,3,4,0.0,3 4 5 10
2726,14537,0.050000000000000044,0.4458434581756592,0.0003674886081301208,0.0006199951167218387,0.9520770413059116,6,6,7,0.0,4 9 5 8 6 3 10
2727,14540,0.050000000000000044,0.04554964601993561,0.0003708334794888894,0.0016148171853274107,0.8131504303307298,2,2,3,0.0,3 1 10
2728,14545,0.050000000000000044,0.4860893487930298,0.00032318819430656733,0.0010163452243432403,0.9103701616793552,4,4,5,0.0,4 1 3 9 10
2729,14549,0.050000000000000044,0.30158212780952454,0.0002577537525212392,0.0004913120064884424,0.9460985286517886,3,3,4,0.0,5 3 4 10
2730,14552,0.050000000000000044,0.08485784381628036,0.00037488300586119294,0.0013914601877331734,0.8662559903724015,2,2,3,0.0,5 3 10
2731,14556,0.050000000000000044,0.30158212780952454,0.000346585366060026,0.0004913120064884424,0.9460985286517886,3,3,4,0.0,5 4 3 10
2732,14559,0.050000000000000044,0.10384660214185715,0.0002822902558060984,0.0005341367796063423,0.9184613009908111,2,2,3,0.0,5 3 10
2733,14563,0.050000000000000044,0.25300008058547974,0.00029834108136128634,0.0008444669656455517,0.9045451429985933,3,3,4,0.0,5 4 3 10
2734,14566,0.050000000000000044,0.09035546332597733,0.00034705334110185504,0.0005988819757476449,0.9097751109516437,2,2,3,0.0,8 2 10
2735,14570,0.050000000000000044,0.1968708038330078,0.0003236971970181912,0.0007160058012232184,0.9380829586923193,3,3,4,0.0,5 3 4 10
2736,14574,0.050000000000000044,0.2718748152256012,0.0002863619083655067,0.0006805580342188478,0.9332163441620599,3,3,4,0.0,5 4 3 10
2737,14578,0.050000000000000044,0.21282950043678284,0.0003160966152790934,0.0008140195277519524,0.9398560478627752,3,3,4,0.0,5 3 4 10
2738,14587,0.050000000000000044,0.38299787044525146,0.00029901493528288684,0.0009321386460214853,0.9064327901258055,8,8,9,0.0,9 8 4 6 5 7 1 3 10
2739,14596,0.050000000000000044,0.48565131425857544,0.00029591268200116855,0.0008332162396982312,0.9324695479997415,8,8,9,0.0,5 8 9 3 1 6 2 4 10
2740,14600,0.050000000000000044,0.17225868999958038,0.00025135856776614673,0.0010011573322117329,0.917074837773932,3,3,4,0.0,5 3 4 10
2741,14603,0.050000000000000044,0.10384660214185715,0.00031594814693865675,0.0005341367796063423,0.9184613009908111,2,2,3,0.0,5 3 10
2742,14605,0.050000000000000044,0.09178377687931061,0.0003214445896446705,0.0012806697050109506,0.8461906125062498,1,1,2,0.0,5 10
2743,14609,0.050000000000000044,0.23378056287765503,0.0002487264573574066,0.0017929158639162779,0.8717285928523498,3,3,4,0.0,5 4 3 10
2744,14612,0.050000000000000044,0.08485784381628036,0.0002308728483815988,0.0013914601877331734,0.8662559903724015,2,2,3,0.0,5 3 10
2745,14619,0.050000000000000044,0.4040328860282898,0.0003504767914169601,0.0007453225553035736,0.9205305891357336,6,6,7,0.0,4 5 9 3 1 8 10
2746,14628,0.050000000000000044,0.37928977608680725,0.00029992422949160554,0.0009104710770770907,0.9083804065775786,9,9,10,0.0,5 8 3 9 7 2 6 1 4
2747,14637,0.050000000000000044,0.5204720497131348,0.00028182621786577836,0.00030623964266851544,0.9617493655997706,9,9,10,0.0,1 3 8 4 7 2 6 9 5
2748,14641,0.050000000000000044,0.12847530841827393,0.000258296167885419,0.00036390128661878407,0.9670587569900415,3,3,4,0.0,4 3 5 10
2749,14650,0.050000000000000044,0.4316960871219635,0.00027978110786837834,0.0007697843248024583,0.9007820975518255,8,8,9,0.0,9 5 8 3 7 2 6 4 10
2750,14656,0.050000000000000044,0.46662628650665283,0.00029751619877060875,0.0007963186362758279,0.9419115247574771,5,5,6,0.0,1 3 2 5 4 10
2751,14660,0.050000000000000044,0.23378056287765503,0.00030177924054441974,0.0017929158639162779,0.8717285928523498,3,3,4,0.0,5 3 4 10
2752,14665,0.050000000000000044,0.16717293858528137,0.00032577363890595734,0.0006917453138157725,0.9403354965336399,4,4,5,0.0,5 8 3 4 10
2753,14669,0.050000000000000044,0.1996101438999176,0.0002488084865035489,0.0004871294368058443,0.9462413316709959,3,3,4,0.0,5 4 3 10
2754,14673,0.050000000000000044,0.07672931253910065,0.0002785654432955198,0.0009904849575832486,0.8990747353126263,3,3,4,0.0,4 3 5 10
2755,14677,0.050000000000000044,0.21499721705913544,0.00029075759812258184,0.0007459187181666493,0.9416358080580742,3,3,4,0.0,5 3 4 10
2756,14684,0.050000000000000044,0.4458434581756592,0.0003277769241581804,0.0006199951167218387,0.9520770413059116,6,6,7,0.0,8 3 5 9 6 4 10
2757,14693,0.050000000000000044,0.3819531202316284,0.0002590779978264537,0.0009363439166918397,0.906452640191199,8,8,9,0.0,8 5 3 9 7 2 6 4 10
2758,14697,0.050000000000000044,0.1072658896446228,0.0003053156106034294,0.000608788977842778,0.9322087477303501,3,3,4,0.0,5 3 4 10
2759,14700,0.050000000000000044,0.12429641932249069,0.0002153758347655336,0.0007243723375722766,0.9462217480192286,2,2,3,0.0,1 7 10
2760,14709,0.050000000000000044,0.37928977608680725,0.00027990677174077265,0.0009104710770770907,0.9083804065775786,9,9,10,0.0,5 8 9 1 3 6 2 7 4
2761,14712,0.050000000000000044,0.24780264496803284,0.00025202613323926926,0.0014714921126142144,0.8401040733303525,2,2,3,0.0,5 8 10
2762,14721,0.050000000000000044,0.5071725845336914,0.0002533911109720874,0.0010086381807923317,0.9177491261616048,9,9,10,0.0,5 8 1 3 9 7 2 6 4
2763,14730,0.050000000000000044,0.498394638299942,0.0002643135327768202,0.000610654940828681,0.9320328336266643,8,8,9,0.0,5 8 3 9 7 6 2 4 10
2764,14734,0.050000000000000044,0.2718748152256012,0.0002519694571674336,0.0006805580342188478,0.9332163441620599,3,3,4,0.0,5 3 4 10
2765,14738,0.050000000000000044,0.2718748152256012,0.0002594367142592091,0.0006805580342188478,0.9332163441620599,3,3,4,0.0,5 4 3 10
2766,14742,0.050000000000000044,0.17665843665599823,0.0002685902545636054,0.0008646699134260416,0.9188100051901145,3,3,4,0.0,5 4 3 10
2767,14751,0.050000000000000044,0.5204720497131348,0.00031315384128700115,0.00030623964266851544,0.9617493655997706,9,9,10,0.0,1 2 4 3 8 7 6 9 5
2768,14754,0.050000000000000044,0.12253246456384659,0.00038252131586583954,0.0012501671444624662,0.8880551287485785,2,2,3,0.0,2 8 10
2769,14763,0.050000000000000044,0.5039483904838562,0.0004354632854099489,0.0007450933335348964,0.9153839173183005,9,9,10,0.0,5 8 9 1 3 6 2 4 7
2770,14766,0.050000000000000044,0.09591355174779892,0.00045004386144379777,0.0011364452075213194,0.881234130433425,2,2,3,0.0,8 7 10
2771,14770,0.050000000000000044,0.23378056287765503,0.00041294611582998186,0.0017929158639162779,0.8717285928523498,3,3,4,0.0,4 3 5 10
2772,14774,0.050000000000000044,0.07092421501874924,0.00030612556292908266,0.0011787256225943565,0.8939529767838018,3,3,4,0.0,4 3 5 10
2773,14783,0.050000000000000044,0.5026543140411377,0.0003386548810845448,0.000746132165659219,0.9347026239500318,9,9,10,0.0,4 6 5 7 9 2 1 8 3
2774,14787,0.050000000000000044,0.30297723412513733,0.00031701073748990893,0.0009209985146299005,0.9276692834057082,3,3,4,0.0,3 4 5 10
2775,14792,0.050000000000000044,0.2768491208553314,0.0002788545214571059,0.000666085456032306,0.94862160742212,4,4,5,0.0,2 4 5 3 10
2776,14797,0.050000000000000044,0.2293108105659485,0.00028821991290897133,0.000820850720629096,0.9066436832391975,4,4,5,0.0,9 5 4 3 10
2777,14806,0.050000000000000044,0.37928977608680725,0.00029709001117023744,0.0009104710770770907,0.9083804065775786,9,9,10,0.0,9 5 1 8 4 6 7 2 3
2778,14810,0.050000000000000044,0.30158212780952454,0.0003121085901511833,0.0004913120064884424,0.9460985286517886,3,3,4,0.0,4 5 3 10
2779,14814,0.050000000000000044,0.21238619089126587,0.0003282231409684755,0.0011898600496351719,0.9272665474275913,3,3,4,0.0,3 5 4 10
2780,14818,0.050000000000000044,0.21499721705913544,0.0004149801388848573,0.0007459187181666493,0.9416358080580742,3,3,4,0.0,3 5 4 10
2781,14822,0.050000000000000044,0.1996101438999176,0.0003226237167837098,0.0004871294368058443,0.9462413316709959,3,3,4,0.0,3 5 4 10
2782,14825,0.050000000000000044,0.08941886574029922,0.000337891416468968,0.0012216682080179453,0.8729719999783387,2,2,3,0.0,5 3 10
2783,14832,0.050000000000000044,0.5103704333305359,0.0003821329716759335,0.0008495636866427958,0.9274796277957921,6,6,7,0.0,4 6 5 7 2 1 10
2784,14836,0.050000000000000044,0.30158212780952454,0.0002997564915858675,0.0004913120064884424,0.9460985286517886,3,3,4,0.0,4 5 3 10
2785,14841,0.050000000000000044,0.18214289844036102,0.00036240805638954043,0.0007426048978231847,0.9420240639435409,4,4,5,0.0,4 3 1 5 10
2786,14844,0.050000000000000044,0.08941886574029922,0.00035458721686154604,0.0012216682080179453,0.8729719999783387,2,2,3,0.0,3 5 10
2787,14848,0.050000000000000044,0.07092421501874924,0.0003350561746628955,0.0011787256225943565,0.8939529767838018,3,3,4,0.0,4 3 5 10
2788,14852,0.050000000000000044,0.25300008058547974,0.00031188083812594414,0.0008444669656455517,0.9045451429985933,3,3,4,0.0,4 5 3 10
2789,14861,0.050000000000000044,0.4973050057888031,0.00030763311305135075,0.0006115937139838934,0.9311440596434506,8,8,9,0.0,5 9 8 3 6 7 1 4 10
2790,14865,0.050000000000000044,0.21238619089126587,0.00032672437373548746,0.0011898600496351719,0.9272665474275913,3,3,4,0.0,4 3 5 10
2791,14869,0.050000000000000044,0.10029949992895126,0.00026971632905770093,0.0003878751886077225,0.9448756375189485,3,3,4,0.0,4 3 5 10
2792,14872,0.050000000000000044,0.08102254569530487,0.00038447114638984203,0.0013893295545130968,0.8951425378660169,2,2,3,0.0,4 7 10
2793,14876,0.050000000000000044,0.17665845155715942,0.00030165470525389537,0.0008646699134260416,0.9188100051901145,3,3,4,0.0,3 5 4 10
2794,14885,0.050000000000000044,0.42520055174827576,0.00029111900463855517,0.0007566383574157953,0.9022899233026255,9,9,10,0.0,6 5 4 9 8 7 2 1 3
2795,14888,0.050000000000000044,0.08485784381628036,0.0002813639778954287,0.0013914601877331734,0.8662559903724015,2,2,3,0.0,3 5 10
2796,14889,0.050000000000000044,0.0,0.0003360433620400727,0.0028555647004395723,0.7413556939444984,0,0,1,0.0,10
2797,14892,0.050000000000000044,0.03934226185083389,0.0003001803900891294,0.0019072209252044559,0.8265825367524918,2,2,3,0.0,6 2 10
2798,14895,0.050000000000000044,0.08941886574029922,0.00031376791109020513,0.0012216682080179453,0.8729719999783387,2,2,3,0.0,3 5 10
2799,14899,0.050000000000000044,0.17225868999958038,0.0003519492602208629,0.0010011573322117329,0.917074837773932,3,3,4,0.0,3 5 4 10
2800,14902,0.050000000000000044,0.07504940778017044,0.0002970074904927363,0.0013589512091130018,0.845822346010262,2,2,3,0.0,3 5 10
2801,14907,0.050000000000000044,0.2965540885925293,0.0003150076721794903,0.00038871655124239624,0.9639171475409469,4,4,5,0.0,4 8 3 5 10
2802,14910,0.050000000000000044,0.1077432930469513,0.00033154886720391613,0.0005307703977450728,0.9233738654575506,2,2,3,0.0,8 7 10
2803,14911,0.050000000000000044,0.0,0.0002876693906728178,0.0023356089368462563,0.8430729765538015,0,0,1,0.0,10
2804,14918,0.050000000000000044,0.4040328562259674,0.00032577834956880124,0.0007453225553035736,0.9205305891357336,6,6,7,0.0,4 5 8 9 1 3 10
2805,14920,0.050000000000000044,0.1582001894712448,0.00023849098215578124,0.0013974972534924746,0.8590606556724708,1,1,2,0.0,8 10
2806,14924,0.050000000000000044,0.25300008058547974,0.0002459486604493577,0.0008444669656455517,0.9045451429985933,3,3,4,0.0,4 5 3 10
2807,14930,0.050000000000000044,0.41989073157310486,0.00026438889229514945,0.0007486430695280433,0.920224189492525,5,5,6,0.0,4 9 5 8 3 10
2808,14934,0.050000000000000044,0.3135063946247101,0.00024442730500595644,0.0006012842059135437,0.9540004504138025,3,3,4,0.0,4 5 3 10
2809,14937,0.050000000000000044,0.1077432930469513,0.0002754704813317706,0.0005307703977450728,0.9233738654575506,2,2,3,0.0,8 7 10
2810,14940,0.050000000000000044,0.08542977273464203,0.00029982213163748384,0.001488598994910717,0.8755486795543632,2,2,3,0.0,8 7 10
2811,14948,0.050000000000000044,0.5344344973564148,0.00028477833620854653,0.0003237122728023678,0.9608106245502706,7,7,8,0.0,1 4 7 8 2 3 5 10
2812,14955,0.050000000000000044,0.44715142250061035,0.00030776450876146555,0.0006098380545154214,0.9520727357385275,6,6,7,0.0,4 8 5 9 1 3 10
2813,14964,0.050000000000000044,0.36319223046302795,0.0002903496012246857,0.001002699718810618,0.906574340641286,9,9,10,0.0,7 5 9 8 3 6 2 1 4
2814,14968,0.050000000000000044,0.1968708038330078,0.0003082519324379973,0.0007160058012232184,0.9380829586923193,3,3,4,0.0,3 5 4 10
2815,14973,0.050000000000000044,0.1413647085428238,0.00032413899316452444,0.0009859255515038967,0.91895652472902,4,4,5,0.0,8 4 3 5 10
2816,14977,0.050000000000000044,0.21238619089126587,0.00029791607812512666,0.0011898600496351719,0.9272665474275913,3,3,4,0.0,3 5 4 10
2817,14981,0.050000000000000044,0.21238619089126587,0.00024168146046577021,0.0011898600496351719,0.9272665474275913,3,3,4,0.0,3 5 4 10
2818,14990,0.050000000000000044,0.5026543140411377,0.00028739786648657173,0.000746132165659219,0.9347026239500318,9,9,10,0.0,4 1 7 9 5 6 2 8 3
2819,14997,0.050000000000000044,0.4594433307647705,0.0002878003620675632,0.0007165867136791348,0.9439791115654209,6,6,7,0.0,1 5 3 8 9 4 10
2820,15001,0.050000000000000044,0.10029949247837067,0.0003427388146519661,0.0003878751886077225,0.9448756375189485,3,3,4,0.0,3 4 5 10
2821,15010,0.050000000000000044,0.37928980588912964,0.00043691692472849455,0.0009104710770770907,0.9083804065775786,9,9,10,0.0,4 8 5 9 7 6 2 1 3
2822,15014,0.050000000000000044,0.3135063946247101,0.00034018178848782554,0.0006012842059135437,0.9540004504138025,3,3,4,0.0,4 5 3 10
2823,15017,0.050000000000000044,0.11333007365465164,0.00035508312672997516,0.0007534594042226672,0.9367033035697041,2,2,3,0.0,3 5 10
2824,15020,0.050000000000000044,0.08485784381628036,0.0003132052079308778,0.0013914601877331734,0.8662559903724015,2,2,3,0.0,3 5 10
2825,15029,0.050000000000000044,0.5026543736457825,0.00032305746087028336,0.000746132165659219,0.9347026239500318,9,9,10,0.0,1 4 7 9 5 6 2 8 3
2826,15032,0.050000000000000044,0.0675973892211914,0.0002860070283835133,0.0014219633303582668,0.837395356664618,2,2,3,0.0,3 4 10
2827,15041,0.050000000000000044,0.5071725845336914,0.0003288337886462816,0.0010086381807923317,0.9177491261616048,9,9,10,0.0,4 8 9 5 7 6 1 2 3
2828,15045,0.050000000000000044,0.11627031117677689,0.0002989520726259798,0.0008565268362872303,0.9259343916344303,3,3,4,0.0,4 3 5 10
2829,15054,0.050000000000000044,0.47906917333602905,0.00033650005934759974,0.000817384454421699,0.9339770750363007,9,9,10,0.0,5 8 4 7 6 9 2 1 3
2830,15063,0.050000000000000044,0.52047199010849,0.0003447918247224556,0.00030623964266851544,0.9617493655997706,9,9,10,0.0,1 4 7 8 3 9 2 6 5
2831,15072,0.050000000000000044,0.36219313740730286,0.0003157440967495657,0.0007124522817321122,0.9236778897564419,9,9,10,0.0,4 9 5 8 7 6 1 2 3
2832,15075,0.050000000000000044,0.09758038073778152,0.00033497042022645473,0.0011654619593173265,0.8859952985177284,2,2,3,0.0,1 7 10
2833,15077,0.050000000000000044,0.20399591326713562,0.0003624353266786784,0.001735159894451499,0.8912451987849122,1,1,2,0.0,4 10
2834,15081,0.050000000000000044,0.10029949992895126,0.0003050090599572286,0.0003878751886077225,0.9448756375189485,3,3,4,0.0,4 3 5 10
2835,15090,0.050000000000000044,0.37928980588912964,0.00034449966753729514,0.0009104710770770907,0.9083804065775786,9,9,10,0.0,8 5 9 3 6 2 1 7 4
2836,15093,0.050000000000000044,0.10590078681707382,0.0003699202788993716,0.0015152505366131663,0.8739005686154901,2,2,3,0.0,7 8 10
2837,15099,0.050000000000000044,0.11066830158233643,0.00034815234297032777,0.0008586531621403992,0.9191399458685046,5,5,6,0.0,2 4 3 5 1 10
2838,15103,0.050000000000000044,0.1996101588010788,0.0003460235056991223,0.0004871294368058443,0.9462413316709959,3,3,4,0.0,4 3 5 10
2839,15109,0.050000000000000044,0.4349595308303833,0.00031706031343977276,0.00035747396759688854,0.9346775646973734,5,5,6,0.0,9 4 5 8 3 10
2840,15118,0.050000000000000044,0.3780115842819214,0.00028836755922788545,0.0003397592809051275,0.9383693661864108,9,9,10,0.0,3 8 5 9 6 1 2 4 7
2841,15122,0.050000000000000044,0.30297723412513733,0.0003809259433182888,0.0009209985146299005,0.9276692834057082,3,3,4,0.0,3 4 5 10
2842,15126,0.050000000000000044,0.30158212780952454,0.000311203402816318,0.0004913120064884424,0.9460985286517886,3,3,4,0.0,4 5 3 10
2843,15130,0.050000000000000044,0.21238619089126587,0.0003046186684514396,0.0011898600496351719,0.9272665474275913,3,3,4,0.0,4 3 5 10
2844,15137,0.050000000000000044,0.4863758683204651,0.0002701382036320865,0.0009135619038715959,0.9261802346152159,6,6,7,0.0,9 8 4 5 7 6 10
2845,15140,0.050000000000000044,0.09758038073778152,0.00031850584006557864,0.0011654619593173265,0.8859952985177284,2,2,3,0.0,1 7 10
2846,15143,0.050000000000000044,0.11270567774772644,0.0003639575734268874,0.0008911392651498318,0.903584239723141,2,2,3,0.0,3 5 10
2847,15147,0.050000000000000044,0.21499721705913544,0.00028711656341329217,0.0007459187181666493,0.9416358080580742,3,3,4,0.0,3 5 4 10
2848,15151,0.050000000000000044,0.17665845155715942,0.00031289327307604253,0.0008646699134260416,0.9188100051901145,3,3,4,0.0,3 5 4 10
2849,15155,0.050000000000000044,0.12847530841827393,0.000314434746542247,0.00036390128661878407,0.9670587569900415,3,3,4,0.0,3 4 5 10
2850,15164,0.050000000000000044,0.41257333755493164,0.00029786616990653175,0.000699592987075448,0.9451701391253545,9,9,10,0.0,1 9 4 8 5 6 7 2 3
2851,15169,0.050000000000000044,0.46965134143829346,0.0003440371714532375,0.0008758385083638132,0.9370185621038487,4,4,5,0.0,3 4 8 9 10
2852,15173,0.050000000000000044,0.07672931253910065,0.0002653222400113009,0.0009904849575832486,0.8990747353126263,3,3,4,0.0,4 3 5 10
2853,15182,0.050000000000000044,0.5071725845336914,0.00031406254856847227,0.0010086381807923317,0.9177491261616048,9,9,10,0.0,5 8 9 3 6 1 2 7 4
2854,15186,0.050000000000000044,0.17665845155715942,0.0002492381609044969,0.0008646699134260416,0.9188100051901145,3,3,4,0.0,3 5 4 10
2855,15190,0.050000000000000044,0.12847530841827393,0.0003080395435972605,0.00036390128661878407,0.9670587569900415,3,3,4,0.0,4 3 5 10
2856,15199,0.050000000000000044,0.4125733971595764,0.00027761443440491956,0.000699592987075448,0.9451701391253545,9,9,10,0.0,1 9 4 5 8 7 6 2 3
2857,15208,0.050000000000000044,0.3780115246772766,0.00024140499913806302,0.0003397592809051275,0.9383693661864108,9,9,10,0.0,9 4 5 8 7 6 2 1 3
2858,15211,0.050000000000000044,0.10590078681707382,0.00030577841486471397,0.0015152505366131663,0.8739005686154901,2,2,3,0.0,7 8 10
2859,15220,0.050000000000000044,0.5204720497131348,0.0003362498860547526,0.00030623964266851544,0.9617493655997706,9,9,10,0.0,1 3 8 9 4 7 2 6 5
2860,15229,0.050000000000000044,0.41611653566360474,0.0002941622806247324,0.00046588623081333935,0.9532000959344766,9,9,10,0.0,4 5 8 9 1 7 6 2 3
2861,15234,0.050000000000000044,0.1436135321855545,0.0002806530159432441,0.0008616394479759037,0.9189084983396474,4,4,5,0.0,2 4 5 3 10
2862,15242,0.050000000000000044,0.44709035754203796,0.0002960377241834067,0.00047985248966142535,0.9529805467613529,7,7,8,0.0,9 4 5 8 7 6 3 10
2863,15247,0.050000000000000044,0.1412665694952011,0.00031620683148503304,0.000988149200566113,0.9190044138540694,4,4,5,0.0,5 3 4 6 10
2864,15255,0.050000000000000044,0.3875008523464203,0.00035083253715129104,0.0009521585889160633,0.9048686899802915,7,7,8,0.0,5 3 8 9 6 7 4 10
2865,15262,0.050000000000000044,0.41841942071914673,0.0003797391587535718,0.0003574271104298532,0.9347515191249417,6,6,7,0.0,4 5 6 7 8 3 10
2866,15264,0.050000000000000044,0.09641972184181213,0.00043734443897847086,0.0019014017889276147,0.8227313309464953,1,1,2,0.0,5 10
2867,15268,0.050000000000000044,0.07672931998968124,0.0002913140124292113,0.0009904849575832486,0.8990747353126263,3,3,4,0.0,5 4 3 10
2868,15276,0.050000000000000044,0.5248309373855591,0.00032623734659864567,0.001034136163070798,0.9160580218334402,7,7,8,0.0,5 1 6 4 7 2 3 10
2869,15280,0.050000000000000044,0.3220631182193756,0.000282113702269271,0.00039680927875451744,0.9629182144202176,3,3,4,0.0,4 5 3 10
2870,15289,0.050000000000000044,0.37928980588912964,0.00032208493212237954,0.0009104710770770907,0.9083804065775786,9,9,10,0.0,5 3 9 8 6 1 7 2 4
2871,15298,0.050000000000000044,0.5204720497131348,0.00034562544897198677,0.00030623964266851544,0.9617493655997706,9,9,10,0.0,1 3 8 9 4 2 7 6 5
2872,15302,0.050000000000000044,0.196870818734169,0.00029943800109322183,0.0007160058012232184,0.9380829586923193,3,3,4,0.0,4 5 3 10
2873,15306,0.050000000000000044,0.3135063946247101,0.0003200406936230138,0.0006012842059135437,0.9540004504138025,3,3,4,0.0,4 5 3 10
2874,15310,0.050000000000000044,0.07092421501874924,0.0003441645749262534,0.0011787256225943565,0.8939529767838018,3,3,4,0.0,3 4 5 10
2875,15314,0.050000000000000044,0.12847530841827393,0.0003459755826042965,0.00036390128661878407,0.9670587569900415,3,3,4,0.0,4 3 5 10
2876,15323,0.050000000000000044,0.5039483308792114,0.00029553231595653214,0.0007450933335348964,0.9153839173183005,9,9,10,0.0,5 8 3 9 6 2 7 1 4
2877,15327,0.050000000000000044,0.1022421345114708,0.00030648716710857116,0.0007125287083908916,0.9225120335356659,3,3,4,0.0,3 4 5 10
2878,15331,0.050000000000000044,0.21238619089126587,0.0003407657059142366,0.0011898600496351719,0.9272665474275913,3,3,4,0.0,3 5 4 10
2879,15340,0.050000000000000044,0.3787282705307007,0.000334979327615454,0.0010184100829064846,0.9066232288351523,8,8,9,0.0,7 5 8 6 9 3 2 4 10
2880,15349,0.050000000000000044,0.36319223046302795,0.0002960544920319484,0.001002699718810618,0.906574340641286,9,9,10,0.0,7 8 5 3 9 6 2 1 4
2881,15353,0.050000000000000044,0.10029949247837067,0.00031562070580548607,0.0003878751886077225,0.9448756375189485,3,3,4,0.0,3 4 5 10
2882,15357,0.050000000000000044,0.10029949247837067,0.0002628399888635613,0.0003878751886077225,0.9448756375189485,3,3,4,0.0,3 4 5 10
2883,15363,0.050000000000000044,0.4740296006202698,0.00027523266423183185,0.0007661703275516629,0.9110975173012964,5,5,6,0.0,5 8 9 3 6 10
2884,15372,0.050000000000000044,0.4899129569530487,0.00029442655310655635,0.0006008654017932713,0.9323195703460544,9,9,10,0.0,5 1 8 9 3 2 6 7 4
2885,15381,0.050000000000000044,0.4899129271507263,0.0003043164502337782,0.0006008654017932713,0.9323195703460544,9,9,10,0.0,5 8 9 3 6 2 7 1 4
2886,15390,0.050000000000000044,0.5204720497131348,0.000267173771539496,0.00030623964266851544,0.9617493655997706,9,9,10,0.0,1 3 8 4 9 2 7 6 5
2887,15394,0.050000000000000044,0.10726586729288101,0.00035675993422046304,0.000608788977842778,0.9322087477303501,3,3,4,0.0,3 4 5 10
2888,15398,0.050000000000000044,0.10726586729288101,0.0003055391935049556,0.000608788977842778,0.9322087477303501,3,3,4,0.0,3 4 5 10
2889,15401,0.050000000000000044,0.10017872601747513,0.00029499520314857364,0.0010840557515621185,0.8842276579099093,2,2,3,0.0,3 5 10
2890,15405,0.050000000000000044,0.30158212780952454,0.00034319396218052134,0.0004913120064884424,0.9460985286517886,3,3,4,0.0,3 4 5 10
2891,15409,0.050000000000000044,0.30297723412513733,0.00033861054544104263,0.0009209985146299005,0.9276692834057082,3,3,4,0.0,3 4 5 10
2892,15418,0.050000000000000044,0.5026543140411377,0.0002839079566506876,0.000746132165659219,0.9347026239500318,9,9,10,0.0,4 1 8 3 2 7 6 9 5
2893,15422,0.050000000000000044,0.1968708038330078,0.000325993649312295,0.0007160058012232184,0.9380829586923193,3,3,4,0.0,4 3 5 10
2894,15431,0.050000000000000044,0.4899129569530487,0.0002937352853930659,0.0006008654017932713,0.9323195703460544,9,9,10,0.0,5 8 9 3 6 1 7 2 4
2895,15435,0.050000000000000044,0.07092421501874924,0.00027717999182641506,0.0011787256225943565,0.8939529767838018,3,3,4,0.0,3 4 5 10
2896,15439,0.050000000000000044,0.25300008058547974,0.0003264247061451897,0.0008444669656455517,0.9045451429985933,3,3,4,0.0,5 3 4 10
2897,15443,0.050000000000000044,0.3135063946247101,0.00022634220658801496,0.0006012842059135437,0.9540004504138025,3,3,4,0.0,4 5 3 10
2898,15447,0.050000000000000044,0.30297723412513733,0.00030561616586055607,0.0009209985146299005,0.9276692834057082,3,3,4,0.0,3 4 5 10
2899,15450,0.050000000000000044,0.12253246456384659,0.0003077791625401005,0.0012501671444624662,0.8880551287485785,2,2,3,0.0,2 8 10
2900,15454,0.050000000000000044,0.3220631182193756,0.0003029767976840958,0.00039680927875451744,0.9629182144202176,3,3,4,0.0,5 3 4 10
2901,15458,0.050000000000000044,0.12847532331943512,0.00029581117269117385,0.00036390128661878407,0.9670587569900415,3,3,4,0.0,3 5 4 10
2902,15462,0.050000000000000044,0.21499721705913544,0.0003307103397673927,0.0007459187181666493,0.9416358080580742,3,3,4,0.0,3 5 4 10
2903,15465,0.050000000000000044,0.08235081285238266,0.00030856731852206093,0.0013033037539571524,0.8717344153570576,2,2,3,0.0,1 3 10
2904,15474,0.050000000000000044,0.48565128445625305,0.0003016569438235213,0.0008332162396982312,0.9324695479997415,8,8,9,0.0,5 8 9 3 6 2 1 4 10
2905,15481,0.050000000000000044,0.45944327116012573,0.00027967167261522263,0.0007165867136791348,0.9439791115654209,6,6,7,0.0,1 3 8 5 9 4 10
2906,15487,0.050000000000000044,0.4781273603439331,0.00032471385929966345,0.00048886175500229,0.9522849419170838,5,5,6,0.0,8 4 5 9 3 10
2907,15495,0.050000000000000044,0.43701374530792236,0.0002674013467185432,0.0007836186559870839,0.8980769273358775,7,7,8,0.0,8 5 9 3 6 2 4 10
2908,15504,0.050000000000000044,0.48114773631095886,0.0003273846895252872,0.0008733287104405463,0.9006041925528954,8,8,9,0.0,5 8 9 3 6 2 7 1 10
2909,15511,0.050000000000000044,0.4565073251724243,0.00037359916106132526,0.0007498611230403185,0.9438077810615761,6,6,7,0.0,1 7 4 5 9 3 10
2910,15514,0.050000000000000044,0.10048174113035202,0.00036467082099989057,0.0010758114513009787,0.8997172671386819,2,2,3,0.0,2 8 10
2911,15518,0.050000000000000044,0.17225870490074158,0.0003399893539608456,0.0010011573322117329,0.917074837773932,3,3,4,0.0,3 4 5 10
2912,15522,0.050000000000000044,0.25300008058547974,0.0004199592221993953,0.0008444669656455517,0.9045451429985933,3,3,4,0.0,5 3 4 10
2913,15526,0.050000000000000044,0.08546307682991028,0.0003289989399490878,0.0007240953855216503,0.9462612517594441,3,3,4,0.0,1 6 7 10
2914,15530,0.050000000000000044,0.21499721705913544,0.00039660199399804696,0.0007459187181666493,0.9416358080580742,3,3,4,0.0,3 4 5 10
2915,15539,0.050000000000000044,0.4316961467266083,0.0003409679953215851,0.0007697843248024583,0.9007820975518255,8,8,9,0.0,9 7 8 5 2 6 4 3 10
2916,15546,0.050000000000000044,0.4045445919036865,0.00035530092593814643,0.000743054028134793,0.9207096457764878,6,6,7,0.0,6 5 8 9 3 4 10
2917,15550,0.050000000000000044,0.30158212780952454,0.0003905519988620654,0.0004913120064884424,0.9460985286517886,3,3,4,0.0,5 4 3 10
2918,15559,0.050000000000000044,0.5112598538398743,0.0003409175810197161,0.0007577711949124932,0.9342862961018695,8,8,9,0.0,4 1 6 2 3 8 9 5 10
2919,15564,0.050000000000000044,0.447189062833786,0.0002875227539334446,0.0003661905648186803,0.9330806310303005,4,4,5,0.0,9 4 5 3 10
2920,15573,0.050000000000000044,0.5204720497131348,0.0003574093797295872,0.00030623964266851544,0.9617493655997706,9,9,10,0.0,1 3 8 7 4 2 6 9 5
2921,15582,0.050000000000000044,0.5092042088508606,0.00035688564013172354,0.0007661533309146762,0.9337223103617658,8,8,9,0.0,4 6 7 2 8 3 9 5 10
2922,15590,0.050000000000000044,0.5056951642036438,0.0003512142866384238,0.0006191190332174301,0.9302040792106874,7,7,8,0.0,9 6 5 8 2 3 4 10
2923,15599,0.050000000000000044,0.34573081135749817,0.00031133157446876995,0.0005837412318214774,0.9277698023778504,8,8,9,0.0,4 9 5 8 6 1 2 3 10
2924,15603,0.050000000000000044,0.21499721705913544,0.0003296233116998337,0.0007459187181666493,0.9416358080580742,3,3,4,0.0,5 3 4 10
2925,15610,0.050000000000000044,0.10665023326873779,0.0003132306197325566,0.0004509225254878402,0.9498509033787973,6,6,7,0.0,1 9 5 7 4 3 10
2926,15614,0.050000000000000044,0.041099920868873596,0.00028564463718794286,0.0012671953300014138,0.883668963413123,3,3,4,0.0,1 9 4 10
2927,15621,0.050000000000000044,0.5335313081741333,0.0002871370462733986,0.001049671322107315,0.9154895196948976,6,6,7,0.0,5 8 3 9 6 4 10
2928,15630,0.050000000000000044,0.4316961467266083,0.0003258609099753408,0.0007697843248024583,0.9007820975518255,8,8,9,0.0,5 8 9 3 7 2 6 4 10
2929,15638,0.050000000000000044,0.43701377511024475,0.0003068731166422367,0.0007836186559870839,0.8980769273358775,7,7,8,0.0,9 5 8 3 2 6 4 10
2930,15646,0.050000000000000044,0.4927518963813782,0.0003173055374645628,0.0008504710858687758,0.9316739813999387,7,7,8,0.0,8 5 6 9 2 3 4 10
2931,15650,0.050000000000000044,0.23378059267997742,0.00031952987774275243,0.0017929158639162779,0.8717285928523498,3,3,4,0.0,3 5 4 10
2932,15653,0.050000000000000044,0.12429641932249069,0.00026962163489467156,0.0007243723375722766,0.9462217480192286,2,2,3,0.0,1 7 10
2933,15659,0.050000000000000044,0.1365833580493927,0.00027854141080752015,0.00046519108582288027,0.947855207302766,5,5,6,0.0,1 2 4 5 3 10
2934,15665,0.050000000000000044,0.1365833580493927,0.0003369640520152946,0.00046519108582288027,0.947855207302766,5,5,6,0.0,1 2 4 5 3 10
2935,15671,0.050000000000000044,0.4553869962692261,0.00031822534947423264,0.0006484143668785691,0.9498434619231684,5,5,6,0.0,1 8 3 4 5 10
2936,15674,0.050000000000000044,0.10220122337341309,0.00029969455014603835,0.0015619753394275904,0.8697726506292466,2,2,3,0.0,1 2 10
2937,15677,0.050000000000000044,0.07498469203710556,0.0002478773579544698,0.0014849031576886773,0.8560855484409224,2,2,3,0.0,5 7 10
2938,15684,0.050000000000000044,0.4189327657222748,0.00028803214497332064,0.0003562903148122132,0.9349181781590481,6,6,7,0.0,9 8 5 3 6 4 10
2939,15688,0.050000000000000044,0.30401620268821716,0.00026167440228164196,0.0006716125644743443,0.9484512512345092,3,3,4,0.0,3 4 5 10
2940,15692,0.050000000000000044,0.30297723412513733,0.00033870303741423413,0.0009209985146299005,0.9276692834057082,3,3,4,0.0,3 4 5 10
2941,15697,0.050000000000000044,0.49015605449676514,0.0002781051764031872,0.0005029075546190143,0.9504435967286333,4,4,5,0.0,4 9 5 3 10
2942,15702,0.050000000000000044,0.43198809027671814,0.000346221576910466,0.0007652929052710533,0.9183068889216492,4,4,5,0.0,4 9 5 3 10
2943,15705,0.050000000000000044,0.11027474701404572,0.0002996487213143458,0.001416618237271905,0.8753092789515303,2,2,3,0.0,2 4 10
2944,15708,0.050000000000000044,0.12429641932249069,0.0002994055879147102,0.0007243723375722766,0.9462217480192286,2,2,3,0.0,1 7 10
2945,15712,0.050000000000000044,0.06296776235103607,0.00032813134748721495,0.001095149083994329,0.8877058784509527,3,3,4,0.0,1 7 8 10
2946,15721,0.050000000000000044,0.52047199010849,0.00031269748190728325,0.00030623964266851544,0.9617493655997706,9,9,10,0.0,1 3 2 6 8 4 9 7 5
2947,15725,0.050000000000000044,0.25300008058547974,0.0003004760219482705,0.0008444669656455517,0.9045451429985933,3,3,4,0.0,4 5 3 10
2948,15731,0.050000000000000044,0.38449859619140625,0.00030134429592483986,0.0006133443093858659,0.9240884893218345,5,5,6,0.0,8 5 9 3 4 10
2949,15735,0.050000000000000044,0.11627031117677689,0.0003221189654141199,0.0008565268362872303,0.9259343916344303,3,3,4,0.0,4 3 5 10
2950,15739,0.050000000000000044,0.1968708038330078,0.0002857046201825142,0.0007160058012232184,0.9380829586923193,3,3,4,0.0,4 3 5 10
2951,15743,0.050000000000000044,0.20054133236408234,0.0002710572225623764,0.0004971498856320977,0.9479085171371521,3,3,4,0.0,5 3 4 10
2952,15746,0.050000000000000044,0.08941886574029922,0.00037746067391708493,0.0012216682080179453,0.8729719999783387,2,2,3,0.0,5 3 10
2953,15754,0.050000000000000044,0.5056951642036438,0.00034638250144780613,0.0006191190332174301,0.9302040792106874,7,7,8,0.0,5 8 3 9 2 6 4 10
2954,15757,0.050000000000000044,0.12429641932249069,0.00041043431459305185,0.0007243723375722766,0.9462217480192286,2,2,3,0.0,1 7 10
2955,15762,0.050000000000000044,0.2778966724872589,0.0004156965762376785,0.0006603552610613406,0.9491307777435686,4,4,5,0.0,4 3 1 5 10
2956,15771,0.050000000000000044,0.42520052194595337,0.0003738847768141164,0.0007566383574157953,0.9022899233026255,9,9,10,0.0,8 5 3 9 6 1 2 7 4
2957,15775,0.050000000000000044,0.11627032607793808,0.0003914161425200291,0.0008565268362872303,0.9259343916344303,3,3,4,0.0,3 4 5 10
2958,15779,0.050000000000000044,0.10029949247837067,0.00034570463321870193,0.0003878751886077225,0.9448756375189485,3,3,4,0.0,3 4 5 10
2959,15784,0.050000000000000044,0.1825772374868393,0.00036036992678418757,0.0007375478744506836,0.9422391793036149,4,4,5,0.0,3 2 4 5 10
2960,15788,0.050000000000000044,0.20054133236408234,0.0003584858568501659,0.0004971498856320977,0.9479085171371521,3,3,4,0.0,3 4 5 10
2961,15794,0.050000000000000044,0.38449859619140625,0.0003345499426359311,0.0006133443093858659,0.9240884893218345,5,5,6,0.0,8 4 9 5 3 10
2962,15798,0.050000000000000044,0.23378056287765503,0.00032271821692120284,0.0017929158639162779,0.8717285928523498,3,3,4,0.0,3 4 5 10
2963,15802,0.050000000000000044,0.1022421345114708,0.0002514163170417305,0.0007125287083908916,0.9225120335356659,3,3,4,0.0,3 4 5 10
2964,15807,0.050000000000000044,0.2807396948337555,0.0004069721675477922,0.0006406131433323026,0.9502702998739361,4,4,5,0.0,4 5 3 9 10
2965,15811,0.050000000000000044,0.07672931253910065,0.00038008837873348966,0.0009904849575832486,0.8990747353126263,3,3,4,0.0,4 3 5 10
2966,15815,0.050000000000000044,0.30297723412513733,0.0003091565886279568,0.0009209985146299005,0.9276692834057082,3,3,4,0.0,3 4 5 10
2967,15822,0.050000000000000044,0.4058496356010437,0.00029727519722655416,0.0007388200610876083,0.9213032983996496,6,6,7,0.0,6 4 5 7 9 3 10
2968,15831,0.050000000000000044,0.5144082307815552,0.0003478328839668797,0.0007472853176295757,0.9150400329270487,8,8,9,0.0,9 5 8 3 1 6 2 4 10
2969,15834,0.050000000000000044,0.08485784381628036,0.00030543081811629236,0.0013914601877331734,0.8662559903724015,2,2,3,0.0,3 5 10
2970,15841,0.050000000000000044,0.4612277150154114,0.00028787941638646383,0.00048562922165729105,0.9517783389186463,6,6,7,0.0,6 4 7 5 9 3 10
2971,15850,0.050000000000000044,0.4930539131164551,0.0003035756235476583,0.000827929237857461,0.9285145916673715,8,8,9,0.0,4 3 2 7 8 9 6 1 10
2972,15854,0.050000000000000044,0.07672931998968124,0.0003957118606194854,0.0009904849575832486,0.8990747353126263,3,3,4,0.0,3 4 5 10
2973,15863,0.050000000000000044,0.37259072065353394,0.00037225457749122544,0.00039096426917240024,0.9315217085421865,8,8,9,0.0,1 4 7 5 6 9 2 8 10
2974,15867,0.050000000000000044,0.30158212780952454,0.00032724699849495664,0.0004913120064884424,0.9460985286517886,3,3,4,0.0,4 3 5 10
2975,15871,0.050000000000000044,0.03990858048200607,0.0002865124333766289,0.0015567867085337639,0.8691764094653084,3,3,4,0.0,3 9 4 10
2976,15880,0.050000000000000044,0.4323641061782837,0.0003723718756292429,0.0007656429661437869,0.9003181323391362,8,8,9,0.0,8 5 3 9 1 2 6 4 10
2977,15883,0.050000000000000044,0.0734371542930603,0.00030490611485826474,0.0016259392723441124,0.8652180798094848,2,2,3,0.0,3 4 10
2978,15887,0.050000000000000044,0.30401623249053955,0.0003438825297052972,0.0006716125644743443,0.9484512512345092,3,3,4,0.0,5 4 3 10
2979,15891,0.050000000000000044,0.3135063946247101,0.0002817729182424955,0.0006012842059135437,0.9540004504138025,3,3,4,0.0,4 3 5 10
2980,15896,0.050000000000000044,0.1814083755016327,0.0003305428603198379,0.0007967187557369471,0.9412145459233793,4,4,5,0.0,3 7 4 5 10
2981,15900,0.050000000000000044,0.30158212780952454,0.0003539028621162288,0.0004913120064884424,0.9460985286517886,3,3,4,0.0,3 4 5 10
2982,15904,0.050000000000000044,0.12847530841827393,0.0003202167426934466,0.00036390128661878407,0.9670587569900415,3,3,4,0.0,3 4 5 10
2983,15908,0.050000000000000044,0.10726586729288101,0.0003395347739569843,0.000608788977842778,0.9322087477303501,3,3,4,0.0,3 4 5 10
2984,15912,0.050000000000000044,0.30158212780952454,0.00033578798684175126,0.0004913120064884424,0.9460985286517886,3,3,4,0.0,4 5 3 10
2985,15921,0.050000000000000044,0.49807649850845337,0.0003356349512210323,0.0006072678370401263,0.930869266231335,8,8,9,0.0,8 5 3 9 1 6 2 4 10
2986,15926,0.050000000000000044,0.4719831049442291,0.000312287439010106,0.0006645540124736726,0.9357582198347405,4,4,5,0.0,8 4 3 5 10
2987,15930,0.050000000000000044,0.1968708038330078,0.0002962142025353387,0.0007160058012232184,0.9380829586923193,3,3,4,0.0,3 4 5 10
2988,15934,0.050000000000000044,0.07092421501874924,0.0002813107203110121,0.0011787256225943565,0.8939529767838018,3,3,4,0.0,3 4 5 10
2989,15943,0.050000000000000044,0.47906920313835144,0.00030376023237800435,0.000817384454421699,0.9339770750363007,9,9,10,0.0,6 8 4 5 2 7 1 9 3
2990,15951,0.050000000000000044,0.3904340863227844,0.00033433755015721545,0.0007357908762060106,0.9219632134036417,7,7,8,0.0,6 8 4 5 7 9 3 10
2991,15956,0.050000000000000044,0.5080654621124268,0.0002970359171740711,0.0004223579016979784,0.9473148818957253,4,4,5,0.0,1 3 2 5 10
2992,15960,0.050000000000000044,0.17225868999958038,0.00031482730992138386,0.0010011573322117329,0.917074837773932,3,3,4,0.0,3 5 4 10
2993,15964,0.050000000000000044,0.1022421345114708,0.0003161097993142903,0.0007125287083908916,0.9225120335356659,3,3,4,0.0,3 4 5 10
2994,15968,0.050000000000000044,0.21499721705913544,0.0002730357082327828,0.0007459187181666493,0.9416358080580742,3,3,4,0.0,3 5 4 10
2995,15972,0.050000000000000044,0.06573236733675003,0.0002743111617746763,0.0010748562635853887,0.8756208674147211,3,3,4,0.0,3 4 5 10
2996,15976,0.050000000000000044,0.07672931998968124,0.00027802929616882466,0.0009904849575832486,0.8990747353126263,3,3,4,0.0,3 4 5 10
2997,15980,0.050000000000000044,0.30158212780952454,0.0002702020210563205,0.0004913120064884424,0.9460985286517886,3,3,4,0.0,3 4 5 10
2998,15984,0.050000000000000044,0.21238619089126587,0.0003098895394941792,0.0011898600496351719,0.9272665474275913,3,3,4,0.0,3 5 4 10
2999,15993,0.050000000000000044,0.5168295502662659,0.0003302228287793696,0.0010166018037125468,0.9171850596965423,8,8,9,0.0,8 5 3 9 6 1 2 4 10
3000,16000,0.050000000000000044,0.35010266304016113,0.00033384233081181137,0.0006724299746565521,0.9198163002020681,6,6,7,0.0,8 4 9 5 6 7 10
