component_index,component,m,n,order_sum,energy,normalized_energy
0,H00,0,0,0,39946.29,0.96494
2,H10,1,0,1,378.0606,0.009132408
9,H30,3,0,3,363.8461,0.008789043
7,H12,1,2,3,156.38052,0.003777518
6,H03,0,3,3,152.84917,0.0036922148
1,H01,0,1,1,149.12822,0.0036023317
4,H11,1,1,2,70.172806,0.0016950899
8,H21,2,1,3,69.453926,0.0016777246
5,H20,2,0,2,56.790325,0.0013718235
3,H02,0,2,2,54.72104,0.0013218379
