preference_id,preference_name,preference,mse,ssim,k,cost,scalar_return,score
0,high_fidelity,0.550 0.250 0.100 0.100,0.0011117460865837832,0.9492381297977719,6.0,1.0,0.19682878255844116,0.47239557272571836
1,mse_ssim_balance,0.350 0.350 0.150 0.150,0.0011117460865837832,0.9492381297977719,6.0,1.0,0.13372370600700378,0.47239557272571836
2,general_balance,0.250 0.250 0.250 0.250,0.003133669806023439,0.840060436036401,2.0,0.3333333333333333,0.11533608039220174,0.7470962092559601
3,compact,0.200 0.200 0.300 0.300,0.006263404618948698,0.7257236130266952,1.0,0.16666666666666666,0.10210888336102168,0.7670016627003534
4,very_compact,0.150 0.150 0.350 0.350,0.006263404618948698,0.7257236130266952,1.0,0.16666666666666666,0.03491500268379847,0.7670016627003534
