preference_id,preference_name,preference,mse,ssim,k,cost,scalar_return,score
0,high_fidelity,0.550 0.250 0.100 0.100,0.0012522194112534635,0.8808327579691422,5.2,0.52,0.2820362068712711,0.6779119412051455
1,mse_ssim_balance,0.350 0.350 0.150 0.150,0.0016229441564064473,0.8472791733132736,2.3,0.22999999999999998,0.33288383185863496,0.8053936969282136
2,general_balance,0.250 0.250 0.250 0.250,0.0025645377696491777,0.7523126835007855,1.0,0.1,0.21308285892009735,0.8210272658385653
3,compact,0.200 0.200 0.300 0.300,0.0025645377696491777,0.7523126835007855,1.0,0.1,0.1504662923514843,0.8210272658385653
4,very_compact,0.150 0.150 0.350 0.350,0.0025645377696491777,0.7523126835007855,1.0,0.1,0.08784972727298737,0.8210272658385653
