method,image_id,repeat,k_budget,k,k_total,k_effective,cost,k_norm,k_norm_effective,mse,ssim,edge_corr,obj_mse,obj_ssim,obj_cost,obj_k,selected_indices,selected_labels,selected_detail_indices,selected_detail_labels
random,0,0,1,1,2,1,0.1111111111111111,0.1111111111111111,0.1111111111111111,0.0029278669971972704,0.8500404591837125,0.813496134475287,0.9970721330028027,0.8500404591837125,0.8888888888888888,0.8888888888888888,0 8,H00 H21,8,H21
random,0,1,1,1,2,1,0.1111111111111111,0.1111111111111111,0.1111111111111111,0.0031618126668035984,0.8314715555994179,0.7771694165199811,0.9968381873331964,0.8314715555994179,0.8888888888888888,0.8888888888888888,0 6,H00 H03,6,H03
random,0,2,1,1,2,1,0.1111111111111111,0.1111111111111111,0.1111111111111111,0.002705457154661417,0.8537043106435453,0.8127683219850919,0.9972945428453386,0.8537043106435453,0.8888888888888888,0.8888888888888888,0 5,H00 H20,5,H20
random,0,3,1,1,2,1,0.1111111111111111,0.1111111111111111,0.1111111111111111,0.00258811516687274,0.8486830971483916,0.8491102713954395,0.9974118848331273,0.8486830971483916,0.8888888888888888,0.8888888888888888,0 3,H00 H02,3,H02
random,0,4,1,1,2,1,0.1111111111111111,0.1111111111111111,0.1111111111111111,0.00258811516687274,0.8486830971483916,0.8491102713954395,0.9974118848331273,0.8486830971483916,0.8888888888888888,0.8888888888888888,0 3,H00 H02,3,H02
random,0,5,1,1,2,1,0.1111111111111111,0.1111111111111111,0.1111111111111111,0.0026654109824448824,0.8590301911520476,0.7909125031451552,0.9973345890175551,0.8590301911520476,0.8888888888888888,0.8888888888888888,0 1,H00 H01,1,H01
random,0,6,1,1,2,1,0.1111111111111111,0.1111111111111111,0.1111111111111111,0.0026654109824448824,0.8590301911520476,0.7909125031451552,0.9973345890175551,0.8590301911520476,0.8888888888888888,0.8888888888888888,0 1,H00 H01,1,H01
random,0,7,1,1,2,1,0.1111111111111111,0.1111111111111111,0.1111111111111111,0.0026654109824448824,0.8590301911520476,0.7909125031451552,0.9973345890175551,0.8590301911520476,0.8888888888888888,0.8888888888888888,0 1,H00 H01,1,H01
random,0,8,1,1,2,1,0.1111111111111111,0.1111111111111111,0.1111111111111111,0.002881362335756421,0.8520406975225943,0.7716052496409191,0.9971186376642436,0.8520406975225943,0.8888888888888888,0.8888888888888888,0 2,H00 H10,2,H10
random,0,9,1,1,2,1,0.1111111111111111,0.1111111111111111,0.1111111111111111,0.0029278669971972704,0.8500404591837125,0.813496134475287,0.9970721330028027,0.8500404591837125,0.8888888888888888,0.8888888888888888,0 8,H00 H21,8,H21
random,0,10,1,1,2,1,0.1111111111111111,0.1111111111111111,0.1111111111111111,0.0031618126668035984,0.8314715555994179,0.7771694165199811,0.9968381873331964,0.8314715555994179,0.8888888888888888,0.8888888888888888,0 6,H00 H03,6,H03
random,0,11,1,1,2,1,0.1111111111111111,0.1111111111111111,0.1111111111111111,0.003372988197952509,0.8254801082340657,0.7524831108292741,0.9966270118020475,0.8254801082340657,0.8888888888888888,0.8888888888888888,0 9,H00 H30,9,H30
random,0,12,1,1,2,1,0.1111111111111111,0.1111111111111111,0.1111111111111111,0.002705457154661417,0.8537043106435453,0.8127683219850919,0.9972945428453386,0.8537043106435453,0.8888888888888888,0.8888888888888888,0 5,H00 H20,5,H20
random,0,13,1,1,2,1,0.1111111111111111,0.1111111111111111,0.1111111111111111,0.0031618126668035984,0.8314715555994179,0.7771694165199811,0.9968381873331964,0.8314715555994179,0.8888888888888888,0.8888888888888888,0 6,H00 H03,6,H03
random,0,14,1,1,2,1,0.1111111111111111,0.1111111111111111,0.1111111111111111,0.003372988197952509,0.8254801082340657,0.7524831108292741,0.9966270118020475,0.8254801082340657,0.8888888888888888,0.8888888888888888,0 9,H00 H30,9,H30
random,0,15,1,1,2,1,0.1111111111111111,0.1111111111111111,0.1111111111111111,0.00284834997728467,0.8429630650381815,0.8437815120646707,0.9971516500227153,0.8429630650381815,0.8888888888888888,0.8888888888888888,0 7,H00 H12,7,H12
random,0,16,1,1,2,1,0.1111111111111111,0.1111111111111111,0.1111111111111111,0.0031618126668035984,0.8314715555994179,0.7771694165199811,0.9968381873331964,0.8314715555994179,0.8888888888888888,0.8888888888888888,0 6,H00 H03,6,H03
random,0,17,1,1,2,1,0.1111111111111111,0.1111111111111111,0.1111111111111111,0.002705457154661417,0.8537043106435453,0.8127683219850919,0.9972945428453386,0.8537043106435453,0.8888888888888888,0.8888888888888888,0 5,H00 H20,5,H20
random,0,18,1,1,2,1,0.1111111111111111,0.1111111111111111,0.1111111111111111,0.0031618126668035984,0.8314715555994179,0.7771694165199811,0.9968381873331964,0.8314715555994179,0.8888888888888888,0.8888888888888888,0 6,H00 H03,6,H03
random,0,19,1,1,2,1,0.1111111111111111,0.1111111111111111,0.1111111111111111,0.003372988197952509,0.8254801082340657,0.7524831108292741,0.9966270118020475,0.8254801082340657,0.8888888888888888,0.8888888888888888,0 9,H00 H30,9,H30
random,0,0,2,2,3,2,0.2222222222222222,0.2222222222222222,0.2222222222222222,0.001616918365471065,0.9034515482314843,0.895703584790878,0.9983830816345289,0.9034515482314843,0.7777777777777778,0.7777777777777778,0 3 8,H00 H02 H21,3 8,H02 H21
random,0,1,2,2,3,2,0.2222222222222222,0.2222222222222222,0.2222222222222222,0.001900410745292902,0.9025196423410803,0.8481264378516253,0.9980995892547071,0.9025196423410803,0.7777777777777778,0.7777777777777778,0 1 4,H00 H01 H11,1 4,H01 H11
random,0,2,2,2,3,2,0.2222222222222222,0.2222222222222222,0.2222222222222222,0.0021029773633927107,0.8850778863719896,0.8579773977583657,0.9978970226366073,0.8850778863719896,0.7777777777777778,0.7777777777777778,0 1 5,H00 H01 H20,1 5,H01 H20
random,0,3,2,2,3,2,0.2222222222222222,0.2222222222222222,0.2222222222222222,0.002833361504599452,0.8570937598600328,0.8207167440278825,0.9971666384954005,0.8570937598600328,0.7777777777777778,0.7777777777777778,0 6 8,H00 H03 H21,6 8,H03 H21
random,0,4,2,2,3,2,0.2222222222222222,0.2222222222222222,0.2222222222222222,0.0026211412623524666,0.865047222997785,0.8087956700482883,0.9973788587376475,0.865047222997785,0.7777777777777778,0.7777777777777778,0 1 8,H00 H01 H21,1 8,H01 H21
random,0,5,2,2,3,2,0.2222222222222222,0.2222222222222222,0.2222222222222222,0.0021029773633927107,0.8850778863719896,0.8579773977583657,0.9978970226366073,0.8850778863719896,0.7777777777777778,0.7777777777777778,0 1 5,H00 H01 H20,1 5,H01 H20
random,0,6,2,2,3,2,0.2222222222222222,0.2222222222222222,0.2222222222222222,0.002076856791973114,0.8951804679724322,0.8527088043958505,0.9979231432080269,0.8951804679724322,0.7777777777777778,0.7777777777777778,0 4 9,H00 H11 H30,4 9,H11 H30
random,0,7,2,2,3,2,0.2222222222222222,0.2222222222222222,0.2222222222222222,0.0022480031475424767,0.8803863334342147,0.8126605255011362,0.9977519968524575,0.8803863334342147,0.7777777777777778,0.7777777777777778,0 1 9,H00 H01 H30,1 9,H01 H30
random,0,8,2,2,3,2,0.2222222222222222,0.2222222222222222,0.2222222222222222,0.0015726943966001272,0.9092010947633158,0.8794446274872725,0.9984273056033999,0.9092010947633158,0.7777777777777778,0.7777777777777778,0 1 7,H00 H01 H12,1 7,H01 H12
random,0,9,2,2,3,2,0.2222222222222222,0.2222222222222222,0.2222222222222222,0.0018146344227716327,0.8847815418144185,0.8636921218265202,0.9981853655772284,0.8847815418144185,0.7777777777777778,0.7777777777777778,0 3 6,H00 H02 H03,3 6,H02 H03
random,0,10,2,2,3,2,0.2222222222222222,0.2222222222222222,0.2222222222222222,0.0018040777649730444,0.9055437590665539,0.8772943321096195,0.998195922235027,0.9055437590665539,0.7777777777777778,0.7777777777777778,0 4 7,H00 H11 H12,4 7,H11 H12
random,0,11,2,2,3,2,0.2222222222222222,0.2222222222222222,0.2222222222222222,0.0022563613019883633,0.885260854416951,0.8331979094578129,0.9977436386980116,0.885260854416951,0.7777777777777778,0.7777777777777778,0 8 9,H00 H21 H30,8 9,H21 H30
random,0,12,2,2,3,2,0.2222222222222222,0.2222222222222222,0.2222222222222222,0.0018040777649730444,0.9055437590665539,0.8772943321096195,0.998195922235027,0.9055437590665539,0.7777777777777778,0.7777777777777778,0 4 7,H00 H11 H12,4 7,H11 H12
random,0,13,2,2,3,2,0.2222222222222222,0.2222222222222222,0.2222222222222222,0.002833361504599452,0.8570937598600328,0.8207167440278825,0.9971666384954005,0.8570937598600328,0.7777777777777778,0.7777777777777778,0 6 8,H00 H03 H21,6 8,H03 H21
random,0,14,2,2,3,2,0.2222222222222222,0.2222222222222222,0.2222222222222222,0.0019047054229304194,0.9017776424302215,0.8622948475749094,0.9980952945770696,0.9017776424302215,0.7777777777777778,0.7777777777777778,0 4 6,H00 H11 H03,4 6,H11 H03
random,0,15,2,2,3,2,0.2222222222222222,0.2222222222222222,0.2222222222222222,0.002239706926047802,0.8776619884182171,0.819483847540638,0.9977602930739522,0.8776619884182171,0.7777777777777778,0.7777777777777778,0 2 6,H00 H10 H03,2 6,H10 H03
random,0,16,2,2,3,2,0.2222222222222222,0.2222222222222222,0.2222222222222222,0.0016457510646432638,0.9046121462426557,0.8929991152297932,0.9983542489353567,0.9046121462426557,0.7777777777777778,0.7777777777777778,0 5 7,H00 H20 H12,5 7,H20 H12
random,0,17,2,2,3,2,0.2222222222222222,0.2222222222222222,0.2222222222222222,0.001542606740258634,0.9136373948009062,0.9012585901027235,0.9984573932597414,0.9136373948009062,0.7777777777777778,0.7777777777777778,0 3 4,H00 H02 H11,3 4,H02 H11
random,0,18,2,2,3,2,0.2222222222222222,0.2222222222222222,0.2222222222222222,0.002686982974410057,0.8556391025331939,0.8004404723013525,0.9973130170255899,0.8556391025331939,0.7777777777777778,0.7777777777777778,0 6 9,H00 H03 H30,6 9,H03 H30
random,0,19,2,2,3,2,0.2222222222222222,0.2222222222222222,0.2222222222222222,0.0024969782680273056,0.8649554187819521,0.8416388482388502,0.9975030217319727,0.8649554187819521,0.7777777777777778,0.7777777777777778,0 5 8,H00 H20 H21,5 8,H20 H21
random,0,0,3,3,4,3,0.3333333333333333,0.3333333333333333,0.3333333333333333,0.0014144913293421268,0.9154424070957583,0.9193507555484425,0.9985855086706579,0.9154424070957583,0.6666666666666667,0.6666666666666667,0 3 5 8,H00 H02 H20 H21,3 5 8,H02 H20 H21
random,0,1,3,3,4,3,0.3333333333333333,0.3333333333333333,0.3333333333333333,0.001451876014471054,0.9210643459833476,0.895245614004238,0.998548123985529,0.9210643459833476,0.6666666666666667,0.6666666666666667,0 4 5 8,H00 H11 H20 H21,4 5 8,H11 H20 H21
random,0,2,3,3,4,3,0.3333333333333333,0.3333333333333333,0.3333333333333333,0.001294569345191121,0.9245523680333717,0.9151297034182918,0.9987054306548089,0.9245523680333717,0.6666666666666667,0.6666666666666667,0 3 8 9,H00 H02 H21 H30,3 8 9,H02 H21 H30
random,0,3,3,3,4,3,0.3333333333333333,0.3333333333333333,0.3333333333333333,0.00174236879684031,0.9028274063530348,0.8614285393255653,0.9982576312031597,0.9028274063530348,0.6666666666666667,0.6666666666666667,0 1 5 9,H00 H01 H20 H30,1 5 9,H01 H20 H30
random,0,4,3,3,4,3,0.3333333333333333,0.3333333333333333,0.3333333333333333,0.0020404695533216,0.8812600362527668,0.8844906699716609,0.9979595304466784,0.8812600362527668,0.6666666666666667,0.6666666666666667,0 3 7 9,H00 H02 H12 H30,3 7 9,H02 H12 H30
random,0,5,3,3,4,3,0.3333333333333333,0.3333333333333333,0.3333333333333333,0.0015726803103461862,0.9091267369501514,0.8793931497423672,0.9984273196896538,0.9091267369501514,0.6666666666666667,0.6666666666666667,0 1 7 9,H00 H01 H12 H30,1 7 9,H01 H12 H30
random,0,6,3,3,4,3,0.3333333333333333,0.3333333333333333,0.3333333333333333,0.001672147074714303,0.9114396635633445,0.8595802794154702,0.9983278529252857,0.9114396635633445,0.6666666666666667,0.6666666666666667,0 2 5 8,H00 H10 H20 H21,2 5 8,H10 H20 H21
random,0,7,3,3,4,3,0.3333333333333333,0.3333333333333333,0.3333333333333333,0.00157788151409477,0.9060243226667505,0.8932759578885225,0.9984221184859052,0.9060243226667505,0.6666666666666667,0.6666666666666667,0 3 6 8,H00 H02 H03 H21,3 6 8,H02 H03 H21
random,0,8,3,3,4,3,0.3333333333333333,0.3333333333333333,0.3333333333333333,0.0015168897807598114,0.9246277180494792,0.8774301347541973,0.9984831102192402,0.9246277180494792,0.6666666666666667,0.6666666666666667,0 4 8 9,H00 H11 H21 H30,4 8 9,H11 H21 H30
random,0,9,3,3,4,3,0.3333333333333333,0.3333333333333333,0.3333333333333333,0.0020889746956527233,0.8873337983473799,0.8624805476075754,0.9979110253043473,0.8873337983473799,0.6666666666666667,0.6666666666666667,0 1 5 6,H00 H01 H20 H03,1 5 6,H01 H20 H03
random,0,10,3,3,4,3,0.3333333333333333,0.3333333333333333,0.3333333333333333,0.0019373006653040648,0.8862963906056319,0.8775937131982133,0.9980626993346959,0.8862963906056319,0.6666666666666667,0.6666666666666667,0 6 7 9,H00 H03 H12 H30,6 7 9,H03 H12 H30
random,0,11,3,3,4,3,0.3333333333333333,0.3333333333333333,0.3333333333333333,0.0013061470817774534,0.92784909072125,0.8902816001436274,0.9986938529182225,0.92784909072125,0.6666666666666667,0.6666666666666667,0 1 4 7,H00 H01 H11 H12,1 4 7,H01 H11 H12
random,0,12,3,3,4,3,0.3333333333333333,0.3333333333333333,0.3333333333333333,0.0013769872020930052,0.9234449760755801,0.8970011075808534,0.998623012797907,0.9234449760755801,0.6666666666666667,0.6666666666666667,0 4 6 7,H00 H11 H03 H12,4 6 7,H11 H03 H12
random,0,13,3,3,4,3,0.3333333333333333,0.3333333333333333,0.3333333333333333,0.0015168897807598114,0.9246277180494792,0.8774301347541973,0.9984831102192402,0.9246277180494792,0.6666666666666667,0.6666666666666667,0 4 8 9,H00 H11 H21 H30,4 8 9,H11 H21 H30
random,0,14,3,3,4,3,0.3333333333333333,0.3333333333333333,0.3333333333333333,0.0017188390484079719,0.9112023938619991,0.8569534387578632,0.998281160951592,0.9112023938619991,0.6666666666666667,0.6666666666666667,0 1 4 9,H00 H01 H11 H30,1 4 9,H01 H11 H30
random,0,15,3,3,4,3,0.3333333333333333,0.3333333333333333,0.3333333333333333,0.0016058945329859853,0.9093732029004697,0.89016258121122,0.998394105467014,0.9093732029004697,0.6666666666666667,0.6666666666666667,0 5 7 9,H00 H20 H12 H30,5 7 9,H20 H12 H30
random,0,16,3,3,4,3,0.3333333333333333,0.3333333333333333,0.3333333333333333,0.0013769872020930052,0.9234449760755801,0.8970011075808534,0.998623012797907,0.9234449760755801,0.6666666666666667,0.6666666666666667,0 4 6 7,H00 H11 H03 H12,4 6 7,H11 H03 H12
random,0,17,3,3,4,3,0.3333333333333333,0.3333333333333333,0.3333333333333333,0.0013926589163020253,0.9278096968970316,0.8787733846092725,0.998607341083698,0.9278096968970316,0.6666666666666667,0.6666666666666667,0 2 4 8,H00 H10 H11 H21,2 4 8,H10 H11 H21
random,0,18,3,3,4,3,0.3333333333333333,0.3333333333333333,0.3333333333333333,0.00190217443741858,0.8911241264205413,0.8759827730539047,0.9980978255625814,0.8911241264205413,0.6666666666666667,0.6666666666666667,0 2 6 7,H00 H10 H03 H12,2 6 7,H10 H03 H12
random,0,19,3,3,4,3,0.3333333333333333,0.3333333333333333,0.3333333333333333,0.0026341951452195644,0.8625635303707525,0.8340167200606673,0.9973658048547804,0.8625635303707525,0.6666666666666667,0.6666666666666667,0 2 7 9,H00 H10 H12 H30,2 7 9,H10 H12 H30
random,0,0,4,4,5,4,0.4444444444444444,0.4444444444444444,0.4444444444444444,0.0016040486516430974,0.9120574215699461,0.904520496636463,0.9983959513483569,0.9120574215699461,0.5555555555555556,0.5555555555555556,0 6 7 8 9,H00 H03 H12 H21 H30,6 7 8 9,H03 H12 H21 H30
random,0,1,4,4,5,4,0.4444444444444444,0.4444444444444444,0.4444444444444444,0.002126355655491352,0.8895542753570216,0.8286697330545717,0.9978736443445086,0.8895542753570216,0.5555555555555556,0.5555555555555556,0 1 6 8 9,H00 H01 H03 H21 H30,1 6 8 9,H01 H03 H21 H30
random,0,2,4,4,5,4,0.4444444444444444,0.4444444444444444,0.4444444444444444,0.0013654404319822788,0.9233254864368937,0.913029717465927,0.9986345595680177,0.9233254864368937,0.5555555555555556,0.5555555555555556,0 3 4 7 9,H00 H02 H11 H12 H30,3 4 7 9,H02 H11 H12 H30
random,0,3,4,4,5,4,0.4444444444444444,0.4444444444444444,0.4444444444444444,0.0019533508457243443,0.8884748684842578,0.8793095886365684,0.9980466491542757,0.8884748684842578,0.5555555555555556,0.5555555555555556,0 2 3 7 9,H00 H10 H02 H12 H30,2 3 7 9,H10 H02 H12 H30
random,0,4,4,4,5,4,0.4444444444444444,0.4444444444444444,0.4444444444444444,0.0011923029087483883,0.9335914282360769,0.9018804241082599,0.9988076970912516,0.9335914282360769,0.5555555555555556,0.5555555555555556,0 2 4 5 6,H00 H10 H11 H20 H03,2 4 5 6,H10 H11 H20 H03
random,0,5,4,4,5,4,0.4444444444444444,0.4444444444444444,0.4444444444444444,0.0019951490685343742,0.8864000114378621,0.854699626946893,0.9980048509314656,0.8864000114378621,0.5555555555555556,0.5555555555555556,0 1 5 6 8,H00 H01 H20 H03 H21,1 5 6 8,H01 H20 H03 H21
random,0,6,4,4,5,4,0.4444444444444444,0.4444444444444444,0.4444444444444444,0.0011522941058501601,0.9381768486764853,0.9083553225007176,0.9988477058941498,0.9381768486764853,0.5555555555555556,0.5555555555555556,0 1 4 7 8,H00 H01 H11 H12 H21,1 4 7 8,H01 H11 H12 H21
random,0,7,4,4,5,4,0.4444444444444444,0.4444444444444444,0.4444444444444444,0.0016719207633286715,0.9115799712404768,0.8597678411696703,0.9983280792366713,0.9115799712404768,0.5555555555555556,0.5555555555555556,0 2 5 8 9,H00 H10 H20 H21 H30,2 5 8 9,H10 H20 H21 H30
random,0,8,4,4,5,4,0.4444444444444444,0.4444444444444444,0.4444444444444444,0.0012402149150148034,0.9259256921292202,0.9199377600439044,0.9987597850849852,0.9259256921292202,0.5555555555555556,0.5555555555555556,0 1 3 5 6,H00 H01 H02 H20 H03,1 3 5 6,H01 H02 H20 H03
random,0,9,4,4,5,4,0.4444444444444444,0.4444444444444444,0.4444444444444444,0.0012190650450065732,0.9293899505037048,0.9149157614734322,0.9987809349549934,0.9293899505037048,0.5555555555555556,0.5555555555555556,0 2 3 7 8,H00 H10 H02 H12 H21,2 3 7 8,H10 H02 H12 H21
random,0,10,4,4,5,4,0.4444444444444444,0.4444444444444444,0.4444444444444444,0.0015503129689022899,0.9162036255002022,0.8954794516668233,0.9984496870310977,0.9162036255002022,0.5555555555555556,0.5555555555555556,0 2 7 8 9,H00 H10 H12 H21 H30,2 7 8 9,H10 H12 H21 H30
random,0,11,4,4,5,4,0.4444444444444444,0.4444444444444444,0.4444444444444444,0.0015464111929759383,0.9084022664570213,0.8892741783040706,0.9984535888070241,0.9084022664570213,0.5555555555555556,0.5555555555555556,0 1 3 6 8,H00 H01 H02 H03 H21,1 3 6 8,H01 H02 H03 H21
random,0,12,4,4,5,4,0.4444444444444444,0.4444444444444444,0.4444444444444444,0.0017423066310584545,0.9029249122696315,0.8616918100459838,0.9982576933689415,0.9029249122696315,0.5555555555555556,0.5555555555555556,0 1 5 6 9,H00 H01 H20 H03 H30,1 5 6 9,H01 H20 H03 H30
random,0,13,4,4,5,4,0.4444444444444444,0.4444444444444444,0.4444444444444444,0.0009567007655277848,0.944002526109057,0.9269437229830197,0.9990432992344722,0.944002526109057,0.5555555555555556,0.5555555555555556,0 3 4 7 8,H00 H02 H11 H12 H21,3 4 7 8,H02 H11 H12 H21
random,0,14,4,4,5,4,0.4444444444444444,0.4444444444444444,0.4444444444444444,0.0008931466727517545,0.9473113921536277,0.9383301153034391,0.9991068533272482,0.9473113921536277,0.5555555555555556,0.5555555555555556,0 1 3 4 5,H00 H01 H02 H11 H20,1 3 4 5,H01 H02 H11 H20
random,0,15,4,4,5,4,0.4444444444444444,0.4444444444444444,0.4444444444444444,0.0015480824513360858,0.9178418061838848,0.8994928109322333,0.9984519175486639,0.9178418061838848,0.5555555555555556,0.5555555555555556,0 2 6 7 8,H00 H10 H03 H12 H21,2 6 7 8,H10 H03 H12 H21
random,0,16,4,4,5,4,0.4444444444444444,0.4444444444444444,0.4444444444444444,0.0019951490685343742,0.8864000114378621,0.854699626946893,0.9980048509314656,0.8864000114378621,0.5555555555555556,0.5555555555555556,0 1 5 6 8,H00 H01 H20 H03 H21,1 5 6 8,H01 H20 H03 H21
random,0,17,4,4,5,4,0.4444444444444444,0.4444444444444444,0.4444444444444444,0.0017254052218049765,0.9012573588502181,0.8581867043129897,0.998274594778195,0.9012573588502181,0.5555555555555556,0.5555555555555556,0 1 5 8 9,H00 H01 H20 H21 H30,1 5 8 9,H01 H20 H21 H30
random,0,18,4,4,5,4,0.4444444444444444,0.4444444444444444,0.4444444444444444,0.001115044578909874,0.9350364597139971,0.9244550015133776,0.9988849554210901,0.9350364597139971,0.5555555555555556,0.5555555555555556,0 2 3 5 8,H00 H10 H02 H20 H21,2 3 5 8,H10 H02 H20 H21
random,0,19,4,4,5,4,0.4444444444444444,0.4444444444444444,0.4444444444444444,0.0015338050434365869,0.9136605295003807,0.8766643821107145,0.9984661949565634,0.9136605295003807,0.5555555555555556,0.5555555555555556,0 1 2 6 7,H00 H01 H10 H03 H12,1 2 6 7,H01 H10 H03 H12
random,0,0,5,5,6,5,0.5555555555555556,0.5555555555555556,0.5555555555555556,0.0009161944617517292,0.9483690005278615,0.929698931296072,0.9990838055382483,0.9483690005278615,0.4444444444444444,0.4444444444444444,0 3 4 6 8 9,H00 H02 H11 H03 H21 H30,3 4 6 8 9,H02 H11 H03 H21 H30
random,0,1,5,5,6,5,0.5555555555555556,0.5555555555555556,0.5555555555555556,0.0008997720433399081,0.9487661530798596,0.9329254721412749,0.9991002279566601,0.9487661530798596,0.4444444444444444,0.4444444444444444,0 1 3 4 8 9,H00 H01 H02 H11 H21 H30,1 3 4 8 9,H01 H02 H11 H21 H30
random,0,2,5,5,6,5,0.5555555555555556,0.5555555555555556,0.5555555555555556,0.0007948441198095679,0.9520783670308616,0.9458954719371169,0.9992051558801904,0.9520783670308616,0.4444444444444444,0.4444444444444444,0 1 3 4 5 6,H00 H01 H02 H11 H20 H03,1 3 4 5 6,H01 H02 H11 H20 H03
random,0,3,5,5,6,5,0.5555555555555556,0.5555555555555556,0.5555555555555556,0.0011898056836798787,0.9310389671930943,0.9125674082136698,0.9988101943163201,0.9310389671930943,0.4444444444444444,0.4444444444444444,0 1 2 3 7 8,H00 H01 H10 H02 H12 H21,1 2 3 7 8,H01 H10 H02 H12 H21
random,0,4,5,5,6,5,0.5555555555555556,0.5555555555555556,0.5555555555555556,0.001274783629924059,0.9255367173468882,0.9202433776524551,0.9987252163700759,0.9255367173468882,0.4444444444444444,0.4444444444444444,0 3 6 7 8 9,H00 H02 H03 H12 H21 H30,3 6 7 8 9,H02 H03 H12 H21 H30
random,0,5,5,5,6,5,0.5555555555555556,0.5555555555555556,0.5555555555555556,0.0011811808217316866,0.9292893626159068,0.9169449073569471,0.9988188191782683,0.9292893626159068,0.4444444444444444,0.4444444444444444,0 1 5 6 7 8,H00 H01 H20 H03 H12 H21,1 5 6 7 8,H01 H20 H03 H12 H21
random,0,6,5,5,6,5,0.5555555555555556,0.5555555555555556,0.5555555555555556,0.0012898874701932073,0.9246351661583615,0.9204517182322477,0.9987101125298068,0.9246351661583615,0.4444444444444444,0.4444444444444444,0 5 6 7 8 9,H00 H20 H03 H12 H21 H30,5 6 7 8 9,H20 H03 H12 H21 H30
random,0,7,5,5,6,5,0.5555555555555556,0.5555555555555556,0.5555555555555556,0.0008787651895545423,0.9484929792698158,0.940309034640725,0.9991212348104455,0.9484929792698158,0.4444444444444444,0.4444444444444444,0 1 3 4 5 8,H00 H01 H02 H11 H20 H21,1 3 4 5 8,H01 H02 H11 H20 H21
random,0,8,5,5,6,5,0.5555555555555556,0.5555555555555556,0.5555555555555556,0.0011139163980260491,0.9348250962483755,0.9102905285535114,0.998886083601974,0.9348250962483755,0.4444444444444444,0.4444444444444444,0 1 3 4 7 9,H00 H01 H02 H11 H12 H30,1 3 4 7 9,H01 H02 H11 H12 H30
random,0,9,5,5,6,5,0.5555555555555556,0.5555555555555556,0.5555555555555556,0.0012434194795787334,0.9284412557708805,0.9197934432587703,0.9987565805204213,0.9284412557708805,0.4444444444444444,0.4444444444444444,0 2 3 5 7 9,H00 H10 H02 H20 H12 H30,2 3 5 7 9,H10 H02 H20 H12 H30
random,0,10,5,5,6,5,0.5555555555555556,0.5555555555555556,0.5555555555555556,0.000942801998462528,0.9458250436714798,0.9256200060570091,0.9990571980015375,0.9458250436714798,0.4444444444444444,0.4444444444444444,0 1 4 5 7 8,H00 H01 H11 H20 H12 H21,1 4 5 7 8,H01 H11 H20 H12 H21
random,0,11,5,5,6,5,0.5555555555555556,0.5555555555555556,0.5555555555555556,0.0013719229027628899,0.9224433679837959,0.8960111706473937,0.9986280770972371,0.9224433679837959,0.4444444444444444,0.4444444444444444,0 2 4 6 7 9,H00 H10 H11 H03 H12 H30,2 4 6 7 9,H10 H11 H03 H12 H30
random,0,12,5,5,6,5,0.5555555555555556,0.5555555555555556,0.5555555555555556,0.0011132740182802081,0.9340398666868596,0.9082122421635441,0.9988867259817198,0.9340398666868596,0.4444444444444444,0.4444444444444444,0 1 2 3 4 9,H00 H01 H10 H02 H11 H30,1 2 3 4 9,H01 H10 H02 H11 H30
random,0,13,5,5,6,5,0.5555555555555556,0.5555555555555556,0.5555555555555556,0.001721843145787716,0.9016896860716105,0.8594885926203043,0.9982781568542123,0.9016896860716105,0.4444444444444444,0.4444444444444444,0 1 5 6 8 9,H00 H01 H20 H03 H21 H30,1 5 6 8 9,H01 H20 H03 H21 H30
random,0,14,5,5,6,5,0.5555555555555556,0.5555555555555556,0.5555555555555556,0.0015075160190463066,0.9123996216870233,0.8736049095739984,0.9984924839809537,0.9123996216870233,0.4444444444444444,0.4444444444444444,0 1 2 6 7 9,H00 H01 H10 H03 H12 H30,1 2 6 7 9,H01 H10 H03 H12 H30
random,0,15,5,5,6,5,0.5555555555555556,0.5555555555555556,0.5555555555555556,0.0010368169751018286,0.9382785857609705,0.9241642307476037,0.9989631830248982,0.9382785857609705,0.4444444444444444,0.4444444444444444,0 1 2 3 5 9,H00 H01 H10 H02 H20 H30,1 2 3 5 9,H01 H10 H02 H20 H30
random,0,16,5,5,6,5,0.5555555555555556,0.5555555555555556,0.5555555555555556,0.0007439734181389213,0.9551848755899139,0.9467557812324691,0.9992560265818611,0.9551848755899139,0.4444444444444444,0.4444444444444444,0 3 4 5 6 7,H00 H02 H11 H20 H03 H12,3 4 5 6 7,H02 H11 H20 H03 H12
random,0,17,5,5,6,5,0.5555555555555556,0.5555555555555556,0.5555555555555556,0.001721843145787716,0.9016896860716105,0.8594885926203043,0.9982781568542123,0.9016896860716105,0.4444444444444444,0.4444444444444444,0 1 5 6 8 9,H00 H01 H20 H03 H21 H30,1 5 6 8 9,H01 H20 H03 H21 H30
random,0,18,5,5,6,5,0.5555555555555556,0.5555555555555556,0.5555555555555556,0.0015075160190463066,0.9123996216870233,0.8736049095739984,0.9984924839809537,0.9123996216870233,0.4444444444444444,0.4444444444444444,0 1 2 6 7 9,H00 H01 H10 H03 H12 H30,1 2 6 7 9,H01 H10 H03 H12 H30
random,0,19,5,5,6,5,0.5555555555555556,0.5555555555555556,0.5555555555555556,0.0009736286010593176,0.9448364664945534,0.9246672729573978,0.9990263713989407,0.9448364664945534,0.4444444444444444,0.4444444444444444,0 4 5 7 8 9,H00 H11 H20 H12 H21 H30,4 5 7 8 9,H11 H20 H12 H21 H30
random,0,0,6,6,7,6,0.6666666666666666,0.6666666666666666,0.6666666666666666,0.0010955414036288857,0.9346871407753505,0.9115589234574204,0.9989044585963711,0.9346871407753505,0.33333333333333337,0.33333333333333337,0 1 2 3 4 6 9,H00 H01 H10 H02 H11 H03 H30,1 2 3 4 6 9,H01 H10 H02 H11 H03 H30
random,0,1,6,6,7,6,0.6666666666666666,0.6666666666666666,0.6666666666666666,0.0014249950181692839,0.9207494642217859,0.8899221144932604,0.9985750049818307,0.9207494642217859,0.33333333333333337,0.33333333333333337,0 1 2 6 7 8 9,H00 H01 H10 H03 H12 H21 H30,1 2 6 7 8 9,H01 H10 H03 H12 H21 H30
random,0,2,6,6,7,6,0.6666666666666666,0.6666666666666666,0.6666666666666666,0.00090658018598333,0.9486358330699125,0.9293702742561394,0.9990934198140167,0.9486358330699125,0.33333333333333337,0.33333333333333337,0 2 3 4 6 8 9,H00 H10 H02 H11 H03 H21 H30,2 3 4 6 8 9,H10 H02 H11 H03 H21 H30
random,0,3,6,6,7,6,0.6666666666666666,0.6666666666666666,0.6666666666666666,0.0008050397736951709,0.9514972040790723,0.9402838619266031,0.9991949602263048,0.9514972040790723,0.33333333333333337,0.33333333333333337,0 1 2 3 4 5 7,H00 H01 H10 H02 H11 H20 H12,1 2 3 4 5 7,H01 H10 H02 H11 H20 H12
random,0,4,6,6,7,6,0.6666666666666666,0.6666666666666666,0.6666666666666666,0.0010322164744138718,0.9371847517070816,0.9319827213117675,0.9989677835255861,0.9371847517070816,0.33333333333333337,0.33333333333333337,0 1 3 5 7 8 9,H00 H01 H02 H20 H12 H21 H30,1 3 5 7 8 9,H01 H02 H20 H12 H21 H30
random,0,5,6,6,7,6,0.6666666666666666,0.6666666666666666,0.6666666666666666,0.0008884683484211564,0.9481267432253653,0.9345047876935048,0.9991115316515788,0.9481267432253653,0.33333333333333337,0.33333333333333337,0 2 4 5 6 7 8,H00 H10 H11 H20 H03 H12 H21,2 4 5 6 7 8,H10 H11 H20 H03 H12 H21
random,0,6,6,6,7,6,0.6666666666666666,0.6666666666666666,0.6666666666666666,0.001187790185213089,0.9316423522058197,0.9137497052203106,0.9988122098147869,0.9316423522058197,0.33333333333333337,0.33333333333333337,0 1 2 3 7 8 9,H00 H01 H10 H02 H12 H21 H30,1 2 3 7 8 9,H01 H10 H02 H12 H21 H30
random,0,7,6,6,7,6,0.6666666666666666,0.6666666666666666,0.6666666666666666,0.0007931571453809738,0.9530855456232032,0.9419998722761758,0.999206842854619,0.9530855456232032,0.33333333333333337,0.33333333333333337,0 1 2 3 4 5 9,H00 H01 H10 H02 H11 H20 H30,1 2 3 4 5 9,H01 H10 H02 H11 H20 H30
random,0,8,6,6,7,6,0.6666666666666666,0.6666666666666666,0.6666666666666666,0.0010871749836951494,0.9368243659364766,0.9306680819657454,0.9989128250163049,0.9368243659364766,0.33333333333333337,0.33333333333333337,0 2 3 5 7 8 9,H00 H10 H02 H20 H12 H21 H30,2 3 5 7 8 9,H10 H02 H20 H12 H21 H30
random,0,9,6,6,7,6,0.6666666666666666,0.6666666666666666,0.6666666666666666,0.0007415884756483138,0.9564065489204828,0.945879610394423,0.9992584115243517,0.9564065489204828,0.33333333333333337,0.33333333333333337,0 3 4 5 6 8 9,H00 H02 H11 H20 H03 H21 H30,3 4 5 6 8 9,H02 H11 H20 H03 H21 H30
random,0,10,6,6,7,6,0.6666666666666666,0.6666666666666666,0.6666666666666666,0.0007934760069474578,0.9523353879467343,0.9463764599199935,0.9992065239930525,0.9523353879467343,0.33333333333333337,0.33333333333333337,0 1 3 4 5 6 8,H00 H01 H02 H11 H20 H03 H21,1 3 4 5 6 8,H01 H02 H11 H20 H03 H21
random,0,11,6,6,7,6,0.6666666666666666,0.6666666666666666,0.6666666666666666,0.0011856104247272015,0.9311360343670589,0.9119032177247152,0.9988143895752728,0.9311360343670589,0.33333333333333337,0.33333333333333337,0 1 2 3 6 7 8,H00 H01 H10 H02 H03 H12 H21,1 2 3 6 7 8,H01 H10 H02 H03 H12 H21
random,0,12,6,6,7,6,0.6666666666666666,0.6666666666666666,0.6666666666666666,0.0011465189745649695,0.9388298906217574,0.9094317344670948,0.998853481025435,0.9388298906217574,0.33333333333333337,0.33333333333333337,0 2 4 6 7 8 9,H00 H10 H11 H03 H12 H21 H30,2 4 6 7 8 9,H10 H11 H03 H12 H21 H30
random,0,13,6,6,7,6,0.6666666666666666,0.6666666666666666,0.6666666666666666,0.0012863751035183668,0.9281434255356454,0.8920237080255676,0.9987136248964816,0.9281434255356454,0.33333333333333337,0.33333333333333337,0 1 2 4 6 7 9,H00 H01 H10 H11 H03 H12 H30,1 2 4 6 7 9,H01 H10 H11 H03 H12 H30
random,0,14,6,6,7,6,0.6666666666666666,0.6666666666666666,0.6666666666666666,0.000742163450922817,0.9560839606274039,0.9460793234927759,0.9992578365490772,0.9560839606274039,0.33333333333333337,0.33333333333333337,0 2 3 4 5 6 9,H00 H10 H02 H11 H20 H03 H30,2 3 4 5 6 9,H10 H02 H11 H20 H03 H30
random,0,15,6,6,7,6,0.6666666666666666,0.6666666666666666,0.6666666666666666,0.0010157099459320307,0.9390700328895794,0.9295999841419889,0.998984290054068,0.9390700328895794,0.33333333333333337,0.33333333333333337,0 1 2 3 5 6 7,H00 H01 H10 H02 H20 H03 H12,1 2 3 5 6 7,H01 H10 H02 H20 H03 H12
random,0,16,6,6,7,6,0.6666666666666666,0.6666666666666666,0.6666666666666666,0.000809179968200624,0.9519882303320412,0.9395873186425172,0.9991908200317994,0.9519882303320412,0.33333333333333337,0.33333333333333337,0 1 2 3 4 5 8,H00 H01 H10 H02 H11 H20 H21,1 2 3 4 5 8,H01 H10 H02 H11 H20 H21
random,0,17,6,6,7,6,0.6666666666666666,0.6666666666666666,0.6666666666666666,0.0010917747858911753,0.935582297469858,0.913590437140411,0.9989082252141088,0.935582297469858,0.33333333333333337,0.33333333333333337,0 1 3 4 6 7 9,H00 H01 H02 H11 H03 H12 H30,1 3 4 6 7 9,H01 H02 H11 H03 H12 H30
random,0,18,6,6,7,6,0.6666666666666666,0.6666666666666666,0.6666666666666666,0.0010157099459320307,0.9390700328895794,0.9295999841419889,0.998984290054068,0.9390700328895794,0.33333333333333337,0.33333333333333337,0 1 2 3 5 6 7,H00 H01 H10 H02 H20 H03 H12,1 2 3 5 6 7,H01 H10 H02 H20 H03 H12
random,0,19,6,6,7,6,0.6666666666666666,0.6666666666666666,0.6666666666666666,0.0008900203974917531,0.9484741704784307,0.9342986995608626,0.9991099796025082,0.9484741704784307,0.33333333333333337,0.33333333333333337,0 1 2 4 5 6 7,H00 H01 H10 H11 H20 H03 H12,1 2 4 5 6 7,H01 H10 H11 H20 H03 H12
random,0,0,7,7,8,7,0.7777777777777778,0.7777777777777778,0.7777777777777778,0.0009041937883011997,0.9487790012827384,0.9302089073306365,0.9990958062116988,0.9487790012827384,0.2222222222222222,0.2222222222222222,0 2 3 4 6 7 8 9,H00 H10 H02 H11 H03 H12 H21 H30,2 3 4 6 7 8 9,H10 H02 H11 H03 H12 H21 H30
random,0,1,7,7,8,7,0.7777777777777778,0.7777777777777778,0.7777777777777778,0.0011459211818873882,0.9388349417167384,0.9088081059119838,0.9988540788181126,0.9388349417167384,0.2222222222222222,0.2222222222222222,0 1 2 4 6 7 8 9,H00 H01 H10 H11 H03 H12 H21 H30,1 2 4 6 7 8 9,H01 H10 H11 H03 H12 H21 H30
random,0,2,7,7,8,7,0.7777777777777778,0.7777777777777778,0.7777777777777778,0.0007319559808820486,0.956061987775543,0.9483312200550296,0.999268044019118,0.956061987775543,0.2222222222222222,0.2222222222222222,0 1 2 3 4 5 6 9,H00 H01 H10 H02 H11 H20 H03 H30,1 2 3 4 5 6 9,H01 H10 H02 H11 H20 H03 H30
random,0,3,7,7,8,7,0.7777777777777778,0.7777777777777778,0.7777777777777778,0.0011459211818873882,0.9388349417167384,0.9088081059119838,0.9988540788181126,0.9388349417167384,0.2222222222222222,0.2222222222222222,0 1 2 4 6 7 8 9,H00 H01 H10 H11 H03 H12 H21 H30,1 2 4 6 7 8 9,H01 H10 H11 H03 H12 H21 H30
random,0,4,7,7,8,7,0.7777777777777778,0.7777777777777778,0.7777777777777778,0.0010106845293194056,0.9396532461064891,0.9309073634484901,0.9989893154706806,0.9396532461064891,0.2222222222222222,0.2222222222222222,0 1 2 3 5 6 7 9,H00 H01 H10 H02 H20 H03 H12 H30,1 2 3 5 6 7 9,H01 H10 H02 H20 H03 H12 H30
random,0,5,7,7,8,7,0.7777777777777778,0.7777777777777778,0.7777777777777778,0.0007319559808820486,0.956061987775543,0.9483312200550296,0.999268044019118,0.956061987775543,0.2222222222222222,0.2222222222222222,0 1 2 3 4 5 6 9,H00 H01 H10 H02 H11 H20 H03 H30,1 2 3 4 5 6 9,H01 H10 H02 H11 H20 H03 H30
random,0,6,7,7,8,7,0.7777777777777778,0.7777777777777778,0.7777777777777778,0.0010454939911141992,0.9381223776146291,0.9329040357518842,0.9989545060088858,0.9381223776146291,0.2222222222222222,0.2222222222222222,0 2 3 5 6 7 8 9,H00 H10 H02 H20 H03 H12 H21 H30,2 3 5 6 7 8 9,H10 H02 H20 H03 H12 H21 H30
random,0,7,7,7,8,7,0.7777777777777778,0.7777777777777778,0.7777777777777778,0.0009041937883011997,0.9487790012827384,0.9302089073306365,0.9990958062116988,0.9487790012827384,0.2222222222222222,0.2222222222222222,0 2 3 4 6 7 8 9,H00 H10 H02 H11 H03 H12 H21 H30,2 3 4 6 7 8 9,H10 H02 H11 H03 H12 H21 H30
random,0,8,7,7,8,7,0.7777777777777778,0.7777777777777778,0.7777777777777778,0.0007291272049769759,0.9569724740972133,0.9473815555928101,0.999270872795023,0.9569724740972133,0.2222222222222222,0.2222222222222222,0 3 4 5 6 7 8 9,H00 H02 H11 H20 H03 H12 H21 H30,3 4 5 6 7 8 9,H02 H11 H20 H03 H12 H21 H30
random,0,9,7,7,8,7,0.7777777777777778,0.7777777777777778,0.7777777777777778,0.000765220436733216,0.9540852293035504,0.9449680545626256,0.9992347795632668,0.9540852293035504,0.2222222222222222,0.2222222222222222,0 1 2 3 4 5 6 8,H00 H01 H10 H02 H11 H20 H03 H21,1 2 3 4 5 6 8,H01 H10 H02 H11 H20 H03 H21
random,0,10,7,7,8,7,0.7777777777777778,0.7777777777777778,0.7777777777777778,0.0010184115963056684,0.9391467042541958,0.9295845447500252,0.9989815884036943,0.9391467042541958,0.2222222222222222,0.2222222222222222,0 1 2 3 5 7 8 9,H00 H01 H10 H02 H20 H12 H21 H30,1 2 3 5 7 8 9,H01 H10 H02 H20 H12 H21 H30
random,0,11,7,7,8,7,0.7777777777777778,0.7777777777777778,0.7777777777777778,0.0007232133066281676,0.956970638419445,0.9489139004282037,0.9992767866933718,0.956970638419445,0.2222222222222222,0.2222222222222222,0 2 3 4 5 6 7 9,H00 H10 H02 H11 H20 H03 H12 H30,2 3 4 5 6 7 9,H10 H02 H11 H20 H03 H12 H30
random,0,12,7,7,8,7,0.7777777777777778,0.7777777777777778,0.7777777777777778,0.0010294571984559298,0.939235697567959,0.9260782637496712,0.9989705428015441,0.939235697567959,0.2222222222222222,0.2222222222222222,0 1 2 3 5 6 8 9,H00 H01 H10 H02 H20 H03 H21 H30,1 2 3 5 6 8 9,H01 H10 H02 H20 H03 H21 H30
random,0,13,7,7,8,7,0.7777777777777778,0.7777777777777778,0.7777777777777778,0.0008891422767192125,0.9486754947163687,0.9346204859651153,0.9991108577232808,0.9486754947163687,0.2222222222222222,0.2222222222222222,0 1 2 4 5 6 7 9,H00 H01 H10 H11 H20 H03 H12 H30,1 2 4 5 6 7 9,H01 H10 H11 H20 H03 H12 H30
random,0,14,7,7,8,7,0.7777777777777778,0.7777777777777778,0.7777777777777778,0.0007677334360778332,0.9552087039464152,0.9448905643609192,0.9992322665639222,0.9552087039464152,0.2222222222222222,0.2222222222222222,0 1 2 3 4 5 8 9,H00 H01 H10 H02 H11 H20 H21 H30,1 2 3 4 5 8 9,H01 H10 H02 H11 H20 H21 H30
random,0,15,7,7,8,7,0.7777777777777778,0.7777777777777778,0.7777777777777778,0.0008944385917857289,0.9490490908359092,0.9325657225102673,0.9991055614082143,0.9490490908359092,0.2222222222222222,0.2222222222222222,0 1 2 3 4 7 8 9,H00 H01 H10 H02 H11 H12 H21 H30,1 2 3 4 7 8 9,H01 H10 H02 H11 H12 H21 H30
random,0,16,7,7,8,7,0.7777777777777778,0.7777777777777778,0.7777777777777778,0.0008891422767192125,0.9486754947163687,0.9346204859651153,0.9991108577232808,0.9486754947163687,0.2222222222222222,0.2222222222222222,0 1 2 4 5 6 7 9,H00 H01 H10 H11 H20 H03 H12 H30,1 2 4 5 6 7 9,H01 H10 H11 H20 H03 H12 H30
random,0,17,7,7,8,7,0.7777777777777778,0.7777777777777778,0.7777777777777778,0.0009396051755174994,0.9457918458865173,0.9270448854069209,0.9990603948244825,0.9457918458865173,0.2222222222222222,0.2222222222222222,0 1 2 4 5 7 8 9,H00 H01 H10 H11 H20 H12 H21 H30,1 2 4 5 7 8 9,H01 H10 H11 H20 H12 H21 H30
random,0,18,7,7,8,7,0.7777777777777778,0.7777777777777778,0.7777777777777778,0.0010454939911141992,0.9381223776146291,0.9329040357518842,0.9989545060088858,0.9381223776146291,0.2222222222222222,0.2222222222222222,0 2 3 5 6 7 8 9,H00 H10 H02 H20 H03 H12 H21 H30,2 3 5 6 7 8 9,H10 H02 H20 H03 H12 H21 H30
random,0,19,7,7,8,7,0.7777777777777778,0.7777777777777778,0.7777777777777778,0.0007411900442093611,0.9563865998979131,0.9461423889193216,0.9992588099557906,0.9563865998979131,0.2222222222222222,0.2222222222222222,0 2 3 4 5 6 8 9,H00 H10 H02 H11 H20 H03 H21 H30,2 3 4 5 6 8 9,H10 H02 H11 H20 H03 H21 H30
random,0,0,8,8,9,8,0.8888888888888888,0.8888888888888888,0.8888888888888888,0.0007248984766192734,0.9569195118620903,0.9493666786989295,0.9992751015233807,0.9569195118620903,0.11111111111111116,0.11111111111111116,0 1 2 3 4 5 6 8 9,H00 H01 H10 H02 H11 H20 H03 H21 H30,1 2 3 4 5 6 8 9,H01 H10 H02 H11 H20 H03 H21 H30
random,0,1,8,8,9,8,0.8888888888888888,0.8888888888888888,0.8888888888888888,0.0008872197358869016,0.9483664535455556,0.9344484518390359,0.9991127802641131,0.9483664535455556,0.11111111111111116,0.11111111111111116,0 1 2 4 5 6 7 8 9,H00 H01 H10 H11 H20 H03 H12 H21 H30,1 2 4 5 6 7 8 9,H01 H10 H11 H20 H03 H12 H21 H30
random,0,2,8,8,9,8,0.8888888888888888,0.8888888888888888,0.8888888888888888,0.0008872197358869016,0.9483664535455556,0.9344484518390359,0.9991127802641131,0.9483664535455556,0.11111111111111116,0.11111111111111116,0 1 2 4 5 6 7 8 9,H00 H01 H10 H11 H20 H03 H12 H21 H30,1 2 4 5 6 7 8 9,H01 H10 H11 H20 H03 H12 H21 H30
random,0,3,8,8,9,8,0.8888888888888888,0.8888888888888888,0.8888888888888888,0.0010105051333084702,0.9395112209775076,0.9306695410177361,0.9989894948666915,0.9395112209775076,0.11111111111111116,0.11111111111111116,0 1 2 3 5 6 7 8 9,H00 H01 H10 H02 H20 H03 H12 H21 H30,1 2 3 5 6 7 8 9,H01 H10 H02 H20 H03 H12 H21 H30
random,0,4,8,8,9,8,0.8888888888888888,0.8888888888888888,0.8888888888888888,0.0008896569488570094,0.9491800227148213,0.9336268168698993,0.999110343051143,0.9491800227148213,0.11111111111111116,0.11111111111111116,0 1 2 3 4 6 7 8 9,H00 H01 H10 H02 H11 H03 H12 H21 H30,1 2 3 4 6 7 8 9,H01 H10 H02 H11 H03 H12 H21 H30
random,0,5,8,8,9,8,0.8888888888888888,0.8888888888888888,0.8888888888888888,0.0008896569488570094,0.9491800227148213,0.9336268168698993,0.999110343051143,0.9491800227148213,0.11111111111111116,0.11111111111111116,0 1 2 3 4 6 7 8 9,H00 H01 H10 H02 H11 H03 H12 H21 H30,1 2 3 4 6 7 8 9,H01 H10 H02 H11 H03 H12 H21 H30
random,0,6,8,8,9,8,0.8888888888888888,0.8888888888888888,0.8888888888888888,0.0008896569488570094,0.9491800227148213,0.9336268168698993,0.999110343051143,0.9491800227148213,0.11111111111111116,0.11111111111111116,0 1 2 3 4 6 7 8 9,H00 H01 H10 H02 H11 H03 H12 H21 H30,1 2 3 4 6 7 8 9,H01 H10 H02 H11 H03 H12 H21 H30
random,0,7,8,8,9,8,0.8888888888888888,0.8888888888888888,0.8888888888888888,0.000723161967471242,0.9570350702962751,0.9489171334416447,0.9992768380325288,0.9570350702962751,0.11111111111111116,0.11111111111111116,0 2 3 4 5 6 7 8 9,H00 H10 H02 H11 H20 H03 H12 H21 H30,2 3 4 5 6 7 8 9,H10 H02 H11 H20 H03 H12 H21 H30
random,0,8,8,8,9,8,0.8888888888888888,0.8888888888888888,0.8888888888888888,0.000723161967471242,0.9570350702962751,0.9489171334416447,0.9992768380325288,0.9570350702962751,0.11111111111111116,0.11111111111111116,0 2 3 4 5 6 7 8 9,H00 H10 H02 H11 H20 H03 H12 H21 H30,2 3 4 5 6 7 8 9,H10 H02 H11 H20 H03 H12 H21 H30
random,0,9,8,8,9,8,0.8888888888888888,0.8888888888888888,0.8888888888888888,0.0007248984766192734,0.9569195118620903,0.9493666786989295,0.9992751015233807,0.9569195118620903,0.11111111111111116,0.11111111111111116,0 1 2 3 4 5 6 8 9,H00 H01 H10 H02 H11 H20 H03 H21 H30,1 2 3 4 5 6 8 9,H01 H10 H02 H11 H20 H03 H21 H30
random,0,10,8,8,9,8,0.8888888888888888,0.8888888888888888,0.8888888888888888,0.0008896569488570094,0.9491800227148213,0.9336268168698993,0.999110343051143,0.9491800227148213,0.11111111111111116,0.11111111111111116,0 1 2 3 4 6 7 8 9,H00 H01 H10 H02 H11 H03 H12 H21 H30,1 2 3 4 6 7 8 9,H01 H10 H02 H11 H03 H12 H21 H30
random,0,11,8,8,9,8,0.8888888888888888,0.8888888888888888,0.8888888888888888,0.0007394475396722555,0.9553292341592338,0.9481323964674376,0.9992605524603277,0.9553292341592338,0.11111111111111116,0.11111111111111116,0 1 2 3 4 5 6 7 8,H00 H01 H10 H02 H11 H20 H03 H12 H21,1 2 3 4 5 6 7 8,H01 H10 H02 H11 H20 H03 H12 H21
random,0,12,8,8,9,8,0.8888888888888888,0.8888888888888888,0.8888888888888888,0.0007248984766192734,0.9569195118620903,0.9493666786989295,0.9992751015233807,0.9569195118620903,0.11111111111111116,0.11111111111111116,0 1 2 3 4 5 6 8 9,H00 H01 H10 H02 H11 H20 H03 H21 H30,1 2 3 4 5 6 8 9,H01 H10 H02 H11 H20 H03 H21 H30
random,0,13,8,8,9,8,0.8888888888888888,0.8888888888888888,0.8888888888888888,0.0008872197358869016,0.9483664535455556,0.9344484518390359,0.9991127802641131,0.9483664535455556,0.11111111111111116,0.11111111111111116,0 1 2 4 5 6 7 8 9,H00 H01 H10 H11 H20 H03 H12 H21 H30,1 2 4 5 6 7 8 9,H01 H10 H11 H20 H03 H12 H21 H30
random,0,14,8,8,9,8,0.8888888888888888,0.8888888888888888,0.8888888888888888,0.000723161967471242,0.9570350702962751,0.9489171334416447,0.9992768380325288,0.9570350702962751,0.11111111111111116,0.11111111111111116,0 2 3 4 5 6 7 8 9,H00 H10 H02 H11 H20 H03 H12 H21 H30,2 3 4 5 6 7 8 9,H10 H02 H11 H20 H03 H12 H21 H30
random,0,15,8,8,9,8,0.8888888888888888,0.8888888888888888,0.8888888888888888,0.0007604938000440598,0.9554079745173029,0.9461769077787012,0.9992395061999559,0.9554079745173029,0.11111111111111116,0.11111111111111116,0 1 2 3 4 5 7 8 9,H00 H01 H10 H02 H11 H20 H12 H21 H30,1 2 3 4 5 7 8 9,H01 H10 H02 H11 H20 H12 H21 H30
random,0,16,8,8,9,8,0.8888888888888888,0.8888888888888888,0.8888888888888888,0.0007248984766192734,0.9569195118620903,0.9493666786989295,0.9992751015233807,0.9569195118620903,0.11111111111111116,0.11111111111111116,0 1 2 3 4 5 6 8 9,H00 H01 H10 H02 H11 H20 H03 H21 H30,1 2 3 4 5 6 8 9,H01 H10 H02 H11 H20 H03 H21 H30
random,0,17,8,8,9,8,0.8888888888888888,0.8888888888888888,0.8888888888888888,0.0007248984766192734,0.9569195118620903,0.9493666786989295,0.9992751015233807,0.9569195118620903,0.11111111111111116,0.11111111111111116,0 1 2 3 4 5 6 8 9,H00 H01 H10 H02 H11 H20 H03 H21 H30,1 2 3 4 5 6 8 9,H01 H10 H02 H11 H20 H03 H21 H30
random,0,18,8,8,9,8,0.8888888888888888,0.8888888888888888,0.8888888888888888,0.0007248984766192734,0.9569195118620903,0.9493666786989295,0.9992751015233807,0.9569195118620903,0.11111111111111116,0.11111111111111116,0 1 2 3 4 5 6 8 9,H00 H01 H10 H02 H11 H20 H03 H21 H30,1 2 3 4 5 6 8 9,H01 H10 H02 H11 H20 H03 H21 H30
random,0,19,8,8,9,8,0.8888888888888888,0.8888888888888888,0.8888888888888888,0.0007154203485697508,0.9568624963516571,0.9506704592788846,0.9992845796514302,0.9568624963516571,0.11111111111111116,0.11111111111111116,0 1 2 3 4 5 6 7 9,H00 H01 H10 H02 H11 H20 H03 H12 H30,1 2 3 4 5 6 7 9,H01 H10 H02 H11 H20 H03 H12 H30
random,0,0,9,9,10,9,1.0,1.0,1.0,0.0007124497788026929,0.9573533797058565,0.9512083019317589,0.9992875502211973,0.9573533797058565,0.0,0.0,0 1 2 3 4 5 6 7 8 9,H00 H01 H10 H02 H11 H20 H03 H12 H21 H30,1 2 3 4 5 6 7 8 9,H01 H10 H02 H11 H20 H03 H12 H21 H30
random,0,1,9,9,10,9,1.0,1.0,1.0,0.0007124497788026929,0.9573533797058565,0.9512083019317589,0.9992875502211973,0.9573533797058565,0.0,0.0,0 1 2 3 4 5 6 7 8 9,H00 H01 H10 H02 H11 H20 H03 H12 H21 H30,1 2 3 4 5 6 7 8 9,H01 H10 H02 H11 H20 H03 H12 H21 H30
random,0,2,9,9,10,9,1.0,1.0,1.0,0.0007124497788026929,0.9573533797058565,0.9512083019317589,0.9992875502211973,0.9573533797058565,0.0,0.0,0 1 2 3 4 5 6 7 8 9,H00 H01 H10 H02 H11 H20 H03 H12 H21 H30,1 2 3 4 5 6 7 8 9,H01 H10 H02 H11 H20 H03 H12 H21 H30
random,0,3,9,9,10,9,1.0,1.0,1.0,0.0007124497788026929,0.9573533797058565,0.9512083019317589,0.9992875502211973,0.9573533797058565,0.0,0.0,0 1 2 3 4 5 6 7 8 9,H00 H01 H10 H02 H11 H20 H03 H12 H21 H30,1 2 3 4 5 6 7 8 9,H01 H10 H02 H11 H20 H03 H12 H21 H30
random,0,4,9,9,10,9,1.0,1.0,1.0,0.0007124497788026929,0.9573533797058565,0.9512083019317589,0.9992875502211973,0.9573533797058565,0.0,0.0,0 1 2 3 4 5 6 7 8 9,H00 H01 H10 H02 H11 H20 H03 H12 H21 H30,1 2 3 4 5 6 7 8 9,H01 H10 H02 H11 H20 H03 H12 H21 H30
random,0,5,9,9,10,9,1.0,1.0,1.0,0.0007124497788026929,0.9573533797058565,0.9512083019317589,0.9992875502211973,0.9573533797058565,0.0,0.0,0 1 2 3 4 5 6 7 8 9,H00 H01 H10 H02 H11 H20 H03 H12 H21 H30,1 2 3 4 5 6 7 8 9,H01 H10 H02 H11 H20 H03 H12 H21 H30
random,0,6,9,9,10,9,1.0,1.0,1.0,0.0007124497788026929,0.9573533797058565,0.9512083019317589,0.9992875502211973,0.9573533797058565,0.0,0.0,0 1 2 3 4 5 6 7 8 9,H00 H01 H10 H02 H11 H20 H03 H12 H21 H30,1 2 3 4 5 6 7 8 9,H01 H10 H02 H11 H20 H03 H12 H21 H30
random,0,7,9,9,10,9,1.0,1.0,1.0,0.0007124497788026929,0.9573533797058565,0.9512083019317589,0.9992875502211973,0.9573533797058565,0.0,0.0,0 1 2 3 4 5 6 7 8 9,H00 H01 H10 H02 H11 H20 H03 H12 H21 H30,1 2 3 4 5 6 7 8 9,H01 H10 H02 H11 H20 H03 H12 H21 H30
random,0,8,9,9,10,9,1.0,1.0,1.0,0.0007124497788026929,0.9573533797058565,0.9512083019317589,0.9992875502211973,0.9573533797058565,0.0,0.0,0 1 2 3 4 5 6 7 8 9,H00 H01 H10 H02 H11 H20 H03 H12 H21 H30,1 2 3 4 5 6 7 8 9,H01 H10 H02 H11 H20 H03 H12 H21 H30
random,0,9,9,9,10,9,1.0,1.0,1.0,0.0007124497788026929,0.9573533797058565,0.9512083019317589,0.9992875502211973,0.9573533797058565,0.0,0.0,0 1 2 3 4 5 6 7 8 9,H00 H01 H10 H02 H11 H20 H03 H12 H21 H30,1 2 3 4 5 6 7 8 9,H01 H10 H02 H11 H20 H03 H12 H21 H30
random,0,10,9,9,10,9,1.0,1.0,1.0,0.0007124497788026929,0.9573533797058565,0.9512083019317589,0.9992875502211973,0.9573533797058565,0.0,0.0,0 1 2 3 4 5 6 7 8 9,H00 H01 H10 H02 H11 H20 H03 H12 H21 H30,1 2 3 4 5 6 7 8 9,H01 H10 H02 H11 H20 H03 H12 H21 H30
random,0,11,9,9,10,9,1.0,1.0,1.0,0.0007124497788026929,0.9573533797058565,0.9512083019317589,0.9992875502211973,0.9573533797058565,0.0,0.0,0 1 2 3 4 5 6 7 8 9,H00 H01 H10 H02 H11 H20 H03 H12 H21 H30,1 2 3 4 5 6 7 8 9,H01 H10 H02 H11 H20 H03 H12 H21 H30
random,0,12,9,9,10,9,1.0,1.0,1.0,0.0007124497788026929,0.9573533797058565,0.9512083019317589,0.9992875502211973,0.9573533797058565,0.0,0.0,0 1 2 3 4 5 6 7 8 9,H00 H01 H10 H02 H11 H20 H03 H12 H21 H30,1 2 3 4 5 6 7 8 9,H01 H10 H02 H11 H20 H03 H12 H21 H30
random,0,13,9,9,10,9,1.0,1.0,1.0,0.0007124497788026929,0.9573533797058565,0.9512083019317589,0.9992875502211973,0.9573533797058565,0.0,0.0,0 1 2 3 4 5 6 7 8 9,H00 H01 H10 H02 H11 H20 H03 H12 H21 H30,1 2 3 4 5 6 7 8 9,H01 H10 H02 H11 H20 H03 H12 H21 H30
random,0,14,9,9,10,9,1.0,1.0,1.0,0.0007124497788026929,0.9573533797058565,0.9512083019317589,0.9992875502211973,0.9573533797058565,0.0,0.0,0 1 2 3 4 5 6 7 8 9,H00 H01 H10 H02 H11 H20 H03 H12 H21 H30,1 2 3 4 5 6 7 8 9,H01 H10 H02 H11 H20 H03 H12 H21 H30
random,0,15,9,9,10,9,1.0,1.0,1.0,0.0007124497788026929,0.9573533797058565,0.9512083019317589,0.9992875502211973,0.9573533797058565,0.0,0.0,0 1 2 3 4 5 6 7 8 9,H00 H01 H10 H02 H11 H20 H03 H12 H21 H30,1 2 3 4 5 6 7 8 9,H01 H10 H02 H11 H20 H03 H12 H21 H30
random,0,16,9,9,10,9,1.0,1.0,1.0,0.0007124497788026929,0.9573533797058565,0.9512083019317589,0.9992875502211973,0.9573533797058565,0.0,0.0,0 1 2 3 4 5 6 7 8 9,H00 H01 H10 H02 H11 H20 H03 H12 H21 H30,1 2 3 4 5 6 7 8 9,H01 H10 H02 H11 H20 H03 H12 H21 H30
random,0,17,9,9,10,9,1.0,1.0,1.0,0.0007124497788026929,0.9573533797058565,0.9512083019317589,0.9992875502211973,0.9573533797058565,0.0,0.0,0 1 2 3 4 5 6 7 8 9,H00 H01 H10 H02 H11 H20 H03 H12 H21 H30,1 2 3 4 5 6 7 8 9,H01 H10 H02 H11 H20 H03 H12 H21 H30
random,0,18,9,9,10,9,1.0,1.0,1.0,0.0007124497788026929,0.9573533797058565,0.9512083019317589,0.9992875502211973,0.9573533797058565,0.0,0.0,0 1 2 3 4 5 6 7 8 9,H00 H01 H10 H02 H11 H20 H03 H12 H21 H30,1 2 3 4 5 6 7 8 9,H01 H10 H02 H11 H20 H03 H12 H21 H30
random,0,19,9,9,10,9,1.0,1.0,1.0,0.0007124497788026929,0.9573533797058565,0.9512083019317589,0.9992875502211973,0.9573533797058565,0.0,0.0,0 1 2 3 4 5 6 7 8 9,H00 H01 H10 H02 H11 H20 H03 H12 H21 H30,1 2 3 4 5 6 7 8 9,H01 H10 H02 H11 H20 H03 H12 H21 H30
random,1,0,1,1,2,1,0.1111111111111111,0.1111111111111111,0.1111111111111111,0.0018523121252655983,0.8031295358904335,0.811740844982704,0.9981476878747344,0.8031295358904335,0.8888888888888888,0.8888888888888888,0 9,H00 H30,9,H30
random,1,1,1,1,2,1,0.1111111111111111,0.1111111111111111,0.1111111111111111,0.0018176211742684245,0.8245031272684635,0.8512730533486946,0.9981823788257316,0.8245031272684635,0.8888888888888888,0.8888888888888888,0 8,H00 H21,8,H21
random,1,2,1,1,2,1,0.1111111111111111,0.1111111111111111,0.1111111111111111,0.0014749232213944197,0.8280714772969449,0.8812393093927572,0.9985250767786056,0.8280714772969449,0.8888888888888888,0.8888888888888888,0 5,H00 H20,5,H20
random,1,3,1,1,2,1,0.1111111111111111,0.1111111111111111,0.1111111111111111,0.00222460157237947,0.7963938657377096,0.7849879417449102,0.9977753984276205,0.7963938657377096,0.8888888888888888,0.8888888888888888,0 6,H00 H03,6,H03
random,1,4,1,1,2,1,0.1111111111111111,0.1111111111111111,0.1111111111111111,0.0015047318302094936,0.8414339700295157,0.8224375514178976,0.9984952681697905,0.8414339700295157,0.8888888888888888,0.8888888888888888,0 2,H00 H10,2,H10
random,1,5,1,1,2,1,0.1111111111111111,0.1111111111111111,0.1111111111111111,0.0015047318302094936,0.8414339700295157,0.8224375514178976,0.9984952681697905,0.8414339700295157,0.8888888888888888,0.8888888888888888,0 2,H00 H10,2,H10
random,1,6,1,1,2,1,0.1111111111111111,0.1111111111111111,0.1111111111111111,0.0018176211742684245,0.8245031272684635,0.8512730533486946,0.9981823788257316,0.8245031272684635,0.8888888888888888,0.8888888888888888,0 8,H00 H21,8,H21
random,1,7,1,1,2,1,0.1111111111111111,0.1111111111111111,0.1111111111111111,0.0015798253007233143,0.8434021819325321,0.8156463025269328,0.9984201746992767,0.8434021819325321,0.8888888888888888,0.8888888888888888,0 7,H00 H12,7,H12
random,1,8,1,1,2,1,0.1111111111111111,0.1111111111111111,0.1111111111111111,0.0014749232213944197,0.8280714772969449,0.8812393093927572,0.9985250767786056,0.8280714772969449,0.8888888888888888,0.8888888888888888,0 5,H00 H20,5,H20
random,1,9,1,1,2,1,0.1111111111111111,0.1111111111111111,0.1111111111111111,0.0015798253007233143,0.8434021819325321,0.8156463025269328,0.9984201746992767,0.8434021819325321,0.8888888888888888,0.8888888888888888,0 7,H00 H12,7,H12
random,1,10,1,1,2,1,0.1111111111111111,0.1111111111111111,0.1111111111111111,0.0015047318302094936,0.8414339700295157,0.8224375514178976,0.9984952681697905,0.8414339700295157,0.8888888888888888,0.8888888888888888,0 2,H00 H10,2,H10
random,1,11,1,1,2,1,0.1111111111111111,0.1111111111111111,0.1111111111111111,0.0021586900111287832,0.8058184616978631,0.782418185070466,0.9978413099888712,0.8058184616978631,0.8888888888888888,0.8888888888888888,0 1,H00 H01,1,H01
random,1,12,1,1,2,1,0.1111111111111111,0.1111111111111111,0.1111111111111111,0.0014749232213944197,0.8280714772969449,0.8812393093927572,0.9985250767786056,0.8280714772969449,0.8888888888888888,0.8888888888888888,0 5,H00 H20,5,H20
random,1,13,1,1,2,1,0.1111111111111111,0.1111111111111111,0.1111111111111111,0.0017911435570567846,0.8343427604093138,0.8336200956800563,0.9982088564429432,0.8343427604093138,0.8888888888888888,0.8888888888888888,0 4,H00 H11,4,H11
random,1,14,1,1,2,1,0.1111111111111111,0.1111111111111111,0.1111111111111111,0.001564524951390922,0.8433244675929424,0.8150286098948053,0.9984354750486091,0.8433244675929424,0.8888888888888888,0.8888888888888888,0 3,H00 H02,3,H02
random,1,15,1,1,2,1,0.1111111111111111,0.1111111111111111,0.1111111111111111,0.001564524951390922,0.8433244675929424,0.8150286098948053,0.9984354750486091,0.8433244675929424,0.8888888888888888,0.8888888888888888,0 3,H00 H02,3,H02
random,1,16,1,1,2,1,0.1111111111111111,0.1111111111111111,0.1111111111111111,0.001564524951390922,0.8433244675929424,0.8150286098948053,0.9984354750486091,0.8433244675929424,0.8888888888888888,0.8888888888888888,0 3,H00 H02,3,H02
random,1,17,1,1,2,1,0.1111111111111111,0.1111111111111111,0.1111111111111111,0.00222460157237947,0.7963938657377096,0.7849879417449102,0.9977753984276205,0.7963938657377096,0.8888888888888888,0.8888888888888888,0 6,H00 H03,6,H03
random,1,18,1,1,2,1,0.1111111111111111,0.1111111111111111,0.1111111111111111,0.0017911435570567846,0.8343427604093138,0.8336200956800563,0.9982088564429432,0.8343427604093138,0.8888888888888888,0.8888888888888888,0 4,H00 H11,4,H11
random,1,19,1,1,2,1,0.1111111111111111,0.1111111111111111,0.1111111111111111,0.00222460157237947,0.7963938657377096,0.7849879417449102,0.9977753984276205,0.7963938657377096,0.8888888888888888,0.8888888888888888,0 6,H00 H03,6,H03
random,1,0,2,2,3,2,0.2222222222222222,0.2222222222222222,0.2222222222222222,0.0013069851556792855,0.8671933919563447,0.8464763235884378,0.9986930148443207,0.8671933919563447,0.7777777777777778,0.7777777777777778,0 1 2,H00 H01 H10,1 2,H01 H10
random,1,1,2,2,3,2,0.2222222222222222,0.2222222222222222,0.2222222222222222,0.0015833360375836492,0.8571204468164942,0.8536511568174516,0.9984166639624164,0.8571204468164942,0.7777777777777778,0.7777777777777778,0 4 8,H00 H11 H21,4 8,H11 H21
random,1,2,2,2,3,2,0.2222222222222222,0.2222222222222222,0.2222222222222222,0.001627237186767161,0.8346354817300503,0.8386890624399655,0.9983727628132328,0.8346354817300503,0.7777777777777778,0.7777777777777778,0 1 9,H00 H01 H30,1 9,H01 H30
random,1,3,2,2,3,2,0.2222222222222222,0.2222222222222222,0.2222222222222222,0.0014224594924598932,0.8575981098595967,0.8462395669451527,0.9985775405075401,0.8575981098595967,0.7777777777777778,0.7777777777777778,0 3 9,H00 H02 H30,3 9,H02 H30
random,1,4,2,2,3,2,0.2222222222222222,0.2222222222222222,0.2222222222222222,0.001143113011494279,0.8809419622673574,0.8752342315487605,0.9988568869885057,0.8809419622673574,0.7777777777777778,0.7777777777777778,0 4 7,H00 H11 H12,4 7,H11 H12
random,1,5,2,2,3,2,0.2222222222222222,0.2222222222222222,0.2222222222222222,0.0015000858111307025,0.8442271819623911,0.8230701169935359,0.9984999141888693,0.8442271819623911,0.7777777777777778,0.7777777777777778,0 2 7,H00 H10 H12,2 7,H10 H12
random,1,6,2,2,3,2,0.2222222222222222,0.2222222222222222,0.2222222222222222,0.0010408248053863645,0.8878051275819292,0.8962246911554771,0.9989591751946136,0.8878051275819292,0.7777777777777778,0.7777777777777778,0 2 8,H00 H10 H21,2 8,H10 H21
random,1,7,2,2,3,2,0.2222222222222222,0.2222222222222222,0.2222222222222222,0.0013072562869638205,0.8498717609186093,0.9037257305853543,0.9986927437130362,0.8498717609186093,0.7777777777777778,0.7777777777777778,0 1 5,H00 H01 H20,1 5,H01 H20
random,1,8,2,2,3,2,0.2222222222222222,0.2222222222222222,0.2222222222222222,0.0014088700991123915,0.8547710768621544,0.8318982558704329,0.9985911299008876,0.8547710768621544,0.7777777777777778,0.7777777777777778,0 2 3,H00 H10 H02,2 3,H10 H02
random,1,9,2,2,3,2,0.2222222222222222,0.2222222222222222,0.2222222222222222,0.0015694830799475312,0.8440799339697669,0.8231327877896408,0.9984305169200525,0.8440799339697669,0.7777777777777778,0.7777777777777778,0 7 9,H00 H12 H30,7 9,H12 H30
random,1,10,2,2,3,2,0.2222222222222222,0.2222222222222222,0.2222222222222222,0.0010432412382215261,0.8775147273339216,0.8936902142387783,0.9989567587617785,0.8775147273339216,0.7777777777777778,0.7777777777777778,0 2 5,H00 H10 H20,2 5,H10 H20
random,1,11,2,2,3,2,0.2222222222222222,0.2222222222222222,0.2222222222222222,0.0010432412382215261,0.8775147273339216,0.8936902142387783,0.9989567587617785,0.8775147273339216,0.7777777777777778,0.7777777777777778,0 2 5,H00 H10 H20,2 5,H10 H20
random,1,12,2,2,3,2,0.2222222222222222,0.2222222222222222,0.2222222222222222,0.0015045135514810681,0.8416578331286715,0.823454169115302,0.9984954864485189,0.8416578331286715,0.7777777777777778,0.7777777777777778,0 2 9,H00 H10 H30,2 9,H10 H30
random,1,13,2,2,3,2,0.2222222222222222,0.2222222222222222,0.2222222222222222,0.0013218604726716876,0.8586304916664692,0.8798555849064631,0.9986781395273283,0.8586304916664692,0.7777777777777778,0.7777777777777778,0 4 9,H00 H11 H30,4 9,H11 H30
random,1,14,2,2,3,2,0.2222222222222222,0.2222222222222222,0.2222222222222222,0.0013218604726716876,0.8586304916664692,0.8798555849064631,0.9986781395273283,0.8586304916664692,0.7777777777777778,0.7777777777777778,0 4 9,H00 H11 H30,4 9,H11 H30
random,1,15,2,2,3,2,0.2222222222222222,0.2222222222222222,0.2222222222222222,0.0015045135514810681,0.8416578331286715,0.823454169115302,0.9984954864485189,0.8416578331286715,0.7777777777777778,0.7777777777777778,0 2 9,H00 H10 H30,2 9,H10 H30
random,1,16,2,2,3,2,0.2222222222222222,0.2222222222222222,0.2222222222222222,0.0013069851556792855,0.8671933919563447,0.8464763235884378,0.9986930148443207,0.8671933919563447,0.7777777777777778,0.7777777777777778,0 1 2,H00 H01 H10,1 2,H01 H10
random,1,17,2,2,3,2,0.2222222222222222,0.2222222222222222,0.2222222222222222,0.001143113011494279,0.8809419622673574,0.8752342315487605,0.9988568869885057,0.8809419622673574,0.7777777777777778,0.7777777777777778,0 4 7,H00 H11 H12,4 7,H11 H12
random,1,18,2,2,3,2,0.2222222222222222,0.2222222222222222,0.2222222222222222,0.001688626129180193,0.8481980446243258,0.8381086900429472,0.9983113738708198,0.8481980446243258,0.7777777777777778,0.7777777777777778,0 4 6,H00 H11 H03,4 6,H11 H03
random,1,19,2,2,3,2,0.2222222222222222,0.2222222222222222,0.2222222222222222,0.0015045135514810681,0.8416578331286715,0.823454169115302,0.9984954864485189,0.8416578331286715,0.7777777777777778,0.7777777777777778,0 2 9,H00 H10 H30,2 9,H10 H30
random,1,0,3,3,4,3,0.3333333333333333,0.3333333333333333,0.3333333333333333,0.0007987199351191521,0.910815195719779,0.9326274427151672,0.9992012800648808,0.910815195719779,0.6666666666666667,0.6666666666666667,0 3 4 5,H00 H02 H11 H20,3 4 5,H02 H11 H20
random,1,1,3,3,4,3,0.3333333333333333,0.3333333333333333,0.3333333333333333,0.0007987199351191521,0.910815195719779,0.9326274427151672,0.9992012800648808,0.910815195719779,0.6666666666666667,0.6666666666666667,0 3 4 5,H00 H02 H11 H20,3 4 5,H02 H11 H20
random,1,2,3,3,4,3,0.3333333333333333,0.3333333333333333,0.3333333333333333,0.0008740735938772559,0.8999138725976882,0.9185862910007763,0.9991259264061227,0.8999138725976882,0.6666666666666667,0.6666666666666667,0 1 5 7,H00 H01 H20 H12,1 5 7,H01 H20 H12
random,1,3,3,3,4,3,0.3333333333333333,0.3333333333333333,0.3333333333333333,0.000919192039873451,0.8965495723819052,0.9157615256612716,0.9990808079601265,0.8965495723819052,0.6666666666666667,0.6666666666666667,0 3 5 6,H00 H02 H20 H03,3 5 6,H02 H20 H03
random,1,4,3,3,4,3,0.3333333333333333,0.3333333333333333,0.3333333333333333,0.0010584753472357988,0.8705284918938607,0.9074814064052783,0.9989415246527642,0.8705284918938607,0.6666666666666667,0.6666666666666667,0 1 5 9,H00 H01 H20 H30,1 5 9,H01 H20 H30
random,1,5,3,3,4,3,0.3333333333333333,0.3333333333333333,0.3333333333333333,0.0013297740370035172,0.8685897317505691,0.8432744217217795,0.9986702259629965,0.8685897317505691,0.6666666666666667,0.6666666666666667,0 3 6 7,H00 H02 H03 H12,3 6 7,H02 H03 H12
random,1,6,3,3,4,3,0.3333333333333333,0.3333333333333333,0.3333333333333333,0.0009054093388840556,0.8973758890781901,0.9181136905523763,0.9990945906611159,0.8973758890781901,0.6666666666666667,0.6666666666666667,0 1 3 5,H00 H01 H02 H20,1 3 5,H01 H02 H20
random,1,7,3,3,4,3,0.3333333333333333,0.3333333333333333,0.3333333333333333,0.001036769594065845,0.8847515049803555,0.8959096382147637,0.9989632304059342,0.8847515049803555,0.6666666666666667,0.6666666666666667,0 3 6 8,H00 H02 H03 H21,3 6 8,H02 H03 H21
random,1,8,3,3,4,3,0.3333333333333333,0.3333333333333333,0.3333333333333333,0.0010766936466097832,0.8848637534343105,0.8819456878401382,0.9989233063533902,0.8848637534343105,0.6666666666666667,0.6666666666666667,0 2 3 4,H00 H10 H02 H11,2 3 4,H10 H02 H11
random,1,9,3,3,4,3,0.3333333333333333,0.3333333333333333,0.3333333333333333,0.0009798186365514994,0.8971798984105749,0.8975731142188039,0.9990201813634485,0.8971798984105749,0.6666666666666667,0.6666666666666667,0 2 4 8,H00 H10 H11 H21,2 4 8,H10 H11 H21
random,1,10,3,3,4,3,0.3333333333333333,0.3333333333333333,0.3333333333333333,0.0010383304907009006,0.8698089536142123,0.9170754526825101,0.9989616695092991,0.8698089536142123,0.6666666666666667,0.6666666666666667,0 5 8 9,H00 H20 H21 H30,5 8 9,H20 H21 H30
random,1,11,3,3,4,3,0.3333333333333333,0.3333333333333333,0.3333333333333333,0.0010383304907009006,0.8698089536142123,0.9170754526825101,0.9989616695092991,0.8698089536142123,0.6666666666666667,0.6666666666666667,0 5 8 9,H00 H20 H21 H30,5 8 9,H20 H21 H30
random,1,12,3,3,4,3,0.3333333333333333,0.3333333333333333,0.3333333333333333,0.0010823628399521112,0.8863888359612007,0.8796552188944008,0.9989176371600479,0.8863888359612007,0.6666666666666667,0.6666666666666667,0 3 4 7,H00 H02 H11 H12,3 4 7,H02 H11 H12
random,1,13,3,3,4,3,0.3333333333333333,0.3333333333333333,0.3333333333333333,0.001305293058976531,0.8669648789640131,0.8460480110446683,0.9986947069410235,0.8669648789640131,0.6666666666666667,0.6666666666666667,0 1 2 6,H00 H01 H10 H03,1 2 6,H01 H10 H03
random,1,14,3,3,4,3,0.3333333333333333,0.3333333333333333,0.3333333333333333,0.0015832032077014446,0.8568951118998805,0.8537374427090503,0.9984167967922986,0.8568951118998805,0.6666666666666667,0.6666666666666667,0 1 4 8,H00 H01 H11 H21,1 4 8,H01 H11 H21
random,1,15,3,3,4,3,0.3333333333333333,0.3333333333333333,0.3333333333333333,0.0008553278748877347,0.8983885130438595,0.9272228619661831,0.9991446721251123,0.8983885130438595,0.6666666666666667,0.6666666666666667,0 5 7 8,H00 H20 H12 H21,5 7 8,H20 H12 H21
random,1,16,3,3,4,3,0.3333333333333333,0.3333333333333333,0.3333333333333333,0.0010812587570399046,0.8678628722832546,0.9045592563009014,0.9989187412429601,0.8678628722832546,0.6666666666666667,0.6666666666666667,0 5 6 9,H00 H20 H03 H30,5 6 9,H20 H03 H30
random,1,17,3,3,4,3,0.3333333333333333,0.3333333333333333,0.3333333333333333,0.0008553278748877347,0.8983885130438595,0.9272228619661831,0.9991446721251123,0.8983885130438595,0.6666666666666667,0.6666666666666667,0 5 7 8,H00 H20 H12 H21,5 7 8,H20 H12 H21
random,1,18,3,3,4,3,0.3333333333333333,0.3333333333333333,0.3333333333333333,0.0008917310042306781,0.8942257241034763,0.9193730218085946,0.9991082689957693,0.8942257241034763,0.6666666666666667,0.6666666666666667,0 2 5 8,H00 H10 H20 H21,2 5 8,H10 H20 H21
random,1,19,3,3,4,3,0.3333333333333333,0.3333333333333333,0.3333333333333333,0.0009459014981985092,0.9017608652996535,0.8994331801887496,0.9990540985018015,0.9017608652996535,0.6666666666666667,0.6666666666666667,0 4 7 8,H00 H11 H12 H21,4 7 8,H11 H12 H21
random,1,0,4,4,5,4,0.4444444444444444,0.4444444444444444,0.4444444444444444,0.0010910730343312025,0.885844603074575,0.8754026504714145,0.9989089269656688,0.885844603074575,0.5555555555555556,0.5555555555555556,0 1 3 4 6,H00 H01 H02 H11 H03,1 3 4 6,H01 H02 H11 H03
random,1,1,4,4,5,4,0.4444444444444444,0.4444444444444444,0.4444444444444444,0.0008739864570088685,0.8999021309079086,0.9188373176739826,0.9991260135429911,0.8999021309079086,0.5555555555555556,0.5555555555555556,0 1 2 5 7,H00 H01 H10 H20 H12,1 2 5 7,H01 H10 H20 H12
random,1,2,4,4,5,4,0.4444444444444444,0.4444444444444444,0.4444444444444444,0.0010798608418554068,0.8903022705799901,0.8781953740949361,0.9989201391581446,0.8903022705799901,0.5555555555555556,0.5555555555555556,0 1 4 6 7,H00 H01 H11 H03 H12,1 4 6 7,H01 H11 H03 H12
random,1,3,4,4,5,4,0.4444444444444444,0.4444444444444444,0.4444444444444444,0.0007527770940214396,0.9136354746418816,0.9322663278042824,0.9992472229059786,0.9136354746418816,0.5555555555555556,0.5555555555555556,0 4 5 6 7,H00 H11 H20 H03 H12,4 5 6 7,H11 H20 H03 H12
random,1,4,4,4,5,4,0.4444444444444444,0.4444444444444444,0.4444444444444444,0.000870353018399328,0.9018219087038114,0.9180699462312193,0.9991296469816007,0.9018219087038114,0.5555555555555556,0.5555555555555556,0 3 5 6 7,H00 H02 H20 H03 H12,3 5 6 7,H02 H20 H03 H12
random,1,5,4,4,5,4,0.4444444444444444,0.4444444444444444,0.4444444444444444,0.0009780335240066051,0.8977812572020271,0.8995087031347454,0.9990219664759934,0.8977812572020271,0.5555555555555556,0.5555555555555556,0 2 4 8 9,H00 H10 H11 H21 H30,2 4 8 9,H10 H11 H21 H30
random,1,6,4,4,5,4,0.4444444444444444,0.4444444444444444,0.4444444444444444,0.0010582563700154424,0.8706994583735002,0.9076124459757329,0.9989417436299846,0.8706994583735002,0.5555555555555556,0.5555555555555556,0 1 5 6 9,H00 H01 H20 H03 H30,1 5 6 9,H01 H20 H03 H30
random,1,7,4,4,5,4,0.4444444444444444,0.4444444444444444,0.4444444444444444,0.000765475444495678,0.9139342786706586,0.9336355781660803,0.9992345245555043,0.9139342786706586,0.5555555555555556,0.5555555555555556,0 3 4 5 6,H00 H02 H11 H20 H03,3 4 5 6,H02 H11 H20 H03
random,1,8,4,4,5,4,0.4444444444444444,0.4444444444444444,0.4444444444444444,0.0008737734169699252,0.9001042395387194,0.918715585141097,0.9991262265830301,0.9001042395387194,0.5555555555555556,0.5555555555555556,0 1 5 6 7,H00 H01 H20 H03 H12,1 5 6 7,H01 H20 H03 H12
random,1,9,4,4,5,4,0.4444444444444444,0.4444444444444444,0.4444444444444444,0.0009065874619409442,0.8906894530768769,0.9240826747120214,0.9990934125380591,0.8906894530768769,0.5555555555555556,0.5555555555555556,0 1 4 5 9,H00 H01 H11 H20 H30,1 4 5 9,H01 H11 H20 H30
random,1,10,4,4,5,4,0.4444444444444444,0.4444444444444444,0.4444444444444444,0.0008864012779667974,0.895787431797573,0.9201287485335992,0.9991135987220332,0.895787431797573,0.5555555555555556,0.5555555555555556,0 2 5 6 8,H00 H10 H20 H03 H21,2 5 6 8,H10 H20 H03 H21
random,1,11,4,4,5,4,0.4444444444444444,0.4444444444444444,0.4444444444444444,0.0009435322717763484,0.8955338037573909,0.9054457422479626,0.9990564677282237,0.8955338037573909,0.5555555555555556,0.5555555555555556,0 2 3 7 8,H00 H10 H02 H12 H21,2 3 7 8,H10 H02 H12 H21
random,1,12,4,4,5,4,0.4444444444444444,0.4444444444444444,0.4444444444444444,0.0011556928511708975,0.8779797001291115,0.8949369964346701,0.9988443071488291,0.8779797001291115,0.5555555555555556,0.5555555555555556,0 4 6 8 9,H00 H11 H03 H21 H30,4 6 8 9,H11 H03 H21 H30
random,1,13,4,4,5,4,0.4444444444444444,0.4444444444444444,0.4444444444444444,0.0010925568640232086,0.8888595467975959,0.8755458977927251,0.9989074431359768,0.8888595467975959,0.5555555555555556,0.5555555555555556,0 1 2 4 7,H00 H01 H10 H11 H12,1 2 4 7,H01 H10 H11 H12
random,1,14,4,4,5,4,0.4444444444444444,0.4444444444444444,0.4444444444444444,0.0009579813340678811,0.8927885859442806,0.9062108701044409,0.9990420186659321,0.8927885859442806,0.5555555555555556,0.5555555555555556,0 2 3 5 7,H00 H10 H02 H20 H12,2 3 5 7,H10 H02 H20 H12
random,1,15,4,4,5,4,0.4444444444444444,0.4444444444444444,0.4444444444444444,0.0010223116260021925,0.8736682513044365,0.9181090937134296,0.9989776883739978,0.8736682513044365,0.5555555555555556,0.5555555555555556,0 1 5 8 9,H00 H01 H20 H21 H30,1 5 8 9,H01 H20 H21 H30
random,1,16,4,4,5,4,0.4444444444444444,0.4444444444444444,0.4444444444444444,0.0007670255145058036,0.9118143640786374,0.9302063788257061,0.9992329744854942,0.9118143640786374,0.5555555555555556,0.5555555555555556,0 1 4 5 7,H00 H01 H11 H20 H12,1 4 5 7,H01 H11 H20 H12
random,1,17,4,4,5,4,0.4444444444444444,0.4444444444444444,0.4444444444444444,0.0010431499686092138,0.8902518620424407,0.8981818368816203,0.9989568500313908,0.8902518620424407,0.5555555555555556,0.5555555555555556,0 1 7 8 9,H00 H01 H12 H21 H30,1 7 8 9,H01 H12 H21 H30
random,1,18,4,4,5,4,0.4444444444444444,0.4444444444444444,0.4444444444444444,0.000803582021035254,0.9049791783076687,0.9300814610405227,0.9991964179789647,0.9049791783076687,0.5555555555555556,0.5555555555555556,0 2 3 5 8,H00 H10 H02 H20 H21,2 3 5 8,H10 H02 H20 H21
random,1,19,4,4,5,4,0.4444444444444444,0.4444444444444444,0.4444444444444444,0.0012603007489815354,0.872858887668987,0.8608285346302942,0.9987396992510185,0.872858887668987,0.5555555555555556,0.5555555555555556,0 1 3 6 9,H00 H01 H02 H03 H30,1 3 6 9,H01 H02 H03 H30
random,1,0,5,5,6,5,0.5555555555555556,0.5555555555555556,0.5555555555555556,0.0007862425409257412,0.9077989599898936,0.9345899826146842,0.9992137574590743,0.9077989599898936,0.4444444444444444,0.4444444444444444,0 2 3 5 8 9,H00 H10 H02 H20 H21 H30,2 3 5 8 9,H10 H02 H20 H21 H30
random,1,1,5,5,6,5,0.5555555555555556,0.5555555555555556,0.5555555555555556,0.0008797763730399311,0.8970152425106868,0.9206563890241083,0.9991202236269601,0.8970152425106868,0.4444444444444444,0.4444444444444444,0 1 2 5 8 9,H00 H01 H10 H20 H21 H30,1 2 5 8 9,H01 H10 H20 H21 H30
random,1,2,5,5,6,5,0.5555555555555556,0.5555555555555556,0.5555555555555556,0.0008857861976139247,0.8958858775061319,0.9207667527068635,0.9991142138023861,0.8958858775061319,0.4444444444444444,0.4444444444444444,0 2 5 6 8 9,H00 H10 H20 H03 H21 H30,2 5 6 8 9,H10 H20 H03 H21 H30
random,1,3,5,5,6,5,0.5555555555555556,0.5555555555555556,0.5555555555555556,0.0007870146073400974,0.9082501890507663,0.9328456681386916,0.9992129853926599,0.9082501890507663,0.4444444444444444,0.4444444444444444,0 2 4 5 7 9,H00 H10 H11 H20 H12 H30,2 4 5 7 9,H10 H11 H20 H12 H30
random,1,4,5,5,6,5,0.5555555555555556,0.5555555555555556,0.5555555555555556,0.0007610543980263174,0.9142039506192298,0.9341518715542141,0.9992389456019737,0.9142039506192298,0.4444444444444444,0.4444444444444444,0 1 3 4 5 6,H00 H01 H02 H11 H20 H03,1 3 4 5 6,H01 H02 H11 H20 H03
random,1,5,5,5,6,5,0.5555555555555556,0.5555555555555556,0.5555555555555556,0.0008612776291556656,0.9014603537413226,0.9167627467291063,0.9991387223708443,0.9014603537413226,0.4444444444444444,0.4444444444444444,0 1 2 3 5 6,H00 H01 H10 H02 H20 H03,1 2 3 5 6,H01 H10 H02 H20 H03
random,1,6,5,5,6,5,0.5555555555555556,0.5555555555555556,0.5555555555555556,0.0010779830627143383,0.8905561376057397,0.8809777561341214,0.9989220169372857,0.8905561376057397,0.4444444444444444,0.4444444444444444,0 1 4 6 7 9,H00 H01 H11 H03 H12 H30,1 4 6 7 9,H01 H11 H03 H12 H30
random,1,7,5,5,6,5,0.5555555555555556,0.5555555555555556,0.5555555555555556,0.0011284977663308382,0.882343615406369,0.8786951528008775,0.9988715022336692,0.882343615406369,0.4444444444444444,0.4444444444444444,0 1 2 4 6 9,H00 H01 H10 H11 H03 H30,1 2 4 6 9,H01 H10 H11 H03 H30
random,1,8,5,5,6,5,0.5555555555555556,0.5555555555555556,0.5555555555555556,0.0009428533376194537,0.901944849804026,0.9022427207459394,0.9990571466623805,0.901944849804026,0.4444444444444444,0.4444444444444444,0 1 4 7 8 9,H00 H01 H11 H12 H21 H30,1 4 7 8 9,H01 H11 H12 H21 H30
random,1,9,5,5,6,5,0.5555555555555556,0.5555555555555556,0.5555555555555556,0.0007524419343098998,0.9135521116990963,0.9324283991984608,0.9992475580656901,0.9135521116990963,0.4444444444444444,0.4444444444444444,0 1 4 5 6 7,H00 H01 H11 H20 H03 H12,1 4 5 6 7,H01 H11 H20 H03 H12
random,1,10,5,5,6,5,0.5555555555555556,0.5555555555555556,0.5555555555555556,0.0008633492398075759,0.9029941329827773,0.9193036340083671,0.9991366507601924,0.9029941329827773,0.4444444444444444,0.4444444444444444,0 3 5 6 7 9,H00 H02 H20 H03 H12 H30,3 5 6 7 9,H02 H20 H03 H12 H30
random,1,11,5,5,6,5,0.5555555555555556,0.5555555555555556,0.5555555555555556,0.0010182964615523815,0.8935161413675823,0.8928385079448878,0.9989817035384476,0.8935161413675823,0.4444444444444444,0.4444444444444444,0 1 2 3 4 9,H00 H01 H10 H02 H11 H30,1 2 3 4 9,H01 H10 H02 H11 H30
random,1,12,5,5,6,5,0.5555555555555556,0.5555555555555556,0.5555555555555556,0.0009428533376194537,0.901944849804026,0.9022427207459394,0.9990571466623805,0.901944849804026,0.4444444444444444,0.4444444444444444,0 1 4 7 8 9,H00 H01 H11 H12 H21 H30,1 4 7 8 9,H01 H11 H12 H21 H30
random,1,13,5,5,6,5,0.5555555555555556,0.5555555555555556,0.5555555555555556,0.000786924734711647,0.90773517121954,0.9352147649612667,0.9992130752652884,0.90773517121954,0.4444444444444444,0.4444444444444444,0 3 5 7 8 9,H00 H02 H20 H12 H21 H30,3 5 7 8 9,H02 H20 H12 H21 H30
random,1,14,5,5,6,5,0.5555555555555556,0.5555555555555556,0.5555555555555556,0.0007526124827563763,0.9136772472389246,0.9324531041592141,0.9992473875172436,0.9136772472389246,0.4444444444444444,0.4444444444444444,0 4 5 6 7 9,H00 H11 H20 H03 H12 H30,4 5 6 7 9,H11 H20 H03 H12 H30
random,1,15,5,5,6,5,0.5555555555555556,0.5555555555555556,0.5555555555555556,0.0009774956852197647,0.8967607757442063,0.8984203444868833,0.9990225043147802,0.8967607757442063,0.4444444444444444,0.4444444444444444,0 1 2 4 6 8,H00 H01 H10 H11 H03 H21,1 2 4 6 8,H01 H10 H11 H03 H21
random,1,16,5,5,6,5,0.5555555555555556,0.5555555555555556,0.5555555555555556,0.0007157729705795646,0.9190731626291905,0.9377239165300366,0.9992842270294204,0.9190731626291905,0.4444444444444444,0.4444444444444444,0 3 4 5 6 9,H00 H02 H11 H20 H03 H30,3 4 5 6 9,H02 H11 H20 H03 H30
random,1,17,5,5,6,5,0.5555555555555556,0.5555555555555556,0.5555555555555556,0.000939752091653645,0.9025299132366384,0.9020748257084547,0.9990602479083464,0.9025299132366384,0.4444444444444444,0.4444444444444444,0 2 4 7 8 9,H00 H10 H11 H12 H21 H30,2 4 7 8 9,H10 H11 H12 H21 H30
random,1,18,5,5,6,5,0.5555555555555556,0.5555555555555556,0.5555555555555556,0.0010156959760934114,0.8914577927746047,0.8983486431588715,0.9989843040239066,0.8914577927746047,0.4444444444444444,0.4444444444444444,0 1 2 6 7 8,H00 H01 H10 H03 H12 H21,1 2 6 7 8,H01 H10 H03 H12 H21
random,1,19,5,5,6,5,0.5555555555555556,0.5555555555555556,0.5555555555555556,0.0007326751947402954,0.9173625076143126,0.9393999625032778,0.9992673248052597,0.9173625076143126,0.4444444444444444,0.4444444444444444,0 2 3 4 5 9,H00 H10 H02 H11 H20 H30,2 3 4 5 9,H10 H02 H11 H20 H30
random,1,0,6,6,7,6,0.6666666666666666,0.6666666666666666,0.6666666666666666,0.0006969363894313574,0.9208939340537,0.9412958903216334,0.9993030636105686,0.9208939340537,0.33333333333333337,0.33333333333333337,0 3 4 5 6 8 9,H00 H02 H11 H20 H03 H21 H30,3 4 5 6 8 9,H02 H11 H20 H03 H21 H30
random,1,1,6,6,7,6,0.6666666666666666,0.6666666666666666,0.6666666666666666,0.0008153150556609035,0.9061490539970778,0.9252881469893631,0.9991846849443391,0.9061490539970778,0.33333333333333337,0.33333333333333337,0 1 2 4 5 6 8,H00 H01 H10 H11 H20 H03 H21,1 2 4 5 6 8,H01 H10 H11 H20 H03 H21
random,1,2,6,6,7,6,0.6666666666666666,0.6666666666666666,0.6666666666666666,0.0007179705426096916,0.9174829145337541,0.9377332995291457,0.9992820294573903,0.9174829145337541,0.33333333333333337,0.33333333333333337,0 2 3 4 5 7 8,H00 H10 H02 H11 H20 H12 H21,2 3 4 5 7 8,H10 H02 H11 H20 H12 H21
random,1,3,6,6,7,6,0.6666666666666666,0.6666666666666666,0.6666666666666666,0.0008438319200649858,0.9089208862763097,0.9178678609027635,0.999156168079935,0.9089208862763097,0.33333333333333337,0.33333333333333337,0 1 3 4 7 8 9,H00 H01 H02 H11 H12 H21 H30,1 3 4 7 8 9,H01 H02 H11 H12 H21 H30
random,1,4,6,6,7,6,0.6666666666666666,0.6666666666666666,0.6666666666666666,0.0008157772826962173,0.9059322341815895,0.9261974268210864,0.9991842227173038,0.9059322341815895,0.33333333333333337,0.33333333333333337,0 1 2 4 5 8 9,H00 H01 H10 H11 H20 H21 H30,1 2 4 5 8 9,H01 H10 H11 H20 H21 H30
random,1,5,6,6,7,6,0.6666666666666666,0.6666666666666666,0.6666666666666666,0.0009231705917045474,0.8964073085951465,0.9123714007957975,0.9990768294082955,0.8964073085951465,0.33333333333333337,0.33333333333333337,0 2 3 6 7 8 9,H00 H10 H02 H03 H12 H21 H30,2 3 6 7 8 9,H10 H02 H03 H12 H21 H30
random,1,6,6,6,7,6,0.6666666666666666,0.6666666666666666,0.6666666666666666,0.0008111797505989671,0.9067318412108739,0.9269440331524258,0.999188820249401,0.9067318412108739,0.33333333333333337,0.33333333333333337,0 2 4 5 6 8 9,H00 H10 H11 H20 H03 H21 H30,2 4 5 6 8 9,H10 H11 H20 H03 H21 H30
random,1,7,6,6,7,6,0.6666666666666666,0.6666666666666666,0.6666666666666666,0.0007966948905959725,0.9068262254582291,0.9319575016868118,0.999203305109404,0.9068262254582291,0.33333333333333337,0.33333333333333337,0 2 3 5 6 7 8,H00 H10 H02 H20 H03 H12 H21,2 3 5 6 7 8,H10 H02 H20 H03 H12 H21
random,1,8,6,6,7,6,0.6666666666666666,0.6666666666666666,0.6666666666666666,0.0009395712986588478,0.8947610128117232,0.9049574368660022,0.9990604287013412,0.8947610128117232,0.33333333333333337,0.33333333333333337,0 1 2 3 6 7 8,H00 H01 H10 H02 H03 H12 H21,1 2 3 6 7 8,H01 H10 H02 H03 H12 H21
random,1,9,6,6,7,6,0.6666666666666666,0.6666666666666666,0.6666666666666666,0.0008794300374574959,0.8969317150172665,0.920542968360467,0.9991205699625425,0.8969317150172665,0.33333333333333337,0.33333333333333337,0 1 2 5 6 8 9,H00 H01 H10 H20 H03 H21 H30,1 2 5 6 8 9,H01 H10 H20 H03 H21 H30
random,1,10,6,6,7,6,0.6666666666666666,0.6666666666666666,0.6666666666666666,0.0008480087271891534,0.9037823954001335,0.9205498508356017,0.9991519912728108,0.9037823954001335,0.33333333333333337,0.33333333333333337,0 1 2 3 5 6 9,H00 H01 H10 H02 H20 H03 H30,1 2 3 5 6 9,H01 H10 H02 H20 H03 H30
random,1,11,6,6,7,6,0.6666666666666666,0.6666666666666666,0.6666666666666666,0.0007185632712207735,0.9181708428082936,0.9366430565492496,0.9992814367287792,0.9181708428082936,0.33333333333333337,0.33333333333333337,0 2 3 4 5 6 7,H00 H10 H02 H11 H20 H03 H12,2 3 4 5 6 7,H10 H02 H11 H20 H03 H12
random,1,12,6,6,7,6,0.6666666666666666,0.6666666666666666,0.6666666666666666,0.0007522634114138782,0.9135935931476487,0.9326264588565091,0.9992477365885861,0.9135935931476487,0.33333333333333337,0.33333333333333337,0 1 4 5 6 7 9,H00 H01 H11 H20 H03 H12 H30,1 4 5 6 7 9,H01 H11 H20 H03 H12 H30
random,1,13,6,6,7,6,0.6666666666666666,0.6666666666666666,0.6666666666666666,0.0007232732605189085,0.9175461902505719,0.9351163387566233,0.9992767267394811,0.9175461902505719,0.33333333333333337,0.33333333333333337,0 1 3 4 5 6 7,H00 H01 H02 H11 H20 H03 H12,1 3 4 5 6 7,H01 H02 H11 H20 H03 H12
random,1,14,6,6,7,6,0.6666666666666666,0.6666666666666666,0.6666666666666666,0.0009752074838615954,0.8973323772711221,0.9006421408046894,0.9990247925161384,0.8973323772711221,0.33333333333333337,0.33333333333333337,0 1 2 4 6 8 9,H00 H01 H10 H11 H03 H21 H30,1 2 4 6 8 9,H01 H10 H11 H03 H21 H30
random,1,15,6,6,7,6,0.6666666666666666,0.6666666666666666,0.6666666666666666,0.0007376751163974404,0.9150212018193586,0.9361399741167888,0.9992623248836026,0.9150212018193586,0.33333333333333337,0.33333333333333337,0 2 4 5 6 7 8,H00 H10 H11 H20 H03 H12 H21,2 4 5 6 7 8,H10 H11 H20 H03 H12 H21
random,1,16,6,6,7,6,0.6666666666666666,0.6666666666666666,0.6666666666666666,0.0007489293930120766,0.9133924924802836,0.9344821316899178,0.9992510706069879,0.9133924924802836,0.33333333333333337,0.33333333333333337,0 1 2 4 5 7 8,H00 H01 H10 H11 H20 H12 H21,1 2 4 5 7 8,H01 H10 H11 H20 H12 H21
random,1,17,6,6,7,6,0.6666666666666666,0.6666666666666666,0.6666666666666666,0.0012247986160218716,0.8744865973589678,0.8577215563348396,0.9987752013839781,0.8744865973589678,0.33333333333333337,0.33333333333333337,0 1 2 3 6 7 9,H00 H01 H10 H02 H03 H12 H30,1 2 3 6 7 9,H01 H10 H02 H03 H12 H30
random,1,18,6,6,7,6,0.6666666666666666,0.6666666666666666,0.6666666666666666,0.0008716650190763175,0.905390193918443,0.9079138102454589,0.9991283349809237,0.905390193918443,0.33333333333333337,0.33333333333333337,0 1 2 3 4 7 8,H00 H01 H10 H02 H11 H12 H21,1 2 3 4 7 8,H01 H10 H02 H11 H12 H21
random,1,19,6,6,7,6,0.6666666666666666,0.6666666666666666,0.6666666666666666,0.0012247986160218716,0.8744865973589678,0.8577215563348396,0.9987752013839781,0.8744865973589678,0.33333333333333337,0.33333333333333337,0 1 2 3 6 7 9,H00 H01 H10 H02 H03 H12 H30,1 2 3 6 7 9,H01 H10 H02 H03 H12 H30
random,1,0,7,7,8,7,0.7777777777777778,0.7777777777777778,0.7777777777777778,0.0006956575671210885,0.9210363750685977,0.9409138253806526,0.9993043424328789,0.9210363750685977,0.2222222222222222,0.2222222222222222,0 3 4 5 6 7 8 9,H00 H02 H11 H20 H03 H12 H21 H30,3 4 5 6 7 8 9,H02 H11 H20 H03 H12 H21 H30
random,1,1,7,7,8,7,0.7777777777777778,0.7777777777777778,0.7777777777777778,0.0006911647506058216,0.9215600621863296,0.9421077420252052,0.9993088352493942,0.9215600621863296,0.2222222222222222,0.2222222222222222,0 1 3 4 5 6 8 9,H00 H01 H02 H11 H20 H03 H21 H30,1 3 4 5 6 8 9,H01 H02 H11 H20 H03 H21 H30
random,1,2,7,7,8,7,0.7777777777777778,0.7777777777777778,0.7777777777777778,0.0007001334452070296,0.9207032248909351,0.9408882956903041,0.999299866554793,0.9207032248909351,0.2222222222222222,0.2222222222222222,0 2 3 4 5 6 7 9,H00 H10 H02 H11 H20 H03 H12 H30,2 3 4 5 6 7 9,H10 H02 H11 H20 H03 H12 H30
random,1,3,7,7,8,7,0.7777777777777778,0.7777777777777778,0.7777777777777778,0.0007159902597777545,0.9178514494765527,0.9377522129833553,0.9992840097402222,0.9178514494765527,0.2222222222222222,0.2222222222222222,0 1 2 3 4 5 7 8,H00 H01 H10 H02 H11 H20 H12 H21,1 2 3 4 5 7 8,H01 H10 H02 H11 H20 H12 H21
random,1,4,7,7,8,7,0.7777777777777778,0.7777777777777778,0.7777777777777778,0.0007114955224096775,0.9193645429473003,0.9377467166530842,0.9992885044775903,0.9193645429473003,0.2222222222222222,0.2222222222222222,0 1 3 4 5 6 7 9,H00 H01 H02 H11 H20 H03 H12 H30,1 3 4 5 6 7 9,H01 H02 H11 H20 H03 H12 H30
random,1,5,7,7,8,7,0.7777777777777778,0.7777777777777778,0.7777777777777778,0.0007114955224096775,0.9193645429473003,0.9377467166530842,0.9992885044775903,0.9193645429473003,0.2222222222222222,0.2222222222222222,0 1 3 4 5 6 7 9,H00 H01 H02 H11 H20 H03 H12 H30,1 3 4 5 6 7 9,H01 H02 H11 H20 H03 H12 H30
random,1,6,7,7,8,7,0.7777777777777778,0.7777777777777778,0.7777777777777778,0.0009228530107066035,0.8965227497513456,0.9121535643228208,0.9990771469892934,0.8965227497513456,0.2222222222222222,0.2222222222222222,0 1 2 3 6 7 8 9,H00 H01 H10 H02 H03 H12 H21 H30,1 2 3 6 7 8 9,H01 H10 H02 H03 H12 H21 H30
random,1,7,7,7,8,7,0.7777777777777778,0.7777777777777778,0.7777777777777778,0.000869538402184844,0.905927839109787,0.9084507984501445,0.9991304615978152,0.905927839109787,0.2222222222222222,0.2222222222222222,0 1 2 3 4 6 7 8,H00 H01 H10 H02 H11 H03 H12 H21,1 2 3 4 6 7 8,H01 H10 H02 H11 H03 H12 H21
random,1,8,7,7,8,7,0.7777777777777778,0.7777777777777778,0.7777777777777778,0.0007167031872086227,0.9182226666460848,0.9371136270273912,0.9992832968127914,0.9182226666460848,0.2222222222222222,0.2222222222222222,0 1 2 3 4 5 6 7,H00 H01 H10 H02 H11 H20 H03 H12,1 2 3 4 5 6 7,H01 H10 H02 H11 H20 H03 H12
random,1,9,7,7,8,7,0.7777777777777778,0.7777777777777778,0.7777777777777778,0.0007146481657400727,0.918881389495167,0.9395328335041425,0.9992853518342599,0.918881389495167,0.2222222222222222,0.2222222222222222,0 1 2 3 4 5 7 9,H00 H01 H10 H02 H11 H20 H12 H30,1 2 3 4 5 7 9,H01 H10 H02 H11 H20 H12 H30
random,1,10,7,7,8,7,0.7777777777777778,0.7777777777777778,0.7777777777777778,0.0007079910719767213,0.9191804623118337,0.9386462920424731,0.9992920089280233,0.9191804623118337,0.2222222222222222,0.2222222222222222,0 2 3 4 5 6 7 8,H00 H10 H02 H11 H20 H03 H12 H21,2 3 4 5 6 7 8,H10 H02 H11 H20 H03 H12 H21
random,1,11,7,7,8,7,0.7777777777777778,0.7777777777777778,0.7777777777777778,0.0008099575061351061,0.9067014055359803,0.9274809647439739,0.9991900424938649,0.9067014055359803,0.2222222222222222,0.2222222222222222,0 1 2 4 5 6 8 9,H00 H01 H10 H11 H20 H03 H21 H30,1 2 4 5 6 8 9,H01 H10 H11 H20 H03 H21 H30
random,1,12,7,7,8,7,0.7777777777777778,0.7777777777777778,0.7777777777777778,0.0007398425368592143,0.914300498431914,0.9364621869490193,0.9992601574631408,0.914300498431914,0.2222222222222222,0.2222222222222222,0 1 2 4 5 6 7 9,H00 H01 H10 H11 H20 H03 H12 H30,1 2 4 5 6 7 9,H01 H10 H11 H20 H03 H12 H30
random,1,13,7,7,8,7,0.7777777777777778,0.7777777777777778,0.7777777777777778,0.0008099575061351061,0.9067014055359803,0.9274809647439739,0.9991900424938649,0.9067014055359803,0.2222222222222222,0.2222222222222222,0 1 2 4 5 6 8 9,H00 H01 H10 H11 H20 H03 H21 H30,1 2 4 5 6 8 9,H01 H10 H11 H20 H03 H21 H30
random,1,14,7,7,8,7,0.7777777777777778,0.7777777777777778,0.7777777777777778,0.0008326005190610886,0.9029765626975954,0.9284398677138673,0.9991673994809389,0.9029765626975954,0.2222222222222222,0.2222222222222222,0 1 2 5 6 7 8 9,H00 H01 H10 H20 H03 H12 H21 H30,1 2 5 6 7 8 9,H01 H10 H20 H03 H12 H21 H30
random,1,15,7,7,8,7,0.7777777777777778,0.7777777777777778,0.7777777777777778,0.0006982911145314574,0.9204286858528038,0.9410557918400682,0.9993017088854685,0.9204286858528038,0.2222222222222222,0.2222222222222222,0 1 3 4 5 7 8 9,H00 H01 H02 H11 H20 H12 H21 H30,1 3 4 5 7 8 9,H01 H02 H11 H20 H12 H21 H30
random,1,16,7,7,8,7,0.7777777777777778,0.7777777777777778,0.7777777777777778,0.0007929326966404915,0.9073264448948904,0.9319279264690379,0.9992070673033595,0.9073264448948904,0.2222222222222222,0.2222222222222222,0 1 2 3 5 6 7 8,H00 H01 H10 H02 H20 H03 H12 H21,1 2 3 5 6 7 8,H01 H10 H02 H20 H03 H12 H21
random,1,17,7,7,8,7,0.7777777777777778,0.7777777777777778,0.7777777777777778,0.0008415260817855597,0.9094455510501913,0.9182650947579045,0.9991584739182144,0.9094455510501913,0.2222222222222222,0.2222222222222222,0 1 3 4 6 7 8 9,H00 H01 H02 H11 H03 H12 H21 H30,1 3 4 6 7 8 9,H01 H02 H11 H03 H12 H21 H30
random,1,18,7,7,8,7,0.7777777777777778,0.7777777777777778,0.7777777777777778,0.0006982911145314574,0.9204286858528038,0.9410557918400682,0.9993017088854685,0.9204286858528038,0.2222222222222222,0.2222222222222222,0 1 3 4 5 7 8 9,H00 H01 H02 H11 H20 H12 H21 H30,1 3 4 5 7 8 9,H01 H02 H11 H20 H12 H21 H30
random,1,19,7,7,8,7,0.7777777777777778,0.7777777777777778,0.7777777777777778,0.0007146481657400727,0.918881389495167,0.9395328335041425,0.9992853518342599,0.918881389495167,0.2222222222222222,0.2222222222222222,0 1 2 3 4 5 7 9,H00 H01 H10 H02 H11 H20 H12 H30,1 2 3 4 5 7 9,H01 H10 H02 H11 H20 H12 H30
random,1,0,8,8,9,8,0.8888888888888888,0.8888888888888888,0.8888888888888888,0.0007820138125680387,0.9087829323536434,0.934846284360355,0.999217986187432,0.9087829323536434,0.11111111111111116,0.11111111111111116,0 1 2 3 5 6 7 8 9,H00 H01 H10 H02 H20 H03 H12 H21 H30,1 2 3 5 6 7 8 9,H01 H10 H02 H20 H03 H12 H21 H30
random,1,1,8,8,9,8,0.8888888888888888,0.8888888888888888,0.8888888888888888,0.0007044488447718322,0.9194822217493931,0.9393581063047448,0.9992955511552282,0.9194822217493931,0.11111111111111116,0.11111111111111116,0 1 2 3 4 5 6 7 8,H00 H01 H10 H02 H11 H20 H03 H12 H21,1 2 3 4 5 6 7 8,H01 H10 H02 H11 H20 H03 H12 H21
random,1,2,8,8,9,8,0.8888888888888888,0.8888888888888888,0.8888888888888888,0.0006929798983037472,0.9209520009730574,0.9427770874627863,0.9993070201016963,0.9209520009730574,0.11111111111111116,0.11111111111111116,0 1 2 3 4 5 7 8 9,H00 H01 H10 H02 H11 H20 H12 H21 H30,1 2 3 4 5 7 8 9,H01 H10 H02 H11 H20 H12 H21 H30
random,1,3,8,8,9,8,0.8888888888888888,0.8888888888888888,0.8888888888888888,0.0006882766028866172,0.9219578738445051,0.9435237583336705,0.9993117233971134,0.9219578738445051,0.11111111111111116,0.11111111111111116,0 1 2 3 4 5 6 8 9,H00 H01 H10 H02 H11 H20 H03 H21 H30,1 2 3 4 5 6 8 9,H01 H10 H02 H11 H20 H03 H21 H30
random,1,4,8,8,9,8,0.8888888888888888,0.8888888888888888,0.8888888888888888,0.0007338812574744225,0.9151447933171649,0.9377582687029733,0.9992661187425256,0.9151447933171649,0.11111111111111116,0.11111111111111116,0 1 2 4 5 6 7 8 9,H00 H01 H10 H11 H20 H03 H12 H21 H30,1 2 4 5 6 7 8 9,H01 H10 H11 H20 H03 H12 H21 H30
random,1,5,8,8,9,8,0.8888888888888888,0.8888888888888888,0.8888888888888888,0.0007044488447718322,0.9194822217493931,0.9393581063047448,0.9992955511552282,0.9194822217493931,0.11111111111111116,0.11111111111111116,0 1 2 3 4 5 6 7 8,H00 H01 H10 H02 H11 H20 H03 H12 H21,1 2 3 4 5 6 7 8,H01 H10 H02 H11 H20 H03 H12 H21
random,1,6,8,8,9,8,0.8888888888888888,0.8888888888888888,0.8888888888888888,0.0006929798983037472,0.9209520009730574,0.9427770874627863,0.9993070201016963,0.9209520009730574,0.11111111111111116,0.11111111111111116,0 1 2 3 4 5 7 8 9,H00 H01 H10 H02 H11 H20 H12 H21 H30,1 2 3 4 5 7 8 9,H01 H10 H02 H11 H20 H12 H21 H30
random,1,7,8,8,9,8,0.8888888888888888,0.8888888888888888,0.8888888888888888,0.0007820138125680387,0.9087829323536434,0.934846284360355,0.999217986187432,0.9087829323536434,0.11111111111111116,0.11111111111111116,0 1 2 3 5 6 7 8 9,H00 H01 H10 H02 H20 H03 H12 H21 H30,1 2 3 5 6 7 8 9,H01 H10 H02 H20 H03 H12 H21 H30
random,1,8,8,8,9,8,0.8888888888888888,0.8888888888888888,0.8888888888888888,0.000696471193805337,0.920986967433718,0.9417097221411557,0.9993035288061947,0.920986967433718,0.11111111111111116,0.11111111111111116,0 1 2 3 4 5 6 7 9,H00 H01 H10 H02 H11 H20 H03 H12 H30,1 2 3 4 5 6 7 9,H01 H10 H02 H11 H20 H03 H12 H30
random,1,9,8,8,9,8,0.8888888888888888,0.8888888888888888,0.8888888888888888,0.0006885196780785918,0.9217923263909559,0.9429426303865469,0.9993114803219214,0.9217923263909559,0.11111111111111116,0.11111111111111116,0 2 3 4 5 6 7 8 9,H00 H10 H02 H11 H20 H03 H12 H21 H30,2 3 4 5 6 7 8 9,H10 H02 H11 H20 H03 H12 H21 H30
random,1,10,8,8,9,8,0.8888888888888888,0.8888888888888888,0.8888888888888888,0.0007044488447718322,0.9194822217493931,0.9393581063047448,0.9992955511552282,0.9194822217493931,0.11111111111111116,0.11111111111111116,0 1 2 3 4 5 6 7 8,H00 H01 H10 H02 H11 H20 H03 H12 H21,1 2 3 4 5 6 7 8,H01 H10 H02 H11 H20 H03 H12 H21
random,1,11,8,8,9,8,0.8888888888888888,0.8888888888888888,0.8888888888888888,0.0006906753405928612,0.921596132830122,0.9418483221443931,0.9993093246594071,0.921596132830122,0.11111111111111116,0.11111111111111116,0 1 3 4 5 6 7 8 9,H00 H01 H02 H11 H20 H03 H12 H21 H30,1 3 4 5 6 7 8 9,H01 H02 H11 H20 H03 H12 H21 H30
random,1,12,8,8,9,8,0.8888888888888888,0.8888888888888888,0.8888888888888888,0.000696471193805337,0.920986967433718,0.9417097221411557,0.9993035288061947,0.920986967433718,0.11111111111111116,0.11111111111111116,0 1 2 3 4 5 6 7 9,H00 H01 H10 H02 H11 H20 H03 H12 H30,1 2 3 4 5 6 7 9,H01 H10 H02 H11 H20 H03 H12 H30
random,1,13,8,8,9,8,0.8888888888888888,0.8888888888888888,0.8888888888888888,0.0007044488447718322,0.9194822217493931,0.9393581063047448,0.9992955511552282,0.9194822217493931,0.11111111111111116,0.11111111111111116,0 1 2 3 4 5 6 7 8,H00 H01 H10 H02 H11 H20 H03 H12 H21,1 2 3 4 5 6 7 8,H01 H10 H02 H11 H20 H03 H12 H21
random,1,14,8,8,9,8,0.8888888888888888,0.8888888888888888,0.8888888888888888,0.0006882766028866172,0.9219578738445051,0.9435237583336705,0.9993117233971134,0.9219578738445051,0.11111111111111116,0.11111111111111116,0 1 2 3 4 5 6 8 9,H00 H01 H10 H02 H11 H20 H03 H21 H30,1 2 3 4 5 6 8 9,H01 H10 H02 H11 H20 H03 H21 H30
random,1,15,8,8,9,8,0.8888888888888888,0.8888888888888888,0.8888888888888888,0.0006882766028866172,0.9219578738445051,0.9435237583336705,0.9993117233971134,0.9219578738445051,0.11111111111111116,0.11111111111111116,0 1 2 3 4 5 6 8 9,H00 H01 H10 H02 H11 H20 H03 H21 H30,1 2 3 4 5 6 8 9,H01 H10 H02 H11 H20 H03 H21 H30
random,1,16,8,8,9,8,0.8888888888888888,0.8888888888888888,0.8888888888888888,0.0007338812574744225,0.9151447933171649,0.9377582687029733,0.9992661187425256,0.9151447933171649,0.11111111111111116,0.11111111111111116,0 1 2 4 5 6 7 8 9,H00 H01 H10 H11 H20 H03 H12 H21 H30,1 2 4 5 6 7 8 9,H01 H10 H11 H20 H03 H12 H21 H30
random,1,17,8,8,9,8,0.8888888888888888,0.8888888888888888,0.8888888888888888,0.0006885196780785918,0.9217923263909559,0.9429426303865469,0.9993114803219214,0.9217923263909559,0.11111111111111116,0.11111111111111116,0 2 3 4 5 6 7 8 9,H00 H10 H02 H11 H20 H03 H12 H21 H30,2 3 4 5 6 7 8 9,H10 H02 H11 H20 H03 H12 H21 H30
random,1,18,8,8,9,8,0.8888888888888888,0.8888888888888888,0.8888888888888888,0.0006906753405928612,0.921596132830122,0.9418483221443931,0.9993093246594071,0.921596132830122,0.11111111111111116,0.11111111111111116,0 1 3 4 5 6 7 8 9,H00 H01 H02 H11 H20 H03 H12 H21 H30,1 3 4 5 6 7 8 9,H01 H02 H11 H20 H03 H12 H21 H30
random,1,19,8,8,9,8,0.8888888888888888,0.8888888888888888,0.8888888888888888,0.0007820138125680387,0.9087829323536434,0.934846284360355,0.999217986187432,0.9087829323536434,0.11111111111111116,0.11111111111111116,0 1 2 3 5 6 7 8 9,H00 H01 H10 H02 H20 H03 H12 H21 H30,1 2 3 5 6 7 8 9,H01 H10 H02 H20 H03 H12 H21 H30
random,1,0,9,9,10,9,1.0,1.0,1.0,0.0006823450094088912,0.9224848590268533,0.9440626505125984,0.9993176549905911,0.9224848590268533,0.0,0.0,0 1 2 3 4 5 6 7 8 9,H00 H01 H10 H02 H11 H20 H03 H12 H21 H30,1 2 3 4 5 6 7 8 9,H01 H10 H02 H11 H20 H03 H12 H21 H30
random,1,1,9,9,10,9,1.0,1.0,1.0,0.0006823450094088912,0.9224848590268533,0.9440626505125984,0.9993176549905911,0.9224848590268533,0.0,0.0,0 1 2 3 4 5 6 7 8 9,H00 H01 H10 H02 H11 H20 H03 H12 H21 H30,1 2 3 4 5 6 7 8 9,H01 H10 H02 H11 H20 H03 H12 H21 H30
random,1,2,9,9,10,9,1.0,1.0,1.0,0.0006823450094088912,0.9224848590268533,0.9440626505125984,0.9993176549905911,0.9224848590268533,0.0,0.0,0 1 2 3 4 5 6 7 8 9,H00 H01 H10 H02 H11 H20 H03 H12 H21 H30,1 2 3 4 5 6 7 8 9,H01 H10 H02 H11 H20 H03 H12 H21 H30
random,1,3,9,9,10,9,1.0,1.0,1.0,0.0006823450094088912,0.9224848590268533,0.9440626505125984,0.9993176549905911,0.9224848590268533,0.0,0.0,0 1 2 3 4 5 6 7 8 9,H00 H01 H10 H02 H11 H20 H03 H12 H21 H30,1 2 3 4 5 6 7 8 9,H01 H10 H02 H11 H20 H03 H12 H21 H30
random,1,4,9,9,10,9,1.0,1.0,1.0,0.0006823450094088912,0.9224848590268533,0.9440626505125984,0.9993176549905911,0.9224848590268533,0.0,0.0,0 1 2 3 4 5 6 7 8 9,H00 H01 H10 H02 H11 H20 H03 H12 H21 H30,1 2 3 4 5 6 7 8 9,H01 H10 H02 H11 H20 H03 H12 H21 H30
random,1,5,9,9,10,9,1.0,1.0,1.0,0.0006823450094088912,0.9224848590268533,0.9440626505125984,0.9993176549905911,0.9224848590268533,0.0,0.0,0 1 2 3 4 5 6 7 8 9,H00 H01 H10 H02 H11 H20 H03 H12 H21 H30,1 2 3 4 5 6 7 8 9,H01 H10 H02 H11 H20 H03 H12 H21 H30
random,1,6,9,9,10,9,1.0,1.0,1.0,0.0006823450094088912,0.9224848590268533,0.9440626505125984,0.9993176549905911,0.9224848590268533,0.0,0.0,0 1 2 3 4 5 6 7 8 9,H00 H01 H10 H02 H11 H20 H03 H12 H21 H30,1 2 3 4 5 6 7 8 9,H01 H10 H02 H11 H20 H03 H12 H21 H30
random,1,7,9,9,10,9,1.0,1.0,1.0,0.0006823450094088912,0.9224848590268533,0.9440626505125984,0.9993176549905911,0.9224848590268533,0.0,0.0,0 1 2 3 4 5 6 7 8 9,H00 H01 H10 H02 H11 H20 H03 H12 H21 H30,1 2 3 4 5 6 7 8 9,H01 H10 H02 H11 H20 H03 H12 H21 H30
random,1,8,9,9,10,9,1.0,1.0,1.0,0.0006823450094088912,0.9224848590268533,0.9440626505125984,0.9993176549905911,0.9224848590268533,0.0,0.0,0 1 2 3 4 5 6 7 8 9,H00 H01 H10 H02 H11 H20 H03 H12 H21 H30,1 2 3 4 5 6 7 8 9,H01 H10 H02 H11 H20 H03 H12 H21 H30
random,1,9,9,9,10,9,1.0,1.0,1.0,0.0006823450094088912,0.9224848590268533,0.9440626505125984,0.9993176549905911,0.9224848590268533,0.0,0.0,0 1 2 3 4 5 6 7 8 9,H00 H01 H10 H02 H11 H20 H03 H12 H21 H30,1 2 3 4 5 6 7 8 9,H01 H10 H02 H11 H20 H03 H12 H21 H30
random,1,10,9,9,10,9,1.0,1.0,1.0,0.0006823450094088912,0.9224848590268533,0.9440626505125984,0.9993176549905911,0.9224848590268533,0.0,0.0,0 1 2 3 4 5 6 7 8 9,H00 H01 H10 H02 H11 H20 H03 H12 H21 H30,1 2 3 4 5 6 7 8 9,H01 H10 H02 H11 H20 H03 H12 H21 H30
random,1,11,9,9,10,9,1.0,1.0,1.0,0.0006823450094088912,0.9224848590268533,0.9440626505125984,0.9993176549905911,0.9224848590268533,0.0,0.0,0 1 2 3 4 5 6 7 8 9,H00 H01 H10 H02 H11 H20 H03 H12 H21 H30,1 2 3 4 5 6 7 8 9,H01 H10 H02 H11 H20 H03 H12 H21 H30
random,1,12,9,9,10,9,1.0,1.0,1.0,0.0006823450094088912,0.9224848590268533,0.9440626505125984,0.9993176549905911,0.9224848590268533,0.0,0.0,0 1 2 3 4 5 6 7 8 9,H00 H01 H10 H02 H11 H20 H03 H12 H21 H30,1 2 3 4 5 6 7 8 9,H01 H10 H02 H11 H20 H03 H12 H21 H30
random,1,13,9,9,10,9,1.0,1.0,1.0,0.0006823450094088912,0.9224848590268533,0.9440626505125984,0.9993176549905911,0.9224848590268533,0.0,0.0,0 1 2 3 4 5 6 7 8 9,H00 H01 H10 H02 H11 H20 H03 H12 H21 H30,1 2 3 4 5 6 7 8 9,H01 H10 H02 H11 H20 H03 H12 H21 H30
random,1,14,9,9,10,9,1.0,1.0,1.0,0.0006823450094088912,0.9224848590268533,0.9440626505125984,0.9993176549905911,0.9224848590268533,0.0,0.0,0 1 2 3 4 5 6 7 8 9,H00 H01 H10 H02 H11 H20 H03 H12 H21 H30,1 2 3 4 5 6 7 8 9,H01 H10 H02 H11 H20 H03 H12 H21 H30
random,1,15,9,9,10,9,1.0,1.0,1.0,0.0006823450094088912,0.9224848590268533,0.9440626505125984,0.9993176549905911,0.9224848590268533,0.0,0.0,0 1 2 3 4 5 6 7 8 9,H00 H01 H10 H02 H11 H20 H03 H12 H21 H30,1 2 3 4 5 6 7 8 9,H01 H10 H02 H11 H20 H03 H12 H21 H30
random,1,16,9,9,10,9,1.0,1.0,1.0,0.0006823450094088912,0.9224848590268533,0.9440626505125984,0.9993176549905911,0.9224848590268533,0.0,0.0,0 1 2 3 4 5 6 7 8 9,H00 H01 H10 H02 H11 H20 H03 H12 H21 H30,1 2 3 4 5 6 7 8 9,H01 H10 H02 H11 H20 H03 H12 H21 H30
random,1,17,9,9,10,9,1.0,1.0,1.0,0.0006823450094088912,0.9224848590268533,0.9440626505125984,0.9993176549905911,0.9224848590268533,0.0,0.0,0 1 2 3 4 5 6 7 8 9,H00 H01 H10 H02 H11 H20 H03 H12 H21 H30,1 2 3 4 5 6 7 8 9,H01 H10 H02 H11 H20 H03 H12 H21 H30
random,1,18,9,9,10,9,1.0,1.0,1.0,0.0006823450094088912,0.9224848590268533,0.9440626505125984,0.9993176549905911,0.9224848590268533,0.0,0.0,0 1 2 3 4 5 6 7 8 9,H00 H01 H10 H02 H11 H20 H03 H12 H21 H30,1 2 3 4 5 6 7 8 9,H01 H10 H02 H11 H20 H03 H12 H21 H30
random,1,19,9,9,10,9,1.0,1.0,1.0,0.0006823450094088912,0.9224848590268533,0.9440626505125984,0.9993176549905911,0.9224848590268533,0.0,0.0,0 1 2 3 4 5 6 7 8 9,H00 H01 H10 H02 H11 H20 H03 H12 H21 H30,1 2 3 4 5 6 7 8 9,H01 H10 H02 H11 H20 H03 H12 H21 H30
random,2,0,1,1,2,1,0.1111111111111111,0.1111111111111111,0.1111111111111111,0.0023785727098584175,0.8614933426014627,0.8222828286886092,0.9976214272901416,0.8614933426014627,0.8888888888888888,0.8888888888888888,0 5,H00 H20,5,H20
random,2,1,1,1,2,1,0.1111111111111111,0.1111111111111111,0.1111111111111111,0.003358664223924279,0.7967984512344215,0.7248466405980308,0.9966413357760757,0.7967984512344215,0.8888888888888888,0.8888888888888888,0 6,H00 H03,6,H03
random,2,2,1,1,2,1,0.1111111111111111,0.1111111111111111,0.1111111111111111,0.002587997354567051,0.8425641415704941,0.79254074507013,0.997412002645433,0.8425641415704941,0.8888888888888888,0.8888888888888888,0 7,H00 H12,7,H12
random,2,3,1,1,2,1,0.1111111111111111,0.1111111111111111,0.1111111111111111,0.00302652595564723,0.8148538763308177,0.757833118549516,0.9969734740443528,0.8148538763308177,0.8888888888888888,0.8888888888888888,0 9,H00 H30,9,H30
random,2,4,1,1,2,1,0.1111111111111111,0.1111111111111111,0.1111111111111111,0.003358664223924279,0.7967984512344215,0.7248466405980308,0.9966413357760757,0.7967984512344215,0.8888888888888888,0.8888888888888888,0 6,H00 H03,6,H03
random,2,5,1,1,2,1,0.1111111111111111,0.1111111111111111,0.1111111111111111,0.0023785727098584175,0.8614933426014627,0.8222828286886092,0.9976214272901416,0.8614933426014627,0.8888888888888888,0.8888888888888888,0 5,H00 H20,5,H20
random,2,6,1,1,2,1,0.1111111111111111,0.1111111111111111,0.1111111111111111,0.0023785727098584175,0.8614933426014627,0.8222828286886092,0.9976214272901416,0.8614933426014627,0.8888888888888888,0.8888888888888888,0 5,H00 H20,5,H20
random,2,7,1,1,2,1,0.1111111111111111,0.1111111111111111,0.1111111111111111,0.0023785727098584175,0.8614933426014627,0.8222828286886092,0.9976214272901416,0.8614933426014627,0.8888888888888888,0.8888888888888888,0 5,H00 H20,5,H20
random,2,8,1,1,2,1,0.1111111111111111,0.1111111111111111,0.1111111111111111,0.002951465081423521,0.8282140862201114,0.7465818557830379,0.9970485349185765,0.8282140862201114,0.8888888888888888,0.8888888888888888,0 1,H00 H01,1,H01
random,2,9,1,1,2,1,0.1111111111111111,0.1111111111111111,0.1111111111111111,0.002587997354567051,0.8425641415704941,0.79254074507013,0.997412002645433,0.8425641415704941,0.8888888888888888,0.8888888888888888,0 7,H00 H12,7,H12
random,2,10,1,1,2,1,0.1111111111111111,0.1111111111111111,0.1111111111111111,0.00302652595564723,0.8148538763308177,0.757833118549516,0.9969734740443528,0.8148538763308177,0.8888888888888888,0.8888888888888888,0 9,H00 H30,9,H30
random,2,11,1,1,2,1,0.1111111111111111,0.1111111111111111,0.1111111111111111,0.0023785727098584175,0.8614933426014627,0.8222828286886092,0.9976214272901416,0.8614933426014627,0.8888888888888888,0.8888888888888888,0 5,H00 H20,5,H20
random,2,12,1,1,2,1,0.1111111111111111,0.1111111111111111,0.1111111111111111,0.0025476706214249134,0.8589253900716619,0.7958324883788817,0.9974523293785751,0.8589253900716619,0.8888888888888888,0.8888888888888888,0 4,H00 H11,4,H11
random,2,13,1,1,2,1,0.1111111111111111,0.1111111111111111,0.1111111111111111,0.003358664223924279,0.7967984512344215,0.7248466405980308,0.9966413357760757,0.7967984512344215,0.8888888888888888,0.8888888888888888,0 6,H00 H03,6,H03
random,2,14,1,1,2,1,0.1111111111111111,0.1111111111111111,0.1111111111111111,0.0023785727098584175,0.8614933426014627,0.8222828286886092,0.9976214272901416,0.8614933426014627,0.8888888888888888,0.8888888888888888,0 5,H00 H20,5,H20
random,2,15,1,1,2,1,0.1111111111111111,0.1111111111111111,0.1111111111111111,0.002951465081423521,0.8282140862201114,0.7465818557830379,0.9970485349185765,0.8282140862201114,0.8888888888888888,0.8888888888888888,0 1,H00 H01,1,H01
random,2,16,1,1,2,1,0.1111111111111111,0.1111111111111111,0.1111111111111111,0.003358664223924279,0.7967984512344215,0.7248466405980308,0.9966413357760757,0.7967984512344215,0.8888888888888888,0.8888888888888888,0 6,H00 H03,6,H03
random,2,17,1,1,2,1,0.1111111111111111,0.1111111111111111,0.1111111111111111,0.002587997354567051,0.8425641415704941,0.79254074507013,0.997412002645433,0.8425641415704941,0.8888888888888888,0.8888888888888888,0 7,H00 H12,7,H12
random,2,18,1,1,2,1,0.1111111111111111,0.1111111111111111,0.1111111111111111,0.0024122067261487246,0.8473535450740178,0.8070845108654174,0.9975877932738513,0.8473535450740178,0.8888888888888888,0.8888888888888888,0 3,H00 H02,3,H02
random,2,19,1,1,2,1,0.1111111111111111,0.1111111111111111,0.1111111111111111,0.00302652595564723,0.8148538763308177,0.757833118549516,0.9969734740443528,0.8148538763308177,0.8888888888888888,0.8888888888888888,0 9,H00 H30,9,H30
random,2,0,2,2,3,2,0.2222222222222222,0.2222222222222222,0.2222222222222222,0.0020472961477935314,0.8917200083398081,0.8307960657574962,0.9979527038522065,0.8917200083398081,0.7777777777777778,0.7777777777777778,0 4 8,H00 H11 H21,4 8,H11 H21
random,2,1,2,2,3,2,0.2222222222222222,0.2222222222222222,0.2222222222222222,0.001982738496735692,0.8745804463915181,0.8266872663667277,0.9980172615032643,0.8745804463915181,0.7777777777777778,0.7777777777777778,0 6 7,H00 H03 H12,6 7,H03 H12
random,2,2,2,2,3,2,0.2222222222222222,0.2222222222222222,0.2222222222222222,0.001982738496735692,0.8745804463915181,0.8266872663667277,0.9980172615032643,0.8745804463915181,0.7777777777777778,0.7777777777777778,0 6 7,H00 H03 H12,6 7,H03 H12
random,2,3,2,2,3,2,0.2222222222222222,0.2222222222222222,0.2222222222222222,0.0016863257624208927,0.903538482332343,0.8551986551429726,0.9983136742375791,0.903538482332343,0.7777777777777778,0.7777777777777778,0 4 7,H00 H11 H12,4 7,H11 H12
random,2,4,2,2,3,2,0.2222222222222222,0.2222222222222222,0.2222222222222222,0.0018093439284712076,0.884162852981357,0.818058278016121,0.9981906560715288,0.884162852981357,0.7777777777777778,0.7777777777777778,0 1 3,H00 H01 H02,1 3,H01 H02
random,2,5,2,2,3,2,0.2222222222222222,0.2222222222222222,0.2222222222222222,0.0015464462339878082,0.9056637895234841,0.8735234867417,0.9984535537660122,0.9056637895234841,0.7777777777777778,0.7777777777777778,0 3 8,H00 H02 H21,3 8,H02 H21
random,2,6,2,2,3,2,0.2222222222222222,0.2222222222222222,0.2222222222222222,0.0014027684228494763,0.913603030543832,0.9027185151986122,0.9985972315771505,0.913603030543832,0.7777777777777778,0.7777777777777778,0 3 5,H00 H02 H20,3 5,H02 H20
random,2,7,2,2,3,2,0.2222222222222222,0.2222222222222222,0.2222222222222222,0.0029514175839722157,0.8281950747879946,0.7463772116968137,0.9970485824160278,0.8281950747879946,0.7777777777777778,0.7777777777777778,0 1 6,H00 H01 H03,1 6,H01 H03
random,2,8,2,2,3,2,0.2222222222222222,0.2222222222222222,0.2222222222222222,0.0018670038552954793,0.8897636307981508,0.8713205033263806,0.9981329961447045,0.8897636307981508,0.7777777777777778,0.7777777777777778,0 1 5,H00 H01 H20,1 5,H01 H20
random,2,9,2,2,3,2,0.2222222222222222,0.2222222222222222,0.2222222222222222,0.0021206471137702465,0.8712327880973127,0.7991882027669417,0.9978793528862298,0.8712327880973127,0.7777777777777778,0.7777777777777778,0 2 6,H00 H10 H03,2 6,H10 H03
random,2,10,2,2,3,2,0.2222222222222222,0.2222222222222222,0.2222222222222222,0.0018762173131108284,0.8752915749102653,0.8174240792691996,0.9981237826868892,0.8752915749102653,0.7777777777777778,0.7777777777777778,0 3 6,H00 H02 H03,3 6,H02 H03
random,2,11,2,2,3,2,0.2222222222222222,0.2222222222222222,0.2222222222222222,0.001957300119102001,0.8867629786663191,0.8476617933840863,0.998042699880898,0.8867629786663191,0.7777777777777778,0.7777777777777778,0 4 9,H00 H11 H30,4 9,H11 H30
random,2,12,2,2,3,2,0.2222222222222222,0.2222222222222222,0.2222222222222222,0.001529359957203269,0.9088068968227729,0.8667982102618669,0.9984706400427967,0.9088068968227729,0.7777777777777778,0.7777777777777778,0 3 4,H00 H02 H11,3 4,H02 H11
random,2,13,2,2,3,2,0.2222222222222222,0.2222222222222222,0.2222222222222222,0.0017671666573733091,0.8877174457608236,0.835671758370541,0.9982328333426267,0.8877174457608236,0.7777777777777778,0.7777777777777778,0 5 9,H00 H20 H30,5 9,H20 H30
random,2,14,2,2,3,2,0.2222222222222222,0.2222222222222222,0.2222222222222222,0.0018093439284712076,0.884162852981357,0.818058278016121,0.9981906560715288,0.884162852981357,0.7777777777777778,0.7777777777777778,0 1 3,H00 H01 H02,1 3,H01 H02
random,2,15,2,2,3,2,0.2222222222222222,0.2222222222222222,0.2222222222222222,0.0024626031517982483,0.8568368478147723,0.787566595597878,0.9975373968482018,0.8568368478147723,0.7777777777777778,0.7777777777777778,0 2 7,H00 H10 H12,2 7,H10 H12
random,2,16,2,2,3,2,0.2222222222222222,0.2222222222222222,0.2222222222222222,0.0015456179389730096,0.9122197015540991,0.8591304288404013,0.998454382061027,0.9122197015540991,0.7777777777777778,0.7777777777777778,0 2 8,H00 H10 H21,2 8,H10 H21
random,2,17,2,2,3,2,0.2222222222222222,0.2222222222222222,0.2222222222222222,0.0017553993966430426,0.8960759966024037,0.8220687682268957,0.998244600603357,0.8960759966024037,0.7777777777777778,0.7777777777777778,0 1 2,H00 H01 H10,1 2,H01 H10
random,2,18,2,2,3,2,0.2222222222222222,0.2222222222222222,0.2222222222222222,0.0017777789616957307,0.8976803937136205,0.8388575572750083,0.9982222210383043,0.8976803937136205,0.7777777777777778,0.7777777777777778,0 2 4,H00 H10 H11,2 4,H10 H11
random,2,19,2,2,3,2,0.2222222222222222,0.2222222222222222,0.2222222222222222,0.0017777789616957307,0.8976803937136205,0.8388575572750083,0.9982222210383043,0.8976803937136205,0.7777777777777778,0.7777777777777778,0 2 4,H00 H10 H11,2 4,H10 H11
random,2,0,3,3,4,3,0.3333333333333333,0.3333333333333333,0.3333333333333333,0.002202458679676056,0.8627442841946317,0.8046595999583869,0.9977975413203239,0.8627442841946317,0.6666666666666667,0.6666666666666667,0 1 6 9,H00 H01 H03 H30,1 6 9,H01 H03 H30
random,2,1,3,3,4,3,0.3333333333333333,0.3333333333333333,0.3333333333333333,0.0016044992953538895,0.9025198848836132,0.8421596071615646,0.9983955007046461,0.9025198848836132,0.6666666666666667,0.6666666666666667,0 2 5 9,H00 H10 H20 H30,2 5 9,H10 H20 H30
random,2,2,3,3,4,3,0.3333333333333333,0.3333333333333333,0.3333333333333333,0.0017249067313969135,0.8966874654330623,0.8190949564303183,0.9982750932686031,0.8966874654330623,0.6666666666666667,0.6666666666666667,0 1 2 6,H00 H01 H10 H03,1 2 6,H01 H10 H03
random,2,3,3,3,4,3,0.3333333333333333,0.3333333333333333,0.3333333333333333,0.0015753856860101223,0.8979311351034255,0.8647616544486796,0.9984246143139899,0.8979311351034255,0.6666666666666667,0.6666666666666667,0 5 6 9,H00 H20 H03 H30,5 6 9,H20 H03 H30
random,2,4,3,3,4,3,0.3333333333333333,0.3333333333333333,0.3333333333333333,0.0011722318595275283,0.9321500607782822,0.8899909908433046,0.9988277681404725,0.9321500607782822,0.6666666666666667,0.6666666666666667,0 3 4 8,H00 H02 H11 H21,3 4 8,H02 H11 H21
random,2,5,3,3,4,3,0.3333333333333333,0.3333333333333333,0.3333333333333333,0.0014877275098115206,0.9093804557438979,0.8689219407514724,0.9985122724901885,0.9093804557438979,0.6666666666666667,0.6666666666666667,0 2 5 7,H00 H10 H20 H12,2 5 7,H10 H20 H12
random,2,6,3,3,4,3,0.3333333333333333,0.3333333333333333,0.3333333333333333,0.0019826653879135847,0.8745300144169759,0.8264480804329652,0.9980173346120864,0.8745300144169759,0.6666666666666667,0.6666666666666667,0 6 7 9,H00 H03 H12 H30,6 7 9,H03 H12 H30
random,2,7,3,3,4,3,0.3333333333333333,0.3333333333333333,0.3333333333333333,0.0014194187242537737,0.9154430648464794,0.8929252501061357,0.9985805812757462,0.9154430648464794,0.6666666666666667,0.6666666666666667,0 7 8 9,H00 H12 H21 H30,7 8 9,H12 H21 H30
random,2,8,3,3,4,3,0.3333333333333333,0.3333333333333333,0.3333333333333333,0.0019534709863364697,0.8857733855382778,0.8542797616848541,0.9980465290136635,0.8857733855382778,0.6666666666666667,0.6666666666666667,0 1 8 9,H00 H01 H21 H30,1 8 9,H01 H21 H30
random,2,9,3,3,4,3,0.3333333333333333,0.3333333333333333,0.3333333333333333,0.0014517519157379866,0.9060960783181307,0.8770272428924905,0.998548248084262,0.9060960783181307,0.6666666666666667,0.6666666666666667,0 1 5 9,H00 H01 H20 H30,1 5 9,H01 H20 H30
random,2,10,3,3,4,3,0.3333333333333333,0.3333333333333333,0.3333333333333333,0.0013714996166527271,0.92041916138848,0.8653541952820549,0.9986285003833473,0.92041916138848,0.6666666666666667,0.6666666666666667,0 1 4 7,H00 H01 H11 H12,1 4 7,H01 H11 H12
random,2,11,3,3,4,3,0.3333333333333333,0.3333333333333333,0.3333333333333333,0.001147838425822556,0.9269856688135728,0.9089747889303444,0.9988521615741774,0.9269856688135728,0.6666666666666667,0.6666666666666667,0 3 5 9,H00 H02 H20 H30,3 5 9,H02 H20 H30
random,2,12,3,3,4,3,0.3333333333333333,0.3333333333333333,0.3333333333333333,0.0014517519157379866,0.9060960783181307,0.8770272428924905,0.998548248084262,0.9060960783181307,0.6666666666666667,0.6666666666666667,0 1 5 9,H00 H01 H20 H30,1 5 9,H01 H20 H30
random,2,13,3,3,4,3,0.3333333333333333,0.3333333333333333,0.3333333333333333,0.0015148087404668331,0.9015698399788985,0.8595457411825285,0.9984851912595332,0.9015698399788985,0.6666666666666667,0.6666666666666667,0 1 3 9,H00 H01 H02 H30,1 3 9,H01 H02 H30
random,2,14,3,3,4,3,0.3333333333333333,0.3333333333333333,0.3333333333333333,0.0014877275098115206,0.9093804557438979,0.8689219407514724,0.9985122724901885,0.9093804557438979,0.6666666666666667,0.6666666666666667,0 2 5 7,H00 H10 H20 H12,2 5 7,H10 H20 H12
random,2,15,3,3,4,3,0.3333333333333333,0.3333333333333333,0.3333333333333333,0.0015435731038451195,0.9062887202864169,0.8711489659753073,0.9984564268961549,0.9062887202864169,0.6666666666666667,0.6666666666666667,0 1 3 8,H00 H01 H02 H21,1 3 8,H01 H02 H21
random,2,16,3,3,4,3,0.3333333333333333,0.3333333333333333,0.3333333333333333,0.0016712895594537258,0.905144332297917,0.8556989966835475,0.9983287104405463,0.905144332297917,0.6666666666666667,0.6666666666666667,0 2 4 7,H00 H10 H11 H12,2 4 7,H10 H11 H12
random,2,17,3,3,4,3,0.3333333333333333,0.3333333333333333,0.3333333333333333,0.001502499682828784,0.9127222512019233,0.8500696471724651,0.9984975003171712,0.9127222512019233,0.6666666666666667,0.6666666666666667,0 1 2 4,H00 H01 H10 H11,1 2 4,H01 H10 H11
random,2,18,3,3,4,3,0.3333333333333333,0.3333333333333333,0.3333333333333333,0.0017249067313969135,0.8966874654330623,0.8190949564303183,0.9982750932686031,0.8966874654330623,0.6666666666666667,0.6666666666666667,0 1 2 6,H00 H01 H10 H03,1 2 6,H01 H10 H03
random,2,19,3,3,4,3,0.3333333333333333,0.3333333333333333,0.3333333333333333,0.0011644726619124413,0.9253550816535524,0.9112364105282217,0.9988355273380876,0.9253550816535524,0.6666666666666667,0.6666666666666667,0 5 7 8,H00 H20 H12 H21,5 7 8,H20 H12 H21
random,2,0,4,4,5,4,0.4444444444444444,0.4444444444444444,0.4444444444444444,0.001073587452992797,0.9311461533894863,0.907622150944657,0.9989264125470072,0.9311461533894863,0.5555555555555556,0.5555555555555556,0 1 2 5 7,H00 H01 H10 H20 H12,1 2 5 7,H01 H10 H20 H12
random,2,1,4,4,5,4,0.4444444444444444,0.4444444444444444,0.4444444444444444,0.001760884071700275,0.8971191781897465,0.8506436344704766,0.9982391159282997,0.8971191781897465,0.5555555555555556,0.5555555555555556,0 1 4 6 9,H00 H01 H11 H03 H30,1 4 6 9,H01 H11 H03 H30
random,2,2,4,4,5,4,0.4444444444444444,0.4444444444444444,0.4444444444444444,0.0007690021302551031,0.9526810388431821,0.9380531172927137,0.9992309978697449,0.9526810388431821,0.5555555555555556,0.5555555555555556,0 3 4 5 9,H00 H02 H11 H20 H30,3 4 5 9,H02 H11 H20 H30
random,2,3,4,4,5,4,0.4444444444444444,0.4444444444444444,0.4444444444444444,0.0009917705319821835,0.9362806464134583,0.9126705472905062,0.9990082294680178,0.9362806464134583,0.5555555555555556,0.5555555555555556,0 1 2 3 5,H00 H01 H10 H02 H20,1 2 3 5,H01 H10 H02 H20
random,2,4,4,4,5,4,0.4444444444444444,0.4444444444444444,0.4444444444444444,0.0008925237925723195,0.9453825955672298,0.9211757092455453,0.9991074762074277,0.9453825955672298,0.5555555555555556,0.5555555555555556,0 4 5 7 8,H00 H11 H20 H12 H21,4 5 7 8,H11 H20 H12 H21
random,2,5,4,4,5,4,0.4444444444444444,0.4444444444444444,0.4444444444444444,0.0012137263547629118,0.9240247966205606,0.9089568460184061,0.9987862736452371,0.9240247966205606,0.5555555555555556,0.5555555555555556,0 1 3 8 9,H00 H01 H02 H21 H30,1 3 8 9,H01 H02 H21 H30
random,2,6,4,4,5,4,0.4444444444444444,0.4444444444444444,0.4444444444444444,0.0012862160801887512,0.9229313862663954,0.8988219556794483,0.9987137839198112,0.9229313862663954,0.5555555555555556,0.5555555555555556,0 3 4 7 9,H00 H02 H11 H12 H30,3 4 7 9,H02 H11 H12 H30
random,2,7,4,4,5,4,0.4444444444444444,0.4444444444444444,0.4444444444444444,0.0009547884692437947,0.9440591202585933,0.9169663793279192,0.9990452115307562,0.9440591202585933,0.5555555555555556,0.5555555555555556,0 3 4 8 9,H00 H02 H11 H21 H30,3 4 8 9,H02 H11 H21 H30
random,2,8,4,4,5,4,0.4444444444444444,0.4444444444444444,0.4444444444444444,0.0013793810503557324,0.9189191992426741,0.9015743141745051,0.9986206189496443,0.9189191992426741,0.5555555555555556,0.5555555555555556,0 4 5 6 8,H00 H11 H20 H03 H21,4 5 6 8,H11 H20 H03 H21
random,2,9,4,4,5,4,0.4444444444444444,0.4444444444444444,0.4444444444444444,0.0014554854715242982,0.9146514771047727,0.8676185157328526,0.9985445145284757,0.9146514771047727,0.5555555555555556,0.5555555555555556,0 4 6 7 9,H00 H11 H03 H12 H30,4 6 7 9,H11 H03 H12 H30
random,2,10,4,4,5,4,0.4444444444444444,0.4444444444444444,0.4444444444444444,0.0010734973475337029,0.9312314394591255,0.9075683948417093,0.9989265026524663,0.9312314394591255,0.5555555555555556,0.5555555555555556,0 1 5 7 9,H00 H01 H20 H12 H30,1 5 7 9,H01 H20 H12 H30
random,2,11,4,4,5,4,0.4444444444444444,0.4444444444444444,0.4444444444444444,0.0011760004563257098,0.9290912949727066,0.9057135192361843,0.9988239995436743,0.9290912949727066,0.5555555555555556,0.5555555555555556,0 2 3 8 9,H00 H10 H02 H21 H30,2 3 8 9,H10 H02 H21 H30
random,2,12,4,4,5,4,0.4444444444444444,0.4444444444444444,0.4444444444444444,0.001514796749688685,0.9015692925339789,0.8595366106178838,0.9984852032503113,0.9015692925339789,0.5555555555555556,0.5555555555555556,0 1 3 6 9,H00 H01 H02 H03 H30,1 3 6 9,H01 H02 H03 H30
random,2,13,4,4,5,4,0.4444444444444444,0.4444444444444444,0.4444444444444444,0.0010098143247887492,0.9335763208683265,0.919796068042684,0.9989901856752113,0.9335763208683265,0.5555555555555556,0.5555555555555556,0 3 5 6 7,H00 H02 H20 H03 H12,3 5 6 7,H02 H20 H03 H12
random,2,14,4,4,5,4,0.4444444444444444,0.4444444444444444,0.4444444444444444,0.001112203928641975,0.92943988040568,0.9143934318881995,0.998887796071358,0.92943988040568,0.5555555555555556,0.5555555555555556,0 1 3 5 6,H00 H01 H02 H20 H03,1 3 5 6,H01 H02 H20 H03
random,2,15,4,4,5,4,0.4444444444444444,0.4444444444444444,0.4444444444444444,0.0012084434274584055,0.9270213113457638,0.8788691067601739,0.9987915565725416,0.9270213113457638,0.5555555555555556,0.5555555555555556,0 1 2 3 4,H00 H01 H10 H02 H11,1 2 3 4,H01 H10 H02 H11
random,2,16,4,4,5,4,0.4444444444444444,0.4444444444444444,0.4444444444444444,0.0014230178203433752,0.9171693581782113,0.8965720067287405,0.9985769821796566,0.9171693581782113,0.5555555555555556,0.5555555555555556,0 1 4 5 8,H00 H01 H11 H20 H21,1 4 5 8,H01 H11 H20 H21
random,2,17,4,4,5,4,0.4444444444444444,0.4444444444444444,0.4444444444444444,0.0011414890177547932,0.930609284245656,0.8932707435975328,0.9988585109822452,0.930609284245656,0.5555555555555556,0.5555555555555556,0 2 4 5 9,H00 H10 H11 H20 H30,2 4 5 9,H10 H11 H20 H30
random,2,18,4,4,5,4,0.4444444444444444,0.4444444444444444,0.4444444444444444,0.0013879858888685703,0.9166570680745292,0.8854735811104919,0.9986120141111314,0.9166570680745292,0.5555555555555556,0.5555555555555556,0 1 6 7 8,H00 H01 H03 H12 H21,1 6 7 8,H01 H03 H12 H21
random,2,19,4,4,5,4,0.4444444444444444,0.4444444444444444,0.4444444444444444,0.0014554854715242982,0.9146514771047727,0.8676185157328526,0.9985445145284757,0.9146514771047727,0.5555555555555556,0.5555555555555556,0 4 6 7 9,H00 H11 H03 H12 H30,4 6 7 9,H11 H03 H12 H30
random,2,0,5,5,6,5,0.5555555555555556,0.5555555555555556,0.5555555555555556,0.0008008396252989769,0.9512076041396534,0.9356517502790246,0.999199160374701,0.9512076041396534,0.4444444444444444,0.4444444444444444,0 3 4 5 6 8,H00 H02 H11 H20 H03 H21,3 4 5 6 8,H02 H11 H20 H03 H21
random,2,1,5,5,6,5,0.5555555555555556,0.5555555555555556,0.5555555555555556,0.0007654991350136697,0.9520792350899451,0.9363864254500852,0.9992345008649863,0.9520792350899451,0.4444444444444444,0.4444444444444444,0 3 4 5 7 8,H00 H02 H11 H20 H12 H21,3 4 5 7 8,H02 H11 H20 H12 H21
random,2,2,5,5,6,5,0.5555555555555556,0.5555555555555556,0.5555555555555556,0.0007330626249313354,0.9542884817800964,0.9379984458135725,0.9992669373750687,0.9542884817800964,0.4444444444444444,0.4444444444444444,0 3 4 5 6 7,H00 H02 H11 H20 H03 H12,3 4 5 6 7,H02 H11 H20 H03 H12
random,2,3,5,5,6,5,0.5555555555555556,0.5555555555555556,0.5555555555555556,0.0010728442575782537,0.9314361691705254,0.9079809318595955,0.9989271557424217,0.9314361691705254,0.4444444444444444,0.4444444444444444,0 1 5 6 7 9,H00 H01 H20 H03 H12 H30,1 5 6 7 9,H01 H20 H03 H12 H30
random,2,4,5,5,6,5,0.5555555555555556,0.5555555555555556,0.5555555555555556,0.0009476763661950827,0.9447528195792231,0.9169926917389196,0.9990523236338049,0.9447528195792231,0.4444444444444444,0.4444444444444444,0 3 4 7 8 9,H00 H02 H11 H12 H21 H30,3 4 7 8 9,H02 H11 H12 H21 H30
random,2,5,5,5,6,5,0.5555555555555556,0.5555555555555556,0.5555555555555556,0.0010050619021058083,0.9397923728444488,0.9065222954788721,0.9989949380978942,0.9397923728444488,0.4444444444444444,0.4444444444444444,0 1 3 4 7 8,H00 H01 H02 H11 H12 H21,1 3 4 7 8,H01 H02 H11 H12 H21
random,2,6,5,5,6,5,0.5555555555555556,0.5555555555555556,0.5555555555555556,0.0011447758879512548,0.9355736937856702,0.8942616239046012,0.9988552241120487,0.9355736937856702,0.4444444444444444,0.4444444444444444,0 1 2 4 7 8,H00 H01 H10 H11 H12 H21,1 2 4 7 8,H01 H10 H11 H12 H21
random,2,7,5,5,6,5,0.5555555555555556,0.5555555555555556,0.5555555555555556,0.0009464179165661335,0.9450227105978978,0.9159170873625376,0.9990535820834339,0.9450227105978978,0.4444444444444444,0.4444444444444444,0 2 3 4 8 9,H00 H10 H02 H11 H21 H30,2 3 4 8 9,H10 H02 H11 H21 H30
random,2,8,5,5,6,5,0.5555555555555556,0.5555555555555556,0.5555555555555556,0.001242050901055336,0.922259779928272,0.8797905016057618,0.9987579490989447,0.922259779928272,0.4444444444444444,0.4444444444444444,0 1 2 5 6 9,H00 H01 H10 H20 H03 H30,1 2 5 6 9,H01 H10 H20 H03 H30
random,2,9,5,5,6,5,0.5555555555555556,0.5555555555555556,0.5555555555555556,0.0009238070342689753,0.9445137292961728,0.9223591814846653,0.999076192965731,0.9445137292961728,0.4444444444444444,0.4444444444444444,0 1 3 4 8 9,H00 H01 H02 H11 H21 H30,1 3 4 8 9,H01 H02 H11 H21 H30
random,2,10,5,5,6,5,0.5555555555555556,0.5555555555555556,0.5555555555555556,0.0014448685105890036,0.9068130897878537,0.8788711827248031,0.998555131489411,0.9068130897878537,0.4444444444444444,0.4444444444444444,0 1 5 6 8 9,H00 H01 H20 H03 H21 H30,1 5 6 8 9,H01 H20 H03 H21 H30
random,2,11,5,5,6,5,0.5555555555555556,0.5555555555555556,0.5555555555555556,0.0011767297983169556,0.929211216257812,0.8904079391618667,0.998823270201683,0.929211216257812,0.4444444444444444,0.4444444444444444,0 1 2 3 4 9,H00 H01 H10 H02 H11 H30,1 2 3 4 9,H01 H10 H02 H11 H30
random,2,12,5,5,6,5,0.5555555555555556,0.5555555555555556,0.5555555555555556,0.0011828056303784251,0.9286996637350313,0.8911092968316049,0.9988171943696216,0.9286996637350313,0.4444444444444444,0.4444444444444444,0 1 3 4 7 9,H00 H01 H02 H11 H12 H30,1 3 4 7 9,H01 H02 H11 H12 H30
random,2,13,5,5,6,5,0.5555555555555556,0.5555555555555556,0.5555555555555556,0.001510072499513626,0.9138286982028436,0.8723024791015089,0.9984899275004864,0.9138286982028436,0.4444444444444444,0.4444444444444444,0 1 4 6 8 9,H00 H01 H11 H03 H21 H30,1 4 6 8 9,H01 H11 H03 H21 H30
random,2,14,5,5,6,5,0.5555555555555556,0.5555555555555556,0.5555555555555556,0.0012944620102643967,0.9277137877966646,0.8746150511783961,0.9987055379897356,0.9277137877966646,0.4444444444444444,0.4444444444444444,0 1 2 4 8 9,H00 H01 H10 H11 H21 H30,1 2 4 8 9,H01 H10 H11 H21 H30
random,2,15,5,5,6,5,0.5555555555555556,0.5555555555555556,0.5555555555555556,0.0011959172552451491,0.9254685522242052,0.9106630604324041,0.9988040827447549,0.9254685522242052,0.4444444444444444,0.4444444444444444,0 3 6 7 8 9,H00 H02 H03 H12 H21 H30,3 6 7 8 9,H02 H03 H12 H21 H30
random,2,16,5,5,6,5,0.5555555555555556,0.5555555555555556,0.5555555555555556,0.0011828056303784251,0.9286996637350313,0.8911092968316049,0.9988171943696216,0.9286996637350313,0.4444444444444444,0.4444444444444444,0 1 3 4 7 9,H00 H01 H02 H11 H12 H30,1 3 4 7 9,H01 H02 H11 H12 H30
random,2,17,5,5,6,5,0.5555555555555556,0.5555555555555556,0.5555555555555556,0.0011430024169385433,0.9358486879205024,0.896271789422474,0.9988569975830615,0.9358486879205024,0.4444444444444444,0.4444444444444444,0 2 4 7 8 9,H00 H10 H11 H12 H21 H30,2 4 7 8 9,H10 H11 H12 H21 H30
random,2,18,5,5,6,5,0.5555555555555556,0.5555555555555556,0.5555555555555556,0.0011301818303763866,0.9296057833431733,0.9052033136437132,0.9988698181696236,0.9296057833431733,0.4444444444444444,0.4444444444444444,0 1 4 5 6 9,H00 H01 H11 H20 H03 H30,1 4 5 6 9,H01 H11 H20 H03 H30
random,2,19,5,5,6,5,0.5555555555555556,0.5555555555555556,0.5555555555555556,0.001306426478549838,0.9205095599162947,0.8820154606987993,0.9986935735214502,0.9205095599162947,0.4444444444444444,0.4444444444444444,0 2 5 6 8 9,H00 H10 H20 H03 H21 H30,2 5 6 8 9,H10 H20 H03 H21 H30
random,2,0,6,6,7,6,0.6666666666666666,0.6666666666666666,0.6666666666666666,0.0007019750773906708,0.9556603068120414,0.9423224843573922,0.9992980249226093,0.9556603068120414,0.33333333333333337,0.33333333333333337,0 2 3 4 5 6 9,H00 H10 H02 H11 H20 H03 H30,2 3 4 5 6 9,H10 H02 H11 H20 H03 H30
random,2,1,6,6,7,6,0.6666666666666666,0.6666666666666666,0.6666666666666666,0.0011947087477892637,0.9256962977712985,0.9096178444023978,0.9988052912522107,0.9256962977712985,0.33333333333333337,0.33333333333333337,0 1 3 6 7 8 9,H00 H01 H02 H03 H12 H21 H30,1 3 6 7 8 9,H01 H02 H03 H12 H21 H30
random,2,2,6,6,7,6,0.6666666666666666,0.6666666666666666,0.6666666666666666,0.0011766761308535933,0.9292464274359373,0.8903387364959136,0.9988233238691464,0.9292464274359373,0.33333333333333337,0.33333333333333337,0 1 2 3 4 7 9,H00 H01 H10 H02 H11 H12 H30,1 2 3 4 7 9,H01 H10 H02 H11 H12 H30
random,2,3,6,6,7,6,0.6666666666666666,0.6666666666666666,0.6666666666666666,0.0009399476111866534,0.9395006666143783,0.9278848927945885,0.9990600523888133,0.9395006666143783,0.33333333333333337,0.33333333333333337,0 2 3 5 6 8 9,H00 H10 H02 H20 H03 H21 H30,2 3 5 6 8 9,H10 H02 H20 H03 H21 H30
random,2,4,6,6,7,6,0.6666666666666666,0.6666666666666666,0.6666666666666666,0.0007088349084369838,0.9557169491555829,0.9422887969867639,0.999291165091563,0.9557169491555829,0.33333333333333337,0.33333333333333337,0 1 3 4 5 8 9,H00 H01 H02 H11 H20 H21 H30,1 3 4 5 8 9,H01 H02 H11 H20 H21 H30
random,2,5,6,6,7,6,0.6666666666666666,0.6666666666666666,0.6666666666666666,0.0012303496478125453,0.9242137242263619,0.8835549739442475,0.9987696503521875,0.9242137242263619,0.33333333333333337,0.33333333333333337,0 1 2 5 6 8 9,H00 H01 H10 H20 H03 H21 H30,1 2 5 6 8 9,H01 H10 H20 H03 H21 H30
random,2,6,6,6,7,6,0.6666666666666666,0.6666666666666666,0.6666666666666666,0.001168517512269318,0.9293710797068339,0.8918711446133042,0.9988314824877307,0.9293710797068339,0.33333333333333337,0.33333333333333337,0 1 2 3 4 6 9,H00 H01 H10 H02 H11 H03 H30,1 2 3 4 6 9,H01 H10 H02 H11 H03 H30
random,2,7,6,6,7,6,0.6666666666666666,0.6666666666666666,0.6666666666666666,0.0007088349084369838,0.9557169491555829,0.9422887969867639,0.999291165091563,0.9557169491555829,0.33333333333333337,0.33333333333333337,0 1 3 4 5 8 9,H00 H01 H02 H11 H20 H21 H30,1 3 4 5 8 9,H01 H02 H11 H20 H21 H30
random,2,8,6,6,7,6,0.6666666666666666,0.6666666666666666,0.6666666666666666,0.001168517512269318,0.9293710797068339,0.8918711446133042,0.9988314824877307,0.9293710797068339,0.33333333333333337,0.33333333333333337,0 1 2 3 4 6 9,H00 H01 H10 H02 H11 H03 H30,1 2 3 4 6 9,H01 H10 H02 H11 H03 H30
random,2,9,6,6,7,6,0.6666666666666666,0.6666666666666666,0.6666666666666666,0.0014449208974838257,0.909548532930906,0.8585911414933635,0.9985550791025162,0.909548532930906,0.33333333333333337,0.33333333333333337,0 1 2 3 6 7 9,H00 H01 H10 H02 H03 H12 H30,1 2 3 6 7 9,H01 H10 H02 H03 H12 H30
random,2,10,6,6,7,6,0.6666666666666666,0.6666666666666666,0.6666666666666666,0.0008573674713261425,0.9469544963908961,0.9280855477933352,0.9991426325286739,0.9469544963908961,0.33333333333333337,0.33333333333333337,0 2 4 5 6 7 9,H00 H10 H11 H20 H03 H12 H30,2 4 5 6 7 9,H10 H11 H20 H03 H12 H30
random,2,11,6,6,7,6,0.6666666666666666,0.6666666666666666,0.6666666666666666,0.001172337681055069,0.9290174569549232,0.8924458014596883,0.9988276623189449,0.9290174569549232,0.33333333333333337,0.33333333333333337,0 1 3 4 6 7 9,H00 H01 H02 H11 H03 H12 H30,1 3 4 6 7 9,H01 H02 H11 H03 H12 H30
random,2,12,6,6,7,6,0.6666666666666666,0.6666666666666666,0.6666666666666666,0.0011437074281275272,0.935426107316536,0.8935500895954172,0.9988562925718725,0.935426107316536,0.33333333333333337,0.33333333333333337,0 1 2 4 6 7 8,H00 H01 H10 H11 H03 H12 H21,1 2 4 6 7 8,H01 H10 H11 H03 H12 H21
random,2,13,6,6,7,6,0.6666666666666666,0.6666666666666666,0.6666666666666666,0.0011437074281275272,0.935426107316536,0.8935500895954172,0.9988562925718725,0.935426107316536,0.33333333333333337,0.33333333333333337,0 1 2 4 6 7 8,H00 H01 H10 H11 H03 H12 H21,1 2 4 6 7 8,H01 H10 H11 H03 H12 H21
random,2,14,6,6,7,6,0.6666666666666666,0.6666666666666666,0.6666666666666666,0.0014449208974838257,0.909548532930906,0.8585911414933635,0.9985550791025162,0.909548532930906,0.33333333333333337,0.33333333333333337,0 1 2 3 6 7 9,H00 H01 H10 H02 H03 H12 H30,1 2 3 6 7 9,H01 H10 H02 H03 H12 H30
random,2,15,6,6,7,6,0.6666666666666666,0.6666666666666666,0.6666666666666666,0.0007035984890535474,0.9559618856018137,0.9410675050876732,0.9992964015109465,0.9559618856018137,0.33333333333333337,0.33333333333333337,0 3 4 5 6 7 9,H00 H02 H11 H20 H03 H12 H30,3 4 5 6 7 9,H02 H11 H20 H03 H12 H30
random,2,16,6,6,7,6,0.6666666666666666,0.6666666666666666,0.6666666666666666,0.000750108971260488,0.9537007157711863,0.9356254271753648,0.9992498910287395,0.9537007157711863,0.33333333333333337,0.33333333333333337,0 2 3 4 5 6 8,H00 H10 H02 H11 H20 H03 H21,2 3 4 5 6 8,H10 H02 H11 H20 H03 H21
random,2,17,6,6,7,6,0.6666666666666666,0.6666666666666666,0.6666666666666666,0.0011701174080371857,0.9290890510988009,0.9053485128030397,0.9988298825919628,0.9290890510988009,0.33333333333333337,0.33333333333333337,0 1 2 3 6 8 9,H00 H01 H10 H02 H03 H21 H30,1 2 3 6 8 9,H01 H10 H02 H03 H21 H30
random,2,18,6,6,7,6,0.6666666666666666,0.6666666666666666,0.6666666666666666,0.0011722675990313292,0.9287326173075031,0.9069092614089082,0.9988277324009687,0.9287326173075031,0.33333333333333337,0.33333333333333337,0 2 3 6 7 8 9,H00 H10 H02 H03 H12 H21 H30,2 3 6 7 8 9,H10 H02 H03 H12 H21 H30
random,2,19,6,6,7,6,0.6666666666666666,0.6666666666666666,0.6666666666666666,0.0009538364829495549,0.9378788460236526,0.919534960672016,0.9990461635170504,0.9378788460236526,0.33333333333333337,0.33333333333333337,0 1 2 3 5 6 9,H00 H01 H10 H02 H20 H03 H30,1 2 3 5 6 9,H01 H10 H02 H20 H03 H30
random,2,0,7,7,8,7,0.7777777777777778,0.7777777777777778,0.7777777777777778,0.0009215831523761153,0.9450350501591187,0.9213505991343792,0.9990784168476239,0.9450350501591187,0.2222222222222222,0.2222222222222222,0 1 2 3 4 7 8 9,H00 H01 H10 H02 H11 H12 H21 H30,1 2 3 4 7 8 9,H01 H10 H02 H11 H12 H21 H30
random,2,1,7,7,8,7,0.7777777777777778,0.7777777777777778,0.7777777777777778,0.0008488398743793368,0.9480922187675194,0.9274561703664997,0.9991511601256207,0.9480922187675194,0.2222222222222222,0.2222222222222222,0 1 2 4 5 6 7 8,H00 H01 H10 H11 H20 H03 H12 H21,1 2 4 5 6 7 8,H01 H10 H11 H20 H03 H12 H21
random,2,2,7,7,8,7,0.7777777777777778,0.7777777777777778,0.7777777777777778,0.0009518057340756059,0.9394462869262299,0.9238287267167083,0.9990481942659244,0.9394462869262299,0.2222222222222222,0.2222222222222222,0 1 2 3 5 6 7 8,H00 H01 H10 H02 H20 H03 H12 H21,1 2 3 5 6 7 8,H01 H10 H02 H20 H03 H12 H21
random,2,3,7,7,8,7,0.7777777777777778,0.7777777777777778,0.7777777777777778,0.0009206190006807446,0.944899339507933,0.922486204477758,0.9990793809993193,0.944899339507933,0.2222222222222222,0.2222222222222222,0 1 3 4 6 7 8 9,H00 H01 H02 H11 H03 H12 H21 H30,1 3 4 6 7 8 9,H01 H02 H11 H03 H12 H21 H30
random,2,4,7,7,8,7,0.7777777777777778,0.7777777777777778,0.7777777777777778,0.0008562618168070912,0.9473483038271083,0.9264489977284547,0.9991437381831929,0.9473483038271083,0.2222222222222222,0.2222222222222222,0 1 2 4 5 7 8 9,H00 H01 H10 H11 H20 H12 H21 H30,1 2 4 5 7 8 9,H01 H10 H11 H20 H12 H21 H30
random,2,5,7,7,8,7,0.7777777777777778,0.7777777777777778,0.7777777777777778,0.0009518057340756059,0.9394462869262299,0.9238287267167083,0.9990481942659244,0.9394462869262299,0.2222222222222222,0.2222222222222222,0 1 2 3 5 6 7 8,H00 H01 H10 H02 H20 H03 H12 H21,1 2 3 5 6 7 8,H01 H10 H02 H20 H03 H12 H21
random,2,6,7,7,8,7,0.7777777777777778,0.7777777777777778,0.7777777777777778,0.0009332720073871315,0.9400951407681464,0.9261568256583453,0.9990667279926129,0.9400951407681464,0.2222222222222222,0.2222222222222222,0 1 2 3 5 6 8 9,H00 H01 H10 H02 H20 H03 H21 H30,1 2 3 5 6 8 9,H01 H10 H02 H20 H03 H21 H30
random,2,7,7,7,8,7,0.7777777777777778,0.7777777777777778,0.7777777777777778,0.0007450944394804537,0.9538364659520874,0.9372377552748007,0.9992549055605195,0.9538364659520874,0.2222222222222222,0.2222222222222222,0 1 2 3 4 5 6 8,H00 H01 H10 H02 H11 H20 H03 H21,1 2 3 4 5 6 8,H01 H10 H02 H11 H20 H03 H21
random,2,8,7,7,8,7,0.7777777777777778,0.7777777777777778,0.7777777777777778,0.0007277625263668597,0.9549572580847246,0.9389885533015859,0.9992722374736331,0.9549572580847246,0.2222222222222222,0.2222222222222222,0 2 3 4 5 6 7 8,H00 H10 H02 H11 H20 H03 H12 H21,2 3 4 5 6 7 8,H10 H02 H11 H20 H03 H12 H21
random,2,9,7,7,8,7,0.7777777777777778,0.7777777777777778,0.7777777777777778,0.000944248866289854,0.9382295993540999,0.922087292047638,0.9990557511337101,0.9382295993540999,0.2222222222222222,0.2222222222222222,0 1 2 3 5 6 7 9,H00 H01 H10 H02 H20 H03 H12 H30,1 2 3 5 6 7 9,H01 H10 H02 H20 H03 H12 H30
random,2,10,7,7,8,7,0.7777777777777778,0.7777777777777778,0.7777777777777778,0.0007247013854794204,0.9550214018960629,0.9400350442138584,0.9992752986145206,0.9550214018960629,0.2222222222222222,0.2222222222222222,0 1 3 4 5 6 7 8,H00 H01 H02 H11 H20 H03 H12 H21,1 3 4 5 6 7 8,H01 H02 H11 H20 H03 H12 H21
random,2,11,7,7,8,7,0.7777777777777778,0.7777777777777778,0.7777777777777778,0.0010645838920027018,0.9326117342065546,0.9123657296058119,0.9989354161079973,0.9326117342065546,0.2222222222222222,0.2222222222222222,0 1 2 5 6 7 8 9,H00 H01 H10 H20 H03 H12 H21 H30,1 2 5 6 7 8 9,H01 H10 H20 H03 H12 H21 H30
random,2,12,7,7,8,7,0.7777777777777778,0.7777777777777778,0.7777777777777778,0.0008488398743793368,0.9480922187675194,0.9274561703664997,0.9991511601256207,0.9480922187675194,0.2222222222222222,0.2222222222222222,0 1 2 4 5 6 7 8,H00 H01 H10 H11 H20 H03 H12 H21,1 2 4 5 6 7 8,H01 H10 H11 H20 H03 H12 H21
random,2,13,7,7,8,7,0.7777777777777778,0.7777777777777778,0.7777777777777778,0.0008562618168070912,0.9473483038271083,0.9264489977284547,0.9991437381831929,0.9473483038271083,0.2222222222222222,0.2222222222222222,0 1 2 4 5 7 8 9,H00 H01 H10 H11 H20 H12 H21 H30,1 2 4 5 7 8 9,H01 H10 H11 H20 H12 H21 H30
random,2,14,7,7,8,7,0.7777777777777778,0.7777777777777778,0.7777777777777778,0.0009265622356906533,0.9400510122815721,0.928524942429804,0.9990734377643093,0.9400510122815721,0.2222222222222222,0.2222222222222222,0 1 3 5 6 7 8 9,H00 H01 H02 H20 H03 H12 H21 H30,1 3 5 6 7 8 9,H01 H02 H20 H03 H12 H21 H30
random,2,15,7,7,8,7,0.7777777777777778,0.7777777777777778,0.7777777777777778,0.0007027831161394715,0.9557722983760017,0.9440583244952612,0.9992972168838605,0.9557722983760017,0.2222222222222222,0.2222222222222222,0 2 3 4 5 7 8 9,H00 H10 H02 H11 H20 H12 H21 H30,2 3 4 5 7 8 9,H10 H02 H11 H20 H12 H21 H30
random,2,16,7,7,8,7,0.7777777777777778,0.7777777777777778,0.7777777777777778,0.0010645838920027018,0.9326117342065546,0.9123657296058119,0.9989354161079973,0.9326117342065546,0.2222222222222222,0.2222222222222222,0 1 2 5 6 7 8 9,H00 H01 H10 H20 H03 H12 H21 H30,1 2 5 6 7 8 9,H01 H10 H20 H03 H12 H21 H30
random,2,17,7,7,8,7,0.7777777777777778,0.7777777777777778,0.7777777777777778,0.0006944985361769795,0.9569655697566859,0.9425787766703486,0.999305501463823,0.9569655697566859,0.2222222222222222,0.2222222222222222,0 3 4 5 6 7 8 9,H00 H02 H11 H20 H03 H12 H21 H30,3 4 5 6 7 8 9,H02 H11 H20 H03 H12 H21 H30
random,2,18,7,7,8,7,0.7777777777777778,0.7777777777777778,0.7777777777777778,0.0009518057340756059,0.9394462869262299,0.9238287267167083,0.9990481942659244,0.9394462869262299,0.2222222222222222,0.2222222222222222,0 1 2 3 5 6 7 8,H00 H01 H10 H02 H20 H03 H12 H21,1 2 3 5 6 7 8,H01 H10 H02 H20 H03 H12 H21
random,2,19,7,7,8,7,0.7777777777777778,0.7777777777777778,0.7777777777777778,0.0007078849012032151,0.9558871073934042,0.9421111078634773,0.9992921150987968,0.9558871073934042,0.2222222222222222,0.2222222222222222,0 1 3 4 5 7 8 9,H00 H01 H02 H11 H20 H12 H21 H30,1 3 4 5 7 8 9,H01 H02 H11 H20 H12 H21 H30
random,2,0,8,8,9,8,0.8888888888888888,0.8888888888888888,0.8888888888888888,0.000926346518099308,0.9402347900389775,0.9281910496784211,0.9990736534819007,0.9402347900389775,0.11111111111111116,0.11111111111111116,0 1 2 3 5 6 7 8 9,H00 H01 H10 H02 H20 H03 H12 H21 H30,1 2 3 5 6 7 8 9,H01 H10 H02 H20 H03 H12 H21 H30
random,2,1,8,8,9,8,0.8888888888888888,0.8888888888888888,0.8888888888888888,0.0007246733293868601,0.9550028646920722,0.9401209564851782,0.9992753266706131,0.9550028646920722,0.11111111111111116,0.11111111111111116,0 1 2 3 4 5 6 7 8,H00 H01 H10 H02 H11 H20 H03 H12 H21,1 2 3 4 5 6 7 8,H01 H10 H02 H11 H20 H03 H12 H21
random,2,2,8,8,9,8,0.8888888888888888,0.8888888888888888,0.8888888888888888,0.0009196809260174632,0.945130929722939,0.921865396670791,0.9990803190739825,0.945130929722939,0.11111111111111116,0.11111111111111116,0 1 2 3 4 6 7 8 9,H00 H01 H10 H02 H11 H03 H12 H21 H30,1 2 3 4 6 7 8 9,H01 H10 H02 H11 H03 H12 H21 H30
random,2,3,8,8,9,8,0.8888888888888888,0.8888888888888888,0.8888888888888888,0.000926346518099308,0.9402347900389775,0.9281910496784211,0.9990736534819007,0.9402347900389775,0.11111111111111116,0.11111111111111116,0 1 2 3 5 6 7 8 9,H00 H01 H10 H02 H20 H03 H12 H21 H30,1 2 3 5 6 7 8 9,H01 H10 H02 H20 H03 H12 H21 H30
random,2,4,8,8,9,8,0.8888888888888888,0.8888888888888888,0.8888888888888888,0.0006870478391647339,0.957169543938461,0.9443782788840123,0.9993129521608353,0.957169543938461,0.11111111111111116,0.11111111111111116,0 1 3 4 5 6 7 8 9,H00 H01 H02 H11 H20 H03 H12 H21 H30,1 3 4 5 6 7 8 9,H01 H02 H11 H20 H03 H12 H21 H30
random,2,5,8,8,9,8,0.8888888888888888,0.8888888888888888,0.8888888888888888,0.0006827142788097262,0.9568349844670891,0.9462155680979311,0.9993172857211903,0.9568349844670891,0.11111111111111116,0.11111111111111116,0 1 2 3 4 5 6 8 9,H00 H01 H10 H02 H11 H20 H03 H21 H30,1 2 3 4 5 6 8 9,H01 H10 H02 H11 H20 H03 H21 H30
random,2,6,8,8,9,8,0.8888888888888888,0.8888888888888888,0.8888888888888888,0.0006891642115078866,0.9561768346039775,0.9446834973170887,0.9993108357884921,0.9561768346039775,0.11111111111111116,0.11111111111111116,0 1 2 3 4 5 6 7 9,H00 H01 H10 H02 H11 H20 H03 H12 H30,1 2 3 4 5 6 7 9,H01 H10 H02 H11 H20 H03 H12 H30
random,2,7,8,8,9,8,0.8888888888888888,0.8888888888888888,0.8888888888888888,0.0006870478391647339,0.957169543938461,0.9443782788840123,0.9993129521608353,0.957169543938461,0.11111111111111116,0.11111111111111116,0 1 3 4 5 6 7 8 9,H00 H01 H02 H11 H20 H03 H12 H21 H30,1 3 4 5 6 7 8 9,H01 H02 H11 H20 H03 H12 H21 H30
random,2,8,8,8,9,8,0.8888888888888888,0.8888888888888888,0.8888888888888888,0.0007027773535810411,0.9557769786872138,0.9440329580419076,0.999297222646419,0.9557769786872138,0.11111111111111116,0.11111111111111116,0 1 2 3 4 5 7 8 9,H00 H01 H10 H02 H11 H20 H12 H21 H30,1 2 3 4 5 7 8 9,H01 H10 H02 H11 H20 H12 H21 H30
random,2,9,8,8,9,8,0.8888888888888888,0.8888888888888888,0.8888888888888888,0.0008448155131191015,0.9482952653918765,0.928877115043224,0.9991551844868809,0.9482952653918765,0.11111111111111116,0.11111111111111116,0 1 2 4 5 6 7 8 9,H00 H01 H10 H11 H20 H03 H12 H21 H30,1 2 4 5 6 7 8 9,H01 H10 H11 H20 H03 H12 H21 H30
random,2,10,8,8,9,8,0.8888888888888888,0.8888888888888888,0.8888888888888888,0.0009196809260174632,0.945130929722939,0.921865396670791,0.9990803190739825,0.945130929722939,0.11111111111111116,0.11111111111111116,0 1 2 3 4 6 7 8 9,H00 H01 H10 H02 H11 H03 H12 H21 H30,1 2 3 4 6 7 8 9,H01 H10 H02 H11 H03 H12 H21 H30
random,2,11,8,8,9,8,0.8888888888888888,0.8888888888888888,0.8888888888888888,0.0008448155131191015,0.9482952653918765,0.928877115043224,0.9991551844868809,0.9482952653918765,0.11111111111111116,0.11111111111111116,0 1 2 4 5 6 7 8 9,H00 H01 H10 H11 H20 H03 H12 H21 H30,1 2 4 5 6 7 8 9,H01 H10 H11 H20 H03 H12 H21 H30
random,2,12,8,8,9,8,0.8888888888888888,0.8888888888888888,0.8888888888888888,0.0007246733293868601,0.9550028646920722,0.9401209564851782,0.9992753266706131,0.9550028646920722,0.11111111111111116,0.11111111111111116,0 1 2 3 4 5 6 7 8,H00 H01 H10 H02 H11 H20 H03 H12 H21,1 2 3 4 5 6 7 8,H01 H10 H02 H11 H20 H03 H12 H21
random,2,13,8,8,9,8,0.8888888888888888,0.8888888888888888,0.8888888888888888,0.000926346518099308,0.9402347900389775,0.9281910496784211,0.9990736534819007,0.9402347900389775,0.11111111111111116,0.11111111111111116,0 1 2 3 5 6 7 8 9,H00 H01 H10 H02 H20 H03 H12 H21 H30,1 2 3 5 6 7 8 9,H01 H10 H02 H20 H03 H12 H21 H30
random,2,14,8,8,9,8,0.8888888888888888,0.8888888888888888,0.8888888888888888,0.0009196809260174632,0.945130929722939,0.921865396670791,0.9990803190739825,0.945130929722939,0.11111111111111116,0.11111111111111116,0 1 2 3 4 6 7 8 9,H00 H01 H10 H02 H11 H03 H12 H21 H30,1 2 3 4 6 7 8 9,H01 H10 H02 H11 H03 H12 H21 H30
random,2,15,8,8,9,8,0.8888888888888888,0.8888888888888888,0.8888888888888888,0.0007027773535810411,0.9557769786872138,0.9440329580419076,0.999297222646419,0.9557769786872138,0.11111111111111116,0.11111111111111116,0 1 2 3 4 5 7 8 9,H00 H01 H10 H02 H11 H20 H12 H21 H30,1 2 3 4 5 7 8 9,H01 H10 H02 H11 H20 H12 H21 H30
random,2,16,8,8,9,8,0.8888888888888888,0.8888888888888888,0.8888888888888888,0.0006891642115078866,0.9561768346039775,0.9446834973170887,0.9993108357884921,0.9561768346039775,0.11111111111111116,0.11111111111111116,0 1 2 3 4 5 6 7 9,H00 H01 H10 H02 H11 H20 H03 H12 H30,1 2 3 4 5 6 7 9,H01 H10 H02 H11 H20 H03 H12 H30
random,2,17,8,8,9,8,0.8888888888888888,0.8888888888888888,0.8888888888888888,0.0008448155131191015,0.9482952653918765,0.928877115043224,0.9991551844868809,0.9482952653918765,0.11111111111111116,0.11111111111111116,0 1 2 4 5 6 7 8 9,H00 H01 H10 H11 H20 H03 H12 H21 H30,1 2 4 5 6 7 8 9,H01 H10 H11 H20 H03 H12 H21 H30
random,2,18,8,8,9,8,0.8888888888888888,0.8888888888888888,0.8888888888888888,0.0007246733293868601,0.9550028646920722,0.9401209564851782,0.9992753266706131,0.9550028646920722,0.11111111111111116,0.11111111111111116,0 1 2 3 4 5 6 7 8,H00 H01 H10 H02 H11 H20 H03 H12 H21,1 2 3 4 5 6 7 8,H01 H10 H02 H11 H20 H03 H12 H21
random,2,19,8,8,9,8,0.8888888888888888,0.8888888888888888,0.8888888888888888,0.0007027773535810411,0.9557769786872138,0.9440329580419076,0.999297222646419,0.9557769786872138,0.11111111111111116,0.11111111111111116,0 1 2 3 4 5 7 8 9,H00 H01 H10 H02 H11 H20 H12 H21 H30,1 2 3 4 5 7 8 9,H01 H10 H02 H11 H20 H12 H21 H30
random,2,0,9,9,10,9,1.0,1.0,1.0,0.0006764421705156565,0.957228401788775,0.9471644427243701,0.9993235578294843,0.957228401788775,0.0,0.0,0 1 2 3 4 5 6 7 8 9,H00 H01 H10 H02 H11 H20 H03 H12 H21 H30,1 2 3 4 5 6 7 8 9,H01 H10 H02 H11 H20 H03 H12 H21 H30
random,2,1,9,9,10,9,1.0,1.0,1.0,0.0006764421705156565,0.957228401788775,0.9471644427243701,0.9993235578294843,0.957228401788775,0.0,0.0,0 1 2 3 4 5 6 7 8 9,H00 H01 H10 H02 H11 H20 H03 H12 H21 H30,1 2 3 4 5 6 7 8 9,H01 H10 H02 H11 H20 H03 H12 H21 H30
random,2,2,9,9,10,9,1.0,1.0,1.0,0.0006764421705156565,0.957228401788775,0.9471644427243701,0.9993235578294843,0.957228401788775,0.0,0.0,0 1 2 3 4 5 6 7 8 9,H00 H01 H10 H02 H11 H20 H03 H12 H21 H30,1 2 3 4 5 6 7 8 9,H01 H10 H02 H11 H20 H03 H12 H21 H30
random,2,3,9,9,10,9,1.0,1.0,1.0,0.0006764421705156565,0.957228401788775,0.9471644427243701,0.9993235578294843,0.957228401788775,0.0,0.0,0 1 2 3 4 5 6 7 8 9,H00 H01 H10 H02 H11 H20 H03 H12 H21 H30,1 2 3 4 5 6 7 8 9,H01 H10 H02 H11 H20 H03 H12 H21 H30
random,2,4,9,9,10,9,1.0,1.0,1.0,0.0006764421705156565,0.957228401788775,0.9471644427243701,0.9993235578294843,0.957228401788775,0.0,0.0,0 1 2 3 4 5 6 7 8 9,H00 H01 H10 H02 H11 H20 H03 H12 H21 H30,1 2 3 4 5 6 7 8 9,H01 H10 H02 H11 H20 H03 H12 H21 H30
random,2,5,9,9,10,9,1.0,1.0,1.0,0.0006764421705156565,0.957228401788775,0.9471644427243701,0.9993235578294843,0.957228401788775,0.0,0.0,0 1 2 3 4 5 6 7 8 9,H00 H01 H10 H02 H11 H20 H03 H12 H21 H30,1 2 3 4 5 6 7 8 9,H01 H10 H02 H11 H20 H03 H12 H21 H30
random,2,6,9,9,10,9,1.0,1.0,1.0,0.0006764421705156565,0.957228401788775,0.9471644427243701,0.9993235578294843,0.957228401788775,0.0,0.0,0 1 2 3 4 5 6 7 8 9,H00 H01 H10 H02 H11 H20 H03 H12 H21 H30,1 2 3 4 5 6 7 8 9,H01 H10 H02 H11 H20 H03 H12 H21 H30
random,2,7,9,9,10,9,1.0,1.0,1.0,0.0006764421705156565,0.957228401788775,0.9471644427243701,0.9993235578294843,0.957228401788775,0.0,0.0,0 1 2 3 4 5 6 7 8 9,H00 H01 H10 H02 H11 H20 H03 H12 H21 H30,1 2 3 4 5 6 7 8 9,H01 H10 H02 H11 H20 H03 H12 H21 H30
random,2,8,9,9,10,9,1.0,1.0,1.0,0.0006764421705156565,0.957228401788775,0.9471644427243701,0.9993235578294843,0.957228401788775,0.0,0.0,0 1 2 3 4 5 6 7 8 9,H00 H01 H10 H02 H11 H20 H03 H12 H21 H30,1 2 3 4 5 6 7 8 9,H01 H10 H02 H11 H20 H03 H12 H21 H30
random,2,9,9,9,10,9,1.0,1.0,1.0,0.0006764421705156565,0.957228401788775,0.9471644427243701,0.9993235578294843,0.957228401788775,0.0,0.0,0 1 2 3 4 5 6 7 8 9,H00 H01 H10 H02 H11 H20 H03 H12 H21 H30,1 2 3 4 5 6 7 8 9,H01 H10 H02 H11 H20 H03 H12 H21 H30
random,2,10,9,9,10,9,1.0,1.0,1.0,0.0006764421705156565,0.957228401788775,0.9471644427243701,0.9993235578294843,0.957228401788775,0.0,0.0,0 1 2 3 4 5 6 7 8 9,H00 H01 H10 H02 H11 H20 H03 H12 H21 H30,1 2 3 4 5 6 7 8 9,H01 H10 H02 H11 H20 H03 H12 H21 H30
random,2,11,9,9,10,9,1.0,1.0,1.0,0.0006764421705156565,0.957228401788775,0.9471644427243701,0.9993235578294843,0.957228401788775,0.0,0.0,0 1 2 3 4 5 6 7 8 9,H00 H01 H10 H02 H11 H20 H03 H12 H21 H30,1 2 3 4 5 6 7 8 9,H01 H10 H02 H11 H20 H03 H12 H21 H30
random,2,12,9,9,10,9,1.0,1.0,1.0,0.0006764421705156565,0.957228401788775,0.9471644427243701,0.9993235578294843,0.957228401788775,0.0,0.0,0 1 2 3 4 5 6 7 8 9,H00 H01 H10 H02 H11 H20 H03 H12 H21 H30,1 2 3 4 5 6 7 8 9,H01 H10 H02 H11 H20 H03 H12 H21 H30
random,2,13,9,9,10,9,1.0,1.0,1.0,0.0006764421705156565,0.957228401788775,0.9471644427243701,0.9993235578294843,0.957228401788775,0.0,0.0,0 1 2 3 4 5 6 7 8 9,H00 H01 H10 H02 H11 H20 H03 H12 H21 H30,1 2 3 4 5 6 7 8 9,H01 H10 H02 H11 H20 H03 H12 H21 H30
random,2,14,9,9,10,9,1.0,1.0,1.0,0.0006764421705156565,0.957228401788775,0.9471644427243701,0.9993235578294843,0.957228401788775,0.0,0.0,0 1 2 3 4 5 6 7 8 9,H00 H01 H10 H02 H11 H20 H03 H12 H21 H30,1 2 3 4 5 6 7 8 9,H01 H10 H02 H11 H20 H03 H12 H21 H30
random,2,15,9,9,10,9,1.0,1.0,1.0,0.0006764421705156565,0.957228401788775,0.9471644427243701,0.9993235578294843,0.957228401788775,0.0,0.0,0 1 2 3 4 5 6 7 8 9,H00 H01 H10 H02 H11 H20 H03 H12 H21 H30,1 2 3 4 5 6 7 8 9,H01 H10 H02 H11 H20 H03 H12 H21 H30
random,2,16,9,9,10,9,1.0,1.0,1.0,0.0006764421705156565,0.957228401788775,0.9471644427243701,0.9993235578294843,0.957228401788775,0.0,0.0,0 1 2 3 4 5 6 7 8 9,H00 H01 H10 H02 H11 H20 H03 H12 H21 H30,1 2 3 4 5 6 7 8 9,H01 H10 H02 H11 H20 H03 H12 H21 H30
random,2,17,9,9,10,9,1.0,1.0,1.0,0.0006764421705156565,0.957228401788775,0.9471644427243701,0.9993235578294843,0.957228401788775,0.0,0.0,0 1 2 3 4 5 6 7 8 9,H00 H01 H10 H02 H11 H20 H03 H12 H21 H30,1 2 3 4 5 6 7 8 9,H01 H10 H02 H11 H20 H03 H12 H21 H30
random,2,18,9,9,10,9,1.0,1.0,1.0,0.0006764421705156565,0.957228401788775,0.9471644427243701,0.9993235578294843,0.957228401788775,0.0,0.0,0 1 2 3 4 5 6 7 8 9,H00 H01 H10 H02 H11 H20 H03 H12 H21 H30,1 2 3 4 5 6 7 8 9,H01 H10 H02 H11 H20 H03 H12 H21 H30
random,2,19,9,9,10,9,1.0,1.0,1.0,0.0006764421705156565,0.957228401788775,0.9471644427243701,0.9993235578294843,0.957228401788775,0.0,0.0,0 1 2 3 4 5 6 7 8 9,H00 H01 H10 H02 H11 H20 H03 H12 H21 H30,1 2 3 4 5 6 7 8 9,H01 H10 H02 H11 H20 H03 H12 H21 H30
random,3,0,1,1,2,1,0.1111111111111111,0.1111111111111111,0.1111111111111111,0.0018652157159522176,0.85566512718088,0.8441736277601063,0.9981347842840478,0.85566512718088,0.8888888888888888,0.8888888888888888,0 5,H00 H20,5,H20
random,3,1,1,1,2,1,0.1111111111111111,0.1111111111111111,0.1111111111111111,0.0018813424976542592,0.8687248382092798,0.8392101241978032,0.9981186575023457,0.8687248382092798,0.8888888888888888,0.8888888888888888,0 4,H00 H11,4,H11
random,3,2,1,1,2,1,0.1111111111111111,0.1111111111111111,0.1111111111111111,0.0026270248927176,0.8026635848632465,0.7472846757069804,0.9973729751072824,0.8026635848632465,0.8888888888888888,0.8888888888888888,0 6,H00 H03,6,H03
random,3,3,1,1,2,1,0.1111111111111111,0.1111111111111111,0.1111111111111111,0.0021134645212441683,0.8512975246873634,0.7906227055825796,0.9978865354787558,0.8512975246873634,0.8888888888888888,0.8888888888888888,0 2,H00 H10,2,H10
random,3,4,1,1,2,1,0.1111111111111111,0.1111111111111111,0.1111111111111111,0.002040333580225706,0.8487431673459293,0.8142503258792364,0.9979596664197743,0.8487431673459293,0.8888888888888888,0.8888888888888888,0 7,H00 H12,7,H12
random,3,5,1,1,2,1,0.1111111111111111,0.1111111111111111,0.1111111111111111,0.0026270248927176,0.8026635848632465,0.7472846757069804,0.9973729751072824,0.8026635848632465,0.8888888888888888,0.8888888888888888,0 6,H00 H03,6,H03
random,3,6,1,1,2,1,0.1111111111111111,0.1111111111111111,0.1111111111111111,0.0021134645212441683,0.8512975246873634,0.7906227055825796,0.9978865354787558,0.8512975246873634,0.8888888888888888,0.8888888888888888,0 2,H00 H10,2,H10
random,3,7,1,1,2,1,0.1111111111111111,0.1111111111111111,0.1111111111111111,0.002488808473572135,0.8171775240592845,0.7617351984726299,0.9975111915264279,0.8171775240592845,0.8888888888888888,0.8888888888888888,0 9,H00 H30,9,H30
random,3,8,1,1,2,1,0.1111111111111111,0.1111111111111111,0.1111111111111111,0.001979915890842676,0.84921199316325,0.854120023197297,0.9980200841091573,0.84921199316325,0.8888888888888888,0.8888888888888888,0 8,H00 H21,8,H21
random,3,9,1,1,2,1,0.1111111111111111,0.1111111111111111,0.1111111111111111,0.001924615353345871,0.8473481196781685,0.8038445318655341,0.9980753846466541,0.8473481196781685,0.8888888888888888,0.8888888888888888,0 3,H00 H02,3,H02
random,3,10,1,1,2,1,0.1111111111111111,0.1111111111111111,0.1111111111111111,0.0018652157159522176,0.85566512718088,0.8441736277601063,0.9981347842840478,0.85566512718088,0.8888888888888888,0.8888888888888888,0 5,H00 H20,5,H20
random,3,11,1,1,2,1,0.1111111111111111,0.1111111111111111,0.1111111111111111,0.002488808473572135,0.8171775240592845,0.7617351984726299,0.9975111915264279,0.8171775240592845,0.8888888888888888,0.8888888888888888,0 9,H00 H30,9,H30
random,3,12,1,1,2,1,0.1111111111111111,0.1111111111111111,0.1111111111111111,0.001924615353345871,0.8473481196781685,0.8038445318655341,0.9980753846466541,0.8473481196781685,0.8888888888888888,0.8888888888888888,0 3,H00 H02,3,H02
random,3,13,1,1,2,1,0.1111111111111111,0.1111111111111111,0.1111111111111111,0.0018652157159522176,0.85566512718088,0.8441736277601063,0.9981347842840478,0.85566512718088,0.8888888888888888,0.8888888888888888,0 5,H00 H20,5,H20
random,3,14,1,1,2,1,0.1111111111111111,0.1111111111111111,0.1111111111111111,0.001924615353345871,0.8473481196781685,0.8038445318655341,0.9980753846466541,0.8473481196781685,0.8888888888888888,0.8888888888888888,0 3,H00 H02,3,H02
random,3,15,1,1,2,1,0.1111111111111111,0.1111111111111111,0.1111111111111111,0.002040333580225706,0.8487431673459293,0.8142503258792364,0.9979596664197743,0.8487431673459293,0.8888888888888888,0.8888888888888888,0 7,H00 H12,7,H12
random,3,16,1,1,2,1,0.1111111111111111,0.1111111111111111,0.1111111111111111,0.0018652157159522176,0.85566512718088,0.8441736277601063,0.9981347842840478,0.85566512718088,0.8888888888888888,0.8888888888888888,0 5,H00 H20,5,H20
random,3,17,1,1,2,1,0.1111111111111111,0.1111111111111111,0.1111111111111111,0.0018652157159522176,0.85566512718088,0.8441736277601063,0.9981347842840478,0.85566512718088,0.8888888888888888,0.8888888888888888,0 5,H00 H20,5,H20
random,3,18,1,1,2,1,0.1111111111111111,0.1111111111111111,0.1111111111111111,0.0018652157159522176,0.85566512718088,0.8441736277601063,0.9981347842840478,0.85566512718088,0.8888888888888888,0.8888888888888888,0 5,H00 H20,5,H20
random,3,19,1,1,2,1,0.1111111111111111,0.1111111111111111,0.1111111111111111,0.0021134645212441683,0.8512975246873634,0.7906227055825796,0.9978865354787558,0.8512975246873634,0.8888888888888888,0.8888888888888888,0 2,H00 H10,2,H10
random,3,0,2,2,3,2,0.2222222222222222,0.2222222222222222,0.2222222222222222,0.0019488957477733493,0.8557318028917494,0.8522630866170106,0.9980511042522267,0.8557318028917494,0.7777777777777778,0.7777777777777778,0 1 8,H00 H01 H21,1 8,H01 H21
random,3,1,2,2,3,2,0.2222222222222222,0.2222222222222222,0.2222222222222222,0.001564491307362914,0.8805780591361233,0.8198315256060813,0.9984355086926371,0.8805780591361233,0.7777777777777778,0.7777777777777778,0 1 3,H00 H01 H02,1 3,H01 H02
random,3,2,2,2,3,2,0.2222222222222222,0.2222222222222222,0.2222222222222222,0.0014580400893464684,0.8810303639022548,0.8621503141332975,0.9985419599106535,0.8810303639022548,0.7777777777777778,0.7777777777777778,0 5 9,H00 H20 H30,5 9,H20 H30
random,3,3,2,2,3,2,0.2222222222222222,0.2222222222222222,0.2222222222222222,0.0011049661552533507,0.9123071013782594,0.9119256342374444,0.9988950338447466,0.9123071013782594,0.7777777777777778,0.7777777777777778,0 3 5,H00 H02 H20,3 5,H02 H20
random,3,4,2,2,3,2,0.2222222222222222,0.2222222222222222,0.2222222222222222,0.001576871145516634,0.8924178218249759,0.8618925942057912,0.9984231288544834,0.8924178218249759,0.7777777777777778,0.7777777777777778,0 4 9,H00 H11 H30,4 9,H11 H30
random,3,5,2,2,3,2,0.2222222222222222,0.2222222222222222,0.2222222222222222,0.0012808043975383043,0.906972157304905,0.9003146968197608,0.9987191956024617,0.906972157304905,0.7777777777777778,0.7777777777777778,0 4 5,H00 H11 H20,4 5,H11 H20
random,3,6,2,2,3,2,0.2222222222222222,0.2222222222222222,0.2222222222222222,0.0016879672184586525,0.863819959618851,0.840356497340902,0.9983120327815413,0.863819959618851,0.7777777777777778,0.7777777777777778,0 3 7,H00 H02 H12,3 7,H02 H12
random,3,7,2,2,3,2,0.2222222222222222,0.2222222222222222,0.2222222222222222,0.0012503177858889103,0.9059180657198823,0.885219254760762,0.9987496822141111,0.9059180657198823,0.7777777777777778,0.7777777777777778,0 3 4,H00 H02 H11,3 4,H02 H11
random,3,8,2,2,3,2,0.2222222222222222,0.2222222222222222,0.2222222222222222,0.0014255224959924817,0.9036774028349539,0.8656107371070696,0.9985744775040075,0.9036774028349539,0.7777777777777778,0.7777777777777778,0 4 7,H00 H11 H12,4 7,H11 H12
random,3,9,2,2,3,2,0.2222222222222222,0.2222222222222222,0.2222222222222222,0.001819194876588881,0.8694194053276469,0.8233249104966498,0.9981808051234111,0.8694194053276469,0.7777777777777778,0.7777777777777778,0 2 6,H00 H10 H03,2 6,H10 H03
random,3,10,2,2,3,2,0.2222222222222222,0.2222222222222222,0.2222222222222222,0.001680185436271131,0.8690021930574733,0.8716617660245161,0.9983198145637289,0.8690021930574733,0.7777777777777778,0.7777777777777778,0 5 8,H00 H20 H21,5 8,H20 H21
random,3,11,2,2,3,2,0.2222222222222222,0.2222222222222222,0.2222222222222222,0.0010997303761541843,0.9089473518637075,0.9094278040664919,0.9989002696238458,0.9089473518637075,0.7777777777777778,0.7777777777777778,0 5 7,H00 H20 H12,5 7,H20 H12
random,3,12,2,2,3,2,0.2222222222222222,0.2222222222222222,0.2222222222222222,0.0014431198360398412,0.8971726582756578,0.8848751926318554,0.9985568801639602,0.8971726582756578,0.7777777777777778,0.7777777777777778,0 4 8,H00 H11 H21,4 8,H11 H21
random,3,13,2,2,3,2,0.2222222222222222,0.2222222222222222,0.2222222222222222,0.0015293292235583067,0.8825631157874919,0.8545420464460763,0.9984706707764417,0.8825631157874919,0.7777777777777778,0.7777777777777778,0 2 3,H00 H10 H02,2 3,H10 H02
random,3,14,2,2,3,2,0.2222222222222222,0.2222222222222222,0.2222222222222222,0.0021605798974633217,0.8396102784690973,0.7982439344041514,0.9978394201025367,0.8396102784690973,0.7777777777777778,0.7777777777777778,0 6 9,H00 H03 H30,6 9,H03 H30
random,3,15,2,2,3,2,0.2222222222222222,0.2222222222222222,0.2222222222222222,0.0016879672184586525,0.863819959618851,0.840356497340902,0.9983120327815413,0.863819959618851,0.7777777777777778,0.7777777777777778,0 3 7,H00 H02 H12,3 7,H02 H12
random,3,16,2,2,3,2,0.2222222222222222,0.2222222222222222,0.2222222222222222,0.001680185436271131,0.8690021930574733,0.8716617660245161,0.9983198145637289,0.8690021930574733,0.7777777777777778,0.7777777777777778,0 5 8,H00 H20 H21,5 8,H20 H21
random,3,17,2,2,3,2,0.2222222222222222,0.2222222222222222,0.2222222222222222,0.0015508932992815971,0.8801853242734454,0.8755433300333579,0.9984491067007184,0.8801853242734454,0.7777777777777778,0.7777777777777778,0 1 5,H00 H01 H20,1 5,H01 H20
random,3,18,2,2,3,2,0.2222222222222222,0.2222222222222222,0.2222222222222222,0.0015458411071449518,0.8822236675481167,0.8777542781139986,0.998454158892855,0.8822236675481167,0.7777777777777778,0.7777777777777778,0 8 9,H00 H21 H30,8 9,H21 H30
random,3,19,2,2,3,2,0.2222222222222222,0.2222222222222222,0.2222222222222222,0.0016648563323542476,0.866807188271732,0.8126235100277102,0.9983351436676458,0.866807188271732,0.7777777777777778,0.7777777777777778,0 3 6,H00 H02 H03,3 6,H02 H03
random,3,0,3,3,4,3,0.3333333333333333,0.3333333333333333,0.3333333333333333,0.000989809399470687,0.9211250531723043,0.9219510821201259,0.9990101906005293,0.9211250531723043,0.6666666666666667,0.6666666666666667,0 3 5 8,H00 H02 H20 H21,3 5 8,H02 H20 H21
random,3,1,3,3,4,3,0.3333333333333333,0.3333333333333333,0.3333333333333333,0.00113095180131495,0.9102081332563928,0.9149403560552917,0.998869048198685,0.9102081332563928,0.6666666666666667,0.6666666666666667,0 6 7 8,H00 H03 H12 H21,6 7 8,H03 H12 H21
random,3,2,3,3,4,3,0.3333333333333333,0.3333333333333333,0.3333333333333333,0.0011737665627151728,0.9116771120166098,0.8905931841202097,0.9988262334372848,0.9116771120166098,0.6666666666666667,0.6666666666666667,0 3 4 7,H00 H02 H11 H12,3 4 7,H02 H11 H12
random,3,3,3,3,4,3,0.3333333333333333,0.3333333333333333,0.3333333333333333,0.0013482007198035717,0.8936305874327417,0.8683324027913568,0.9986517992801964,0.8936305874327417,0.6666666666666667,0.6666666666666667,0 2 5 9,H00 H10 H20 H30,2 5 9,H10 H20 H30
random,3,4,3,3,4,3,0.3333333333333333,0.3333333333333333,0.3333333333333333,0.001150942174717784,0.9139535858979123,0.8843702225109025,0.9988490578252822,0.9139535858979123,0.6666666666666667,0.6666666666666667,0 3 4 6,H00 H02 H11 H03,3 4 6,H02 H11 H03
random,3,5,3,3,4,3,0.3333333333333333,0.3333333333333333,0.3333333333333333,0.0010785420890897512,0.9199191486190531,0.9053952429662735,0.9989214579109102,0.9199191486190531,0.6666666666666667,0.6666666666666667,0 3 4 9,H00 H02 H11 H30,3 4 9,H02 H11 H30
random,3,6,3,3,4,3,0.3333333333333333,0.3333333333333333,0.3333333333333333,0.001425496768206358,0.885327396420463,0.8539829542540547,0.9985745032317936,0.885327396420463,0.6666666666666667,0.6666666666666667,0 3 6 9,H00 H02 H03 H30,3 6 9,H02 H03 H30
random,3,7,3,3,4,3,0.3333333333333333,0.3333333333333333,0.3333333333333333,0.0011796421604231,0.904801251515126,0.9008565597346313,0.9988203578395769,0.904801251515126,0.6666666666666667,0.6666666666666667,0 1 3 8,H00 H01 H02 H21,1 3 8,H01 H02 H21
random,3,8,3,3,4,3,0.3333333333333333,0.3333333333333333,0.3333333333333333,0.0011290318798273802,0.9125857171774194,0.9141092572785251,0.9988709681201726,0.9125857171774194,0.6666666666666667,0.6666666666666667,0 1 7 8,H00 H01 H12 H21,1 7 8,H01 H12 H21
random,3,9,3,3,4,3,0.3333333333333333,0.3333333333333333,0.3333333333333333,0.0018123120535165071,0.8684512674454135,0.8168568090103342,0.9981876879464835,0.8684512674454135,0.6666666666666667,0.6666666666666667,0 2 6 9,H00 H10 H03 H30,2 6 9,H10 H03 H30
random,3,10,3,3,4,3,0.3333333333333333,0.3333333333333333,0.3333333333333333,0.001154858386144042,0.9086974884309185,0.8948435113320167,0.998845141613856,0.9086974884309185,0.6666666666666667,0.6666666666666667,0 2 5 8,H00 H10 H20 H21,2 5 8,H10 H20 H21
random,3,11,3,3,4,3,0.3333333333333333,0.3333333333333333,0.3333333333333333,0.0009194145677611232,0.9318297210013257,0.9184107146858836,0.9990805854322389,0.9318297210013257,0.6666666666666667,0.6666666666666667,0 3 4 8,H00 H02 H11 H21,3 4 8,H02 H11 H21
random,3,12,3,3,4,3,0.3333333333333333,0.3333333333333333,0.3333333333333333,0.0013080512871965766,0.8935691568818869,0.887865267935857,0.9986919487128034,0.8935691568818869,0.6666666666666667,0.6666666666666667,0 5 8 9,H00 H20 H21 H30,5 8 9,H20 H21 H30
random,3,13,3,3,4,3,0.3333333333333333,0.3333333333333333,0.3333333333333333,0.0009648364502936602,0.9313389735559929,0.916226178587521,0.9990351635497063,0.9313389735559929,0.6666666666666667,0.6666666666666667,0 4 7 8,H00 H11 H12 H21,4 7 8,H11 H12 H21
random,3,14,3,3,4,3,0.3333333333333333,0.3333333333333333,0.3333333333333333,0.0009194145677611232,0.9318297210013257,0.9184107146858836,0.9990805854322389,0.9318297210013257,0.6666666666666667,0.6666666666666667,0 3 4 8,H00 H02 H11 H21,3 4 8,H02 H11 H21
random,3,15,3,3,4,3,0.3333333333333333,0.3333333333333333,0.3333333333333333,0.0009194145677611232,0.9318297210013257,0.9184107146858836,0.9990805854322389,0.9318297210013257,0.6666666666666667,0.6666666666666667,0 3 4 8,H00 H02 H11 H21,3 4 8,H02 H11 H21
random,3,16,3,3,4,3,0.3333333333333333,0.3333333333333333,0.3333333333333333,0.0014135469682514668,0.9060464089960037,0.8698952742081819,0.9985864530317485,0.9060464089960037,0.6666666666666667,0.6666666666666667,0 4 7 9,H00 H11 H12 H30,4 7 9,H11 H12 H30
random,3,17,3,3,4,3,0.3333333333333333,0.3333333333333333,0.3333333333333333,0.0011796421604231,0.904801251515126,0.9008565597346313,0.9988203578395769,0.904801251515126,0.6666666666666667,0.6666666666666667,0 1 3 8,H00 H01 H02 H21,1 3 8,H01 H02 H21
random,3,18,3,3,4,3,0.3333333333333333,0.3333333333333333,0.3333333333333333,0.0012441714061424136,0.9076237075482623,0.8643076419851424,0.9987558285938576,0.9076237075482623,0.6666666666666667,0.6666666666666667,0 1 2 3,H00 H01 H10 H02,1 2 3,H01 H10 H02
random,3,19,3,3,4,3,0.3333333333333333,0.3333333333333333,0.3333333333333333,0.0016489154659211636,0.8817206510828806,0.8483536243757941,0.9983510845340788,0.8817206510828806,0.6666666666666667,0.6666666666666667,0 2 6 7,H00 H10 H03 H12,2 6 7,H10 H03 H12
random,3,0,4,4,5,4,0.4444444444444444,0.4444444444444444,0.4444444444444444,0.0009537547593936324,0.9201734206516309,0.9233972117532728,0.9990462452406064,0.9201734206516309,0.5555555555555556,0.5555555555555556,0 1 3 8 9,H00 H01 H02 H21 H30,1 3 8 9,H01 H02 H21 H30
random,3,1,4,4,5,4,0.4444444444444444,0.4444444444444444,0.4444444444444444,0.001437371945939958,0.8987019799924351,0.886751915767283,0.99856262805406,0.8987019799924351,0.5555555555555556,0.5555555555555556,0 1 4 6 8,H00 H01 H11 H03 H21,1 4 6 8,H01 H11 H03 H21
random,3,2,4,4,5,4,0.4444444444444444,0.4444444444444444,0.4444444444444444,0.000931349815800786,0.9233905222271342,0.9265218308921565,0.9990686501841992,0.9233905222271342,0.5555555555555556,0.5555555555555556,0 5 6 7 9,H00 H20 H03 H12 H30,5 6 7 9,H20 H03 H12 H30
random,3,3,4,4,5,4,0.4444444444444444,0.4444444444444444,0.4444444444444444,0.0009767899755388498,0.9273996530776216,0.9130724958956352,0.9990232100244612,0.9273996530776216,0.5555555555555556,0.5555555555555556,0 2 4 5 6,H00 H10 H11 H20 H03,2 4 5 6,H10 H11 H20 H03
random,3,4,4,4,5,4,0.4444444444444444,0.4444444444444444,0.4444444444444444,0.0012588435783982277,0.8983746419985215,0.890869905270035,0.9987411564216018,0.8983746419985215,0.5555555555555556,0.5555555555555556,0 1 5 8 9,H00 H01 H20 H21 H30,1 5 8 9,H01 H20 H21 H30
random,3,5,4,4,5,4,0.4444444444444444,0.4444444444444444,0.4444444444444444,0.0009112549596466124,0.9247950908332603,0.9240126948167233,0.9990887450403534,0.9247950908332603,0.5555555555555556,0.5555555555555556,0 1 5 7 9,H00 H01 H20 H12 H30,1 5 7 9,H01 H20 H12 H30
random,3,6,4,4,5,4,0.4444444444444444,0.4444444444444444,0.4444444444444444,0.0012063365429639816,0.919743954559498,0.8764810847444777,0.998793663457036,0.919743954559498,0.5555555555555556,0.5555555555555556,0 1 2 4 7,H00 H01 H10 H11 H12,1 2 4 7,H01 H10 H11 H12
random,3,7,4,4,5,4,0.4444444444444444,0.4444444444444444,0.4444444444444444,0.000797008688095957,0.9396103240115464,0.9325759141825277,0.999202991311904,0.9396103240115464,0.5555555555555556,0.5555555555555556,0 4 5 7 8,H00 H11 H20 H12 H21,4 5 7 8,H11 H20 H12 H21
random,3,8,4,4,5,4,0.4444444444444444,0.4444444444444444,0.4444444444444444,0.0008038725354708731,0.9324115320561757,0.9346916826737907,0.9991961274645291,0.9324115320561757,0.5555555555555556,0.5555555555555556,0 3 5 6 7,H00 H02 H20 H03 H12,3 5 6 7,H02 H20 H03 H12
random,3,9,4,4,5,4,0.4444444444444444,0.4444444444444444,0.4444444444444444,0.001530683133751154,0.8833925821480655,0.8792803373442704,0.9984693168662488,0.8833925821480655,0.5555555555555556,0.5555555555555556,0 1 5 6 8,H00 H01 H20 H03 H21,1 5 6 8,H01 H20 H03 H21
random,3,10,4,4,5,4,0.4444444444444444,0.4444444444444444,0.4444444444444444,0.001144296140410006,0.9152825750082767,0.8835683764620792,0.99885570385959,0.9152825750082767,0.5555555555555556,0.5555555555555556,0 1 3 4 6,H00 H01 H02 H11 H03,1 3 4 6,H01 H02 H11 H03
random,3,11,4,4,5,4,0.4444444444444444,0.4444444444444444,0.4444444444444444,0.0010355464182794094,0.9243711695588869,0.8934705958309995,0.9989644535817206,0.9243711695588869,0.5555555555555556,0.5555555555555556,0 1 2 3 4,H00 H01 H10 H02 H11,1 2 3 4,H01 H10 H02 H11
random,3,12,4,4,5,4,0.4444444444444444,0.4444444444444444,0.4444444444444444,0.0008713913848623633,0.9349391167002257,0.9254557776487141,0.9991286086151376,0.9349391167002257,0.5555555555555556,0.5555555555555556,0 4 5 7 9,H00 H11 H20 H12 H30,4 5 7 9,H11 H20 H12 H30
random,3,13,4,4,5,4,0.4444444444444444,0.4444444444444444,0.4444444444444444,0.0011256318539381027,0.9118141546296166,0.9124308055209785,0.9988743681460619,0.9118141546296166,0.5555555555555556,0.5555555555555556,0 1 6 7 8,H00 H01 H03 H12 H21,1 6 7 8,H01 H03 H12 H21
random,3,14,4,4,5,4,0.4444444444444444,0.4444444444444444,0.4444444444444444,0.0011947688180953264,0.9115870901107718,0.9074921700800452,0.9988052311819047,0.9115870901107718,0.5555555555555556,0.5555555555555556,0 1 4 5 8,H00 H01 H11 H20 H21,1 4 5 8,H01 H11 H20 H21
random,3,15,4,4,5,4,0.4444444444444444,0.4444444444444444,0.4444444444444444,0.0009844806045293808,0.9247419219131844,0.9093315562211687,0.9990155193954706,0.9247419219131844,0.5555555555555556,0.5555555555555556,0 1 2 4 5,H00 H01 H10 H11 H20,1 2 4 5,H01 H10 H11 H20
random,3,16,4,4,5,4,0.4444444444444444,0.4444444444444444,0.4444444444444444,0.0009188709664158523,0.9314929988062481,0.9188453726768813,0.9990811290335841,0.9314929988062481,0.5555555555555556,0.5555555555555556,0 3 4 6 8,H00 H02 H11 H03 H21,3 4 6 8,H02 H11 H03 H21
random,3,17,4,4,5,4,0.4444444444444444,0.4444444444444444,0.4444444444444444,0.0010355464182794094,0.9243711695588869,0.8934705958309995,0.9989644535817206,0.9243711695588869,0.5555555555555556,0.5555555555555556,0 1 2 3 4,H00 H01 H10 H02 H11,1 2 3 4,H01 H10 H02 H11
random,3,18,4,4,5,4,0.4444444444444444,0.4444444444444444,0.4444444444444444,0.0007755841361358762,0.943690968298671,0.9348250277497041,0.9992244158638641,0.943690968298671,0.5555555555555556,0.5555555555555556,0 4 5 6 7,H00 H11 H20 H03 H12,4 5 6 7,H11 H20 H03 H12
random,3,19,4,4,5,4,0.4444444444444444,0.4444444444444444,0.4444444444444444,0.001209737965837121,0.9189858752326081,0.8754834249987584,0.9987902620341629,0.9189858752326081,0.5555555555555556,0.5555555555555556,0 1 4 7 9,H00 H01 H11 H12 H30,1 4 7 9,H01 H11 H12 H30
random,3,0,5,5,6,5,0.5555555555555556,0.5555555555555556,0.5555555555555556,0.0006591801065951586,0.947832921207589,0.9471164276114918,0.9993408198934048,0.947832921207589,0.4444444444444444,0.4444444444444444,0 3 4 5 7 8,H00 H02 H11 H20 H12 H21,3 4 5 7 8,H02 H11 H20 H12 H21
random,3,1,5,5,6,5,0.5555555555555556,0.5555555555555556,0.5555555555555556,0.0011174478568136692,0.9128658233673337,0.8983610865047724,0.9988825521431863,0.9128658233673337,0.4444444444444444,0.4444444444444444,0 1 2 5 6 8,H00 H01 H10 H20 H03 H21,1 2 5 6 8,H01 H10 H20 H03 H21
random,3,2,5,5,6,5,0.5555555555555556,0.5555555555555556,0.5555555555555556,0.0009391935309395194,0.9209661153848333,0.9270808965650333,0.9990608064690605,0.9209661153848333,0.4444444444444444,0.4444444444444444,0 2 5 7 8 9,H00 H10 H20 H12 H21 H30,2 5 7 8 9,H10 H20 H12 H21 H30
random,3,3,5,5,6,5,0.5555555555555556,0.5555555555555556,0.5555555555555556,0.0006894622929394245,0.9479708621958348,0.9405119251484628,0.9993105377070606,0.9479708621958348,0.4444444444444444,0.4444444444444444,0 2 3 4 5 6,H00 H10 H02 H11 H20 H03,2 3 4 5 6,H10 H02 H11 H20 H03
random,3,4,5,5,6,5,0.5555555555555556,0.5555555555555556,0.5555555555555556,0.0010128157446160913,0.9262122321391077,0.9008292807036344,0.9989871842553839,0.9262122321391077,0.4444444444444444,0.4444444444444444,0 1 3 4 7 9,H00 H01 H02 H11 H12 H30,1 3 4 7 9,H01 H02 H11 H12 H30
random,3,5,5,5,6,5,0.5555555555555556,0.5555555555555556,0.5555555555555556,0.0012037681881338358,0.9206374901901669,0.8779974762103788,0.9987962318118662,0.9206374901901669,0.4444444444444444,0.4444444444444444,0 1 2 4 6 7,H00 H01 H10 H11 H03 H12,1 2 4 6 7,H01 H10 H11 H03 H12
random,3,6,5,5,6,5,0.5555555555555556,0.5555555555555556,0.5555555555555556,0.0008036671206355095,0.9336805051097405,0.9332745204515038,0.9991963328793645,0.9336805051097405,0.4444444444444444,0.4444444444444444,0 3 5 6 8 9,H00 H02 H20 H03 H21 H30,3 5 6 8 9,H02 H20 H03 H21 H30
random,3,7,5,5,6,5,0.5555555555555556,0.5555555555555556,0.5555555555555556,0.0009049109648913145,0.9266921543160743,0.9243736798786888,0.9990950890351087,0.9266921543160743,0.4444444444444444,0.4444444444444444,0 1 2 3 8 9,H00 H01 H10 H02 H21 H30,1 2 3 8 9,H01 H10 H02 H21 H30
random,3,8,5,5,6,5,0.5555555555555556,0.5555555555555556,0.5555555555555556,0.0006685452535748482,0.9482795550763677,0.9443187599140092,0.9993314547464252,0.9482795550763677,0.4444444444444444,0.4444444444444444,0 1 3 4 5 9,H00 H01 H02 H11 H20 H30,1 3 4 5 9,H01 H02 H11 H20 H30
random,3,9,5,5,6,5,0.5555555555555556,0.5555555555555556,0.5555555555555556,0.0011538794497027993,0.9166152584814997,0.9130540488900651,0.9988461205502972,0.9166152584814997,0.4444444444444444,0.4444444444444444,0 1 4 5 6 8,H00 H01 H11 H20 H03 H21,1 4 5 6 8,H01 H11 H20 H03 H21
random,3,10,5,5,6,5,0.5555555555555556,0.5555555555555556,0.5555555555555556,0.0006763984565623105,0.9472690524442584,0.9464686256768919,0.9993236015434377,0.9472690524442584,0.4444444444444444,0.4444444444444444,0 2 3 4 5 9,H00 H10 H02 H11 H20 H30,2 3 4 5 9,H10 H02 H11 H20 H30
random,3,11,5,5,6,5,0.5555555555555556,0.5555555555555556,0.5555555555555556,0.0006591801065951586,0.947832921207589,0.9471164276114918,0.9993408198934048,0.947832921207589,0.4444444444444444,0.4444444444444444,0 3 4 5 7 8,H00 H02 H11 H20 H12 H21,3 4 5 7 8,H02 H11 H20 H12 H21
random,3,12,5,5,6,5,0.5555555555555556,0.5555555555555556,0.5555555555555556,0.0007373659173026681,0.9450681987755647,0.9406509500136867,0.9992626340826973,0.9450681987755647,0.4444444444444444,0.4444444444444444,0 1 3 4 5 6,H00 H01 H02 H11 H20 H03,1 3 4 5 6,H01 H02 H11 H20 H03
random,3,13,5,5,6,5,0.5555555555555556,0.5555555555555556,0.5555555555555556,0.0006468939245678484,0.9508999620656196,0.945800267624041,0.9993531060754322,0.9508999620656196,0.4444444444444444,0.4444444444444444,0 3 4 5 6 9,H00 H02 H11 H20 H03 H30,3 4 5 6 9,H02 H11 H20 H03 H30
random,3,14,5,5,6,5,0.5555555555555556,0.5555555555555556,0.5555555555555556,0.0008036671206355095,0.9336805051097405,0.9332745204515038,0.9991963328793645,0.9336805051097405,0.4444444444444444,0.4444444444444444,0 3 5 6 8 9,H00 H02 H20 H03 H21 H30,3 5 6 8 9,H02 H20 H03 H21 H30
random,3,15,5,5,6,5,0.5555555555555556,0.5555555555555556,0.5555555555555556,0.0011174478568136692,0.9128658233673337,0.8983610865047724,0.9988825521431863,0.9128658233673337,0.4444444444444444,0.4444444444444444,0 1 2 5 6 8,H00 H01 H10 H20 H03 H21,1 2 5 6 8,H01 H10 H20 H03 H21
random,3,16,5,5,6,5,0.5555555555555556,0.5555555555555556,0.5555555555555556,0.0009640808566473424,0.9311771473883874,0.9167348405648107,0.9990359191433527,0.9311771473883874,0.4444444444444444,0.4444444444444444,0 1 4 6 7 8,H00 H01 H11 H03 H12 H21,1 4 6 7 8,H01 H11 H03 H12 H21
random,3,17,5,5,6,5,0.5555555555555556,0.5555555555555556,0.5555555555555556,0.0007796296267770231,0.9345197466586348,0.9389415785148311,0.999220370373223,0.9345197466586348,0.4444444444444444,0.4444444444444444,0 2 3 5 7 8,H00 H10 H02 H20 H12 H21,2 3 5 7 8,H10 H02 H20 H12 H21
random,3,18,5,5,6,5,0.5555555555555556,0.5555555555555556,0.5555555555555556,0.0009032412781380117,0.9271806991093224,0.9240920466223274,0.999096758721862,0.9271806991093224,0.4444444444444444,0.4444444444444444,0 2 3 6 7 8,H00 H10 H02 H03 H12 H21,2 3 6 7 8,H10 H02 H03 H12 H21
random,3,19,5,5,6,5,0.5555555555555556,0.5555555555555556,0.5555555555555556,0.001102817477658391,0.9163271887726222,0.9093940333003531,0.9988971825223416,0.9163271887726222,0.4444444444444444,0.4444444444444444,0 1 2 7 8 9,H00 H01 H10 H12 H21 H30,1 2 7 8 9,H01 H10 H12 H21 H30
random,3,0,6,6,7,6,0.6666666666666666,0.6666666666666666,0.6666666666666666,0.0007564263651147485,0.9432656009206448,0.938694213259765,0.9992435736348853,0.9432656009206448,0.33333333333333337,0.33333333333333337,0 2 4 5 6 7 8,H00 H10 H11 H20 H03 H12 H21,2 4 5 6 7 8,H10 H11 H20 H03 H12 H21
random,3,1,6,6,7,6,0.6666666666666666,0.6666666666666666,0.6666666666666666,0.0006798263639211655,0.9467230398965364,0.9433828097139599,0.9993201736360788,0.9467230398965364,0.33333333333333337,0.33333333333333337,0 1 2 3 4 5 7,H00 H01 H10 H02 H11 H20 H12,1 2 3 4 5 7,H01 H10 H02 H11 H20 H12
random,3,2,6,6,7,6,0.6666666666666666,0.6666666666666666,0.6666666666666666,0.0007679216214455664,0.9441089813335046,0.9357732201854826,0.9992320783785544,0.9441089813335046,0.33333333333333337,0.33333333333333337,0 1 4 5 6 7 8,H00 H01 H11 H20 H03 H12 H21,1 4 5 6 7 8,H01 H11 H20 H03 H12 H21
random,3,3,6,6,7,6,0.6666666666666666,0.6666666666666666,0.6666666666666666,0.0007808249210938811,0.9409442827477609,0.9302667597786702,0.9992191750789061,0.9409442827477609,0.33333333333333337,0.33333333333333337,0 2 3 4 6 7 8,H00 H10 H02 H11 H03 H12 H21,2 3 4 6 7 8,H10 H02 H11 H03 H12 H21
random,3,4,6,6,7,6,0.6666666666666666,0.6666666666666666,0.6666666666666666,0.000728764571249485,0.9456095549496119,0.9423253817931656,0.9992712354287505,0.9456095549496119,0.33333333333333337,0.33333333333333337,0 1 3 4 5 6 8,H00 H01 H02 H11 H20 H03 H21,1 3 4 5 6 8,H01 H02 H11 H20 H03 H21
random,3,5,6,6,7,6,0.6666666666666666,0.6666666666666666,0.6666666666666666,0.0007878742180764675,0.9361941257888157,0.9337061181464756,0.9992121257819235,0.9361941257888157,0.33333333333333337,0.33333333333333337,0 2 3 5 6 8 9,H00 H10 H02 H20 H03 H21 H30,2 3 5 6 8 9,H10 H02 H20 H03 H21 H30
random,3,6,6,6,7,6,0.6666666666666666,0.6666666666666666,0.6666666666666666,0.0006761776749044657,0.949113092120564,0.9419185127769499,0.9993238223250955,0.949113092120564,0.33333333333333337,0.33333333333333337,0 2 3 4 5 6 8,H00 H10 H02 H11 H20 H03 H21,2 3 4 5 6 8,H10 H02 H11 H20 H03 H21
random,3,7,6,6,7,6,0.6666666666666666,0.6666666666666666,0.6666666666666666,0.0007705659954808652,0.9434770648849422,0.9325180241979367,0.9992294340045191,0.9434770648849422,0.33333333333333337,0.33333333333333337,0 2 3 4 7 8 9,H00 H10 H02 H11 H12 H21 H30,2 3 4 7 8 9,H10 H02 H11 H12 H21 H30
random,3,8,6,6,7,6,0.6666666666666666,0.6666666666666666,0.6666666666666666,0.0007705659954808652,0.9434770648849422,0.9325180241979367,0.9992294340045191,0.9434770648849422,0.33333333333333337,0.33333333333333337,0 2 3 4 7 8 9,H00 H10 H02 H11 H12 H21 H30,2 3 4 7 8 9,H10 H02 H11 H12 H21 H30
random,3,9,6,6,7,6,0.6666666666666666,0.6666666666666666,0.6666666666666666,0.0009011930669657886,0.926752395653271,0.9261275549482301,0.9990988069330342,0.926752395653271,0.33333333333333337,0.33333333333333337,0 1 2 3 7 8 9,H00 H01 H10 H02 H12 H21 H30,1 2 3 7 8 9,H01 H10 H02 H12 H21 H30
random,3,10,6,6,7,6,0.6666666666666666,0.6666666666666666,0.6666666666666666,0.0007423184579238296,0.9422978377512321,0.9377856332766467,0.9992576815420762,0.9422978377512321,0.33333333333333337,0.33333333333333337,0 1 2 3 4 8 9,H00 H01 H10 H02 H11 H21 H30,1 2 3 4 8 9,H01 H10 H02 H11 H21 H30
random,3,11,6,6,7,6,0.6666666666666666,0.6666666666666666,0.6666666666666666,0.0009641456999816,0.9311467235582337,0.9167025776098422,0.9990358543000184,0.9311467235582337,0.33333333333333337,0.33333333333333337,0 1 4 6 7 8 9,H00 H01 H11 H03 H12 H21 H30,1 4 6 7 8 9,H01 H11 H03 H12 H21 H30
random,3,12,6,6,7,6,0.6666666666666666,0.6666666666666666,0.6666666666666666,0.0006359581020660698,0.951853928239252,0.9472468369931275,0.9993640418979339,0.951853928239252,0.33333333333333337,0.33333333333333337,0 3 4 5 6 7 9,H00 H02 H11 H20 H03 H12 H30,3 4 5 6 7 9,H02 H11 H20 H03 H12 H30
random,3,13,6,6,7,6,0.6666666666666666,0.6666666666666666,0.6666666666666666,0.0009003597078844905,0.9274050102399731,0.92473306148381,0.9990996402921155,0.9274050102399731,0.33333333333333337,0.33333333333333337,0 2 3 6 7 8 9,H00 H10 H02 H03 H12 H21 H30,2 3 6 7 8 9,H10 H02 H03 H12 H21 H30
random,3,14,6,6,7,6,0.6666666666666666,0.6666666666666666,0.6666666666666666,0.0007696200045756996,0.935196243448008,0.9401366819229454,0.9992303799954243,0.935196243448008,0.33333333333333337,0.33333333333333337,0 1 3 5 7 8 9,H00 H01 H02 H20 H12 H21 H30,1 3 5 7 8 9,H01 H02 H20 H12 H21 H30
random,3,15,6,6,7,6,0.6666666666666666,0.6666666666666666,0.6666666666666666,0.0007969628204591572,0.9332424536542292,0.934598527557894,0.9992030371795408,0.9332424536542292,0.33333333333333337,0.33333333333333337,0 2 3 5 6 7 9,H00 H10 H02 H20 H03 H12 H30,2 3 5 6 7 9,H10 H02 H20 H03 H12 H30
random,3,16,6,6,7,6,0.6666666666666666,0.6666666666666666,0.6666666666666666,0.0006496103014796972,0.9503250363394706,0.94640522792392,0.9993503896985203,0.9503250363394706,0.33333333333333337,0.33333333333333337,0 1 3 4 5 6 7,H00 H01 H02 H11 H20 H03 H12,1 3 4 5 6 7,H01 H02 H11 H20 H03 H12
random,3,17,6,6,7,6,0.6666666666666666,0.6666666666666666,0.6666666666666666,0.000963654019869864,0.9277486178744917,0.913081129776561,0.9990363459801301,0.9277486178744917,0.33333333333333337,0.33333333333333337,0 1 2 4 5 8 9,H00 H01 H10 H11 H20 H21 H30,1 2 4 5 8 9,H01 H10 H11 H20 H21 H30
random,3,18,6,6,7,6,0.6666666666666666,0.6666666666666666,0.6666666666666666,0.0006384155130945146,0.950659353635966,0.9483749160878059,0.9993615844869055,0.950659353635966,0.33333333333333337,0.33333333333333337,0 1 3 4 5 8 9,H00 H01 H02 H11 H20 H21 H30,1 3 4 5 8 9,H01 H02 H11 H20 H21 H30
random,3,19,6,6,7,6,0.6666666666666666,0.6666666666666666,0.6666666666666666,0.0012038338463753462,0.9202548637011672,0.876368701254199,0.9987961661536247,0.9202548637011672,0.33333333333333337,0.33333333333333337,0 1 2 4 6 7 9,H00 H01 H10 H11 H03 H12 H30,1 2 4 6 7 9,H01 H10 H11 H03 H12 H30
random,3,0,7,7,8,7,0.7777777777777778,0.7777777777777778,0.7777777777777778,0.0006500399904325604,0.9488365292974374,0.9476487909515615,0.9993499600095674,0.9488365292974374,0.2222222222222222,0.2222222222222222,0 1 2 3 4 5 7 9,H00 H01 H10 H02 H11 H20 H12 H30,1 2 3 4 5 7 9,H01 H10 H02 H11 H20 H12 H30
random,3,1,7,7,8,7,0.7777777777777778,0.7777777777777778,0.7777777777777778,0.0006279547233134508,0.9509030415385288,0.950372491716952,0.9993720452766865,0.9509030415385288,0.2222222222222222,0.2222222222222222,0 2 3 4 5 7 8 9,H00 H10 H02 H11 H20 H12 H21 H30,2 3 4 5 7 8 9,H10 H02 H11 H20 H12 H21 H30
random,3,2,7,7,8,7,0.7777777777777778,0.7777777777777778,0.7777777777777778,0.0006500399904325604,0.9488365292974374,0.9476487909515615,0.9993499600095674,0.9488365292974374,0.2222222222222222,0.2222222222222222,0 1 2 3 4 5 7 9,H00 H01 H10 H02 H11 H20 H12 H30,1 2 3 4 5 7 9,H01 H10 H02 H11 H20 H12 H30
random,3,3,7,7,8,7,0.7777777777777778,0.7777777777777778,0.7777777777777778,0.0009624907979741693,0.9315256977212415,0.9156320284756072,0.9990375092020258,0.9315256977212415,0.2222222222222222,0.2222222222222222,0 1 2 4 6 7 8 9,H00 H01 H10 H11 H03 H12 H21 H30,1 2 4 6 7 8 9,H01 H10 H11 H03 H12 H21 H30
random,3,4,7,7,8,7,0.7777777777777778,0.7777777777777778,0.7777777777777778,0.0007425310323014855,0.9420192861989335,0.9387748397807422,0.9992574689676985,0.9420192861989335,0.2222222222222222,0.2222222222222222,0 1 3 4 6 7 8 9,H00 H01 H02 H11 H03 H12 H21 H30,1 3 4 6 7 8 9,H01 H02 H11 H03 H12 H21 H30
random,3,5,7,7,8,7,0.7777777777777778,0.7777777777777778,0.7777777777777778,0.0009624907979741693,0.9315256977212415,0.9156320284756072,0.9990375092020258,0.9315256977212415,0.2222222222222222,0.2222222222222222,0 1 2 4 6 7 8 9,H00 H01 H10 H11 H03 H12 H21 H30,1 2 4 6 7 8 9,H01 H10 H11 H03 H12 H21 H30
random,3,6,7,7,8,7,0.7777777777777778,0.7777777777777778,0.7777777777777778,0.0006573025020770729,0.9485348283748423,0.9465295239458644,0.9993426974979229,0.9485348283748423,0.2222222222222222,0.2222222222222222,0 1 2 3 4 5 7 8,H00 H01 H10 H02 H11 H20 H12 H21,1 2 3 4 5 7 8,H01 H10 H02 H11 H20 H12 H21
random,3,7,7,7,8,7,0.7777777777777778,0.7777777777777778,0.7777777777777778,0.0007691181381233037,0.9365926859069806,0.939270739296109,0.9992308818618767,0.9365926859069806,0.2222222222222222,0.2222222222222222,0 1 2 3 5 6 7 8,H00 H01 H10 H02 H20 H03 H12 H21,1 2 3 5 6 7 8,H01 H10 H02 H20 H03 H12 H21
random,3,8,7,7,8,7,0.7777777777777778,0.7777777777777778,0.7777777777777778,0.0006489591905847192,0.9500676231385695,0.9469028520304991,0.9993510408094153,0.9500676231385695,0.2222222222222222,0.2222222222222222,0 1 2 3 4 5 6 7,H00 H01 H10 H02 H11 H20 H03 H12,1 2 3 4 5 6 7,H01 H10 H02 H11 H20 H03 H12
random,3,9,7,7,8,7,0.7777777777777778,0.7777777777777778,0.7777777777777778,0.0007762660388834774,0.9402612908416639,0.9350163566165091,0.9992237339611165,0.9402612908416639,0.2222222222222222,0.2222222222222222,0 1 2 4 5 7 8 9,H00 H01 H10 H11 H20 H12 H21 H30,1 2 4 5 7 8 9,H01 H10 H11 H20 H12 H21 H30
random,3,10,7,7,8,7,0.7777777777777778,0.7777777777777778,0.7777777777777778,0.0006349536124616861,0.9517549648437998,0.9476622131156667,0.9993650463875383,0.9517549648437998,0.2222222222222222,0.2222222222222222,0 1 3 4 5 6 7 9,H00 H01 H02 H11 H20 H03 H12 H30,1 3 4 5 6 7 9,H01 H02 H11 H20 H03 H12 H30
random,3,11,7,7,8,7,0.7777777777777778,0.7777777777777778,0.7777777777777778,0.0006379301776178181,0.9506152421413222,0.9486524587888909,0.9993620698223822,0.9506152421413222,0.2222222222222222,0.2222222222222222,0 1 2 3 4 5 8 9,H00 H01 H10 H02 H11 H20 H21 H30,1 2 3 4 5 8 9,H01 H10 H02 H11 H20 H21 H30
random,3,12,7,7,8,7,0.7777777777777778,0.7777777777777778,0.7777777777777778,0.0006686990382149816,0.9491066866765833,0.9437459654805262,0.999331300961785,0.9491066866765833,0.2222222222222222,0.2222222222222222,0 1 2 3 4 5 6 8,H00 H01 H10 H02 H11 H20 H03 H21,1 2 3 4 5 6 8,H01 H10 H02 H11 H20 H03 H21
random,3,13,7,7,8,7,0.7777777777777778,0.7777777777777778,0.7777777777777778,0.0006362936110235751,0.9517962036567976,0.9475055188693717,0.9993637063889764,0.9517962036567976,0.2222222222222222,0.2222222222222222,0 2 3 4 5 6 8 9,H00 H10 H02 H11 H20 H03 H21 H30,2 3 4 5 6 8 9,H10 H02 H11 H20 H03 H21 H30
random,3,14,7,7,8,7,0.7777777777777778,0.7777777777777778,0.7777777777777778,0.0007419257308356464,0.9423054147170642,0.9379544623976023,0.9992580742691644,0.9423054147170642,0.2222222222222222,0.2222222222222222,0 1 2 3 4 7 8 9,H00 H01 H10 H02 H11 H12 H21 H30,1 2 3 4 7 8 9,H01 H10 H02 H11 H12 H21 H30
random,3,15,7,7,8,7,0.7777777777777778,0.7777777777777778,0.7777777777777778,0.0007647330057807267,0.9361210846908027,0.9406604818549139,0.9992352669942193,0.9361210846908027,0.2222222222222222,0.2222222222222222,0 1 3 5 6 7 8 9,H00 H01 H02 H20 H03 H12 H21 H30,1 3 5 6 7 8 9,H01 H02 H20 H03 H12 H21 H30
random,3,16,7,7,8,7,0.7777777777777778,0.7777777777777778,0.7777777777777778,0.0006249646539799869,0.9521637152654521,0.9495138665710617,0.99937503534602,0.9521637152654521,0.2222222222222222,0.2222222222222222,0 1 3 4 5 6 8 9,H00 H01 H02 H11 H20 H03 H21 H30,1 3 4 5 6 8 9,H01 H02 H11 H20 H03 H21 H30
random,3,17,7,7,8,7,0.7777777777777778,0.7777777777777778,0.7777777777777778,0.0006362936110235751,0.9517962036567976,0.9475055188693717,0.9993637063889764,0.9517962036567976,0.2222222222222222,0.2222222222222222,0 2 3 4 5 6 8 9,H00 H10 H02 H11 H20 H03 H21 H30,2 3 4 5 6 8 9,H10 H02 H11 H20 H03 H21 H30
random,3,18,7,7,8,7,0.7777777777777778,0.7777777777777778,0.7777777777777778,0.000766187091358006,0.9404258942419794,0.9337030536229458,0.999233812908642,0.9404258942419794,0.2222222222222222,0.2222222222222222,0 1 2 3 4 6 7 8,H00 H01 H10 H02 H11 H03 H12 H21,1 2 3 4 6 7 8,H01 H10 H02 H11 H03 H12 H21
random,3,19,7,7,8,7,0.7777777777777778,0.7777777777777778,0.7777777777777778,0.0007685548043809831,0.9361188437581488,0.9391841693709952,0.999231445195619,0.9361188437581488,0.2222222222222222,0.2222222222222222,0 1 2 3 5 7 8 9,H00 H01 H10 H02 H20 H12 H21 H30,1 2 3 5 7 8 9,H01 H10 H02 H20 H12 H21 H30
random,3,0,8,8,9,8,0.8888888888888888,0.8888888888888888,0.8888888888888888,0.0006177826435305178,0.9527689311897003,0.9504930152851063,0.9993822173564695,0.9527689311897003,0.11111111111111116,0.11111111111111116,0 1 3 4 5 6 7 8 9,H00 H01 H02 H11 H20 H03 H12 H21 H30,1 3 4 5 6 7 8 9,H01 H02 H11 H20 H03 H12 H21 H30
random,3,1,8,8,9,8,0.8888888888888888,0.8888888888888888,0.8888888888888888,0.0006177826435305178,0.9527689311897003,0.9504930152851063,0.9993822173564695,0.9527689311897003,0.11111111111111116,0.11111111111111116,0 1 3 4 5 6 7 8 9,H00 H01 H02 H11 H20 H03 H12 H21 H30,1 3 4 5 6 7 8 9,H01 H02 H11 H20 H03 H12 H21 H30
random,3,2,8,8,9,8,0.8888888888888888,0.8888888888888888,0.8888888888888888,0.0006177826435305178,0.9527689311897003,0.9504930152851063,0.9993822173564695,0.9527689311897003,0.11111111111111116,0.11111111111111116,0 1 3 4 5 6 7 8 9,H00 H01 H02 H11 H20 H03 H12 H21 H30,1 3 4 5 6 7 8 9,H01 H02 H11 H20 H03 H12 H21 H30
random,3,3,8,8,9,8,0.8888888888888888,0.8888888888888888,0.8888888888888888,0.0006273065228015184,0.950839412145042,0.9506857301122417,0.9993726934771985,0.950839412145042,0.11111111111111116,0.11111111111111116,0 1 2 3 4 5 7 8 9,H00 H01 H10 H02 H11 H20 H12 H21 H30,1 2 3 4 5 7 8 9,H01 H10 H02 H11 H20 H12 H21 H30
random,3,4,8,8,9,8,0.8888888888888888,0.8888888888888888,0.8888888888888888,0.0006234164466150105,0.95209352881177,0.9501036488575575,0.999376583553385,0.95209352881177,0.11111111111111116,0.11111111111111116,0 1 2 3 4 5 6 8 9,H00 H01 H10 H02 H11 H20 H03 H21 H30,1 2 3 4 5 6 8 9,H01 H10 H02 H11 H20 H03 H21 H30
random,3,5,8,8,9,8,0.8888888888888888,0.8888888888888888,0.8888888888888888,0.0006177826435305178,0.9527689311897003,0.9504930152851063,0.9993822173564695,0.9527689311897003,0.11111111111111116,0.11111111111111116,0 1 3 4 5 6 7 8 9,H00 H01 H02 H11 H20 H03 H12 H21 H30,1 3 4 5 6 7 8 9,H01 H02 H11 H20 H03 H12 H21 H30
random,3,6,8,8,9,8,0.8888888888888888,0.8888888888888888,0.8888888888888888,0.0006273065228015184,0.950839412145042,0.9506857301122417,0.9993726934771985,0.950839412145042,0.11111111111111116,0.11111111111111116,0 1 2 3 4 5 7 8 9,H00 H01 H10 H02 H11 H20 H12 H21 H30,1 2 3 4 5 7 8 9,H01 H10 H02 H11 H20 H12 H21 H30
random,3,7,8,8,9,8,0.8888888888888888,0.8888888888888888,0.8888888888888888,0.0006177826435305178,0.9527689311897003,0.9504930152851063,0.9993822173564695,0.9527689311897003,0.11111111111111116,0.11111111111111116,0 1 3 4 5 6 7 8 9,H00 H01 H02 H11 H20 H03 H12 H21 H30,1 3 4 5 6 7 8 9,H01 H02 H11 H20 H03 H12 H21 H30
random,3,8,8,8,9,8,0.8888888888888888,0.8888888888888888,0.8888888888888888,0.0006211608415469527,0.9518347377229955,0.9506325927799175,0.999378839158453,0.9518347377229955,0.11111111111111116,0.11111111111111116,0 1 2 3 4 5 6 7 9,H00 H01 H10 H02 H11 H20 H03 H12 H30,1 2 3 4 5 6 7 9,H01 H10 H02 H11 H20 H03 H12 H30
random,3,9,8,8,9,8,0.8888888888888888,0.8888888888888888,0.8888888888888888,0.000755193701479584,0.9433880558904087,0.938608057674328,0.9992448062985204,0.9433880558904087,0.11111111111111116,0.11111111111111116,0 1 2 4 5 6 7 8 9,H00 H01 H10 H11 H20 H03 H12 H21 H30,1 2 4 5 6 7 8 9,H01 H10 H11 H20 H03 H12 H21 H30
random,3,10,8,8,9,8,0.8888888888888888,0.8888888888888888,0.8888888888888888,0.0006273065228015184,0.950839412145042,0.9506857301122417,0.9993726934771985,0.950839412145042,0.11111111111111116,0.11111111111111116,0 1 2 3 4 5 7 8 9,H00 H01 H10 H02 H11 H20 H12 H21 H30,1 2 3 4 5 7 8 9,H01 H10 H02 H11 H20 H12 H21 H30
random,3,11,8,8,9,8,0.8888888888888888,0.8888888888888888,0.8888888888888888,0.0007414560532197356,0.9423843823311303,0.9381697249363197,0.9992585439467803,0.9423843823311303,0.11111111111111116,0.11111111111111116,0 1 2 3 4 6 7 8 9,H00 H01 H10 H02 H11 H03 H12 H21 H30,1 2 3 4 6 7 8 9,H01 H10 H02 H11 H03 H12 H21 H30
random,3,12,8,8,9,8,0.8888888888888888,0.8888888888888888,0.8888888888888888,0.0007414560532197356,0.9423843823311303,0.9381697249363197,0.9992585439467803,0.9423843823311303,0.11111111111111116,0.11111111111111116,0 1 2 3 4 6 7 8 9,H00 H01 H10 H02 H11 H03 H12 H21 H30,1 2 3 4 6 7 8 9,H01 H10 H02 H11 H03 H12 H21 H30
random,3,13,8,8,9,8,0.8888888888888888,0.8888888888888888,0.8888888888888888,0.0007414560532197356,0.9423843823311303,0.9381697249363197,0.9992585439467803,0.9423843823311303,0.11111111111111116,0.11111111111111116,0 1 2 3 4 6 7 8 9,H00 H01 H10 H02 H11 H03 H12 H21 H30,1 2 3 4 6 7 8 9,H01 H10 H02 H11 H03 H12 H21 H30
random,3,14,8,8,9,8,0.8888888888888888,0.8888888888888888,0.8888888888888888,0.000755193701479584,0.9433880558904087,0.938608057674328,0.9992448062985204,0.9433880558904087,0.11111111111111116,0.11111111111111116,0 1 2 4 5 6 7 8 9,H00 H01 H10 H11 H20 H03 H12 H21 H30,1 2 4 5 6 7 8 9,H01 H10 H11 H20 H03 H12 H21 H30
random,3,15,8,8,9,8,0.8888888888888888,0.8888888888888888,0.8888888888888888,0.000637863646261394,0.9507563770455214,0.9487768134925958,0.9993621363537386,0.9507563770455214,0.11111111111111116,0.11111111111111116,0 1 2 3 4 5 6 7 8,H00 H01 H10 H02 H11 H20 H03 H12 H21,1 2 3 4 5 6 7 8,H01 H10 H02 H11 H20 H03 H12 H21
random,3,16,8,8,9,8,0.8888888888888888,0.8888888888888888,0.8888888888888888,0.000755193701479584,0.9433880558904087,0.938608057674328,0.9992448062985204,0.9433880558904087,0.11111111111111116,0.11111111111111116,0 1 2 4 5 6 7 8 9,H00 H01 H10 H11 H20 H03 H12 H21 H30,1 2 4 5 6 7 8 9,H01 H10 H11 H20 H03 H12 H21 H30
random,3,17,8,8,9,8,0.8888888888888888,0.8888888888888888,0.8888888888888888,0.0007641747361049056,0.936780152649715,0.939956636994754,0.9992358252638951,0.936780152649715,0.11111111111111116,0.11111111111111116,0 1 2 3 5 6 7 8 9,H00 H01 H10 H02 H20 H03 H12 H21 H30,1 2 3 5 6 7 8 9,H01 H10 H02 H20 H03 H12 H21 H30
random,3,18,8,8,9,8,0.8888888888888888,0.8888888888888888,0.8888888888888888,0.000637863646261394,0.9507563770455214,0.9487768134925958,0.9993621363537386,0.9507563770455214,0.11111111111111116,0.11111111111111116,0 1 2 3 4 5 6 7 8,H00 H01 H10 H02 H11 H20 H03 H12 H21,1 2 3 4 5 6 7 8,H01 H10 H02 H11 H20 H03 H12 H21
random,3,19,8,8,9,8,0.8888888888888888,0.8888888888888888,0.8888888888888888,0.0006211608415469527,0.9518347377229955,0.9506325927799175,0.999378839158453,0.9518347377229955,0.11111111111111116,0.11111111111111116,0 1 2 3 4 5 6 7 9,H00 H01 H10 H02 H11 H20 H03 H12 H30,1 2 3 4 5 6 7 9,H01 H10 H02 H11 H20 H03 H12 H30
random,3,0,9,9,10,9,1.0,1.0,1.0,0.0006095707649365067,0.9527124727098326,0.9524821098750278,0.9993904292350635,0.9527124727098326,0.0,0.0,0 1 2 3 4 5 6 7 8 9,H00 H01 H10 H02 H11 H20 H03 H12 H21 H30,1 2 3 4 5 6 7 8 9,H01 H10 H02 H11 H20 H03 H12 H21 H30
random,3,1,9,9,10,9,1.0,1.0,1.0,0.0006095707649365067,0.9527124727098326,0.9524821098750278,0.9993904292350635,0.9527124727098326,0.0,0.0,0 1 2 3 4 5 6 7 8 9,H00 H01 H10 H02 H11 H20 H03 H12 H21 H30,1 2 3 4 5 6 7 8 9,H01 H10 H02 H11 H20 H03 H12 H21 H30
random,3,2,9,9,10,9,1.0,1.0,1.0,0.0006095707649365067,0.9527124727098326,0.9524821098750278,0.9993904292350635,0.9527124727098326,0.0,0.0,0 1 2 3 4 5 6 7 8 9,H00 H01 H10 H02 H11 H20 H03 H12 H21 H30,1 2 3 4 5 6 7 8 9,H01 H10 H02 H11 H20 H03 H12 H21 H30
random,3,3,9,9,10,9,1.0,1.0,1.0,0.0006095707649365067,0.9527124727098326,0.9524821098750278,0.9993904292350635,0.9527124727098326,0.0,0.0,0 1 2 3 4 5 6 7 8 9,H00 H01 H10 H02 H11 H20 H03 H12 H21 H30,1 2 3 4 5 6 7 8 9,H01 H10 H02 H11 H20 H03 H12 H21 H30
random,3,4,9,9,10,9,1.0,1.0,1.0,0.0006095707649365067,0.9527124727098326,0.9524821098750278,0.9993904292350635,0.9527124727098326,0.0,0.0,0 1 2 3 4 5 6 7 8 9,H00 H01 H10 H02 H11 H20 H03 H12 H21 H30,1 2 3 4 5 6 7 8 9,H01 H10 H02 H11 H20 H03 H12 H21 H30
random,3,5,9,9,10,9,1.0,1.0,1.0,0.0006095707649365067,0.9527124727098326,0.9524821098750278,0.9993904292350635,0.9527124727098326,0.0,0.0,0 1 2 3 4 5 6 7 8 9,H00 H01 H10 H02 H11 H20 H03 H12 H21 H30,1 2 3 4 5 6 7 8 9,H01 H10 H02 H11 H20 H03 H12 H21 H30
random,3,6,9,9,10,9,1.0,1.0,1.0,0.0006095707649365067,0.9527124727098326,0.9524821098750278,0.9993904292350635,0.9527124727098326,0.0,0.0,0 1 2 3 4 5 6 7 8 9,H00 H01 H10 H02 H11 H20 H03 H12 H21 H30,1 2 3 4 5 6 7 8 9,H01 H10 H02 H11 H20 H03 H12 H21 H30
random,3,7,9,9,10,9,1.0,1.0,1.0,0.0006095707649365067,0.9527124727098326,0.9524821098750278,0.9993904292350635,0.9527124727098326,0.0,0.0,0 1 2 3 4 5 6 7 8 9,H00 H01 H10 H02 H11 H20 H03 H12 H21 H30,1 2 3 4 5 6 7 8 9,H01 H10 H02 H11 H20 H03 H12 H21 H30
random,3,8,9,9,10,9,1.0,1.0,1.0,0.0006095707649365067,0.9527124727098326,0.9524821098750278,0.9993904292350635,0.9527124727098326,0.0,0.0,0 1 2 3 4 5 6 7 8 9,H00 H01 H10 H02 H11 H20 H03 H12 H21 H30,1 2 3 4 5 6 7 8 9,H01 H10 H02 H11 H20 H03 H12 H21 H30
random,3,9,9,9,10,9,1.0,1.0,1.0,0.0006095707649365067,0.9527124727098326,0.9524821098750278,0.9993904292350635,0.9527124727098326,0.0,0.0,0 1 2 3 4 5 6 7 8 9,H00 H01 H10 H02 H11 H20 H03 H12 H21 H30,1 2 3 4 5 6 7 8 9,H01 H10 H02 H11 H20 H03 H12 H21 H30
random,3,10,9,9,10,9,1.0,1.0,1.0,0.0006095707649365067,0.9527124727098326,0.9524821098750278,0.9993904292350635,0.9527124727098326,0.0,0.0,0 1 2 3 4 5 6 7 8 9,H00 H01 H10 H02 H11 H20 H03 H12 H21 H30,1 2 3 4 5 6 7 8 9,H01 H10 H02 H11 H20 H03 H12 H21 H30
random,3,11,9,9,10,9,1.0,1.0,1.0,0.0006095707649365067,0.9527124727098326,0.9524821098750278,0.9993904292350635,0.9527124727098326,0.0,0.0,0 1 2 3 4 5 6 7 8 9,H00 H01 H10 H02 H11 H20 H03 H12 H21 H30,1 2 3 4 5 6 7 8 9,H01 H10 H02 H11 H20 H03 H12 H21 H30
random,3,12,9,9,10,9,1.0,1.0,1.0,0.0006095707649365067,0.9527124727098326,0.9524821098750278,0.9993904292350635,0.9527124727098326,0.0,0.0,0 1 2 3 4 5 6 7 8 9,H00 H01 H10 H02 H11 H20 H03 H12 H21 H30,1 2 3 4 5 6 7 8 9,H01 H10 H02 H11 H20 H03 H12 H21 H30
random,3,13,9,9,10,9,1.0,1.0,1.0,0.0006095707649365067,0.9527124727098326,0.9524821098750278,0.9993904292350635,0.9527124727098326,0.0,0.0,0 1 2 3 4 5 6 7 8 9,H00 H01 H10 H02 H11 H20 H03 H12 H21 H30,1 2 3 4 5 6 7 8 9,H01 H10 H02 H11 H20 H03 H12 H21 H30
random,3,14,9,9,10,9,1.0,1.0,1.0,0.0006095707649365067,0.9527124727098326,0.9524821098750278,0.9993904292350635,0.9527124727098326,0.0,0.0,0 1 2 3 4 5 6 7 8 9,H00 H01 H10 H02 H11 H20 H03 H12 H21 H30,1 2 3 4 5 6 7 8 9,H01 H10 H02 H11 H20 H03 H12 H21 H30
random,3,15,9,9,10,9,1.0,1.0,1.0,0.0006095707649365067,0.9527124727098326,0.9524821098750278,0.9993904292350635,0.9527124727098326,0.0,0.0,0 1 2 3 4 5 6 7 8 9,H00 H01 H10 H02 H11 H20 H03 H12 H21 H30,1 2 3 4 5 6 7 8 9,H01 H10 H02 H11 H20 H03 H12 H21 H30
random,3,16,9,9,10,9,1.0,1.0,1.0,0.0006095707649365067,0.9527124727098326,0.9524821098750278,0.9993904292350635,0.9527124727098326,0.0,0.0,0 1 2 3 4 5 6 7 8 9,H00 H01 H10 H02 H11 H20 H03 H12 H21 H30,1 2 3 4 5 6 7 8 9,H01 H10 H02 H11 H20 H03 H12 H21 H30
random,3,17,9,9,10,9,1.0,1.0,1.0,0.0006095707649365067,0.9527124727098326,0.9524821098750278,0.9993904292350635,0.9527124727098326,0.0,0.0,0 1 2 3 4 5 6 7 8 9,H00 H01 H10 H02 H11 H20 H03 H12 H21 H30,1 2 3 4 5 6 7 8 9,H01 H10 H02 H11 H20 H03 H12 H21 H30
random,3,18,9,9,10,9,1.0,1.0,1.0,0.0006095707649365067,0.9527124727098326,0.9524821098750278,0.9993904292350635,0.9527124727098326,0.0,0.0,0 1 2 3 4 5 6 7 8 9,H00 H01 H10 H02 H11 H20 H03 H12 H21 H30,1 2 3 4 5 6 7 8 9,H01 H10 H02 H11 H20 H03 H12 H21 H30
random,3,19,9,9,10,9,1.0,1.0,1.0,0.0006095707649365067,0.9527124727098326,0.9524821098750278,0.9993904292350635,0.9527124727098326,0.0,0.0,0 1 2 3 4 5 6 7 8 9,H00 H01 H10 H02 H11 H20 H03 H12 H21 H30,1 2 3 4 5 6 7 8 9,H01 H10 H02 H11 H20 H03 H12 H21 H30
random,4,0,1,1,2,1,0.1111111111111111,0.1111111111111111,0.1111111111111111,0.0013679912080988288,0.8776151512557913,0.802648803045073,0.9986320087919012,0.8776151512557913,0.8888888888888888,0.8888888888888888,0 1,H00 H01,1,H01
random,4,1,1,1,2,1,0.1111111111111111,0.1111111111111111,0.1111111111111111,0.001217765617184341,0.8771533304637167,0.8669615617894697,0.9987822343828157,0.8771533304637167,0.8888888888888888,0.8888888888888888,0 5,H00 H20,5,H20
random,4,2,1,1,2,1,0.1111111111111111,0.1111111111111111,0.1111111111111111,0.0011297360761091113,0.8922865877058644,0.8573227797807235,0.9988702639238909,0.8922865877058644,0.8888888888888888,0.8888888888888888,0 4,H00 H11,4,H11
random,4,3,1,1,2,1,0.1111111111111111,0.1111111111111111,0.1111111111111111,0.0015930889640003443,0.8536237719580619,0.7829349948190099,0.9984069110359997,0.8536237719580619,0.8888888888888888,0.8888888888888888,0 6,H00 H03,6,H03
random,4,4,1,1,2,1,0.1111111111111111,0.1111111111111111,0.1111111111111111,0.0015930889640003443,0.8536237719580619,0.7829349948190099,0.9984069110359997,0.8536237719580619,0.8888888888888888,0.8888888888888888,0 6,H00 H03,6,H03
random,4,5,1,1,2,1,0.1111111111111111,0.1111111111111111,0.1111111111111111,0.0015930889640003443,0.8536237719580619,0.7829349948190099,0.9984069110359997,0.8536237719580619,0.8888888888888888,0.8888888888888888,0 6,H00 H03,6,H03
random,4,6,1,1,2,1,0.1111111111111111,0.1111111111111111,0.1111111111111111,0.0013679912080988288,0.8776151512557913,0.802648803045073,0.9986320087919012,0.8776151512557913,0.8888888888888888,0.8888888888888888,0 1,H00 H01,1,H01
random,4,7,1,1,2,1,0.1111111111111111,0.1111111111111111,0.1111111111111111,0.0013892791466787457,0.8656732950771535,0.8397267269059566,0.9986107208533213,0.8656732950771535,0.8888888888888888,0.8888888888888888,0 8,H00 H21,8,H21
random,4,8,1,1,2,1,0.1111111111111111,0.1111111111111111,0.1111111111111111,0.0013679912080988288,0.8776151512557913,0.802648803045073,0.9986320087919012,0.8776151512557913,0.8888888888888888,0.8888888888888888,0 1,H00 H01,1,H01
random,4,9,1,1,2,1,0.1111111111111111,0.1111111111111111,0.1111111111111111,0.0011297360761091113,0.8922865877058644,0.8573227797807235,0.9988702639238909,0.8922865877058644,0.8888888888888888,0.8888888888888888,0 4,H00 H11,4,H11
random,4,10,1,1,2,1,0.1111111111111111,0.1111111111111111,0.1111111111111111,0.0011651371605694294,0.8902995025342625,0.8392450758375598,0.9988348628394306,0.8902995025342625,0.8888888888888888,0.8888888888888888,0 2,H00 H10,2,H10
random,4,11,1,1,2,1,0.1111111111111111,0.1111111111111111,0.1111111111111111,0.001217765617184341,0.8771533304637167,0.8669615617894697,0.9987822343828157,0.8771533304637167,0.8888888888888888,0.8888888888888888,0 5,H00 H20,5,H20
random,4,12,1,1,2,1,0.1111111111111111,0.1111111111111111,0.1111111111111111,0.0015930889640003443,0.8536237719580619,0.7829349948190099,0.9984069110359997,0.8536237719580619,0.8888888888888888,0.8888888888888888,0 6,H00 H03,6,H03
random,4,13,1,1,2,1,0.1111111111111111,0.1111111111111111,0.1111111111111111,0.0013679912080988288,0.8776151512557913,0.802648803045073,0.9986320087919012,0.8776151512557913,0.8888888888888888,0.8888888888888888,0 1,H00 H01,1,H01
random,4,14,1,1,2,1,0.1111111111111111,0.1111111111111111,0.1111111111111111,0.0014834990724921227,0.8516427760813098,0.8076696763202117,0.9985165009275079,0.8516427760813098,0.8888888888888888,0.8888888888888888,0 9,H00 H30,9,H30
random,4,15,1,1,2,1,0.1111111111111111,0.1111111111111111,0.1111111111111111,0.0013892791466787457,0.8656732950771535,0.8397267269059566,0.9986107208533213,0.8656732950771535,0.8888888888888888,0.8888888888888888,0 8,H00 H21,8,H21
random,4,16,1,1,2,1,0.1111111111111111,0.1111111111111111,0.1111111111111111,0.0011728492099791765,0.886545326875237,0.857572996056836,0.9988271507900208,0.886545326875237,0.8888888888888888,0.8888888888888888,0 3,H00 H02,3,H02
random,4,17,1,1,2,1,0.1111111111111111,0.1111111111111111,0.1111111111111111,0.0012142830528318882,0.8836690273476979,0.8580308679320846,0.9987857169471681,0.8836690273476979,0.8888888888888888,0.8888888888888888,0 7,H00 H12,7,H12
random,4,18,1,1,2,1,0.1111111111111111,0.1111111111111111,0.1111111111111111,0.0013679912080988288,0.8776151512557913,0.802648803045073,0.9986320087919012,0.8776151512557913,0.8888888888888888,0.8888888888888888,0 1,H00 H01,1,H01
random,4,19,1,1,2,1,0.1111111111111111,0.1111111111111111,0.1111111111111111,0.0011297360761091113,0.8922865877058644,0.8573227797807235,0.9988702639238909,0.8922865877058644,0.8888888888888888,0.8888888888888888,0 4,H00 H11,4,H11
random,4,0,2,2,3,2,0.2222222222222222,0.2222222222222222,0.2222222222222222,0.001165136811323464,0.8902966254230203,0.839229369317686,0.9988348631886765,0.8902966254230203,0.7777777777777778,0.7777777777777778,0 2 9,H00 H10 H30,2 9,H10 H30
random,4,1,2,2,3,2,0.2222222222222222,0.2222222222222222,0.2222222222222222,0.0008997829863801599,0.9047001103884967,0.8769540204722284,0.9991002170136198,0.9047001103884967,0.7777777777777778,0.7777777777777778,0 5 9,H00 H20 H30,5 9,H20 H30
random,4,2,2,2,3,2,0.2222222222222222,0.2222222222222222,0.2222222222222222,0.0007005711086094379,0.9259869600696031,0.9186222837193129,0.9992994288913906,0.9259869600696031,0.7777777777777778,0.7777777777777778,0 4 5,H00 H11 H20,4 5,H11 H20
random,4,3,2,2,3,2,0.2222222222222222,0.2222222222222222,0.2222222222222222,0.0009281732491217554,0.9080104405031618,0.893740962428858,0.9990718267508782,0.9080104405031618,0.7777777777777778,0.7777777777777778,0 1 5,H00 H01 H20,1 5,H01 H20
random,4,4,2,2,3,2,0.2222222222222222,0.2222222222222222,0.2222222222222222,0.0007644308498129249,0.9263012466086219,0.9168492734297883,0.9992355691501871,0.9263012466086219,0.7777777777777778,0.7777777777777778,0 3 5,H00 H02 H20,3 5,H02 H20
random,4,5,2,2,3,2,0.2222222222222222,0.2222222222222222,0.2222222222222222,0.0007205024012364447,0.929512262162747,0.8972057117656859,0.9992794975987636,0.929512262162747,0.7777777777777778,0.7777777777777778,0 2 8,H00 H10 H21,2 8,H10 H21
random,4,6,2,2,3,2,0.2222222222222222,0.2222222222222222,0.2222222222222222,0.0007833013078197837,0.9217360711232377,0.9033577042106091,0.9992166986921802,0.9217360711232377,0.7777777777777778,0.7777777777777778,0 5 7,H00 H20 H12,5 7,H20 H12
random,4,7,2,2,3,2,0.2222222222222222,0.2222222222222222,0.2222222222222222,0.0010875575244426727,0.8926892855363,0.8394153538372172,0.9989124424755573,0.8926892855363,0.7777777777777778,0.7777777777777778,0 1 9,H00 H01 H30,1 9,H01 H30
random,4,8,2,2,3,2,0.2222222222222222,0.2222222222222222,0.2222222222222222,0.0009708100697025657,0.9031503722691792,0.8935756494222181,0.9990291899302974,0.9031503722691792,0.7777777777777778,0.7777777777777778,0 5 6,H00 H20 H03,5 6,H20 H03
random,4,9,2,2,3,2,0.2222222222222222,0.2222222222222222,0.2222222222222222,0.0009986946824938059,0.8974291346125597,0.875090676094284,0.9990013053175062,0.8974291346125597,0.7777777777777778,0.7777777777777778,0 8 9,H00 H21 H30,8 9,H21 H30
random,4,10,2,2,3,2,0.2222222222222222,0.2222222222222222,0.2222222222222222,0.0009708100697025657,0.9031503722691792,0.8935756494222181,0.9990291899302974,0.9031503722691792,0.7777777777777778,0.7777777777777778,0 5 6,H00 H20 H03,5 6,H20 H03
random,4,11,2,2,3,2,0.2222222222222222,0.2222222222222222,0.2222222222222222,0.0008997829863801599,0.9047001103884967,0.8769540204722284,0.9991002170136198,0.9047001103884967,0.7777777777777778,0.7777777777777778,0 5 9,H00 H20 H30,5 9,H20 H30
random,4,12,2,2,3,2,0.2222222222222222,0.2222222222222222,0.2222222222222222,0.0007005711086094379,0.9259869600696031,0.9186222837193129,0.9992994288913906,0.9259869600696031,0.7777777777777778,0.7777777777777778,0 4 5,H00 H11 H20,4 5,H11 H20
random,4,13,2,2,3,2,0.2222222222222222,0.2222222222222222,0.2222222222222222,0.0010685616871342063,0.888226753395321,0.8931991534590699,0.9989314383128658,0.888226753395321,0.7777777777777778,0.7777777777777778,0 5 8,H00 H20 H21,5 8,H20 H21
random,4,14,2,2,3,2,0.2222222222222222,0.2222222222222222,0.2222222222222222,0.0007516650948673487,0.9226729349985134,0.9046545291637145,0.9992483349051327,0.9226729349985134,0.7777777777777778,0.7777777777777778,0 3 8,H00 H02 H21,3 8,H02 H21
random,4,15,2,2,3,2,0.2222222222222222,0.2222222222222222,0.2222222222222222,0.0007833013078197837,0.9217360711232377,0.9033577042106091,0.9992166986921802,0.9217360711232377,0.7777777777777778,0.7777777777777778,0 5 7,H00 H20 H12,5 7,H20 H12
random,4,16,2,2,3,2,0.2222222222222222,0.2222222222222222,0.2222222222222222,0.0007335849804803729,0.9289921681605962,0.8932695199916457,0.9992664150195196,0.9289921681605962,0.7777777777777778,0.7777777777777778,0 1 7,H00 H01 H12,1 7,H01 H12
random,4,17,2,2,3,2,0.2222222222222222,0.2222222222222222,0.2222222222222222,0.0007005711086094379,0.9259869600696031,0.9186222837193129,0.9992994288913906,0.9259869600696031,0.7777777777777778,0.7777777777777778,0 4 5,H00 H11 H20,4 5,H11 H20
random,4,18,2,2,3,2,0.2222222222222222,0.2222222222222222,0.2222222222222222,0.001165136811323464,0.8902966254230203,0.839229369317686,0.9988348631886765,0.8902966254230203,0.7777777777777778,0.7777777777777778,0 2 9,H00 H10 H30,2 9,H10 H30
random,4,19,2,2,3,2,0.2222222222222222,0.2222222222222222,0.2222222222222222,0.0007205024012364447,0.929512262162747,0.8972057117656859,0.9992794975987636,0.929512262162747,0.7777777777777778,0.7777777777777778,0 2 8,H00 H10 H21,2 8,H10 H21
random,4,0,3,3,4,3,0.3333333333333333,0.3333333333333333,0.3333333333333333,0.0006858099950477481,0.9331172248979811,0.9101193024760537,0.9993141900049523,0.9331172248979811,0.6666666666666667,0.6666666666666667,0 1 7 8,H00 H01 H12 H21,1 7 8,H01 H12 H21
random,4,1,3,3,4,3,0.3333333333333333,0.3333333333333333,0.3333333333333333,0.000710524502210319,0.9295762474166935,0.8934091996671145,0.9992894754977897,0.9295762474166935,0.6666666666666667,0.6666666666666667,0 1 3 9,H00 H01 H02 H30,1 3 9,H01 H02 H30
random,4,2,3,3,4,3,0.3333333333333333,0.3333333333333333,0.3333333333333333,0.0006566527881659567,0.9381260353890242,0.9178788726390995,0.999343347211834,0.9381260353890242,0.6666666666666667,0.6666666666666667,0 2 3 5,H00 H10 H02 H20,2 3 5,H10 H02 H20
random,4,3,3,3,4,3,0.3333333333333333,0.3333333333333333,0.3333333333333333,0.0006691169110126793,0.9286101021306693,0.9208166869656937,0.9993308830889873,0.9286101021306693,0.6666666666666667,0.6666666666666667,0 4 5 8,H00 H11 H20 H21,4 5 8,H11 H20 H21
random,4,4,3,3,4,3,0.3333333333333333,0.3333333333333333,0.3333333333333333,0.0005997843109071255,0.9419607074131722,0.9242953978519636,0.9994002156890929,0.9419607074131722,0.6666666666666667,0.6666666666666667,0 3 4 9,H00 H02 H11 H30,3 4 9,H02 H11 H30
random,4,5,3,3,4,3,0.3333333333333333,0.3333333333333333,0.3333333333333333,0.0007281714933924377,0.9283799300862833,0.8912844362088488,0.9992718285066076,0.9283799300862833,0.6666666666666667,0.6666666666666667,0 1 6 7,H00 H01 H03 H12,1 6 7,H01 H03 H12
random,4,6,3,3,4,3,0.3333333333333333,0.3333333333333333,0.3333333333333333,0.0007784923072904348,0.924438216757831,0.8681929854313314,0.9992215076927096,0.924438216757831,0.6666666666666667,0.6666666666666667,0 1 2 9,H00 H01 H10 H30,1 2 9,H01 H10 H30
random,4,7,3,3,4,3,0.3333333333333333,0.3333333333333333,0.3333333333333333,0.0007854796713218093,0.9136554021011777,0.9014680555793012,0.9992145203286782,0.9136554021011777,0.6666666666666667,0.6666666666666667,0 5 8 9,H00 H20 H21 H30,5 8 9,H20 H21 H30
random,4,8,3,3,4,3,0.3333333333333333,0.3333333333333333,0.3333333333333333,0.0006223052623681724,0.9397322140394861,0.9182127577786793,0.9993776947376318,0.9397322140394861,0.6666666666666667,0.6666666666666667,0 2 3 4,H00 H10 H02 H11,2 3 4,H10 H02 H11
random,4,9,3,3,4,3,0.3333333333333333,0.3333333333333333,0.3333333333333333,0.0006223052623681724,0.9397322140394861,0.9182127577786793,0.9993776947376318,0.9397322140394861,0.6666666666666667,0.6666666666666667,0 2 3 4,H00 H10 H02 H11,2 3 4,H10 H02 H11
random,4,10,3,3,4,3,0.3333333333333333,0.3333333333333333,0.3333333333333333,0.00044992694165557623,0.9575119962058651,0.9481532681917244,0.9995500730583444,0.9575119962058651,0.6666666666666667,0.6666666666666667,0 3 4 5,H00 H02 H11 H20,3 4 5,H02 H11 H20
random,4,11,3,3,4,3,0.3333333333333333,0.3333333333333333,0.3333333333333333,0.000710524502210319,0.9295762474166935,0.8934091996671145,0.9992894754977897,0.9295762474166935,0.6666666666666667,0.6666666666666667,0 1 3 9,H00 H01 H02 H30,1 3 9,H01 H02 H30
random,4,12,3,3,4,3,0.3333333333333333,0.3333333333333333,0.3333333333333333,0.0009300452074967325,0.911511478682052,0.8795842884489748,0.9990699547925033,0.911511478682052,0.6666666666666667,0.6666666666666667,0 2 3 7,H00 H10 H02 H12,2 3 7,H10 H02 H12
random,4,13,3,3,4,3,0.3333333333333333,0.3333333333333333,0.3333333333333333,0.0007030200795270503,0.9268825681045137,0.9003182276536116,0.999296979920473,0.9268825681045137,0.6666666666666667,0.6666666666666667,0 4 8 9,H00 H11 H21 H30,4 8 9,H11 H21 H30
random,4,14,3,3,4,3,0.3333333333333333,0.3333333333333333,0.3333333333333333,0.0005717634921893477,0.9441289796131828,0.9141247566924077,0.9994282365078107,0.9441289796131828,0.6666666666666667,0.6666666666666667,0 3 4 6,H00 H02 H11 H03,3 4 6,H02 H11 H03
random,4,15,3,3,4,3,0.3333333333333333,0.3333333333333333,0.3333333333333333,0.0010711444774642587,0.8918280183524779,0.8367363845724753,0.9989288555225357,0.8918280183524779,0.6666666666666667,0.6666666666666667,0 1 6 9,H00 H01 H03 H30,1 6 9,H01 H03 H30
random,4,16,3,3,4,3,0.3333333333333333,0.3333333333333333,0.3333333333333333,0.0005675600841641426,0.9427176479883624,0.9255711440645981,0.9994324399158359,0.9427176479883624,0.6666666666666667,0.6666666666666667,0 2 3 8,H00 H10 H02 H21,2 3 8,H10 H02 H21
random,4,17,3,3,4,3,0.3333333333333333,0.3333333333333333,0.3333333333333333,0.0008977348334155977,0.9150170719031772,0.877697306821673,0.9991022651665844,0.9150170719031772,0.6666666666666667,0.6666666666666667,0 1 4 8,H00 H01 H11 H21,1 4 8,H01 H11 H21
random,4,18,3,3,4,3,0.3333333333333333,0.3333333333333333,0.3333333333333333,0.0007294068345800042,0.9260096255685429,0.9123089488797315,0.99927059316542,0.9260096255685429,0.6666666666666667,0.6666666666666667,0 7 8 9,H00 H12 H21 H30,7 8 9,H12 H21 H30
random,4,19,3,3,4,3,0.3333333333333333,0.3333333333333333,0.3333333333333333,0.0007998861256055534,0.9194864623611804,0.8876906559925074,0.9992001138743944,0.9194864623611804,0.6666666666666667,0.6666666666666667,0 3 6 9,H00 H02 H03 H30,3 6 9,H02 H03 H30
random,4,0,4,4,5,4,0.4444444444444444,0.4444444444444444,0.4444444444444444,0.0007974073523655534,0.9176996442512582,0.8839012887601728,0.9992025926476344,0.9176996442512582,0.5555555555555556,0.5555555555555556,0 1 4 6 9,H00 H01 H11 H03 H30,1 4 6 9,H01 H11 H03 H30
random,4,1,4,4,5,4,0.4444444444444444,0.4444444444444444,0.4444444444444444,0.0004701662983279675,0.9522611338658509,0.9350184602600016,0.999529833701672,0.9522611338658509,0.5555555555555556,0.5555555555555556,0 4 5 7 9,H00 H11 H20 H12 H30,4 5 7 9,H11 H20 H12 H30
random,4,2,4,4,5,4,0.4444444444444444,0.4444444444444444,0.4444444444444444,0.0005281222984194756,0.9477601733311178,0.9210272730903722,0.9994718777015805,0.9477601733311178,0.5555555555555556,0.5555555555555556,0 1 3 4 9,H00 H01 H02 H11 H30,1 3 4 9,H01 H02 H11 H30
random,4,3,4,4,5,4,0.4444444444444444,0.4444444444444444,0.4444444444444444,0.0006055068806745112,0.941102515999117,0.9118703901702333,0.9993944931193255,0.941102515999117,0.5555555555555556,0.5555555555555556,0 2 4 6 7,H00 H10 H11 H03 H12,2 4 6 7,H10 H11 H03 H12
random,4,4,4,4,5,4,0.4444444444444444,0.4444444444444444,0.4444444444444444,0.0005394825711846352,0.9450628857585678,0.9270854511319033,0.9994605174288154,0.9450628857585678,0.5555555555555556,0.5555555555555556,0 1 5 7 9,H00 H01 H20 H12 H30,1 5 7 9,H01 H20 H12 H30
random,4,5,4,4,5,4,0.4444444444444444,0.4444444444444444,0.4444444444444444,0.0005173067911528051,0.9469898293474767,0.9398330591337497,0.9994826932088472,0.9469898293474767,0.5555555555555556,0.5555555555555556,0 3 5 8 9,H00 H02 H20 H21 H30,3 5 8 9,H02 H20 H21 H30
random,4,6,4,4,5,4,0.4444444444444444,0.4444444444444444,0.4444444444444444,0.0004213260253891349,0.9594258904350782,0.9477659752689196,0.9995786739746109,0.9594258904350782,0.5555555555555556,0.5555555555555556,0 3 4 5 7,H00 H02 H11 H20 H12,3 4 5 7,H02 H11 H20 H12
random,4,7,4,4,5,4,0.4444444444444444,0.4444444444444444,0.4444444444444444,0.0005716208834201097,0.9447377976318035,0.9111032576952796,0.9994283791165799,0.9447377976318035,0.5555555555555556,0.5555555555555556,0 1 4 6 7,H00 H01 H11 H03 H12,1 4 6 7,H01 H11 H03 H12
random,4,8,4,4,5,4,0.4444444444444444,0.4444444444444444,0.4444444444444444,0.0007399555761367083,0.9209954417028269,0.9000345257635753,0.9992600444238633,0.9209954417028269,0.5555555555555556,0.5555555555555556,0 1 5 8 9,H00 H01 H20 H21 H30,1 5 8 9,H01 H20 H21 H30
random,4,9,4,4,5,4,0.4444444444444444,0.4444444444444444,0.4444444444444444,0.0006526743527501822,0.9379369665411225,0.9116542378432057,0.9993473256472498,0.9379369665411225,0.5555555555555556,0.5555555555555556,0 1 2 7 8,H00 H01 H10 H12 H21,1 2 7 8,H01 H10 H12 H21
random,4,10,4,4,5,4,0.4444444444444444,0.4444444444444444,0.4444444444444444,0.00047673756489530206,0.9517393267041296,0.935078678814397,0.9995232624351047,0.9517393267041296,0.5555555555555556,0.5555555555555556,0 2 4 5 7,H00 H10 H11 H20 H12,2 4 5 7,H10 H11 H20 H12
random,4,11,4,4,5,4,0.4444444444444444,0.4444444444444444,0.4444444444444444,0.0005982409929856658,0.9422476462638902,0.923960054071801,0.9994017590070143,0.9422476462638902,0.5555555555555556,0.5555555555555556,0 2 3 4 9,H00 H10 H02 H11 H30,2 3 4 9,H10 H02 H11 H30
random,4,12,4,4,5,4,0.4444444444444444,0.4444444444444444,0.4444444444444444,0.0005186685593798757,0.9483797844326596,0.9177737550652468,0.9994813314406201,0.9483797844326596,0.5555555555555556,0.5555555555555556,0 1 2 3 4,H00 H01 H10 H02 H11,1 2 3 4,H01 H10 H02 H11
random,4,13,4,4,5,4,0.4444444444444444,0.4444444444444444,0.4444444444444444,0.0004085297987330705,0.9604578250830862,0.9470415266020683,0.9995914702012669,0.9604578250830862,0.5555555555555556,0.5555555555555556,0 1 3 4 5,H00 H01 H02 H11 H20,1 3 4 5,H01 H02 H11 H20
random,4,14,4,4,5,4,0.4444444444444444,0.4444444444444444,0.4444444444444444,0.0005381794762797654,0.9455424459666616,0.9331366239384721,0.9994618205237202,0.9455424459666616,0.5555555555555556,0.5555555555555556,0 3 5 6 7,H00 H02 H20 H03 H12,3 5 6 7,H02 H20 H03 H12
random,4,15,4,4,5,4,0.4444444444444444,0.4444444444444444,0.4444444444444444,0.0005381794762797654,0.9455424459666616,0.9331366239384721,0.9994618205237202,0.9455424459666616,0.5555555555555556,0.5555555555555556,0 3 5 6 7,H00 H02 H20 H03 H12,3 5 6 7,H02 H20 H03 H12
random,4,16,4,4,5,4,0.4444444444444444,0.4444444444444444,0.4444444444444444,0.000661045778542757,0.9334796203586065,0.8906432153853061,0.9993389542214572,0.9334796203586065,0.5555555555555556,0.5555555555555556,0 1 2 4 6,H00 H01 H10 H11 H03,1 2 4 6,H01 H10 H11 H03
random,4,17,4,4,5,4,0.4444444444444444,0.4444444444444444,0.4444444444444444,0.0007050957065075636,0.9314350394906385,0.8908216265368216,0.9992949042934924,0.9314350394906385,0.5555555555555556,0.5555555555555556,0 1 2 6 7,H00 H01 H10 H03 H12,1 2 6 7,H01 H10 H03 H12
random,4,18,4,4,5,4,0.4444444444444444,0.4444444444444444,0.4444444444444444,0.0006442753365263343,0.9321605982114954,0.9214059216564634,0.9993557246634737,0.9321605982114954,0.5555555555555556,0.5555555555555556,0 1 4 5 8,H00 H01 H11 H20 H21,1 4 5 8,H01 H11 H20 H21
random,4,19,4,4,5,4,0.4444444444444444,0.4444444444444444,0.4444444444444444,0.000527579861227423,0.9398946293433696,0.9263882873016925,0.9994724201387726,0.9398946293433696,0.5555555555555556,0.5555555555555556,0 4 5 8 9,H00 H11 H20 H21 H30,4 5 8 9,H11 H20 H21 H30
random,4,0,5,5,6,5,0.5555555555555556,0.5555555555555556,0.5555555555555556,0.000500143738463521,0.9500388081908652,0.9366333286171274,0.9994998562615365,0.9500388081908652,0.4444444444444444,0.4444444444444444,0 1 3 5 8 9,H00 H01 H02 H20 H21 H30,1 3 5 8 9,H01 H02 H20 H21 H30
random,4,1,5,5,6,5,0.5555555555555556,0.5555555555555556,0.5555555555555556,0.00048334457096643746,0.9481043524765514,0.927060556437636,0.9995166554290336,0.9481043524765514,0.4444444444444444,0.4444444444444444,0 2 4 5 8 9,H00 H10 H11 H20 H21 H30,2 4 5 8 9,H10 H11 H20 H21 H30
random,4,2,5,5,6,5,0.5555555555555556,0.5555555555555556,0.5555555555555556,0.0005734990700148046,0.9440257735683292,0.9284054581237043,0.9994265009299852,0.9440257735683292,0.4444444444444444,0.4444444444444444,0 1 3 5 6 8,H00 H01 H02 H20 H03 H21,1 3 5 6 8,H01 H02 H20 H03 H21
random,4,3,5,5,6,5,0.5555555555555556,0.5555555555555556,0.5555555555555556,0.0006406758911907673,0.9369344038359475,0.90010051796491,0.9993593241088092,0.9369344038359475,0.4444444444444444,0.4444444444444444,0 1 2 3 7 9,H00 H01 H10 H02 H12 H30,1 2 3 7 9,H01 H10 H02 H12 H30
random,4,4,5,5,6,5,0.5555555555555556,0.5555555555555556,0.5555555555555556,0.0005151660880073905,0.949403883621327,0.9217153731471693,0.9994848339119926,0.949403883621327,0.4444444444444444,0.4444444444444444,0 1 3 4 7 9,H00 H01 H02 H11 H12 H30,1 3 4 7 9,H01 H02 H11 H12 H30
random,4,5,5,5,6,5,0.5555555555555556,0.5555555555555556,0.5555555555555556,0.000672816124279052,0.9330044675188739,0.9098058271367906,0.999327183875721,0.9330044675188739,0.4444444444444444,0.4444444444444444,0 2 6 7 8 9,H00 H10 H03 H12 H21 H30,2 6 7 8 9,H10 H03 H12 H21 H30
random,4,6,5,5,6,5,0.5555555555555556,0.5555555555555556,0.5555555555555556,0.0005987909389659762,0.9399920651306012,0.9225933531747978,0.999401209061034,0.9399920651306012,0.4444444444444444,0.4444444444444444,0 2 5 6 7 9,H00 H10 H20 H03 H12 H30,2 5 6 7 9,H10 H20 H03 H12 H30
random,4,7,5,5,6,5,0.5555555555555556,0.5555555555555556,0.5555555555555556,0.00039064124575816095,0.9601312502775691,0.9449099632978337,0.9996093587542418,0.9601312502775691,0.4444444444444444,0.4444444444444444,0 2 4 5 6 7,H00 H10 H11 H20 H03 H12,2 4 5 6 7,H10 H11 H20 H03 H12
random,4,8,5,5,6,5,0.5555555555555556,0.5555555555555556,0.5555555555555556,0.0005223322659730911,0.9480125875911021,0.9224076237730512,0.9994776677340269,0.9480125875911021,0.4444444444444444,0.4444444444444444,0 2 3 4 6 7,H00 H10 H02 H11 H03 H12,2 3 4 6 7,H10 H02 H11 H03 H12
random,4,9,5,5,6,5,0.5555555555555556,0.5555555555555556,0.5555555555555556,0.00039064124575816095,0.9601312502775691,0.9449099632978337,0.9996093587542418,0.9601312502775691,0.4444444444444444,0.4444444444444444,0 2 4 5 6 7,H00 H10 H11 H20 H03 H12,2 4 5 6 7,H10 H11 H20 H03 H12
random,4,10,5,5,6,5,0.5555555555555556,0.5555555555555556,0.5555555555555556,0.0006079336162656546,0.9387601136576548,0.9050401032731614,0.9993920663837343,0.9387601136576548,0.4444444444444444,0.4444444444444444,0 1 2 5 6 9,H00 H01 H10 H20 H03 H30,1 2 5 6 9,H01 H10 H20 H03 H30
random,4,11,5,5,6,5,0.5555555555555556,0.5555555555555556,0.5555555555555556,0.0005190633237361908,0.9497217521443521,0.9208865137563843,0.9994809366762638,0.9497217521443521,0.4444444444444444,0.4444444444444444,0 1 4 6 7 8,H00 H01 H11 H03 H12 H21,1 4 6 7 8,H01 H11 H03 H12 H21
random,4,12,5,5,6,5,0.5555555555555556,0.5555555555555556,0.5555555555555556,0.0007496504113078117,0.9253521333941381,0.8920057651054261,0.9992503495886922,0.9253521333941381,0.4444444444444444,0.4444444444444444,0 2 3 6 7 9,H00 H10 H02 H03 H12 H30,2 3 6 7 9,H10 H02 H03 H12 H30
random,4,13,5,5,6,5,0.5555555555555556,0.5555555555555556,0.5555555555555556,0.0004395851865410805,0.9567111772745316,0.9376977294205816,0.9995604148134589,0.9567111772745316,0.4444444444444444,0.4444444444444444,0 3 4 6 8 9,H00 H02 H11 H03 H21 H30,3 4 6 8 9,H02 H11 H03 H21 H30
random,4,14,5,5,6,5,0.5555555555555556,0.5555555555555556,0.5555555555555556,0.0006017473060637712,0.9398137514925741,0.910403621526196,0.9993982526939362,0.9398137514925741,0.4444444444444444,0.4444444444444444,0 1 2 5 8 9,H00 H01 H10 H20 H21 H30,1 2 5 8 9,H01 H10 H20 H21 H30
random,4,15,5,5,6,5,0.5555555555555556,0.5555555555555556,0.5555555555555556,0.0005734645528718829,0.9416986509324821,0.9075437278283157,0.9994265354471281,0.9416986509324821,0.4444444444444444,0.4444444444444444,0 1 2 4 6 8,H00 H01 H10 H11 H03 H21,1 2 4 6 8,H01 H10 H11 H03 H21
random,4,16,5,5,6,5,0.5555555555555556,0.5555555555555556,0.5555555555555556,0.0005255946889519691,0.9478585669387677,0.9328323759791209,0.999474405311048,0.9478585669387677,0.4444444444444444,0.4444444444444444,0 3 5 6 7 9,H00 H02 H20 H03 H12 H30,3 5 6 7 9,H02 H20 H03 H12 H30
random,4,17,5,5,6,5,0.5555555555555556,0.5555555555555556,0.5555555555555556,0.0006079336162656546,0.9387601136576548,0.9050401032731614,0.9993920663837343,0.9387601136576548,0.4444444444444444,0.4444444444444444,0 1 2 5 6 9,H00 H01 H10 H20 H03 H30,1 2 5 6 9,H01 H10 H20 H03 H30
random,4,18,5,5,6,5,0.5555555555555556,0.5555555555555556,0.5555555555555556,0.0006100861355662346,0.9378817460802024,0.9228303569877748,0.9993899138644338,0.9378817460802024,0.4444444444444444,0.4444444444444444,0 1 3 6 8 9,H00 H01 H02 H03 H21 H30,1 3 6 8 9,H01 H02 H03 H21 H30
random,4,19,5,5,6,5,0.5555555555555556,0.5555555555555556,0.5555555555555556,0.0006210935534909368,0.936571412080817,0.9180369382620509,0.9993789064465091,0.936571412080817,0.4444444444444444,0.4444444444444444,0 1 3 6 7 8,H00 H01 H02 H03 H12 H21,1 3 6 7 8,H01 H02 H03 H12 H21
random,4,0,6,6,7,6,0.6666666666666666,0.6666666666666666,0.6666666666666666,0.0005733729340136051,0.9416869760853074,0.9073368503774621,0.9994266270659864,0.9416869760853074,0.33333333333333337,0.33333333333333337,0 1 2 4 6 8 9,H00 H01 H10 H11 H03 H21 H30,1 2 4 6 8 9,H01 H10 H11 H03 H21 H30
random,4,1,6,6,7,6,0.6666666666666666,0.6666666666666666,0.6666666666666666,0.00034662141115404665,0.9655876560457821,0.9533390688722522,0.999653378588846,0.9655876560457821,0.33333333333333337,0.33333333333333337,0 1 3 4 5 8 9,H00 H01 H02 H11 H20 H21 H30,1 3 4 5 8 9,H01 H02 H11 H20 H21 H30
random,4,2,6,6,7,6,0.6666666666666666,0.6666666666666666,0.6666666666666666,0.0005994461243972182,0.9392753356844009,0.9243524704731301,0.9994005538756028,0.9392753356844009,0.33333333333333337,0.33333333333333337,0 1 3 6 7 8 9,H00 H01 H02 H03 H12 H21 H30,1 3 6 7 8 9,H01 H02 H03 H12 H21 H30
random,4,3,6,6,7,6,0.6666666666666666,0.6666666666666666,0.6666666666666666,0.00034617079654708505,0.9656110314849441,0.9536046249210959,0.9996538292034529,0.9656110314849441,0.33333333333333337,0.33333333333333337,0 3 4 5 7 8 9,H00 H02 H11 H20 H12 H21 H30,3 4 5 7 8 9,H02 H11 H20 H12 H21 H30
random,4,4,6,6,7,6,0.6666666666666666,0.6666666666666666,0.6666666666666666,0.0005194613477215171,0.9484431197364038,0.9239758980810721,0.9994805386522785,0.9484431197364038,0.33333333333333337,0.33333333333333337,0 2 3 4 6 7 9,H00 H10 H02 H11 H03 H12 H30,2 3 4 6 7 9,H10 H02 H11 H03 H12 H30
random,4,5,6,6,7,6,0.6666666666666666,0.6666666666666666,0.6666666666666666,0.0005147688207216561,0.9421279446956093,0.9290329087179406,0.9994852311792783,0.9421279446956093,0.33333333333333337,0.33333333333333337,0 1 4 5 6 8 9,H00 H01 H11 H20 H03 H21 H30,1 4 5 6 8 9,H01 H11 H20 H03 H21 H30
random,4,6,6,6,7,6,0.6666666666666666,0.6666666666666666,0.6666666666666666,0.0004897995386272669,0.9509500969427236,0.938088162650001,0.9995102004613727,0.9509500969427236,0.33333333333333337,0.33333333333333337,0 1 3 5 7 8 9,H00 H01 H02 H20 H12 H21 H30,1 3 5 7 8 9,H01 H02 H20 H12 H21 H30
random,4,7,6,6,7,6,0.6666666666666666,0.6666666666666666,0.6666666666666666,0.00038351313560269773,0.9629828441582452,0.9516891550196153,0.9996164868643973,0.9629828441582452,0.33333333333333337,0.33333333333333337,0 2 3 4 5 7 9,H00 H10 H02 H11 H20 H12 H30,2 3 4 5 7 9,H10 H02 H11 H20 H12 H30
random,4,8,6,6,7,6,0.6666666666666666,0.6666666666666666,0.6666666666666666,0.00041869282722473145,0.956424115848031,0.9399490760380962,0.9995813071727753,0.956424115848031,0.33333333333333337,0.33333333333333337,0 2 4 5 7 8 9,H00 H10 H11 H20 H12 H21 H30,2 4 5 7 8 9,H10 H11 H20 H12 H21 H30
random,4,9,6,6,7,6,0.6666666666666666,0.6666666666666666,0.6666666666666666,0.0004897995386272669,0.9509500969427236,0.938088162650001,0.9995102004613727,0.9509500969427236,0.33333333333333337,0.33333333333333337,0 1 3 5 7 8 9,H00 H01 H02 H20 H12 H21 H30,1 3 5 7 8 9,H01 H02 H20 H12 H21 H30
random,4,10,6,6,7,6,0.6666666666666666,0.6666666666666666,0.6666666666666666,0.0004354574775788933,0.9565518849599092,0.9354322061118177,0.9995645425224211,0.9565518849599092,0.33333333333333337,0.33333333333333337,0 1 2 3 4 7 8,H00 H01 H10 H02 H11 H12 H21,1 2 3 4 7 8,H01 H10 H02 H11 H12 H21
random,4,11,6,6,7,6,0.6666666666666666,0.6666666666666666,0.6666666666666666,0.0005136745749041438,0.9498470362882694,0.921534141288046,0.9994863254250959,0.9498470362882694,0.33333333333333337,0.33333333333333337,0 2 4 6 7 8 9,H00 H10 H11 H03 H12 H21 H30,2 4 6 7 8 9,H10 H11 H03 H12 H21 H30
random,4,12,6,6,7,6,0.6666666666666666,0.6666666666666666,0.6666666666666666,0.0005136745749041438,0.9498470362882694,0.921534141288046,0.9994863254250959,0.9498470362882694,0.33333333333333337,0.33333333333333337,0 2 4 6 7 8 9,H00 H10 H11 H03 H12 H21 H30,2 4 6 7 8 9,H10 H11 H03 H12 H21 H30
random,4,13,6,6,7,6,0.6666666666666666,0.6666666666666666,0.6666666666666666,0.00043561021448113024,0.9567790868272396,0.9352022301835894,0.9995643897855189,0.9567790868272396,0.33333333333333337,0.33333333333333337,0 2 3 4 6 7 8,H00 H10 H02 H11 H03 H12 H21,2 3 4 6 7 8,H10 H02 H11 H03 H12 H21
random,4,14,6,6,7,6,0.6666666666666666,0.6666666666666666,0.6666666666666666,0.0005107551696710289,0.9496417292410355,0.9209049756206025,0.999489244830329,0.9496417292410355,0.33333333333333337,0.33333333333333337,0 1 2 3 4 7 9,H00 H01 H10 H02 H11 H12 H30,1 2 3 4 7 9,H01 H10 H02 H11 H12 H30
random,4,15,6,6,7,6,0.6666666666666666,0.6666666666666666,0.6666666666666666,0.0004354574775788933,0.9565518849599092,0.9354322061118177,0.9995645425224211,0.9565518849599092,0.33333333333333337,0.33333333333333337,0 1 2 3 4 7 8,H00 H01 H10 H02 H11 H12 H21,1 2 3 4 7 8,H01 H10 H02 H11 H12 H21
random,4,16,6,6,7,6,0.6666666666666666,0.6666666666666666,0.6666666666666666,0.0004897995386272669,0.9509500969427236,0.938088162650001,0.9995102004613727,0.9509500969427236,0.33333333333333337,0.33333333333333337,0 1 3 5 7 8 9,H00 H01 H02 H20 H12 H21 H30,1 3 5 7 8 9,H01 H02 H20 H12 H21 H30
random,4,17,6,6,7,6,0.6666666666666666,0.6666666666666666,0.6666666666666666,0.0004837161395698786,0.9519785256008756,0.9348703509429604,0.9995162838604301,0.9519785256008756,0.33333333333333337,0.33333333333333337,0 1 2 3 5 6 8,H00 H01 H10 H02 H20 H03 H21,1 2 3 5 6 8,H01 H10 H02 H20 H03 H21
random,4,18,6,6,7,6,0.6666666666666666,0.6666666666666666,0.6666666666666666,0.0003641964285634458,0.9631978783858375,0.9501655233433121,0.9996358035714366,0.9631978783858375,0.33333333333333337,0.33333333333333337,0 2 3 4 5 7 8,H00 H10 H02 H11 H20 H12 H21,2 3 4 5 7 8,H10 H02 H11 H20 H12 H21
random,4,19,6,6,7,6,0.6666666666666666,0.6666666666666666,0.6666666666666666,0.00041869282722473145,0.956424115848031,0.9399490760380962,0.9995813071727753,0.956424115848031,0.33333333333333337,0.33333333333333337,0 2 4 5 7 8 9,H00 H10 H11 H20 H12 H21 H30,2 4 5 7 8 9,H10 H11 H20 H12 H21 H30
random,4,0,7,7,8,7,0.7777777777777778,0.7777777777777778,0.7777777777777778,0.00033464148873463273,0.9671407015230086,0.9544907567472506,0.9996653585112654,0.9671407015230086,0.2222222222222222,0.2222222222222222,0 2 3 4 5 6 7 9,H00 H10 H02 H11 H20 H03 H12 H30,2 3 4 5 6 7 9,H10 H02 H11 H20 H03 H12 H30
random,4,1,7,7,8,7,0.7777777777777778,0.7777777777777778,0.7777777777777778,0.0003586891107261181,0.964066886182489,0.9497766402259256,0.9996413108892739,0.964066886182489,0.2222222222222222,0.2222222222222222,0 1 2 3 4 5 7 8,H00 H01 H10 H02 H11 H20 H12 H21,1 2 3 4 5 7 8,H01 H10 H02 H11 H20 H12 H21
random,4,2,7,7,8,7,0.7777777777777778,0.7777777777777778,0.7777777777777778,0.00034363847225904465,0.9661340786855087,0.9529136655285458,0.999656361527741,0.9661340786855087,0.2222222222222222,0.2222222222222222,0 2 3 4 5 6 7 8,H00 H10 H02 H11 H20 H03 H12 H21,2 3 4 5 6 7 8,H10 H02 H11 H20 H03 H12 H21
random,4,3,7,7,8,7,0.7777777777777778,0.7777777777777778,0.7777777777777778,0.00034613622119650245,0.9656061400946199,0.9537287964247343,0.9996538637788035,0.9656061400946199,0.2222222222222222,0.2222222222222222,0 2 3 4 5 7 8 9,H00 H10 H02 H11 H20 H12 H21 H30,2 3 4 5 7 8 9,H10 H02 H11 H20 H12 H21 H30
random,4,4,7,7,8,7,0.7777777777777778,0.7777777777777778,0.7777777777777778,0.0003345945733599365,0.9672908409101075,0.9541794663951552,0.9996654054266401,0.9672908409101075,0.2222222222222222,0.2222222222222222,0 3 4 5 6 7 8 9,H00 H02 H11 H20 H03 H12 H21 H30,3 4 5 6 7 8 9,H02 H11 H20 H03 H12 H21 H30
random,4,5,7,7,8,7,0.7777777777777778,0.7777777777777778,0.7777777777777778,0.00039120466681197286,0.9603206391992241,0.9432362850547656,0.999608795333188,0.9603206391992241,0.2222222222222222,0.2222222222222222,0 1 4 5 6 7 8 9,H00 H01 H11 H20 H03 H12 H21 H30,1 4 5 6 7 8 9,H01 H11 H20 H03 H12 H21 H30
random,4,6,7,7,8,7,0.7777777777777778,0.7777777777777778,0.7777777777777778,0.0003586891107261181,0.964066886182489,0.9497766402259256,0.9996413108892739,0.964066886182489,0.2222222222222222,0.2222222222222222,0 1 2 3 4 5 7 8,H00 H01 H10 H02 H11 H20 H12 H21,1 2 3 4 5 7 8,H01 H10 H02 H11 H20 H12 H21
random,4,7,7,7,8,7,0.7777777777777778,0.7777777777777778,0.7777777777777778,0.0005068957107141614,0.9502215351772082,0.9224613067396034,0.9994931042892858,0.9502215351772082,0.2222222222222222,0.2222222222222222,0 1 2 3 4 6 7 9,H00 H01 H10 H02 H11 H03 H12 H30,1 2 3 4 6 7 9,H01 H10 H02 H11 H03 H12 H30
random,4,8,7,7,8,7,0.7777777777777778,0.7777777777777778,0.7777777777777778,0.0003887982456944883,0.9604326425104731,0.9445298964416177,0.9996112017543055,0.9604326425104731,0.2222222222222222,0.2222222222222222,0 1 2 4 5 6 7 9,H00 H01 H10 H11 H20 H03 H12 H30,1 2 4 5 6 7 9,H01 H10 H11 H20 H03 H12 H30
random,4,9,7,7,8,7,0.7777777777777778,0.7777777777777778,0.7777777777777778,0.0005309081170707941,0.9464121777719323,0.9262473204745165,0.9994690918829292,0.9464121777719323,0.2222222222222222,0.2222222222222222,0 1 2 5 6 7 8 9,H00 H01 H10 H20 H03 H12 H21 H30,1 2 5 6 7 8 9,H01 H10 H20 H03 H12 H21 H30
random,4,10,7,7,8,7,0.7777777777777778,0.7777777777777778,0.7777777777777778,0.0003889280487783253,0.9604283116235177,0.9443476083998492,0.9996110719512217,0.9604283116235177,0.2222222222222222,0.2222222222222222,0 1 2 4 5 6 7 8,H00 H01 H10 H11 H20 H03 H12 H21,1 2 4 5 6 7 8,H01 H10 H11 H20 H03 H12 H21
random,4,11,7,7,8,7,0.7777777777777778,0.7777777777777778,0.7777777777777778,0.0003889280487783253,0.9604283116235177,0.9443476083998492,0.9996110719512217,0.9604283116235177,0.2222222222222222,0.2222222222222222,0 1 2 4 5 6 7 8,H00 H01 H10 H11 H20 H03 H12 H21,1 2 4 5 6 7 8,H01 H10 H11 H20 H03 H12 H21
random,4,12,7,7,8,7,0.7777777777777778,0.7777777777777778,0.7777777777777778,0.0005108238547109067,0.950055949824035,0.9205184112540339,0.9994891761452891,0.950055949824035,0.2222222222222222,0.2222222222222222,0 1 2 4 6 7 8 9,H00 H01 H10 H11 H03 H12 H21 H30,1 2 4 6 7 8 9,H01 H10 H11 H03 H12 H21 H30
random,4,13,7,7,8,7,0.7777777777777778,0.7777777777777778,0.7777777777777778,0.0003901949094142765,0.9601989434356497,0.9450950984958455,0.9996098050905857,0.9601989434356497,0.2222222222222222,0.2222222222222222,0 2 4 5 6 7 8 9,H00 H10 H11 H20 H03 H12 H21 H30,2 4 5 6 7 8 9,H10 H11 H20 H03 H12 H21 H30
random,4,14,7,7,8,7,0.7777777777777778,0.7777777777777778,0.7777777777777778,0.0004810922546312213,0.9521481493990713,0.9361965821133271,0.9995189077453688,0.9521481493990713,0.2222222222222222,0.2222222222222222,0 1 2 3 5 6 7 8,H00 H01 H10 H02 H20 H03 H12 H21,1 2 3 5 6 7 8,H01 H10 H02 H20 H03 H12 H21
random,4,15,7,7,8,7,0.7777777777777778,0.7777777777777778,0.7777777777777778,0.0003371613274794072,0.966965916306312,0.9539072906219773,0.9996628386725206,0.966965916306312,0.2222222222222222,0.2222222222222222,0 2 3 4 5 6 8 9,H00 H10 H02 H11 H20 H03 H21 H30,2 3 4 5 6 8 9,H10 H02 H11 H20 H03 H21 H30
random,4,16,7,7,8,7,0.7777777777777778,0.7777777777777778,0.7777777777777778,0.00035462933010421693,0.9649027620711309,0.9506743315245753,0.9996453706698958,0.9649027620711309,0.2222222222222222,0.2222222222222222,0 1 2 3 4 5 7 9,H00 H01 H10 H02 H11 H20 H12 H30,1 2 3 4 5 7 9,H01 H10 H02 H11 H20 H12 H30
random,4,17,7,7,8,7,0.7777777777777778,0.7777777777777778,0.7777777777777778,0.0004329820512793958,0.957409068569984,0.9396994528670174,0.9995670179487206,0.957409068569984,0.2222222222222222,0.2222222222222222,0 1 3 4 6 7 8 9,H00 H01 H02 H11 H03 H12 H21 H30,1 3 4 6 7 8 9,H01 H02 H11 H03 H12 H21 H30
random,4,18,7,7,8,7,0.7777777777777778,0.7777777777777778,0.7777777777777778,0.0004329820512793958,0.957409068569984,0.9396994528670174,0.9995670179487206,0.957409068569984,0.2222222222222222,0.2222222222222222,0 1 3 4 6 7 8 9,H00 H01 H02 H11 H03 H12 H21 H30,1 3 4 6 7 8 9,H01 H02 H11 H03 H12 H21 H30
random,4,19,7,7,8,7,0.7777777777777778,0.7777777777777778,0.7777777777777778,0.000428744126111269,0.9577240233047113,0.9376063579316284,0.9995712558738887,0.9577240233047113,0.2222222222222222,0.2222222222222222,0 2 3 4 6 7 8 9,H00 H10 H02 H11 H03 H12 H21 H30,2 3 4 6 7 8 9,H10 H02 H11 H03 H12 H21 H30
random,4,0,8,8,9,8,0.8888888888888888,0.8888888888888888,0.8888888888888888,0.00034329958725720644,0.9661290604847081,0.9533216037430166,0.9996567004127428,0.9661290604847081,0.11111111111111116,0.11111111111111116,0 1 2 3 4 5 6 7 8,H00 H01 H10 H02 H11 H20 H03 H12 H21,1 2 3 4 5 6 7 8,H01 H10 H02 H11 H20 H03 H12 H21
random,4,1,8,8,9,8,0.8888888888888888,0.8888888888888888,0.8888888888888888,0.00047887745313346386,0.95262411181836,0.9371336835648846,0.9995211225468665,0.95262411181836,0.11111111111111116,0.11111111111111116,0 1 2 3 5 6 7 8 9,H00 H01 H10 H02 H20 H03 H12 H21 H30,1 2 3 5 6 7 8 9,H01 H10 H02 H20 H03 H12 H21 H30
random,4,2,8,8,9,8,0.8888888888888888,0.8888888888888888,0.8888888888888888,0.00033390638418495655,0.9671149713460103,0.9550148166751936,0.999666093615815,0.9671149713460103,0.11111111111111116,0.11111111111111116,0 1 2 3 4 5 6 7 9,H00 H01 H10 H02 H11 H20 H03 H12 H30,1 2 3 4 5 6 7 9,H01 H10 H02 H11 H20 H03 H12 H30
random,4,3,8,8,9,8,0.8888888888888888,0.8888888888888888,0.8888888888888888,0.00033390638418495655,0.9671149713460103,0.9550148166751936,0.999666093615815,0.9671149713460103,0.11111111111111116,0.11111111111111116,0 1 2 3 4 5 6 7 9,H00 H01 H10 H02 H11 H20 H03 H12 H30,1 2 3 4 5 6 7 9,H01 H10 H02 H11 H20 H03 H12 H30
random,4,4,8,8,9,8,0.8888888888888888,0.8888888888888888,0.8888888888888888,0.00034329958725720644,0.9661290604847081,0.9533216037430166,0.9996567004127428,0.9661290604847081,0.11111111111111116,0.11111111111111116,0 1 2 3 4 5 6 7 8,H00 H01 H10 H02 H11 H20 H03 H12 H21,1 2 3 4 5 6 7 8,H01 H10 H02 H11 H20 H03 H12 H21
random,4,5,8,8,9,8,0.8888888888888888,0.8888888888888888,0.8888888888888888,0.0003326048026792705,0.9674023111814835,0.9552573863438303,0.9996673951973207,0.9674023111814835,0.11111111111111116,0.11111111111111116,0 1 3 4 5 6 7 8 9,H00 H01 H02 H11 H20 H03 H12 H21 H30,1 3 4 5 6 7 8 9,H01 H02 H11 H20 H03 H12 H21 H30
random,4,6,8,8,9,8,0.8888888888888888,0.8888888888888888,0.8888888888888888,0.0003326048026792705,0.9674023111814835,0.9552573863438303,0.9996673951973207,0.9674023111814835,0.11111111111111116,0.11111111111111116,0 1 3 4 5 6 7 8 9,H00 H01 H02 H11 H20 H03 H12 H21 H30,1 3 4 5 6 7 8 9,H01 H02 H11 H20 H03 H12 H21 H30
random,4,7,8,8,9,8,0.8888888888888888,0.8888888888888888,0.8888888888888888,0.00033390638418495655,0.9671149713460103,0.9550148166751936,0.999666093615815,0.9671149713460103,0.11111111111111116,0.11111111111111116,0 1 2 3 4 5 6 7 9,H00 H01 H10 H02 H11 H20 H03 H12 H30,1 2 3 4 5 6 7 9,H01 H10 H02 H11 H20 H03 H12 H30
random,4,8,8,8,9,8,0.8888888888888888,0.8888888888888888,0.8888888888888888,0.0004261220165062696,0.9578592602548928,0.9391817412221033,0.9995738779834937,0.9578592602548928,0.11111111111111116,0.11111111111111116,0 1 2 3 4 6 7 8 9,H00 H01 H10 H02 H11 H03 H12 H21 H30,1 2 3 4 6 7 8 9,H01 H10 H02 H11 H03 H12 H21 H30
random,4,9,8,8,9,8,0.8888888888888888,0.8888888888888888,0.8888888888888888,0.00034329958725720644,0.9661290604847081,0.9533216037430166,0.9996567004127428,0.9661290604847081,0.11111111111111116,0.11111111111111116,0 1 2 3 4 5 6 7 8,H00 H01 H10 H02 H11 H20 H03 H12 H21,1 2 3 4 5 6 7 8,H01 H10 H02 H11 H20 H03 H12 H21
random,4,10,8,8,9,8,0.8888888888888888,0.8888888888888888,0.8888888888888888,0.0004261220165062696,0.9578592602548928,0.9391817412221033,0.9995738779834937,0.9578592602548928,0.11111111111111116,0.11111111111111116,0 1 2 3 4 6 7 8 9,H00 H01 H10 H02 H11 H03 H12 H21 H30,1 2 3 4 6 7 8 9,H01 H10 H02 H11 H03 H12 H21 H30
random,4,11,8,8,9,8,0.8888888888888888,0.8888888888888888,0.8888888888888888,0.0003453679964877665,0.9657643216614491,0.9532991736007751,0.9996546320035122,0.9657643216614491,0.11111111111111116,0.11111111111111116,0 1 2 3 4 5 7 8 9,H00 H01 H10 H02 H11 H20 H12 H21 H30,1 2 3 4 5 7 8 9,H01 H10 H02 H11 H20 H12 H21 H30
random,4,12,8,8,9,8,0.8888888888888888,0.8888888888888888,0.8888888888888888,0.00034329958725720644,0.9661290604847081,0.9533216037430166,0.9996567004127428,0.9661290604847081,0.11111111111111116,0.11111111111111116,0 1 2 3 4 5 6 7 8,H00 H01 H10 H02 H11 H20 H03 H12 H21,1 2 3 4 5 6 7 8,H01 H10 H02 H11 H20 H03 H12 H21
random,4,13,8,8,9,8,0.8888888888888888,0.8888888888888888,0.8888888888888888,0.0003326048026792705,0.9674023111814835,0.9552573863438303,0.9996673951973207,0.9674023111814835,0.11111111111111116,0.11111111111111116,0 1 3 4 5 6 7 8 9,H00 H01 H02 H11 H20 H03 H12 H21 H30,1 3 4 5 6 7 8 9,H01 H02 H11 H20 H03 H12 H21 H30
random,4,14,8,8,9,8,0.8888888888888888,0.8888888888888888,0.8888888888888888,0.00033390638418495655,0.9671149713460103,0.9550148166751936,0.999666093615815,0.9671149713460103,0.11111111111111116,0.11111111111111116,0 1 2 3 4 5 6 7 9,H00 H01 H10 H02 H11 H20 H03 H12 H30,1 2 3 4 5 6 7 9,H01 H10 H02 H11 H20 H03 H12 H30
random,4,15,8,8,9,8,0.8888888888888888,0.8888888888888888,0.8888888888888888,0.00033390638418495655,0.9671149713460103,0.9550148166751936,0.999666093615815,0.9671149713460103,0.11111111111111116,0.11111111111111116,0 1 2 3 4 5 6 7 9,H00 H01 H10 H02 H11 H20 H03 H12 H30,1 2 3 4 5 6 7 9,H01 H10 H02 H11 H20 H03 H12 H30
random,4,16,8,8,9,8,0.8888888888888888,0.8888888888888888,0.8888888888888888,0.0003887839266099036,0.9604234358076533,0.9445004644330406,0.9996112160733901,0.9604234358076533,0.11111111111111116,0.11111111111111116,0 1 2 4 5 6 7 8 9,H00 H01 H10 H11 H20 H03 H12 H21 H30,1 2 4 5 6 7 8 9,H01 H10 H11 H20 H03 H12 H21 H30
random,4,17,8,8,9,8,0.8888888888888888,0.8888888888888888,0.8888888888888888,0.000333194067934528,0.9671888498680203,0.9557184960383565,0.9996668059320655,0.9671888498680203,0.11111111111111116,0.11111111111111116,0 1 2 3 4 5 6 8 9,H00 H01 H10 H02 H11 H20 H03 H21 H30,1 2 3 4 5 6 8 9,H01 H10 H02 H11 H20 H03 H21 H30
random,4,18,8,8,9,8,0.8888888888888888,0.8888888888888888,0.8888888888888888,0.0003332350170239806,0.9673613968452573,0.9548970851290686,0.999666764982976,0.9673613968452573,0.11111111111111116,0.11111111111111116,0 2 3 4 5 6 7 8 9,H00 H10 H02 H11 H20 H03 H12 H21 H30,2 3 4 5 6 7 8 9,H10 H02 H11 H20 H03 H12 H21 H30
random,4,19,8,8,9,8,0.8888888888888888,0.8888888888888888,0.8888888888888888,0.00033390638418495655,0.9671149713460103,0.9550148166751936,0.999666093615815,0.9671149713460103,0.11111111111111116,0.11111111111111116,0 1 2 3 4 5 6 7 9,H00 H01 H10 H02 H11 H20 H03 H12 H30,1 2 3 4 5 6 7 9,H01 H10 H02 H11 H20 H03 H12 H30
random,4,0,9,9,10,9,1.0,1.0,1.0,0.0003309461462777108,0.9674689205945884,0.9561272652657895,0.9996690538537223,0.9674689205945884,0.0,0.0,0 1 2 3 4 5 6 7 8 9,H00 H01 H10 H02 H11 H20 H03 H12 H21 H30,1 2 3 4 5 6 7 8 9,H01 H10 H02 H11 H20 H03 H12 H21 H30
random,4,1,9,9,10,9,1.0,1.0,1.0,0.0003309461462777108,0.9674689205945884,0.9561272652657895,0.9996690538537223,0.9674689205945884,0.0,0.0,0 1 2 3 4 5 6 7 8 9,H00 H01 H10 H02 H11 H20 H03 H12 H21 H30,1 2 3 4 5 6 7 8 9,H01 H10 H02 H11 H20 H03 H12 H21 H30
random,4,2,9,9,10,9,1.0,1.0,1.0,0.0003309461462777108,0.9674689205945884,0.9561272652657895,0.9996690538537223,0.9674689205945884,0.0,0.0,0 1 2 3 4 5 6 7 8 9,H00 H01 H10 H02 H11 H20 H03 H12 H21 H30,1 2 3 4 5 6 7 8 9,H01 H10 H02 H11 H20 H03 H12 H21 H30
random,4,3,9,9,10,9,1.0,1.0,1.0,0.0003309461462777108,0.9674689205945884,0.9561272652657895,0.9996690538537223,0.9674689205945884,0.0,0.0,0 1 2 3 4 5 6 7 8 9,H00 H01 H10 H02 H11 H20 H03 H12 H21 H30,1 2 3 4 5 6 7 8 9,H01 H10 H02 H11 H20 H03 H12 H21 H30
random,4,4,9,9,10,9,1.0,1.0,1.0,0.0003309461462777108,0.9674689205945884,0.9561272652657895,0.9996690538537223,0.9674689205945884,0.0,0.0,0 1 2 3 4 5 6 7 8 9,H00 H01 H10 H02 H11 H20 H03 H12 H21 H30,1 2 3 4 5 6 7 8 9,H01 H10 H02 H11 H20 H03 H12 H21 H30
random,4,5,9,9,10,9,1.0,1.0,1.0,0.0003309461462777108,0.9674689205945884,0.9561272652657895,0.9996690538537223,0.9674689205945884,0.0,0.0,0 1 2 3 4 5 6 7 8 9,H00 H01 H10 H02 H11 H20 H03 H12 H21 H30,1 2 3 4 5 6 7 8 9,H01 H10 H02 H11 H20 H03 H12 H21 H30
random,4,6,9,9,10,9,1.0,1.0,1.0,0.0003309461462777108,0.9674689205945884,0.9561272652657895,0.9996690538537223,0.9674689205945884,0.0,0.0,0 1 2 3 4 5 6 7 8 9,H00 H01 H10 H02 H11 H20 H03 H12 H21 H30,1 2 3 4 5 6 7 8 9,H01 H10 H02 H11 H20 H03 H12 H21 H30
random,4,7,9,9,10,9,1.0,1.0,1.0,0.0003309461462777108,0.9674689205945884,0.9561272652657895,0.9996690538537223,0.9674689205945884,0.0,0.0,0 1 2 3 4 5 6 7 8 9,H00 H01 H10 H02 H11 H20 H03 H12 H21 H30,1 2 3 4 5 6 7 8 9,H01 H10 H02 H11 H20 H03 H12 H21 H30
random,4,8,9,9,10,9,1.0,1.0,1.0,0.0003309461462777108,0.9674689205945884,0.9561272652657895,0.9996690538537223,0.9674689205945884,0.0,0.0,0 1 2 3 4 5 6 7 8 9,H00 H01 H10 H02 H11 H20 H03 H12 H21 H30,1 2 3 4 5 6 7 8 9,H01 H10 H02 H11 H20 H03 H12 H21 H30
random,4,9,9,9,10,9,1.0,1.0,1.0,0.0003309461462777108,0.9674689205945884,0.9561272652657895,0.9996690538537223,0.9674689205945884,0.0,0.0,0 1 2 3 4 5 6 7 8 9,H00 H01 H10 H02 H11 H20 H03 H12 H21 H30,1 2 3 4 5 6 7 8 9,H01 H10 H02 H11 H20 H03 H12 H21 H30
random,4,10,9,9,10,9,1.0,1.0,1.0,0.0003309461462777108,0.9674689205945884,0.9561272652657895,0.9996690538537223,0.9674689205945884,0.0,0.0,0 1 2 3 4 5 6 7 8 9,H00 H01 H10 H02 H11 H20 H03 H12 H21 H30,1 2 3 4 5 6 7 8 9,H01 H10 H02 H11 H20 H03 H12 H21 H30
random,4,11,9,9,10,9,1.0,1.0,1.0,0.0003309461462777108,0.9674689205945884,0.9561272652657895,0.9996690538537223,0.9674689205945884,0.0,0.0,0 1 2 3 4 5 6 7 8 9,H00 H01 H10 H02 H11 H20 H03 H12 H21 H30,1 2 3 4 5 6 7 8 9,H01 H10 H02 H11 H20 H03 H12 H21 H30
random,4,12,9,9,10,9,1.0,1.0,1.0,0.0003309461462777108,0.9674689205945884,0.9561272652657895,0.9996690538537223,0.9674689205945884,0.0,0.0,0 1 2 3 4 5 6 7 8 9,H00 H01 H10 H02 H11 H20 H03 H12 H21 H30,1 2 3 4 5 6 7 8 9,H01 H10 H02 H11 H20 H03 H12 H21 H30
random,4,13,9,9,10,9,1.0,1.0,1.0,0.0003309461462777108,0.9674689205945884,0.9561272652657895,0.9996690538537223,0.9674689205945884,0.0,0.0,0 1 2 3 4 5 6 7 8 9,H00 H01 H10 H02 H11 H20 H03 H12 H21 H30,1 2 3 4 5 6 7 8 9,H01 H10 H02 H11 H20 H03 H12 H21 H30
random,4,14,9,9,10,9,1.0,1.0,1.0,0.0003309461462777108,0.9674689205945884,0.9561272652657895,0.9996690538537223,0.9674689205945884,0.0,0.0,0 1 2 3 4 5 6 7 8 9,H00 H01 H10 H02 H11 H20 H03 H12 H21 H30,1 2 3 4 5 6 7 8 9,H01 H10 H02 H11 H20 H03 H12 H21 H30
random,4,15,9,9,10,9,1.0,1.0,1.0,0.0003309461462777108,0.9674689205945884,0.9561272652657895,0.9996690538537223,0.9674689205945884,0.0,0.0,0 1 2 3 4 5 6 7 8 9,H00 H01 H10 H02 H11 H20 H03 H12 H21 H30,1 2 3 4 5 6 7 8 9,H01 H10 H02 H11 H20 H03 H12 H21 H30
random,4,16,9,9,10,9,1.0,1.0,1.0,0.0003309461462777108,0.9674689205945884,0.9561272652657895,0.9996690538537223,0.9674689205945884,0.0,0.0,0 1 2 3 4 5 6 7 8 9,H00 H01 H10 H02 H11 H20 H03 H12 H21 H30,1 2 3 4 5 6 7 8 9,H01 H10 H02 H11 H20 H03 H12 H21 H30
random,4,17,9,9,10,9,1.0,1.0,1.0,0.0003309461462777108,0.9674689205945884,0.9561272652657895,0.9996690538537223,0.9674689205945884,0.0,0.0,0 1 2 3 4 5 6 7 8 9,H00 H01 H10 H02 H11 H20 H03 H12 H21 H30,1 2 3 4 5 6 7 8 9,H01 H10 H02 H11 H20 H03 H12 H21 H30
random,4,18,9,9,10,9,1.0,1.0,1.0,0.0003309461462777108,0.9674689205945884,0.9561272652657895,0.9996690538537223,0.9674689205945884,0.0,0.0,0 1 2 3 4 5 6 7 8 9,H00 H01 H10 H02 H11 H20 H03 H12 H21 H30,1 2 3 4 5 6 7 8 9,H01 H10 H02 H11 H20 H03 H12 H21 H30
random,4,19,9,9,10,9,1.0,1.0,1.0,0.0003309461462777108,0.9674689205945884,0.9561272652657895,0.9996690538537223,0.9674689205945884,0.0,0.0,0 1 2 3 4 5 6 7 8 9,H00 H01 H10 H02 H11 H20 H03 H12 H21 H30,1 2 3 4 5 6 7 8 9,H01 H10 H02 H11 H20 H03 H12 H21 H30
random,5,0,1,1,2,1,0.1111111111111111,0.1111111111111111,0.1111111111111111,0.0038034715689718723,0.8369999352383553,0.7392766346893126,0.9961965284310281,0.8369999352383553,0.8888888888888888,0.8888888888888888,0 6,H00 H03,6,H03
random,5,1,1,1,2,1,0.1111111111111111,0.1111111111111111,0.1111111111111111,0.0038034715689718723,0.8369999352383553,0.7392766346893126,0.9961965284310281,0.8369999352383553,0.8888888888888888,0.8888888888888888,0 6,H00 H03,6,H03
random,5,2,1,1,2,1,0.1111111111111111,0.1111111111111111,0.1111111111111111,0.0038034715689718723,0.8369999352383553,0.7392766346893126,0.9961965284310281,0.8369999352383553,0.8888888888888888,0.8888888888888888,0 6,H00 H03,6,H03
random,5,3,1,1,2,1,0.1111111111111111,0.1111111111111111,0.1111111111111111,0.002045938279479742,0.8512772589470132,0.8990523831870754,0.9979540617205203,0.8512772589470132,0.8888888888888888,0.8888888888888888,0 5,H00 H20,5,H20
random,5,4,1,1,2,1,0.1111111111111111,0.1111111111111111,0.1111111111111111,0.0031633139587938786,0.8407874248908582,0.8096343925424644,0.9968366860412061,0.8407874248908582,0.8888888888888888,0.8888888888888888,0 8,H00 H21,8,H21
random,5,5,1,1,2,1,0.1111111111111111,0.1111111111111111,0.1111111111111111,0.002045938279479742,0.8512772589470132,0.8990523831870754,0.9979540617205203,0.8512772589470132,0.8888888888888888,0.8888888888888888,0 5,H00 H20,5,H20
random,5,6,1,1,2,1,0.1111111111111111,0.1111111111111111,0.1111111111111111,0.0031633139587938786,0.8407874248908582,0.8096343925424644,0.9968366860412061,0.8407874248908582,0.8888888888888888,0.8888888888888888,0 8,H00 H21,8,H21
random,5,7,1,1,2,1,0.1111111111111111,0.1111111111111111,0.1111111111111111,0.0031633139587938786,0.8407874248908582,0.8096343925424644,0.9968366860412061,0.8407874248908582,0.8888888888888888,0.8888888888888888,0 8,H00 H21,8,H21
random,5,8,1,1,2,1,0.1111111111111111,0.1111111111111111,0.1111111111111111,0.002045938279479742,0.8512772589470132,0.8990523831870754,0.9979540617205203,0.8512772589470132,0.8888888888888888,0.8888888888888888,0 5,H00 H20,5,H20
random,5,9,1,1,2,1,0.1111111111111111,0.1111111111111111,0.1111111111111111,0.0031633139587938786,0.8407874248908582,0.8096343925424644,0.9968366860412061,0.8407874248908582,0.8888888888888888,0.8888888888888888,0 8,H00 H21,8,H21
random,5,10,1,1,2,1,0.1111111111111111,0.1111111111111111,0.1111111111111111,0.0023000084329396486,0.8587107021753608,0.8471904217768691,0.9976999915670604,0.8587107021753608,0.8888888888888888,0.8888888888888888,0 3,H00 H02,3,H02
random,5,11,1,1,2,1,0.1111111111111111,0.1111111111111111,0.1111111111111111,0.002045938279479742,0.8512772589470132,0.8990523831870754,0.9979540617205203,0.8512772589470132,0.8888888888888888,0.8888888888888888,0 5,H00 H20,5,H20
random,5,12,1,1,2,1,0.1111111111111111,0.1111111111111111,0.1111111111111111,0.0026048975996673107,0.8629003357004893,0.8516333083571713,0.9973951024003327,0.8629003357004893,0.8888888888888888,0.8888888888888888,0 7,H00 H12,7,H12
random,5,13,1,1,2,1,0.1111111111111111,0.1111111111111111,0.1111111111111111,0.002505419310182333,0.871336864261012,0.8319563093994995,0.9974945806898177,0.871336864261012,0.8888888888888888,0.8888888888888888,0 2,H00 H10,2,H10
random,5,14,1,1,2,1,0.1111111111111111,0.1111111111111111,0.1111111111111111,0.002045938279479742,0.8512772589470132,0.8990523831870754,0.9979540617205203,0.8512772589470132,0.8888888888888888,0.8888888888888888,0 5,H00 H20,5,H20
random,5,15,1,1,2,1,0.1111111111111111,0.1111111111111111,0.1111111111111111,0.0032738824374973774,0.8568543277317647,0.7677018990151248,0.9967261175625026,0.8568543277317647,0.8888888888888888,0.8888888888888888,0 1,H00 H01,1,H01
random,5,16,1,1,2,1,0.1111111111111111,0.1111111111111111,0.1111111111111111,0.0026048975996673107,0.8629003357004893,0.8516333083571713,0.9973951024003327,0.8629003357004893,0.8888888888888888,0.8888888888888888,0 7,H00 H12,7,H12
random,5,17,1,1,2,1,0.1111111111111111,0.1111111111111111,0.1111111111111111,0.003190188203006983,0.861590741479085,0.7901250363946927,0.996809811796993,0.861590741479085,0.8888888888888888,0.8888888888888888,0 4,H00 H11,4,H11
random,5,18,1,1,2,1,0.1111111111111111,0.1111111111111111,0.1111111111111111,0.002505419310182333,0.871336864261012,0.8319563093994995,0.9974945806898177,0.871336864261012,0.8888888888888888,0.8888888888888888,0 2,H00 H10,2,H10
random,5,19,1,1,2,1,0.1111111111111111,0.1111111111111111,0.1111111111111111,0.0031633139587938786,0.8407874248908582,0.8096343925424644,0.9968366860412061,0.8407874248908582,0.8888888888888888,0.8888888888888888,0 8,H00 H21,8,H21
random,5,0,2,2,3,2,0.2222222222222222,0.2222222222222222,0.2222222222222222,0.001580330659635365,0.8812991249043933,0.9248157852851144,0.9984196693403646,0.8812991249043933,0.7777777777777778,0.7777777777777778,0 1 5,H00 H01 H20,1 5,H01 H20
random,5,1,2,2,3,2,0.2222222222222222,0.2222222222222222,0.2222222222222222,0.0017981086857616901,0.8903406899152202,0.8987371765100497,0.9982018913142383,0.8903406899152202,0.7777777777777778,0.7777777777777778,0 7 8,H00 H12 H21,7 8,H12 H21
random,5,2,2,2,3,2,0.2222222222222222,0.2222222222222222,0.2222222222222222,0.002536351326853037,0.8638029989856212,0.8665481131717229,0.997463648673147,0.8638029989856212,0.7777777777777778,0.7777777777777778,0 7 9,H00 H12 H30,7 9,H12 H30
random,5,3,2,2,3,2,0.2222222222222222,0.2222222222222222,0.2222222222222222,0.001999961445108056,0.8945771582894178,0.8574362412834292,0.9980000385548919,0.8945771582894178,0.7777777777777778,0.7777777777777778,0 1 2,H00 H01 H10,1 2,H01 H10
random,5,4,2,2,3,2,0.2222222222222222,0.2222222222222222,0.2222222222222222,0.0020180963911116123,0.8757550946805587,0.8629381233244926,0.9979819036088884,0.8757550946805587,0.7777777777777778,0.7777777777777778,0 2 3,H00 H10 H02,2 3,H10 H02
random,5,5,2,2,3,2,0.2222222222222222,0.2222222222222222,0.2222222222222222,0.002301004948094487,0.8555308290392905,0.8781988205591861,0.9976989950519055,0.8555308290392905,0.7777777777777778,0.7777777777777778,0 8 9,H00 H21 H30,8 9,H21 H30
random,5,6,2,2,3,2,0.2222222222222222,0.2222222222222222,0.2222222222222222,0.0024746176786720753,0.8729806409309331,0.8445201201631862,0.9975253823213279,0.8729806409309331,0.7777777777777778,0.7777777777777778,0 2 7,H00 H10 H12,2 7,H10 H12
random,5,7,2,2,3,2,0.2222222222222222,0.2222222222222222,0.2222222222222222,0.001894211396574974,0.8784375749041152,0.8887401119114154,0.998105788603425,0.8784375749041152,0.7777777777777778,0.7777777777777778,0 3 9,H00 H02 H30,3 9,H02 H30
random,5,8,2,2,3,2,0.2222222222222222,0.2222222222222222,0.2222222222222222,0.002380507532507181,0.8786765849981878,0.8359289769408723,0.9976194924674928,0.8786765849981878,0.7777777777777778,0.7777777777777778,0 2 6,H00 H10 H03,2 6,H10 H03
random,5,9,2,2,3,2,0.2222222222222222,0.2222222222222222,0.2222222222222222,0.0016902332426980138,0.8732842453993529,0.9161693422022764,0.998309766757302,0.8732842453993529,0.7777777777777778,0.7777777777777778,0 5 6,H00 H20 H03,5 6,H20 H03
random,5,10,2,2,3,2,0.2222222222222222,0.2222222222222222,0.2222222222222222,0.0014350415440276265,0.9013668002647112,0.9066876886756929,0.9985649584559724,0.9013668002647112,0.7777777777777778,0.7777777777777778,0 2 5,H00 H10 H20,2 5,H10 H20
random,5,11,2,2,3,2,0.2222222222222222,0.2222222222222222,0.2222222222222222,0.0017981086857616901,0.8903406899152202,0.8987371765100497,0.9982018913142383,0.8903406899152202,0.7777777777777778,0.7777777777777778,0 7 8,H00 H12 H21,7 8,H12 H21
random,5,12,2,2,3,2,0.2222222222222222,0.2222222222222222,0.2222222222222222,0.0014305004151538014,0.8971648561135909,0.9210690782036202,0.9985694995848462,0.8971648561135909,0.7777777777777778,0.7777777777777778,0 5 7,H00 H20 H12,5 7,H20 H12
random,5,13,2,2,3,2,0.2222222222222222,0.2222222222222222,0.2222222222222222,0.002442886121571064,0.8708813881698673,0.8580630929925551,0.9975571138784289,0.8708813881698673,0.7777777777777778,0.7777777777777778,0 4 9,H00 H11 H30,4 9,H11 H30
random,5,14,2,2,3,2,0.2222222222222222,0.2222222222222222,0.2222222222222222,0.0014023981057107449,0.9054101176258712,0.9233422294580503,0.9985976018942893,0.9054101176258712,0.7777777777777778,0.7777777777777778,0 3 5,H00 H02 H20,3 5,H02 H20
random,5,15,2,2,3,2,0.2222222222222222,0.2222222222222222,0.2222222222222222,0.001999961445108056,0.8945771582894178,0.8574362412834292,0.9980000385548919,0.8945771582894178,0.7777777777777778,0.7777777777777778,0 1 2,H00 H01 H10,1 2,H01 H10
random,5,16,2,2,3,2,0.2222222222222222,0.2222222222222222,0.2222222222222222,0.0029206424951553345,0.8767642490432889,0.794022049879474,0.9970793575048447,0.8767642490432889,0.7777777777777778,0.7777777777777778,0 1 4,H00 H01 H11,1 4,H01 H11
random,5,17,2,2,3,2,0.2222222222222222,0.2222222222222222,0.2222222222222222,0.001387433847412467,0.8885180202714753,0.9334551825145588,0.9986125661525875,0.8885180202714753,0.7777777777777778,0.7777777777777778,0 4 5,H00 H11 H20,4 5,H11 H20
random,5,18,2,2,3,2,0.2222222222222222,0.2222222222222222,0.2222222222222222,0.00295962393283844,0.834274403416462,0.8275191936077398,0.9970403760671616,0.834274403416462,0.7777777777777778,0.7777777777777778,0 6 9,H00 H03 H30,6 9,H03 H30
random,5,19,2,2,3,2,0.2222222222222222,0.2222222222222222,0.2222222222222222,0.002536351326853037,0.8638029989856212,0.8665481131717229,0.997463648673147,0.8638029989856212,0.7777777777777778,0.7777777777777778,0 7 9,H00 H12 H30,7 9,H12 H30
random,5,0,3,3,4,3,0.3333333333333333,0.3333333333333333,0.3333333333333333,0.0015136250294744968,0.8993991331842935,0.8951245175923662,0.9984863749705255,0.8993991331842935,0.6666666666666667,0.6666666666666667,0 1 3 9,H00 H01 H02 H30,1 3 9,H01 H02 H30
random,5,1,3,3,4,3,0.3333333333333333,0.3333333333333333,0.3333333333333333,0.0017670146189630032,0.914953260240671,0.8807224005859,0.998232985381037,0.914953260240671,0.6666666666666667,0.6666666666666667,0 1 4 7,H00 H01 H11 H12,1 4 7,H01 H11 H12
random,5,2,3,3,4,3,0.3333333333333333,0.3333333333333333,0.3333333333333333,0.0017670146189630032,0.914953260240671,0.8807224005859,0.998232985381037,0.914953260240671,0.6666666666666667,0.6666666666666667,0 1 4 7,H00 H01 H11 H12,1 4 7,H01 H11 H12
random,5,3,3,3,4,3,0.3333333333333333,0.3333333333333333,0.3333333333333333,0.0011021887185052037,0.9195840290252576,0.9350941179081387,0.9988978112814948,0.9195840290252576,0.6666666666666667,0.6666666666666667,0 3 5 6,H00 H02 H20 H03,3 5 6,H02 H20 H03
random,5,4,3,3,4,3,0.3333333333333333,0.3333333333333333,0.3333333333333333,0.00116275018081069,0.9040411885530997,0.9363815125892138,0.9988372498191893,0.9040411885530997,0.6666666666666667,0.6666666666666667,0 4 5 9,H00 H11 H20 H30,4 5 9,H11 H20 H30
random,5,5,3,3,4,3,0.3333333333333333,0.3333333333333333,0.3333333333333333,0.0017332336865365505,0.9012320068809918,0.89845029365153,0.9982667663134634,0.9012320068809918,0.6666666666666667,0.6666666666666667,0 1 7 8,H00 H01 H12 H21,1 7 8,H01 H12 H21
random,5,6,3,3,4,3,0.3333333333333333,0.3333333333333333,0.3333333333333333,0.0010608811862766743,0.9212459147632052,0.9413389707060377,0.9989391188137233,0.9212459147632052,0.6666666666666667,0.6666666666666667,0 1 5 7,H00 H01 H20 H12,1 5 7,H01 H20 H12
random,5,7,3,3,4,3,0.3333333333333333,0.3333333333333333,0.3333333333333333,0.001360488124191761,0.9022068632024647,0.9084585771630611,0.9986395118758082,0.9022068632024647,0.6666666666666667,0.6666666666666667,0 2 3 8,H00 H10 H02 H21,2 3 8,H10 H02 H21
random,5,8,3,3,4,3,0.3333333333333333,0.3333333333333333,0.3333333333333333,0.0014538675313815475,0.9065614520404909,0.9080233950302652,0.9985461324686185,0.9065614520404909,0.6666666666666667,0.6666666666666667,0 3 4 9,H00 H02 H11 H30,3 4 9,H02 H11 H30
random,5,9,3,3,4,3,0.3333333333333333,0.3333333333333333,0.3333333333333333,0.0015808874741196632,0.8818358086519094,0.922229956598627,0.9984191125258803,0.8818358086519094,0.6666666666666667,0.6666666666666667,0 1 5 8,H00 H01 H20 H21,1 5 8,H01 H20 H21
random,5,10,3,3,4,3,0.3333333333333333,0.3333333333333333,0.3333333333333333,0.0017286855727434158,0.8991268853192947,0.8964964466193718,0.9982713144272566,0.8991268853192947,0.6666666666666667,0.6666666666666667,0 2 7 8,H00 H10 H12 H21,2 7 8,H10 H12 H21
random,5,11,3,3,4,3,0.3333333333333333,0.3333333333333333,0.3333333333333333,0.0016048758989199996,0.8966619102118203,0.8883834090220235,0.99839512410108,0.8966619102118203,0.6666666666666667,0.6666666666666667,0 3 4 7,H00 H02 H11 H12,3 4 7,H02 H11 H12
random,5,12,3,3,4,3,0.3333333333333333,0.3333333333333333,0.3333333333333333,0.0011492911726236343,0.916726733979799,0.9269520089481149,0.9988507088273764,0.916726733979799,0.6666666666666667,0.6666666666666667,0 1 2 5,H00 H01 H10 H20,1 2 5,H01 H10 H20
random,5,13,3,3,4,3,0.3333333333333333,0.3333333333333333,0.3333333333333333,0.001260693185031414,0.9160590412341032,0.9207425934052029,0.9987393068149686,0.9160590412341032,0.6666666666666667,0.6666666666666667,0 2 3 5,H00 H10 H02 H20,2 3 5,H10 H02 H20
random,5,14,3,3,4,3,0.3333333333333333,0.3333333333333333,0.3333333333333333,0.001190686714835465,0.9171273415370021,0.930059865205162,0.9988093132851645,0.9171273415370021,0.6666666666666667,0.6666666666666667,0 3 5 9,H00 H02 H20 H30,3 5 9,H02 H20 H30
random,5,15,3,3,4,3,0.3333333333333333,0.3333333333333333,0.3333333333333333,0.0017539933323860168,0.9043652747450983,0.8857315694594722,0.998246006667614,0.9043652747450983,0.6666666666666667,0.6666666666666667,0 1 2 8,H00 H01 H10 H21,1 2 8,H01 H10 H21
random,5,16,3,3,4,3,0.3333333333333333,0.3333333333333333,0.3333333333333333,0.0014492194168269634,0.8928121362993323,0.9075901211127576,0.998550780583173,0.8928121362993323,0.6666666666666667,0.6666666666666667,0 3 7 8,H00 H02 H12 H21,3 7 8,H02 H12 H21
random,5,17,3,3,4,3,0.3333333333333333,0.3333333333333333,0.3333333333333333,0.0017978450050577521,0.8909684854131037,0.8987773175036526,0.9982021549949422,0.8909684854131037,0.6666666666666667,0.6666666666666667,0 6 7 8,H00 H03 H12 H21,6 7 8,H03 H12 H21
random,5,18,3,3,4,3,0.3333333333333333,0.3333333333333333,0.3333333333333333,0.0009174626902677119,0.9270173338519833,0.9485566788990482,0.9990825373097323,0.9270173338519833,0.6666666666666667,0.6666666666666667,0 3 4 5,H00 H02 H11 H20,3 4 5,H02 H11 H20
random,5,19,3,3,4,3,0.3333333333333333,0.3333333333333333,0.3333333333333333,0.0017451235326007009,0.8980949419361233,0.8870500454910963,0.9982548764673993,0.8980949419361233,0.6666666666666667,0.6666666666666667,0 2 6 8,H00 H10 H03 H21,2 6 8,H10 H03 H21
random,5,0,4,4,5,4,0.4444444444444444,0.4444444444444444,0.4444444444444444,0.0009673042804934084,0.9292406688724488,0.9422633834274998,0.9990326957195066,0.9292406688724488,0.5555555555555556,0.5555555555555556,0 1 3 5 7,H00 H01 H02 H20 H12,1 3 5 7,H01 H02 H20 H12
random,5,1,4,4,5,4,0.4444444444444444,0.4444444444444444,0.4444444444444444,0.0010342460591346025,0.9252043692361869,0.9374584073775161,0.9989657539408654,0.9252043692361869,0.5555555555555556,0.5555555555555556,0 3 5 6 9,H00 H02 H20 H03 H30,3 5 6 9,H02 H20 H03 H30
random,5,2,4,4,5,4,0.4444444444444444,0.4444444444444444,0.4444444444444444,0.0008587961783632636,0.930481754801503,0.9510717297125277,0.9991412038216367,0.930481754801503,0.5555555555555556,0.5555555555555556,0 3 4 5 8,H00 H02 H11 H20 H21,3 4 5 8,H02 H11 H20 H21
random,5,3,4,4,5,4,0.4444444444444444,0.4444444444444444,0.4444444444444444,0.0015802810667082667,0.8822535178696075,0.9215946810300304,0.9984197189332917,0.8822535178696075,0.5555555555555556,0.5555555555555556,0 1 5 6 8,H00 H01 H20 H03 H21,1 5 6 8,H01 H20 H03 H21
random,5,4,4,4,5,4,0.4444444444444444,0.4444444444444444,0.4444444444444444,0.00166266318410635,0.9051703659996975,0.8891467672038773,0.9983373368158937,0.9051703659996975,0.5555555555555556,0.5555555555555556,0 1 2 6 8,H00 H01 H10 H03 H21,1 2 6 8,H01 H10 H03 H21
random,5,5,4,4,5,4,0.4444444444444444,0.4444444444444444,0.4444444444444444,0.0013916529715061188,0.9011881152847859,0.9183837586047018,0.9986083470284939,0.9011881152847859,0.5555555555555556,0.5555555555555556,0 2 5 7 9,H00 H10 H20 H12 H30,2 5 7 9,H10 H20 H12 H30
random,5,6,4,4,5,4,0.4444444444444444,0.4444444444444444,0.4444444444444444,0.0013916529715061188,0.9011881152847859,0.9183837586047018,0.9986083470284939,0.9011881152847859,0.5555555555555556,0.5555555555555556,0 2 5 7 9,H00 H10 H20 H12 H30,2 5 7 9,H10 H20 H12 H30
random,5,7,4,4,5,4,0.4444444444444444,0.4444444444444444,0.4444444444444444,0.0020665305200964212,0.8860847371963698,0.8778202594964523,0.9979334694799036,0.8860847371963698,0.5555555555555556,0.5555555555555556,0 1 4 8 9,H00 H01 H11 H21 H30,1 4 8 9,H01 H11 H21 H30
random,5,8,4,4,5,4,0.4444444444444444,0.4444444444444444,0.4444444444444444,0.0020036427304148674,0.882103007627866,0.8818911935002638,0.9979963572695851,0.882103007627866,0.5555555555555556,0.5555555555555556,0 4 6 8 9,H00 H11 H03 H21 H30,4 6 8 9,H11 H03 H21 H30
random,5,9,4,4,5,4,0.4444444444444444,0.4444444444444444,0.4444444444444444,0.0021805339492857456,0.8585077718112897,0.8827544652093599,0.9978194660507143,0.8585077718112897,0.5555555555555556,0.5555555555555556,0 1 6 8 9,H00 H01 H03 H21 H30,1 6 8 9,H01 H03 H21 H30
random,5,10,4,4,5,4,0.4444444444444444,0.4444444444444444,0.4444444444444444,0.0016550777945667505,0.9158253710845421,0.8868598045832138,0.9983449222054332,0.9158253710845421,0.5555555555555556,0.5555555555555556,0 1 2 4 8,H00 H01 H10 H11 H21,1 2 4 8,H01 H10 H11 H21
random,5,11,4,4,5,4,0.4444444444444444,0.4444444444444444,0.4444444444444444,0.0011407379060983658,0.9058980796658893,0.9385443679609677,0.9988592620939016,0.9058980796658893,0.5555555555555556,0.5555555555555556,0 4 5 8 9,H00 H11 H20 H21 H30,4 5 8 9,H11 H20 H21 H30
random,5,12,4,4,5,4,0.4444444444444444,0.4444444444444444,0.4444444444444444,0.0012081926688551903,0.9174441786197222,0.9107491941417,0.9987918073311448,0.9174441786197222,0.5555555555555556,0.5555555555555556,0 2 3 4 8,H00 H10 H02 H11 H21,2 3 4 8,H10 H02 H11 H21
random,5,13,4,4,5,4,0.4444444444444444,0.4444444444444444,0.4444444444444444,0.0015695090405642986,0.8970910489745216,0.8886323883071868,0.9984304909594357,0.8970910489745216,0.5555555555555556,0.5555555555555556,0 2 3 4 7,H00 H10 H02 H11 H12,2 3 4 7,H10 H02 H11 H12
random,5,14,4,4,5,4,0.4444444444444444,0.4444444444444444,0.4444444444444444,0.0017393359448760748,0.911847290533122,0.8818092838099927,0.9982606640551239,0.911847290533122,0.5555555555555556,0.5555555555555556,0 1 4 6 7,H00 H01 H11 H03 H12,1 4 6 7,H01 H11 H03 H12
random,5,15,4,4,5,4,0.4444444444444444,0.4444444444444444,0.4444444444444444,0.0015887117478996515,0.9116697259043541,0.8970382343287044,0.9984112882521003,0.9116697259043541,0.5555555555555556,0.5555555555555556,0 4 6 7 8,H00 H11 H03 H12 H21,4 6 7 8,H11 H03 H12 H21
random,5,16,4,4,5,4,0.4444444444444444,0.4444444444444444,0.4444444444444444,0.0012161105405539274,0.9098018418319798,0.9319576917101897,0.9987838894594461,0.9098018418319798,0.5555555555555556,0.5555555555555556,0 5 6 7 9,H00 H20 H03 H12 H30,5 6 7 9,H20 H03 H12 H30
random,5,17,4,4,5,4,0.4444444444444444,0.4444444444444444,0.4444444444444444,0.001842469908297062,0.8816262275671563,0.8806584131006705,0.9981575300917029,0.8816262275671563,0.5555555555555556,0.5555555555555556,0 2 3 7 9,H00 H10 H02 H12 H30,2 3 7 9,H10 H02 H12 H30
random,5,18,4,4,5,4,0.4444444444444444,0.4444444444444444,0.4444444444444444,0.00166266318410635,0.9051703659996975,0.8891467672038773,0.9983373368158937,0.9051703659996975,0.5555555555555556,0.5555555555555556,0 1 2 6 8,H00 H01 H10 H03 H21,1 2 6 8,H01 H10 H03 H21
random,5,19,4,4,5,4,0.4444444444444444,0.4444444444444444,0.4444444444444444,0.0009401289862580597,0.9292899811292659,0.945142032014648,0.9990598710137419,0.9292899811292659,0.5555555555555556,0.5555555555555556,0 4 5 6 7,H00 H11 H20 H03 H12,4 5 6 7,H11 H20 H03 H12
random,5,0,5,5,6,5,0.5555555555555556,0.5555555555555556,0.5555555555555556,0.000957438547629863,0.9305491429818938,0.9422043212576261,0.9990425614523701,0.9305491429818938,0.4444444444444444,0.4444444444444444,0 1 3 5 6 9,H00 H01 H02 H20 H03 H30,1 3 5 6 9,H01 H02 H20 H03 H30
random,5,1,5,5,6,5,0.5555555555555556,0.5555555555555556,0.5555555555555556,0.0008268830715678632,0.9370881824374341,0.9503273984074229,0.9991731169284321,0.9370881824374341,0.4444444444444444,0.4444444444444444,0 1 3 4 5 6,H00 H01 H02 H11 H20 H03,1 3 4 5 6,H01 H02 H11 H20 H03
random,5,2,5,5,6,5,0.5555555555555556,0.5555555555555556,0.5555555555555556,0.0011605331674218178,0.9098076479206045,0.940470337979123,0.9988394668325782,0.9098076479206045,0.4444444444444444,0.4444444444444444,0 5 6 7 8 9,H00 H20 H03 H12 H21 H30,5 6 7 8 9,H20 H03 H12 H21 H30
random,5,3,5,5,6,5,0.5555555555555556,0.5555555555555556,0.5555555555555556,0.001662002527154982,0.9051154094718299,0.8898536171296343,0.998337997472845,0.9051154094718299,0.4444444444444444,0.4444444444444444,0 1 2 6 8 9,H00 H01 H10 H03 H21 H30,1 2 6 8 9,H01 H10 H03 H21 H30
random,5,4,5,5,6,5,0.5555555555555556,0.5555555555555556,0.5555555555555556,0.0008127113105729222,0.9338895407783291,0.9518302407309595,0.9991872886894271,0.9338895407783291,0.4444444444444444,0.4444444444444444,0 3 4 5 7 8,H00 H02 H11 H20 H12 H21,3 4 5 7 8,H02 H11 H20 H12 H21
random,5,5,5,5,6,5,0.5555555555555556,0.5555555555555556,0.5555555555555556,0.001662002527154982,0.9051154094718299,0.8898536171296343,0.998337997472845,0.9051154094718299,0.4444444444444444,0.4444444444444444,0 1 2 6 8 9,H00 H01 H10 H03 H21 H30,1 2 6 8 9,H01 H10 H03 H21 H30
random,5,6,5,5,6,5,0.5555555555555556,0.5555555555555556,0.5555555555555556,0.0011883745901286602,0.9077093635600472,0.9363136976832781,0.9988116254098713,0.9077093635600472,0.4444444444444444,0.4444444444444444,0 2 5 7 8 9,H00 H10 H20 H12 H21 H30,2 5 7 8 9,H10 H20 H12 H21 H30
random,5,7,5,5,6,5,0.5555555555555556,0.5555555555555556,0.5555555555555556,0.001708498690277338,0.8871667217263923,0.8829861973891133,0.9982915013097227,0.8871667217263923,0.4444444444444444,0.4444444444444444,0 2 3 6 7 9,H00 H10 H02 H03 H12 H30,2 3 6 7 9,H10 H02 H03 H12 H30
random,5,8,5,5,6,5,0.5555555555555556,0.5555555555555556,0.5555555555555556,0.0012144790962338448,0.9105134405302023,0.926946199520552,0.9987855209037662,0.9105134405302023,0.4444444444444444,0.4444444444444444,0 2 5 6 8 9,H00 H10 H20 H03 H21 H30,2 5 6 8 9,H10 H20 H03 H21 H30
random,5,9,5,5,6,5,0.5555555555555556,0.5555555555555556,0.5555555555555556,0.0008731667185202241,0.9313318112092126,0.9482717610313393,0.9991268332814798,0.9313318112092126,0.4444444444444444,0.4444444444444444,0 2 3 4 5 7,H00 H10 H02 H11 H20 H12,2 3 4 5 7,H10 H02 H11 H20 H12
random,5,10,5,5,6,5,0.5555555555555556,0.5555555555555556,0.5555555555555556,0.0008460942190140486,0.9330570583235069,0.9510730748115072,0.999153905780986,0.9330570583235069,0.4444444444444444,0.4444444444444444,0 1 3 4 5 8,H00 H01 H02 H11 H20 H21,1 3 4 5 8,H01 H02 H11 H20 H21
random,5,11,5,5,6,5,0.5555555555555556,0.5555555555555556,0.5555555555555556,0.0009360868716612458,0.9293320378583195,0.9469694701172665,0.9990639131283388,0.9293320378583195,0.4444444444444444,0.4444444444444444,0 1 3 5 8 9,H00 H01 H02 H20 H21 H30,1 3 5 8 9,H01 H02 H20 H21 H30
random,5,12,5,5,6,5,0.5555555555555556,0.5555555555555556,0.5555555555555556,0.0011605331674218178,0.9098076479206045,0.940470337979123,0.9988394668325782,0.9098076479206045,0.4444444444444444,0.4444444444444444,0 5 6 7 8 9,H00 H20 H03 H12 H21 H30,5 6 7 8 9,H20 H03 H12 H21 H30
random,5,13,5,5,6,5,0.5555555555555556,0.5555555555555556,0.5555555555555556,0.001662002527154982,0.9051154094718299,0.8898536171296343,0.998337997472845,0.9051154094718299,0.4444444444444444,0.4444444444444444,0 1 2 6 8 9,H00 H01 H10 H03 H21 H30,1 2 6 8 9,H01 H10 H03 H21 H30
random,5,14,5,5,6,5,0.5555555555555556,0.5555555555555556,0.5555555555555556,0.0015392736531794071,0.899927443187954,0.8810235210708557,0.9984607263468206,0.899927443187954,0.4444444444444444,0.4444444444444444,0 1 2 3 6 7,H00 H01 H10 H02 H03 H12,1 2 3 6 7,H01 H10 H02 H03 H12
random,5,15,5,5,6,5,0.5555555555555556,0.5555555555555556,0.5555555555555556,0.001335678156465292,0.8898244344061251,0.9278757481269668,0.9986643218435347,0.8898244344061251,0.4444444444444444,0.4444444444444444,0 1 5 6 8 9,H00 H01 H20 H03 H21 H30,1 5 6 8 9,H01 H20 H03 H21 H30
random,5,16,5,5,6,5,0.5555555555555556,0.5555555555555556,0.5555555555555556,0.001494747120887041,0.9017922856294585,0.8934532798855006,0.998505252879113,0.9017922856294585,0.4444444444444444,0.4444444444444444,0 1 2 3 6 9,H00 H01 H10 H02 H03 H30,1 2 3 6 9,H01 H10 H02 H03 H30
random,5,17,5,5,6,5,0.5555555555555556,0.5555555555555556,0.5555555555555556,0.0010612555779516697,0.9216527215401142,0.940638649076678,0.9989387444220483,0.9216527215401142,0.4444444444444444,0.4444444444444444,0 1 2 5 7 9,H00 H01 H10 H20 H12 H30,1 2 5 7 9,H01 H10 H20 H12 H30
random,5,18,5,5,6,5,0.5555555555555556,0.5555555555555556,0.5555555555555556,0.001829203451052308,0.90203703377356,0.8754844168855582,0.9981707965489477,0.90203703377356,0.4444444444444444,0.4444444444444444,0 1 2 6 7 9,H00 H01 H10 H03 H12 H30,1 2 6 7 9,H01 H10 H03 H12 H30
random,5,19,5,5,6,5,0.5555555555555556,0.5555555555555556,0.5555555555555556,0.001427334500476718,0.9091135265392015,0.8910246899506715,0.9985726654995233,0.9091135265392015,0.4444444444444444,0.4444444444444444,0 1 3 4 6 7,H00 H01 H02 H11 H03 H12,1 3 4 6 7,H01 H02 H11 H03 H12
random,5,0,6,6,7,6,0.6666666666666666,0.6666666666666666,0.6666666666666666,0.0013296848628669977,0.9070060666956176,0.9050801205210034,0.998670315137133,0.9070060666956176,0.33333333333333337,0.33333333333333337,0 1 2 3 6 7 8,H00 H01 H10 H02 H03 H12 H21,1 2 3 6 7 8,H01 H10 H02 H03 H12 H21
random,5,1,6,6,7,6,0.6666666666666666,0.6666666666666666,0.6666666666666666,0.001061498187482357,0.921091596831819,0.9416348093190959,0.9989385018125176,0.921091596831819,0.33333333333333337,0.33333333333333337,0 1 5 6 7 8 9,H00 H01 H20 H03 H12 H21 H30,1 5 6 7 8 9,H01 H20 H03 H12 H21 H30
random,5,2,6,6,7,6,0.6666666666666666,0.6666666666666666,0.6666666666666666,0.0015563734341412783,0.9134896474931384,0.9027064412828467,0.9984436265658587,0.9134896474931384,0.33333333333333337,0.33333333333333337,0 1 4 6 7 8 9,H00 H01 H11 H03 H12 H21 H30,1 4 6 7 8 9,H01 H11 H03 H12 H21 H30
random,5,3,6,6,7,6,0.6666666666666666,0.6666666666666666,0.6666666666666666,0.0015381237026304007,0.9155850590125842,0.8986635658497844,0.9984618762973696,0.9155850590125842,0.33333333333333337,0.33333333333333337,0 1 2 4 6 7 8,H00 H01 H10 H11 H03 H12 H21,1 2 4 6 7 8,H01 H10 H11 H03 H12 H21
random,5,4,6,6,7,6,0.6666666666666666,0.6666666666666666,0.6666666666666666,0.0010598250664770603,0.9214946595723791,0.9411153339580434,0.9989401749335229,0.9214946595723791,0.33333333333333337,0.33333333333333337,0 1 2 5 7 8 9,H00 H01 H10 H20 H12 H21 H30,1 2 5 7 8 9,H01 H10 H20 H12 H21 H30
random,5,5,6,6,7,6,0.6666666666666666,0.6666666666666666,0.6666666666666666,0.0011331700952723622,0.9202315441457893,0.9264364594411508,0.9988668299047276,0.9202315441457893,0.33333333333333337,0.33333333333333337,0 1 3 4 6 8 9,H00 H01 H02 H11 H03 H21 H30,1 3 4 6 8 9,H01 H02 H11 H03 H21 H30
random,5,6,6,6,7,6,0.6666666666666666,0.6666666666666666,0.6666666666666666,0.0007978174835443497,0.9372131288335099,0.9518957160553385,0.9992021825164557,0.9372131288335099,0.33333333333333337,0.33333333333333337,0 1 3 4 5 7 8,H00 H01 H02 H11 H20 H12 H21,1 3 4 5 7 8,H01 H02 H11 H20 H12 H21
random,5,7,6,6,7,6,0.6666666666666666,0.6666666666666666,0.6666666666666666,0.000913436699192971,0.9307808522644423,0.9473594025678979,0.999086563300807,0.9307808522644423,0.33333333333333337,0.33333333333333337,0 1 4 5 6 7 8,H00 H01 H11 H20 H03 H12 H21,1 4 5 6 7 8,H01 H11 H20 H03 H12 H21
random,5,8,6,6,7,6,0.6666666666666666,0.6666666666666666,0.6666666666666666,0.0009996333392336965,0.924516102717691,0.9415466733012553,0.9990003666607663,0.924516102717691,0.33333333333333337,0.33333333333333337,0 2 3 5 6 7 8,H00 H10 H02 H20 H03 H12 H21,2 3 5 6 7 8,H10 H02 H20 H03 H12 H21
random,5,9,6,6,7,6,0.6666666666666666,0.6666666666666666,0.6666666666666666,0.0013520035427063704,0.9113437619046989,0.9062576936326068,0.9986479964572936,0.9113437619046989,0.33333333333333337,0.33333333333333337,0 1 3 4 6 7 9,H00 H01 H02 H11 H03 H12 H30,1 3 4 6 7 9,H01 H02 H11 H03 H12 H30
random,5,10,6,6,7,6,0.6666666666666666,0.6666666666666666,0.6666666666666666,0.001061498187482357,0.921091596831819,0.9416348093190959,0.9989385018125176,0.921091596831819,0.33333333333333337,0.33333333333333337,0 1 5 6 7 8 9,H00 H01 H20 H03 H12 H21 H30,1 5 6 7 8 9,H01 H20 H03 H12 H21 H30
random,5,11,6,6,7,6,0.6666666666666666,0.6666666666666666,0.6666666666666666,0.0013537968043237925,0.9114894647899834,0.9056262021080589,0.9986462031956762,0.9114894647899834,0.33333333333333337,0.33333333333333337,0 1 2 3 4 7 9,H00 H01 H10 H02 H11 H12 H30,1 2 3 4 7 9,H01 H10 H02 H11 H12 H30
random,5,12,6,6,7,6,0.6666666666666666,0.6666666666666666,0.6666666666666666,0.000932163093239069,0.9300033799976146,0.9470749332414552,0.9990678369067609,0.9300033799976146,0.33333333333333337,0.33333333333333337,0 1 3 5 7 8 9,H00 H01 H02 H20 H12 H21 H30,1 3 5 7 8 9,H01 H02 H20 H12 H21 H30
random,5,13,6,6,7,6,0.6666666666666666,0.6666666666666666,0.6666666666666666,0.0009401505230925977,0.9296460302367222,0.9466158520937803,0.9990598494769074,0.9296460302367222,0.33333333333333337,0.33333333333333337,0 1 3 5 6 8 9,H00 H01 H02 H20 H03 H21 H30,1 3 5 6 8 9,H01 H02 H20 H03 H21 H30
random,5,14,6,6,7,6,0.6666666666666666,0.6666666666666666,0.6666666666666666,0.0009684464894235134,0.9303379217328838,0.9404408604899962,0.9990315535105765,0.9303379217328838,0.33333333333333337,0.33333333333333337,0 1 2 3 5 6 7,H00 H01 H10 H02 H20 H03 H12,1 2 3 5 6 7,H01 H10 H02 H20 H03 H12
random,5,15,6,6,7,6,0.6666666666666666,0.6666666666666666,0.6666666666666666,0.0012845711316913366,0.9082556722971403,0.9203999570418807,0.9987154288683087,0.9082556722971403,0.33333333333333337,0.33333333333333337,0 1 2 3 6 8 9,H00 H01 H10 H02 H03 H21 H30,1 2 3 6 8 9,H01 H10 H02 H03 H21 H30
random,5,16,6,6,7,6,0.6666666666666666,0.6666666666666666,0.6666666666666666,0.0009546835208311677,0.9315730474277994,0.9409272181796291,0.9990453164791688,0.9315730474277994,0.33333333333333337,0.33333333333333337,0 1 2 3 5 6 9,H00 H01 H10 H02 H20 H03 H30,1 2 3 5 6 9,H01 H10 H02 H20 H03 H30
random,5,17,6,6,7,6,0.6666666666666666,0.6666666666666666,0.6666666666666666,0.0011278516612946987,0.9209058831637453,0.9265926146586009,0.9988721483387053,0.9209058831637453,0.33333333333333337,0.33333333333333337,0 3 4 6 7 8 9,H00 H02 H11 H03 H12 H21 H30,3 4 6 7 8 9,H02 H11 H03 H12 H21 H30
random,5,18,6,6,7,6,0.6666666666666666,0.6666666666666666,0.6666666666666666,0.0012427425244823098,0.9133012152224885,0.9096898800045351,0.9987572574755177,0.9133012152224885,0.33333333333333337,0.33333333333333337,0 1 3 4 6 7 8,H00 H01 H02 H11 H03 H12 H21,1 3 4 6 7 8,H01 H02 H11 H03 H12 H21
random,5,19,6,6,7,6,0.6666666666666666,0.6666666666666666,0.6666666666666666,0.0009705953416414559,0.9256319073289101,0.9470795886194862,0.9990294046583585,0.9256319073289101,0.33333333333333337,0.33333333333333337,0 3 5 6 7 8 9,H00 H02 H20 H03 H12 H21 H30,3 5 6 7 8 9,H02 H20 H03 H12 H21 H30
random,5,0,7,7,8,7,0.7777777777777778,0.7777777777777778,0.7777777777777778,0.001266874372959137,0.9096793084716541,0.9182279128290485,0.9987331256270409,0.9096793084716541,0.2222222222222222,0.2222222222222222,0 1 2 3 6 7 8 9,H00 H01 H10 H02 H03 H12 H21 H30,1 2 3 6 7 8 9,H01 H10 H02 H03 H12 H21 H30
random,5,1,7,7,8,7,0.7777777777777778,0.7777777777777778,0.7777777777777778,0.0009581348858773708,0.9297473609500635,0.9424928293510597,0.9990418651141226,0.9297473609500635,0.2222222222222222,0.2222222222222222,0 1 2 3 5 6 7 8,H00 H01 H10 H02 H20 H03 H12 H21,1 2 3 5 6 7 8,H01 H10 H02 H20 H03 H12 H21
random,5,2,7,7,8,7,0.7777777777777778,0.7777777777777778,0.7777777777777778,0.0009134536958299577,0.9307727061575289,0.9472954803122878,0.99908654630417,0.9307727061575289,0.2222222222222222,0.2222222222222222,0 1 4 5 6 7 8 9,H00 H01 H11 H20 H03 H12 H21 H30,1 4 5 6 7 8 9,H01 H11 H20 H03 H12 H21 H30
random,5,3,7,7,8,7,0.7777777777777778,0.7777777777777778,0.7777777777777778,0.0007600962999276817,0.9407031079676715,0.9560562643626519,0.9992399037000723,0.9407031079676715,0.2222222222222222,0.2222222222222222,0 1 2 3 4 5 8 9,H00 H01 H10 H02 H11 H20 H21 H30,1 2 3 4 5 8 9,H01 H10 H02 H11 H20 H21 H30
random,5,4,7,7,8,7,0.7777777777777778,0.7777777777777778,0.7777777777777778,0.0011331835994496942,0.9202482532377617,0.9264146619001685,0.9988668164005503,0.9202482532377617,0.2222222222222222,0.2222222222222222,0 1 2 3 4 6 8 9,H00 H01 H10 H02 H11 H03 H21 H30,1 2 3 4 6 8 9,H01 H10 H02 H11 H03 H21 H30
random,5,5,7,7,8,7,0.7777777777777778,0.7777777777777778,0.7777777777777778,0.0009320945246145129,0.9307523627591615,0.9458660779266299,0.9990679054753855,0.9307523627591615,0.2222222222222222,0.2222222222222222,0 1 2 3 5 7 8 9,H00 H01 H10 H02 H20 H12 H21 H30,1 2 3 5 7 8 9,H01 H10 H02 H20 H12 H21 H30
random,5,6,7,7,8,7,0.7777777777777778,0.7777777777777778,0.7777777777777778,0.0009360496187582612,0.930231739353836,0.9467275861986176,0.9990639503812417,0.930231739353836,0.2222222222222222,0.2222222222222222,0 1 3 5 6 7 8 9,H00 H01 H02 H20 H03 H12 H21 H30,1 3 5 6 7 8 9,H01 H02 H20 H03 H12 H21 H30
random,5,7,7,7,8,7,0.7777777777777778,0.7777777777777778,0.7777777777777778,0.0011331835994496942,0.9202482532377617,0.9264146619001685,0.9988668164005503,0.9202482532377617,0.2222222222222222,0.2222222222222222,0 1 2 3 4 6 8 9,H00 H01 H10 H02 H11 H03 H21 H30,1 2 3 4 6 8 9,H01 H10 H02 H11 H03 H21 H30
random,5,8,7,7,8,7,0.7777777777777778,0.7777777777777778,0.7777777777777778,0.0009077882277779281,0.9291489547767481,0.9494911858185998,0.9990922117722221,0.9291489547767481,0.2222222222222222,0.2222222222222222,0 1 2 4 5 7 8 9,H00 H01 H10 H11 H20 H12 H21 H30,1 2 4 5 7 8 9,H01 H10 H11 H20 H12 H21 H30
random,5,9,7,7,8,7,0.7777777777777778,0.7777777777777778,0.7777777777777778,0.0009320945246145129,0.9307523627591615,0.9458660779266299,0.9990679054753855,0.9307523627591615,0.2222222222222222,0.2222222222222222,0 1 2 3 5 7 8 9,H00 H01 H10 H02 H20 H12 H21 H30,1 2 3 5 7 8 9,H01 H10 H02 H20 H12 H21 H30
random,5,10,7,7,8,7,0.7777777777777778,0.7777777777777778,0.7777777777777778,0.0010611660545691848,0.9214508920270112,0.9410852807572206,0.9989388339454308,0.9214508920270112,0.2222222222222222,0.2222222222222222,0 1 2 5 6 7 8 9,H00 H01 H10 H20 H03 H12 H21 H30,1 2 5 6 7 8 9,H01 H10 H20 H03 H12 H21 H30
random,5,11,7,7,8,7,0.7777777777777778,0.7777777777777778,0.7777777777777778,0.0015365779399871826,0.9155564618061045,0.9004922521647784,0.9984634220600128,0.9155564618061045,0.2222222222222222,0.2222222222222222,0 1 2 4 6 7 8 9,H00 H01 H10 H11 H03 H12 H21 H30,1 2 4 6 7 8 9,H01 H10 H11 H03 H12 H21 H30
random,5,12,7,7,8,7,0.7777777777777778,0.7777777777777778,0.7777777777777778,0.0007622146513313055,0.9411507009591699,0.955078566102512,0.9992377853486687,0.9411507009591699,0.2222222222222222,0.2222222222222222,0 1 3 4 5 7 8 9,H00 H01 H02 H11 H20 H12 H21 H30,1 3 4 5 7 8 9,H01 H02 H11 H20 H12 H21 H30
random,5,13,7,7,8,7,0.7777777777777778,0.7777777777777778,0.7777777777777778,0.0007716140244156122,0.9400457560077008,0.9553108753246068,0.9992283859755844,0.9400457560077008,0.2222222222222222,0.2222222222222222,0 1 2 3 4 5 7 9,H00 H01 H10 H02 H11 H20 H12 H30,1 2 3 4 5 7 9,H01 H10 H02 H11 H20 H12 H30
random,5,14,7,7,8,7,0.7777777777777778,0.7777777777777778,0.7777777777777778,0.0007710844511166215,0.9421556966554254,0.9541687645959036,0.9992289155488834,0.9421556966554254,0.2222222222222222,0.2222222222222222,0 1 2 3 4 5 6 9,H00 H01 H10 H02 H11 H20 H03 H30,1 2 3 4 5 6 9,H01 H10 H02 H11 H20 H03 H30
random,5,15,7,7,8,7,0.7777777777777778,0.7777777777777778,0.7777777777777778,0.0009360496187582612,0.930231739353836,0.9467275861986176,0.9990639503812417,0.930231739353836,0.2222222222222222,0.2222222222222222,0 1 3 5 6 7 8 9,H00 H01 H02 H20 H03 H12 H21 H30,1 3 5 6 7 8 9,H01 H02 H20 H03 H12 H21 H30
random,5,16,7,7,8,7,0.7777777777777778,0.7777777777777778,0.7777777777777778,0.0007978734211064875,0.9373385947857685,0.9517130923309813,0.9992021265788935,0.9373385947857685,0.2222222222222222,0.2222222222222222,0 1 2 3 4 5 7 8,H00 H01 H10 H02 H11 H20 H12 H21,1 2 3 4 5 7 8,H01 H10 H02 H11 H20 H12 H21
random,5,17,7,7,8,7,0.7777777777777778,0.7777777777777778,0.7777777777777778,0.0013519988860934973,0.9112551324999715,0.9059025448316695,0.9986480011139065,0.9112551324999715,0.2222222222222222,0.2222222222222222,0 1 2 3 4 6 7 9,H00 H01 H10 H02 H11 H03 H12 H30,1 2 3 4 6 7 9,H01 H10 H02 H11 H03 H12 H30
random,5,18,7,7,8,7,0.7777777777777778,0.7777777777777778,0.7777777777777778,0.0007978311041370034,0.9391698160880952,0.9503292479318877,0.999202168895863,0.9391698160880952,0.2222222222222222,0.2222222222222222,0 1 2 3 4 5 6 8,H00 H01 H10 H02 H11 H20 H03 H21,1 2 3 4 5 6 8,H01 H10 H02 H11 H20 H03 H21
random,5,19,7,7,8,7,0.7777777777777778,0.7777777777777778,0.7777777777777778,0.00120526400860399,0.9164051454111172,0.9104747802318314,0.998794735991396,0.9164051454111172,0.2222222222222222,0.2222222222222222,0 1 2 3 4 6 7 8,H00 H01 H10 H02 H11 H03 H12 H21,1 2 3 4 6 7 8,H01 H10 H02 H11 H03 H12 H21
random,5,0,8,8,9,8,0.8888888888888888,0.8888888888888888,0.8888888888888888,0.0007576995994895697,0.9427389669698285,0.9548397778838782,0.9992423004005104,0.9427389669698285,0.11111111111111116,0.11111111111111116,0 1 3 4 5 6 7 8 9,H00 H01 H02 H11 H20 H03 H12 H21 H30,1 3 4 5 6 7 8 9,H01 H02 H11 H20 H03 H12 H21 H30
random,5,1,8,8,9,8,0.8888888888888888,0.8888888888888888,0.8888888888888888,0.0009356072405353189,0.9307419277027728,0.9458893273098099,0.9990643927594647,0.9307419277027728,0.11111111111111116,0.11111111111111116,0 1 2 3 5 6 7 8 9,H00 H01 H10 H02 H20 H03 H12 H21 H30,1 2 3 5 6 7 8 9,H01 H10 H02 H20 H03 H12 H21 H30
random,5,2,8,8,9,8,0.8888888888888888,0.8888888888888888,0.8888888888888888,0.000750118400901556,0.9420786846282933,0.9569754875019256,0.9992498815990984,0.9420786846282933,0.11111111111111116,0.11111111111111116,0 2 3 4 5 6 7 8 9,H00 H10 H02 H11 H20 H03 H12 H21 H30,2 3 4 5 6 7 8 9,H10 H02 H11 H20 H03 H12 H21 H30
random,5,3,8,8,9,8,0.8888888888888888,0.8888888888888888,0.8888888888888888,0.000750118400901556,0.9420786846282933,0.9569754875019256,0.9992498815990984,0.9420786846282933,0.11111111111111116,0.11111111111111116,0 2 3 4 5 6 7 8 9,H00 H10 H02 H11 H20 H03 H12 H21 H30,2 3 4 5 6 7 8 9,H10 H02 H11 H20 H03 H12 H21 H30
random,5,4,8,8,9,8,0.8888888888888888,0.8888888888888888,0.8888888888888888,0.0007614825153723359,0.9420361151203389,0.955752408277913,0.9992385174846277,0.9420361151203389,0.11111111111111116,0.11111111111111116,0 1 2 3 4 5 6 7 9,H00 H01 H10 H02 H11 H20 H03 H12 H30,1 2 3 4 5 6 7 9,H01 H10 H02 H11 H20 H03 H12 H30
random,5,5,8,8,9,8,0.8888888888888888,0.8888888888888888,0.8888888888888888,0.0007542628445662558,0.9422892980569891,0.9562524362295519,0.9992457371554337,0.9422892980569891,0.11111111111111116,0.11111111111111116,0 1 2 3 4 5 6 8 9,H00 H01 H10 H02 H11 H20 H03 H21 H30,1 2 3 4 5 6 8 9,H01 H10 H02 H11 H20 H03 H21 H30
random,5,6,8,8,9,8,0.8888888888888888,0.8888888888888888,0.8888888888888888,0.0007849399698898196,0.9393321958754774,0.9526613932700885,0.9992150600301102,0.9393321958754774,0.11111111111111116,0.11111111111111116,0 1 2 3 4 5 6 7 8,H00 H01 H10 H02 H11 H20 H03 H12 H21,1 2 3 4 5 6 7 8,H01 H10 H02 H11 H20 H03 H12 H21
random,5,7,8,8,9,8,0.8888888888888888,0.8888888888888888,0.8888888888888888,0.000750118400901556,0.9420786846282933,0.9569754875019256,0.9992498815990984,0.9420786846282933,0.11111111111111116,0.11111111111111116,0 2 3 4 5 6 7 8 9,H00 H10 H02 H11 H20 H03 H12 H21 H30,2 3 4 5 6 7 8 9,H10 H02 H11 H20 H03 H12 H21 H30
random,5,8,8,8,9,8,0.8888888888888888,0.8888888888888888,0.8888888888888888,0.0011212050449103117,0.9213675457483664,0.9259783068454063,0.9988787949550897,0.9213675457483664,0.11111111111111116,0.11111111111111116,0 1 2 3 4 6 7 8 9,H00 H01 H10 H02 H11 H03 H12 H21 H30,1 2 3 4 6 7 8 9,H01 H10 H02 H11 H03 H12 H21 H30
random,5,9,8,8,9,8,0.8888888888888888,0.8888888888888888,0.8888888888888888,0.0009356072405353189,0.9307419277027728,0.9458893273098099,0.9990643927594647,0.9307419277027728,0.11111111111111116,0.11111111111111116,0 1 2 3 5 6 7 8 9,H00 H01 H10 H02 H20 H03 H12 H21 H30,1 2 3 5 6 7 8 9,H01 H10 H02 H20 H03 H12 H21 H30
random,5,10,8,8,9,8,0.8888888888888888,0.8888888888888888,0.8888888888888888,0.0007573600159958005,0.940309358381984,0.9567783478235508,0.9992426399840042,0.940309358381984,0.11111111111111116,0.11111111111111116,0 1 2 3 4 5 7 8 9,H00 H01 H10 H02 H11 H20 H12 H21 H30,1 2 3 4 5 7 8 9,H01 H10 H02 H11 H20 H12 H21 H30
random,5,11,8,8,9,8,0.8888888888888888,0.8888888888888888,0.8888888888888888,0.0011212050449103117,0.9213675457483664,0.9259783068454063,0.9988787949550897,0.9213675457483664,0.11111111111111116,0.11111111111111116,0 1 2 3 4 6 7 8 9,H00 H01 H10 H02 H11 H03 H12 H21 H30,1 2 3 4 6 7 8 9,H01 H10 H02 H11 H03 H12 H21 H30
random,5,12,8,8,9,8,0.8888888888888888,0.8888888888888888,0.8888888888888888,0.0009066069032996893,0.929886756059531,0.9495152740204886,0.9990933930967003,0.929886756059531,0.11111111111111116,0.11111111111111116,0 1 2 4 5 6 7 8 9,H00 H01 H10 H11 H20 H03 H12 H21 H30,1 2 4 5 6 7 8 9,H01 H10 H11 H20 H03 H12 H21 H30
random,5,13,8,8,9,8,0.8888888888888888,0.8888888888888888,0.8888888888888888,0.0009066069032996893,0.929886756059531,0.9495152740204886,0.9990933930967003,0.929886756059531,0.11111111111111116,0.11111111111111116,0 1 2 4 5 6 7 8 9,H00 H01 H10 H11 H20 H03 H12 H21 H30,1 2 4 5 6 7 8 9,H01 H10 H11 H20 H03 H12 H21 H30
random,5,14,8,8,9,8,0.8888888888888888,0.8888888888888888,0.8888888888888888,0.0007614825153723359,0.9420361151203389,0.955752408277913,0.9992385174846277,0.9420361151203389,0.11111111111111116,0.11111111111111116,0 1 2 3 4 5 6 7 9,H00 H01 H10 H02 H11 H20 H03 H12 H30,1 2 3 4 5 6 7 9,H01 H10 H02 H11 H20 H03 H12 H30
random,5,15,8,8,9,8,0.8888888888888888,0.8888888888888888,0.8888888888888888,0.0011212050449103117,0.9213675457483664,0.9259783068454063,0.9988787949550897,0.9213675457483664,0.11111111111111116,0.11111111111111116,0 1 2 3 4 6 7 8 9,H00 H01 H10 H02 H11 H03 H12 H21 H30,1 2 3 4 6 7 8 9,H01 H10 H02 H11 H03 H12 H21 H30
random,5,16,8,8,9,8,0.8888888888888888,0.8888888888888888,0.8888888888888888,0.0007573600159958005,0.940309358381984,0.9567783478235508,0.9992426399840042,0.940309358381984,0.11111111111111116,0.11111111111111116,0 1 2 3 4 5 7 8 9,H00 H01 H10 H02 H11 H20 H12 H21 H30,1 2 3 4 5 7 8 9,H01 H10 H02 H11 H20 H12 H21 H30
random,5,17,8,8,9,8,0.8888888888888888,0.8888888888888888,0.8888888888888888,0.0007542628445662558,0.9422892980569891,0.9562524362295519,0.9992457371554337,0.9422892980569891,0.11111111111111116,0.11111111111111116,0 1 2 3 4 5 6 8 9,H00 H01 H10 H02 H11 H20 H03 H21 H30,1 2 3 4 5 6 8 9,H01 H10 H02 H11 H20 H03 H21 H30
random,5,18,8,8,9,8,0.8888888888888888,0.8888888888888888,0.8888888888888888,0.0007614825153723359,0.9420361151203389,0.955752408277913,0.9992385174846277,0.9420361151203389,0.11111111111111116,0.11111111111111116,0 1 2 3 4 5 6 7 9,H00 H01 H10 H02 H11 H20 H03 H12 H30,1 2 3 4 5 6 7 9,H01 H10 H02 H11 H20 H03 H12 H30
random,5,19,8,8,9,8,0.8888888888888888,0.8888888888888888,0.8888888888888888,0.0009066069032996893,0.929886756059531,0.9495152740204886,0.9990933930967003,0.929886756059531,0.11111111111111116,0.11111111111111116,0 1 2 4 5 6 7 8 9,H00 H01 H10 H11 H20 H03 H12 H21 H30,1 2 4 5 6 7 8 9,H01 H10 H11 H20 H03 H12 H21 H30
random,5,0,9,9,10,9,1.0,1.0,1.0,0.0007503386586904526,0.9419072129355033,0.9570711134798212,0.9992496613413095,0.9419072129355033,0.0,0.0,0 1 2 3 4 5 6 7 8 9,H00 H01 H10 H02 H11 H20 H03 H12 H21 H30,1 2 3 4 5 6 7 8 9,H01 H10 H02 H11 H20 H03 H12 H21 H30
random,5,1,9,9,10,9,1.0,1.0,1.0,0.0007503386586904526,0.9419072129355033,0.9570711134798212,0.9992496613413095,0.9419072129355033,0.0,0.0,0 1 2 3 4 5 6 7 8 9,H00 H01 H10 H02 H11 H20 H03 H12 H21 H30,1 2 3 4 5 6 7 8 9,H01 H10 H02 H11 H20 H03 H12 H21 H30
random,5,2,9,9,10,9,1.0,1.0,1.0,0.0007503386586904526,0.9419072129355033,0.9570711134798212,0.9992496613413095,0.9419072129355033,0.0,0.0,0 1 2 3 4 5 6 7 8 9,H00 H01 H10 H02 H11 H20 H03 H12 H21 H30,1 2 3 4 5 6 7 8 9,H01 H10 H02 H11 H20 H03 H12 H21 H30
random,5,3,9,9,10,9,1.0,1.0,1.0,0.0007503386586904526,0.9419072129355033,0.9570711134798212,0.9992496613413095,0.9419072129355033,0.0,0.0,0 1 2 3 4 5 6 7 8 9,H00 H01 H10 H02 H11 H20 H03 H12 H21 H30,1 2 3 4 5 6 7 8 9,H01 H10 H02 H11 H20 H03 H12 H21 H30
random,5,4,9,9,10,9,1.0,1.0,1.0,0.0007503386586904526,0.9419072129355033,0.9570711134798212,0.9992496613413095,0.9419072129355033,0.0,0.0,0 1 2 3 4 5 6 7 8 9,H00 H01 H10 H02 H11 H20 H03 H12 H21 H30,1 2 3 4 5 6 7 8 9,H01 H10 H02 H11 H20 H03 H12 H21 H30
random,5,5,9,9,10,9,1.0,1.0,1.0,0.0007503386586904526,0.9419072129355033,0.9570711134798212,0.9992496613413095,0.9419072129355033,0.0,0.0,0 1 2 3 4 5 6 7 8 9,H00 H01 H10 H02 H11 H20 H03 H12 H21 H30,1 2 3 4 5 6 7 8 9,H01 H10 H02 H11 H20 H03 H12 H21 H30
random,5,6,9,9,10,9,1.0,1.0,1.0,0.0007503386586904526,0.9419072129355033,0.9570711134798212,0.9992496613413095,0.9419072129355033,0.0,0.0,0 1 2 3 4 5 6 7 8 9,H00 H01 H10 H02 H11 H20 H03 H12 H21 H30,1 2 3 4 5 6 7 8 9,H01 H10 H02 H11 H20 H03 H12 H21 H30
random,5,7,9,9,10,9,1.0,1.0,1.0,0.0007503386586904526,0.9419072129355033,0.9570711134798212,0.9992496613413095,0.9419072129355033,0.0,0.0,0 1 2 3 4 5 6 7 8 9,H00 H01 H10 H02 H11 H20 H03 H12 H21 H30,1 2 3 4 5 6 7 8 9,H01 H10 H02 H11 H20 H03 H12 H21 H30
random,5,8,9,9,10,9,1.0,1.0,1.0,0.0007503386586904526,0.9419072129355033,0.9570711134798212,0.9992496613413095,0.9419072129355033,0.0,0.0,0 1 2 3 4 5 6 7 8 9,H00 H01 H10 H02 H11 H20 H03 H12 H21 H30,1 2 3 4 5 6 7 8 9,H01 H10 H02 H11 H20 H03 H12 H21 H30
random,5,9,9,9,10,9,1.0,1.0,1.0,0.0007503386586904526,0.9419072129355033,0.9570711134798212,0.9992496613413095,0.9419072129355033,0.0,0.0,0 1 2 3 4 5 6 7 8 9,H00 H01 H10 H02 H11 H20 H03 H12 H21 H30,1 2 3 4 5 6 7 8 9,H01 H10 H02 H11 H20 H03 H12 H21 H30
random,5,10,9,9,10,9,1.0,1.0,1.0,0.0007503386586904526,0.9419072129355033,0.9570711134798212,0.9992496613413095,0.9419072129355033,0.0,0.0,0 1 2 3 4 5 6 7 8 9,H00 H01 H10 H02 H11 H20 H03 H12 H21 H30,1 2 3 4 5 6 7 8 9,H01 H10 H02 H11 H20 H03 H12 H21 H30
random,5,11,9,9,10,9,1.0,1.0,1.0,0.0007503386586904526,0.9419072129355033,0.9570711134798212,0.9992496613413095,0.9419072129355033,0.0,0.0,0 1 2 3 4 5 6 7 8 9,H00 H01 H10 H02 H11 H20 H03 H12 H21 H30,1 2 3 4 5 6 7 8 9,H01 H10 H02 H11 H20 H03 H12 H21 H30
random,5,12,9,9,10,9,1.0,1.0,1.0,0.0007503386586904526,0.9419072129355033,0.9570711134798212,0.9992496613413095,0.9419072129355033,0.0,0.0,0 1 2 3 4 5 6 7 8 9,H00 H01 H10 H02 H11 H20 H03 H12 H21 H30,1 2 3 4 5 6 7 8 9,H01 H10 H02 H11 H20 H03 H12 H21 H30
random,5,13,9,9,10,9,1.0,1.0,1.0,0.0007503386586904526,0.9419072129355033,0.9570711134798212,0.9992496613413095,0.9419072129355033,0.0,0.0,0 1 2 3 4 5 6 7 8 9,H00 H01 H10 H02 H11 H20 H03 H12 H21 H30,1 2 3 4 5 6 7 8 9,H01 H10 H02 H11 H20 H03 H12 H21 H30
random,5,14,9,9,10,9,1.0,1.0,1.0,0.0007503386586904526,0.9419072129355033,0.9570711134798212,0.9992496613413095,0.9419072129355033,0.0,0.0,0 1 2 3 4 5 6 7 8 9,H00 H01 H10 H02 H11 H20 H03 H12 H21 H30,1 2 3 4 5 6 7 8 9,H01 H10 H02 H11 H20 H03 H12 H21 H30
random,5,15,9,9,10,9,1.0,1.0,1.0,0.0007503386586904526,0.9419072129355033,0.9570711134798212,0.9992496613413095,0.9419072129355033,0.0,0.0,0 1 2 3 4 5 6 7 8 9,H00 H01 H10 H02 H11 H20 H03 H12 H21 H30,1 2 3 4 5 6 7 8 9,H01 H10 H02 H11 H20 H03 H12 H21 H30
random,5,16,9,9,10,9,1.0,1.0,1.0,0.0007503386586904526,0.9419072129355033,0.9570711134798212,0.9992496613413095,0.9419072129355033,0.0,0.0,0 1 2 3 4 5 6 7 8 9,H00 H01 H10 H02 H11 H20 H03 H12 H21 H30,1 2 3 4 5 6 7 8 9,H01 H10 H02 H11 H20 H03 H12 H21 H30
random,5,17,9,9,10,9,1.0,1.0,1.0,0.0007503386586904526,0.9419072129355033,0.9570711134798212,0.9992496613413095,0.9419072129355033,0.0,0.0,0 1 2 3 4 5 6 7 8 9,H00 H01 H10 H02 H11 H20 H03 H12 H21 H30,1 2 3 4 5 6 7 8 9,H01 H10 H02 H11 H20 H03 H12 H21 H30
random,5,18,9,9,10,9,1.0,1.0,1.0,0.0007503386586904526,0.9419072129355033,0.9570711134798212,0.9992496613413095,0.9419072129355033,0.0,0.0,0 1 2 3 4 5 6 7 8 9,H00 H01 H10 H02 H11 H20 H03 H12 H21 H30,1 2 3 4 5 6 7 8 9,H01 H10 H02 H11 H20 H03 H12 H21 H30
random,5,19,9,9,10,9,1.0,1.0,1.0,0.0007503386586904526,0.9419072129355033,0.9570711134798212,0.9992496613413095,0.9419072129355033,0.0,0.0,0 1 2 3 4 5 6 7 8 9,H00 H01 H10 H02 H11 H20 H03 H12 H21 H30,1 2 3 4 5 6 7 8 9,H01 H10 H02 H11 H20 H03 H12 H21 H30
random,6,0,1,1,2,1,0.1111111111111111,0.1111111111111111,0.1111111111111111,0.0012225499376654625,0.8973037685875589,0.8344807960083354,0.9987774500623345,0.8973037685875589,0.8888888888888888,0.8888888888888888,0 9,H00 H30,9,H30
random,6,1,1,1,2,1,0.1111111111111111,0.1111111111111111,0.1111111111111111,0.0012225499376654625,0.8973037685875589,0.8344807960083354,0.9987774500623345,0.8973037685875589,0.8888888888888888,0.8888888888888888,0 9,H00 H30,9,H30
random,6,2,1,1,2,1,0.1111111111111111,0.1111111111111111,0.1111111111111111,0.0010407974477857351,0.9079279539028048,0.9044450745756268,0.9989592025522143,0.9079279539028048,0.8888888888888888,0.8888888888888888,0 5,H00 H20,5,H20
random,6,3,1,1,2,1,0.1111111111111111,0.1111111111111111,0.1111111111111111,0.001064859563484788,0.9211689055887329,0.8749879835525162,0.9989351404365152,0.9211689055887329,0.8888888888888888,0.8888888888888888,0 4,H00 H11,4,H11
random,6,4,1,1,2,1,0.1111111111111111,0.1111111111111111,0.1111111111111111,0.0009476215345785022,0.913196327242287,0.8647408727606284,0.9990523784654215,0.913196327242287,0.8888888888888888,0.8888888888888888,0 7,H00 H12,7,H12
random,6,5,1,1,2,1,0.1111111111111111,0.1111111111111111,0.1111111111111111,0.0012225499376654625,0.8973037685875589,0.8344807960083354,0.9987774500623345,0.8973037685875589,0.8888888888888888,0.8888888888888888,0 9,H00 H30,9,H30
random,6,6,1,1,2,1,0.1111111111111111,0.1111111111111111,0.1111111111111111,0.0012337591033428907,0.8995879518087426,0.8927707047481539,0.9987662408966571,0.8995879518087426,0.8888888888888888,0.8888888888888888,0 8,H00 H21,8,H21
random,6,7,1,1,2,1,0.1111111111111111,0.1111111111111111,0.1111111111111111,0.001064859563484788,0.9211689055887329,0.8749879835525162,0.9989351404365152,0.9211689055887329,0.8888888888888888,0.8888888888888888,0 4,H00 H11,4,H11
random,6,8,1,1,2,1,0.1111111111111111,0.1111111111111111,0.1111111111111111,0.0012337591033428907,0.8995879518087426,0.8927707047481539,0.9987662408966571,0.8995879518087426,0.8888888888888888,0.8888888888888888,0 8,H00 H21,8,H21
random,6,9,1,1,2,1,0.1111111111111111,0.1111111111111111,0.1111111111111111,0.0009476215345785022,0.913196327242287,0.8647408727606284,0.9990523784654215,0.913196327242287,0.8888888888888888,0.8888888888888888,0 7,H00 H12,7,H12
random,6,10,1,1,2,1,0.1111111111111111,0.1111111111111111,0.1111111111111111,0.0009075599955394864,0.9139158351526249,0.8750849008543304,0.9990924400044605,0.9139158351526249,0.8888888888888888,0.8888888888888888,0 3,H00 H02,3,H02
random,6,11,1,1,2,1,0.1111111111111111,0.1111111111111111,0.1111111111111111,0.0009476215345785022,0.913196327242287,0.8647408727606284,0.9990523784654215,0.913196327242287,0.8888888888888888,0.8888888888888888,0 7,H00 H12,7,H12
random,6,12,1,1,2,1,0.1111111111111111,0.1111111111111111,0.1111111111111111,0.0012225499376654625,0.8973037685875589,0.8344807960083354,0.9987774500623345,0.8973037685875589,0.8888888888888888,0.8888888888888888,0 9,H00 H30,9,H30
random,6,13,1,1,2,1,0.1111111111111111,0.1111111111111111,0.1111111111111111,0.0009075599955394864,0.9139158351526249,0.8750849008543304,0.9990924400044605,0.9139158351526249,0.8888888888888888,0.8888888888888888,0 3,H00 H02,3,H02
random,6,14,1,1,2,1,0.1111111111111111,0.1111111111111111,0.1111111111111111,0.0012225499376654625,0.8973037685875589,0.8344807960083354,0.9987774500623345,0.8973037685875589,0.8888888888888888,0.8888888888888888,0 9,H00 H30,9,H30
random,6,15,1,1,2,1,0.1111111111111111,0.1111111111111111,0.1111111111111111,0.001268045394681394,0.9110453884813859,0.8508193495076394,0.9987319546053186,0.9110453884813859,0.8888888888888888,0.8888888888888888,0 1,H00 H01,1,H01
random,6,16,1,1,2,1,0.1111111111111111,0.1111111111111111,0.1111111111111111,0.0009476215345785022,0.913196327242287,0.8647408727606284,0.9990523784654215,0.913196327242287,0.8888888888888888,0.8888888888888888,0 7,H00 H12,7,H12
random,6,17,1,1,2,1,0.1111111111111111,0.1111111111111111,0.1111111111111111,0.0009075599955394864,0.9139158351526249,0.8750849008543304,0.9990924400044605,0.9139158351526249,0.8888888888888888,0.8888888888888888,0 3,H00 H02,3,H02
random,6,18,1,1,2,1,0.1111111111111111,0.1111111111111111,0.1111111111111111,0.001268045394681394,0.9110453884813859,0.8508193495076394,0.9987319546053186,0.9110453884813859,0.8888888888888888,0.8888888888888888,0 1,H00 H01,1,H01
random,6,19,1,1,2,1,0.1111111111111111,0.1111111111111111,0.1111111111111111,0.000836009276099503,0.9240033669124815,0.873383759523798,0.9991639907239005,0.9240033669124815,0.8888888888888888,0.8888888888888888,0 2,H00 H10,2,H10
random,6,0,2,2,3,2,0.2222222222222222,0.2222222222222222,0.2222222222222222,0.0010000807233154774,0.9294002732432555,0.8794888232302283,0.9989999192766845,0.9294002732432555,0.7777777777777778,0.7777777777777778,0 4 6,H00 H11 H03,4 6,H11 H03
random,6,1,2,2,3,2,0.2222222222222222,0.2222222222222222,0.2222222222222222,0.000718990690074861,0.9427850500422482,0.8894134411268201,0.9992810093099251,0.9427850500422482,0.7777777777777778,0.7777777777777778,0 1 2,H00 H01 H10,1 2,H01 H10
random,6,2,2,2,3,2,0.2222222222222222,0.2222222222222222,0.2222222222222222,0.0007348607759922743,0.9318491325544263,0.8900991285631206,0.9992651392240077,0.9318491325544263,0.7777777777777778,0.7777777777777778,0 3 6,H00 H02 H03,3 6,H02 H03
random,6,3,2,2,3,2,0.2222222222222222,0.2222222222222222,0.2222222222222222,0.0010000807233154774,0.9294002732432555,0.8794888232302283,0.9989999192766845,0.9294002732432555,0.7777777777777778,0.7777777777777778,0 4 6,H00 H11 H03,4 6,H11 H03
random,6,4,2,2,3,2,0.2222222222222222,0.2222222222222222,0.2222222222222222,0.0009627493564039469,0.9321327613894778,0.8916885719604651,0.999037250643596,0.9321327613894778,0.7777777777777778,0.7777777777777778,0 4 8,H00 H11 H21,4 8,H11 H21
random,6,5,2,2,3,2,0.2222222222222222,0.2222222222222222,0.2222222222222222,0.0011373877059668303,0.9152262848043342,0.8948444254278634,0.9988626122940332,0.9152262848043342,0.7777777777777778,0.7777777777777778,0 1 8,H00 H01 H21,1 8,H01 H21
random,6,6,2,2,3,2,0.2222222222222222,0.2222222222222222,0.2222222222222222,0.0011126070749014616,0.9122172746359948,0.8521732485616331,0.9988873929250985,0.9122172746359948,0.7777777777777778,0.7777777777777778,0 6 9,H00 H03 H30,6 9,H03 H30
random,6,7,2,2,3,2,0.2222222222222222,0.2222222222222222,0.2222222222222222,0.0011126070749014616,0.9122172746359948,0.8521732485616331,0.9988873929250985,0.9122172746359948,0.7777777777777778,0.7777777777777778,0 6 9,H00 H03 H30,6 9,H03 H30
random,6,8,2,2,3,2,0.2222222222222222,0.2222222222222222,0.2222222222222222,0.0008213341352529824,0.9235727090552431,0.8716070982590803,0.999178665864747,0.9235727090552431,0.7777777777777778,0.7777777777777778,0 2 9,H00 H10 H30,2 9,H10 H30
random,6,9,2,2,3,2,0.2222222222222222,0.2222222222222222,0.2222222222222222,0.000819587497971952,0.9326842304553912,0.8801273382688622,0.999180412502028,0.9326842304553912,0.7777777777777778,0.7777777777777778,0 6 7,H00 H03 H12,6 7,H03 H12
random,6,10,2,2,3,2,0.2222222222222222,0.2222222222222222,0.2222222222222222,0.0007348607759922743,0.9318491325544263,0.8900991285631206,0.9992651392240077,0.9318491325544263,0.7777777777777778,0.7777777777777778,0 3 6,H00 H02 H03,3 6,H02 H03
random,6,11,2,2,3,2,0.2222222222222222,0.2222222222222222,0.2222222222222222,0.000823616050183773,0.9187834151753631,0.8815048586239087,0.9991763839498162,0.9187834151753631,0.7777777777777778,0.7777777777777778,0 3 7,H00 H02 H12,3 7,H02 H12
random,6,12,2,2,3,2,0.2222222222222222,0.2222222222222222,0.2222222222222222,0.0005874915514141321,0.9488210503928868,0.9235264782152471,0.9994125084485859,0.9488210503928868,0.7777777777777778,0.7777777777777778,0 2 8,H00 H10 H21,2 8,H10 H21
random,6,13,2,2,3,2,0.2222222222222222,0.2222222222222222,0.2222222222222222,0.000819587497971952,0.9326842304553912,0.8801273382688622,0.999180412502028,0.9326842304553912,0.7777777777777778,0.7777777777777778,0 6 7,H00 H03 H12,6 7,H03 H12
random,6,14,2,2,3,2,0.2222222222222222,0.2222222222222222,0.2222222222222222,0.0005874915514141321,0.9488210503928868,0.9235264782152471,0.9994125084485859,0.9488210503928868,0.7777777777777778,0.7777777777777778,0 2 8,H00 H10 H21,2 8,H10 H21
random,6,15,2,2,3,2,0.2222222222222222,0.2222222222222222,0.2222222222222222,0.0009476009872741997,0.9132892694080628,0.8648433047720749,0.9990523990127258,0.9132892694080628,0.7777777777777778,0.7777777777777778,0 7 9,H00 H12 H30,7 9,H12 H30
random,6,16,2,2,3,2,0.2222222222222222,0.2222222222222222,0.2222222222222222,0.0005442805704660714,0.9466023426613683,0.9276776386216885,0.9994557194295339,0.9466023426613683,0.7777777777777778,0.7777777777777778,0 2 5,H00 H10 H20,2 5,H10 H20
random,6,17,2,2,3,2,0.2222222222222222,0.2222222222222222,0.2222222222222222,0.001147432834841311,0.9141513990785364,0.8991721918194054,0.9988525671651587,0.9141513990785364,0.7777777777777778,0.7777777777777778,0 6 8,H00 H03 H21,6 8,H03 H21
random,6,18,2,2,3,2,0.2222222222222222,0.2222222222222222,0.2222222222222222,0.0009476009872741997,0.9132892694080628,0.8648433047720749,0.9990523990127258,0.9132892694080628,0.7777777777777778,0.7777777777777778,0 7 9,H00 H12 H30,7 9,H12 H30
random,6,19,2,2,3,2,0.2222222222222222,0.2222222222222222,0.2222222222222222,0.0006054474506527185,0.9367603779583283,0.9322913561487106,0.9993945525493473,0.9367603779583283,0.7777777777777778,0.7777777777777778,0 3 8,H00 H02 H21,3 8,H02 H21
random,6,0,3,3,4,3,0.3333333333333333,0.3333333333333333,0.3333333333333333,0.0008031597826629877,0.9326249813477151,0.8781424493306591,0.999196840217337,0.9326249813477151,0.6666666666666667,0.6666666666666667,0 6 7 9,H00 H03 H12 H30,6 7 9,H03 H12 H30
random,6,1,3,3,4,3,0.3333333333333333,0.3333333333333333,0.3333333333333333,0.0005423409747891128,0.9567660641957265,0.9239724280797297,0.9994576590252109,0.9567660641957265,0.6666666666666667,0.6666666666666667,0 2 4 8,H00 H10 H11 H21,2 4 8,H10 H11 H21
random,6,2,3,3,4,3,0.3333333333333333,0.3333333333333333,0.3333333333333333,0.00043957974412478507,0.9592280613079083,0.9448941529168124,0.9995604202558752,0.9592280613079083,0.6666666666666667,0.6666666666666667,0 2 4 5,H00 H10 H11 H20,2 4 5,H10 H11 H20
random,6,3,3,3,4,3,0.3333333333333333,0.3333333333333333,0.3333333333333333,0.0006503415061160922,0.9435596948358874,0.9015423625003086,0.9993496584938839,0.9435596948358874,0.6666666666666667,0.6666666666666667,0 2 4 9,H00 H10 H11 H30,2 4 9,H10 H11 H30
random,6,4,3,3,4,3,0.3333333333333333,0.3333333333333333,0.3333333333333333,0.00045504129957407713,0.9579267345200537,0.9456600320998516,0.9995449587004259,0.9579267345200537,0.6666666666666667,0.6666666666666667,0 1 5 7,H00 H01 H20 H12,1 5 7,H01 H20 H12
random,6,5,3,3,4,3,0.3333333333333333,0.3333333333333333,0.3333333333333333,0.0007643868448212743,0.9323608210746656,0.8783099394988692,0.9992356131551787,0.9323608210746656,0.6666666666666667,0.6666666666666667,0 2 6 9,H00 H10 H03 H30,2 6 9,H10 H03 H30
random,6,6,3,3,4,3,0.3333333333333333,0.3333333333333333,0.3333333333333333,0.0004908146220259368,0.9537117192156249,0.929717988533817,0.9995091853779741,0.9537117192156249,0.6666666666666667,0.6666666666666667,0 3 4 9,H00 H02 H11 H30,3 4 9,H02 H11 H30
random,6,7,3,3,4,3,0.3333333333333333,0.3333333333333333,0.3333333333333333,0.0008911114418879151,0.9266385441019191,0.9039011377343424,0.9991088885581121,0.9266385441019191,0.6666666666666667,0.6666666666666667,0 6 8 9,H00 H03 H21 H30,6 8 9,H03 H21 H30
random,6,8,3,3,4,3,0.3333333333333333,0.3333333333333333,0.3333333333333333,0.0006116002332419157,0.9482807857333267,0.9076615543132917,0.9993883997667581,0.9482807857333267,0.6666666666666667,0.6666666666666667,0 4 7 9,H00 H11 H12 H30,4 7 9,H11 H12 H30
random,6,9,3,3,4,3,0.3333333333333333,0.3333333333333333,0.3333333333333333,0.0004908020491711795,0.9527013449709282,0.9354644250012952,0.9995091979508288,0.9527013449709282,0.6666666666666667,0.6666666666666667,0 2 3 5,H00 H10 H02 H20,2 3 5,H10 H02 H20
random,6,10,3,3,4,3,0.3333333333333333,0.3333333333333333,0.3333333333333333,0.00046446453779935837,0.9568904358428525,0.9401145447527295,0.9995355354622006,0.9568904358428525,0.6666666666666667,0.6666666666666667,0 1 2 5,H00 H01 H10 H20,1 2 5,H01 H10 H20
random,6,11,3,3,4,3,0.3333333333333333,0.3333333333333333,0.3333333333333333,0.000709321117028594,0.9370973402109356,0.8934593001407204,0.9992906788829714,0.9370973402109356,0.6666666666666667,0.6666666666666667,0 1 3 6,H00 H01 H02 H03,1 3 6,H01 H02 H03
random,6,12,3,3,4,3,0.3333333333333333,0.3333333333333333,0.3333333333333333,0.0004831195983570069,0.9515890292690427,0.9388720884234842,0.999516880401643,0.9515890292690427,0.6666666666666667,0.6666666666666667,0 2 3 8,H00 H10 H02 H21,2 3 8,H10 H02 H21
random,6,13,3,3,4,3,0.3333333333333333,0.3333333333333333,0.3333333333333333,0.0006947115762159228,0.9429071993167278,0.8874340988629987,0.9993052884237841,0.9429071993167278,0.6666666666666667,0.6666666666666667,0 1 2 9,H00 H01 H10 H30,1 2 9,H01 H10 H30
random,6,14,3,3,4,3,0.3333333333333333,0.3333333333333333,0.3333333333333333,0.0006503415061160922,0.9435596948358874,0.9015423625003086,0.9993496584938839,0.9435596948358874,0.6666666666666667,0.6666666666666667,0 2 4 9,H00 H10 H11 H30,2 4 9,H10 H11 H30
random,6,15,3,3,4,3,0.3333333333333333,0.3333333333333333,0.3333333333333333,0.0006139765027910471,0.9491708279630517,0.9087113698633609,0.999386023497209,0.9491708279630517,0.6666666666666667,0.6666666666666667,0 2 4 7,H00 H10 H11 H12,2 4 7,H10 H11 H12
random,6,16,3,3,4,3,0.3333333333333333,0.3333333333333333,0.3333333333333333,0.0007362853502854705,0.9454362365670776,0.9072341158459009,0.9992637146497145,0.9454362365670776,0.6666666666666667,0.6666666666666667,0 4 8 9,H00 H11 H21 H30,4 8 9,H11 H21 H30
random,6,17,3,3,4,3,0.3333333333333333,0.3333333333333333,0.3333333333333333,0.0006488141953013837,0.9353370866190097,0.9317105191417193,0.9993511858046986,0.9353370866190097,0.6666666666666667,0.6666666666666667,0 5 8 9,H00 H20 H21 H30,5 8 9,H20 H21 H30
random,6,18,3,3,4,3,0.3333333333333333,0.3333333333333333,0.3333333333333333,0.0011321891797706485,0.9165611112408348,0.8972620365049888,0.9988678108202294,0.9165611112408348,0.6666666666666667,0.6666666666666667,0 1 6 8,H00 H01 H03 H21,1 6 8,H01 H03 H21
random,6,19,3,3,4,3,0.3333333333333333,0.3333333333333333,0.3333333333333333,0.0005439581582322717,0.946568904305043,0.927428638531529,0.9994560418417677,0.946568904305043,0.6666666666666667,0.6666666666666667,0 2 5 9,H00 H10 H20 H30,2 5 9,H10 H20 H30
random,6,0,4,4,5,4,0.4444444444444444,0.4444444444444444,0.4444444444444444,0.00045283493818715215,0.9578222619562313,0.9454337728214792,0.9995471650618128,0.9578222619562313,0.5555555555555556,0.5555555555555556,0 1 5 7 9,H00 H01 H20 H12 H30,1 5 7 9,H01 H20 H12 H30
random,6,1,4,4,5,4,0.4444444444444444,0.4444444444444444,0.4444444444444444,0.000417567091062665,0.9618562362937525,0.9492627040934208,0.9995824329089373,0.9618562362937525,0.5555555555555556,0.5555555555555556,0 2 4 5 8,H00 H10 H11 H20 H21,2 4 5 8,H10 H11 H20 H21
random,6,2,4,4,5,4,0.4444444444444444,0.4444444444444444,0.4444444444444444,0.000534901802893728,0.9560683277678121,0.9229139923542902,0.9994650981971063,0.9560683277678121,0.5555555555555556,0.5555555555555556,0 2 4 8 9,H00 H10 H11 H21 H30,2 4 8 9,H10 H11 H21 H30
random,6,3,4,4,5,4,0.4444444444444444,0.4444444444444444,0.4444444444444444,0.000571831944398582,0.9485458655196478,0.9215681425687169,0.9994281680556014,0.9485458655196478,0.5555555555555556,0.5555555555555556,0 2 6 8 9,H00 H10 H03 H21 H30,2 6 8 9,H10 H03 H21 H30
random,6,4,4,4,5,4,0.4444444444444444,0.4444444444444444,0.4444444444444444,0.000514345068950206,0.9537877715796268,0.9434121494375716,0.9994856549310498,0.9537877715796268,0.5555555555555556,0.5555555555555556,0 4 5 8 9,H00 H11 H20 H21 H30,4 5 8 9,H11 H20 H21 H30
random,6,5,4,4,5,4,0.4444444444444444,0.4444444444444444,0.4444444444444444,0.0005260121542960405,0.9591996278635954,0.9259555705469117,0.999473987845704,0.9591996278635954,0.5555555555555556,0.5555555555555556,0 4 6 7 8,H00 H11 H03 H12 H21,4 6 7 8,H11 H03 H12 H21
random,6,6,4,4,5,4,0.4444444444444444,0.4444444444444444,0.4444444444444444,0.00045283493818715215,0.9578222619562313,0.9454337728214792,0.9995471650618128,0.9578222619562313,0.5555555555555556,0.5555555555555556,0 1 5 7 9,H00 H01 H20 H12 H30,1 5 7 9,H01 H20 H12 H30
random,6,7,4,4,5,4,0.4444444444444444,0.4444444444444444,0.4444444444444444,0.0005390142323449254,0.9559603844117041,0.9239851587621513,0.9994609857676551,0.9559603844117041,0.5555555555555556,0.5555555555555556,0 2 4 6 8,H00 H10 H11 H03 H21,2 4 6 8,H10 H11 H03 H21
random,6,8,4,4,5,4,0.4444444444444444,0.4444444444444444,0.4444444444444444,0.0004871825221925974,0.9551494381214436,0.9286520960440111,0.9995128174778074,0.9551494381214436,0.5555555555555556,0.5555555555555556,0 1 3 4 9,H00 H01 H02 H11 H30,1 3 4 9,H01 H02 H11 H30
random,6,9,4,4,5,4,0.4444444444444444,0.4444444444444444,0.4444444444444444,0.000534901802893728,0.9560683277678121,0.9229139923542902,0.9994650981971063,0.9560683277678121,0.5555555555555556,0.5555555555555556,0 2 4 8 9,H00 H10 H11 H21 H30,2 4 8 9,H10 H11 H21 H30
random,6,10,4,4,5,4,0.4444444444444444,0.4444444444444444,0.4444444444444444,0.0006825204472988844,0.9426199286361087,0.8884775020836553,0.9993174795527011,0.9426199286361087,0.5555555555555556,0.5555555555555556,0 1 2 6 9,H00 H01 H10 H03 H30,1 2 6 9,H01 H10 H03 H30
random,6,11,4,4,5,4,0.4444444444444444,0.4444444444444444,0.4444444444444444,0.00048137642443180084,0.9514964679156416,0.94042310939951,0.9995186235755682,0.9514964679156416,0.5555555555555556,0.5555555555555556,0 2 3 8 9,H00 H10 H02 H21 H30,2 3 8 9,H10 H02 H21 H30
random,6,12,4,4,5,4,0.4444444444444444,0.4444444444444444,0.4444444444444444,0.000417567091062665,0.9618562362937525,0.9492627040934208,0.9995824329089373,0.9618562362937525,0.5555555555555556,0.5555555555555556,0 2 4 5 8,H00 H10 H11 H20 H21,2 4 5 8,H10 H11 H20 H21
random,6,13,4,4,5,4,0.4444444444444444,0.4444444444444444,0.4444444444444444,0.0005689157405868173,0.9489241256583459,0.9227416937462232,0.9994310842594132,0.9489241256583459,0.5555555555555556,0.5555555555555556,0 2 7 8 9,H00 H10 H12 H21 H30,2 7 8 9,H10 H12 H21 H30
random,6,14,4,4,5,4,0.4444444444444444,0.4444444444444444,0.4444444444444444,0.0004896610043942928,0.9535442078032051,0.930471777818763,0.9995103389956057,0.9535442078032051,0.5555555555555556,0.5555555555555556,0 3 4 7 9,H00 H02 H11 H12 H30,3 4 7 9,H02 H11 H12 H30
random,6,15,4,4,5,4,0.4444444444444444,0.4444444444444444,0.4444444444444444,0.0004901604261249304,0.9535000366419022,0.9302002717873091,0.9995098395738751,0.9535000366419022,0.5555555555555556,0.5555555555555556,0 2 3 4 9,H00 H10 H02 H11 H30,2 3 4 9,H10 H02 H11 H30
random,6,16,4,4,5,4,0.4444444444444444,0.4444444444444444,0.4444444444444444,0.0006286924472078681,0.9487423869769015,0.9017374564222449,0.9993713075527921,0.9487423869769015,0.5555555555555556,0.5555555555555556,0 1 2 4 9,H00 H01 H10 H11 H30,1 2 4 9,H01 H10 H11 H30
random,6,17,4,4,5,4,0.4444444444444444,0.4444444444444444,0.4444444444444444,0.00048414996126666665,0.9558460749109917,0.9396796265756958,0.9995158500387333,0.9558460749109917,0.5555555555555556,0.5555555555555556,0 2 5 6 7,H00 H10 H20 H03 H12,2 5 6 7,H10 H20 H03 H12
random,6,18,4,4,5,4,0.4444444444444444,0.4444444444444444,0.4444444444444444,0.0006131378468126059,0.9469056725059054,0.9215513126007634,0.9993868621531874,0.9469056725059054,0.5555555555555556,0.5555555555555556,0 1 7 8 9,H00 H01 H12 H21 H30,1 7 8 9,H01 H12 H21 H30
random,6,19,4,4,5,4,0.4444444444444444,0.4444444444444444,0.4444444444444444,0.000583245069719851,0.9540793972353447,0.9072655859446469,0.9994167549302801,0.9540793972353447,0.5555555555555556,0.5555555555555556,0 1 4 7 9,H00 H01 H11 H12 H30,1 4 7 9,H01 H11 H12 H30
random,6,0,5,5,6,5,0.5555555555555556,0.5555555555555556,0.5555555555555556,0.0004870035336352885,0.9549723650095154,0.9290335130278087,0.9995129964663647,0.9549723650095154,0.4444444444444444,0.4444444444444444,0 1 3 4 7 9,H00 H01 H02 H11 H12 H30,1 3 4 7 9,H01 H02 H11 H12 H30
random,6,1,5,5,6,5,0.5555555555555556,0.5555555555555556,0.5555555555555556,0.00044587900629267097,0.9577301362181674,0.9510132154175103,0.9995541209937073,0.9577301362181674,0.4444444444444444,0.4444444444444444,0 1 5 6 7 8,H00 H01 H20 H03 H12 H21,1 5 6 7 8,H01 H20 H03 H12 H21
random,6,2,5,5,6,5,0.5555555555555556,0.5555555555555556,0.5555555555555556,0.0004231533675920218,0.9600711536464169,0.9456758430912704,0.999576846632408,0.9600711536464169,0.4444444444444444,0.4444444444444444,0 2 3 5 6 9,H00 H10 H02 H20 H03 H30,2 3 5 6 9,H10 H02 H20 H03 H30
random,6,3,5,5,6,5,0.5555555555555556,0.5555555555555556,0.5555555555555556,0.00033006136072799563,0.9695097129619221,0.9616729332577095,0.999669938639272,0.9695097129619221,0.4444444444444444,0.4444444444444444,0 3 4 5 7 9,H00 H02 H11 H20 H12 H30,3 4 5 7 9,H02 H11 H20 H12 H30
random,6,4,5,5,6,5,0.5555555555555556,0.5555555555555556,0.5555555555555556,0.00045755322207696736,0.9558638562752857,0.9457632787805286,0.999542446777923,0.9558638562752857,0.4444444444444444,0.4444444444444444,0 2 5 6 8 9,H00 H10 H20 H03 H21 H30,2 5 6 8 9,H10 H20 H03 H21 H30
random,6,5,5,5,6,5,0.5555555555555556,0.5555555555555556,0.5555555555555556,0.0005583156598731875,0.9522944999488866,0.923366283050337,0.9994416843401268,0.9522944999488866,0.4444444444444444,0.4444444444444444,0 1 2 7 8 9,H00 H01 H10 H12 H21 H30,1 2 7 8 9,H01 H10 H12 H21 H30
random,6,6,5,5,6,5,0.5555555555555556,0.5555555555555556,0.5555555555555556,0.00048705487279221416,0.9549921696361123,0.9289008423456009,0.9995129451272078,0.9549921696361123,0.4444444444444444,0.4444444444444444,0 1 2 3 4 9,H00 H01 H10 H02 H11 H30,1 2 3 4 9,H01 H10 H02 H11 H30
random,6,7,5,5,6,5,0.5555555555555556,0.5555555555555556,0.5555555555555556,0.0003389129415154457,0.9681731464604844,0.960746853816024,0.9996610870584846,0.9681731464604844,0.4444444444444444,0.4444444444444444,0 3 4 5 7 8,H00 H02 H11 H20 H12 H21,3 4 5 7 8,H02 H11 H20 H12 H21
random,6,8,5,5,6,5,0.5555555555555556,0.5555555555555556,0.5555555555555556,0.0004131025925744325,0.9605588835268752,0.9490045823007619,0.9995868974074256,0.9605588835268752,0.4444444444444444,0.4444444444444444,0 1 3 5 7 9,H00 H01 H02 H20 H12 H30,1 3 5 7 9,H01 H02 H20 H12 H30
random,6,9,5,5,6,5,0.5555555555555556,0.5555555555555556,0.5555555555555556,0.0004280484572518617,0.9591794004940675,0.9461485487538643,0.9995719515427481,0.9591794004940675,0.4444444444444444,0.4444444444444444,0 3 5 6 7 9,H00 H02 H20 H03 H12 H30,3 5 6 7 9,H02 H20 H03 H12 H30
random,6,10,5,5,6,5,0.5555555555555556,0.5555555555555556,0.5555555555555556,0.0005828880821354687,0.9541946297398504,0.9073866709295582,0.9994171119178645,0.9541946297398504,0.4444444444444444,0.4444444444444444,0 1 4 6 7 9,H00 H01 H11 H03 H12 H30,1 4 6 7 9,H01 H11 H03 H12 H30
random,6,11,5,5,6,5,0.5555555555555556,0.5555555555555556,0.5555555555555556,0.00046046418719924986,0.9543872796592616,0.9461765993949495,0.9995395358128008,0.9543872796592616,0.4444444444444444,0.4444444444444444,0 2 5 7 8 9,H00 H10 H20 H12 H21 H30,2 5 7 8 9,H10 H20 H12 H21 H30
random,6,12,5,5,6,5,0.5555555555555556,0.5555555555555556,0.5555555555555556,0.0005583156598731875,0.9522944999488866,0.923366283050337,0.9994416843401268,0.9522944999488866,0.4444444444444444,0.4444444444444444,0 1 2 7 8 9,H00 H01 H10 H12 H21 H30,1 2 7 8 9,H01 H10 H12 H21 H30
random,6,13,5,5,6,5,0.5555555555555556,0.5555555555555556,0.5555555555555556,0.0004040070634800941,0.9612206651094978,0.9457375499081455,0.9995959929365199,0.9612206651094978,0.4444444444444444,0.4444444444444444,0 1 3 4 8 9,H00 H01 H02 H11 H21 H30,1 3 4 8 9,H01 H02 H11 H21 H30
random,6,14,5,5,6,5,0.5555555555555556,0.5555555555555556,0.5555555555555556,0.0004158661176916212,0.9624461523311458,0.9496650184094789,0.9995841338823084,0.9624461523311458,0.4444444444444444,0.4444444444444444,0 2 4 5 6 8,H00 H10 H11 H20 H03 H21,2 4 5 6 8,H10 H11 H20 H03 H21
random,6,15,5,5,6,5,0.5555555555555556,0.5555555555555556,0.5555555555555556,0.0003766255103982985,0.9678968622855284,0.9559624403841156,0.9996233744896017,0.9678968622855284,0.4444444444444444,0.4444444444444444,0 4 5 6 7 8,H00 H11 H20 H03 H12 H21,4 5 6 7 8,H11 H20 H03 H12 H21
random,6,16,5,5,6,5,0.5555555555555556,0.5555555555555556,0.5555555555555556,0.00040023241308517754,0.9641608352043115,0.9525631551444261,0.9995997675869148,0.9641608352043115,0.4444444444444444,0.4444444444444444,0 2 4 5 7 9,H00 H10 H11 H20 H12 H30,2 4 5 7 9,H10 H11 H20 H12 H30
random,6,17,5,5,6,5,0.5555555555555556,0.5555555555555556,0.5555555555555556,0.000589595700148493,0.952406964841765,0.9076264653150425,0.9994104042998515,0.952406964841765,0.4444444444444444,0.4444444444444444,0 2 4 6 7 9,H00 H10 H11 H03 H12 H30,2 4 6 7 9,H10 H11 H03 H12 H30
random,6,18,5,5,6,5,0.5555555555555556,0.5555555555555556,0.5555555555555556,0.0005332799628376961,0.955562525835247,0.9230209201922852,0.9994667200371623,0.955562525835247,0.4444444444444444,0.4444444444444444,0 2 4 6 8 9,H00 H10 H11 H03 H21 H30,2 4 6 8 9,H10 H11 H03 H21 H30
random,6,19,5,5,6,5,0.5555555555555556,0.5555555555555556,0.5555555555555556,0.00041412984137423337,0.960621784535302,0.9486315463939855,0.9995858701586258,0.960621784535302,0.4444444444444444,0.4444444444444444,0 1 3 5 6 9,H00 H01 H02 H20 H03 H30,1 3 5 6 9,H01 H02 H20 H03 H30
random,6,0,6,6,7,6,0.6666666666666666,0.6666666666666666,0.6666666666666666,0.0003212262236047536,0.9709592849795798,0.9616773139083676,0.9996787737763952,0.9709592849795798,0.33333333333333337,0.33333333333333337,0 3 4 5 6 7 9,H00 H02 H11 H20 H03 H12 H30,3 4 5 6 7 9,H02 H11 H20 H03 H12 H30
random,6,1,6,6,7,6,0.6666666666666666,0.6666666666666666,0.6666666666666666,0.00037635740591213107,0.9677152879952534,0.9551178336001706,0.9996236425940879,0.9677152879952534,0.33333333333333337,0.33333333333333337,0 2 4 5 6 7 9,H00 H10 H11 H20 H03 H12 H30,2 4 5 6 7 9,H10 H11 H20 H03 H12 H30
random,6,2,6,6,7,6,0.6666666666666666,0.6666666666666666,0.6666666666666666,0.00037557980976998806,0.9679273154130306,0.9558257032335613,0.99962442019023,0.9679273154130306,0.33333333333333337,0.33333333333333337,0 1 4 5 6 7 8,H00 H01 H11 H20 H03 H12 H21,1 4 5 6 7 8,H01 H11 H20 H03 H12 H21
random,6,3,6,6,7,6,0.6666666666666666,0.6666666666666666,0.6666666666666666,0.00042814374319277704,0.9599965340441245,0.9497680398136894,0.9995718562568072,0.9599965340441245,0.33333333333333337,0.33333333333333337,0 1 2 5 7 8 9,H00 H01 H10 H20 H12 H21 H30,1 2 5 7 8 9,H01 H10 H20 H12 H21 H30
random,6,4,6,6,7,6,0.6666666666666666,0.6666666666666666,0.6666666666666666,0.00041296184645034373,0.9627116747492842,0.9495111567760063,0.9995870381535497,0.9627116747492842,0.33333333333333337,0.33333333333333337,0 1 2 4 5 8 9,H00 H01 H10 H11 H20 H21 H30,1 2 4 5 8 9,H01 H10 H11 H20 H21 H30
random,6,5,6,6,7,6,0.6666666666666666,0.6666666666666666,0.6666666666666666,0.00038153643254190683,0.959959515776844,0.9572302975832268,0.9996184635674581,0.959959515776844,0.33333333333333337,0.33333333333333337,0 2 3 5 7 8 9,H00 H10 H02 H20 H12 H21 H30,2 3 5 7 8 9,H10 H02 H20 H12 H21 H30
random,6,6,6,6,7,6,0.6666666666666666,0.6666666666666666,0.6666666666666666,0.00031190423760563135,0.9710911889067728,0.9644699519992831,0.9996880957623944,0.9710911889067728,0.33333333333333337,0.33333333333333337,0 3 4 5 6 8 9,H00 H02 H11 H20 H03 H21 H30,3 4 5 6 8 9,H02 H11 H20 H03 H21 H30
random,6,7,6,6,7,6,0.6666666666666666,0.6666666666666666,0.6666666666666666,0.00041969091398641467,0.9611489728855038,0.9412856822392458,0.9995803090860136,0.9611489728855038,0.33333333333333337,0.33333333333333337,0 1 2 3 4 6 8,H00 H01 H10 H02 H11 H03 H21,1 2 3 4 6 8,H01 H10 H02 H11 H03 H21
random,6,8,6,6,7,6,0.6666666666666666,0.6666666666666666,0.6666666666666666,0.000499847112223506,0.9549223341659048,0.9231876337675536,0.9995001528877765,0.9549223341659048,0.33333333333333337,0.33333333333333337,0 1 2 3 4 6 7,H00 H01 H10 H02 H11 H03 H12,1 2 3 4 6 7,H01 H10 H02 H11 H03 H12
random,6,9,6,6,7,6,0.6666666666666666,0.6666666666666666,0.6666666666666666,0.0003848954220302403,0.9613125573281159,0.9577554863591502,0.9996151045779698,0.9613125573281159,0.33333333333333337,0.33333333333333337,0 2 3 5 6 8 9,H00 H10 H02 H20 H03 H21 H30,2 3 5 6 8 9,H10 H02 H20 H03 H21 H30
random,6,10,6,6,7,6,0.6666666666666666,0.6666666666666666,0.6666666666666666,0.0004229476908221841,0.9618770340357893,0.946405558469878,0.9995770523091778,0.9618770340357893,0.33333333333333337,0.33333333333333337,0 1 2 4 5 6 9,H00 H01 H10 H11 H20 H03 H30,1 2 4 5 6 9,H01 H10 H11 H20 H03 H30
random,6,11,6,6,7,6,0.6666666666666666,0.6666666666666666,0.6666666666666666,0.0003138165338896215,0.9703567926722105,0.9646396738874994,0.9996861834661104,0.9703567926722105,0.33333333333333337,0.33333333333333337,0 3 4 5 7 8 9,H00 H02 H11 H20 H12 H21 H30,3 4 5 7 8 9,H02 H11 H20 H12 H21 H30
random,6,12,6,6,7,6,0.6666666666666666,0.6666666666666666,0.6666666666666666,0.00040924776112660766,0.9619359371565752,0.9475148770045402,0.9995907522388734,0.9619359371565752,0.33333333333333337,0.33333333333333337,0 1 2 3 5 6 7,H00 H01 H10 H02 H20 H03 H12,1 2 3 5 6 7,H01 H10 H02 H20 H03 H12
random,6,13,6,6,7,6,0.6666666666666666,0.6666666666666666,0.6666666666666666,0.0003341392148286104,0.9703445779370071,0.9594629301028313,0.9996658607851714,0.9703445779370071,0.33333333333333337,0.33333333333333337,0 1 3 4 5 6 7,H00 H01 H02 H11 H20 H03 H12,1 3 4 5 6 7,H01 H02 H11 H20 H03 H12
random,6,14,6,6,7,6,0.6666666666666666,0.6666666666666666,0.6666666666666666,0.00047687391634099185,0.95305796613414,0.939592153790461,0.999523126083659,0.95305796613414,0.33333333333333337,0.33333333333333337,0 1 2 3 6 8 9,H00 H01 H10 H02 H03 H21 H30,1 2 3 6 8 9,H01 H10 H02 H03 H21 H30
random,6,15,6,6,7,6,0.6666666666666666,0.6666666666666666,0.6666666666666666,0.00040390779031440616,0.9613933363280455,0.9456106613061745,0.9995960922096856,0.9613933363280455,0.33333333333333337,0.33333333333333337,0 1 2 3 4 8 9,H00 H01 H10 H02 H11 H21 H30,1 2 3 4 8 9,H01 H10 H02 H11 H21 H30
random,6,16,6,6,7,6,0.6666666666666666,0.6666666666666666,0.6666666666666666,0.0006051611853763461,0.9457396594419916,0.9061466505965347,0.9993948388146237,0.9457396594419916,0.33333333333333337,0.33333333333333337,0 1 2 3 6 7 9,H00 H01 H10 H02 H03 H12 H30,1 2 3 6 7 9,H01 H10 H02 H03 H12 H30
random,6,17,6,6,7,6,0.6666666666666666,0.6666666666666666,0.6666666666666666,0.00041296184645034373,0.9627116747492842,0.9495111567760063,0.9995870381535497,0.9627116747492842,0.33333333333333337,0.33333333333333337,0 1 2 4 5 8 9,H00 H01 H10 H11 H20 H21 H30,1 2 4 5 8 9,H01 H10 H11 H20 H21 H30
random,6,18,6,6,7,6,0.6666666666666666,0.6666666666666666,0.6666666666666666,0.00037557980976998806,0.9679273154130306,0.9558257032335613,0.99962442019023,0.9679273154130306,0.33333333333333337,0.33333333333333337,0 1 4 5 6 7 8,H00 H01 H11 H20 H03 H12 H21,1 4 5 6 7 8,H01 H11 H20 H03 H12 H21
random,6,19,6,6,7,6,0.6666666666666666,0.6666666666666666,0.6666666666666666,0.0003899626899510622,0.9603125102702843,0.9580436946338894,0.9996100373100489,0.9603125102702843,0.33333333333333337,0.33333333333333337,0 1 3 5 6 8 9,H00 H01 H02 H20 H03 H21 H30,1 3 5 6 8 9,H01 H02 H20 H03 H21 H30
random,6,0,7,7,8,7,0.7777777777777778,0.7777777777777778,0.7777777777777778,0.0003977515734732151,0.9611003434509217,0.9475967482231613,0.9996022484265268,0.9611003434509217,0.2222222222222222,0.2222222222222222,0 1 2 3 4 7 8 9,H00 H01 H10 H02 H11 H12 H21 H30,1 2 3 4 7 8 9,H01 H10 H02 H11 H12 H21 H30
random,6,1,7,7,8,7,0.7777777777777778,0.7777777777777778,0.7777777777777778,0.0005102572031319141,0.9593449053083248,0.9253532773271459,0.9994897427968681,0.9593449053083248,0.2222222222222222,0.2222222222222222,0 1 2 4 6 7 8 9,H00 H01 H10 H11 H03 H12 H21 H30,1 2 4 6 7 8 9,H01 H10 H11 H03 H12 H21 H30
random,6,2,7,7,8,7,0.7777777777777778,0.7777777777777778,0.7777777777777778,0.0003164469380863011,0.9703532302138638,0.9632385432777093,0.9996835530619137,0.9703532302138638,0.2222222222222222,0.2222222222222222,0 1 2 3 4 5 6 9,H00 H01 H10 H02 H11 H20 H03 H30,1 2 3 4 5 6 9,H01 H10 H02 H11 H20 H03 H30
random,6,3,7,7,8,7,0.7777777777777778,0.7777777777777778,0.7777777777777778,0.00037473649717867374,0.967933382976282,0.9562273187128898,0.9996252635028213,0.967933382976282,0.2222222222222222,0.2222222222222222,0 1 2 4 5 6 7 8,H00 H01 H10 H11 H20 H03 H12 H21,1 2 4 5 6 7 8,H01 H10 H11 H20 H03 H12 H21
random,6,4,7,7,8,7,0.7777777777777778,0.7777777777777778,0.7777777777777778,0.0003244620456825942,0.9701340412554929,0.9620781413960093,0.9996755379543174,0.9701340412554929,0.2222222222222222,0.2222222222222222,0 1 2 3 4 5 7 9,H00 H01 H10 H02 H11 H20 H12 H30,1 2 3 4 5 7 9,H01 H10 H02 H11 H20 H12 H30
random,6,5,7,7,8,7,0.7777777777777778,0.7777777777777778,0.7777777777777778,0.0004049729905091226,0.9619882395679262,0.9483673238177587,0.9995950270094909,0.9619882395679262,0.2222222222222222,0.2222222222222222,0 1 2 3 5 6 7 9,H00 H01 H10 H02 H20 H03 H12 H30,1 2 3 5 6 7 9,H01 H10 H02 H20 H03 H12 H30
random,6,6,7,7,8,7,0.7777777777777778,0.7777777777777778,0.7777777777777778,0.0003760447143577039,0.9671550544242371,0.9550602525072778,0.9996239552856423,0.9671550544242371,0.2222222222222222,0.2222222222222222,0 1 2 4 5 7 8 9,H00 H01 H10 H11 H20 H12 H21 H30,1 2 4 5 7 8 9,H01 H10 H11 H20 H12 H21 H30
random,6,7,7,7,8,7,0.7777777777777778,0.7777777777777778,0.7777777777777778,0.0003796832461375743,0.9621803491917859,0.9576175068857946,0.9996203167538624,0.9621803491917859,0.2222222222222222,0.2222222222222222,0 1 2 3 5 6 8 9,H00 H01 H10 H02 H20 H03 H21 H30,1 2 3 5 6 8 9,H01 H10 H02 H20 H03 H21 H30
random,6,8,7,7,8,7,0.7777777777777778,0.7777777777777778,0.7777777777777778,0.00048291540588252246,0.9541730867802884,0.9298099237342199,0.9995170845941175,0.9541730867802884,0.2222222222222222,0.2222222222222222,0 1 2 3 4 6 7 9,H00 H01 H10 H02 H11 H03 H12 H30,1 2 3 4 6 7 9,H01 H10 H02 H11 H03 H12 H30
random,6,9,7,7,8,7,0.7777777777777778,0.7777777777777778,0.7777777777777778,0.00048291540588252246,0.9541730867802884,0.9298099237342199,0.9995170845941175,0.9541730867802884,0.2222222222222222,0.2222222222222222,0 1 2 3 4 6 7 9,H00 H01 H10 H02 H11 H03 H12 H30,1 2 3 4 6 7 9,H01 H10 H02 H11 H03 H12 H30
random,6,10,7,7,8,7,0.7777777777777778,0.7777777777777778,0.7777777777777778,0.00031361982109956443,0.9703043960433511,0.9647921822891223,0.9996863801789004,0.9703043960433511,0.2222222222222222,0.2222222222222222,0 2 3 4 5 7 8 9,H00 H10 H02 H11 H20 H12 H21 H30,2 3 4 5 7 8 9,H10 H02 H11 H20 H12 H21 H30
random,6,11,7,7,8,7,0.7777777777777778,0.7777777777777778,0.7777777777777778,0.00048291540588252246,0.9541730867802884,0.9298099237342199,0.9995170845941175,0.9541730867802884,0.2222222222222222,0.2222222222222222,0 1 2 3 4 6 7 9,H00 H01 H10 H02 H11 H03 H12 H30,1 2 3 4 6 7 9,H01 H10 H02 H11 H03 H12 H30
random,6,12,7,7,8,7,0.7777777777777778,0.7777777777777778,0.7777777777777778,0.00032700414885766804,0.9703650624623055,0.9619060548835042,0.9996729958511423,0.9703650624623055,0.2222222222222222,0.2222222222222222,0 1 3 4 5 6 7 8,H00 H01 H02 H11 H20 H03 H12 H21,1 3 4 5 6 7 8,H01 H02 H11 H20 H03 H12 H21
random,6,13,7,7,8,7,0.7777777777777778,0.7777777777777778,0.7777777777777778,0.0004049729905091226,0.9619882395679262,0.9483673238177587,0.9995950270094909,0.9619882395679262,0.2222222222222222,0.2222222222222222,0 1 2 3 5 6 7 9,H00 H01 H10 H02 H20 H03 H12 H30,1 2 3 5 6 7 9,H01 H10 H02 H20 H03 H12 H30
random,6,14,7,7,8,7,0.7777777777777778,0.7777777777777778,0.7777777777777778,0.0004035164602100849,0.9616164812080642,0.9459679733229115,0.9995964835397899,0.9616164812080642,0.2222222222222222,0.2222222222222222,0 2 3 4 6 7 8 9,H00 H10 H02 H11 H03 H12 H21 H30,2 3 4 6 7 8 9,H10 H02 H11 H03 H12 H21 H30
random,6,15,7,7,8,7,0.7777777777777778,0.7777777777777778,0.7777777777777778,0.00031364819733425975,0.9702917957738236,0.9648138779286599,0.9996863518026657,0.9702917957738236,0.2222222222222222,0.2222222222222222,0 1 2 3 4 5 8 9,H00 H01 H10 H02 H11 H20 H21 H30,1 2 3 4 5 8 9,H01 H10 H02 H11 H20 H21 H30
random,6,16,7,7,8,7,0.7777777777777778,0.7777777777777778,0.7777777777777778,0.00031693564960733056,0.9709657727786108,0.9629341234145855,0.9996830643503927,0.9709657727786108,0.2222222222222222,0.2222222222222222,0 2 3 4 5 6 7 9,H00 H10 H02 H11 H20 H03 H12 H30,2 3 4 5 6 7 9,H10 H02 H11 H20 H03 H12 H30
random,6,17,7,7,8,7,0.7777777777777778,0.7777777777777778,0.7777777777777778,0.00037473649717867374,0.967933382976282,0.9562273187128898,0.9996252635028213,0.967933382976282,0.2222222222222222,0.2222222222222222,0 1 2 4 5 6 7 8,H00 H01 H10 H11 H20 H03 H12 H21,1 2 4 5 6 7 8,H01 H10 H11 H20 H03 H12 H21
random,6,18,7,7,8,7,0.7777777777777778,0.7777777777777778,0.7777777777777778,0.00032700414885766804,0.9703650624623055,0.9619060548835042,0.9996729958511423,0.9703650624623055,0.2222222222222222,0.2222222222222222,0 1 3 4 5 6 7 8,H00 H01 H02 H11 H20 H03 H12 H21,1 3 4 5 6 7 8,H01 H02 H11 H20 H03 H12 H21
random,6,19,7,7,8,7,0.7777777777777778,0.7777777777777778,0.7777777777777778,0.0003738093364518136,0.9679573464266044,0.9554892639021029,0.9996261906635482,0.9679573464266044,0.2222222222222222,0.2222222222222222,0 1 4 5 6 7 8 9,H00 H01 H11 H20 H03 H12 H21 H30,1 4 5 6 7 8 9,H01 H11 H20 H03 H12 H21 H30
random,6,0,8,8,9,8,0.8888888888888888,0.8888888888888888,0.8888888888888888,0.0003136086743324995,0.9702705072768378,0.9648282441177153,0.9996863913256675,0.9702705072768378,0.11111111111111116,0.11111111111111116,0 1 2 3 4 5 7 8 9,H00 H01 H10 H02 H11 H20 H12 H21 H30,1 2 3 4 5 7 8 9,H01 H10 H02 H11 H20 H12 H21 H30
random,6,1,8,8,9,8,0.8888888888888888,0.8888888888888888,0.8888888888888888,0.0003146130475215614,0.9705374002740159,0.9635729952645178,0.9996853869524784,0.9705374002740159,0.11111111111111116,0.11111111111111116,0 1 2 3 4 5 6 7 9,H00 H01 H10 H02 H11 H20 H03 H12 H30,1 2 3 4 5 6 7 9,H01 H10 H02 H11 H20 H03 H12 H30
random,6,2,8,8,9,8,0.8888888888888888,0.8888888888888888,0.8888888888888888,0.00039630819810554385,0.9609296614222237,0.9478673446699701,0.9996036918018945,0.9609296614222237,0.11111111111111116,0.11111111111111116,0 1 2 3 4 6 7 8 9,H00 H01 H10 H02 H11 H03 H12 H21 H30,1 2 3 4 6 7 8 9,H01 H10 H02 H11 H03 H12 H21 H30
random,6,3,8,8,9,8,0.8888888888888888,0.8888888888888888,0.8888888888888888,0.00032700086012482643,0.9703580068776497,0.9619184240867241,0.9996729991398752,0.9703580068776497,0.11111111111111116,0.11111111111111116,0 1 2 3 4 5 6 7 8,H00 H01 H10 H02 H11 H20 H03 H12 H21,1 2 3 4 5 6 7 8,H01 H10 H02 H11 H20 H03 H12 H21
random,6,4,8,8,9,8,0.8888888888888888,0.8888888888888888,0.8888888888888888,0.0003136086743324995,0.9702705072768378,0.9648282441177153,0.9996863913256675,0.9702705072768378,0.11111111111111116,0.11111111111111116,0 1 2 3 4 5 7 8 9,H00 H01 H10 H02 H11 H20 H12 H21 H30,1 2 3 4 5 7 8 9,H01 H10 H02 H11 H20 H12 H21 H30
random,6,5,8,8,9,8,0.8888888888888888,0.8888888888888888,0.8888888888888888,0.0003109155222773552,0.9710754795923527,0.9647958172374923,0.9996890844777226,0.9710754795923527,0.11111111111111116,0.11111111111111116,0 2 3 4 5 6 7 8 9,H00 H10 H02 H11 H20 H03 H12 H21 H30,2 3 4 5 6 7 8 9,H10 H02 H11 H20 H03 H12 H21 H30
random,6,6,8,8,9,8,0.8888888888888888,0.8888888888888888,0.8888888888888888,0.000306645903037861,0.9706874578553346,0.9658570573982511,0.9996933540969621,0.9706874578553346,0.11111111111111116,0.11111111111111116,0 1 2 3 4 5 6 8 9,H00 H01 H10 H02 H11 H20 H03 H21 H30,1 2 3 4 5 6 8 9,H01 H10 H02 H11 H20 H03 H21 H30
random,6,7,8,8,9,8,0.8888888888888888,0.8888888888888888,0.8888888888888888,0.000306645903037861,0.9706874578553346,0.9658570573982511,0.9996933540969621,0.9706874578553346,0.11111111111111116,0.11111111111111116,0 1 2 3 4 5 6 8 9,H00 H01 H10 H02 H11 H20 H03 H21 H30,1 2 3 4 5 6 8 9,H01 H10 H02 H11 H20 H03 H21 H30
random,6,8,8,8,9,8,0.8888888888888888,0.8888888888888888,0.8888888888888888,0.0003146130475215614,0.9705374002740159,0.9635729952645178,0.9996853869524784,0.9705374002740159,0.11111111111111116,0.11111111111111116,0 1 2 3 4 5 6 7 9,H00 H01 H10 H02 H11 H20 H03 H12 H30,1 2 3 4 5 6 7 9,H01 H10 H02 H11 H20 H03 H12 H30
random,6,9,8,8,9,8,0.8888888888888888,0.8888888888888888,0.8888888888888888,0.00032700086012482643,0.9703580068776497,0.9619184240867241,0.9996729991398752,0.9703580068776497,0.11111111111111116,0.11111111111111116,0 1 2 3 4 5 6 7 8,H00 H01 H10 H02 H11 H20 H03 H12 H21,1 2 3 4 5 6 7 8,H01 H10 H02 H11 H20 H03 H12 H21
random,6,10,8,8,9,8,0.8888888888888888,0.8888888888888888,0.8888888888888888,0.00032700086012482643,0.9703580068776497,0.9619184240867241,0.9996729991398752,0.9703580068776497,0.11111111111111116,0.11111111111111116,0 1 2 3 4 5 6 7 8,H00 H01 H10 H02 H11 H20 H03 H12 H21,1 2 3 4 5 6 7 8,H01 H10 H02 H11 H20 H03 H12 H21
random,6,11,8,8,9,8,0.8888888888888888,0.8888888888888888,0.8888888888888888,0.00037580248317681253,0.9619729726284069,0.9577265917554908,0.9996241975168232,0.9619729726284069,0.11111111111111116,0.11111111111111116,0 1 2 3 5 6 7 8 9,H00 H01 H10 H02 H20 H03 H12 H21 H30,1 2 3 5 6 7 8 9,H01 H10 H02 H20 H03 H12 H21 H30
random,6,12,8,8,9,8,0.8888888888888888,0.8888888888888888,0.8888888888888888,0.0003136086743324995,0.9702705072768378,0.9648282441177153,0.9996863913256675,0.9702705072768378,0.11111111111111116,0.11111111111111116,0 1 2 3 4 5 7 8 9,H00 H01 H10 H02 H11 H20 H12 H21 H30,1 2 3 4 5 7 8 9,H01 H10 H02 H11 H20 H12 H21 H30
random,6,13,8,8,9,8,0.8888888888888888,0.8888888888888888,0.8888888888888888,0.00039630819810554385,0.9609296614222237,0.9478673446699701,0.9996036918018945,0.9609296614222237,0.11111111111111116,0.11111111111111116,0 1 2 3 4 6 7 8 9,H00 H01 H10 H02 H11 H03 H12 H21 H30,1 2 3 4 6 7 8 9,H01 H10 H02 H11 H03 H12 H21 H30
random,6,14,8,8,9,8,0.8888888888888888,0.8888888888888888,0.8888888888888888,0.0003146130475215614,0.9705374002740159,0.9635729952645178,0.9996853869524784,0.9705374002740159,0.11111111111111116,0.11111111111111116,0 1 2 3 4 5 6 7 9,H00 H01 H10 H02 H11 H20 H03 H12 H30,1 2 3 4 5 6 7 9,H01 H10 H02 H11 H20 H03 H12 H30
random,6,15,8,8,9,8,0.8888888888888888,0.8888888888888888,0.8888888888888888,0.0003146130475215614,0.9705374002740159,0.9635729952645178,0.9996853869524784,0.9705374002740159,0.11111111111111116,0.11111111111111116,0 1 2 3 4 5 6 7 9,H00 H01 H10 H02 H11 H20 H03 H12 H30,1 2 3 4 5 6 7 9,H01 H10 H02 H11 H20 H03 H12 H30
random,6,16,8,8,9,8,0.8888888888888888,0.8888888888888888,0.8888888888888888,0.00039630819810554385,0.9609296614222237,0.9478673446699701,0.9996036918018945,0.9609296614222237,0.11111111111111116,0.11111111111111116,0 1 2 3 4 6 7 8 9,H00 H01 H10 H02 H11 H03 H12 H21 H30,1 2 3 4 6 7 8 9,H01 H10 H02 H11 H03 H12 H21 H30
random,6,17,8,8,9,8,0.8888888888888888,0.8888888888888888,0.8888888888888888,0.0003146130475215614,0.9705374002740159,0.9635729952645178,0.9996853869524784,0.9705374002740159,0.11111111111111116,0.11111111111111116,0 1 2 3 4 5 6 7 9,H00 H01 H10 H02 H11 H20 H03 H12 H30,1 2 3 4 5 6 7 9,H01 H10 H02 H11 H20 H03 H12 H30
random,6,18,8,8,9,8,0.8888888888888888,0.8888888888888888,0.8888888888888888,0.000308493385091424,0.9708195881703238,0.9652812847306471,0.9996915066149086,0.9708195881703238,0.11111111111111116,0.11111111111111116,0 1 3 4 5 6 7 8 9,H00 H01 H02 H11 H20 H03 H12 H21 H30,1 3 4 5 6 7 8 9,H01 H02 H11 H20 H03 H12 H21 H30
random,6,19,8,8,9,8,0.8888888888888888,0.8888888888888888,0.8888888888888888,0.0003136086743324995,0.9702705072768378,0.9648282441177153,0.9996863913256675,0.9702705072768378,0.11111111111111116,0.11111111111111116,0 1 2 3 4 5 7 8 9,H00 H01 H10 H02 H11 H20 H12 H21 H30,1 2 3 4 5 7 8 9,H01 H10 H02 H11 H20 H12 H21 H30
random,6,0,9,9,10,9,1.0,1.0,1.0,0.00030655122827738523,0.9707374561591324,0.9658649900788626,0.9996934487717226,0.9707374561591324,0.0,0.0,0 1 2 3 4 5 6 7 8 9,H00 H01 H10 H02 H11 H20 H03 H12 H21 H30,1 2 3 4 5 6 7 8 9,H01 H10 H02 H11 H20 H03 H12 H21 H30
random,6,1,9,9,10,9,1.0,1.0,1.0,0.00030655122827738523,0.9707374561591324,0.9658649900788626,0.9996934487717226,0.9707374561591324,0.0,0.0,0 1 2 3 4 5 6 7 8 9,H00 H01 H10 H02 H11 H20 H03 H12 H21 H30,1 2 3 4 5 6 7 8 9,H01 H10 H02 H11 H20 H03 H12 H21 H30
random,6,2,9,9,10,9,1.0,1.0,1.0,0.00030655122827738523,0.9707374561591324,0.9658649900788626,0.9996934487717226,0.9707374561591324,0.0,0.0,0 1 2 3 4 5 6 7 8 9,H00 H01 H10 H02 H11 H20 H03 H12 H21 H30,1 2 3 4 5 6 7 8 9,H01 H10 H02 H11 H20 H03 H12 H21 H30
random,6,3,9,9,10,9,1.0,1.0,1.0,0.00030655122827738523,0.9707374561591324,0.9658649900788626,0.9996934487717226,0.9707374561591324,0.0,0.0,0 1 2 3 4 5 6 7 8 9,H00 H01 H10 H02 H11 H20 H03 H12 H21 H30,1 2 3 4 5 6 7 8 9,H01 H10 H02 H11 H20 H03 H12 H21 H30
random,6,4,9,9,10,9,1.0,1.0,1.0,0.00030655122827738523,0.9707374561591324,0.9658649900788626,0.9996934487717226,0.9707374561591324,0.0,0.0,0 1 2 3 4 5 6 7 8 9,H00 H01 H10 H02 H11 H20 H03 H12 H21 H30,1 2 3 4 5 6 7 8 9,H01 H10 H02 H11 H20 H03 H12 H21 H30
random,6,5,9,9,10,9,1.0,1.0,1.0,0.00030655122827738523,0.9707374561591324,0.9658649900788626,0.9996934487717226,0.9707374561591324,0.0,0.0,0 1 2 3 4 5 6 7 8 9,H00 H01 H10 H02 H11 H20 H03 H12 H21 H30,1 2 3 4 5 6 7 8 9,H01 H10 H02 H11 H20 H03 H12 H21 H30
random,6,6,9,9,10,9,1.0,1.0,1.0,0.00030655122827738523,0.9707374561591324,0.9658649900788626,0.9996934487717226,0.9707374561591324,0.0,0.0,0 1 2 3 4 5 6 7 8 9,H00 H01 H10 H02 H11 H20 H03 H12 H21 H30,1 2 3 4 5 6 7 8 9,H01 H10 H02 H11 H20 H03 H12 H21 H30
random,6,7,9,9,10,9,1.0,1.0,1.0,0.00030655122827738523,0.9707374561591324,0.9658649900788626,0.9996934487717226,0.9707374561591324,0.0,0.0,0 1 2 3 4 5 6 7 8 9,H00 H01 H10 H02 H11 H20 H03 H12 H21 H30,1 2 3 4 5 6 7 8 9,H01 H10 H02 H11 H20 H03 H12 H21 H30
random,6,8,9,9,10,9,1.0,1.0,1.0,0.00030655122827738523,0.9707374561591324,0.9658649900788626,0.9996934487717226,0.9707374561591324,0.0,0.0,0 1 2 3 4 5 6 7 8 9,H00 H01 H10 H02 H11 H20 H03 H12 H21 H30,1 2 3 4 5 6 7 8 9,H01 H10 H02 H11 H20 H03 H12 H21 H30
random,6,9,9,9,10,9,1.0,1.0,1.0,0.00030655122827738523,0.9707374561591324,0.9658649900788626,0.9996934487717226,0.9707374561591324,0.0,0.0,0 1 2 3 4 5 6 7 8 9,H00 H01 H10 H02 H11 H20 H03 H12 H21 H30,1 2 3 4 5 6 7 8 9,H01 H10 H02 H11 H20 H03 H12 H21 H30
random,6,10,9,9,10,9,1.0,1.0,1.0,0.00030655122827738523,0.9707374561591324,0.9658649900788626,0.9996934487717226,0.9707374561591324,0.0,0.0,0 1 2 3 4 5 6 7 8 9,H00 H01 H10 H02 H11 H20 H03 H12 H21 H30,1 2 3 4 5 6 7 8 9,H01 H10 H02 H11 H20 H03 H12 H21 H30
random,6,11,9,9,10,9,1.0,1.0,1.0,0.00030655122827738523,0.9707374561591324,0.9658649900788626,0.9996934487717226,0.9707374561591324,0.0,0.0,0 1 2 3 4 5 6 7 8 9,H00 H01 H10 H02 H11 H20 H03 H12 H21 H30,1 2 3 4 5 6 7 8 9,H01 H10 H02 H11 H20 H03 H12 H21 H30
random,6,12,9,9,10,9,1.0,1.0,1.0,0.00030655122827738523,0.9707374561591324,0.9658649900788626,0.9996934487717226,0.9707374561591324,0.0,0.0,0 1 2 3 4 5 6 7 8 9,H00 H01 H10 H02 H11 H20 H03 H12 H21 H30,1 2 3 4 5 6 7 8 9,H01 H10 H02 H11 H20 H03 H12 H21 H30
random,6,13,9,9,10,9,1.0,1.0,1.0,0.00030655122827738523,0.9707374561591324,0.9658649900788626,0.9996934487717226,0.9707374561591324,0.0,0.0,0 1 2 3 4 5 6 7 8 9,H00 H01 H10 H02 H11 H20 H03 H12 H21 H30,1 2 3 4 5 6 7 8 9,H01 H10 H02 H11 H20 H03 H12 H21 H30
random,6,14,9,9,10,9,1.0,1.0,1.0,0.00030655122827738523,0.9707374561591324,0.9658649900788626,0.9996934487717226,0.9707374561591324,0.0,0.0,0 1 2 3 4 5 6 7 8 9,H00 H01 H10 H02 H11 H20 H03 H12 H21 H30,1 2 3 4 5 6 7 8 9,H01 H10 H02 H11 H20 H03 H12 H21 H30
random,6,15,9,9,10,9,1.0,1.0,1.0,0.00030655122827738523,0.9707374561591324,0.9658649900788626,0.9996934487717226,0.9707374561591324,0.0,0.0,0 1 2 3 4 5 6 7 8 9,H00 H01 H10 H02 H11 H20 H03 H12 H21 H30,1 2 3 4 5 6 7 8 9,H01 H10 H02 H11 H20 H03 H12 H21 H30
random,6,16,9,9,10,9,1.0,1.0,1.0,0.00030655122827738523,0.9707374561591324,0.9658649900788626,0.9996934487717226,0.9707374561591324,0.0,0.0,0 1 2 3 4 5 6 7 8 9,H00 H01 H10 H02 H11 H20 H03 H12 H21 H30,1 2 3 4 5 6 7 8 9,H01 H10 H02 H11 H20 H03 H12 H21 H30
random,6,17,9,9,10,9,1.0,1.0,1.0,0.00030655122827738523,0.9707374561591324,0.9658649900788626,0.9996934487717226,0.9707374561591324,0.0,0.0,0 1 2 3 4 5 6 7 8 9,H00 H01 H10 H02 H11 H20 H03 H12 H21 H30,1 2 3 4 5 6 7 8 9,H01 H10 H02 H11 H20 H03 H12 H21 H30
random,6,18,9,9,10,9,1.0,1.0,1.0,0.00030655122827738523,0.9707374561591324,0.9658649900788626,0.9996934487717226,0.9707374561591324,0.0,0.0,0 1 2 3 4 5 6 7 8 9,H00 H01 H10 H02 H11 H20 H03 H12 H21 H30,1 2 3 4 5 6 7 8 9,H01 H10 H02 H11 H20 H03 H12 H21 H30
random,6,19,9,9,10,9,1.0,1.0,1.0,0.00030655122827738523,0.9707374561591324,0.9658649900788626,0.9996934487717226,0.9707374561591324,0.0,0.0,0 1 2 3 4 5 6 7 8 9,H00 H01 H10 H02 H11 H20 H03 H12 H21 H30,1 2 3 4 5 6 7 8 9,H01 H10 H02 H11 H20 H03 H12 H21 H30
random,7,0,1,1,2,1,0.1111111111111111,0.1111111111111111,0.1111111111111111,0.0022990102879703045,0.8035066326355892,0.8447886474464921,0.9977009897120297,0.8035066326355892,0.8888888888888888,0.8888888888888888,0 3,H00 H02,3,H02
random,7,1,1,1,2,1,0.1111111111111111,0.1111111111111111,0.1111111111111111,0.003432619385421276,0.734963142096013,0.7604306958878596,0.9965673806145787,0.734963142096013,0.8888888888888888,0.8888888888888888,0 6,H00 H03,6,H03
random,7,2,1,1,2,1,0.1111111111111111,0.1111111111111111,0.1111111111111111,0.002625853754580021,0.7953278319987687,0.7671014713103048,0.99737414624542,0.7953278319987687,0.8888888888888888,0.8888888888888888,0 1,H00 H01,1,H01
random,7,3,1,1,2,1,0.1111111111111111,0.1111111111111111,0.1111111111111111,0.0036978404968976974,0.7570185112079226,0.7182278180584553,0.9963021595031023,0.7570185112079226,0.8888888888888888,0.8888888888888888,0 2,H00 H10,2,H10
random,7,4,1,1,2,1,0.1111111111111111,0.1111111111111111,0.1111111111111111,0.0038327500224113464,0.7370988470120146,0.7191287038301256,0.9961672499775887,0.7370988470120146,0.8888888888888888,0.8888888888888888,0 9,H00 H30,9,H30
random,7,5,1,1,2,1,0.1111111111111111,0.1111111111111111,0.1111111111111111,0.003432619385421276,0.734963142096013,0.7604306958878596,0.9965673806145787,0.734963142096013,0.8888888888888888,0.8888888888888888,0 6,H00 H03,6,H03
random,7,6,1,1,2,1,0.1111111111111111,0.1111111111111111,0.1111111111111111,0.0027376851066946983,0.8188216988878783,0.7892422630097179,0.9972623148933053,0.8188216988878783,0.8888888888888888,0.8888888888888888,0 4,H00 H11,4,H11
random,7,7,1,1,2,1,0.1111111111111111,0.1111111111111111,0.1111111111111111,0.0022990102879703045,0.8035066326355892,0.8447886474464921,0.9977009897120297,0.8035066326355892,0.8888888888888888,0.8888888888888888,0 3,H00 H02,3,H02
random,7,8,1,1,2,1,0.1111111111111111,0.1111111111111111,0.1111111111111111,0.0022990102879703045,0.8035066326355892,0.8447886474464921,0.9977009897120297,0.8035066326355892,0.8888888888888888,0.8888888888888888,0 3,H00 H02,3,H02
random,7,9,1,1,2,1,0.1111111111111111,0.1111111111111111,0.1111111111111111,0.0038327500224113464,0.7370988470120146,0.7191287038301256,0.9961672499775887,0.7370988470120146,0.8888888888888888,0.8888888888888888,0 9,H00 H30,9,H30
random,7,10,1,1,2,1,0.1111111111111111,0.1111111111111111,0.1111111111111111,0.0038327500224113464,0.7370988470120146,0.7191287038301256,0.9961672499775887,0.7370988470120146,0.8888888888888888,0.8888888888888888,0 9,H00 H30,9,H30
random,7,11,1,1,2,1,0.1111111111111111,0.1111111111111111,0.1111111111111111,0.002625853754580021,0.7953278319987687,0.7671014713103048,0.99737414624542,0.7953278319987687,0.8888888888888888,0.8888888888888888,0 1,H00 H01,1,H01
random,7,12,1,1,2,1,0.1111111111111111,0.1111111111111111,0.1111111111111111,0.003432619385421276,0.734963142096013,0.7604306958878596,0.9965673806145787,0.734963142096013,0.8888888888888888,0.8888888888888888,0 6,H00 H03,6,H03
random,7,13,1,1,2,1,0.1111111111111111,0.1111111111111111,0.1111111111111111,0.002938257995992899,0.7816723743520065,0.7476439327312236,0.9970617420040071,0.7816723743520065,0.8888888888888888,0.8888888888888888,0 8,H00 H21,8,H21
random,7,14,1,1,2,1,0.1111111111111111,0.1111111111111111,0.1111111111111111,0.0027847138699144125,0.8054147178925104,0.8357273572824576,0.9972152861300856,0.8054147178925104,0.8888888888888888,0.8888888888888888,0 7,H00 H12,7,H12
random,7,15,1,1,2,1,0.1111111111111111,0.1111111111111111,0.1111111111111111,0.0027376851066946983,0.8188216988878783,0.7892422630097179,0.9972623148933053,0.8188216988878783,0.8888888888888888,0.8888888888888888,0 4,H00 H11,4,H11
random,7,16,1,1,2,1,0.1111111111111111,0.1111111111111111,0.1111111111111111,0.002938257995992899,0.7816723743520065,0.7476439327312236,0.9970617420040071,0.7816723743520065,0.8888888888888888,0.8888888888888888,0 8,H00 H21,8,H21
random,7,17,1,1,2,1,0.1111111111111111,0.1111111111111111,0.1111111111111111,0.002625853754580021,0.7953278319987687,0.7671014713103048,0.99737414624542,0.7953278319987687,0.8888888888888888,0.8888888888888888,0 1,H00 H01,1,H01
random,7,18,1,1,2,1,0.1111111111111111,0.1111111111111111,0.1111111111111111,0.002625853754580021,0.7953278319987687,0.7671014713103048,0.99737414624542,0.7953278319987687,0.8888888888888888,0.8888888888888888,0 1,H00 H01,1,H01
random,7,19,1,1,2,1,0.1111111111111111,0.1111111111111111,0.1111111111111111,0.002938257995992899,0.7816723743520065,0.7476439327312236,0.9970617420040071,0.7816723743520065,0.8888888888888888,0.8888888888888888,0 8,H00 H21,8,H21
random,7,0,2,2,3,2,0.2222222222222222,0.2222222222222222,0.2222222222222222,0.0021927710622549057,0.8423692379124667,0.8067463760143027,0.9978072289377451,0.8423692379124667,0.7777777777777778,0.7777777777777778,0 1 2,H00 H01 H10,1 2,H01 H10
random,7,1,2,2,3,2,0.2222222222222222,0.2222222222222222,0.2222222222222222,0.002012203447520733,0.8539131146265408,0.8291407652585766,0.9979877965524793,0.8539131146265408,0.7777777777777778,0.7777777777777778,0 1 4,H00 H01 H11,1 4,H01 H11
random,7,2,2,2,3,2,0.2222222222222222,0.2222222222222222,0.2222222222222222,0.0027242007199674845,0.8188354883489158,0.8460901420577357,0.9972757992800325,0.8188354883489158,0.7777777777777778,0.7777777777777778,0 7 9,H00 H12 H30,7 9,H12 H30
random,7,3,2,2,3,2,0.2222222222222222,0.2222222222222222,0.2222222222222222,0.0027242007199674845,0.8188354883489158,0.8460901420577357,0.9972757992800325,0.8188354883489158,0.7777777777777778,0.7777777777777778,0 7 9,H00 H12 H30,7 9,H12 H30
random,7,4,2,2,3,2,0.2222222222222222,0.2222222222222222,0.2222222222222222,0.0019337739795446396,0.86565300822258,0.8384289863453996,0.9980662260204554,0.86565300822258,0.7777777777777778,0.7777777777777778,0 4 8,H00 H11 H21,4 8,H11 H21
random,7,5,2,2,3,2,0.2222222222222222,0.2222222222222222,0.2222222222222222,0.002341079991310835,0.8210677612090083,0.7898854082060133,0.9976589200086892,0.8210677612090083,0.7777777777777778,0.7777777777777778,0 1 5,H00 H01 H20,1 5,H01 H20
random,7,6,2,2,3,2,0.2222222222222222,0.2222222222222222,0.2222222222222222,0.0025806212797760963,0.8126320365470846,0.7601522321598903,0.9974193787202239,0.8126320365470846,0.7777777777777778,0.7777777777777778,0 5 9,H00 H20 H30,5 9,H20 H30
random,7,7,2,2,3,2,0.2222222222222222,0.2222222222222222,0.2222222222222222,0.0024270357098430395,0.8175699260887578,0.809226253998087,0.997572964290157,0.8175699260887578,0.7777777777777778,0.7777777777777778,0 5 6,H00 H20 H03,5 6,H20 H03
random,7,8,2,2,3,2,0.2222222222222222,0.2222222222222222,0.2222222222222222,0.0015458582201972604,0.8856342683117682,0.88522402502742,0.9984541417798027,0.8856342683117682,0.7777777777777778,0.7777777777777778,0 1 7,H00 H01 H12,1 7,H01 H12
random,7,9,2,2,3,2,0.2222222222222222,0.2222222222222222,0.2222222222222222,0.0024270357098430395,0.8175699260887578,0.809226253998087,0.997572964290157,0.8175699260887578,0.7777777777777778,0.7777777777777778,0 5 6,H00 H20 H03,5 6,H20 H03
random,7,10,2,2,3,2,0.2222222222222222,0.2222222222222222,0.2222222222222222,0.0026099642273038626,0.8329097539824339,0.7907906860656188,0.9973900357726961,0.8329097539824339,0.7777777777777778,0.7777777777777778,0 2 4,H00 H10 H11,2 4,H10 H11
random,7,11,2,2,3,2,0.2222222222222222,0.2222222222222222,0.2222222222222222,0.0020538419485092163,0.8296320939903877,0.8783948358694816,0.9979461580514908,0.8296320939903877,0.7777777777777778,0.7777777777777778,0 3 7,H00 H02 H12,3 7,H02 H12
random,7,12,2,2,3,2,0.2222222222222222,0.2222222222222222,0.2222222222222222,0.0026497608050704002,0.8021599884287817,0.765114412094131,0.9973502391949296,0.8021599884287817,0.7777777777777778,0.7777777777777778,0 5 8,H00 H20 H21,5 8,H20 H21
random,7,13,2,2,3,2,0.2222222222222222,0.2222222222222222,0.2222222222222222,0.0025806212797760963,0.8126320365470846,0.7601522321598903,0.9974193787202239,0.8126320365470846,0.7777777777777778,0.7777777777777778,0 5 9,H00 H20 H30,5 9,H20 H30
random,7,14,2,2,3,2,0.2222222222222222,0.2222222222222222,0.2222222222222222,0.0022218835074454546,0.8577031272504474,0.8396253601041292,0.9977781164925545,0.8577031272504474,0.7777777777777778,0.7777777777777778,0 4 7,H00 H11 H12,4 7,H11 H12
random,7,15,2,2,3,2,0.2222222222222222,0.2222222222222222,0.2222222222222222,0.0015920582227408886,0.882319366605897,0.8944466150753982,0.9984079417772591,0.882319366605897,0.7777777777777778,0.7777777777777778,0 7 8,H00 H12 H21,7 8,H12 H21
random,7,16,2,2,3,2,0.2222222222222222,0.2222222222222222,0.2222222222222222,0.0036530913785099983,0.7613897656403952,0.7296500768814997,0.99634690862149,0.7613897656403952,0.7777777777777778,0.7777777777777778,0 2 9,H00 H10 H30,2 9,H10 H30
random,7,17,2,2,3,2,0.2222222222222222,0.2222222222222222,0.2222222222222222,0.002621408784762025,0.7976674564032152,0.7681765899457381,0.997378591215238,0.7976674564032152,0.7777777777777778,0.7777777777777778,0 1 8,H00 H01 H21,1 8,H01 H21
random,7,18,2,2,3,2,0.2222222222222222,0.2222222222222222,0.2222222222222222,0.0024270357098430395,0.8175699260887578,0.809226253998087,0.997572964290157,0.8175699260887578,0.7777777777777778,0.7777777777777778,0 5 6,H00 H20 H03,5 6,H20 H03
random,7,19,2,2,3,2,0.2222222222222222,0.2222222222222222,0.2222222222222222,0.0036530913785099983,0.7613897656403952,0.7296500768814997,0.99634690862149,0.7613897656403952,0.7777777777777778,0.7777777777777778,0 2 9,H00 H10 H30,2 9,H10 H30
random,7,0,3,3,4,3,0.3333333333333333,0.3333333333333333,0.3333333333333333,0.0017352676950395107,0.8805856103704319,0.8810319296681269,0.9982647323049605,0.8805856103704319,0.6666666666666667,0.6666666666666667,0 4 6 7,H00 H11 H03 H12,4 6 7,H11 H03 H12
random,7,1,3,3,4,3,0.3333333333333333,0.3333333333333333,0.3333333333333333,0.0021760978270322084,0.8422337222454558,0.8213734404946207,0.9978239021729678,0.8422337222454558,0.6666666666666667,0.6666666666666667,0 2 5 6,H00 H10 H20 H03,2 5 6,H10 H20 H03
random,7,2,3,3,4,3,0.3333333333333333,0.3333333333333333,0.3333333333333333,0.0017306640511378646,0.8777919255117316,0.8501347973662542,0.9982693359488621,0.8777919255117316,0.6666666666666667,0.6666666666666667,0 4 5 8,H00 H11 H20 H21,4 5 8,H11 H20 H21
random,7,3,3,3,4,3,0.3333333333333333,0.3333333333333333,0.3333333333333333,0.0018826182931661606,0.8511722330867748,0.8857109344850645,0.9981173817068338,0.8511722330867748,0.6666666666666667,0.6666666666666667,0 2 3 9,H00 H10 H02 H30,2 3 9,H10 H02 H30
random,7,4,3,3,4,3,0.3333333333333333,0.3333333333333333,0.3333333333333333,0.0017084171995520592,0.8770514275971689,0.8519010218277345,0.9982915828004479,0.8770514275971689,0.6666666666666667,0.6666666666666667,0 1 4 5,H00 H01 H11 H20,1 4 5,H01 H11 H20
random,7,5,3,3,4,3,0.3333333333333333,0.3333333333333333,0.3333333333333333,0.0015865573659539223,0.888280807508158,0.8752183162870472,0.9984134426340461,0.888280807508158,0.6666666666666667,0.6666666666666667,0 4 5 6,H00 H11 H20 H03,4 5 6,H11 H20 H03
random,7,6,3,3,4,3,0.3333333333333333,0.3333333333333333,0.3333333333333333,0.0025266031734645367,0.8221994636272492,0.7940599912937897,0.9974733968265355,0.8221994636272492,0.6666666666666667,0.6666666666666667,0 6 8 9,H00 H03 H21 H30,6 8 9,H03 H21 H30
random,7,7,3,3,4,3,0.3333333333333333,0.3333333333333333,0.3333333333333333,0.002298404462635517,0.818960584762122,0.7914901859475023,0.9977015955373645,0.818960584762122,0.6666666666666667,0.6666666666666667,0 1 5 8,H00 H01 H20 H21,1 5 8,H01 H20 H21
random,7,8,3,3,4,3,0.3333333333333333,0.3333333333333333,0.3333333333333333,0.0023025190457701683,0.8268760902149321,0.8067306961059547,0.9976974809542298,0.8268760902149321,0.6666666666666667,0.6666666666666667,0 1 5 6,H00 H01 H20 H03,1 5 6,H01 H20 H03
random,7,9,3,3,4,3,0.3333333333333333,0.3333333333333333,0.3333333333333333,0.0014461204409599304,0.8797406438521057,0.8853208586229779,0.9985538795590401,0.8797406438521057,0.6666666666666667,0.6666666666666667,0 1 3 9,H00 H01 H02 H30,1 3 9,H01 H02 H30
random,7,10,3,3,4,3,0.3333333333333333,0.3333333333333333,0.3333333333333333,0.002197905210778117,0.8633299363371734,0.8439076692790151,0.9978020947892219,0.8633299363371734,0.6666666666666667,0.6666666666666667,0 4 7 9,H00 H11 H12 H30,4 7 9,H11 H12 H30
random,7,11,3,3,4,3,0.3333333333333333,0.3333333333333333,0.3333333333333333,0.0014054457424208522,0.8845763227212443,0.8935174806035121,0.9985945542575791,0.8845763227212443,0.6666666666666667,0.6666666666666667,0 3 5 8,H00 H02 H20 H21,3 5 8,H02 H20 H21
random,7,12,3,3,4,3,0.3333333333333333,0.3333333333333333,0.3333333333333333,0.0011007825378328562,0.9164959155067394,0.9215772431690658,0.9988992174621671,0.9164959155067394,0.6666666666666667,0.6666666666666667,0 3 4 5,H00 H02 H11 H20,3 4 5,H02 H11 H20
random,7,13,3,3,4,3,0.3333333333333333,0.3333333333333333,0.3333333333333333,0.0014054457424208522,0.8845763227212443,0.8935174806035121,0.9985945542575791,0.8845763227212443,0.6666666666666667,0.6666666666666667,0 3 5 8,H00 H02 H20 H21,3 5 8,H02 H20 H21
random,7,14,3,3,4,3,0.3333333333333333,0.3333333333333333,0.3333333333333333,0.002298404462635517,0.818960584762122,0.7914901859475023,0.9977015955373645,0.818960584762122,0.6666666666666667,0.6666666666666667,0 1 5 8,H00 H01 H20 H21,1 5 8,H01 H20 H21
random,7,15,3,3,4,3,0.3333333333333333,0.3333333333333333,0.3333333333333333,0.0016187267610803246,0.8613762446412292,0.8672052416555026,0.9983812732389197,0.8613762446412292,0.6666666666666667,0.6666666666666667,0 1 3 6,H00 H01 H02 H03,1 3 6,H01 H02 H03
random,7,16,3,3,4,3,0.3333333333333333,0.3333333333333333,0.3333333333333333,0.0016481773927807808,0.8597686101242846,0.8853761342993376,0.9983518226072192,0.8597686101242846,0.6666666666666667,0.6666666666666667,0 3 6 9,H00 H02 H03 H30,3 6 9,H02 H03 H30
random,7,17,3,3,4,3,0.3333333333333333,0.3333333333333333,0.3333333333333333,0.0017084171995520592,0.8770514275971689,0.8519010218277345,0.9982915828004479,0.8770514275971689,0.6666666666666667,0.6666666666666667,0 1 4 5,H00 H01 H11 H20,1 4 5,H01 H11 H20
random,7,18,3,3,4,3,0.3333333333333333,0.3333333333333333,0.3333333333333333,0.0023025190457701683,0.8268760902149321,0.8067306961059547,0.9976974809542298,0.8268760902149321,0.6666666666666667,0.6666666666666667,0 1 5 6,H00 H01 H20 H03,1 5 6,H01 H20 H03
random,7,19,3,3,4,3,0.3333333333333333,0.3333333333333333,0.3333333333333333,0.0016187267610803246,0.8613762446412292,0.8672052416555026,0.9983812732389197,0.8613762446412292,0.6666666666666667,0.6666666666666667,0 1 3 6,H00 H01 H02 H03,1 3 6,H01 H02 H03
random,7,0,4,4,5,4,0.4444444444444444,0.4444444444444444,0.4444444444444444,0.0021611638367176056,0.8459542351226709,0.8203444510953767,0.9978388361632824,0.8459542351226709,0.5555555555555556,0.5555555555555556,0 2 5 6 8,H00 H10 H20 H03 H21,2 5 6 8,H10 H20 H03 H21
random,7,1,4,4,5,4,0.4444444444444444,0.4444444444444444,0.4444444444444444,0.0013385070487856865,0.8898259538816073,0.8996368791743609,0.9986614929512143,0.8898259538816073,0.5555555555555556,0.5555555555555556,0 1 3 6 7,H00 H01 H02 H03 H12,1 3 6 7,H01 H02 H03 H12
random,7,2,4,4,5,4,0.4444444444444444,0.4444444444444444,0.4444444444444444,0.0022536662872880697,0.8340390220408491,0.8147192807313959,0.9977463337127119,0.8340390220408491,0.5555555555555556,0.5555555555555556,0 5 6 8 9,H00 H20 H03 H21 H30,5 6 8 9,H20 H03 H21 H30
random,7,3,4,4,5,4,0.4444444444444444,0.4444444444444444,0.4444444444444444,0.0013242950662970543,0.8902947259856461,0.8996514382586499,0.998675704933703,0.8902947259856461,0.5555555555555556,0.5555555555555556,0 1 3 5 6,H00 H01 H02 H20 H03,1 3 5 6,H01 H02 H20 H03
random,7,4,4,4,5,4,0.4444444444444444,0.4444444444444444,0.4444444444444444,0.0013385070487856865,0.8898259538816073,0.8996368791743609,0.9986614929512143,0.8898259538816073,0.5555555555555556,0.5555555555555556,0 1 3 6 7,H00 H01 H02 H03 H12,1 3 6 7,H01 H02 H03 H12
random,7,5,4,4,5,4,0.4444444444444444,0.4444444444444444,0.4444444444444444,0.0015019241254776716,0.8916865002527815,0.8949990894286917,0.9984980758745223,0.8916865002527815,0.5555555555555556,0.5555555555555556,0 1 2 7 8,H00 H01 H10 H12 H21,1 2 7 8,H01 H10 H12 H21
random,7,6,4,4,5,4,0.4444444444444444,0.4444444444444444,0.4444444444444444,0.0011176402913406491,0.9063200141069581,0.9271609393748862,0.9988823597086594,0.9063200141069581,0.5555555555555556,0.5555555555555556,0 3 5 6 7,H00 H02 H20 H03 H12,3 5 6 7,H02 H20 H03 H12
random,7,7,4,4,5,4,0.4444444444444444,0.4444444444444444,0.4444444444444444,0.0012215548194944859,0.8991972572490237,0.9096225431047041,0.9987784451805055,0.8991972572490237,0.5555555555555556,0.5555555555555556,0 3 5 6 9,H00 H02 H20 H03 H30,3 5 6 9,H02 H20 H03 H30
random,7,8,4,4,5,4,0.4444444444444444,0.4444444444444444,0.4444444444444444,0.001545807346701622,0.8856494377913147,0.885495820466591,0.9984541926532984,0.8856494377913147,0.5555555555555556,0.5555555555555556,0 1 6 7 9,H00 H01 H03 H12 H30,1 6 7 9,H01 H03 H12 H30
random,7,9,4,4,5,4,0.4444444444444444,0.4444444444444444,0.4444444444444444,0.0010477229952812195,0.9209184199217242,0.9268316591195086,0.9989522770047188,0.9209184199217242,0.5555555555555556,0.5555555555555556,0 3 4 5 7,H00 H02 H11 H20 H12,3 4 5 7,H02 H11 H20 H12
random,7,10,4,4,5,4,0.4444444444444444,0.4444444444444444,0.4444444444444444,0.0011902942787855864,0.9076731934806821,0.9085121011288725,0.9988097057212144,0.9076731934806821,0.5555555555555556,0.5555555555555556,0 3 4 6 8,H00 H02 H11 H03 H21,3 4 6 8,H02 H11 H03 H21
random,7,11,4,4,5,4,0.4444444444444444,0.4444444444444444,0.4444444444444444,0.001330703729763627,0.8933992484910026,0.9063168735168189,0.9986692962702364,0.8933992484910026,0.5555555555555556,0.5555555555555556,0 2 3 4 6,H00 H10 H02 H11 H03,2 3 4 6,H10 H02 H11 H03
random,7,12,4,4,5,4,0.4444444444444444,0.4444444444444444,0.4444444444444444,0.0021611638367176056,0.8459542351226709,0.8203444510953767,0.9978388361632824,0.8459542351226709,0.5555555555555556,0.5555555555555556,0 2 5 6 8,H00 H10 H20 H03 H21,2 5 6 8,H10 H20 H03 H21
random,7,13,4,4,5,4,0.4444444444444444,0.4444444444444444,0.4444444444444444,0.001126750255934894,0.907453409840179,0.919973358461356,0.9988732497440651,0.907453409840179,0.5555555555555556,0.5555555555555556,0 1 3 5 7,H00 H01 H02 H20 H12,1 3 5 7,H01 H02 H20 H12
random,7,14,4,4,5,4,0.4444444444444444,0.4444444444444444,0.4444444444444444,0.0010477229952812195,0.9209184199217242,0.9268316591195086,0.9989522770047188,0.9209184199217242,0.5555555555555556,0.5555555555555556,0 3 4 5 7,H00 H02 H11 H20 H12,3 4 5 7,H02 H11 H20 H12
random,7,15,4,4,5,4,0.4444444444444444,0.4444444444444444,0.4444444444444444,0.0013076667673885822,0.8955659744962076,0.9024960104626598,0.9986923332326114,0.8955659744962076,0.5555555555555556,0.5555555555555556,0 1 2 3 7,H00 H01 H10 H02 H12,1 2 3 7,H01 H10 H02 H12
random,7,16,4,4,5,4,0.4444444444444444,0.4444444444444444,0.4444444444444444,0.00123750907368958,0.9024295670098839,0.9147900804831943,0.9987624909263104,0.9024295670098839,0.5555555555555556,0.5555555555555556,0 2 3 7 8,H00 H10 H02 H12 H21,2 3 7 8,H10 H02 H12 H21
random,7,17,4,4,5,4,0.4444444444444444,0.4444444444444444,0.4444444444444444,0.001872934284619987,0.8701351093179264,0.8442205580353063,0.99812706571538,0.8701351093179264,0.5555555555555556,0.5555555555555556,0 1 2 4 6,H00 H01 H10 H11 H03,1 2 4 6,H01 H10 H11 H03
random,7,18,4,4,5,4,0.4444444444444444,0.4444444444444444,0.4444444444444444,0.001545807346701622,0.8856494377913147,0.885495820466591,0.9984541926532984,0.8856494377913147,0.5555555555555556,0.5555555555555556,0 1 6 7 9,H00 H01 H03 H12 H30,1 6 7 9,H01 H03 H12 H30
random,7,19,4,4,5,4,0.4444444444444444,0.4444444444444444,0.4444444444444444,0.0014649848453700542,0.8964128792285919,0.884243275716412,0.99853501515463,0.8964128792285919,0.5555555555555556,0.5555555555555556,0 1 4 7 9,H00 H01 H11 H12 H30,1 4 7 9,H01 H11 H12 H30
random,7,0,5,5,6,5,0.5555555555555556,0.5555555555555556,0.5555555555555556,0.0013370004016906023,0.8979151755146124,0.9023139980062101,0.9986629995983094,0.8979151755146124,0.4444444444444444,0.4444444444444444,0 1 5 7 8 9,H00 H01 H20 H12 H21 H30,1 5 7 8 9,H01 H20 H12 H21 H30
random,7,1,5,5,6,5,0.5555555555555556,0.5555555555555556,0.5555555555555556,0.0009785345755517483,0.9247369225824631,0.9275424817365676,0.9990214654244483,0.9247369225824631,0.4444444444444444,0.4444444444444444,0 3 4 5 7 8,H00 H02 H11 H20 H12 H21,3 4 5 7 8,H02 H11 H20 H12 H21
random,7,2,5,5,6,5,0.5555555555555556,0.5555555555555556,0.5555555555555556,0.0018715111073106527,0.8705501315249274,0.8449498126243759,0.9981284888926893,0.8705501315249274,0.4444444444444444,0.4444444444444444,0 1 2 4 6 9,H00 H01 H10 H11 H03 H30,1 2 4 6 9,H01 H10 H11 H03 H30
random,7,3,5,5,6,5,0.5555555555555556,0.5555555555555556,0.5555555555555556,0.0015140108298510313,0.8849921673624893,0.9037773214201117,0.998485989170149,0.8849921673624893,0.4444444444444444,0.4444444444444444,0 2 3 4 7 9,H00 H10 H02 H11 H12 H30,2 3 4 7 9,H10 H02 H11 H12 H30
random,7,4,5,5,6,5,0.5555555555555556,0.5555555555555556,0.5555555555555556,0.0011160450521856546,0.9096861887594749,0.921183467384512,0.9988839549478143,0.9096861887594749,0.4444444444444444,0.4444444444444444,0 1 3 5 7 9,H00 H01 H02 H20 H12 H30,1 3 5 7 9,H01 H02 H20 H12 H30
random,7,5,5,5,6,5,0.5555555555555556,0.5555555555555556,0.5555555555555556,0.0011021913960576057,0.9168518437748148,0.9148098996825135,0.9988978086039424,0.9168518437748148,0.4444444444444444,0.4444444444444444,0 2 3 4 8 9,H00 H10 H02 H11 H21 H30,2 3 4 8 9,H10 H02 H11 H21 H30
random,7,6,5,5,6,5,0.5555555555555556,0.5555555555555556,0.5555555555555556,0.0011151463259011507,0.9074101998746466,0.927109161480187,0.9988848536740988,0.9074101998746466,0.4444444444444444,0.4444444444444444,0 2 3 5 6 7,H00 H10 H02 H20 H03 H12,2 3 5 6 7,H10 H02 H20 H03 H12
random,7,7,5,5,6,5,0.5555555555555556,0.5555555555555556,0.5555555555555556,0.0015711011365056038,0.8899244203826902,0.8727893734869592,0.9984288988634944,0.8899244203826902,0.4444444444444444,0.4444444444444444,0 1 2 4 5 6,H00 H01 H10 H11 H20 H03,1 2 4 5 6,H01 H10 H11 H20 H03
random,7,8,5,5,6,5,0.5555555555555556,0.5555555555555556,0.5555555555555556,0.001502320053987205,0.8902655998056623,0.8931727255231188,0.9984976799460128,0.8902655998056623,0.4444444444444444,0.4444444444444444,0 1 6 7 8 9,H00 H01 H03 H12 H21 H30,1 6 7 8 9,H01 H03 H12 H21 H30
random,7,9,5,5,6,5,0.5555555555555556,0.5555555555555556,0.5555555555555556,0.0012518076691776514,0.9018312010484416,0.9022098783702815,0.9987481923308223,0.9018312010484416,0.4444444444444444,0.4444444444444444,0 1 2 3 4 9,H00 H01 H10 H02 H11 H30,1 2 3 4 9,H01 H10 H02 H11 H30
random,7,10,5,5,6,5,0.5555555555555556,0.5555555555555556,0.5555555555555556,0.0013164420379325747,0.8991865449973717,0.9100473562792885,0.9986835579620674,0.8991865449973717,0.4444444444444444,0.4444444444444444,0 1 2 5 6 7,H00 H01 H10 H20 H03 H12,1 2 5 6 7,H01 H10 H20 H03 H12
random,7,11,5,5,6,5,0.5555555555555556,0.5555555555555556,0.5555555555555556,0.0010232389904558659,0.9217457980555388,0.9211414788797986,0.9989767610095441,0.9217457980555388,0.4444444444444444,0.4444444444444444,0 2 3 4 5 8,H00 H10 H02 H11 H20 H21,2 3 4 5 8,H10 H02 H11 H20 H21
random,7,12,5,5,6,5,0.5555555555555556,0.5555555555555556,0.5555555555555556,0.001241272664628923,0.9006881948458596,0.9202758222438484,0.9987587273353711,0.9006881948458596,0.4444444444444444,0.4444444444444444,0 2 3 5 7 9,H00 H10 H02 H20 H12 H30,2 3 5 7 9,H10 H02 H20 H12 H30
random,7,13,5,5,6,5,0.5555555555555556,0.5555555555555556,0.5555555555555556,0.00209722388535738,0.8388624767796109,0.8207974684699954,0.9979027761146426,0.8388624767796109,0.4444444444444444,0.4444444444444444,0 1 5 6 8 9,H00 H01 H20 H03 H21 H30,1 5 6 8 9,H01 H20 H03 H21 H30
random,7,14,5,5,6,5,0.5555555555555556,0.5555555555555556,0.5555555555555556,0.0011111597996205091,0.9075389771803097,0.9272984670262664,0.9988888402003795,0.9075389771803097,0.4444444444444444,0.4444444444444444,0 3 5 6 7 8,H00 H02 H20 H03 H12 H21,3 5 6 7 8,H02 H20 H03 H12 H21
random,7,15,5,5,6,5,0.5555555555555556,0.5555555555555556,0.5555555555555556,0.0013827302027493715,0.9044103021163152,0.8939176110916255,0.9986172697972506,0.9044103021163152,0.4444444444444444,0.4444444444444444,0 1 2 4 7 8,H00 H01 H10 H11 H12 H21,1 2 4 7 8,H01 H10 H11 H12 H21
random,7,16,5,5,6,5,0.5555555555555556,0.5555555555555556,0.5555555555555556,0.001225384185090661,0.9036784534930616,0.9071597023510086,0.9987746158149093,0.9036784534930616,0.4444444444444444,0.4444444444444444,0 1 3 4 6 7,H00 H01 H02 H11 H03 H12,1 3 4 6 7,H01 H02 H11 H03 H12
random,7,17,5,5,6,5,0.5555555555555556,0.5555555555555556,0.5555555555555556,0.0011212078388780355,0.914815444193612,0.9130436486507266,0.998878792161122,0.914815444193612,0.4444444444444444,0.4444444444444444,0 2 3 4 6 8,H00 H10 H02 H11 H03 H21,2 3 4 6 8,H10 H02 H11 H03 H21
random,7,18,5,5,6,5,0.5555555555555556,0.5555555555555556,0.5555555555555556,0.0011903676204383373,0.9169928645017456,0.9118350710010805,0.9988096323795617,0.9169928645017456,0.4444444444444444,0.4444444444444444,0 1 4 5 6 7,H00 H01 H11 H20 H03 H12,1 4 5 6 7,H01 H11 H20 H03 H12
random,7,19,5,5,6,5,0.5555555555555556,0.5555555555555556,0.5555555555555556,0.001562944846227765,0.8907614133623069,0.8734259614298588,0.9984370551537722,0.8907614133623069,0.4444444444444444,0.4444444444444444,0 1 4 5 6 9,H00 H01 H11 H20 H03 H30,1 4 5 6 9,H01 H11 H20 H03 H30
random,7,0,6,6,7,6,0.6666666666666666,0.6666666666666666,0.6666666666666666,0.0016511798603460193,0.8838444274720624,0.8523080252345028,0.998348820139654,0.8838444274720624,0.33333333333333337,0.33333333333333337,0 1 2 4 5 8 9,H00 H01 H10 H11 H20 H21 H30,1 2 4 5 8 9,H01 H10 H11 H20 H21 H30
random,7,1,6,6,7,6,0.6666666666666666,0.6666666666666666,0.6666666666666666,0.0013824308989569545,0.9054060388936724,0.8953094372220862,0.998617569101043,0.9054060388936724,0.33333333333333337,0.33333333333333337,0 1 4 6 7 8 9,H00 H01 H11 H03 H12 H21 H30,1 4 6 7 8 9,H01 H11 H03 H12 H21 H30
random,7,2,6,6,7,6,0.6666666666666666,0.6666666666666666,0.6666666666666666,0.001211448572576046,0.9059818683282941,0.9089394158782869,0.998788551427424,0.9059818683282941,0.33333333333333337,0.33333333333333337,0 1 2 3 4 6 7,H00 H01 H10 H02 H11 H03 H12,1 2 3 4 6 7,H01 H10 H02 H11 H03 H12
random,7,3,6,6,7,6,0.6666666666666666,0.6666666666666666,0.6666666666666666,0.0010992515599355102,0.9102894235911749,0.9277055655509937,0.9989007484400645,0.9102894235911749,0.33333333333333337,0.33333333333333337,0 3 5 6 7 8 9,H00 H02 H20 H03 H12 H21 H30,3 5 6 7 8 9,H02 H20 H03 H12 H21 H30
random,7,4,6,6,7,6,0.6666666666666666,0.6666666666666666,0.6666666666666666,0.0010115376207977533,0.9236456902606875,0.9284554499158149,0.9989884623792022,0.9236456902606875,0.33333333333333337,0.33333333333333337,0 2 3 4 5 7 9,H00 H10 H02 H11 H20 H12 H30,2 3 4 5 7 9,H10 H02 H11 H20 H12 H30
random,7,5,6,6,7,6,0.6666666666666666,0.6666666666666666,0.6666666666666666,0.0011160143185406923,0.9097552071286722,0.9211630825362518,0.9988839856814593,0.9097552071286722,0.33333333333333337,0.33333333333333337,0 1 2 3 5 7 9,H00 H01 H10 H02 H20 H12 H30,1 2 3 5 7 9,H01 H10 H02 H20 H12 H30
random,7,6,6,6,7,6,0.6666666666666666,0.6666666666666666,0.6666666666666666,0.001211448572576046,0.9059818683282941,0.9089394158782869,0.998788551427424,0.9059818683282941,0.33333333333333337,0.33333333333333337,0 1 2 3 4 6 7,H00 H01 H10 H02 H11 H03 H12,1 2 3 4 6 7,H01 H10 H02 H11 H03 H12
random,7,7,6,6,7,6,0.6666666666666666,0.6666666666666666,0.6666666666666666,0.0011103375582024455,0.9104472798839052,0.9227550801501299,0.9988896624417976,0.9104472798839052,0.33333333333333337,0.33333333333333337,0 1 3 5 7 8 9,H00 H01 H02 H20 H12 H21 H30,1 3 5 7 8 9,H01 H02 H20 H12 H21 H30
random,7,8,6,6,7,6,0.6666666666666666,0.6666666666666666,0.6666666666666666,0.000955133349634707,0.9263943969565538,0.9288357365306791,0.9990448666503653,0.9263943969565538,0.33333333333333337,0.33333333333333337,0 2 3 4 5 6 9,H00 H10 H02 H11 H20 H03 H30,2 3 4 5 6 9,H10 H02 H11 H20 H03 H30
random,7,9,6,6,7,6,0.6666666666666666,0.6666666666666666,0.6666666666666666,0.0011572607327252626,0.9160638785567777,0.915246552064221,0.9988427392672747,0.9160638785567777,0.33333333333333337,0.33333333333333337,0 1 2 4 5 6 7,H00 H01 H10 H11 H20 H03 H12,1 2 4 5 6 7,H01 H10 H11 H20 H03 H12
random,7,10,6,6,7,6,0.6666666666666666,0.6666666666666666,0.6666666666666666,0.0009288570145145059,0.9282825336870201,0.9337748436462259,0.9990711429854855,0.9282825336870201,0.33333333333333337,0.33333333333333337,0 3 4 5 6 7 8,H00 H02 H11 H20 H03 H12 H21,3 4 5 6 7 8,H02 H11 H20 H03 H12 H21
random,7,11,6,6,7,6,0.6666666666666666,0.6666666666666666,0.6666666666666666,0.0010115376207977533,0.9236456902606875,0.9284554499158149,0.9989884623792022,0.9236456902606875,0.33333333333333337,0.33333333333333337,0 2 3 4 5 7 9,H00 H10 H02 H11 H20 H12 H30,2 3 4 5 7 9,H10 H02 H11 H20 H12 H30
random,7,12,6,6,7,6,0.6666666666666666,0.6666666666666666,0.6666666666666666,0.0009755295468494296,0.9245306583172359,0.927825448737305,0.9990244704531506,0.9245306583172359,0.33333333333333337,0.33333333333333337,0 2 3 4 5 6 8,H00 H10 H02 H11 H20 H03 H21,2 3 4 5 6 8,H10 H02 H11 H20 H03 H21
random,7,13,6,6,7,6,0.6666666666666666,0.6666666666666666,0.6666666666666666,0.0012300146045163274,0.9035847414191923,0.9161586842255716,0.9987699853954837,0.9035847414191923,0.33333333333333337,0.33333333333333337,0 2 3 6 7 8 9,H00 H10 H02 H03 H12 H21 H30,2 3 6 7 8 9,H10 H02 H03 H12 H21 H30
random,7,14,6,6,7,6,0.6666666666666666,0.6666666666666666,0.6666666666666666,0.002002707915380597,0.8510283240328645,0.8269724140012878,0.9979972920846194,0.8510283240328645,0.33333333333333337,0.33333333333333337,0 1 2 5 6 8 9,H00 H01 H10 H20 H03 H21 H30,1 2 5 6 8 9,H01 H10 H20 H03 H21 H30
random,7,15,6,6,7,6,0.6666666666666666,0.6666666666666666,0.6666666666666666,0.000955133349634707,0.9263943969565538,0.9288357365306791,0.9990448666503653,0.9263943969565538,0.33333333333333337,0.33333333333333337,0 2 3 4 5 6 9,H00 H10 H02 H11 H20 H03 H30,2 3 4 5 6 9,H10 H02 H11 H20 H03 H30
random,7,16,6,6,7,6,0.6666666666666666,0.6666666666666666,0.6666666666666666,0.0010806539794430137,0.9183027431032178,0.9194111719534842,0.998919346020557,0.9183027431032178,0.33333333333333337,0.33333333333333337,0 1 3 4 6 8 9,H00 H01 H02 H11 H03 H21 H30,1 3 4 6 8 9,H01 H02 H11 H03 H21 H30
random,7,17,6,6,7,6,0.6666666666666666,0.6666666666666666,0.6666666666666666,0.0010878023458644748,0.9177055369694933,0.9187088301139101,0.9989121976541355,0.9177055369694933,0.33333333333333337,0.33333333333333337,0 2 3 4 6 7 8,H00 H10 H02 H11 H03 H12 H21,2 3 4 6 7 8,H10 H02 H11 H03 H12 H21
random,7,18,6,6,7,6,0.6666666666666666,0.6666666666666666,0.6666666666666666,0.0009435761021450162,0.9269583378337084,0.9317406171516937,0.999056423897855,0.9269583378337084,0.33333333333333337,0.33333333333333337,0 1 3 4 5 6 9,H00 H01 H02 H11 H20 H03 H30,1 3 4 5 6 9,H01 H02 H11 H20 H03 H30
random,7,19,6,6,7,6,0.6666666666666666,0.6666666666666666,0.6666666666666666,0.0009755295468494296,0.9245306583172359,0.927825448737305,0.9990244704531506,0.9245306583172359,0.33333333333333337,0.33333333333333337,0 2 3 4 5 6 8,H00 H10 H02 H11 H20 H03 H21,2 3 4 5 6 8,H10 H02 H11 H20 H03 H21
random,7,0,7,7,8,7,0.7777777777777778,0.7777777777777778,0.7777777777777778,0.001062248833477497,0.9201172705248052,0.9224197647590696,0.9989377511665225,0.9201172705248052,0.2222222222222222,0.2222222222222222,0 1 3 4 6 7 8 9,H00 H01 H02 H11 H03 H12 H21 H30,1 3 4 6 7 8 9,H01 H02 H11 H03 H12 H21 H30
random,7,1,7,7,8,7,0.7777777777777778,0.7777777777777778,0.7777777777777778,0.0010894449660554528,0.9112251653966098,0.9262096740998583,0.9989105550339445,0.9112251653966098,0.2222222222222222,0.2222222222222222,0 1 2 3 5 6 7 9,H00 H01 H10 H02 H20 H03 H12 H30,1 2 3 5 6 7 9,H01 H10 H02 H20 H03 H12 H30
random,7,2,7,7,8,7,0.7777777777777778,0.7777777777777778,0.7777777777777778,0.0010992453899234533,0.9102533382765603,0.9277169814734892,0.9989007546100765,0.9102533382765603,0.2222222222222222,0.2222222222222222,0 2 3 5 6 7 8 9,H00 H10 H02 H20 H03 H12 H21 H30,2 3 5 6 7 8 9,H10 H02 H20 H03 H12 H21 H30
random,7,3,7,7,8,7,0.7777777777777778,0.7777777777777778,0.7777777777777778,0.0010893720900639892,0.9113290825333805,0.9262903139015658,0.998910627909936,0.9113290825333805,0.2222222222222222,0.2222222222222222,0 1 3 5 6 7 8 9,H00 H01 H02 H20 H03 H12 H21 H30,1 3 5 6 7 8 9,H01 H02 H20 H03 H12 H21 H30
random,7,4,7,7,8,7,0.7777777777777778,0.7777777777777778,0.7777777777777778,0.0009137868182733655,0.9294539300036062,0.9347916957201446,0.9990862131817266,0.9294539300036062,0.2222222222222222,0.2222222222222222,0 2 3 4 5 6 7 9,H00 H10 H02 H11 H20 H03 H12 H30,2 3 4 5 6 7 9,H10 H02 H11 H20 H03 H12 H30
random,7,5,7,7,8,7,0.7777777777777778,0.7777777777777778,0.7777777777777778,0.0009237459162250161,0.9279755900894135,0.9353891472500271,0.999076254083775,0.9279755900894135,0.2222222222222222,0.2222222222222222,0 1 2 3 4 5 6 7,H00 H01 H10 H02 H11 H20 H03 H12,1 2 3 4 5 6 7,H01 H10 H02 H11 H20 H03 H12
random,7,6,7,7,8,7,0.7777777777777778,0.7777777777777778,0.7777777777777778,0.0011568727204576135,0.9161513680226737,0.9159530748940197,0.9988431272795424,0.9161513680226737,0.2222222222222222,0.2222222222222222,0 2 4 5 6 7 8 9,H00 H10 H11 H20 H03 H12 H21 H30,2 4 5 6 7 8 9,H10 H11 H20 H03 H12 H21 H30
random,7,7,7,7,8,7,0.7777777777777778,0.7777777777777778,0.7777777777777778,0.0009237459162250161,0.9279755900894135,0.9353891472500271,0.999076254083775,0.9279755900894135,0.2222222222222222,0.2222222222222222,0 1 2 3 4 5 6 7,H00 H01 H10 H02 H11 H20 H03 H12,1 2 3 4 5 6 7,H01 H10 H02 H11 H20 H03 H12
random,7,8,7,7,8,7,0.7777777777777778,0.7777777777777778,0.7777777777777778,0.0009337392984889448,0.9284870520358137,0.9322546118474091,0.999066260701511,0.9284870520358137,0.2222222222222222,0.2222222222222222,0 1 3 4 5 6 8 9,H00 H01 H02 H11 H20 H03 H21 H30,1 3 4 5 6 8 9,H01 H02 H11 H20 H03 H21 H30
random,7,9,7,7,8,7,0.7777777777777778,0.7777777777777778,0.7777777777777778,0.001180156134068966,0.9155101090953126,0.9128055885348305,0.998819843865931,0.9155101090953126,0.2222222222222222,0.2222222222222222,0 1 4 5 6 7 8 9,H00 H01 H11 H20 H03 H12 H21 H30,1 4 5 6 7 8 9,H01 H11 H20 H03 H12 H21 H30
random,7,10,7,7,8,7,0.7777777777777778,0.7777777777777778,0.7777777777777778,0.0009137868182733655,0.9294539300036062,0.9347916957201446,0.9990862131817266,0.9294539300036062,0.2222222222222222,0.2222222222222222,0 2 3 4 5 6 7 9,H00 H10 H02 H11 H20 H03 H12 H30,2 3 4 5 6 7 9,H10 H02 H11 H20 H03 H12 H30
random,7,11,7,7,8,7,0.7777777777777778,0.7777777777777778,0.7777777777777778,0.0009368590544909239,0.92706125691161,0.9326311306308084,0.9990631409455091,0.92706125691161,0.2222222222222222,0.2222222222222222,0 1 2 3 4 5 6 9,H00 H01 H10 H02 H11 H20 H03 H30,1 2 3 4 5 6 9,H01 H10 H02 H11 H20 H03 H30
random,7,12,7,7,8,7,0.7777777777777778,0.7777777777777778,0.7777777777777778,0.0009337392984889448,0.9284870520358137,0.9322546118474091,0.999066260701511,0.9284870520358137,0.2222222222222222,0.2222222222222222,0 1 3 4 5 6 8 9,H00 H01 H02 H11 H20 H03 H21 H30,1 3 4 5 6 8 9,H01 H02 H11 H20 H03 H21 H30
random,7,13,7,7,8,7,0.7777777777777778,0.7777777777777778,0.7777777777777778,0.0010799318552017212,0.9185668744598643,0.9193163113320502,0.9989200681447983,0.9185668744598643,0.2222222222222222,0.2222222222222222,0 1 2 3 4 6 8 9,H00 H01 H10 H02 H11 H03 H21 H30,1 2 3 4 6 8 9,H01 H10 H02 H11 H03 H21 H30
random,7,14,7,7,8,7,0.7777777777777778,0.7777777777777778,0.7777777777777778,0.0010894449660554528,0.9112251653966098,0.9262096740998583,0.9989105550339445,0.9112251653966098,0.2222222222222222,0.2222222222222222,0 1 2 3 5 6 7 9,H00 H01 H10 H02 H20 H03 H12 H30,1 2 3 5 6 7 9,H01 H10 H02 H20 H03 H12 H30
random,7,15,7,7,8,7,0.7777777777777778,0.7777777777777778,0.7777777777777778,0.0012218616902828217,0.9044786502256121,0.9144863759748618,0.9987781383097172,0.9044786502256121,0.2222222222222222,0.2222222222222222,0 1 2 3 6 7 8 9,H00 H01 H10 H02 H03 H12 H21 H30,1 2 3 6 7 8 9,H01 H10 H02 H03 H12 H21 H30
random,7,16,7,7,8,7,0.7777777777777778,0.7777777777777778,0.7777777777777778,0.0013807748910039663,0.9051985295132848,0.895676396804411,0.998619225108996,0.9051985295132848,0.2222222222222222,0.2222222222222222,0 1 2 4 6 7 8 9,H00 H01 H10 H11 H03 H12 H21 H30,1 2 4 6 7 8 9,H01 H10 H11 H03 H12 H21 H30
random,7,17,7,7,8,7,0.7777777777777778,0.7777777777777778,0.7777777777777778,0.0009570002439431846,0.9270784590530622,0.9291009836730638,0.9990429997560568,0.9270784590530622,0.2222222222222222,0.2222222222222222,0 2 3 4 5 7 8 9,H00 H10 H02 H11 H20 H12 H21 H30,2 3 4 5 7 8 9,H10 H02 H11 H20 H12 H21 H30
random,7,18,7,7,8,7,0.7777777777777778,0.7777777777777778,0.7777777777777778,0.0010935274185612798,0.9108072260436774,0.9257331730952196,0.9989064725814387,0.9108072260436774,0.2222222222222222,0.2222222222222222,0 1 2 3 5 6 7 8,H00 H01 H10 H02 H20 H03 H12 H21,1 2 3 5 6 7 8,H01 H10 H02 H20 H03 H12 H21
random,7,19,7,7,8,7,0.7777777777777778,0.7777777777777778,0.7777777777777778,0.0010820142924785614,0.9179382366742872,0.9200269248709851,0.9989179857075214,0.9179382366742872,0.2222222222222222,0.2222222222222222,0 1 2 3 4 6 7 8,H00 H01 H10 H02 H11 H03 H12 H21,1 2 3 4 6 7 8,H01 H10 H02 H11 H03 H12 H21
random,7,0,8,8,9,8,0.8888888888888888,0.8888888888888888,0.8888888888888888,0.0010893705766648054,0.9113124852798499,0.9262944820967784,0.9989106294233352,0.9113124852798499,0.11111111111111116,0.11111111111111116,0 1 2 3 5 6 7 8 9,H00 H01 H10 H02 H20 H03 H12 H21 H30,1 2 3 5 6 7 8 9,H01 H10 H02 H20 H03 H12 H21 H30
random,7,1,8,8,9,8,0.8888888888888888,0.8888888888888888,0.8888888888888888,0.0009137850720435381,0.929441404434787,0.9348041235643832,0.9990862149279565,0.929441404434787,0.11111111111111116,0.11111111111111116,0 2 3 4 5 6 7 8 9,H00 H10 H02 H11 H20 H03 H12 H21 H30,2 3 4 5 6 7 8 9,H10 H02 H11 H20 H03 H12 H21 H30
random,7,2,8,8,9,8,0.8888888888888888,0.8888888888888888,0.8888888888888888,0.0009545113425701857,0.9273535956702816,0.9296473916866814,0.9990454886574298,0.9273535956702816,0.11111111111111116,0.11111111111111116,0 1 2 3 4 5 7 8 9,H00 H01 H10 H02 H11 H20 H12 H21 H30,1 2 3 4 5 7 8 9,H01 H10 H02 H11 H20 H12 H21 H30
random,7,3,8,8,9,8,0.8888888888888888,0.8888888888888888,0.8888888888888888,0.0010893705766648054,0.9113124852798499,0.9262944820967784,0.9989106294233352,0.9113124852798499,0.11111111111111116,0.11111111111111116,0 1 2 3 5 6 7 8 9,H00 H01 H10 H02 H20 H03 H12 H21 H30,1 2 3 5 6 7 8 9,H01 H10 H02 H20 H03 H12 H21 H30
random,7,4,8,8,9,8,0.8888888888888888,0.8888888888888888,0.8888888888888888,0.0009207972325384617,0.9285259821433375,0.9355396699207167,0.9990792027674615,0.9285259821433375,0.11111111111111116,0.11111111111111116,0 1 2 3 4 5 6 7 8,H00 H01 H10 H02 H11 H20 H03 H12 H21,1 2 3 4 5 6 7 8,H01 H10 H02 H11 H20 H03 H12 H21
random,7,5,8,8,9,8,0.8888888888888888,0.8888888888888888,0.8888888888888888,0.0009207972325384617,0.9285259821433375,0.9355396699207167,0.9990792027674615,0.9285259821433375,0.11111111111111116,0.11111111111111116,0 1 2 3 4 5 6 7 8,H00 H01 H10 H02 H11 H20 H03 H12 H21,1 2 3 4 5 6 7 8,H01 H10 H02 H11 H20 H03 H12 H21
random,7,6,8,8,9,8,0.8888888888888888,0.8888888888888888,0.8888888888888888,0.0009545113425701857,0.9273535956702816,0.9296473916866814,0.9990454886574298,0.9273535956702816,0.11111111111111116,0.11111111111111116,0 1 2 3 4 5 7 8 9,H00 H01 H10 H02 H11 H20 H12 H21 H30,1 2 3 4 5 7 8 9,H01 H10 H02 H11 H20 H12 H21 H30
random,7,7,8,8,9,8,0.8888888888888888,0.8888888888888888,0.8888888888888888,0.0009137850720435381,0.929441404434787,0.9348041235643832,0.9990862149279565,0.929441404434787,0.11111111111111116,0.11111111111111116,0 2 3 4 5 6 7 8 9,H00 H10 H02 H11 H20 H03 H12 H21 H30,2 3 4 5 6 7 8 9,H10 H02 H11 H20 H03 H12 H21 H30
random,7,8,8,8,9,8,0.8888888888888888,0.8888888888888888,0.8888888888888888,0.0009279173682443798,0.9284674820449208,0.9330541801746169,0.9990720826317556,0.9284674820449208,0.11111111111111116,0.11111111111111116,0 1 2 3 4 5 6 8 9,H00 H01 H10 H02 H11 H20 H03 H21 H30,1 2 3 4 5 6 8 9,H01 H10 H02 H11 H20 H03 H21 H30
random,7,9,8,8,9,8,0.8888888888888888,0.8888888888888888,0.8888888888888888,0.0009545113425701857,0.9273535956702816,0.9296473916866814,0.9990454886574298,0.9273535956702816,0.11111111111111116,0.11111111111111116,0 1 2 3 4 5 7 8 9,H00 H01 H10 H02 H11 H20 H12 H21 H30,1 2 3 4 5 7 8 9,H01 H10 H02 H11 H20 H12 H21 H30
random,7,10,8,8,9,8,0.8888888888888888,0.8888888888888888,0.8888888888888888,0.0009137850720435381,0.929441404434787,0.9348041235643832,0.9990862149279565,0.929441404434787,0.11111111111111116,0.11111111111111116,0 2 3 4 5 6 7 8 9,H00 H10 H02 H11 H20 H03 H12 H21 H30,2 3 4 5 6 7 8 9,H10 H02 H11 H20 H03 H12 H21 H30
random,7,11,8,8,9,8,0.8888888888888888,0.8888888888888888,0.8888888888888888,0.0009142567869275808,0.9300807623921337,0.9353308466584789,0.9990857432130724,0.9300807623921337,0.11111111111111116,0.11111111111111116,0 1 3 4 5 6 7 8 9,H00 H01 H02 H11 H20 H03 H12 H21 H30,1 3 4 5 6 7 8 9,H01 H02 H11 H20 H03 H12 H21 H30
random,7,12,8,8,9,8,0.8888888888888888,0.8888888888888888,0.8888888888888888,0.0010893705766648054,0.9113124852798499,0.9262944820967784,0.9989106294233352,0.9113124852798499,0.11111111111111116,0.11111111111111116,0 1 2 3 5 6 7 8 9,H00 H01 H10 H02 H20 H03 H12 H21 H30,1 2 3 5 6 7 8 9,H01 H10 H02 H20 H03 H12 H21 H30
random,7,13,8,8,9,8,0.8888888888888888,0.8888888888888888,0.8888888888888888,0.001152815530076623,0.9162087571252399,0.915604799254435,0.9988471844699234,0.9162087571252399,0.11111111111111116,0.11111111111111116,0 1 2 4 5 6 7 8 9,H00 H01 H10 H11 H20 H03 H12 H21 H30,1 2 4 5 6 7 8 9,H01 H10 H11 H20 H03 H12 H21 H30
random,7,14,8,8,9,8,0.8888888888888888,0.8888888888888888,0.8888888888888888,0.0009055752889253199,0.9294989761961768,0.9366498873038889,0.9990944247110747,0.9294989761961768,0.11111111111111116,0.11111111111111116,0 1 2 3 4 5 6 7 9,H00 H01 H10 H02 H11 H20 H03 H12 H30,1 2 3 4 5 6 7 9,H01 H10 H02 H11 H20 H03 H12 H30
random,7,15,8,8,9,8,0.8888888888888888,0.8888888888888888,0.8888888888888888,0.0009207972325384617,0.9285259821433375,0.9355396699207167,0.9990792027674615,0.9285259821433375,0.11111111111111116,0.11111111111111116,0 1 2 3 4 5 6 7 8,H00 H01 H10 H02 H11 H20 H03 H12 H21,1 2 3 4 5 6 7 8,H01 H10 H02 H11 H20 H03 H12 H21
random,7,16,8,8,9,8,0.8888888888888888,0.8888888888888888,0.8888888888888888,0.0009142567869275808,0.9300807623921337,0.9353308466584789,0.9990857432130724,0.9300807623921337,0.11111111111111116,0.11111111111111116,0 1 3 4 5 6 7 8 9,H00 H01 H02 H11 H20 H03 H12 H21 H30,1 3 4 5 6 7 8 9,H01 H02 H11 H20 H03 H12 H21 H30
random,7,17,8,8,9,8,0.8888888888888888,0.8888888888888888,0.8888888888888888,0.0009137850720435381,0.929441404434787,0.9348041235643832,0.9990862149279565,0.929441404434787,0.11111111111111116,0.11111111111111116,0 2 3 4 5 6 7 8 9,H00 H10 H02 H11 H20 H03 H12 H21 H30,2 3 4 5 6 7 8 9,H10 H02 H11 H20 H03 H12 H21 H30
random,7,18,8,8,9,8,0.8888888888888888,0.8888888888888888,0.8888888888888888,0.0009137850720435381,0.929441404434787,0.9348041235643832,0.9990862149279565,0.929441404434787,0.11111111111111116,0.11111111111111116,0 2 3 4 5 6 7 8 9,H00 H10 H02 H11 H20 H03 H12 H21 H30,2 3 4 5 6 7 8 9,H10 H02 H11 H20 H03 H12 H21 H30
random,7,19,8,8,9,8,0.8888888888888888,0.8888888888888888,0.8888888888888888,0.0009279173682443798,0.9284674820449208,0.9330541801746169,0.9990720826317556,0.9284674820449208,0.11111111111111116,0.11111111111111116,0 1 2 3 4 5 6 8 9,H00 H01 H10 H02 H11 H20 H03 H21 H30,1 2 3 4 5 6 8 9,H01 H10 H02 H11 H20 H03 H21 H30
random,7,0,9,9,10,9,1.0,1.0,1.0,0.0009005171596072614,0.9303423867037124,0.9369156179145127,0.9990994828403927,0.9303423867037124,0.0,0.0,0 1 2 3 4 5 6 7 8 9,H00 H01 H10 H02 H11 H20 H03 H12 H21 H30,1 2 3 4 5 6 7 8 9,H01 H10 H02 H11 H20 H03 H12 H21 H30
random,7,1,9,9,10,9,1.0,1.0,1.0,0.0009005171596072614,0.9303423867037124,0.9369156179145127,0.9990994828403927,0.9303423867037124,0.0,0.0,0 1 2 3 4 5 6 7 8 9,H00 H01 H10 H02 H11 H20 H03 H12 H21 H30,1 2 3 4 5 6 7 8 9,H01 H10 H02 H11 H20 H03 H12 H21 H30
random,7,2,9,9,10,9,1.0,1.0,1.0,0.0009005171596072614,0.9303423867037124,0.9369156179145127,0.9990994828403927,0.9303423867037124,0.0,0.0,0 1 2 3 4 5 6 7 8 9,H00 H01 H10 H02 H11 H20 H03 H12 H21 H30,1 2 3 4 5 6 7 8 9,H01 H10 H02 H11 H20 H03 H12 H21 H30
random,7,3,9,9,10,9,1.0,1.0,1.0,0.0009005171596072614,0.9303423867037124,0.9369156179145127,0.9990994828403927,0.9303423867037124,0.0,0.0,0 1 2 3 4 5 6 7 8 9,H00 H01 H10 H02 H11 H20 H03 H12 H21 H30,1 2 3 4 5 6 7 8 9,H01 H10 H02 H11 H20 H03 H12 H21 H30
random,7,4,9,9,10,9,1.0,1.0,1.0,0.0009005171596072614,0.9303423867037124,0.9369156179145127,0.9990994828403927,0.9303423867037124,0.0,0.0,0 1 2 3 4 5 6 7 8 9,H00 H01 H10 H02 H11 H20 H03 H12 H21 H30,1 2 3 4 5 6 7 8 9,H01 H10 H02 H11 H20 H03 H12 H21 H30
random,7,5,9,9,10,9,1.0,1.0,1.0,0.0009005171596072614,0.9303423867037124,0.9369156179145127,0.9990994828403927,0.9303423867037124,0.0,0.0,0 1 2 3 4 5 6 7 8 9,H00 H01 H10 H02 H11 H20 H03 H12 H21 H30,1 2 3 4 5 6 7 8 9,H01 H10 H02 H11 H20 H03 H12 H21 H30
random,7,6,9,9,10,9,1.0,1.0,1.0,0.0009005171596072614,0.9303423867037124,0.9369156179145127,0.9990994828403927,0.9303423867037124,0.0,0.0,0 1 2 3 4 5 6 7 8 9,H00 H01 H10 H02 H11 H20 H03 H12 H21 H30,1 2 3 4 5 6 7 8 9,H01 H10 H02 H11 H20 H03 H12 H21 H30
random,7,7,9,9,10,9,1.0,1.0,1.0,0.0009005171596072614,0.9303423867037124,0.9369156179145127,0.9990994828403927,0.9303423867037124,0.0,0.0,0 1 2 3 4 5 6 7 8 9,H00 H01 H10 H02 H11 H20 H03 H12 H21 H30,1 2 3 4 5 6 7 8 9,H01 H10 H02 H11 H20 H03 H12 H21 H30
random,7,8,9,9,10,9,1.0,1.0,1.0,0.0009005171596072614,0.9303423867037124,0.9369156179145127,0.9990994828403927,0.9303423867037124,0.0,0.0,0 1 2 3 4 5 6 7 8 9,H00 H01 H10 H02 H11 H20 H03 H12 H21 H30,1 2 3 4 5 6 7 8 9,H01 H10 H02 H11 H20 H03 H12 H21 H30
random,7,9,9,9,10,9,1.0,1.0,1.0,0.0009005171596072614,0.9303423867037124,0.9369156179145127,0.9990994828403927,0.9303423867037124,0.0,0.0,0 1 2 3 4 5 6 7 8 9,H00 H01 H10 H02 H11 H20 H03 H12 H21 H30,1 2 3 4 5 6 7 8 9,H01 H10 H02 H11 H20 H03 H12 H21 H30
random,7,10,9,9,10,9,1.0,1.0,1.0,0.0009005171596072614,0.9303423867037124,0.9369156179145127,0.9990994828403927,0.9303423867037124,0.0,0.0,0 1 2 3 4 5 6 7 8 9,H00 H01 H10 H02 H11 H20 H03 H12 H21 H30,1 2 3 4 5 6 7 8 9,H01 H10 H02 H11 H20 H03 H12 H21 H30
random,7,11,9,9,10,9,1.0,1.0,1.0,0.0009005171596072614,0.9303423867037124,0.9369156179145127,0.9990994828403927,0.9303423867037124,0.0,0.0,0 1 2 3 4 5 6 7 8 9,H00 H01 H10 H02 H11 H20 H03 H12 H21 H30,1 2 3 4 5 6 7 8 9,H01 H10 H02 H11 H20 H03 H12 H21 H30
random,7,12,9,9,10,9,1.0,1.0,1.0,0.0009005171596072614,0.9303423867037124,0.9369156179145127,0.9990994828403927,0.9303423867037124,0.0,0.0,0 1 2 3 4 5 6 7 8 9,H00 H01 H10 H02 H11 H20 H03 H12 H21 H30,1 2 3 4 5 6 7 8 9,H01 H10 H02 H11 H20 H03 H12 H21 H30
random,7,13,9,9,10,9,1.0,1.0,1.0,0.0009005171596072614,0.9303423867037124,0.9369156179145127,0.9990994828403927,0.9303423867037124,0.0,0.0,0 1 2 3 4 5 6 7 8 9,H00 H01 H10 H02 H11 H20 H03 H12 H21 H30,1 2 3 4 5 6 7 8 9,H01 H10 H02 H11 H20 H03 H12 H21 H30
random,7,14,9,9,10,9,1.0,1.0,1.0,0.0009005171596072614,0.9303423867037124,0.9369156179145127,0.9990994828403927,0.9303423867037124,0.0,0.0,0 1 2 3 4 5 6 7 8 9,H00 H01 H10 H02 H11 H20 H03 H12 H21 H30,1 2 3 4 5 6 7 8 9,H01 H10 H02 H11 H20 H03 H12 H21 H30
random,7,15,9,9,10,9,1.0,1.0,1.0,0.0009005171596072614,0.9303423867037124,0.9369156179145127,0.9990994828403927,0.9303423867037124,0.0,0.0,0 1 2 3 4 5 6 7 8 9,H00 H01 H10 H02 H11 H20 H03 H12 H21 H30,1 2 3 4 5 6 7 8 9,H01 H10 H02 H11 H20 H03 H12 H21 H30
random,7,16,9,9,10,9,1.0,1.0,1.0,0.0009005171596072614,0.9303423867037124,0.9369156179145127,0.9990994828403927,0.9303423867037124,0.0,0.0,0 1 2 3 4 5 6 7 8 9,H00 H01 H10 H02 H11 H20 H03 H12 H21 H30,1 2 3 4 5 6 7 8 9,H01 H10 H02 H11 H20 H03 H12 H21 H30
random,7,17,9,9,10,9,1.0,1.0,1.0,0.0009005171596072614,0.9303423867037124,0.9369156179145127,0.9990994828403927,0.9303423867037124,0.0,0.0,0 1 2 3 4 5 6 7 8 9,H00 H01 H10 H02 H11 H20 H03 H12 H21 H30,1 2 3 4 5 6 7 8 9,H01 H10 H02 H11 H20 H03 H12 H21 H30
random,7,18,9,9,10,9,1.0,1.0,1.0,0.0009005171596072614,0.9303423867037124,0.9369156179145127,0.9990994828403927,0.9303423867037124,0.0,0.0,0 1 2 3 4 5 6 7 8 9,H00 H01 H10 H02 H11 H20 H03 H12 H21 H30,1 2 3 4 5 6 7 8 9,H01 H10 H02 H11 H20 H03 H12 H21 H30
random,7,19,9,9,10,9,1.0,1.0,1.0,0.0009005171596072614,0.9303423867037124,0.9369156179145127,0.9990994828403927,0.9303423867037124,0.0,0.0,0 1 2 3 4 5 6 7 8 9,H00 H01 H10 H02 H11 H20 H03 H12 H21 H30,1 2 3 4 5 6 7 8 9,H01 H10 H02 H11 H20 H03 H12 H21 H30
random,8,0,1,1,2,1,0.1111111111111111,0.1111111111111111,0.1111111111111111,0.003496771212667227,0.7956541110099793,0.6875821587641596,0.9965032287873328,0.7956541110099793,0.8888888888888888,0.8888888888888888,0 2,H00 H10,2,H10
random,8,1,1,1,2,1,0.1111111111111111,0.1111111111111111,0.1111111111111111,0.0032964854035526514,0.8020495411958745,0.7611795633678675,0.9967035145964473,0.8020495411958745,0.8888888888888888,0.8888888888888888,0 8,H00 H21,8,H21
random,8,2,1,1,2,1,0.1111111111111111,0.1111111111111111,0.1111111111111111,0.0031550030689686537,0.7955763715404606,0.7453098397144817,0.9968449969310313,0.7955763715404606,0.8888888888888888,0.8888888888888888,0 5,H00 H20,5,H20
random,8,3,1,1,2,1,0.1111111111111111,0.1111111111111111,0.1111111111111111,0.0035083291586488485,0.7983060511035067,0.6906198651163409,0.9964916708413512,0.7983060511035067,0.8888888888888888,0.8888888888888888,0 1,H00 H01,1,H01
random,8,4,1,1,2,1,0.1111111111111111,0.1111111111111111,0.1111111111111111,0.0032964854035526514,0.8020495411958745,0.7611795633678675,0.9967035145964473,0.8020495411958745,0.8888888888888888,0.8888888888888888,0 8,H00 H21,8,H21
random,8,5,1,1,2,1,0.1111111111111111,0.1111111111111111,0.1111111111111111,0.003139222040772438,0.8210846887996661,0.767575144602061,0.9968607779592276,0.8210846887996661,0.8888888888888888,0.8888888888888888,0 7,H00 H12,7,H12
random,8,6,1,1,2,1,0.1111111111111111,0.1111111111111111,0.1111111111111111,0.003983908332884312,0.7575321177670712,0.688593443461543,0.9960160916671157,0.7575321177670712,0.8888888888888888,0.8888888888888888,0 9,H00 H30,9,H30
random,8,7,1,1,2,1,0.1111111111111111,0.1111111111111111,0.1111111111111111,0.0031550030689686537,0.7955763715404606,0.7453098397144817,0.9968449969310313,0.7955763715404606,0.8888888888888888,0.8888888888888888,0 5,H00 H20,5,H20
random,8,8,1,1,2,1,0.1111111111111111,0.1111111111111111,0.1111111111111111,0.0031550030689686537,0.7955763715404606,0.7453098397144817,0.9968449969310313,0.7955763715404606,0.8888888888888888,0.8888888888888888,0 5,H00 H20,5,H20
random,8,9,1,1,2,1,0.1111111111111111,0.1111111111111111,0.1111111111111111,0.0031550030689686537,0.7955763715404606,0.7453098397144817,0.9968449969310313,0.7955763715404606,0.8888888888888888,0.8888888888888888,0 5,H00 H20,5,H20
random,8,10,1,1,2,1,0.1111111111111111,0.1111111111111111,0.1111111111111111,0.003139222040772438,0.8210846887996661,0.767575144602061,0.9968607779592276,0.8210846887996661,0.8888888888888888,0.8888888888888888,0 7,H00 H12,7,H12
random,8,11,1,1,2,1,0.1111111111111111,0.1111111111111111,0.1111111111111111,0.0032964854035526514,0.8020495411958745,0.7611795633678675,0.9967035145964473,0.8020495411958745,0.8888888888888888,0.8888888888888888,0 8,H00 H21,8,H21
random,8,12,1,1,2,1,0.1111111111111111,0.1111111111111111,0.1111111111111111,0.0029554893262684345,0.814911129485066,0.7504407835211009,0.9970445106737316,0.814911129485066,0.8888888888888888,0.8888888888888888,0 3,H00 H02,3,H02
random,8,13,1,1,2,1,0.1111111111111111,0.1111111111111111,0.1111111111111111,0.003997880034148693,0.7616717502581095,0.6770192562073272,0.9960021199658513,0.7616717502581095,0.8888888888888888,0.8888888888888888,0 6,H00 H03,6,H03
random,8,14,1,1,2,1,0.1111111111111111,0.1111111111111111,0.1111111111111111,0.003997880034148693,0.7616717502581095,0.6770192562073272,0.9960021199658513,0.7616717502581095,0.8888888888888888,0.8888888888888888,0 6,H00 H03,6,H03
random,8,15,1,1,2,1,0.1111111111111111,0.1111111111111111,0.1111111111111111,0.003997880034148693,0.7616717502581095,0.6770192562073272,0.9960021199658513,0.7616717502581095,0.8888888888888888,0.8888888888888888,0 6,H00 H03,6,H03
random,8,16,1,1,2,1,0.1111111111111111,0.1111111111111111,0.1111111111111111,0.0032964854035526514,0.8020495411958745,0.7611795633678675,0.9967035145964473,0.8020495411958745,0.8888888888888888,0.8888888888888888,0 8,H00 H21,8,H21
random,8,17,1,1,2,1,0.1111111111111111,0.1111111111111111,0.1111111111111111,0.0032964854035526514,0.8020495411958745,0.7611795633678675,0.9967035145964473,0.8020495411958745,0.8888888888888888,0.8888888888888888,0 8,H00 H21,8,H21
random,8,18,1,1,2,1,0.1111111111111111,0.1111111111111111,0.1111111111111111,0.003997880034148693,0.7616717502581095,0.6770192562073272,0.9960021199658513,0.7616717502581095,0.8888888888888888,0.8888888888888888,0 6,H00 H03,6,H03
random,8,19,1,1,2,1,0.1111111111111111,0.1111111111111111,0.1111111111111111,0.003983908332884312,0.7575321177670712,0.688593443461543,0.9960160916671157,0.7575321177670712,0.8888888888888888,0.8888888888888888,0 9,H00 H30,9,H30
random,8,0,2,2,3,2,0.2222222222222222,0.2222222222222222,0.2222222222222222,0.0026319739408791065,0.8536054249343492,0.7974940533496021,0.9973680260591209,0.8536054249343492,0.7777777777777778,0.7777777777777778,0 6 7,H00 H03 H12,6 7,H03 H12
random,8,1,2,2,3,2,0.2222222222222222,0.2222222222222222,0.2222222222222222,0.002877224236726761,0.8167734329774062,0.7869500758727201,0.9971227757632732,0.8167734329774062,0.7777777777777778,0.7777777777777778,0 5 8,H00 H20 H21,5 8,H20 H21
random,8,2,2,2,3,2,0.2222222222222222,0.2222222222222222,0.2222222222222222,0.0030518989078700542,0.8240085351530033,0.738056146867983,0.99694810109213,0.8240085351530033,0.7777777777777778,0.7777777777777778,0 1 9,H00 H01 H30,1 9,H01 H30
random,8,3,2,2,3,2,0.2222222222222222,0.2222222222222222,0.2222222222222222,0.0025255782529711723,0.8673756864856526,0.7657784570036569,0.9974744217470288,0.8673756864856526,0.7777777777777778,0.7777777777777778,0 1 4,H00 H01 H11,1 4,H01 H11
random,8,4,2,2,3,2,0.2222222222222222,0.2222222222222222,0.2222222222222222,0.0030518989078700542,0.8240085351530033,0.738056146867983,0.99694810109213,0.8240085351530033,0.7777777777777778,0.7777777777777778,0 1 9,H00 H01 H30,1 9,H01 H30
random,8,5,2,2,3,2,0.2222222222222222,0.2222222222222222,0.2222222222222222,0.002677092794328928,0.8561910327333474,0.7555895987802772,0.9973229072056711,0.8561910327333474,0.7777777777777778,0.7777777777777778,0 2 4,H00 H10 H11,2 4,H10 H11
random,8,6,2,2,3,2,0.2222222222222222,0.2222222222222222,0.2222222222222222,0.0030812581535428762,0.8287610736687742,0.780156892117855,0.9969187418464571,0.8287610736687742,0.7777777777777778,0.7777777777777778,0 7 9,H00 H12 H30,7 9,H12 H30
random,8,7,2,2,3,2,0.2222222222222222,0.2222222222222222,0.2222222222222222,0.0025682453997433186,0.866099275285367,0.7742218720005362,0.9974317546002567,0.866099275285367,0.7777777777777778,0.7777777777777778,0 4 6,H00 H11 H03,4 6,H11 H03
random,8,8,2,2,3,2,0.2222222222222222,0.2222222222222222,0.2222222222222222,0.0035185683518648148,0.7904356061320367,0.7226534091252742,0.9964814316481352,0.7904356061320367,0.7777777777777778,0.7777777777777778,0 6 9,H00 H03 H30,6 9,H03 H30
random,8,9,2,2,3,2,0.2222222222222222,0.2222222222222222,0.2222222222222222,0.002340758452191949,0.8553728866274607,0.7718655684277684,0.997659241547808,0.8553728866274607,0.7777777777777778,0.7777777777777778,0 1 3,H00 H01 H02,1 3,H01 H02
random,8,10,2,2,3,2,0.2222222222222222,0.2222222222222222,0.2222222222222222,0.002677092794328928,0.8561910327333474,0.7555895987802772,0.9973229072056711,0.8561910327333474,0.7777777777777778,0.7777777777777778,0 2 4,H00 H10 H11,2 4,H10 H11
random,8,11,2,2,3,2,0.2222222222222222,0.2222222222222222,0.2222222222222222,0.0022944870870560408,0.8771507957691103,0.7980943141192302,0.997705512912944,0.8771507957691103,0.7777777777777778,0.7777777777777778,0 4 8,H00 H11 H21,4 8,H11 H21
random,8,12,2,2,3,2,0.2222222222222222,0.2222222222222222,0.2222222222222222,0.0026497296057641506,0.8387210630146205,0.7980702466352245,0.9973502703942358,0.8387210630146205,0.7777777777777778,0.7777777777777778,0 5 6,H00 H20 H03,5 6,H20 H03
random,8,13,2,2,3,2,0.2222222222222222,0.2222222222222222,0.2222222222222222,0.0030518989078700542,0.8240085351530033,0.738056146867983,0.99694810109213,0.8240085351530033,0.7777777777777778,0.7777777777777778,0 1 9,H00 H01 H30,1 9,H01 H30
random,8,14,2,2,3,2,0.2222222222222222,0.2222222222222222,0.2222222222222222,0.0021314460318535566,0.8781328670166689,0.8143300937840944,0.9978685539681464,0.8781328670166689,0.7777777777777778,0.7777777777777778,0 4 5,H00 H11 H20,4 5,H11 H20
random,8,15,2,2,3,2,0.2222222222222222,0.2222222222222222,0.2222222222222222,0.001963187474757433,0.8796344707010312,0.8371432187264919,0.9980368125252426,0.8796344707010312,0.7777777777777778,0.7777777777777778,0 3 8,H00 H02 H21,3 8,H02 H21
random,8,16,2,2,3,2,0.2222222222222222,0.2222222222222222,0.2222222222222222,0.0026863031089305878,0.8588504051251445,0.7680090297437194,0.9973136968910694,0.8588504051251445,0.7777777777777778,0.7777777777777778,0 4 9,H00 H11 H30,4 9,H11 H30
random,8,17,2,2,3,2,0.2222222222222222,0.2222222222222222,0.2222222222222222,0.0030638338066637516,0.8226121516674579,0.7306785272499066,0.9969361661933362,0.8226121516674579,0.7777777777777778,0.7777777777777778,0 2 6,H00 H10 H03,2 6,H10 H03
random,8,18,2,2,3,2,0.2222222222222222,0.2222222222222222,0.2222222222222222,0.0030812581535428762,0.8287610736687742,0.780156892117855,0.9969187418464571,0.8287610736687742,0.7777777777777778,0.7777777777777778,0 7 9,H00 H12 H30,7 9,H12 H30
random,8,19,2,2,3,2,0.2222222222222222,0.2222222222222222,0.2222222222222222,0.0026278055738657713,0.852735117631527,0.7520066611610203,0.9973721944261342,0.852735117631527,0.7777777777777778,0.7777777777777778,0 1 2,H00 H01 H10,1 2,H01 H10
random,8,0,3,3,4,3,0.3333333333333333,0.3333333333333333,0.3333333333333333,0.002176982117816806,0.8726491697584406,0.7977650588113862,0.9978230178821832,0.8726491697584406,0.6666666666666667,0.6666666666666667,0 1 2 5,H00 H01 H10 H20,1 2 5,H01 H10 H20
random,8,1,3,3,4,3,0.3333333333333333,0.3333333333333333,0.3333333333333333,0.002625273074954748,0.8521996392346874,0.7498620720515702,0.9973747269250453,0.8521996392346874,0.6666666666666667,0.6666666666666667,0 1 2 6,H00 H01 H10 H03,1 2 6,H01 H10 H03
random,8,2,3,3,4,3,0.3333333333333333,0.3333333333333333,0.3333333333333333,0.0026173237711191177,0.8521946108148086,0.7471040488411403,0.9973826762288809,0.8521946108148086,0.6666666666666667,0.6666666666666667,0 1 2 9,H00 H01 H10 H30,1 2 9,H01 H10 H30
random,8,3,3,3,4,3,0.3333333333333333,0.3333333333333333,0.3333333333333333,0.002037294674664736,0.8731654862187777,0.8165878022837764,0.9979627053253353,0.8731654862187777,0.6666666666666667,0.6666666666666667,0 1 3 9,H00 H01 H02 H30,1 3 9,H01 H02 H30
random,8,4,3,3,4,3,0.3333333333333333,0.3333333333333333,0.3333333333333333,0.0013346211053431034,0.9167494995249037,0.8959963377842829,0.9986653788946569,0.9167494995249037,0.6666666666666667,0.6666666666666667,0 3 4 5,H00 H02 H11 H20,3 4 5,H02 H11 H20
random,8,5,3,3,4,3,0.3333333333333333,0.3333333333333333,0.3333333333333333,0.00258155120536685,0.8461743072472628,0.8035407231369947,0.9974184487946332,0.8461743072472628,0.6666666666666667,0.6666666666666667,0 1 5 6,H00 H01 H20 H03,1 5 6,H01 H20 H03
random,8,6,3,3,4,3,0.3333333333333333,0.3333333333333333,0.3333333333333333,0.003054993227124214,0.8221172545986708,0.7253959436996359,0.9969450067728758,0.8221172545986708,0.6666666666666667,0.6666666666666667,0 2 6 9,H00 H10 H03 H30,2 6 9,H10 H03 H30
random,8,7,3,3,4,3,0.3333333333333333,0.3333333333333333,0.3333333333333333,0.00239495187997818,0.8733025981638222,0.7903885126931117,0.9976050481200218,0.8733025981638222,0.6666666666666667,0.6666666666666667,0 2 4 7,H00 H10 H11 H12,2 4 7,H10 H11 H12
random,8,8,3,3,4,3,0.3333333333333333,0.3333333333333333,0.3333333333333333,0.00244350777938962,0.873532216070169,0.7875922829643885,0.9975564922206104,0.873532216070169,0.6666666666666667,0.6666666666666667,0 4 6 9,H00 H11 H03 H30,4 6 9,H11 H03 H30
random,8,9,3,3,4,3,0.3333333333333333,0.3333333333333333,0.3333333333333333,0.0023068906739354134,0.870676621298309,0.7979697616666812,0.9976931093260646,0.870676621298309,0.6666666666666667,0.6666666666666667,0 2 6 8,H00 H10 H03 H21,2 6 8,H10 H03 H21
random,8,10,3,3,4,3,0.3333333333333333,0.3333333333333333,0.3333333333333333,0.0014431127347052097,0.9130205695769849,0.8738649581832131,0.9985568872652948,0.9130205695769849,0.6666666666666667,0.6666666666666667,0 3 4 8,H00 H02 H11 H21,3 4 8,H02 H11 H21
random,8,11,3,3,4,3,0.3333333333333333,0.3333333333333333,0.3333333333333333,0.0023120094556361437,0.8579208786487491,0.7765801513178815,0.9976879905443639,0.8579208786487491,0.6666666666666667,0.6666666666666667,0 1 3 6,H00 H01 H02 H03,1 3 6,H01 H02 H03
random,8,12,3,3,4,3,0.3333333333333333,0.3333333333333333,0.3333333333333333,0.0018079329747706652,0.8917754580566879,0.8524535603502041,0.9981920670252293,0.8917754580566879,0.6666666666666667,0.6666666666666667,0 2 3 4,H00 H10 H02 H11,2 3 4,H10 H02 H11
random,8,13,3,3,4,3,0.3333333333333333,0.3333333333333333,0.3333333333333333,0.002076398814097047,0.8922164473509888,0.8159424604906366,0.997923601185903,0.8922164473509888,0.6666666666666667,0.6666666666666667,0 4 8 9,H00 H11 H21 H30,4 8 9,H11 H21 H30
random,8,14,3,3,4,3,0.3333333333333333,0.3333333333333333,0.3333333333333333,0.0020034555345773697,0.8837834499891533,0.8371580842356949,0.9979965444654226,0.8837834499891533,0.6666666666666667,0.6666666666666667,0 2 5 7,H00 H10 H20 H12,2 5 7,H10 H20 H12
random,8,15,3,3,4,3,0.3333333333333333,0.3333333333333333,0.3333333333333333,0.00258155120536685,0.8461743072472628,0.8035407231369947,0.9974184487946332,0.8461743072472628,0.6666666666666667,0.6666666666666667,0 1 5 6,H00 H01 H20 H03,1 5 6,H01 H20 H03
random,8,16,3,3,4,3,0.3333333333333333,0.3333333333333333,0.3333333333333333,0.003050608094781637,0.823547172390022,0.7364015078192327,0.9969493919052184,0.823547172390022,0.6666666666666667,0.6666666666666667,0 1 6 9,H00 H01 H03 H30,1 6 9,H01 H03 H30
random,8,17,3,3,4,3,0.3333333333333333,0.3333333333333333,0.3333333333333333,0.00198745122179389,0.8888991722409635,0.8267693675221152,0.9980125487782061,0.8888991722409635,0.6666666666666667,0.6666666666666667,0 1 4 5,H00 H01 H11 H20,1 4 5,H01 H11 H20
random,8,18,3,3,4,3,0.3333333333333333,0.3333333333333333,0.3333333333333333,0.0017664668848738074,0.9021177075971605,0.8621960484629224,0.9982335331151262,0.9021177075971605,0.6666666666666667,0.6666666666666667,0 5 6 7,H00 H20 H03 H12,5 6 7,H20 H03 H12
random,8,19,3,3,4,3,0.3333333333333333,0.3333333333333333,0.3333333333333333,0.0022700107656419277,0.8654832594145386,0.7944087195423081,0.9977299892343581,0.8654832594145386,0.6666666666666667,0.6666666666666667,0 2 5 6,H00 H10 H20 H03,2 5 6,H10 H20 H03
random,8,0,4,4,5,4,0.4444444444444444,0.4444444444444444,0.4444444444444444,0.0019614072516560555,0.8907290451476676,0.8159374420766428,0.998038592748344,0.8907290451476676,0.5555555555555556,0.5555555555555556,0 2 4 5 9,H00 H10 H11 H20 H30,2 4 5 9,H10 H11 H20 H30
random,8,1,4,4,5,4,0.4444444444444444,0.4444444444444444,0.4444444444444444,0.0017096168594434857,0.9048504882473299,0.8729462980504922,0.9982903831405565,0.9048504882473299,0.5555555555555556,0.5555555555555556,0 5 6 7 8,H00 H20 H03 H12 H21,5 6 7 8,H20 H03 H12 H21
random,8,2,4,4,5,4,0.4444444444444444,0.4444444444444444,0.4444444444444444,0.0013037422904744744,0.9237105850579923,0.8886699580353057,0.9986962577095255,0.9237105850579923,0.5555555555555556,0.5555555555555556,0 3 4 8 9,H00 H02 H11 H21 H30,3 4 8 9,H02 H11 H21 H30
random,8,3,4,4,5,4,0.4444444444444444,0.4444444444444444,0.4444444444444444,0.001708912430331111,0.9042417358321345,0.8609315763218033,0.9982910875696689,0.9042417358321345,0.5555555555555556,0.5555555555555556,0 1 2 5 7,H00 H01 H10 H20 H12,1 2 5 7,H01 H10 H20 H12
random,8,4,4,4,5,4,0.4444444444444444,0.4444444444444444,0.4444444444444444,0.00162600411567837,0.8982189916490658,0.8721723872834813,0.9983739958843216,0.8982189916490658,0.5555555555555556,0.5555555555555556,0 3 5 6 8,H00 H02 H20 H03 H21,3 5 6 8,H02 H20 H03 H21
random,8,5,4,4,5,4,0.4444444444444444,0.4444444444444444,0.4444444444444444,0.001708912430331111,0.9042417358321345,0.8609315763218033,0.9982910875696689,0.9042417358321345,0.5555555555555556,0.5555555555555556,0 1 2 5 7,H00 H01 H10 H20 H12,1 2 5 7,H01 H10 H20 H12
random,8,6,4,4,5,4,0.4444444444444444,0.4444444444444444,0.4444444444444444,0.0013058464974164963,0.9195336463280337,0.8947286422860191,0.9986941535025835,0.9195336463280337,0.5555555555555556,0.5555555555555556,0 2 3 4 5,H00 H10 H02 H11 H20,2 3 4 5,H10 H02 H11 H20
random,8,7,4,4,5,4,0.4444444444444444,0.4444444444444444,0.4444444444444444,0.00162215786986053,0.9026130301087173,0.8506938968174499,0.9983778421301395,0.9026130301087173,0.5555555555555556,0.5555555555555556,0 1 3 4 7,H00 H01 H02 H11 H12,1 3 4 7,H01 H02 H11 H12
random,8,8,4,4,5,4,0.4444444444444444,0.4444444444444444,0.4444444444444444,0.001654057065024972,0.9065600554641517,0.8525688694842877,0.998345942934975,0.9065600554641517,0.5555555555555556,0.5555555555555556,0 2 4 5 7,H00 H10 H11 H20 H12,2 4 5 7,H10 H11 H20 H12
random,8,9,4,4,5,4,0.4444444444444444,0.4444444444444444,0.4444444444444444,0.0017078715609386563,0.904073806948003,0.8604707520945695,0.9982921284390613,0.904073806948003,0.5555555555555556,0.5555555555555556,0 1 5 7 9,H00 H01 H20 H12 H30,1 5 7 9,H01 H20 H12 H30
random,8,10,4,4,5,4,0.4444444444444444,0.4444444444444444,0.4444444444444444,0.0018666826654225588,0.8889711101768665,0.8366545457688666,0.9981333173345774,0.8889711101768665,0.5555555555555556,0.5555555555555556,0 1 2 3 7,H00 H01 H10 H02 H12,1 2 3 7,H01 H10 H02 H12
random,8,11,4,4,5,4,0.4444444444444444,0.4444444444444444,0.4444444444444444,0.0018905154429376125,0.8975291133954607,0.8393631114822484,0.9981094845570624,0.8975291133954607,0.5555555555555556,0.5555555555555556,0 4 5 6 8,H00 H11 H20 H03 H21,4 5 6 8,H11 H20 H03 H21
random,8,12,4,4,5,4,0.4444444444444444,0.4444444444444444,0.4444444444444444,0.0015231826109811664,0.9178830681016555,0.8615617340456412,0.9984768173890188,0.9178830681016555,0.5555555555555556,0.5555555555555556,0 1 4 5 7,H00 H01 H11 H20 H12,1 4 5 7,H01 H11 H20 H12
random,8,13,4,4,5,4,0.4444444444444444,0.4444444444444444,0.4444444444444444,0.0013037422904744744,0.9237105850579923,0.8886699580353057,0.9986962577095255,0.9237105850579923,0.5555555555555556,0.5555555555555556,0 3 4 8 9,H00 H02 H11 H21 H30,3 4 8 9,H02 H11 H21 H30
random,8,14,4,4,5,4,0.4444444444444444,0.4444444444444444,0.4444444444444444,0.0016370060620829463,0.8973228268870169,0.8678537409850902,0.998362993937917,0.8973228268870169,0.5555555555555556,0.5555555555555556,0 1 3 5 6,H00 H01 H02 H20 H03,1 3 5 6,H01 H02 H20 H03
random,8,15,4,4,5,4,0.4444444444444444,0.4444444444444444,0.4444444444444444,0.0016926975222304463,0.9111625206225976,0.8518472174467148,0.9983073024777696,0.9111625206225976,0.5555555555555556,0.5555555555555556,0 4 7 8 9,H00 H11 H12 H21 H30,4 7 8 9,H11 H12 H21 H30
random,8,16,4,4,5,4,0.4444444444444444,0.4444444444444444,0.4444444444444444,0.002176968613639474,0.8726334518838262,0.7976777808375849,0.9978230313863605,0.8726334518838262,0.5555555555555556,0.5555555555555556,0 1 2 5 9,H00 H01 H10 H20 H30,1 2 5 9,H01 H10 H20 H30
random,8,17,4,4,5,4,0.4444444444444444,0.4444444444444444,0.4444444444444444,0.002281077206134796,0.8636001131755348,0.8324710551028669,0.9977189227938652,0.8636001131755348,0.5555555555555556,0.5555555555555556,0 2 3 7 9,H00 H10 H02 H12 H30,2 3 7 9,H10 H02 H12 H30
random,8,18,4,4,5,4,0.4444444444444444,0.4444444444444444,0.4444444444444444,0.002167822327464819,0.8741176512167655,0.8016244510610423,0.9978321776725352,0.8741176512167655,0.5555555555555556,0.5555555555555556,0 1 2 5 6,H00 H01 H10 H20 H03,1 2 5 6,H01 H10 H20 H03
random,8,19,4,4,5,4,0.4444444444444444,0.4444444444444444,0.4444444444444444,0.0022897180169820786,0.8733235988716122,0.7972443320360189,0.9977102819830179,0.8733235988716122,0.5555555555555556,0.5555555555555556,0 1 2 8 9,H00 H01 H10 H21 H30,1 2 8 9,H01 H10 H21 H30
random,8,0,5,5,6,5,0.5555555555555556,0.5555555555555556,0.5555555555555556,0.0014531328342854977,0.9089548786920489,0.8849014575636867,0.9985468671657145,0.9089548786920489,0.4444444444444444,0.4444444444444444,0 3 5 6 8 9,H00 H02 H20 H03 H21 H30,3 5 6 8 9,H02 H20 H03 H21 H30
random,8,1,5,5,6,5,0.5555555555555556,0.5555555555555556,0.5555555555555556,0.0015350047033280134,0.9087955529132125,0.8747067520172034,0.998464995296672,0.9087955529132125,0.4444444444444444,0.4444444444444444,0 2 3 6 8 9,H00 H10 H02 H03 H21 H30,2 3 6 8 9,H10 H02 H03 H21 H30
random,8,2,5,5,6,5,0.5555555555555556,0.5555555555555556,0.5555555555555556,0.0013027668464928865,0.9208385330734511,0.887550375255858,0.9986972331535071,0.9208385330734511,0.4444444444444444,0.4444444444444444,0 1 2 3 4 8,H00 H01 H10 H02 H11 H21,1 2 3 4 8,H01 H10 H02 H11 H21
random,8,3,5,5,6,5,0.5555555555555556,0.5555555555555556,0.5555555555555556,0.0014988700859248638,0.9110399332527607,0.8856577532455968,0.9985011299140751,0.9110399332527607,0.4444444444444444,0.4444444444444444,0 1 2 3 7 8,H00 H01 H10 H02 H12 H21,1 2 3 7 8,H01 H10 H02 H12 H21
random,8,4,5,5,6,5,0.5555555555555556,0.5555555555555556,0.5555555555555556,0.001533949631266296,0.9070913928160034,0.8915064559918535,0.9984660503687337,0.9070913928160034,0.4444444444444444,0.4444444444444444,0 1 3 7 8 9,H00 H01 H02 H12 H21 H30,1 3 7 8 9,H01 H02 H12 H21 H30
random,8,5,5,5,6,5,0.5555555555555556,0.5555555555555556,0.5555555555555556,0.0016238412354141474,0.9030221559940068,0.8578665505992302,0.9983761587645859,0.9030221559940068,0.4444444444444444,0.4444444444444444,0 2 3 4 6 7,H00 H10 H02 H11 H03 H12,2 3 4 6 7,H10 H02 H11 H03 H12
random,8,6,5,5,6,5,0.5555555555555556,0.5555555555555556,0.5555555555555556,0.0016899749170988798,0.9119693013650059,0.8508158648286451,0.9983100250829011,0.9119693013650059,0.4444444444444444,0.4444444444444444,0 1 2 4 7 8,H00 H01 H10 H11 H12 H21,1 2 4 7 8,H01 H10 H11 H12 H21
random,8,7,5,5,6,5,0.5555555555555556,0.5555555555555556,0.5555555555555556,0.00198323093354702,0.8962225798477599,0.8147515059956125,0.998016769066453,0.8962225798477599,0.4444444444444444,0.4444444444444444,0 1 2 4 6 8,H00 H01 H10 H11 H03 H21,1 2 4 6 8,H01 H10 H11 H03 H21
random,8,8,5,5,6,5,0.5555555555555556,0.5555555555555556,0.5555555555555556,0.0018188527319580317,0.9021141974169066,0.8377534852127627,0.998181147268042,0.9021141974169066,0.4444444444444444,0.4444444444444444,0 1 4 5 6 9,H00 H01 H11 H20 H03 H30,1 4 5 6 9,H01 H11 H20 H03 H30
random,8,9,5,5,6,5,0.5555555555555556,0.5555555555555556,0.5555555555555556,0.002167533850297332,0.8740862290819001,0.8013254361692257,0.9978324661497027,0.8740862290819001,0.4444444444444444,0.4444444444444444,0 1 2 5 6 9,H00 H01 H10 H20 H03 H30,1 2 5 6 9,H01 H10 H20 H03 H30
random,8,10,5,5,6,5,0.5555555555555556,0.5555555555555556,0.5555555555555556,0.0011581021826714277,0.9305058751591924,0.9034587290844465,0.9988418978173286,0.9305058751591924,0.4444444444444444,0.4444444444444444,0 3 4 5 6 9,H00 H02 H11 H20 H03 H30,3 4 5 6 9,H02 H11 H20 H03 H30
random,8,11,5,5,6,5,0.5555555555555556,0.5555555555555556,0.5555555555555556,0.0014531328342854977,0.9089548786920489,0.8849014575636867,0.9985468671657145,0.9089548786920489,0.4444444444444444,0.4444444444444444,0 3 5 6 8 9,H00 H02 H20 H03 H21 H30,3 5 6 8 9,H02 H20 H03 H21 H30
random,8,12,5,5,6,5,0.5555555555555556,0.5555555555555556,0.5555555555555556,0.0013813436962664127,0.9149177268991306,0.9007430660919292,0.9986186563037336,0.9149177268991306,0.4444444444444444,0.4444444444444444,0 3 5 6 7 8,H00 H02 H20 H03 H12 H21,3 5 6 7 8,H02 H20 H03 H12 H21
random,8,13,5,5,6,5,0.5555555555555556,0.5555555555555556,0.5555555555555556,0.0011581021826714277,0.9305058751591924,0.9034587290844465,0.9988418978173286,0.9305058751591924,0.4444444444444444,0.4444444444444444,0 3 4 5 6 9,H00 H02 H11 H20 H03 H30,3 4 5 6 9,H02 H11 H20 H03 H30
random,8,14,5,5,6,5,0.5555555555555556,0.5555555555555556,0.5555555555555556,0.0014265365898609161,0.9126080770516717,0.8852599663886647,0.9985734634101391,0.9126080770516717,0.4444444444444444,0.4444444444444444,0 2 3 5 8 9,H00 H10 H02 H20 H21 H30,2 3 5 8 9,H10 H02 H20 H21 H30
random,8,15,5,5,6,5,0.5555555555555556,0.5555555555555556,0.5555555555555556,0.00184274697676301,0.8987190313637257,0.826936420892073,0.998157253023237,0.8987190313637257,0.4444444444444444,0.4444444444444444,0 2 4 5 8 9,H00 H10 H11 H20 H21 H30,2 4 5 8 9,H10 H11 H20 H21 H30
random,8,16,5,5,6,5,0.5555555555555556,0.5555555555555556,0.5555555555555556,0.0014106897870078683,0.9138970944574203,0.8936289159637832,0.9985893102129921,0.9138970944574203,0.4444444444444444,0.4444444444444444,0 3 5 6 7 9,H00 H02 H20 H03 H12 H30,3 5 6 7 9,H02 H20 H03 H12 H30
random,8,17,5,5,6,5,0.5555555555555556,0.5555555555555556,0.5555555555555556,0.0016913118306547403,0.9052184507246356,0.8671899268784472,0.9983086881693453,0.9052184507246356,0.4444444444444444,0.4444444444444444,0 1 5 7 8 9,H00 H01 H20 H12 H21 H30,1 5 7 8 9,H01 H20 H12 H21 H30
random,8,18,5,5,6,5,0.5555555555555556,0.5555555555555556,0.5555555555555556,0.0012655123136937618,0.9207154477306384,0.8976114346312342,0.9987344876863062,0.9207154477306384,0.4444444444444444,0.4444444444444444,0 1 3 4 5 8,H00 H01 H02 H11 H20 H21,1 3 4 5 8,H01 H02 H11 H20 H21
random,8,19,5,5,6,5,0.5555555555555556,0.5555555555555556,0.5555555555555556,0.0019095868337899446,0.8850826762736234,0.8387025572823872,0.99809041316621,0.8850826762736234,0.4444444444444444,0.4444444444444444,0 1 3 6 7 9,H00 H01 H02 H03 H12 H30,1 3 6 7 9,H01 H02 H03 H12 H30
random,8,0,6,6,7,6,0.6666666666666666,0.6666666666666666,0.6666666666666666,0.0014010926242917776,0.9152979424575457,0.8915094698559539,0.9985989073757082,0.9152979424575457,0.33333333333333337,0.33333333333333337,0 1 2 3 5 6 7,H00 H01 H10 H02 H20 H03 H12,1 2 3 5 6 7,H01 H10 H02 H20 H03 H12
random,8,1,6,6,7,6,0.6666666666666666,0.6666666666666666,0.6666666666666666,0.0011752985883504152,0.9274137953609698,0.9042934179883968,0.9988247014116496,0.9274137953609698,0.33333333333333337,0.33333333333333337,0 2 3 4 5 7 8,H00 H10 H02 H11 H20 H12 H21,2 3 4 5 7 8,H10 H02 H11 H20 H12 H21
random,8,2,6,6,7,6,0.6666666666666666,0.6666666666666666,0.6666666666666666,0.0018153467681258917,0.9024642213301979,0.8384566701265701,0.9981846532318741,0.9024642213301979,0.33333333333333337,0.33333333333333337,0 1 4 5 6 8 9,H00 H01 H11 H20 H03 H21 H30,1 4 5 6 8 9,H01 H11 H20 H03 H21 H30
random,8,3,6,6,7,6,0.6666666666666666,0.6666666666666666,0.6666666666666666,0.001496369717642665,0.9116648025148355,0.8860379763654257,0.9985036302823573,0.9116648025148355,0.33333333333333337,0.33333333333333337,0 2 3 6 7 8 9,H00 H10 H02 H03 H12 H21 H30,2 3 6 7 8 9,H10 H02 H03 H12 H21 H30
random,8,4,6,6,7,6,0.6666666666666666,0.6666666666666666,0.6666666666666666,0.001360403373837471,0.916966594060203,0.901638038361498,0.9986395966261625,0.916966594060203,0.33333333333333337,0.33333333333333337,0 3 5 6 7 8 9,H00 H02 H20 H03 H12 H21 H30,3 5 6 7 8 9,H02 H20 H03 H12 H21 H30
random,8,5,6,6,7,6,0.6666666666666666,0.6666666666666666,0.6666666666666666,0.0012932221870869398,0.9220579201034431,0.889492356057128,0.9987067778129131,0.9220579201034431,0.33333333333333337,0.33333333333333337,0 1 2 3 4 6 8,H00 H01 H10 H02 H11 H03 H21,1 2 3 4 6 8,H01 H10 H02 H11 H03 H21
random,8,6,6,6,7,6,0.6666666666666666,0.6666666666666666,0.6666666666666666,0.001462085172533989,0.9212053520305971,0.8733242714652799,0.998537914827466,0.9212053520305971,0.33333333333333337,0.33333333333333337,0 1 2 4 5 6 7,H00 H01 H10 H11 H20 H03 H12,1 2 4 5 6 7,H01 H10 H11 H20 H03 H12
random,8,7,6,6,7,6,0.6666666666666666,0.6666666666666666,0.6666666666666666,0.001257359515875578,0.924455096557577,0.8965704326910806,0.9987426404841244,0.924455096557577,0.33333333333333337,0.33333333333333337,0 1 3 4 6 8 9,H00 H01 H02 H11 H03 H21 H30,1 3 4 6 8 9,H01 H02 H11 H03 H21 H30
random,8,8,6,6,7,6,0.6666666666666666,0.6666666666666666,0.6666666666666666,0.001426529954187572,0.9126283582693074,0.8851950398200372,0.9985734700458124,0.9126283582693074,0.33333333333333337,0.33333333333333337,0 1 2 3 5 8 9,H00 H01 H10 H02 H20 H21 H30,1 2 3 5 8 9,H01 H10 H02 H20 H21 H30
random,8,9,6,6,7,6,0.6666666666666666,0.6666666666666666,0.6666666666666666,0.0011421892559155822,0.9319566350040446,0.9062602159512311,0.9988578107440844,0.9319566350040446,0.33333333333333337,0.33333333333333337,0 3 4 5 6 7 9,H00 H02 H11 H20 H03 H12 H30,3 4 5 6 7 9,H02 H11 H20 H03 H12 H30
random,8,10,6,6,7,6,0.6666666666666666,0.6666666666666666,0.6666666666666666,0.001827360363677144,0.9003478891961498,0.8292918975794122,0.9981726396363229,0.9003478891961498,0.33333333333333337,0.33333333333333337,0 1 2 4 5 8 9,H00 H01 H10 H11 H20 H21 H30,1 2 4 5 8 9,H01 H10 H11 H20 H21 H30
random,8,11,6,6,7,6,0.6666666666666666,0.6666666666666666,0.6666666666666666,0.001417927211150527,0.9131272508060686,0.8890303139914588,0.9985820727888495,0.9131272508060686,0.33333333333333337,0.33333333333333337,0 1 2 3 5 7 9,H00 H01 H10 H02 H20 H12 H30,1 2 3 5 7 9,H01 H10 H02 H20 H12 H30
random,8,12,6,6,7,6,0.6666666666666666,0.6666666666666666,0.6666666666666666,0.0015771464677527547,0.9065412977592981,0.8598393825092179,0.9984228535322472,0.9065412977592981,0.33333333333333337,0.33333333333333337,0 1 2 3 4 6 9,H00 H01 H10 H02 H11 H03 H30,1 2 3 4 6 9,H01 H10 H02 H11 H03 H30
random,8,13,6,6,7,6,0.6666666666666666,0.6666666666666666,0.6666666666666666,0.0013942188816145062,0.915390561557376,0.8931972980155821,0.9986057811183855,0.915390561557376,0.33333333333333337,0.33333333333333337,0 1 3 5 6 7 9,H00 H01 H02 H20 H03 H12 H30,1 3 5 6 7 9,H01 H02 H20 H03 H12 H30
random,8,14,6,6,7,6,0.6666666666666666,0.6666666666666666,0.6666666666666666,0.0012605157680809498,0.9241634445800917,0.8951487859762125,0.998739484231919,0.9241634445800917,0.33333333333333337,0.33333333333333337,0 1 2 3 4 8 9,H00 H01 H10 H02 H11 H21 H30,1 2 3 4 8 9,H01 H10 H02 H11 H21 H30
random,8,15,6,6,7,6,0.6666666666666666,0.6666666666666666,0.6666666666666666,0.0014799388591200113,0.9223209680207561,0.8702495160425904,0.99852006114088,0.9223209680207561,0.33333333333333337,0.33333333333333337,0 1 4 5 6 7 8,H00 H01 H11 H20 H03 H12 H21,1 4 5 6 7 8,H01 H11 H20 H03 H12 H21
random,8,16,6,6,7,6,0.6666666666666666,0.6666666666666666,0.6666666666666666,0.0016817208379507065,0.9073547662216971,0.8702930705006418,0.9983182791620493,0.9073547662216971,0.33333333333333337,0.33333333333333337,0 1 2 5 6 7 8,H00 H01 H10 H20 H03 H12 H21,1 2 5 6 7 8,H01 H10 H20 H03 H12 H21
random,8,17,6,6,7,6,0.6666666666666666,0.6666666666666666,0.6666666666666666,0.0012950317468494177,0.9240410231982937,0.8888689772448712,0.9987049682531506,0.9240410231982937,0.33333333333333337,0.33333333333333337,0 2 3 4 6 8 9,H00 H10 H02 H11 H03 H21 H30,2 3 4 6 8 9,H10 H02 H11 H03 H21 H30
random,8,18,6,6,7,6,0.6666666666666666,0.6666666666666666,0.6666666666666666,0.0011417968198657036,0.9312080148890987,0.9071551296684989,0.9988582031801343,0.9312080148890987,0.33333333333333337,0.33333333333333337,0 3 4 5 6 7 8,H00 H02 H11 H20 H03 H12 H21,3 4 5 6 7 8,H02 H11 H20 H03 H12 H21
random,8,19,6,6,7,6,0.6666666666666666,0.6666666666666666,0.6666666666666666,0.0012819867115467787,0.9252417802608015,0.8923494427353055,0.9987180132884532,0.9252417802608015,0.33333333333333337,0.33333333333333337,0 2 3 4 7 8 9,H00 H10 H02 H11 H12 H21 H30,2 3 4 7 8 9,H10 H02 H11 H12 H21 H30
random,8,0,7,7,8,7,0.7777777777777778,0.7777777777777778,0.7777777777777778,0.0014603203162550926,0.9214661678523003,0.8740110430077024,0.9985396796837449,0.9214661678523003,0.2222222222222222,0.2222222222222222,0 1 2 4 5 6 7 9,H00 H01 H10 H11 H20 H03 H12 H30,1 2 4 5 6 7 9,H01 H10 H11 H20 H03 H12 H30
random,8,1,7,7,8,7,0.7777777777777778,0.7777777777777778,0.7777777777777778,0.001799368648789823,0.9034732492257455,0.835933629755778,0.9982006313512102,0.9034732492257455,0.2222222222222222,0.2222222222222222,0 1 2 4 5 6 8 9,H00 H01 H10 H11 H20 H03 H21 H30,1 2 4 5 6 8 9,H01 H10 H11 H20 H03 H21 H30
random,8,2,7,7,8,7,0.7777777777777778,0.7777777777777778,0.7777777777777778,0.001799368648789823,0.9034732492257455,0.835933629755778,0.9982006313512102,0.9034732492257455,0.2222222222222222,0.2222222222222222,0 1 2 4 5 6 8 9,H00 H01 H10 H11 H20 H03 H21 H30,1 2 4 5 6 8 9,H01 H10 H11 H20 H03 H21 H30
random,8,3,7,7,8,7,0.7777777777777778,0.7777777777777778,0.7777777777777778,0.0015647625550627708,0.9077449840284202,0.8616613527378667,0.9984352374449372,0.9077449840284202,0.2222222222222222,0.2222222222222222,0 1 2 3 4 6 7 9,H00 H01 H10 H02 H11 H03 H12 H30,1 2 3 4 6 7 9,H01 H10 H02 H11 H03 H12 H30
random,8,4,7,7,8,7,0.7777777777777778,0.7777777777777778,0.7777777777777778,0.0011407777201384306,0.9319410209591621,0.9068596953215635,0.9988592222798616,0.9319410209591621,0.2222222222222222,0.2222222222222222,0 1 3 4 5 6 7 9,H00 H01 H02 H11 H20 H03 H12 H30,1 3 4 5 6 7 9,H01 H02 H11 H20 H03 H12 H30
random,8,5,7,7,8,7,0.7777777777777778,0.7777777777777778,0.7777777777777778,0.0014196892734616995,0.9133978255445251,0.8867375724973128,0.9985803107265383,0.9133978255445251,0.2222222222222222,0.2222222222222222,0 1 2 3 5 6 8 9,H00 H01 H10 H02 H20 H03 H21 H30,1 2 3 5 6 8 9,H01 H10 H02 H20 H03 H21 H30
random,8,6,7,7,8,7,0.7777777777777778,0.7777777777777778,0.7777777777777778,0.0011407777201384306,0.9319410209591621,0.9068596953215635,0.9988592222798616,0.9319410209591621,0.2222222222222222,0.2222222222222222,0 1 3 4 5 6 7 9,H00 H01 H02 H11 H20 H03 H12 H30,1 3 4 5 6 7 9,H01 H02 H11 H20 H03 H12 H30
random,8,7,7,7,8,7,0.7777777777777778,0.7777777777777778,0.7777777777777778,0.0011390650179237127,0.9305844251213177,0.908000973411614,0.9988609349820763,0.9305844251213177,0.2222222222222222,0.2222222222222222,0 1 3 4 5 7 8 9,H00 H01 H02 H11 H20 H12 H21 H30,1 3 4 5 7 8 9,H01 H02 H11 H20 H12 H21 H30
random,8,8,7,7,8,7,0.7777777777777778,0.7777777777777778,0.7777777777777778,0.0011414159089326859,0.9310630846626871,0.9074613067717574,0.9988585840910673,0.9310630846626871,0.2222222222222222,0.2222222222222222,0 2 3 4 5 6 7 8,H00 H10 H02 H11 H20 H03 H12 H21,2 3 4 5 6 7 8,H10 H02 H11 H20 H03 H12 H21
random,8,9,7,7,8,7,0.7777777777777778,0.7777777777777778,0.7777777777777778,0.0014945038128644228,0.9181450966736756,0.8684905196541077,0.9985054961871356,0.9181450966736756,0.2222222222222222,0.2222222222222222,0 1 2 4 5 7 8 9,H00 H01 H10 H11 H20 H12 H21 H30,1 2 4 5 7 8 9,H01 H10 H11 H20 H12 H21 H30
random,8,10,7,7,8,7,0.7777777777777778,0.7777777777777778,0.7777777777777778,0.001678832108154893,0.9074281393843797,0.8691906245123928,0.9983211678918451,0.9074281393843797,0.2222222222222222,0.2222222222222222,0 1 2 5 6 7 8 9,H00 H01 H10 H20 H03 H12 H21 H30,1 2 5 6 7 8 9,H01 H10 H20 H03 H12 H21 H30
random,8,11,7,7,8,7,0.7777777777777778,0.7777777777777778,0.7777777777777778,0.0013582181418314576,0.9177343475374345,0.900466208563699,0.9986417818581685,0.9177343475374345,0.2222222222222222,0.2222222222222222,0 2 3 5 6 7 8 9,H00 H10 H02 H20 H03 H12 H21 H30,2 3 5 6 7 8 9,H10 H02 H20 H03 H12 H21 H30
random,8,12,7,7,8,7,0.7777777777777778,0.7777777777777778,0.7777777777777778,0.0013660351978614926,0.9174929256467913,0.8984095895949831,0.9986339648021385,0.9174929256467913,0.2222222222222222,0.2222222222222222,0 1 2 3 5 6 7 8,H00 H01 H10 H02 H20 H03 H12 H21,1 2 3 5 6 7 8,H01 H10 H02 H20 H03 H12 H21
random,8,13,7,7,8,7,0.7777777777777778,0.7777777777777778,0.7777777777777778,0.0012772134505212307,0.923141011892952,0.8934705159074022,0.9987227865494788,0.923141011892952,0.2222222222222222,0.2222222222222222,0 1 2 3 4 6 7 8,H00 H01 H10 H02 H11 H03 H12 H21,1 2 3 4 6 7 8,H01 H10 H02 H11 H03 H12 H21
random,8,14,7,7,8,7,0.7777777777777778,0.7777777777777778,0.7777777777777778,0.001132484059780836,0.9303613031807928,0.9095715127614018,0.9988675159402192,0.9303613031807928,0.2222222222222222,0.2222222222222222,0 2 3 4 5 7 8 9,H00 H10 H02 H11 H20 H12 H21 H30,2 3 4 5 7 8 9,H10 H02 H11 H20 H12 H21 H30
random,8,15,7,7,8,7,0.7777777777777778,0.7777777777777778,0.7777777777777778,0.0014939280226826668,0.9113748669934401,0.8876043334803085,0.9985060719773173,0.9113748669934401,0.2222222222222222,0.2222222222222222,0 1 2 3 6 7 8 9,H00 H01 H10 H02 H03 H12 H21 H30,1 2 3 6 7 8 9,H01 H10 H02 H03 H12 H21 H30
random,8,16,7,7,8,7,0.7777777777777778,0.7777777777777778,0.7777777777777778,0.0011664116755127907,0.9289201841413904,0.9044174466248793,0.9988335883244872,0.9289201841413904,0.2222222222222222,0.2222222222222222,0 1 2 3 4 5 6 8,H00 H01 H10 H02 H11 H20 H03 H21,1 2 3 4 5 6 8,H01 H10 H02 H11 H20 H03 H21
random,8,17,7,7,8,7,0.7777777777777778,0.7777777777777778,0.7777777777777778,0.0011373409070074558,0.9305362826640696,0.9079348613440325,0.9988626590929925,0.9305362826640696,0.2222222222222222,0.2222222222222222,0 1 2 3 4 5 6 9,H00 H01 H10 H02 H11 H20 H03 H30,1 2 3 4 5 6 9,H01 H10 H02 H11 H20 H03 H30
random,8,18,7,7,8,7,0.7777777777777778,0.7777777777777778,0.7777777777777778,0.0011752840364351869,0.9273764921289146,0.9043441502637574,0.9988247159635648,0.9273764921289146,0.2222222222222222,0.2222222222222222,0 1 2 3 4 5 7 8,H00 H01 H10 H02 H11 H20 H12 H21,1 2 3 4 5 7 8,H01 H10 H02 H11 H20 H12 H21
random,8,19,7,7,8,7,0.7777777777777778,0.7777777777777778,0.7777777777777778,0.0011494203936308622,0.929143851359655,0.9063188300795629,0.9988505796063691,0.929143851359655,0.2222222222222222,0.2222222222222222,0 1 2 3 4 5 8 9,H00 H01 H10 H02 H11 H20 H21 H30,1 2 3 4 5 8 9,H01 H10 H02 H11 H20 H21 H30
random,8,0,8,8,9,8,0.8888888888888888,0.8888888888888888,0.8888888888888888,0.0011101462878286839,0.9328269619521254,0.9112359355743687,0.9988898537121713,0.9328269619521254,0.11111111111111116,0.11111111111111116,0 2 3 4 5 6 7 8 9,H00 H10 H02 H11 H20 H03 H12 H21 H30,2 3 4 5 6 7 8 9,H10 H02 H11 H20 H03 H12 H21 H30
random,8,1,8,8,9,8,0.8888888888888888,0.8888888888888888,0.8888888888888888,0.0013582154642790556,0.9177446358988901,0.9004232951996511,0.9986417845357209,0.9177446358988901,0.11111111111111116,0.11111111111111116,0 1 2 3 5 6 7 8 9,H00 H01 H10 H02 H20 H03 H12 H21 H30,1 2 3 5 6 7 8 9,H01 H10 H02 H20 H03 H12 H21 H30
random,8,2,8,8,9,8,0.8888888888888888,0.8888888888888888,0.8888888888888888,0.0012478581629693508,0.9253233779159759,0.8985504943282099,0.9987521418370306,0.9253233779159759,0.11111111111111116,0.11111111111111116,0 1 2 3 4 6 7 8 9,H00 H01 H10 H02 H11 H03 H12 H21 H30,1 2 3 4 6 7 8 9,H01 H10 H02 H11 H03 H12 H21 H30
random,8,3,8,8,9,8,0.8888888888888888,0.8888888888888888,0.8888888888888888,0.0013582154642790556,0.9177446358988901,0.9004232951996511,0.9986417845357209,0.9177446358988901,0.11111111111111116,0.11111111111111116,0 1 2 3 5 6 7 8 9,H00 H01 H10 H02 H20 H03 H12 H21 H30,1 2 3 5 6 7 8 9,H01 H10 H02 H20 H03 H12 H21 H30
random,8,4,8,8,9,8,0.8888888888888888,0.8888888888888888,0.8888888888888888,0.001112567726522684,0.9319827287091335,0.9108890133688803,0.9988874322734773,0.9319827287091335,0.11111111111111116,0.11111111111111116,0 1 2 3 4 5 6 8 9,H00 H01 H10 H02 H11 H20 H03 H21 H30,1 2 3 4 5 6 8 9,H01 H10 H02 H11 H20 H03 H21 H30
random,8,5,8,8,9,8,0.8888888888888888,0.8888888888888888,0.8888888888888888,0.001112567726522684,0.9319827287091335,0.9108890133688803,0.9988874322734773,0.9319827287091335,0.11111111111111116,0.11111111111111116,0 1 2 3 4 5 6 8 9,H00 H01 H10 H02 H11 H20 H03 H21 H30,1 2 3 4 5 6 8 9,H01 H10 H02 H11 H20 H03 H21 H30
random,8,6,8,8,9,8,0.8888888888888888,0.8888888888888888,0.8888888888888888,0.0011101462878286839,0.9328269619521254,0.9112359355743687,0.9988898537121713,0.9328269619521254,0.11111111111111116,0.11111111111111116,0 2 3 4 5 6 7 8 9,H00 H10 H02 H11 H20 H03 H12 H21 H30,2 3 4 5 6 7 8 9,H10 H02 H11 H20 H03 H12 H21 H30
random,8,7,8,8,9,8,0.8888888888888888,0.8888888888888888,0.8888888888888888,0.001112567726522684,0.9319827287091335,0.9108890133688803,0.9988874322734773,0.9319827287091335,0.11111111111111116,0.11111111111111116,0 1 2 3 4 5 6 8 9,H00 H01 H10 H02 H11 H20 H03 H21 H30,1 2 3 4 5 6 8 9,H01 H10 H02 H11 H20 H03 H21 H30
random,8,8,8,8,9,8,0.8888888888888888,0.8888888888888888,0.8888888888888888,0.0013582154642790556,0.9177446358988901,0.9004232951996511,0.9986417845357209,0.9177446358988901,0.11111111111111116,0.11111111111111116,0 1 2 3 5 6 7 8 9,H00 H01 H10 H02 H20 H03 H12 H21 H30,1 2 3 5 6 7 8 9,H01 H10 H02 H20 H03 H12 H21 H30
random,8,9,8,8,9,8,0.8888888888888888,0.8888888888888888,0.8888888888888888,0.0011090970365330577,0.9333322405079811,0.9113240108365938,0.9988909029634669,0.9333322405079811,0.11111111111111116,0.11111111111111116,0 1 3 4 5 6 7 8 9,H00 H01 H02 H11 H20 H03 H12 H21 H30,1 3 4 5 6 7 8 9,H01 H02 H11 H20 H03 H12 H21 H30
random,8,10,8,8,9,8,0.8888888888888888,0.8888888888888888,0.8888888888888888,0.0011101462878286839,0.9328269619521254,0.9112359355743687,0.9988898537121713,0.9328269619521254,0.11111111111111116,0.11111111111111116,0 2 3 4 5 6 7 8 9,H00 H10 H02 H11 H20 H03 H12 H21 H30,2 3 4 5 6 7 8 9,H10 H02 H11 H20 H03 H12 H21 H30
random,8,11,8,8,9,8,0.8888888888888888,0.8888888888888888,0.8888888888888888,0.0011090970365330577,0.9333322405079811,0.9113240108365938,0.9988909029634669,0.9333322405079811,0.11111111111111116,0.11111111111111116,0 1 3 4 5 6 7 8 9,H00 H01 H02 H11 H20 H03 H12 H21 H30,1 3 4 5 6 7 8 9,H01 H02 H11 H20 H03 H12 H21 H30
random,8,12,8,8,9,8,0.8888888888888888,0.8888888888888888,0.8888888888888888,0.001112567726522684,0.9319827287091335,0.9108890133688803,0.9988874322734773,0.9319827287091335,0.11111111111111116,0.11111111111111116,0 1 2 3 4 5 6 8 9,H00 H01 H10 H02 H11 H20 H03 H21 H30,1 2 3 4 5 6 8 9,H01 H10 H02 H11 H20 H03 H21 H30
random,8,13,8,8,9,8,0.8888888888888888,0.8888888888888888,0.8888888888888888,0.0011101462878286839,0.9328269619521254,0.9112359355743687,0.9988898537121713,0.9328269619521254,0.11111111111111116,0.11111111111111116,0 2 3 4 5 6 7 8 9,H00 H10 H02 H11 H20 H03 H12 H21 H30,2 3 4 5 6 7 8 9,H10 H02 H11 H20 H03 H12 H21 H30
random,8,14,8,8,9,8,0.8888888888888888,0.8888888888888888,0.8888888888888888,0.001112567726522684,0.9319827287091335,0.9108890133688803,0.9988874322734773,0.9319827287091335,0.11111111111111116,0.11111111111111116,0 1 2 3 4 5 6 8 9,H00 H01 H10 H02 H11 H20 H03 H21 H30,1 2 3 4 5 6 8 9,H01 H10 H02 H11 H20 H03 H21 H30
random,8,15,8,8,9,8,0.8888888888888888,0.8888888888888888,0.8888888888888888,0.0014579714043065906,0.9216348702103502,0.8748943816531449,0.9985420285956934,0.9216348702103502,0.11111111111111116,0.11111111111111116,0 1 2 4 5 6 7 8 9,H00 H01 H10 H11 H20 H03 H12 H21 H30,1 2 4 5 6 7 8 9,H01 H10 H11 H20 H03 H12 H21 H30
random,8,16,8,8,9,8,0.8888888888888888,0.8888888888888888,0.8888888888888888,0.0012478581629693508,0.9253233779159759,0.8985504943282099,0.9987521418370306,0.9253233779159759,0.11111111111111116,0.11111111111111116,0 1 2 3 4 6 7 8 9,H00 H01 H10 H02 H11 H03 H12 H21 H30,1 2 3 4 6 7 8 9,H01 H10 H02 H11 H03 H12 H21 H30
random,8,17,8,8,9,8,0.8888888888888888,0.8888888888888888,0.8888888888888888,0.0012478581629693508,0.9253233779159759,0.8985504943282099,0.9987521418370306,0.9253233779159759,0.11111111111111116,0.11111111111111116,0 1 2 3 4 6 7 8 9,H00 H01 H10 H02 H11 H03 H12 H21 H30,1 2 3 4 6 7 8 9,H01 H10 H02 H11 H03 H12 H21 H30
random,8,18,8,8,9,8,0.8888888888888888,0.8888888888888888,0.8888888888888888,0.0014579714043065906,0.9216348702103502,0.8748943816531449,0.9985420285956934,0.9216348702103502,0.11111111111111116,0.11111111111111116,0 1 2 4 5 6 7 8 9,H00 H01 H10 H11 H20 H03 H12 H21 H30,1 2 4 5 6 7 8 9,H01 H10 H11 H20 H03 H12 H21 H30
random,8,19,8,8,9,8,0.8888888888888888,0.8888888888888888,0.8888888888888888,0.0013582154642790556,0.9177446358988901,0.9004232951996511,0.9986417845357209,0.9177446358988901,0.11111111111111116,0.11111111111111116,0 1 2 3 5 6 7 8 9,H00 H01 H10 H02 H20 H03 H12 H21 H30,1 2 3 5 6 7 8 9,H01 H10 H02 H20 H03 H12 H21 H30
random,8,0,9,9,10,9,1.0,1.0,1.0,0.0010921033099293709,0.9330477082125143,0.9148784884333537,0.9989078966900706,0.9330477082125143,0.0,0.0,0 1 2 3 4 5 6 7 8 9,H00 H01 H10 H02 H11 H20 H03 H12 H21 H30,1 2 3 4 5 6 7 8 9,H01 H10 H02 H11 H20 H03 H12 H21 H30
random,8,1,9,9,10,9,1.0,1.0,1.0,0.0010921033099293709,0.9330477082125143,0.9148784884333537,0.9989078966900706,0.9330477082125143,0.0,0.0,0 1 2 3 4 5 6 7 8 9,H00 H01 H10 H02 H11 H20 H03 H12 H21 H30,1 2 3 4 5 6 7 8 9,H01 H10 H02 H11 H20 H03 H12 H21 H30
random,8,2,9,9,10,9,1.0,1.0,1.0,0.0010921033099293709,0.9330477082125143,0.9148784884333537,0.9989078966900706,0.9330477082125143,0.0,0.0,0 1 2 3 4 5 6 7 8 9,H00 H01 H10 H02 H11 H20 H03 H12 H21 H30,1 2 3 4 5 6 7 8 9,H01 H10 H02 H11 H20 H03 H12 H21 H30
random,8,3,9,9,10,9,1.0,1.0,1.0,0.0010921033099293709,0.9330477082125143,0.9148784884333537,0.9989078966900706,0.9330477082125143,0.0,0.0,0 1 2 3 4 5 6 7 8 9,H00 H01 H10 H02 H11 H20 H03 H12 H21 H30,1 2 3 4 5 6 7 8 9,H01 H10 H02 H11 H20 H03 H12 H21 H30
random,8,4,9,9,10,9,1.0,1.0,1.0,0.0010921033099293709,0.9330477082125143,0.9148784884333537,0.9989078966900706,0.9330477082125143,0.0,0.0,0 1 2 3 4 5 6 7 8 9,H00 H01 H10 H02 H11 H20 H03 H12 H21 H30,1 2 3 4 5 6 7 8 9,H01 H10 H02 H11 H20 H03 H12 H21 H30
random,8,5,9,9,10,9,1.0,1.0,1.0,0.0010921033099293709,0.9330477082125143,0.9148784884333537,0.9989078966900706,0.9330477082125143,0.0,0.0,0 1 2 3 4 5 6 7 8 9,H00 H01 H10 H02 H11 H20 H03 H12 H21 H30,1 2 3 4 5 6 7 8 9,H01 H10 H02 H11 H20 H03 H12 H21 H30
random,8,6,9,9,10,9,1.0,1.0,1.0,0.0010921033099293709,0.9330477082125143,0.9148784884333537,0.9989078966900706,0.9330477082125143,0.0,0.0,0 1 2 3 4 5 6 7 8 9,H00 H01 H10 H02 H11 H20 H03 H12 H21 H30,1 2 3 4 5 6 7 8 9,H01 H10 H02 H11 H20 H03 H12 H21 H30
random,8,7,9,9,10,9,1.0,1.0,1.0,0.0010921033099293709,0.9330477082125143,0.9148784884333537,0.9989078966900706,0.9330477082125143,0.0,0.0,0 1 2 3 4 5 6 7 8 9,H00 H01 H10 H02 H11 H20 H03 H12 H21 H30,1 2 3 4 5 6 7 8 9,H01 H10 H02 H11 H20 H03 H12 H21 H30
random,8,8,9,9,10,9,1.0,1.0,1.0,0.0010921033099293709,0.9330477082125143,0.9148784884333537,0.9989078966900706,0.9330477082125143,0.0,0.0,0 1 2 3 4 5 6 7 8 9,H00 H01 H10 H02 H11 H20 H03 H12 H21 H30,1 2 3 4 5 6 7 8 9,H01 H10 H02 H11 H20 H03 H12 H21 H30
random,8,9,9,9,10,9,1.0,1.0,1.0,0.0010921033099293709,0.9330477082125143,0.9148784884333537,0.9989078966900706,0.9330477082125143,0.0,0.0,0 1 2 3 4 5 6 7 8 9,H00 H01 H10 H02 H11 H20 H03 H12 H21 H30,1 2 3 4 5 6 7 8 9,H01 H10 H02 H11 H20 H03 H12 H21 H30
random,8,10,9,9,10,9,1.0,1.0,1.0,0.0010921033099293709,0.9330477082125143,0.9148784884333537,0.9989078966900706,0.9330477082125143,0.0,0.0,0 1 2 3 4 5 6 7 8 9,H00 H01 H10 H02 H11 H20 H03 H12 H21 H30,1 2 3 4 5 6 7 8 9,H01 H10 H02 H11 H20 H03 H12 H21 H30
random,8,11,9,9,10,9,1.0,1.0,1.0,0.0010921033099293709,0.9330477082125143,0.9148784884333537,0.9989078966900706,0.9330477082125143,0.0,0.0,0 1 2 3 4 5 6 7 8 9,H00 H01 H10 H02 H11 H20 H03 H12 H21 H30,1 2 3 4 5 6 7 8 9,H01 H10 H02 H11 H20 H03 H12 H21 H30
random,8,12,9,9,10,9,1.0,1.0,1.0,0.0010921033099293709,0.9330477082125143,0.9148784884333537,0.9989078966900706,0.9330477082125143,0.0,0.0,0 1 2 3 4 5 6 7 8 9,H00 H01 H10 H02 H11 H20 H03 H12 H21 H30,1 2 3 4 5 6 7 8 9,H01 H10 H02 H11 H20 H03 H12 H21 H30
random,8,13,9,9,10,9,1.0,1.0,1.0,0.0010921033099293709,0.9330477082125143,0.9148784884333537,0.9989078966900706,0.9330477082125143,0.0,0.0,0 1 2 3 4 5 6 7 8 9,H00 H01 H10 H02 H11 H20 H03 H12 H21 H30,1 2 3 4 5 6 7 8 9,H01 H10 H02 H11 H20 H03 H12 H21 H30
random,8,14,9,9,10,9,1.0,1.0,1.0,0.0010921033099293709,0.9330477082125143,0.9148784884333537,0.9989078966900706,0.9330477082125143,0.0,0.0,0 1 2 3 4 5 6 7 8 9,H00 H01 H10 H02 H11 H20 H03 H12 H21 H30,1 2 3 4 5 6 7 8 9,H01 H10 H02 H11 H20 H03 H12 H21 H30
random,8,15,9,9,10,9,1.0,1.0,1.0,0.0010921033099293709,0.9330477082125143,0.9148784884333537,0.9989078966900706,0.9330477082125143,0.0,0.0,0 1 2 3 4 5 6 7 8 9,H00 H01 H10 H02 H11 H20 H03 H12 H21 H30,1 2 3 4 5 6 7 8 9,H01 H10 H02 H11 H20 H03 H12 H21 H30
random,8,16,9,9,10,9,1.0,1.0,1.0,0.0010921033099293709,0.9330477082125143,0.9148784884333537,0.9989078966900706,0.9330477082125143,0.0,0.0,0 1 2 3 4 5 6 7 8 9,H00 H01 H10 H02 H11 H20 H03 H12 H21 H30,1 2 3 4 5 6 7 8 9,H01 H10 H02 H11 H20 H03 H12 H21 H30
random,8,17,9,9,10,9,1.0,1.0,1.0,0.0010921033099293709,0.9330477082125143,0.9148784884333537,0.9989078966900706,0.9330477082125143,0.0,0.0,0 1 2 3 4 5 6 7 8 9,H00 H01 H10 H02 H11 H20 H03 H12 H21 H30,1 2 3 4 5 6 7 8 9,H01 H10 H02 H11 H20 H03 H12 H21 H30
random,8,18,9,9,10,9,1.0,1.0,1.0,0.0010921033099293709,0.9330477082125143,0.9148784884333537,0.9989078966900706,0.9330477082125143,0.0,0.0,0 1 2 3 4 5 6 7 8 9,H00 H01 H10 H02 H11 H20 H03 H12 H21 H30,1 2 3 4 5 6 7 8 9,H01 H10 H02 H11 H20 H03 H12 H21 H30
random,8,19,9,9,10,9,1.0,1.0,1.0,0.0010921033099293709,0.9330477082125143,0.9148784884333537,0.9989078966900706,0.9330477082125143,0.0,0.0,0 1 2 3 4 5 6 7 8 9,H00 H01 H10 H02 H11 H20 H03 H12 H21 H30,1 2 3 4 5 6 7 8 9,H01 H10 H02 H11 H20 H03 H12 H21 H30
random,9,0,1,1,2,1,0.1111111111111111,0.1111111111111111,0.1111111111111111,0.003581368364393711,0.81515989227577,0.7814011685093992,0.9964186316356063,0.81515989227577,0.8888888888888888,0.8888888888888888,0 8,H00 H21,8,H21
random,9,1,1,1,2,1,0.1111111111111111,0.1111111111111111,0.1111111111111111,0.0033812993206083775,0.8274161980955836,0.7682870772094179,0.9966187006793916,0.8274161980955836,0.8888888888888888,0.8888888888888888,0 4,H00 H11,4,H11
random,9,2,1,1,2,1,0.1111111111111111,0.1111111111111111,0.1111111111111111,0.004023236688226461,0.7810787127312278,0.7065404296553278,0.9959767633117735,0.7810787127312278,0.8888888888888888,0.8888888888888888,0 1,H00 H01,1,H01
random,9,3,1,1,2,1,0.1111111111111111,0.1111111111111111,0.1111111111111111,0.002778807654976845,0.8278423359974173,0.8602980806853073,0.9972211923450232,0.8278423359974173,0.8888888888888888,0.8888888888888888,0 5,H00 H20,5,H20
random,9,4,1,1,2,1,0.1111111111111111,0.1111111111111111,0.1111111111111111,0.00283470144495368,0.8155832269254465,0.7791373480222186,0.9971652985550463,0.8155832269254465,0.8888888888888888,0.8888888888888888,0 3,H00 H02,3,H02
random,9,5,1,1,2,1,0.1111111111111111,0.1111111111111111,0.1111111111111111,0.00283470144495368,0.8155832269254465,0.7791373480222186,0.9971652985550463,0.8155832269254465,0.8888888888888888,0.8888888888888888,0 3,H00 H02,3,H02
random,9,6,1,1,2,1,0.1111111111111111,0.1111111111111111,0.1111111111111111,0.0033812993206083775,0.8274161980955836,0.7682870772094179,0.9966187006793916,0.8274161980955836,0.8888888888888888,0.8888888888888888,0 4,H00 H11,4,H11
random,9,7,1,1,2,1,0.1111111111111111,0.1111111111111111,0.1111111111111111,0.004281394183635712,0.7607934558664434,0.7011680517371138,0.9957186058163643,0.7607934558664434,0.8888888888888888,0.8888888888888888,0 6,H00 H03,6,H03
random,9,8,1,1,2,1,0.1111111111111111,0.1111111111111111,0.1111111111111111,0.004023236688226461,0.7810787127312278,0.7065404296553278,0.9959767633117735,0.7810787127312278,0.8888888888888888,0.8888888888888888,0 1,H00 H01,1,H01
random,9,9,1,1,2,1,0.1111111111111111,0.1111111111111111,0.1111111111111111,0.00283470144495368,0.8155832269254465,0.7791373480222186,0.9971652985550463,0.8155832269254465,0.8888888888888888,0.8888888888888888,0 3,H00 H02,3,H02
random,9,10,1,1,2,1,0.1111111111111111,0.1111111111111111,0.1111111111111111,0.0033812993206083775,0.8274161980955836,0.7682870772094179,0.9966187006793916,0.8274161980955836,0.8888888888888888,0.8888888888888888,0 4,H00 H11,4,H11
random,9,11,1,1,2,1,0.1111111111111111,0.1111111111111111,0.1111111111111111,0.002795994048938155,0.8146355118288013,0.7837749415389097,0.9972040059510618,0.8146355118288013,0.8888888888888888,0.8888888888888888,0 2,H00 H10,2,H10
random,9,12,1,1,2,1,0.1111111111111111,0.1111111111111111,0.1111111111111111,0.002795994048938155,0.8146355118288013,0.7837749415389097,0.9972040059510618,0.8146355118288013,0.8888888888888888,0.8888888888888888,0 2,H00 H10,2,H10
random,9,13,1,1,2,1,0.1111111111111111,0.1111111111111111,0.1111111111111111,0.0033812993206083775,0.8274161980955836,0.7682870772094179,0.9966187006793916,0.8274161980955836,0.8888888888888888,0.8888888888888888,0 4,H00 H11,4,H11
random,9,14,1,1,2,1,0.1111111111111111,0.1111111111111111,0.1111111111111111,0.003476940095424652,0.7770601566947385,0.7914433884422649,0.9965230599045753,0.7770601566947385,0.8888888888888888,0.8888888888888888,0 9,H00 H30,9,H30
random,9,15,1,1,2,1,0.1111111111111111,0.1111111111111111,0.1111111111111111,0.002795994048938155,0.8146355118288013,0.7837749415389097,0.9972040059510618,0.8146355118288013,0.8888888888888888,0.8888888888888888,0 2,H00 H10,2,H10
random,9,16,1,1,2,1,0.1111111111111111,0.1111111111111111,0.1111111111111111,0.003581368364393711,0.81515989227577,0.7814011685093992,0.9964186316356063,0.81515989227577,0.8888888888888888,0.8888888888888888,0 8,H00 H21,8,H21
random,9,17,1,1,2,1,0.1111111111111111,0.1111111111111111,0.1111111111111111,0.00283470144495368,0.8155832269254465,0.7791373480222186,0.9971652985550463,0.8155832269254465,0.8888888888888888,0.8888888888888888,0 3,H00 H02,3,H02
random,9,18,1,1,2,1,0.1111111111111111,0.1111111111111111,0.1111111111111111,0.004023236688226461,0.7810787127312278,0.7065404296553278,0.9959767633117735,0.7810787127312278,0.8888888888888888,0.8888888888888888,0 1,H00 H01,1,H01
random,9,19,1,1,2,1,0.1111111111111111,0.1111111111111111,0.1111111111111111,0.002795994048938155,0.8146355118288013,0.7837749415389097,0.9972040059510618,0.8146355118288013,0.8888888888888888,0.8888888888888888,0 2,H00 H10,2,H10
random,9,0,2,2,3,2,0.2222222222222222,0.2222222222222222,0.2222222222222222,0.0019577660132199526,0.8687694173540995,0.8753270867525994,0.99804223398678,0.8687694173540995,0.7777777777777778,0.7777777777777778,0 2 5,H00 H10 H20,2 5,H10 H20
random,9,1,2,2,3,2,0.2222222222222222,0.2222222222222222,0.2222222222222222,0.002499900758266449,0.8320641047969088,0.801134250741267,0.9975000992417336,0.8320641047969088,0.7777777777777778,0.7777777777777778,0 2 3,H00 H10 H02,2 3,H10 H02
random,9,2,2,2,3,2,0.2222222222222222,0.2222222222222222,0.2222222222222222,0.002149706007912755,0.8687918584585616,0.8376153928463863,0.9978502939920872,0.8687918584585616,0.7777777777777778,0.7777777777777778,0 2 4,H00 H10 H11,2 4,H10 H11
random,9,3,2,2,3,2,0.2222222222222222,0.2222222222222222,0.2222222222222222,0.002149706007912755,0.8687918584585616,0.8376153928463863,0.9978502939920872,0.8687918584585616,0.7777777777777778,0.7777777777777778,0 2 4,H00 H10 H11,2 4,H10 H11
random,9,4,2,2,3,2,0.2222222222222222,0.2222222222222222,0.2222222222222222,0.002788543701171875,0.8157741804070124,0.7913639126676235,0.9972114562988281,0.8157741804070124,0.7777777777777778,0.7777777777777778,0 2 9,H00 H10 H30,2 9,H10 H30
random,9,5,2,2,3,2,0.2222222222222222,0.2222222222222222,0.2222222222222222,0.002482120878994465,0.8409338455899718,0.8095969691187171,0.9975178791210055,0.8409338455899718,0.7777777777777778,0.7777777777777778,0 6 7,H00 H03 H12,6 7,H03 H12
random,9,6,2,2,3,2,0.2222222222222222,0.2222222222222222,0.2222222222222222,0.0019577660132199526,0.8687694173540995,0.8753270867525994,0.99804223398678,0.8687694173540995,0.7777777777777778,0.7777777777777778,0 2 5,H00 H10 H20,2 5,H10 H20
random,9,7,2,2,3,2,0.2222222222222222,0.2222222222222222,0.2222222222222222,0.002751387422904372,0.8196257474421391,0.7891516788823709,0.9972486125770956,0.8196257474421391,0.7777777777777778,0.7777777777777778,0 2 7,H00 H10 H12,2 7,H10 H12
random,9,8,2,2,3,2,0.2222222222222222,0.2222222222222222,0.2222222222222222,0.0029983017593622208,0.8168655072430793,0.8132608986061199,0.9970016982406378,0.8168655072430793,0.7777777777777778,0.7777777777777778,0 1 9,H00 H01 H30,1 9,H01 H30
random,9,9,2,2,3,2,0.2222222222222222,0.2222222222222222,0.2222222222222222,0.002803579205647111,0.8183549902624452,0.8002358633507376,0.9971964207943529,0.8183549902624452,0.7777777777777778,0.7777777777777778,0 7 9,H00 H12 H30,7 9,H12 H30
random,9,10,2,2,3,2,0.2222222222222222,0.2222222222222222,0.2222222222222222,0.002579709282144904,0.8339142004442129,0.7856070383154197,0.9974202907178551,0.8339142004442129,0.7777777777777778,0.7777777777777778,0 3 6,H00 H02 H03,3 6,H02 H03
random,9,11,2,2,3,2,0.2222222222222222,0.2222222222222222,0.2222222222222222,0.0022836271673440933,0.8552306825416904,0.8165872635920086,0.9977163728326559,0.8552306825416904,0.7777777777777778,0.7777777777777778,0 1 7,H00 H01 H12,1 7,H01 H12
random,9,12,2,2,3,2,0.2222222222222222,0.2222222222222222,0.2222222222222222,0.002499900758266449,0.8320641047969088,0.801134250741267,0.9975000992417336,0.8320641047969088,0.7777777777777778,0.7777777777777778,0 2 3,H00 H10 H02,2 3,H10 H02
random,9,13,2,2,3,2,0.2222222222222222,0.2222222222222222,0.2222222222222222,0.0024798503145575523,0.850688944886329,0.8803320980415108,0.9975201496854424,0.850688944886329,0.7777777777777778,0.7777777777777778,0 5 6,H00 H20 H03,5 6,H20 H03
random,9,14,2,2,3,2,0.2222222222222222,0.2222222222222222,0.2222222222222222,0.0025437346193939447,0.84846642371555,0.8807732131195063,0.997456265380606,0.84846642371555,0.7777777777777778,0.7777777777777778,0 5 8,H00 H20 H21,5 8,H20 H21
random,9,15,2,2,3,2,0.2222222222222222,0.2222222222222222,0.2222222222222222,0.002149706007912755,0.8687918584585616,0.8376153928463863,0.9978502939920872,0.8687918584585616,0.7777777777777778,0.7777777777777778,0 2 4,H00 H10 H11,2 4,H10 H11
random,9,16,2,2,3,2,0.2222222222222222,0.2222222222222222,0.2222222222222222,0.002440979238599539,0.8374861903692398,0.8309959139489783,0.9975590207614005,0.8374861903692398,0.7777777777777778,0.7777777777777778,0 3 9,H00 H02 H30,3 9,H02 H30
random,9,17,2,2,3,2,0.2222222222222222,0.2222222222222222,0.2222222222222222,0.002067042049020529,0.877243183770269,0.8473941344597378,0.9979329579509795,0.877243183770269,0.7777777777777778,0.7777777777777778,0 3 8,H00 H02 H21,3 8,H02 H21
random,9,18,2,2,3,2,0.2222222222222222,0.2222222222222222,0.2222222222222222,0.0024854042567312717,0.8562282240738058,0.8546383139169462,0.9975145957432687,0.8562282240738058,0.7777777777777778,0.7777777777777778,0 4 9,H00 H11 H30,4 9,H11 H30
random,9,19,2,2,3,2,0.2222222222222222,0.2222222222222222,0.2222222222222222,0.002499900758266449,0.8320641047969088,0.801134250741267,0.9975000992417336,0.8320641047969088,0.7777777777777778,0.7777777777777778,0 2 3,H00 H10 H02,2 3,H10 H02
random,9,0,3,3,4,3,0.3333333333333333,0.3333333333333333,0.3333333333333333,0.001734769670292735,0.8901223942247639,0.9106272200925793,0.9982652303297073,0.8901223942247639,0.6666666666666667,0.6666666666666667,0 4 5 9,H00 H11 H20 H30,4 5 9,H11 H20 H30
random,9,1,3,3,4,3,0.3333333333333333,0.3333333333333333,0.3333333333333333,0.0020651596132665873,0.8769617618042777,0.8483898811214382,0.9979348403867334,0.8769617618042777,0.6666666666666667,0.6666666666666667,0 3 6 8,H00 H02 H03 H21,3 6 8,H02 H03 H21
random,9,2,3,3,4,3,0.3333333333333333,0.3333333333333333,0.3333333333333333,0.001882597105577588,0.886002417489904,0.8685489592512278,0.9981174028944224,0.886002417489904,0.6666666666666667,0.6666666666666667,0 1 7 8,H00 H01 H12 H21,1 7 8,H01 H12 H21
random,9,3,3,3,4,3,0.3333333333333333,0.3333333333333333,0.3333333333333333,0.001734769670292735,0.8901223942247639,0.9106272200925793,0.9982652303297073,0.8901223942247639,0.6666666666666667,0.6666666666666667,0 4 5 9,H00 H11 H20 H30,4 5 9,H11 H20 H30
random,9,4,3,3,4,3,0.3333333333333333,0.3333333333333333,0.3333333333333333,0.0019318013219162822,0.8795876233316914,0.85091029856822,0.9980681986780837,0.8795876233316914,0.6666666666666667,0.6666666666666667,0 2 3 4,H00 H10 H02 H11,2 3 4,H10 H02 H11
random,9,5,3,3,4,3,0.3333333333333333,0.3333333333333333,0.3333333333333333,0.002453048713505268,0.842039671202725,0.8105348048408287,0.9975469512864947,0.842039671202725,0.6666666666666667,0.6666666666666667,0 2 6 7,H00 H10 H03 H12,2 6 7,H10 H03 H12
random,9,6,3,3,4,3,0.3333333333333333,0.3333333333333333,0.3333333333333333,0.0022127728443592787,0.8559457100174799,0.8173291435468125,0.9977872271556407,0.8559457100174799,0.6666666666666667,0.6666666666666667,0 1 3 7,H00 H01 H02 H12,1 3 7,H01 H02 H12
random,9,7,3,3,4,3,0.3333333333333333,0.3333333333333333,0.3333333333333333,0.0023119470570236444,0.8503345112304129,0.8113299373369987,0.9976880529429764,0.8503345112304129,0.6666666666666667,0.6666666666666667,0 1 2 6,H00 H01 H10 H03,1 2 6,H01 H10 H03
random,9,8,3,3,4,3,0.3333333333333333,0.3333333333333333,0.3333333333333333,0.0017596639227122068,0.889539239877186,0.8690049331757594,0.9982403360772878,0.889539239877186,0.6666666666666667,0.6666666666666667,0 2 3 8,H00 H10 H02 H21,2 3 8,H10 H02 H21
random,9,9,3,3,4,3,0.3333333333333333,0.3333333333333333,0.3333333333333333,0.0016036969609558582,0.9001574929311925,0.9135371001193451,0.9983963030390441,0.9001574929311925,0.6666666666666667,0.6666666666666667,0 3 5 8,H00 H02 H20 H21,3 5 8,H02 H20 H21
random,9,10,3,3,4,3,0.3333333333333333,0.3333333333333333,0.3333333333333333,0.0017727448139339685,0.8822588027232325,0.8892046697954653,0.998227255186066,0.8822588027232325,0.6666666666666667,0.6666666666666667,0 2 5 6,H00 H10 H20 H03,2 5 6,H10 H20 H03
random,9,11,3,3,4,3,0.3333333333333333,0.3333333333333333,0.3333333333333333,0.0022867764346301556,0.8486038492272711,0.8330403905780517,0.9977132235653698,0.8486038492272711,0.6666666666666667,0.6666666666666667,0 3 6 9,H00 H02 H03 H30,3 6 9,H02 H03 H30
random,9,12,3,3,4,3,0.3333333333333333,0.3333333333333333,0.3333333333333333,0.0014466579305008054,0.9093672949621425,0.9159574177878472,0.9985533420694992,0.9093672949621425,0.6666666666666667,0.6666666666666667,0 4 5 7,H00 H11 H20 H12,4 5 7,H11 H20 H12
random,9,13,3,3,4,3,0.3333333333333333,0.3333333333333333,0.3333333333333333,0.0018355018692091107,0.8871431890321402,0.8766329650320787,0.9981644981307909,0.8871431890321402,0.6666666666666667,0.6666666666666667,0 3 4 9,H00 H02 H11 H30,3 4 9,H02 H11 H30
random,9,14,3,3,4,3,0.3333333333333333,0.3333333333333333,0.3333333333333333,0.0016774050891399384,0.8895944809977422,0.89304084709749,0.9983225949108601,0.8895944809977422,0.6666666666666667,0.6666666666666667,0 1 2 5,H00 H01 H10 H20,1 2 5,H01 H10 H20
random,9,15,3,3,4,3,0.3333333333333333,0.3333333333333333,0.3333333333333333,0.0021937135607004166,0.876751296363957,0.8732775997858493,0.9978062864392996,0.876751296363957,0.6666666666666667,0.6666666666666667,0 4 8 9,H00 H11 H21 H30,4 8 9,H11 H21 H30
random,9,16,3,3,4,3,0.3333333333333333,0.3333333333333333,0.3333333333333333,0.0020507387816905975,0.8783215467289852,0.834418946962643,0.9979492612183094,0.8783215467289852,0.6666666666666667,0.6666666666666667,0 3 4 6,H00 H02 H11 H03,3 4 6,H02 H11 H03
random,9,17,3,3,4,3,0.3333333333333333,0.3333333333333333,0.3333333333333333,0.002440979238599539,0.8374870563774203,0.8309839198666668,0.9975590207614005,0.8374870563774203,0.6666666666666667,0.6666666666666667,0 3 7 9,H00 H02 H12 H30,3 7 9,H02 H12 H30
random,9,18,3,3,4,3,0.3333333333333333,0.3333333333333333,0.3333333333333333,0.0025694812647998333,0.84947629292428,0.8626722230268945,0.9974305187352002,0.84947629292428,0.6666666666666667,0.6666666666666667,0 1 8 9,H00 H01 H21 H30,1 8 9,H01 H21 H30
random,9,19,3,3,4,3,0.3333333333333333,0.3333333333333333,0.3333333333333333,0.0016130964504554868,0.8954668036716305,0.9025455170880544,0.9983869035495445,0.8954668036716305,0.6666666666666667,0.6666666666666667,0 5 6 7,H00 H20 H03 H12,5 6 7,H20 H03 H12
random,9,0,4,4,5,4,0.4444444444444444,0.4444444444444444,0.4444444444444444,0.0015951123787090182,0.9013053999679976,0.9130947358928451,0.998404887621291,0.9013053999679976,0.5555555555555556,0.5555555555555556,0 1 3 5 8,H00 H01 H02 H20 H21,1 3 5 8,H01 H02 H20 H21
random,9,1,4,4,5,4,0.4444444444444444,0.4444444444444444,0.4444444444444444,0.0020161946304142475,0.8765275596278884,0.8460398878922953,0.9979838053695858,0.8765275596278884,0.5555555555555556,0.5555555555555556,0 1 2 4 9,H00 H01 H10 H11 H30,1 2 4 9,H01 H10 H11 H30
random,9,2,4,4,5,4,0.4444444444444444,0.4444444444444444,0.4444444444444444,0.002059654565528035,0.8767707027875853,0.8545630016401954,0.997940345434472,0.8767707027875853,0.5555555555555556,0.5555555555555556,0 2 4 7 9,H00 H10 H11 H12 H30,2 4 7 9,H10 H11 H12 H30
random,9,3,4,4,5,4,0.4444444444444444,0.4444444444444444,0.4444444444444444,0.0025343652814626694,0.8495267012403496,0.8597694530446258,0.9974656347185373,0.8495267012403496,0.5555555555555556,0.5555555555555556,0 1 6 8 9,H00 H01 H03 H21 H30,1 6 8 9,H01 H03 H21 H30
random,9,4,4,4,5,4,0.4444444444444444,0.4444444444444444,0.4444444444444444,0.0017533156787976623,0.8890815956006436,0.8697102099528247,0.9982466843212023,0.8890815956006436,0.5555555555555556,0.5555555555555556,0 2 3 6 8,H00 H10 H02 H03 H21,2 3 6 8,H10 H02 H03 H21
random,9,5,4,4,5,4,0.4444444444444444,0.4444444444444444,0.4444444444444444,0.0015657334588468075,0.8999219130853127,0.9085880332934823,0.9984342665411532,0.8999219130853127,0.5555555555555556,0.5555555555555556,0 2 4 5 9,H00 H10 H11 H20 H30,2 4 5 9,H10 H11 H20 H30
random,9,6,4,4,5,4,0.4444444444444444,0.4444444444444444,0.4444444444444444,0.0016455871518701315,0.892367823104796,0.9049348341625084,0.9983544128481299,0.892367823104796,0.5555555555555556,0.5555555555555556,0 2 3 5 9,H00 H10 H02 H20 H30,2 3 5 9,H10 H02 H20 H30
random,9,7,4,4,5,4,0.4444444444444444,0.4444444444444444,0.4444444444444444,0.002279311418533325,0.8553929996724361,0.8199483067349188,0.9977206885814667,0.8553929996724361,0.5555555555555556,0.5555555555555556,0 1 6 7 9,H00 H01 H03 H12 H30,1 6 7 9,H01 H03 H12 H30
random,9,8,4,4,5,4,0.4444444444444444,0.4444444444444444,0.4444444444444444,0.001751028117723763,0.890031078340891,0.8888755351088559,0.9982489718822762,0.890031078340891,0.5555555555555556,0.5555555555555556,0 1 3 8 9,H00 H01 H02 H21 H30,1 3 8 9,H01 H02 H21 H30
random,9,9,4,4,5,4,0.4444444444444444,0.4444444444444444,0.4444444444444444,0.0022023278288543224,0.8554227627574618,0.8369861171242311,0.9977976721711457,0.8554227627574618,0.5555555555555556,0.5555555555555556,0 1 3 6 9,H00 H01 H02 H03 H30,1 3 6 9,H01 H02 H03 H30
random,9,10,4,4,5,4,0.4444444444444444,0.4444444444444444,0.4444444444444444,0.002035664627328515,0.8838434813900736,0.9060691115772602,0.9979643353726715,0.8838434813900736,0.5555555555555556,0.5555555555555556,0 1 4 5 6,H00 H01 H11 H20 H03,1 4 5 6,H01 H11 H20 H03
random,9,11,4,4,5,4,0.4444444444444444,0.4444444444444444,0.4444444444444444,0.0014824888203293085,0.9060841659515848,0.9134554238186997,0.9985175111796707,0.9060841659515848,0.5555555555555556,0.5555555555555556,0 1 5 7 8,H00 H01 H20 H12 H21,1 5 7 8,H01 H20 H12 H21
random,9,12,4,4,5,4,0.4444444444444444,0.4444444444444444,0.4444444444444444,0.002992450725287199,0.8543769442758719,0.7999932689133248,0.9970075492747128,0.8543769442758719,0.5555555555555556,0.5555555555555556,0 1 4 6 8,H00 H01 H11 H03 H21,1 4 6 8,H01 H11 H03 H21
random,9,13,4,4,5,4,0.4444444444444444,0.4444444444444444,0.4444444444444444,0.0013429118553176522,0.9158512009628887,0.9213064463730064,0.9986570881446823,0.9158512009628887,0.5555555555555556,0.5555555555555556,0 4 5 6 7,H00 H11 H20 H03 H12,4 5 6 7,H11 H20 H03 H12
random,9,14,4,4,5,4,0.4444444444444444,0.4444444444444444,0.4444444444444444,0.0016373248072341084,0.8968354222075693,0.9059789608790496,0.9983626751927659,0.8968354222075693,0.5555555555555556,0.5555555555555556,0 1 3 5 6,H00 H01 H02 H20 H03,1 3 5 6,H01 H02 H20 H03
random,9,15,4,4,5,4,0.4444444444444444,0.4444444444444444,0.4444444444444444,0.0016835290007293224,0.9006722594625743,0.8746702465743296,0.9983164709992707,0.9006722594625743,0.5555555555555556,0.5555555555555556,0 2 4 7 8,H00 H10 H11 H12 H21,2 4 7 8,H10 H11 H12 H21
random,9,16,4,4,5,4,0.4444444444444444,0.4444444444444444,0.4444444444444444,0.0013060668716207147,0.9183343805186672,0.9296366231834373,0.9986939331283793,0.9183343805186672,0.5555555555555556,0.5555555555555556,0 3 4 5 9,H00 H02 H11 H20 H30,3 4 5 9,H02 H11 H20 H30
random,9,17,4,4,5,4,0.4444444444444444,0.4444444444444444,0.4444444444444444,0.00175739754922688,0.8891256070484305,0.8697804934537403,0.9982426024507731,0.8891256070484305,0.5555555555555556,0.5555555555555556,0 1 2 3 8,H00 H01 H10 H02 H21,1 2 3 8,H01 H10 H02 H21
random,9,18,4,4,5,4,0.4444444444444444,0.4444444444444444,0.4444444444444444,0.0013547963462769985,0.9143564369392169,0.9185411894321935,0.998645203653723,0.9143564369392169,0.5555555555555556,0.5555555555555556,0 1 4 5 7,H00 H01 H11 H20 H12,1 4 5 7,H01 H11 H20 H12
random,9,19,4,4,5,4,0.4444444444444444,0.4444444444444444,0.4444444444444444,0.0016902810893952847,0.8936720144681358,0.9133759395370573,0.9983097189106047,0.8936720144681358,0.5555555555555556,0.5555555555555556,0 4 5 8 9,H00 H11 H20 H21 H30,4 5 8 9,H11 H20 H21 H30
random,9,0,5,5,6,5,0.5555555555555556,0.5555555555555556,0.5555555555555556,0.0017321694176644087,0.8914278584591132,0.8869952063757701,0.9982678305823356,0.8914278584591132,0.4444444444444444,0.4444444444444444,0 1 3 7 8 9,H00 H01 H02 H12 H21 H30,1 3 7 8 9,H01 H02 H12 H21 H30
random,9,1,5,5,6,5,0.5555555555555556,0.5555555555555556,0.5555555555555556,0.0013461968628689647,0.9140820356172273,0.9191165999748921,0.998653803137131,0.9140820356172273,0.4444444444444444,0.4444444444444444,0 1 2 3 4 5,H00 H01 H10 H02 H11 H20,1 2 3 4 5,H01 H10 H02 H11 H20
random,9,2,5,5,6,5,0.5555555555555556,0.5555555555555556,0.5555555555555556,0.0015264246612787247,0.9016876910834193,0.9125162703344305,0.9984735753387213,0.9016876910834193,0.4444444444444444,0.4444444444444444,0 2 5 7 8 9,H00 H10 H20 H12 H21 H30,2 5 7 8 9,H10 H20 H12 H21 H30
random,9,3,5,5,6,5,0.5555555555555556,0.5555555555555556,0.5555555555555556,0.0019334547687321901,0.8838837986699041,0.8540070894249104,0.9980665452312678,0.8838837986699041,0.4444444444444444,0.4444444444444444,0 1 4 6 7 9,H00 H01 H11 H03 H12 H30,1 4 6 7 9,H01 H11 H03 H12 H30
random,9,4,5,5,6,5,0.5555555555555556,0.5555555555555556,0.5555555555555556,0.0016503350343555212,0.8930109939521331,0.9002168792000527,0.9983496649656445,0.8930109939521331,0.4444444444444444,0.4444444444444444,0 2 5 6 8 9,H00 H10 H20 H03 H21 H30,2 5 6 8 9,H10 H20 H03 H21 H30
random,9,5,5,5,6,5,0.5555555555555556,0.5555555555555556,0.5555555555555556,0.0014556734822690487,0.9059246909427019,0.9122144080913307,0.998544326517731,0.9059246909427019,0.4444444444444444,0.4444444444444444,0 1 2 3 5 8,H00 H01 H10 H02 H20 H21,1 2 3 5 8,H01 H10 H02 H20 H21
random,9,6,5,5,6,5,0.5555555555555556,0.5555555555555556,0.5555555555555556,0.0021818685345351696,0.8761523743996156,0.8736600298590236,0.9978181314654648,0.8761523743996156,0.4444444444444444,0.4444444444444444,0 1 4 6 8 9,H00 H01 H11 H03 H21 H30,1 4 6 8 9,H01 H11 H03 H21 H30
random,9,7,5,5,6,5,0.5555555555555556,0.5555555555555556,0.5555555555555556,0.001319575821980834,0.9164631151805734,0.9217120248674497,0.9986804241780192,0.9164631151805734,0.4444444444444444,0.4444444444444444,0 2 3 4 5 6,H00 H10 H02 H11 H20 H03,2 3 4 5 6,H10 H02 H11 H20 H03
random,9,8,5,5,6,5,0.5555555555555556,0.5555555555555556,0.5555555555555556,0.0013461968628689647,0.9140820356172273,0.9191165999748921,0.998653803137131,0.9140820356172273,0.4444444444444444,0.4444444444444444,0 1 2 3 4 5,H00 H01 H10 H02 H11 H20,1 2 3 4 5,H01 H10 H02 H11 H20
random,9,9,5,5,6,5,0.5555555555555556,0.5555555555555556,0.5555555555555556,0.0013084288220852613,0.9174665638758368,0.9218013509558436,0.9986915711779147,0.9174665638758368,0.4444444444444444,0.4444444444444444,0 2 3 4 5 8,H00 H10 H02 H11 H20 H21,2 3 4 5 8,H10 H02 H11 H20 H21
random,9,10,5,5,6,5,0.5555555555555556,0.5555555555555556,0.5555555555555556,0.0017799127381294966,0.8935743897409133,0.8648138430587236,0.9982200872618705,0.8935743897409133,0.4444444444444444,0.4444444444444444,0 1 2 4 6 8,H00 H01 H10 H11 H03 H21,1 2 4 6 8,H01 H10 H11 H03 H21
random,9,11,5,5,6,5,0.5555555555555556,0.5555555555555556,0.5555555555555556,0.001801628153771162,0.8883201758799173,0.8711555065508247,0.9981983718462288,0.8883201758799173,0.4444444444444444,0.4444444444444444,0 1 3 4 7 9,H00 H01 H02 H11 H12 H30,1 3 4 7 9,H01 H02 H11 H12 H30
random,9,12,5,5,6,5,0.5555555555555556,0.5555555555555556,0.5555555555555556,0.0014872406609356403,0.9033702004005453,0.9080109114755366,0.9985127593390644,0.9033702004005453,0.4444444444444444,0.4444444444444444,0 1 2 3 5 7,H00 H01 H10 H02 H20 H12,1 2 3 5 7,H01 H10 H02 H20 H12
random,9,13,5,5,6,5,0.5555555555555556,0.5555555555555556,0.5555555555555556,0.0016811323584988713,0.8943722681026113,0.9142083948446522,0.9983188676415011,0.8943722681026113,0.4444444444444444,0.4444444444444444,0 1 4 5 6 9,H00 H01 H11 H20 H03 H30,1 4 5 6 9,H01 H11 H20 H03 H30
random,9,14,5,5,6,5,0.5555555555555556,0.5555555555555556,0.5555555555555556,0.0019508079858496785,0.883318516094676,0.8544347206289831,0.9980491920141503,0.883318516094676,0.4444444444444444,0.4444444444444444,0 2 4 6 7 9,H00 H10 H11 H03 H12 H30,2 4 6 7 9,H10 H11 H03 H12 H30
random,9,15,5,5,6,5,0.5555555555555556,0.5555555555555556,0.5555555555555556,0.0015264246612787247,0.9016876910834193,0.9125162703344305,0.9984735753387213,0.9016876910834193,0.4444444444444444,0.4444444444444444,0 2 5 7 8 9,H00 H10 H20 H12 H21 H30,2 5 7 8 9,H10 H20 H12 H21 H30
random,9,16,5,5,6,5,0.5555555555555556,0.5555555555555556,0.5555555555555556,0.001788424327969551,0.8898970432287164,0.8723921457412583,0.9982115756720304,0.8898970432287164,0.4444444444444444,0.4444444444444444,0 3 4 6 7 9,H00 H02 H11 H03 H12 H30,3 4 6 7 9,H02 H11 H03 H12 H30
random,9,17,5,5,6,5,0.5555555555555556,0.5555555555555556,0.5555555555555556,0.0015268619172275066,0.9000223877171982,0.9094932966832605,0.9984731380827725,0.9000223877171982,0.4444444444444444,0.4444444444444444,0 2 3 5 6 9,H00 H10 H02 H20 H03 H30,2 3 5 6 9,H10 H02 H20 H03 H30
random,9,18,5,5,6,5,0.5555555555555556,0.5555555555555556,0.5555555555555556,0.0013758239801973104,0.9163988667598945,0.9244195661785697,0.9986241760198027,0.9163988667598945,0.4444444444444444,0.4444444444444444,0 1 3 4 5 6,H00 H01 H02 H11 H20 H03,1 3 4 5 6,H01 H02 H11 H20 H03
random,9,19,5,5,6,5,0.5555555555555556,0.5555555555555556,0.5555555555555556,0.0015041390433907509,0.9043364976660108,0.9146685061883443,0.9984958609566092,0.9043364976660108,0.4444444444444444,0.4444444444444444,0 2 5 6 7 8,H00 H10 H20 H03 H12 H21,2 5 6 7 8,H10 H20 H03 H12 H21
random,9,0,6,6,7,6,0.6666666666666666,0.6666666666666666,0.6666666666666666,0.0021342565305531025,0.8592388208348671,0.831538813566656,0.9978657434694469,0.8592388208348671,0.33333333333333337,0.33333333333333337,0 1 2 3 6 7 9,H00 H01 H10 H02 H03 H12 H30,1 2 3 6 7 9,H01 H10 H02 H03 H12 H30
random,9,1,6,6,7,6,0.6666666666666666,0.6666666666666666,0.6666666666666666,0.0013251581694930792,0.9172628386196426,0.9231649289519446,0.9986748418305069,0.9172628386196426,0.33333333333333337,0.33333333333333337,0 1 2 4 5 6 7,H00 H01 H10 H11 H20 H03 H12,1 2 4 5 6 7,H01 H10 H11 H20 H03 H12
random,9,2,6,6,7,6,0.6666666666666666,0.6666666666666666,0.6666666666666666,0.0015866623725742102,0.9031320104063195,0.8786008086037449,0.9984133376274258,0.9031320104063195,0.33333333333333337,0.33333333333333337,0 1 2 3 4 6 8,H00 H01 H10 H02 H11 H03 H21,1 2 3 4 6 8,H01 H10 H02 H11 H03 H21
random,9,3,6,6,7,6,0.6666666666666666,0.6666666666666666,0.6666666666666666,0.0015436424873769283,0.9067775933836076,0.894648748120395,0.9984563575126231,0.9067775933836076,0.33333333333333337,0.33333333333333337,0 3 4 6 7 8 9,H00 H02 H11 H03 H12 H21 H30,3 4 6 7 8 9,H02 H11 H03 H12 H21 H30
random,9,4,6,6,7,6,0.6666666666666666,0.6666666666666666,0.6666666666666666,0.0015478322748094797,0.9070478125113227,0.89157851345601,0.9984521677251905,0.9070478125113227,0.33333333333333337,0.33333333333333337,0 2 3 4 7 8 9,H00 H10 H02 H11 H12 H21 H30,2 3 4 7 8 9,H10 H02 H11 H12 H21 H30
random,9,5,6,6,7,6,0.6666666666666666,0.6666666666666666,0.6666666666666666,0.0012865487951785326,0.9190052093740876,0.9289715840539444,0.9987134512048215,0.9190052093740876,0.33333333333333337,0.33333333333333337,0 1 2 3 4 5 9,H00 H01 H10 H02 H11 H20 H30,1 2 3 4 5 9,H01 H10 H02 H11 H20 H30
random,9,6,6,6,7,6,0.6666666666666666,0.6666666666666666,0.6666666666666666,0.0013383288169279695,0.9160408036745686,0.9208491047154196,0.998661671183072,0.9160408036745686,0.33333333333333337,0.33333333333333337,0 1 4 5 6 7 9,H00 H01 H11 H20 H03 H12 H30,1 4 5 6 7 9,H01 H11 H20 H03 H12 H30
random,9,7,6,6,7,6,0.6666666666666666,0.6666666666666666,0.6666666666666666,0.0014819023199379444,0.9040117905199457,0.9091679621555444,0.9985180976800621,0.9040117905199457,0.33333333333333337,0.33333333333333337,0 1 2 3 5 6 7,H00 H01 H10 H02 H20 H03 H12,1 2 3 5 6 7,H01 H10 H02 H20 H03 H12
random,9,8,6,6,7,6,0.6666666666666666,0.6666666666666666,0.6666666666666666,0.0014819023199379444,0.9040117905199457,0.9091679621555444,0.9985180976800621,0.9040117905199457,0.33333333333333337,0.33333333333333337,0 1 2 3 5 6 7,H00 H01 H10 H02 H20 H03 H12,1 2 3 5 6 7,H01 H10 H02 H20 H03 H12
random,9,9,6,6,7,6,0.6666666666666666,0.6666666666666666,0.6666666666666666,0.0012700817314907908,0.9201991777251365,0.9254257814977676,0.9987299182685092,0.9201991777251365,0.33333333333333337,0.33333333333333337,0 1 3 4 5 7 8,H00 H01 H02 H11 H20 H12 H21,1 3 4 5 7 8,H01 H02 H11 H20 H12 H21
random,9,10,6,6,7,6,0.6666666666666666,0.6666666666666666,0.6666666666666666,0.0014550630003213882,0.9060348515065473,0.9124679162929739,0.9985449369996786,0.9060348515065473,0.33333333333333337,0.33333333333333337,0 1 2 3 5 6 8,H00 H01 H10 H02 H20 H03 H21,1 2 3 5 6 8,H01 H10 H02 H20 H03 H21
random,9,11,6,6,7,6,0.6666666666666666,0.6666666666666666,0.6666666666666666,0.0012446208856999874,0.9225345887199452,0.9324171548817434,0.9987553791143,0.9225345887199452,0.33333333333333337,0.33333333333333337,0 1 3 4 5 8 9,H00 H01 H02 H11 H20 H21 H30,1 3 4 5 8 9,H01 H02 H11 H20 H21 H30
random,9,12,6,6,7,6,0.6666666666666666,0.6666666666666666,0.6666666666666666,0.0014207682106643915,0.9090761441679829,0.9174274484372752,0.9985792317893356,0.9090761441679829,0.33333333333333337,0.33333333333333337,0 1 3 5 6 7 8,H00 H01 H02 H20 H03 H12 H21,1 3 5 6 7 8,H01 H02 H20 H03 H12 H21
random,9,13,6,6,7,6,0.6666666666666666,0.6666666666666666,0.6666666666666666,0.001495799864642322,0.9023651224466906,0.9100767932034036,0.9985042001353577,0.9023651224466906,0.33333333333333337,0.33333333333333337,0 1 2 3 5 6 9,H00 H01 H10 H02 H20 H03 H30,1 2 3 5 6 9,H01 H10 H02 H20 H03 H30
random,9,14,6,6,7,6,0.6666666666666666,0.6666666666666666,0.6666666666666666,0.0017091642366722226,0.8922166636082988,0.884311456584241,0.9982908357633278,0.8922166636082988,0.33333333333333337,0.33333333333333337,0 2 3 6 7 8 9,H00 H10 H02 H03 H12 H21 H30,2 3 6 7 8 9,H10 H02 H03 H12 H21 H30
random,9,15,6,6,7,6,0.6666666666666666,0.6666666666666666,0.6666666666666666,0.0015866623725742102,0.9031320104063195,0.8786008086037449,0.9984133376274258,0.9031320104063195,0.33333333333333337,0.33333333333333337,0 1 2 3 4 6 8,H00 H01 H10 H02 H11 H03 H21,1 2 3 4 6 8,H01 H10 H02 H11 H03 H21
random,9,16,6,6,7,6,0.6666666666666666,0.6666666666666666,0.6666666666666666,0.0014116093516349792,0.9089344472720705,0.9219035367642427,0.998588390648365,0.9089344472720705,0.33333333333333337,0.33333333333333337,0 2 3 5 7 8 9,H00 H10 H02 H20 H12 H21 H30,2 3 5 7 8 9,H10 H02 H20 H12 H21 H30
random,9,17,6,6,7,6,0.6666666666666666,0.6666666666666666,0.6666666666666666,0.0015311994357034564,0.9017973612909793,0.9062485999895239,0.9984688005642965,0.9017973612909793,0.33333333333333337,0.33333333333333337,0 1 2 5 6 7 9,H00 H01 H10 H20 H03 H12 H30,1 2 5 6 7 9,H01 H10 H20 H03 H12 H30
random,9,18,6,6,7,6,0.6666666666666666,0.6666666666666666,0.6666666666666666,0.0021342565305531025,0.8592388208348671,0.831538813566656,0.9978657434694469,0.8592388208348671,0.33333333333333337,0.33333333333333337,0 1 2 3 6 7 9,H00 H01 H10 H02 H03 H12 H30,1 2 3 6 7 9,H01 H10 H02 H03 H12 H30
random,9,19,6,6,7,6,0.6666666666666666,0.6666666666666666,0.6666666666666666,0.0017732790438458323,0.8943580342246292,0.8702772319233931,0.9982267209561542,0.8943580342246292,0.33333333333333337,0.33333333333333337,0 1 2 4 6 8 9,H00 H01 H10 H11 H03 H21 H30,1 2 4 6 8 9,H01 H10 H11 H03 H21 H30
random,9,0,7,7,8,7,0.7777777777777778,0.7777777777777778,0.7777777777777778,0.0017846254631876945,0.8896012299214617,0.8710704682901224,0.9982153745368123,0.8896012299214617,0.2222222222222222,0.2222222222222222,0 1 2 3 4 6 7 9,H00 H01 H10 H02 H11 H03 H12 H30,1 2 3 4 6 7 9,H01 H10 H02 H11 H03 H12 H30
random,9,1,7,7,8,7,0.7777777777777778,0.7777777777777778,0.7777777777777778,0.0016790721565485,0.9010511575074032,0.8787564999871444,0.9983209278434515,0.9010511575074032,0.2222222222222222,0.2222222222222222,0 1 2 4 6 7 8 9,H00 H01 H10 H11 H03 H12 H21 H30,1 2 4 6 7 8 9,H01 H10 H11 H03 H12 H21 H30
random,9,2,7,7,8,7,0.7777777777777778,0.7777777777777778,0.7777777777777778,0.0012370366603136063,0.9226843776551211,0.9312736796398059,0.9987629633396864,0.9226843776551211,0.2222222222222222,0.2222222222222222,0 1 3 4 5 7 8 9,H00 H01 H02 H11 H20 H12 H21 H30,1 3 4 5 7 8 9,H01 H02 H11 H20 H12 H21 H30
random,9,3,7,7,8,7,0.7777777777777778,0.7777777777777778,0.7777777777777778,0.0014032332692295313,0.9101283868839001,0.9214023195373976,0.9985967667307705,0.9101283868839001,0.2222222222222222,0.2222222222222222,0 1 2 3 5 7 8 9,H00 H01 H10 H02 H20 H12 H21 H30,1 2 3 5 7 8 9,H01 H10 H02 H20 H12 H21 H30
random,9,4,7,7,8,7,0.7777777777777778,0.7777777777777778,0.7777777777777778,0.0015386873856186867,0.906773386277285,0.8935947403736095,0.9984613126143813,0.906773386277285,0.2222222222222222,0.2222222222222222,0 2 3 4 6 7 8 9,H00 H10 H02 H11 H03 H12 H21 H30,2 3 4 6 7 8 9,H10 H02 H11 H03 H12 H21 H30
random,9,5,7,7,8,7,0.7777777777777778,0.7777777777777778,0.7777777777777778,0.0012612331192940474,0.9213455762187026,0.9311935241005154,0.998738766880706,0.9213455762187026,0.2222222222222222,0.2222222222222222,0 1 2 3 4 5 6 9,H00 H01 H10 H02 H11 H20 H03 H30,1 2 3 4 5 6 9,H01 H10 H02 H11 H20 H03 H30
random,9,6,7,7,8,7,0.7777777777777778,0.7777777777777778,0.7777777777777778,0.001518209814094007,0.9083813895581027,0.8984332182888745,0.998481790185906,0.9083813895581027,0.2222222222222222,0.2222222222222222,0 1 3 4 6 7 8 9,H00 H01 H02 H11 H03 H12 H21 H30,1 3 4 6 7 8 9,H01 H02 H11 H03 H12 H21 H30
random,9,7,7,7,8,7,0.7777777777777778,0.7777777777777778,0.7777777777777778,0.0013100006617605686,0.918726766027962,0.9247845015912562,0.9986899993382394,0.918726766027962,0.2222222222222222,0.2222222222222222,0 1 2 4 5 6 7 8,H00 H01 H10 H11 H20 H03 H12 H21,1 2 4 5 6 7 8,H01 H10 H11 H20 H03 H12 H21
random,9,8,7,7,8,7,0.7777777777777778,0.7777777777777778,0.7777777777777778,0.001420611166395247,0.9090391201156498,0.9172004916228884,0.9985793888336048,0.9090391201156498,0.2222222222222222,0.2222222222222222,0 1 2 3 5 6 7 8,H00 H01 H10 H02 H20 H03 H12 H21,1 2 3 5 6 7 8,H01 H10 H02 H20 H03 H12 H21
random,9,9,7,7,8,7,0.7777777777777778,0.7777777777777778,0.7777777777777778,0.0014032332692295313,0.9101283868839001,0.9214023195373976,0.9985967667307705,0.9101283868839001,0.2222222222222222,0.2222222222222222,0 1 2 3 5 7 8 9,H00 H01 H10 H02 H20 H12 H21 H30,1 2 3 5 7 8 9,H01 H10 H02 H20 H12 H21 H30
random,9,10,7,7,8,7,0.7777777777777778,0.7777777777777778,0.7777777777777778,0.0013238731771707535,0.9174014083979104,0.9241647798038904,0.9986761268228292,0.9174014083979104,0.2222222222222222,0.2222222222222222,0 1 2 4 5 6 7 9,H00 H01 H10 H11 H20 H03 H12 H30,1 2 4 5 6 7 9,H01 H10 H11 H20 H03 H12 H30
random,9,11,7,7,8,7,0.7777777777777778,0.7777777777777778,0.7777777777777778,0.0015768593875691295,0.904109126570392,0.8803069423638291,0.9984231406124309,0.904109126570392,0.2222222222222222,0.2222222222222222,0 1 2 3 4 6 7 8,H00 H01 H10 H02 H11 H03 H12 H21,1 2 3 4 6 7 8,H01 H10 H02 H11 H03 H12 H21
random,9,12,7,7,8,7,0.7777777777777778,0.7777777777777778,0.7777777777777778,0.0012907986529171467,0.9190758332769596,0.9237979548149426,0.9987092013470829,0.9190758332769596,0.2222222222222222,0.2222222222222222,0 1 2 3 4 5 6 8,H00 H01 H10 H02 H11 H20 H03 H21,1 2 3 4 5 6 8,H01 H10 H02 H11 H20 H03 H21
random,9,13,7,7,8,7,0.7777777777777778,0.7777777777777778,0.7777777777777778,0.0013085526879876852,0.9188880837665302,0.9259802325813226,0.9986914473120123,0.9188880837665302,0.2222222222222222,0.2222222222222222,0 2 4 5 6 7 8 9,H00 H10 H11 H20 H03 H12 H21 H30,2 4 5 6 7 8 9,H10 H11 H20 H03 H12 H21 H30
random,9,14,7,7,8,7,0.7777777777777778,0.7777777777777778,0.7777777777777778,0.0016790721565485,0.9010511575074032,0.8787564999871444,0.9983209278434515,0.9010511575074032,0.2222222222222222,0.2222222222222222,0 1 2 4 6 7 8 9,H00 H01 H10 H11 H03 H12 H21 H30,1 2 4 6 7 8 9,H01 H10 H11 H03 H12 H21 H30
random,9,15,7,7,8,7,0.7777777777777778,0.7777777777777778,0.7777777777777778,0.0013085526879876852,0.9188880837665302,0.9259802325813226,0.9986914473120123,0.9188880837665302,0.2222222222222222,0.2222222222222222,0 2 4 5 6 7 8 9,H00 H10 H11 H20 H03 H12 H21 H30,2 4 5 6 7 8 9,H10 H11 H20 H03 H12 H21 H30
random,9,16,7,7,8,7,0.7777777777777778,0.7777777777777778,0.7777777777777778,0.001464455621317029,0.9073231878837705,0.9126638822533011,0.998535544378683,0.9073231878837705,0.2222222222222222,0.2222222222222222,0 1 2 4 5 6 8 9,H00 H01 H10 H11 H20 H03 H21 H30,1 2 4 5 6 8 9,H01 H10 H11 H20 H03 H21 H30
random,9,17,7,7,8,7,0.7777777777777778,0.7777777777777778,0.7777777777777778,0.0017846254631876945,0.8896012299214617,0.8710704682901224,0.9982153745368123,0.8896012299214617,0.2222222222222222,0.2222222222222222,0 1 2 3 4 6 7 9,H00 H01 H10 H02 H11 H03 H12 H30,1 2 3 4 6 7 9,H01 H10 H02 H11 H03 H12 H30
random,9,18,7,7,8,7,0.7777777777777778,0.7777777777777778,0.7777777777777778,0.0012907986529171467,0.9190758332769596,0.9237979548149426,0.9987092013470829,0.9190758332769596,0.2222222222222222,0.2222222222222222,0 1 2 3 4 5 6 8,H00 H01 H10 H02 H11 H20 H03 H21,1 2 3 4 5 6 8,H01 H10 H02 H11 H20 H03 H21
random,9,19,7,7,8,7,0.7777777777777778,0.7777777777777778,0.7777777777777778,0.0013238731771707535,0.9174014083979104,0.9241647798038904,0.9986761268228292,0.9174014083979104,0.2222222222222222,0.2222222222222222,0 1 2 4 5 6 7 9,H00 H01 H10 H11 H20 H03 H12 H30,1 2 4 5 6 7 9,H01 H10 H11 H20 H03 H12 H30
random,9,0,8,8,9,8,0.8888888888888888,0.8888888888888888,0.8888888888888888,0.0012478188145905733,0.9222261669484103,0.9282883996791378,0.9987521811854094,0.9222261669484103,0.11111111111111116,0.11111111111111116,0 1 2 3 4 5 6 7 8,H00 H01 H10 H02 H11 H20 H03 H12 H21,1 2 3 4 5 6 7 8,H01 H10 H02 H11 H20 H03 H12 H21
random,9,1,8,8,9,8,0.8888888888888888,0.8888888888888888,0.8888888888888888,0.0012313565239310265,0.923261228395132,0.9331295693862817,0.998768643476069,0.923261228395132,0.11111111111111116,0.11111111111111116,0 1 2 3 4 5 7 8 9,H00 H01 H10 H02 H11 H20 H12 H21 H30,1 2 3 4 5 7 8 9,H01 H10 H02 H11 H20 H12 H21 H30
random,9,2,8,8,9,8,0.8888888888888888,0.8888888888888888,0.8888888888888888,0.0015155754517763853,0.9083272916277013,0.8975191407985804,0.9984844245482236,0.9083272916277013,0.11111111111111116,0.11111111111111116,0 1 2 3 4 6 7 8 9,H00 H01 H10 H02 H11 H03 H12 H21 H30,1 2 3 4 6 7 8 9,H01 H10 H02 H11 H03 H12 H21 H30
random,9,3,8,8,9,8,0.8888888888888888,0.8888888888888888,0.8888888888888888,0.0015155754517763853,0.9083272916277013,0.8975191407985804,0.9984844245482236,0.9083272916277013,0.11111111111111116,0.11111111111111116,0 1 2 3 4 6 7 8 9,H00 H01 H10 H02 H11 H03 H12 H21 H30,1 2 3 4 6 7 8 9,H01 H10 H02 H11 H03 H12 H21 H30
random,9,4,8,8,9,8,0.8888888888888888,0.8888888888888888,0.8888888888888888,0.0014026416465640068,0.9102430805900577,0.9215908506789193,0.998597358353436,0.9102430805900577,0.11111111111111116,0.11111111111111116,0 1 2 3 5 6 7 8 9,H00 H01 H10 H02 H20 H03 H12 H21 H30,1 2 3 5 6 7 8 9,H01 H10 H02 H20 H03 H12 H21 H30
random,9,5,8,8,9,8,0.8888888888888888,0.8888888888888888,0.8888888888888888,0.0012215882306918502,0.924165210528266,0.9332502471577107,0.9987784117693081,0.924165210528266,0.11111111111111116,0.11111111111111116,0 2 3 4 5 6 7 8 9,H00 H10 H02 H11 H20 H03 H12 H21 H30,2 3 4 5 6 7 8 9,H10 H02 H11 H20 H03 H12 H21 H30
random,9,6,8,8,9,8,0.8888888888888888,0.8888888888888888,0.8888888888888888,0.0012392164207994938,0.9228136617597303,0.9323368148554791,0.9987607835792005,0.9228136617597303,0.11111111111111116,0.11111111111111116,0 1 2 3 4 5 6 7 9,H00 H01 H10 H02 H11 H20 H03 H12 H30,1 2 3 4 5 6 7 9,H01 H10 H02 H11 H20 H03 H12 H30
random,9,7,8,8,9,8,0.8888888888888888,0.8888888888888888,0.8888888888888888,0.0015155754517763853,0.9083272916277013,0.8975191407985804,0.9984844245482236,0.9083272916277013,0.11111111111111116,0.11111111111111116,0 1 2 3 4 6 7 8 9,H00 H01 H10 H02 H11 H03 H12 H21 H30,1 2 3 4 6 7 8 9,H01 H10 H02 H11 H03 H12 H21 H30
random,9,8,8,8,9,8,0.8888888888888888,0.8888888888888888,0.8888888888888888,0.0013085086829960346,0.9188802386329518,0.9259127111895654,0.998691491317004,0.9188802386329518,0.11111111111111116,0.11111111111111116,0 1 2 4 5 6 7 8 9,H00 H01 H10 H11 H20 H03 H12 H21 H30,1 2 4 5 6 7 8 9,H01 H10 H11 H20 H03 H12 H21 H30
random,9,9,8,8,9,8,0.8888888888888888,0.8888888888888888,0.8888888888888888,0.0012294133193790913,0.923952450774229,0.9336381667791699,0.9987705866806209,0.923952450774229,0.11111111111111116,0.11111111111111116,0 1 2 3 4 5 6 8 9,H00 H01 H10 H02 H11 H20 H03 H21 H30,1 2 3 4 5 6 8 9,H01 H10 H02 H11 H20 H03 H21 H30
random,9,10,8,8,9,8,0.8888888888888888,0.8888888888888888,0.8888888888888888,0.0012294133193790913,0.923952450774229,0.9336381667791699,0.9987705866806209,0.923952450774229,0.11111111111111116,0.11111111111111116,0 1 2 3 4 5 6 8 9,H00 H01 H10 H02 H11 H20 H03 H21 H30,1 2 3 4 5 6 8 9,H01 H10 H02 H11 H20 H03 H21 H30
random,9,11,8,8,9,8,0.8888888888888888,0.8888888888888888,0.8888888888888888,0.0012392164207994938,0.9228136617597303,0.9323368148554791,0.9987607835792005,0.9228136617597303,0.11111111111111116,0.11111111111111116,0 1 2 3 4 5 6 7 9,H00 H01 H10 H02 H11 H20 H03 H12 H30,1 2 3 4 5 6 7 9,H01 H10 H02 H11 H20 H03 H12 H30
random,9,12,8,8,9,8,0.8888888888888888,0.8888888888888888,0.8888888888888888,0.0014026416465640068,0.9102430805900577,0.9215908506789193,0.998597358353436,0.9102430805900577,0.11111111111111116,0.11111111111111116,0 1 2 3 5 6 7 8 9,H00 H01 H10 H02 H20 H03 H12 H21 H30,1 2 3 5 6 7 8 9,H01 H10 H02 H20 H03 H12 H21 H30
random,9,13,8,8,9,8,0.8888888888888888,0.8888888888888888,0.8888888888888888,0.0012478188145905733,0.9222261669484103,0.9282883996791378,0.9987521811854094,0.9222261669484103,0.11111111111111116,0.11111111111111116,0 1 2 3 4 5 6 7 8,H00 H01 H10 H02 H11 H20 H03 H12 H21,1 2 3 4 5 6 7 8,H01 H10 H02 H11 H20 H03 H12 H21
random,9,14,8,8,9,8,0.8888888888888888,0.8888888888888888,0.8888888888888888,0.0012478188145905733,0.9222261669484103,0.9282883996791378,0.9987521811854094,0.9222261669484103,0.11111111111111116,0.11111111111111116,0 1 2 3 4 5 6 7 8,H00 H01 H10 H02 H11 H20 H03 H12 H21,1 2 3 4 5 6 7 8,H01 H10 H02 H11 H20 H03 H12 H21
random,9,15,8,8,9,8,0.8888888888888888,0.8888888888888888,0.8888888888888888,0.0012294133193790913,0.923952450774229,0.9336381667791699,0.9987705866806209,0.923952450774229,0.11111111111111116,0.11111111111111116,0 1 2 3 4 5 6 8 9,H00 H01 H10 H02 H11 H20 H03 H21 H30,1 2 3 4 5 6 8 9,H01 H10 H02 H11 H20 H03 H21 H30
random,9,16,8,8,9,8,0.8888888888888888,0.8888888888888888,0.8888888888888888,0.0013085086829960346,0.9188802386329518,0.9259127111895654,0.998691491317004,0.9188802386329518,0.11111111111111116,0.11111111111111116,0 1 2 4 5 6 7 8 9,H00 H01 H10 H11 H20 H03 H12 H21 H30,1 2 4 5 6 7 8 9,H01 H10 H11 H20 H03 H12 H21 H30
random,9,17,8,8,9,8,0.8888888888888888,0.8888888888888888,0.8888888888888888,0.0012227857951074839,0.923950052289702,0.9323069961777969,0.9987772142048925,0.923950052289702,0.11111111111111116,0.11111111111111116,0 1 3 4 5 6 7 8 9,H00 H01 H02 H11 H20 H03 H12 H21 H30,1 3 4 5 6 7 8 9,H01 H02 H11 H20 H03 H12 H21 H30
random,9,18,8,8,9,8,0.8888888888888888,0.8888888888888888,0.8888888888888888,0.0012227857951074839,0.923950052289702,0.9323069961777969,0.9987772142048925,0.923950052289702,0.11111111111111116,0.11111111111111116,0 1 3 4 5 6 7 8 9,H00 H01 H02 H11 H20 H03 H12 H21 H30,1 3 4 5 6 7 8 9,H01 H02 H11 H20 H03 H12 H21 H30
random,9,19,8,8,9,8,0.8888888888888888,0.8888888888888888,0.8888888888888888,0.0012478188145905733,0.9222261669484103,0.9282883996791378,0.9987521811854094,0.9222261669484103,0.11111111111111116,0.11111111111111116,0 1 2 3 4 5 6 7 8,H00 H01 H10 H02 H11 H20 H03 H12 H21,1 2 3 4 5 6 7 8,H01 H10 H02 H11 H20 H03 H12 H21
random,9,0,9,9,10,9,1.0,1.0,1.0,0.0012130457907915115,0.9249279778295691,0.9347959478641145,0.9987869542092085,0.9249279778295691,0.0,0.0,0 1 2 3 4 5 6 7 8 9,H00 H01 H10 H02 H11 H20 H03 H12 H21 H30,1 2 3 4 5 6 7 8 9,H01 H10 H02 H11 H20 H03 H12 H21 H30
random,9,1,9,9,10,9,1.0,1.0,1.0,0.0012130457907915115,0.9249279778295691,0.9347959478641145,0.9987869542092085,0.9249279778295691,0.0,0.0,0 1 2 3 4 5 6 7 8 9,H00 H01 H10 H02 H11 H20 H03 H12 H21 H30,1 2 3 4 5 6 7 8 9,H01 H10 H02 H11 H20 H03 H12 H21 H30
random,9,2,9,9,10,9,1.0,1.0,1.0,0.0012130457907915115,0.9249279778295691,0.9347959478641145,0.9987869542092085,0.9249279778295691,0.0,0.0,0 1 2 3 4 5 6 7 8 9,H00 H01 H10 H02 H11 H20 H03 H12 H21 H30,1 2 3 4 5 6 7 8 9,H01 H10 H02 H11 H20 H03 H12 H21 H30
random,9,3,9,9,10,9,1.0,1.0,1.0,0.0012130457907915115,0.9249279778295691,0.9347959478641145,0.9987869542092085,0.9249279778295691,0.0,0.0,0 1 2 3 4 5 6 7 8 9,H00 H01 H10 H02 H11 H20 H03 H12 H21 H30,1 2 3 4 5 6 7 8 9,H01 H10 H02 H11 H20 H03 H12 H21 H30
random,9,4,9,9,10,9,1.0,1.0,1.0,0.0012130457907915115,0.9249279778295691,0.9347959478641145,0.9987869542092085,0.9249279778295691,0.0,0.0,0 1 2 3 4 5 6 7 8 9,H00 H01 H10 H02 H11 H20 H03 H12 H21 H30,1 2 3 4 5 6 7 8 9,H01 H10 H02 H11 H20 H03 H12 H21 H30
random,9,5,9,9,10,9,1.0,1.0,1.0,0.0012130457907915115,0.9249279778295691,0.9347959478641145,0.9987869542092085,0.9249279778295691,0.0,0.0,0 1 2 3 4 5 6 7 8 9,H00 H01 H10 H02 H11 H20 H03 H12 H21 H30,1 2 3 4 5 6 7 8 9,H01 H10 H02 H11 H20 H03 H12 H21 H30
random,9,6,9,9,10,9,1.0,1.0,1.0,0.0012130457907915115,0.9249279778295691,0.9347959478641145,0.9987869542092085,0.9249279778295691,0.0,0.0,0 1 2 3 4 5 6 7 8 9,H00 H01 H10 H02 H11 H20 H03 H12 H21 H30,1 2 3 4 5 6 7 8 9,H01 H10 H02 H11 H20 H03 H12 H21 H30
random,9,7,9,9,10,9,1.0,1.0,1.0,0.0012130457907915115,0.9249279778295691,0.9347959478641145,0.9987869542092085,0.9249279778295691,0.0,0.0,0 1 2 3 4 5 6 7 8 9,H00 H01 H10 H02 H11 H20 H03 H12 H21 H30,1 2 3 4 5 6 7 8 9,H01 H10 H02 H11 H20 H03 H12 H21 H30
random,9,8,9,9,10,9,1.0,1.0,1.0,0.0012130457907915115,0.9249279778295691,0.9347959478641145,0.9987869542092085,0.9249279778295691,0.0,0.0,0 1 2 3 4 5 6 7 8 9,H00 H01 H10 H02 H11 H20 H03 H12 H21 H30,1 2 3 4 5 6 7 8 9,H01 H10 H02 H11 H20 H03 H12 H21 H30
random,9,9,9,9,10,9,1.0,1.0,1.0,0.0012130457907915115,0.9249279778295691,0.9347959478641145,0.9987869542092085,0.9249279778295691,0.0,0.0,0 1 2 3 4 5 6 7 8 9,H00 H01 H10 H02 H11 H20 H03 H12 H21 H30,1 2 3 4 5 6 7 8 9,H01 H10 H02 H11 H20 H03 H12 H21 H30
random,9,10,9,9,10,9,1.0,1.0,1.0,0.0012130457907915115,0.9249279778295691,0.9347959478641145,0.9987869542092085,0.9249279778295691,0.0,0.0,0 1 2 3 4 5 6 7 8 9,H00 H01 H10 H02 H11 H20 H03 H12 H21 H30,1 2 3 4 5 6 7 8 9,H01 H10 H02 H11 H20 H03 H12 H21 H30
random,9,11,9,9,10,9,1.0,1.0,1.0,0.0012130457907915115,0.9249279778295691,0.9347959478641145,0.9987869542092085,0.9249279778295691,0.0,0.0,0 1 2 3 4 5 6 7 8 9,H00 H01 H10 H02 H11 H20 H03 H12 H21 H30,1 2 3 4 5 6 7 8 9,H01 H10 H02 H11 H20 H03 H12 H21 H30
random,9,12,9,9,10,9,1.0,1.0,1.0,0.0012130457907915115,0.9249279778295691,0.9347959478641145,0.9987869542092085,0.9249279778295691,0.0,0.0,0 1 2 3 4 5 6 7 8 9,H00 H01 H10 H02 H11 H20 H03 H12 H21 H30,1 2 3 4 5 6 7 8 9,H01 H10 H02 H11 H20 H03 H12 H21 H30
random,9,13,9,9,10,9,1.0,1.0,1.0,0.0012130457907915115,0.9249279778295691,0.9347959478641145,0.9987869542092085,0.9249279778295691,0.0,0.0,0 1 2 3 4 5 6 7 8 9,H00 H01 H10 H02 H11 H20 H03 H12 H21 H30,1 2 3 4 5 6 7 8 9,H01 H10 H02 H11 H20 H03 H12 H21 H30
random,9,14,9,9,10,9,1.0,1.0,1.0,0.0012130457907915115,0.9249279778295691,0.9347959478641145,0.9987869542092085,0.9249279778295691,0.0,0.0,0 1 2 3 4 5 6 7 8 9,H00 H01 H10 H02 H11 H20 H03 H12 H21 H30,1 2 3 4 5 6 7 8 9,H01 H10 H02 H11 H20 H03 H12 H21 H30
random,9,15,9,9,10,9,1.0,1.0,1.0,0.0012130457907915115,0.9249279778295691,0.9347959478641145,0.9987869542092085,0.9249279778295691,0.0,0.0,0 1 2 3 4 5 6 7 8 9,H00 H01 H10 H02 H11 H20 H03 H12 H21 H30,1 2 3 4 5 6 7 8 9,H01 H10 H02 H11 H20 H03 H12 H21 H30
random,9,16,9,9,10,9,1.0,1.0,1.0,0.0012130457907915115,0.9249279778295691,0.9347959478641145,0.9987869542092085,0.9249279778295691,0.0,0.0,0 1 2 3 4 5 6 7 8 9,H00 H01 H10 H02 H11 H20 H03 H12 H21 H30,1 2 3 4 5 6 7 8 9,H01 H10 H02 H11 H20 H03 H12 H21 H30
random,9,17,9,9,10,9,1.0,1.0,1.0,0.0012130457907915115,0.9249279778295691,0.9347959478641145,0.9987869542092085,0.9249279778295691,0.0,0.0,0 1 2 3 4 5 6 7 8 9,H00 H01 H10 H02 H11 H20 H03 H12 H21 H30,1 2 3 4 5 6 7 8 9,H01 H10 H02 H11 H20 H03 H12 H21 H30
random,9,18,9,9,10,9,1.0,1.0,1.0,0.0012130457907915115,0.9249279778295691,0.9347959478641145,0.9987869542092085,0.9249279778295691,0.0,0.0,0 1 2 3 4 5 6 7 8 9,H00 H01 H10 H02 H11 H20 H03 H12 H21 H30,1 2 3 4 5 6 7 8 9,H01 H10 H02 H11 H20 H03 H12 H21 H30
random,9,19,9,9,10,9,1.0,1.0,1.0,0.0012130457907915115,0.9249279778295691,0.9347959478641145,0.9987869542092085,0.9249279778295691,0.0,0.0,0 1 2 3 4 5 6 7 8 9,H00 H01 H10 H02 H11 H20 H03 H12 H21 H30,1 2 3 4 5 6 7 8 9,H01 H10 H02 H11 H20 H03 H12 H21 H30
