step,action,action_label,event,reward_mse,reward_ssim,reward_cost,reward_k,mse,ssim,k,cost,selected_indices,selected_labels,terminated,truncated
0,7,H12,select_component,0.029320716857910156,0.03187410905957222,-0.10000000149011612,-0.10000000149011612,0.5301631689071655,0.031954820212062245,1,0.1,7,H12,False,False
1,5,H20,select_component,0.0023797154426574707,0.005056985188275576,-0.10000000149011612,-0.10000000149011612,0.5277834534645081,0.037011805630326966,2,0.2,5 7,H20 H12,False,False
2,2,H10,select_component,0.0031372904777526855,0.005524185486137867,-0.10000000149011612,-0.10000000894069672,0.5246461629867554,0.042535991186074165,3,0.3,2 5 7,H10 H20 H12,False,False
3,3,H02,select_component,-1.2755393981933594e-05,-0.00018398081010673195,-0.10000000149011612,-0.09999999403953552,0.5246589183807373,0.0423520103705959,4,0.4,2 3 5 7,H10 H02 H20 H12,False,False
4,0,H00,select_component,0.5242021679878235,0.8913325667381287,-0.10000000149011612,-0.09999999403953552,0.0004567704163491726,0.9336845899414931,5,0.5,0 2 3 5 7,H00 H10 H02 H20 H12,False,False
5,1,H01,select_component,4.0825107134878635e-05,0.004647505935281515,-0.10000000149011612,-0.10000002384185791,0.00041594530921429396,0.9383320960080014,6,0.6,0 1 2 3 5 7,H00 H01 H10 H02 H20 H12,False,False
6,4,H11,select_component,6.050665979273617e-05,0.010831448249518871,-0.10000000149011612,-0.09999996423721313,0.0003554386494215578,0.9491635446174249,7,0.7,0 1 2 3 4 5 7,H00 H01 H10 H02 H11 H20 H12,False,False
7,6,H03,select_component,2.265785587951541e-05,0.003345469245687127,-0.10000000149011612,-0.10000002384185791,0.0003327807935420424,0.9525090137609545,8,0.8,0 1 2 3 4 5 6 7,H00 H01 H10 H02 H11 H20 H03 H12,False,False
8,10,STOP,stop,0.0,0.0,0.0,0.0,0.0003327807935420424,0.9525090137609545,8,0.8,0 1 2 3 4 5 6 7,H00 H01 H10 H02 H11 H20 H03 H12,True,False
