method,preference_id,preference_name,preference,mse_mean,ssim_mean,k_mean,cost_mean,common_components
Envelope-DQN,0.0,high_fidelity,0.550 0.250 0.100 0.100,0.00230950282420957,0.8604090052312428,2.0,0.2,H00 H11
Envelope-DQN,1.0,mse_ssim_balance,0.350 0.350 0.150 0.150,0.00237443253863597,0.8550640926675319,1.9,0.19,H00 H11
Envelope-DQN,2.0,general_balance,0.250 0.250 0.250 0.250,0.00378266726620491,0.7526762089884951,1.0,0.1,H00
Envelope-DQN,3.0,compact,0.200 0.200 0.300 0.300,0.00378266726620491,0.7526762089884951,1.0,0.1,H00
Envelope-DQN,4.0,very_compact,0.150 0.150 0.350 0.350,0.00378266726620491,0.7526762089884951,1.0,0.1,H00
