preference_id,preference_name,preference,mse,ssim,k,cost,scalar_return,score
0,high_fidelity,0.550 0.250 0.100 0.100,0.0015192281047347934,0.8580855255970326,2.8,0.18666666666666668,0.3428692206740379,0.8326709711943862
1,mse_ssim_balance,0.350 0.350 0.150 0.150,0.0014014998450875282,0.873934115607853,2.6,0.17333333333333334,0.3592905640602112,0.8474973895596044
2,general_balance,0.250 0.250 0.250 0.250,0.0021800144808366896,0.801778541521664,1.4,0.09333333333333334,0.22887879461050034,0.8498625739155639
3,compact,0.200 0.200 0.300 0.300,0.0025645377696491777,0.7523126835007855,1.0,0.06666666666666667,0.1704662948846817,0.8376939320085267
4,very_compact,0.150 0.150 0.350 0.350,0.0025645377696491777,0.7523126835007855,1.0,0.06666666666666667,0.11118305996060371,0.8376939320085267
