k,mse_mean,mse_std,ssim_mean,ssim_std
1,0.0030729607969988137,0.0010948266195689707,0.7512539676864288,0.057258856008416445
3,0.0018247362071027358,0.0007099762973130349,0.8443874814216451,0.042457575219608655
5,0.001422241737600416,0.0005545689016790379,0.8784485597751099,0.03637176754447246
10,0.0006746864722420772,0.00029091173434447665,0.9385227100931779,0.0234805716069661
