episode,seed,hermite_config,sigma,kernel_size,max_order,global_step,epsilon,scalar_return,loss,mse,ssim,k,paid_k,total_k,cost,actions
1,3,sigma_1p0__kernel_9__order_2,1.0,9,2,5,0.9984166666666666,-0.0987882912158966,,0.00013534293975681067,0.9771839583316966,5,5,6,0.0,2 3 1 4 5
2,3,sigma_1p0__kernel_9__order_2,1.0,9,2,10,0.9968333333333333,0.587512731552124,,0.00033691912540234625,0.9785110062601734,4,4,5,0.0,1 4 3 5 6
3,3,sigma_1p0__kernel_9__order_2,1.0,9,2,13,0.9958833333333333,0.43563979864120483,,0.0006284154951572418,0.9411568316884613,2,2,3,0.0,5 2 6
4,3,sigma_1p0__kernel_9__order_2,1.0,9,2,15,0.99525,0.3135484457015991,,0.0011799174826592207,0.9317995696976409,1,1,2,0.0,2 6
5,3,sigma_1p0__kernel_9__order_2,1.0,9,2,20,0.9936666666666667,0.5858900547027588,,0.00022222872939892113,0.9795374109472871,5,5,6,0.0,2 5 4 3 1
6,3,sigma_1p0__kernel_9__order_2,1.0,9,2,23,0.9927166666666667,0.037917815148830414,,0.00033193203853443265,0.9418074901832554,2,2,3,0.0,2 1 6
7,3,sigma_1p0__kernel_9__order_2,1.0,9,2,28,0.9911333333333333,-0.02657383680343628,,0.0003236685588490218,0.971904341534542,4,4,5,0.0,2 4 5 3 6
8,3,sigma_1p0__kernel_9__order_2,1.0,9,2,30,0.9905,0.155115008354187,,0.0009984041098505259,0.9054249167247419,1,1,2,0.0,2 6
9,3,sigma_1p0__kernel_9__order_2,1.0,9,2,32,0.9898666666666667,0.298298180103302,,0.0011614365503191948,0.9154221579237585,1,1,2,0.0,2 6
10,3,sigma_1p0__kernel_9__order_2,1.0,9,2,36,0.9886,0.470178484916687,,0.0007079782662913203,0.9593047053153393,3,3,4,0.0,4 2 1 6
11,3,sigma_1p0__kernel_9__order_2,1.0,9,2,41,0.9870166666666667,0.45172378420829773,,0.0002711522101890296,0.9798690636291232,5,5,6,0.0,1 3 2 5 4
12,3,sigma_1p0__kernel_9__order_2,1.0,9,2,43,0.9863833333333334,0.11969786882400513,,0.0014786127721890807,0.866908831803148,1,1,2,0.0,5 6
13,3,sigma_1p0__kernel_9__order_2,1.0,9,2,44,0.9860666666666666,0.0,,0.002674042247235775,0.7187610580613581,0,0,1,0.0,6
14,3,sigma_1p0__kernel_9__order_2,1.0,9,2,47,0.9851166666666666,0.22531288862228394,,0.0008018948137760162,0.9401933246609997,2,2,3,0.0,4 1 6
15,3,sigma_1p0__kernel_9__order_2,1.0,9,2,50,0.9841666666666666,0.3168520927429199,,0.0009526443900540471,0.9151682938746976,2,2,3,0.0,4 2 6
16,3,sigma_1p0__kernel_9__order_2,1.0,9,2,54,0.9829,0.49800360202789307,,0.0006353504722937942,0.9558196590325212,3,3,4,0.0,1 2 5 6
17,3,sigma_1p0__kernel_9__order_2,1.0,9,2,57,0.98195,0.14683887362480164,,0.0008435813942924142,0.9386159586282746,2,2,3,0.0,3 4 6
18,3,sigma_1p0__kernel_9__order_2,1.0,9,2,59,0.9813166666666666,0.1246737614274025,,0.0007158037042245269,0.927573984092396,1,1,2,0.0,5 6
19,3,sigma_1p0__kernel_9__order_2,1.0,9,2,63,0.98005,0.5424010753631592,,0.00046634438331238925,0.9637108288891392,3,3,4,0.0,5 4 2 6
20,3,sigma_1p0__kernel_9__order_2,1.0,9,2,67,0.9787833333333333,0.510841429233551,,0.00023996838717721403,0.9672891142358394,3,3,4,0.0,5 4 1 6
21,3,sigma_1p0__kernel_9__order_2,1.0,9,2,72,0.9772,0.14496348798274994,,0.0005949079059064388,0.9624397398529665,5,5,6,0.0,3 4 2 1 5
22,3,sigma_1p0__kernel_9__order_2,1.0,9,2,73,0.9768833333333333,0.0,,0.0007771444506943226,0.9101375993274764,0,0,1,0.0,6
23,3,sigma_1p0__kernel_9__order_2,1.0,9,2,78,0.9753000000000001,-0.09601286053657532,,0.00010300579015165567,0.9845453111651962,5,5,6,0.0,3 1 4 2 5
24,3,sigma_1p0__kernel_9__order_2,1.0,9,2,79,0.9749833333333333,0.0,,0.0010371885728091002,0.8819429104379184,0,0,1,0.0,6
25,3,sigma_1p0__kernel_9__order_2,1.0,9,2,82,0.9740333333333333,0.18298253417015076,,0.0007255175150930882,0.9204214594274865,2,2,3,0.0,4 1 6
26,3,sigma_1p0__kernel_9__order_2,1.0,9,2,83,0.9737166666666667,0.0,,0.0025238909292966127,0.8190127095732479,0,0,1,0.0,6
27,3,sigma_1p0__kernel_9__order_2,1.0,9,2,85,0.9730833333333333,0.09053212404251099,,0.0010426510125398636,0.9284661907822284,1,1,2,0.0,5 6
28,3,sigma_1p0__kernel_9__order_2,1.0,9,2,89,0.9718166666666667,0.18643634021282196,,0.0005657049478031695,0.9487001294365394,3,3,4,0.0,3 4 2 6
29,3,sigma_1p0__kernel_9__order_2,1.0,9,2,94,0.9702333333333333,0.6069180965423584,,0.0002915810910053551,0.9785065628083226,4,4,5,0.0,1 3 5 4 6
30,3,sigma_1p0__kernel_9__order_2,1.0,9,2,99,0.96865,0.05274467170238495,,0.00015950106899254024,0.9843590594783833,5,5,6,0.0,1 3 4 2 5
31,3,sigma_1p0__kernel_9__order_2,1.0,9,2,102,0.9677,0.16950292885303497,,0.0002968789776787162,0.967183250787709,2,2,3,0.0,3 5 6
32,3,sigma_1p0__kernel_9__order_2,1.0,9,2,107,0.9661166666666666,-0.026727810502052307,,0.0001276186667382717,0.9839046775550536,4,4,5,0.0,5 4 1 3 6
33,3,sigma_1p0__kernel_9__order_2,1.0,9,2,108,0.9658,0.0,,0.001856160582974553,0.8008199268320795,0,0,1,0.0,6
34,3,sigma_1p0__kernel_9__order_2,1.0,9,2,110,0.9651666666666666,0.2902052402496338,,0.0006305116694420576,0.938003740301101,1,1,2,0.0,4 6
35,3,sigma_1p0__kernel_9__order_2,1.0,9,2,111,0.96485,0.0,,0.003308313898742199,0.7732636727288578,0,0,1,0.0,6
36,3,sigma_1p0__kernel_9__order_2,1.0,9,2,116,0.9632666666666667,0.0059380680322647095,,0.00044957699719816446,0.9575603526178637,5,5,6,0.0,2 1 5 3 4
37,3,sigma_1p0__kernel_9__order_2,1.0,9,2,118,0.9626333333333333,0.12952420115470886,,0.0008824567776173353,0.9398244744106933,1,1,2,0.0,2 6
38,3,sigma_1p0__kernel_9__order_2,1.0,9,2,121,0.9616833333333333,0.12040987610816956,,0.00098056485876441,0.9241057938046745,2,2,3,0.0,3 1 6
39,3,sigma_1p0__kernel_9__order_2,1.0,9,2,125,0.9604166666666667,0.0014417394995689392,,0.0006244954420253634,0.9473338095597507,3,3,4,0.0,2 4 1 6
40,3,sigma_1p0__kernel_9__order_2,1.0,9,2,130,0.9588333333333333,0.44276994466781616,0.023126653706034023,0.00016945380775723606,0.9815922113186397,5,5,6,0.0,2 5 3 4 1
41,3,sigma_1p0__kernel_9__order_2,1.0,9,2,135,0.95725,-0.02127726376056671,0.014327211305499077,0.00022795081895310432,0.9836518599360508,4,4,5,0.0,4 3 2 5 6
42,3,sigma_1p0__kernel_9__order_2,1.0,9,2,140,0.9556666666666667,0.6252923011779785,0.009644585940986872,0.00010020502668339759,0.991501499813462,5,5,6,0.0,2 4 3 5 1
43,3,sigma_1p0__kernel_9__order_2,1.0,9,2,142,0.9550333333333333,0.33713507652282715,0.007137293461710215,0.0010830007959157228,0.9220887068371143,1,1,2,0.0,5 6
44,3,sigma_1p0__kernel_9__order_2,1.0,9,2,144,0.9544,0.0393536277115345,0.007221406791359186,0.0005182330496609211,0.9340325587392562,1,1,2,0.0,5 6
45,3,sigma_1p0__kernel_9__order_2,1.0,9,2,146,0.9537666666666667,0.05587531998753548,0.006260794820263982,0.0009479798609390855,0.9298883305505964,1,1,2,0.0,1 6
46,3,sigma_1p0__kernel_9__order_2,1.0,9,2,151,0.9521833333333334,0.4715119004249573,0.005005474481731653,0.00017057478544302285,0.9812847025754478,4,4,5,0.0,2 3 4 5 6
47,3,sigma_1p0__kernel_9__order_2,1.0,9,2,156,0.9506,0.4852170944213867,0.0029272592160850762,0.0004773234250023961,0.9494083986022952,4,4,5,0.0,1 4 3 2 6
48,3,sigma_1p0__kernel_9__order_2,1.0,9,2,159,0.94965,0.3222567141056061,0.0020056221401318908,0.0015352959744632244,0.8993821407487786,2,2,3,0.0,2 1 6
49,3,sigma_1p0__kernel_9__order_2,1.0,9,2,160,0.9493333333333334,0.0,0.0025659222155809402,0.0019371160306036472,0.8608352722739635,0,0,1,0.0,6
50,3,sigma_1p0__kernel_9__order_2,1.0,9,2,162,0.9487,0.0700916051864624,0.0018113763071596622,0.0003735968202818185,0.9484546875025232,1,1,2,0.0,2 6
51,3,sigma_1p0__kernel_9__order_2,1.0,9,2,167,0.9471166666666667,0.09089025855064392,0.0015004637651145458,0.0002612602838780731,0.9784177513029005,4,4,5,0.0,4 5 1 3 6
52,3,sigma_1p0__kernel_9__order_2,1.0,9,2,172,0.9455333333333333,0.16085131466388702,0.0012172245420515536,0.000483919691760093,0.9566156930433017,4,4,5,0.0,4 2 5 1 6
53,3,sigma_1p0__kernel_9__order_2,1.0,9,2,177,0.94395,0.4635224938392639,0.0009754104888997972,0.00027670079725794494,0.9828725389684423,5,5,6,0.0,2 1 3 4 5
54,3,sigma_1p0__kernel_9__order_2,1.0,9,2,180,0.9430000000000001,0.23470187187194824,0.0008603503035070995,0.0009048029314726591,0.9388976826395631,2,2,3,0.0,5 3 6
55,3,sigma_1p0__kernel_9__order_2,1.0,9,2,181,0.9426833333333333,0.0,0.001254518050700426,0.0015476560220122337,0.8544009318940705,0,0,1,0.0,6
56,3,sigma_1p0__kernel_9__order_2,1.0,9,2,183,0.94205,0.09955529868602753,0.0010349619551561773,0.0006769906030967832,0.9313428395568403,1,1,2,0.0,5 6
57,3,sigma_1p0__kernel_9__order_2,1.0,9,2,188,0.9404666666666667,0.19465716183185577,0.000906018412206322,0.0005972589715383947,0.9623692988038205,4,4,5,0.0,3 5 4 2 6
58,3,sigma_1p0__kernel_9__order_2,1.0,9,2,190,0.9398333333333333,0.3607904016971588,0.0008719218021724373,0.0010278149275109172,0.9290900185048651,1,1,2,0.0,1 6
59,3,sigma_1p0__kernel_9__order_2,1.0,9,2,193,0.9388833333333333,0.2856259346008301,0.000785563956014812,0.001058617839589715,0.9082504880042054,2,2,3,0.0,1 2 6
60,3,sigma_1p0__kernel_9__order_2,1.0,9,2,198,0.9373,0.007554396986961365,0.0007310414104722441,0.0005527414032258093,0.9454935515536422,5,5,6,0.0,5 3 4 1 2
61,3,sigma_1p0__kernel_9__order_2,1.0,9,2,202,0.9360333333333334,0.2161293625831604,0.0007192745251813903,0.0002674833813216537,0.9672285587871259,3,3,4,0.0,3 2 5 6
62,3,sigma_1p0__kernel_9__order_2,1.0,9,2,206,0.9347666666666666,0.3165835738182068,0.0005615625559585169,0.0007937709451653063,0.9141166404811012,3,3,4,0.0,2 1 5 6
63,3,sigma_1p0__kernel_9__order_2,1.0,9,2,209,0.9338166666666666,0.2694889307022095,0.000518878436802576,0.0011164527386426926,0.9049577536714771,2,2,3,0.0,5 1 6
64,3,sigma_1p0__kernel_9__order_2,1.0,9,2,213,0.93255,0.45921194553375244,0.0005395274711190723,0.0007246348541229963,0.9559458593852314,3,3,4,0.0,3 4 2 6
65,3,sigma_1p0__kernel_9__order_2,1.0,9,2,218,0.9309666666666667,-0.0020098090171813965,0.0006583493552170694,0.0011781868524849415,0.8960969302798848,4,4,5,0.0,1 2 5 4 6
66,3,sigma_1p0__kernel_9__order_2,1.0,9,2,223,0.9293833333333333,0.051610395312309265,0.0006129727233201265,0.0004318730207160115,0.9675667485428197,4,4,5,0.0,3 1 2 4 6
67,3,sigma_1p0__kernel_9__order_2,1.0,9,2,228,0.9278,0.1722591370344162,0.0005017285875510424,0.00015662139048799872,0.9811158416600063,5,5,6,0.0,2 1 3 4 5
68,3,sigma_1p0__kernel_9__order_2,1.0,9,2,230,0.9271666666666667,0.05246651545166969,0.0004462600190890953,0.0009083764161914587,0.9236087367275241,1,1,2,0.0,3 6
69,3,sigma_1p0__kernel_9__order_2,1.0,9,2,235,0.9255833333333333,-0.05170836299657822,0.0005781135463621467,0.0003874670364893973,0.9708791242095152,4,4,5,0.0,3 2 1 5 6
70,3,sigma_1p0__kernel_9__order_2,1.0,9,2,238,0.9246333333333333,0.40549975633621216,0.0005885513771014909,0.0003888272913172841,0.9510824595280124,2,2,3,0.0,3 5 6
71,3,sigma_1p0__kernel_9__order_2,1.0,9,2,243,0.92305,-0.0020098239183425903,0.0004994330287445336,0.0011781868524849415,0.8960969302798848,4,4,5,0.0,1 2 4 5 6
72,3,sigma_1p0__kernel_9__order_2,1.0,9,2,246,0.9221,0.09589454531669617,0.0005429116232941548,0.0008733656723052263,0.9162176775166878,2,2,3,0.0,2 1 6
73,3,sigma_1p0__kernel_9__order_2,1.0,9,2,251,0.9205166666666666,0.4362833797931671,0.0019001982058398426,0.00045083893928676844,0.9709876011016111,4,4,5,0.0,2 3 5 1 6
74,3,sigma_1p0__kernel_9__order_2,1.0,9,2,254,0.9195666666666666,0.3206821084022522,0.004788616672158241,0.0005382219678722322,0.9487319498386025,2,2,3,0.0,4 1 6
75,3,sigma_1p0__kernel_9__order_2,1.0,9,2,257,0.9186166666666666,0.228439062833786,0.0027013716753572226,0.0007987822173163295,0.9420984802273734,2,2,3,0.0,2 1 6
76,3,sigma_1p0__kernel_9__order_2,1.0,9,2,258,0.9183,0.0,0.003633341286331415,0.0013044682564213872,0.862803267578591,0,0,1,0.0,6
77,3,sigma_1p0__kernel_9__order_2,1.0,9,2,259,0.9179833333333334,0.0,0.003363083815202117,0.0011222397442907095,0.8815270427716331,0,0,1,0.0,6
78,3,sigma_1p0__kernel_9__order_2,1.0,9,2,263,0.9167166666666666,0.06376689672470093,0.0018641702772583812,0.0009231183212250471,0.9065522418294311,3,3,4,0.0,4 1 2 6
79,3,sigma_1p0__kernel_9__order_2,1.0,9,2,264,0.9164,0.0,0.0022642631083726883,0.0017319965409114957,0.8891542722049139,0,0,1,0.0,6
80,3,sigma_1p0__kernel_9__order_2,1.0,9,2,265,0.9160833333333334,0.0,0.002322123385965824,0.0011310902191326022,0.850055396317656,0,0,1,0.0,6
81,3,sigma_1p0__kernel_9__order_2,1.0,9,2,270,0.9145,0.47766661643981934,0.0018541094847023486,0.00011469401943031698,0.98698817721516,4,4,5,0.0,3 1 4 5 6
82,3,sigma_1p0__kernel_9__order_2,1.0,9,2,275,0.9129166666666667,-0.09099890291690826,0.0010932595934718848,0.00040402458398602903,0.9738739719359685,5,5,6,0.0,3 1 4 5 2
83,3,sigma_1p0__kernel_9__order_2,1.0,9,2,280,0.9113333333333333,-0.09099888801574707,0.0011936785420402884,0.00040402458398602903,0.9738739719359685,5,5,6,0.0,3 5 2 1 4
84,3,sigma_1p0__kernel_9__order_2,1.0,9,2,283,0.9103833333333333,0.08393444120883942,0.0009830945443051557,0.000825033406727016,0.944136014095243,2,2,3,0.0,3 2 6
85,3,sigma_1p0__kernel_9__order_2,1.0,9,2,285,0.9097500000000001,0.311391144990921,0.0011640492011792958,0.0006450718501582742,0.9493256867038226,1,1,2,0.0,5 6
86,3,sigma_1p0__kernel_9__order_2,1.0,9,2,289,0.9084833333333333,0.08725026249885559,0.0008852978789946064,0.0008289672550745308,0.9378877794203946,3,3,4,0.0,1 2 3 6
87,3,sigma_1p0__kernel_9__order_2,1.0,9,2,293,0.9072166666666667,0.4460153579711914,0.0008918950479710475,0.0005041012773290277,0.9662679783937905,3,3,4,0.0,3 5 1 6
88,3,sigma_1p0__kernel_9__order_2,1.0,9,2,298,0.9056333333333333,-0.05577140301465988,0.0008300382643938065,0.0002121215220540762,0.9648797186922091,4,4,5,0.0,3 1 5 2 6
89,3,sigma_1p0__kernel_9__order_2,1.0,9,2,301,0.9046833333333333,0.07734768092632294,0.0008045400609262288,0.00047694897511973977,0.959780734125414,2,2,3,0.0,4 3 6
90,3,sigma_1p0__kernel_9__order_2,1.0,9,2,302,0.9043666666666667,0.0,0.0008999252459034324,0.0025238909292966127,0.8190127095732479,0,0,1,0.0,6
91,3,sigma_1p0__kernel_9__order_2,1.0,9,2,306,0.9031,-0.005099378526210785,0.0008501224656356499,0.0002727996907196939,0.9688467000490419,3,3,4,0.0,3 1 2 6
92,3,sigma_1p0__kernel_9__order_2,1.0,9,2,308,0.9024666666666666,0.12501686811447144,0.0008207013306673616,0.0006286735879257321,0.9406905328316723,1,1,2,0.0,1 6
93,3,sigma_1p0__kernel_9__order_2,1.0,9,2,312,0.9012,0.45619407296180725,0.0008333602600032464,0.0003822278813458979,0.9659012573971618,3,3,4,0.0,4 5 2 6
94,3,sigma_1p0__kernel_9__order_2,1.0,9,2,315,0.90025,0.0477447584271431,0.0008972962774957219,0.0002481931878719479,0.9618658112997674,2,2,3,0.0,1 4 6
95,3,sigma_1p0__kernel_9__order_2,1.0,9,2,319,0.8989833333333334,0.4621770679950714,0.0009106865472858772,0.00016647834854666144,0.9812966468749517,3,3,4,0.0,1 4 3 6
96,3,sigma_1p0__kernel_9__order_2,1.0,9,2,322,0.8980333333333334,0.38759076595306396,0.0007857972135146459,0.0003850822104141116,0.9450794086480396,2,2,3,0.0,3 2 6
97,3,sigma_1p0__kernel_9__order_2,1.0,9,2,323,0.8977166666666667,0.0,0.0007200198015198112,0.0016718236729502678,0.8375962150773736,0,0,1,0.0,6
98,3,sigma_1p0__kernel_9__order_2,1.0,9,2,328,0.8961333333333333,-0.047164902091026306,0.0006933400058187544,0.0006694769253954291,0.9576712642817378,4,4,5,0.0,3 5 2 1 6
99,3,sigma_1p0__kernel_9__order_2,1.0,9,2,331,0.8951833333333333,0.13265448808670044,0.0007338892319239676,0.0005959185655228794,0.9564749801201429,2,2,3,0.0,5 2 6
100,3,sigma_1p0__kernel_9__order_2,1.0,9,2,336,0.8936,0.44916749000549316,0.0008410368347540498,0.00011217205610591918,0.9870819063163966,5,5,6,0.0,4 1 3 2 5
101,3,sigma_1p0__kernel_9__order_2,1.0,9,2,341,0.8920166666666667,-0.02388039231300354,0.0007457700092345476,0.00022937111498322338,0.9765678144876229,4,4,5,0.0,5 3 2 4 6
102,3,sigma_1p0__kernel_9__order_2,1.0,9,2,345,0.89075,0.2279144674539566,0.0008249611710198224,0.0005467190640047193,0.9571837216048689,3,3,4,0.0,5 3 1 6
103,3,sigma_1p0__kernel_9__order_2,1.0,9,2,347,0.8901166666666667,0.27140122652053833,0.0005296315357554704,0.0004293882811907679,0.9473106981776699,1,1,2,0.0,3 6
104,3,sigma_1p0__kernel_9__order_2,1.0,9,2,349,0.8894833333333334,0.32810506224632263,0.0006690990994684398,0.0009734080522321165,0.9143856523224063,1,1,2,0.0,4 6
105,3,sigma_1p0__kernel_9__order_2,1.0,9,2,354,0.8879,0.42462190985679626,0.0008972515119239688,0.0002650593232829124,0.968571965036721,4,4,5,0.0,1 5 4 3 6
106,3,sigma_1p0__kernel_9__order_2,1.0,9,2,359,0.8863166666666666,0.027689695358276367,0.0006831071339547634,0.00044878676999360323,0.9659557233738417,5,5,6,0.0,4 3 2 5 1
107,3,sigma_1p0__kernel_9__order_2,1.0,9,2,361,0.8856833333333334,0.08351066708564758,0.0005217422294663265,0.0011519886320456862,0.8681792778790209,1,1,2,0.0,3 6
108,3,sigma_1p0__kernel_9__order_2,1.0,9,2,364,0.8847333333333334,0.371415376663208,0.0008682517412429055,0.0004331327509135008,0.954810766753487,2,2,3,0.0,1 3 6
109,3,sigma_1p0__kernel_9__order_2,1.0,9,2,366,0.8841,0.1295539289712906,0.0006609183619730175,0.0009983577765524387,0.9042346423821841,1,1,2,0.0,4 6
110,3,sigma_1p0__kernel_9__order_2,1.0,9,2,371,0.8825166666666666,-0.0962909460067749,0.0007295641640666872,0.0003209969727322459,0.9720160090469718,5,5,6,0.0,3 5 4 1 2
111,3,sigma_1p0__kernel_9__order_2,1.0,9,2,375,0.88125,0.4516475796699524,0.0007286847976502031,0.0006031788652762771,0.9415096245644067,3,3,4,0.0,1 5 4 6
112,3,sigma_1p0__kernel_9__order_2,1.0,9,2,379,0.8799833333333333,0.429044634103775,0.0007951352890813723,0.0002816234191413969,0.9684781731060937,3,3,4,0.0,3 5 1 6
113,3,sigma_1p0__kernel_9__order_2,1.0,9,2,382,0.8790333333333333,0.17764326930046082,0.0007000380040456852,0.00048696744488552213,0.9504254990823203,2,2,3,0.0,1 4 6
114,3,sigma_1p0__kernel_9__order_2,1.0,9,2,387,0.8774500000000001,0.19963498413562775,0.0006633335608057678,0.00044040544889867306,0.973193208949461,4,4,5,0.0,3 4 1 2 6
115,3,sigma_1p0__kernel_9__order_2,1.0,9,2,392,0.8758666666666667,0.4783620238304138,0.0006393643212504685,0.00011355951573932543,0.9870355374287199,4,4,5,0.0,3 5 4 2 6
116,3,sigma_1p0__kernel_9__order_2,1.0,9,2,397,0.8742833333333333,0.43939101696014404,0.0007880466524511576,0.00015786601579748094,0.9821529730215367,4,4,5,0.0,3 1 2 4 6
117,3,sigma_1p0__kernel_9__order_2,1.0,9,2,402,0.8727,0.48521706461906433,0.0006795166991651058,0.0004773234250023961,0.9494083986022952,4,4,5,0.0,1 2 4 3 6
118,3,sigma_1p0__kernel_9__order_2,1.0,9,2,405,0.87175,0.07688625901937485,0.0006348285921073208,0.0014516194351017475,0.8670547335330002,2,2,3,0.0,1 3 6
119,3,sigma_1p0__kernel_9__order_2,1.0,9,2,410,0.8701666666666666,-0.09103184938430786,0.0005894562928006053,0.00022620128584094346,0.9837157861124747,5,5,6,0.0,3 1 4 2 5
120,3,sigma_1p0__kernel_9__order_2,1.0,9,2,412,0.8695333333333333,0.3232854902744293,0.0005078709655208513,0.0008816457120701671,0.9164851527311147,1,1,2,0.0,3 6
121,3,sigma_1p0__kernel_9__order_2,1.0,9,2,417,0.86795,0.09131492674350739,0.0006576899089850485,0.0003123465576209128,0.9651136570715309,4,4,5,0.0,5 1 3 4 6
122,3,sigma_1p0__kernel_9__order_2,1.0,9,2,422,0.8663666666666667,0.5858900547027588,0.0006333465804345906,0.00022222872939892113,0.9795374109472871,5,5,6,0.0,2 1 4 5 3
123,3,sigma_1p0__kernel_9__order_2,1.0,9,2,426,0.8651,0.5291858911514282,0.0006311933684628457,0.0005069985636509955,0.9627798723054698,3,3,4,0.0,1 4 2 6
124,3,sigma_1p0__kernel_9__order_2,1.0,9,2,431,0.8635166666666667,0.05274467170238495,0.0007194654492195696,0.00015950106899254024,0.9843590594783833,5,5,6,0.0,5 2 3 4 1
125,3,sigma_1p0__kernel_9__order_2,1.0,9,2,436,0.8619333333333333,0.5858900547027588,0.000610668450826779,0.00022222872939892113,0.9795374109472871,5,5,6,0.0,2 3 5 4 1
126,3,sigma_1p0__kernel_9__order_2,1.0,9,2,439,0.8609833333333333,0.132339209318161,0.0008876364251288275,0.0004300959117244929,0.9591116316962044,2,2,3,0.0,1 4 6
127,3,sigma_1p0__kernel_9__order_2,1.0,9,2,444,0.8594,0.4517238438129425,0.0005079382797703147,0.0002711522101890296,0.9798690636291232,5,5,6,0.0,3 4 1 2 5
128,3,sigma_1p0__kernel_9__order_2,1.0,9,2,446,0.8587666666666667,0.156249538064003,0.0011043516860809177,0.001305580954067409,0.9224568139695243,1,1,2,0.0,3 6
129,3,sigma_1p0__kernel_9__order_2,1.0,9,2,451,0.8571833333333333,-0.045272693037986755,0.0006901325599756092,0.00034821854205802083,0.9731151734110007,4,4,5,0.0,1 3 2 4 6
130,3,sigma_1p0__kernel_9__order_2,1.0,9,2,454,0.8562333333333334,0.029875442385673523,0.0007412274717353284,0.0006636594189330935,0.9290718743832301,2,2,3,0.0,2 4 6
131,3,sigma_1p0__kernel_9__order_2,1.0,9,2,459,0.85465,0.18220867216587067,0.000761550257448107,0.0003028891223948449,0.976173714299406,5,5,6,0.0,3 1 5 4 2
132,3,sigma_1p0__kernel_9__order_2,1.0,9,2,461,0.8540166666666666,0.24554741382598877,0.0006149246182758361,0.000697534647770226,0.9106286179703992,1,1,2,0.0,2 6
133,3,sigma_1p0__kernel_9__order_2,1.0,9,2,466,0.8524333333333334,0.35482335090637207,0.0008282605092972517,0.0005707937525585294,0.9483409410211902,5,5,6,0.0,2 1 5 3 4
134,3,sigma_1p0__kernel_9__order_2,1.0,9,2,468,0.8518,0.05240018665790558,0.0004681789723690599,0.0012987053487449884,0.8982499670082267,1,1,2,0.0,1 6
135,3,sigma_1p0__kernel_9__order_2,1.0,9,2,471,0.85085,0.18322813510894775,0.0007920855811486641,0.0007542007369920611,0.932446053120951,2,2,3,0.0,2 1 6
136,3,sigma_1p0__kernel_9__order_2,1.0,9,2,475,0.8495833333333334,0.6262924075126648,0.0005474122081068344,0.00029329670360311866,0.978404005805604,3,3,4,0.0,3 5 4 6
137,3,sigma_1p0__kernel_9__order_2,1.0,9,2,476,0.8492666666666666,0.0,0.0007663209107704461,0.0006994256982579827,0.9030935556476096,0,0,1,0.0,6
138,3,sigma_1p0__kernel_9__order_2,1.0,9,2,479,0.8483166666666666,0.0067017823457717896,0.00046232954870599013,0.0004187249578535557,0.9472029479165139,2,2,3,0.0,5 1 6
139,3,sigma_1p0__kernel_9__order_2,1.0,9,2,482,0.8473666666666666,0.07289977371692657,0.0006495335061723987,0.00022782155429013073,0.9687647133817571,2,2,3,0.0,3 4 6
140,3,sigma_1p0__kernel_9__order_2,1.0,9,2,487,0.8457833333333333,-0.01595953106880188,0.0006715809402521699,0.000859399326145649,0.9273245491432945,5,5,6,0.0,4 5 1 3 2
141,3,sigma_1p0__kernel_9__order_2,1.0,9,2,492,0.8442000000000001,-0.03308141231536865,0.0005670096026733518,0.00029713925323449075,0.9740020840226116,4,4,5,0.0,1 3 5 4 6
142,3,sigma_1p0__kernel_9__order_2,1.0,9,2,497,0.8426166666666667,-0.01595953106880188,0.0005503046617377549,0.000859399326145649,0.9273245491432945,5,5,6,0.0,2 1 3 4 5
143,3,sigma_1p0__kernel_9__order_2,1.0,9,2,502,0.8410333333333333,0.17225907742977142,0.002211042877752334,0.00015662139048799872,0.9811158416600063,5,5,6,0.0,3 5 4 2 1
144,3,sigma_1p0__kernel_9__order_2,1.0,9,2,505,0.8400833333333333,0.04146163910627365,0.002611852794264754,0.0003060242161154747,0.9569965556317079,2,2,3,0.0,5 2 6
145,3,sigma_1p0__kernel_9__order_2,1.0,9,2,510,0.8385,0.04395928978919983,0.002158036478795111,0.0008596021216362715,0.9272317248490705,4,4,5,0.0,4 3 2 5 6
146,3,sigma_1p0__kernel_9__order_2,1.0,9,2,513,0.83755,0.16670595109462738,0.001869655679911375,0.0005150713259354234,0.9424414601748395,2,2,3,0.0,3 5 6
147,3,sigma_1p0__kernel_9__order_2,1.0,9,2,517,0.8362833333333333,0.4274775981903076,0.0014195121475495398,0.00048242195043712854,0.9613090327428155,3,3,4,0.0,2 1 5 6
148,3,sigma_1p0__kernel_9__order_2,1.0,9,2,520,0.8353333333333334,0.07129498571157455,0.0012710985805218418,0.0009495912818238139,0.8940489188403635,2,2,3,0.0,1 3 6
149,3,sigma_1p0__kernel_9__order_2,1.0,9,2,523,0.8343833333333334,0.05724711716175079,0.0011654524908711512,0.0002817555796355009,0.9647451102839922,2,2,3,0.0,5 4 6
150,3,sigma_1p0__kernel_9__order_2,1.0,9,2,525,0.83375,0.2645460069179535,0.0014997412799857557,0.0007784960907883942,0.9428661114510756,1,1,2,0.0,1 6
151,3,sigma_1p0__kernel_9__order_2,1.0,9,2,529,0.8324833333333334,0.19815494120121002,0.0016729877679608762,0.00044109561713412404,0.9605477168075253,3,3,4,0.0,4 3 1 6
152,3,sigma_1p0__kernel_9__order_2,1.0,9,2,532,0.8315333333333333,0.38454410433769226,0.001364121485191087,0.0006870934157632291,0.9247663637510236,2,2,3,0.0,5 3 6
153,3,sigma_1p0__kernel_9__order_2,1.0,9,2,534,0.8309,0.2645460069179535,0.001245990686584264,0.0007784960907883942,0.9428661114510756,1,1,2,0.0,1 6
154,3,sigma_1p0__kernel_9__order_2,1.0,9,2,538,0.8296333333333333,0.45921194553375244,0.0010653482604539022,0.0007246348541229963,0.9559458593852314,3,3,4,0.0,4 2 3 6
155,3,sigma_1p0__kernel_9__order_2,1.0,9,2,543,0.82805,0.35482335090637207,0.0011932005058042706,0.0005707937525585294,0.9483409410211902,5,5,6,0.0,1 4 3 5 2
156,3,sigma_1p0__kernel_9__order_2,1.0,9,2,548,0.8264666666666667,0.5858900547027588,0.0009882687823846935,0.00022222872939892113,0.9795374109472871,5,5,6,0.0,2 5 1 3 4
157,3,sigma_1p0__kernel_9__order_2,1.0,9,2,551,0.8255166666666667,0.06655628234148026,0.001013345317915082,0.001223971601575613,0.8678372636455135,2,2,3,0.0,1 3 6
158,3,sigma_1p0__kernel_9__order_2,1.0,9,2,556,0.8239333333333334,0.42420560121536255,0.0011192252859473228,0.00026576308300718665,0.9684869034147149,4,4,5,0.0,3 2 5 4 6
159,3,sigma_1p0__kernel_9__order_2,1.0,9,2,559,0.8229833333333334,0.1265394389629364,0.0012604603155826528,0.0007315193070098758,0.9305473204068707,2,2,3,0.0,4 5 6
160,3,sigma_1p0__kernel_9__order_2,1.0,9,2,560,0.8226666666666667,0.0,0.0014139972627162933,0.0021252217702567577,0.8223969706984217,0,0,1,0.0,6
161,3,sigma_1p0__kernel_9__order_2,1.0,9,2,565,0.8210833333333334,0.2313881367444992,0.0009743493283167481,0.00030644790967926383,0.975877346964852,4,4,5,0.0,3 4 5 2 6
162,3,sigma_1p0__kernel_9__order_2,1.0,9,2,569,0.8198166666666666,0.48940640687942505,0.0010010389814851806,0.000495609943754971,0.943021265225093,3,3,4,0.0,3 2 5 6
163,3,sigma_1p0__kernel_9__order_2,1.0,9,2,574,0.8182333333333334,0.6383658647537231,0.001207989570684731,0.00011450669262558222,0.9892929023957848,4,4,5,0.0,5 4 2 3 6
164,3,sigma_1p0__kernel_9__order_2,1.0,9,2,579,0.81665,0.4427699148654938,0.0009620334138162434,0.00016945380775723606,0.9815922113186397,5,5,6,0.0,1 2 4 3 5
165,3,sigma_1p0__kernel_9__order_2,1.0,9,2,581,0.8160166666666667,0.20342561602592468,0.0010344850015826523,0.0008340895874425769,0.9107525692399986,1,1,2,0.0,4 6
166,3,sigma_1p0__kernel_9__order_2,1.0,9,2,586,0.8144333333333333,0.18220865726470947,0.0009912494686432182,0.0003028891223948449,0.976173714299406,5,5,6,0.0,2 3 5 4 1
167,3,sigma_1p0__kernel_9__order_2,1.0,9,2,588,0.8138,0.2384883314371109,0.0009001157304737717,0.00207885610871017,0.862933993609744,1,1,2,0.0,3 6
168,3,sigma_1p0__kernel_9__order_2,1.0,9,2,590,0.8131666666666667,0.06146128103137016,0.0010378779552411288,0.0016273808432742953,0.8905241181553474,1,1,2,0.0,3 6
169,3,sigma_1p0__kernel_9__order_2,1.0,9,2,595,0.8115833333333333,0.18911826610565186,0.0009602449485100806,0.00026408099802210927,0.9835695207260735,5,5,6,0.0,4 3 2 1 5
170,3,sigma_1p0__kernel_9__order_2,1.0,9,2,597,0.8109500000000001,0.055832210928201675,0.0008580956200603396,0.00045313191367313266,0.9372436058719716,1,1,2,0.0,2 6
171,3,sigma_1p0__kernel_9__order_2,1.0,9,2,600,0.81,0.07349781692028046,0.0009574125288054347,0.0004858748579863459,0.9664297200447031,2,2,3,0.0,5 4 6
172,3,sigma_1p0__kernel_9__order_2,1.0,9,2,601,0.8096833333333333,0.0,0.0007310939836315811,0.002171087544411421,0.7374905248734033,0,0,1,0.0,6
173,3,sigma_1p0__kernel_9__order_2,1.0,9,2,603,0.80905,0.3013334274291992,0.0008858016808517277,0.0011662894394248724,0.9178787680181113,1,1,2,0.0,3 6
174,3,sigma_1p0__kernel_9__order_2,1.0,9,2,608,0.8074666666666667,0.33238184452056885,0.0009372619562782348,0.00042701285565271974,0.9505246868456728,4,4,5,0.0,2 4 3 1 6
175,3,sigma_1p0__kernel_9__order_2,1.0,9,2,612,0.8062,0.10269041359424591,0.0010800989693962038,0.000389652035664767,0.9605089784129196,3,3,4,0.0,2 3 4 6
176,3,sigma_1p0__kernel_9__order_2,1.0,9,2,613,0.8058833333333333,0.0,0.0008953355136327446,0.0015070094959810376,0.8746289871278685,0,0,1,0.0,6
177,3,sigma_1p0__kernel_9__order_2,1.0,9,2,615,0.80525,0.05246651545166969,0.0012554718414321542,0.0009083764161914587,0.9236087367275241,1,1,2,0.0,3 6
178,3,sigma_1p0__kernel_9__order_2,1.0,9,2,619,0.8039833333333333,0.08372136950492859,0.0009530335228191689,0.0007926823454909027,0.9169722475669614,3,3,4,0.0,3 2 5 6
179,3,sigma_1p0__kernel_9__order_2,1.0,9,2,620,0.8036666666666666,0.0,0.0009038252755999565,0.0008454601047560573,0.8618660898752927,0,0,1,0.0,6
180,3,sigma_1p0__kernel_9__order_2,1.0,9,2,622,0.8030333333333333,0.34254708886146545,0.0007621545519214123,0.000611591967754066,0.9422434428961467,1,1,2,0.0,5 6
181,3,sigma_1p0__kernel_9__order_2,1.0,9,2,624,0.8024,0.2618105113506317,0.0011272428091615438,0.0006321739638224244,0.9285677822924681,1,1,2,0.0,3 6
182,3,sigma_1p0__kernel_9__order_2,1.0,9,2,627,0.80145,0.1506832242012024,0.0007638178261307379,0.0008174586109817028,0.9402529282958272,2,2,3,0.0,3 5 6
183,3,sigma_1p0__kernel_9__order_2,1.0,9,2,629,0.8008166666666667,0.1295539289712906,0.0009540524333715439,0.0009983577765524387,0.9042346423821841,1,1,2,0.0,4 6
184,3,sigma_1p0__kernel_9__order_2,1.0,9,2,634,0.7992333333333334,0.3424013555049896,0.0008260812959633767,0.0006454375106841326,0.9307636697461007,4,4,5,0.0,5 1 4 2 6
185,3,sigma_1p0__kernel_9__order_2,1.0,9,2,639,0.79765,0.5877507328987122,0.0009524618741124869,0.00028907760861329734,0.9786078447252334,5,5,6,0.0,4 1 2 3 5
186,3,sigma_1p0__kernel_9__order_2,1.0,9,2,643,0.7963833333333333,0.24948523938655853,0.0007527035340899602,0.0003499265876598656,0.9686965808254643,3,3,4,0.0,3 4 5 6
187,3,sigma_1p0__kernel_9__order_2,1.0,9,2,647,0.7951166666666667,0.43796589970588684,0.0008857898938003927,0.0007902804063633084,0.9541340119268537,3,3,4,0.0,1 3 2 6
188,3,sigma_1p0__kernel_9__order_2,1.0,9,2,652,0.7935333333333333,0.03129573166370392,0.0008373495540581644,0.000258144544204697,0.9784430868737621,5,5,6,0.0,4 3 1 2 5
189,3,sigma_1p0__kernel_9__order_2,1.0,9,2,653,0.7932166666666667,0.0,0.0006948617519810796,0.0008454601047560573,0.8618660898752927,0,0,1,0.0,6
190,3,sigma_1p0__kernel_9__order_2,1.0,9,2,655,0.7925833333333334,0.09399420768022537,0.0006992125418037176,0.0010179015807807446,0.9288010366004089,1,1,2,0.0,1 6
191,3,sigma_1p0__kernel_9__order_2,1.0,9,2,659,0.7913166666666667,0.6006638407707214,0.0008010302699403837,0.00018025998724624515,0.9788583236769746,3,3,4,0.0,2 5 4 6
192,3,sigma_1p0__kernel_9__order_2,1.0,9,2,663,0.79005,0.1888856589794159,0.0009203524969052523,0.00034042203333228827,0.9626654832669302,3,3,4,0.0,5 1 4 6
193,3,sigma_1p0__kernel_9__order_2,1.0,9,2,667,0.7887833333333334,0.39096492528915405,0.0007174542697612196,0.0009790417971089482,0.9252040743048211,3,3,4,0.0,3 5 2 6
194,3,sigma_1p0__kernel_9__order_2,1.0,9,2,672,0.7872,0.23753072321414948,0.0008515415131114424,0.00027185611543245614,0.9831901318465629,4,4,5,0.0,5 2 4 3 6
195,3,sigma_1p0__kernel_9__order_2,1.0,9,2,675,0.78625,0.07709973305463791,0.0007863372059849402,0.0012482770252972841,0.9036318688309009,2,2,3,0.0,1 5 6
196,3,sigma_1p0__kernel_9__order_2,1.0,9,2,676,0.7859333333333334,0.0,0.0007680714479647577,0.0015476560220122337,0.8544009318940705,0,0,1,0.0,6
197,3,sigma_1p0__kernel_9__order_2,1.0,9,2,681,0.78435,0.5606932044029236,0.0008050480857491494,0.0003804228035733104,0.9714465222092219,4,4,5,0.0,4 2 3 1 6
198,3,sigma_1p0__kernel_9__order_2,1.0,9,2,684,0.7834,0.2528998553752899,0.0008981688685404757,0.0006789679755456746,0.9499137441004215,2,2,3,0.0,5 4 6
199,3,sigma_1p0__kernel_9__order_2,1.0,9,2,688,0.7821333333333333,0.058408454060554504,0.001038623187923804,0.0011920644901692867,0.8981446799037006,3,3,4,0.0,2 4 3 6
200,3,sigma_1p0__kernel_9__order_2,1.0,9,2,691,0.7811833333333333,0.40640580654144287,0.000927870802115649,0.0007506272522732615,0.9306360785445191,2,2,3,0.0,1 4 6
201,3,sigma_1p0__kernel_9__order_2,1.0,9,2,693,0.78055,0.039549216628074646,0.0008031190955080092,0.0010343801695853472,0.9016883859275779,1,1,2,0.0,5 6
202,3,sigma_1p0__kernel_9__order_2,1.0,9,2,698,0.7789666666666667,0.18220865726470947,0.0007258010096848011,0.0003028891223948449,0.976173714299406,5,5,6,0.0,4 3 5 2 1
203,3,sigma_1p0__kernel_9__order_2,1.0,9,2,702,0.7777000000000001,0.017584070563316345,0.0007360652671195567,0.00020055475761182606,0.9753973254231862,3,3,4,0.0,3 4 1 6
204,3,sigma_1p0__kernel_9__order_2,1.0,9,2,705,0.77675,0.20606699585914612,0.001021518837660551,0.0005313880974426866,0.9469528795351738,2,2,3,0.0,4 2 6
205,3,sigma_1p0__kernel_9__order_2,1.0,9,2,708,0.7758,0.15685918927192688,0.0009208905976265669,0.000404927326599136,0.9581154177007437,2,2,3,0.0,3 4 6
206,3,sigma_1p0__kernel_9__order_2,1.0,9,2,711,0.77485,0.16950291395187378,0.0008689759415574372,0.0002968789776787162,0.967183250787709,2,2,3,0.0,5 3 6
207,3,sigma_1p0__kernel_9__order_2,1.0,9,2,716,0.7732666666666667,0.18884792923927307,0.0008706238586455584,0.000502220238558948,0.9613497250145312,4,4,5,0.0,1 3 2 5 6
208,3,sigma_1p0__kernel_9__order_2,1.0,9,2,720,0.772,0.5071699619293213,0.0009013178787427023,0.00011563707084860653,0.9869697132944069,3,3,4,0.0,3 5 4 6
209,3,sigma_1p0__kernel_9__order_2,1.0,9,2,725,0.7704166666666666,0.03129574656486511,0.000853625894524157,0.000258144544204697,0.9784430868737621,5,5,6,0.0,1 2 3 4 5
210,3,sigma_1p0__kernel_9__order_2,1.0,9,2,730,0.7688333333333334,0.5751277208328247,0.0010166862863115965,0.00020207019406370819,0.9847549568423193,4,4,5,0.0,3 1 4 2 6
211,3,sigma_1p0__kernel_9__order_2,1.0,9,2,732,0.7682,0.07768437266349792,0.0008145354804582894,0.0018305478151887655,0.8236586472083782,1,1,2,0.0,5 6
212,3,sigma_1p0__kernel_9__order_2,1.0,9,2,737,0.7666166666666667,0.16364024579524994,0.0007256962591782213,0.000357991608325392,0.9613997680572494,4,4,5,0.0,1 2 4 5 6
213,3,sigma_1p0__kernel_9__order_2,1.0,9,2,741,0.76535,0.4561477303504944,0.0008147757762344554,0.0005742399953305721,0.9382232866127057,3,3,4,0.0,3 2 1 6
214,3,sigma_1p0__kernel_9__order_2,1.0,9,2,746,0.7637666666666667,0.42462190985679626,0.0010133216623216868,0.0002650593232829124,0.968571965036721,4,4,5,0.0,3 4 5 1 6
215,3,sigma_1p0__kernel_9__order_2,1.0,9,2,750,0.7625,0.531660795211792,0.0009348282328573987,0.0004990446614101529,0.9629004475761396,3,3,4,0.0,1 5 3 6
216,3,sigma_1p0__kernel_9__order_2,1.0,9,2,753,0.76155,0.09033823013305664,0.00376691622659564,0.0006238255882635713,0.9355056440185282,2,2,3,0.0,2 3 6
217,3,sigma_1p0__kernel_9__order_2,1.0,9,2,756,0.7605999999999999,0.12040987610816956,0.0034791744158913693,0.00098056485876441,0.9241057938046745,2,2,3,0.0,3 1 6
218,3,sigma_1p0__kernel_9__order_2,1.0,9,2,760,0.7593333333333333,0.38826173543930054,0.0026764670910779387,0.0002517063112463802,0.9721739496792114,3,3,4,0.0,3 2 4 6
219,3,sigma_1p0__kernel_9__order_2,1.0,9,2,763,0.7583833333333333,0.04877302795648575,0.0014792348180587094,0.0003188982664141804,0.9635433069697175,2,2,3,0.0,3 1 6
220,3,sigma_1p0__kernel_9__order_2,1.0,9,2,768,0.7568,0.44916749000549316,0.0019187935162335635,0.00011217205610591918,0.9870819063163966,5,5,6,0.0,5 4 2 1 3
221,3,sigma_1p0__kernel_9__order_2,1.0,9,2,771,0.75585,0.3483603000640869,0.0019150097699215014,0.0014936183579266071,0.9134361219197051,2,2,3,0.0,4 3 6
222,3,sigma_1p0__kernel_9__order_2,1.0,9,2,774,0.7549,0.036270275712013245,0.0019440135608116786,0.0006940794410184026,0.9380556508526648,2,2,3,0.0,2 3 6
223,3,sigma_1p0__kernel_9__order_2,1.0,9,2,779,0.7533166666666666,0.5681328773498535,0.0020787853049114347,0.0003357348614372313,0.9786668139710296,5,5,6,0.0,3 4 1 2 5
224,3,sigma_1p0__kernel_9__order_2,1.0,9,2,784,0.7517333333333334,0.47766658663749695,0.0017062128055840731,0.00011469401943031698,0.98698817721516,4,4,5,0.0,3 4 5 1 6
225,3,sigma_1p0__kernel_9__order_2,1.0,9,2,787,0.7507833333333334,0.5324981212615967,0.0020199452992528677,0.0003184345259796828,0.9762367967795248,2,2,3,0.0,5 4 6
226,3,sigma_1p0__kernel_9__order_2,1.0,9,2,792,0.7492,0.4517238736152649,0.0014766140142455698,0.0002711522101890296,0.9798690636291232,5,5,6,0.0,4 3 1 5 2
227,3,sigma_1p0__kernel_9__order_2,1.0,9,2,795,0.7482500000000001,0.10510063171386719,0.0020940726778159537,0.0005923730786889791,0.9423244101716278,2,2,3,0.0,5 1 6
228,3,sigma_1p0__kernel_9__order_2,1.0,9,2,797,0.7476166666666667,0.26330047845840454,0.0012378215324133635,0.0012976499274373055,0.9274937957170886,1,1,2,0.0,1 6
229,3,sigma_1p0__kernel_9__order_2,1.0,9,2,801,0.7463500000000001,0.23748071491718292,0.0014802134537603706,0.0004897397593595088,0.9594882269889364,3,3,4,0.0,1 3 4 6
230,3,sigma_1p0__kernel_9__order_2,1.0,9,2,805,0.7450833333333333,0.21516053378582,0.0015585432993248105,0.0005966739263385534,0.9521789783778003,3,3,4,0.0,1 2 3 6
231,3,sigma_1p0__kernel_9__order_2,1.0,9,2,810,0.7435,0.534938395023346,0.001536562922410667,0.00027618923923000693,0.9788623308844856,4,4,5,0.0,2 1 3 4 6
232,3,sigma_1p0__kernel_9__order_2,1.0,9,2,814,0.7422333333333333,0.5465266704559326,0.0014148044283501804,0.0004894423764199018,0.9682582598910462,3,3,4,0.0,2 1 5 6
233,3,sigma_1p0__kernel_9__order_2,1.0,9,2,819,0.74065,0.47143882513046265,0.001583406887948513,0.00017118456889875233,0.9813243463794911,4,4,5,0.0,3 4 5 1 6
234,3,sigma_1p0__kernel_9__order_2,1.0,9,2,821,0.7400166666666667,0.13147518038749695,0.0014942417619749904,0.0009372877539135516,0.9182396460763056,1,1,2,0.0,3 6
235,3,sigma_1p0__kernel_9__order_2,1.0,9,2,826,0.7384333333333334,0.6202861666679382,0.001344054937362671,0.00011107099999208003,0.9894046905526933,5,5,6,0.0,1 3 2 4 5
236,3,sigma_1p0__kernel_9__order_2,1.0,9,2,827,0.7381166666666668,0.0,0.0010375764686614275,0.0017024166882038116,0.8515102424427389,0,0,1,0.0,6
237,3,sigma_1p0__kernel_9__order_2,1.0,9,2,828,0.7378,0.0,0.0008478749077767134,0.0021252217702567577,0.8223969706984217,0,0,1,0.0,6
238,3,sigma_1p0__kernel_9__order_2,1.0,9,2,831,0.73685,0.2536284029483795,0.0012470870860852301,0.0006739135133102536,0.9626502950501924,2,2,3,0.0,4 5 6
239,3,sigma_1p0__kernel_9__order_2,1.0,9,2,834,0.7359,0.15685917437076569,0.0013065500340114038,0.000404927326599136,0.9581154177007437,2,2,3,0.0,4 3 6
240,3,sigma_1p0__kernel_9__order_2,1.0,9,2,838,0.7346333333333334,0.1312885582447052,0.0016027248348109424,0.00032328616362065077,0.9731468501967,3,3,4,0.0,4 2 5 6
241,3,sigma_1p0__kernel_9__order_2,1.0,9,2,843,0.73305,0.6252923011779785,0.0013195386156439782,0.00010020502668339759,0.991501499813462,5,5,6,0.0,1 2 3 4 5
242,3,sigma_1p0__kernel_9__order_2,1.0,9,2,847,0.7317833333333333,0.023395851254463196,0.0011109415790997446,0.0003611414576880634,0.973057796587275,3,3,4,0.0,5 2 4 6
243,3,sigma_1p0__kernel_9__order_2,1.0,9,2,851,0.7305166666666667,0.5291858911514282,0.001422235684003681,0.0005069985636509955,0.9627798723054698,3,3,4,0.0,4 1 2 6
244,3,sigma_1p0__kernel_9__order_2,1.0,9,2,853,0.7298833333333333,0.08941388130187988,0.001295390131417662,0.0015358374221250415,0.9197421913942174,1,1,2,0.0,4 6
245,3,sigma_1p0__kernel_9__order_2,1.0,9,2,855,0.72925,0.06146128103137016,0.0016964194946922362,0.0016273808432742953,0.8905241181553474,1,1,2,0.0,3 6
246,3,sigma_1p0__kernel_9__order_2,1.0,9,2,856,0.7289333333333334,0.0,0.0014369264245033264,0.0013044682564213872,0.862803267578591,0,0,1,0.0,6
247,3,sigma_1p0__kernel_9__order_2,1.0,9,2,859,0.7279833333333334,0.4936451017856598,0.001521022175438702,0.0005276890005916357,0.9396326832127769,2,2,3,0.0,5 3 6
248,3,sigma_1p0__kernel_9__order_2,1.0,9,2,862,0.7270333333333334,0.0724639967083931,0.0012317472913612921,0.00025054856087081134,0.960324133477228,2,2,3,0.0,5 3 6
249,3,sigma_1p0__kernel_9__order_2,1.0,9,2,865,0.7260833333333334,0.07289977371692657,0.001593520981259644,0.00022782155429013073,0.9687647133817571,2,2,3,0.0,3 4 6
250,3,sigma_1p0__kernel_9__order_2,1.0,9,2,868,0.7251333333333334,0.0724639967083931,0.001443935907445848,0.00025054856087081134,0.960324133477228,2,2,3,0.0,5 3 6
251,3,sigma_1p0__kernel_9__order_2,1.0,9,2,872,0.7238666666666667,0.08059346675872803,0.0015503534523304552,0.0008675683639012277,0.9345463013960831,3,3,4,0.0,2 5 1 6
252,3,sigma_1p0__kernel_9__order_2,1.0,9,2,877,0.7222833333333334,0.35482335090637207,0.001418797392398119,0.0005707937525585294,0.9483409410211902,5,5,6,0.0,3 1 4 5 2
253,3,sigma_1p0__kernel_9__order_2,1.0,9,2,878,0.7219666666666666,0.0,0.0011853694450110197,0.002307247370481491,0.8727007565242498,0,0,1,0.0,6
254,3,sigma_1p0__kernel_9__order_2,1.0,9,2,880,0.7213333333333334,0.14905434846878052,0.000978190393652767,0.0013942555524408817,0.8979159500206269,1,1,2,0.0,5 6
255,3,sigma_1p0__kernel_9__order_2,1.0,9,2,883,0.7203833333333334,0.0692678838968277,0.0013820008607581258,0.0006569871911779046,0.9474752098676282,2,2,3,0.0,5 3 6
256,3,sigma_1p0__kernel_9__order_2,1.0,9,2,888,0.7188000000000001,0.4204067587852478,0.0014327246812172235,0.00046708545414730906,0.9689553148610414,4,4,5,0.0,3 4 1 2 6
257,3,sigma_1p0__kernel_9__order_2,1.0,9,2,891,0.7178500000000001,0.2268434762954712,0.0009501750270525614,0.000591771793551743,0.9380490356407324,2,2,3,0.0,4 3 6
258,3,sigma_1p0__kernel_9__order_2,1.0,9,2,896,0.7162666666666666,0.35482335090637207,0.0010221697622910142,0.0005707937525585294,0.9483409410211902,5,5,6,0.0,1 3 4 2 5
259,3,sigma_1p0__kernel_9__order_2,1.0,9,2,900,0.7150000000000001,0.218125581741333,0.0009963770571630448,0.0005945614539086819,0.9540483062814448,3,3,4,0.0,2 3 5 6
260,3,sigma_1p0__kernel_9__order_2,1.0,9,2,904,0.7137333333333333,0.21568329632282257,0.0010852896666619927,0.0005836302298121154,0.9638073589302839,3,3,4,0.0,1 3 2 6
261,3,sigma_1p0__kernel_9__order_2,1.0,9,2,909,0.7121500000000001,0.19465716183185577,0.0011897499789483845,0.0005972589715383947,0.9623692988038205,4,4,5,0.0,2 5 3 4 6
262,3,sigma_1p0__kernel_9__order_2,1.0,9,2,914,0.7105666666666667,0.39954498410224915,0.0012132779462262987,0.0006873199017718434,0.9496382234992369,5,5,6,0.0,2 1 5 3 4
263,3,sigma_1p0__kernel_9__order_2,1.0,9,2,919,0.7089833333333333,0.20204560458660126,0.0011198849068023264,0.00026787116075865924,0.9731621545751653,4,4,5,0.0,1 4 3 5 6
264,3,sigma_1p0__kernel_9__order_2,1.0,9,2,922,0.7080333333333333,0.11879583448171616,0.0013598306492591898,0.00117316038813442,0.8967012005916816,2,2,3,0.0,5 3 6
265,3,sigma_1p0__kernel_9__order_2,1.0,9,2,925,0.7070833333333333,0.4818626046180725,0.001007932354696095,0.0007365446072071791,0.9502293786452585,2,2,3,0.0,2 1 6
266,3,sigma_1p0__kernel_9__order_2,1.0,9,2,928,0.7061333333333333,0.20456907153129578,0.0010152526083402336,0.0006758157396689057,0.9386950029983815,2,2,3,0.0,4 2 6
267,3,sigma_1p0__kernel_9__order_2,1.0,9,2,931,0.7051833333333333,0.09220840036869049,0.001133225082109372,0.0011025654384866357,0.8868274820634074,2,2,3,0.0,2 1 6
268,3,sigma_1p0__kernel_9__order_2,1.0,9,2,935,0.7039166666666667,0.4819319248199463,0.0010564212425379083,0.0002677973825484514,0.9622826820392246,3,3,4,0.0,2 1 3 6
269,3,sigma_1p0__kernel_9__order_2,1.0,9,2,937,0.7032833333333333,0.07768437266349792,0.0012858756817877293,0.0018305478151887655,0.8236586472083782,1,1,2,0.0,5 6
270,3,sigma_1p0__kernel_9__order_2,1.0,9,2,941,0.7020166666666667,0.18201901018619537,0.0014021657116245478,0.0006993684219196439,0.9285417538973437,3,3,4,0.0,2 5 3 6
271,3,sigma_1p0__kernel_9__order_2,1.0,9,2,944,0.7010666666666667,0.053515031933784485,0.0010840191583459575,0.0005893054767511785,0.9579313293046248,2,2,3,0.0,4 1 6
272,3,sigma_1p0__kernel_9__order_2,1.0,9,2,947,0.7001166666666667,0.4104352593421936,0.0014834828907623887,0.00026132038328796625,0.971276197223686,2,2,3,0.0,4 3 6
273,3,sigma_1p0__kernel_9__order_2,1.0,9,2,952,0.6985333333333333,0.3995450437068939,0.001182894711382687,0.0006873199017718434,0.9496382234992369,5,5,6,0.0,3 4 2 5 1
274,3,sigma_1p0__kernel_9__order_2,1.0,9,2,953,0.6982166666666667,0.0,0.0009076675632968545,0.002171087544411421,0.7374905248734033,0,0,1,0.0,6
275,3,sigma_1p0__kernel_9__order_2,1.0,9,2,955,0.6975833333333333,0.08822499215602875,0.000631384551525116,0.0010199007811024785,0.9173677836353231,1,1,2,0.0,4 6
276,3,sigma_1p0__kernel_9__order_2,1.0,9,2,958,0.6966333333333333,0.47578251361846924,0.0013958887623933454,0.0007369040977209806,0.9558887984714384,2,2,3,0.0,4 2 6
277,3,sigma_1p0__kernel_9__order_2,1.0,9,2,960,0.696,0.2967571020126343,0.0013831786345690489,0.0004993918118998408,0.928627906989541,1,1,2,0.0,2 6
278,3,sigma_1p0__kernel_9__order_2,1.0,9,2,964,0.6947333333333333,0.49468040466308594,0.0010906592942774296,0.0006456549745053053,0.9554653376978728,3,3,4,0.0,3 2 1 6
279,3,sigma_1p0__kernel_9__order_2,1.0,9,2,967,0.6937833333333333,0.4183836579322815,0.0008701591286808252,0.0005768592236563563,0.9524747441200524,2,2,3,0.0,2 4 6
280,3,sigma_1p0__kernel_9__order_2,1.0,9,2,970,0.6928333333333334,0.2418971061706543,0.001382526437131067,0.00031612097518518567,0.9613215214751138,2,2,3,0.0,2 5 6
281,3,sigma_1p0__kernel_9__order_2,1.0,9,2,971,0.6925166666666667,0.0,0.00101657013874501,0.002307247370481491,0.8727007565242498,0,0,1,0.0,6
282,3,sigma_1p0__kernel_9__order_2,1.0,9,2,976,0.6909333333333334,0.15377414226531982,0.0009818699676543475,0.0003299605450592935,0.9657050667067062,5,5,6,0.0,4 3 2 5 1
283,3,sigma_1p0__kernel_9__order_2,1.0,9,2,979,0.6899833333333334,0.035672739148139954,0.0009490873587007324,0.0002822041278705001,0.9587790368570017,2,2,3,0.0,3 1 6
284,3,sigma_1p0__kernel_9__order_2,1.0,9,2,982,0.6890333333333334,0.14571017026901245,0.001189947050685684,0.000565270078368485,0.9617493440896521,2,2,3,0.0,3 5 6
285,3,sigma_1p0__kernel_9__order_2,1.0,9,2,987,0.68745,0.5512664318084717,0.0010656750877387823,0.0004371746035758406,0.9682638006424366,4,4,5,0.0,2 4 5 1 6
286,3,sigma_1p0__kernel_9__order_2,1.0,9,2,992,0.6858666666666666,0.4789198338985443,0.0012338983011431991,0.00028237898368388414,0.9795094902818751,4,4,5,0.0,3 1 4 5 6
287,3,sigma_1p0__kernel_9__order_2,1.0,9,2,995,0.6849166666666666,0.39030879735946655,0.0010129947331734002,0.0007199426181614399,0.9336995619762242,2,2,3,0.0,3 2 6
288,3,sigma_1p0__kernel_9__order_2,1.0,9,2,1000,0.6833333333333333,0.5858900547027588,0.001082404889166355,0.00022222872939892113,0.9795374109472871,5,5,6,0.0,1 3 2 4 5
289,3,sigma_1p0__kernel_9__order_2,1.0,9,2,1002,0.6827,0.06146128103137016,0.001973117468878627,0.0016273808432742953,0.8905241181553474,1,1,2,0.0,3 6
290,3,sigma_1p0__kernel_9__order_2,1.0,9,2,1003,0.6823833333333333,0.0,0.001904475037008524,0.0015325190033763647,0.8707035052081776,0,0,1,0.0,6
291,3,sigma_1p0__kernel_9__order_2,1.0,9,2,1004,0.6820666666666666,0.0,0.0024008529726415873,0.0025238909292966127,0.8190127095732479,0,0,1,0.0,6
292,3,sigma_1p0__kernel_9__order_2,1.0,9,2,1009,0.6804833333333333,0.4919007122516632,0.0014663687907159328,0.0002824047114700079,0.9825826469591766,4,4,5,0.0,5 1 3 4 6
293,3,sigma_1p0__kernel_9__order_2,1.0,9,2,1013,0.6792166666666667,0.02162281423807144,0.0012111413816455752,0.0006959517486393452,0.9577997550988453,3,3,4,0.0,4 3 1 6
294,3,sigma_1p0__kernel_9__order_2,1.0,9,2,1016,0.6782666666666667,0.40640580654144287,0.0013603271994118888,0.0007506272522732615,0.9306360785445191,2,2,3,0.0,4 1 6
295,3,sigma_1p0__kernel_9__order_2,1.0,9,2,1020,0.677,0.48940640687942505,0.0013866285444237292,0.000495609943754971,0.943021265225093,3,3,4,0.0,5 2 3 6
296,3,sigma_1p0__kernel_9__order_2,1.0,9,2,1021,0.6766833333333333,0.0,0.001282934914343059,0.0011222397442907095,0.8815270427716331,0,0,1,0.0,6
297,3,sigma_1p0__kernel_9__order_2,1.0,9,2,1023,0.67605,0.1811593919992447,0.0008714659488759935,0.001304849749431014,0.8548779008061792,1,1,2,0.0,1 6
298,3,sigma_1p0__kernel_9__order_2,1.0,9,2,1028,0.6744666666666667,0.4517238438129425,0.001025329518597573,0.0002711522101890296,0.9798690636291232,5,5,6,0.0,2 5 3 4 1
299,3,sigma_1p0__kernel_9__order_2,1.0,9,2,1033,0.6728833333333333,0.47143882513046265,0.0009990912047214806,0.00017118456889875233,0.9813243463794911,4,4,5,0.0,4 1 5 3 6
300,3,sigma_1p0__kernel_9__order_2,1.0,9,2,1037,0.6716166666666668,0.40901732444763184,0.0009902247838908806,0.0006633831653743982,0.9614297189660078,3,3,4,0.0,4 3 2 6
301,3,sigma_1p0__kernel_9__order_2,1.0,9,2,1041,0.67035,0.06646808981895447,0.000803218426881358,0.0007326824706979096,0.9306045642895591,3,3,4,0.0,2 4 1 6
302,3,sigma_1p0__kernel_9__order_2,1.0,9,2,1042,0.6700333333333334,0.0,0.0010889561381191015,0.0015070094959810376,0.8746289871278685,0,0,1,0.0,6
303,3,sigma_1p0__kernel_9__order_2,1.0,9,2,1046,0.6687666666666667,0.1501276046037674,0.0009315607603639364,0.00026568223256617785,0.9782780824178181,3,3,4,0.0,4 3 5 6
304,3,sigma_1p0__kernel_9__order_2,1.0,9,2,1047,0.66845,0.0,0.0007406385848298669,0.0015325190033763647,0.8707035052081776,0,0,1,0.0,6
305,3,sigma_1p0__kernel_9__order_2,1.0,9,2,1049,0.6678166666666667,0.10135974735021591,0.0009328568994533271,0.0007019987679086626,0.9483417614355382,1,1,2,0.0,4 6
306,3,sigma_1p0__kernel_9__order_2,1.0,9,2,1054,0.6662333333333333,0.47056490182876587,0.0007924061501398683,0.000505211646668613,0.9458424304739331,4,4,5,0.0,4 1 2 5 6
307,3,sigma_1p0__kernel_9__order_2,1.0,9,2,1057,0.6652833333333333,0.13919033110141754,0.0008597219130024314,0.0006681738886982203,0.931467718534464,2,2,3,0.0,4 5 6
308,3,sigma_1p0__kernel_9__order_2,1.0,9,2,1061,0.6640166666666667,0.2038663625717163,0.0008549797930754721,0.000495326123200357,0.947226662839919,3,3,4,0.0,5 2 4 6
309,3,sigma_1p0__kernel_9__order_2,1.0,9,2,1062,0.6637,0.0,0.0007366054924204946,0.0008454601047560573,0.8618660898752927,0,0,1,0.0,6
310,3,sigma_1p0__kernel_9__order_2,1.0,9,2,1065,0.66275,0.11815190315246582,0.0006967210404885312,0.0006519197486341,0.9520212457239557,2,2,3,0.0,1 3 6
311,3,sigma_1p0__kernel_9__order_2,1.0,9,2,1070,0.6611666666666667,0.620286226272583,0.0010234055924229323,0.00011107099999208003,0.9894046905526933,5,5,6,0.0,1 3 2 5 4
312,3,sigma_1p0__kernel_9__order_2,1.0,9,2,1073,0.6602166666666667,0.0615389421582222,0.000955079080692182,0.00022308120969682932,0.9672981398390533,2,2,3,0.0,3 5 6
313,3,sigma_1p0__kernel_9__order_2,1.0,9,2,1076,0.6592666666666667,0.07349781692028046,0.0009168755689946314,0.0004858748579863459,0.9664297200447031,2,2,3,0.0,5 4 6
314,3,sigma_1p0__kernel_9__order_2,1.0,9,2,1077,0.65895,0.0,0.0006262873066589236,0.0022825519554316998,0.8837809695615284,0,0,1,0.0,6
315,3,sigma_1p0__kernel_9__order_2,1.0,9,2,1082,0.6573666666666667,0.5349384546279907,0.0011338334530591964,0.00027618923923000693,0.9788623308844856,4,4,5,0.0,1 3 2 4 6
316,3,sigma_1p0__kernel_9__order_2,1.0,9,2,1086,0.6561,0.49151158332824707,0.001173164477222599,0.0005097122630104423,0.9474282662132832,3,3,4,0.0,1 4 3 6
317,3,sigma_1p0__kernel_9__order_2,1.0,9,2,1088,0.6554666666666666,0.08742749691009521,0.0009371729684062302,0.001167015521787107,0.8816713038721209,1,1,2,0.0,5 6
318,3,sigma_1p0__kernel_9__order_2,1.0,9,2,1092,0.6542,0.18484267592430115,0.0009421300201211125,0.00047524244291707873,0.956712566006056,3,3,4,0.0,4 3 2 6
319,3,sigma_1p0__kernel_9__order_2,1.0,9,2,1097,0.6526166666666667,0.5681328773498535,0.0009193045552819967,0.0003357348614372313,0.9786668139710296,5,5,6,0.0,5 4 2 3 1
320,3,sigma_1p0__kernel_9__order_2,1.0,9,2,1098,0.6523000000000001,0.0,0.0009219759376719594,0.0006994256982579827,0.9030935556476096,0,0,1,0.0,6
321,3,sigma_1p0__kernel_9__order_2,1.0,9,2,1100,0.6516666666666667,0.234991192817688,0.0008742708596400917,0.0014317934401333332,0.9162722513983281,1,1,2,0.0,1 6
322,3,sigma_1p0__kernel_9__order_2,1.0,9,2,1104,0.6504000000000001,0.4859415292739868,0.0007949191785883158,0.00037296483060345054,0.9698117666132526,3,3,4,0.0,1 4 5 6
323,3,sigma_1p0__kernel_9__order_2,1.0,9,2,1108,0.6491333333333333,0.006796218454837799,0.0008779431227594614,0.000590790412388742,0.9508569148080103,3,3,4,0.0,4 3 2 6
324,3,sigma_1p0__kernel_9__order_2,1.0,9,2,1111,0.6481833333333333,0.18322813510894775,0.0005783765809610486,0.0007542007369920611,0.932446053120951,2,2,3,0.0,1 2 6
325,3,sigma_1p0__kernel_9__order_2,1.0,9,2,1116,0.6466000000000001,0.5950120687484741,0.0008792542037554085,0.00024510215735062957,0.980296102789863,5,5,6,0.0,2 4 1 5 3
326,3,sigma_1p0__kernel_9__order_2,1.0,9,2,1120,0.6453333333333333,0.5220177173614502,0.0007630336185684428,0.0005721661727875471,0.9601820245225704,3,3,4,0.0,3 2 4 6
327,3,sigma_1p0__kernel_9__order_2,1.0,9,2,1122,0.6447,0.04781108349561691,0.001092672348022461,0.0004222909628879279,0.9408071559547102,1,1,2,0.0,5 6
328,3,sigma_1p0__kernel_9__order_2,1.0,9,2,1125,0.64375,0.133186936378479,0.0007349234074354172,0.00040230699232779443,0.95709592752451,2,2,3,0.0,1 2 6
329,3,sigma_1p0__kernel_9__order_2,1.0,9,2,1127,0.6431166666666668,0.05240018665790558,0.0007704770541749895,0.0012987053487449884,0.8982499670082267,1,1,2,0.0,1 6
330,3,sigma_1p0__kernel_9__order_2,1.0,9,2,1132,0.6415333333333333,-0.04527270048856735,0.0007201834581792354,0.00034821854205802083,0.9731151734110007,4,4,5,0.0,4 3 2 1 6
331,3,sigma_1p0__kernel_9__order_2,1.0,9,2,1136,0.6402666666666668,0.39096492528915405,0.0008519061520928517,0.0009790417971089482,0.9252040743048211,3,3,4,0.0,3 5 2 6
332,3,sigma_1p0__kernel_9__order_2,1.0,9,2,1141,0.6386833333333333,0.20204561948776245,0.0008296956541016698,0.00026787116075865924,0.9731621545751653,4,4,5,0.0,5 4 3 1 6
333,3,sigma_1p0__kernel_9__order_2,1.0,9,2,1145,0.6374166666666667,0.43311983346939087,0.0008731511916266754,0.00047925321268849075,0.9483131717770902,3,3,4,0.0,5 3 4 6
334,3,sigma_1p0__kernel_9__order_2,1.0,9,2,1148,0.6364666666666667,0.5133795142173767,0.0007058682773883144,0.000318053673254326,0.9699163184579856,2,2,3,0.0,2 5 6
335,3,sigma_1p0__kernel_9__order_2,1.0,9,2,1153,0.6348833333333332,0.4918782711029053,0.0007273248513229192,0.00028312637005001307,0.9826177732485228,4,4,5,0.0,4 2 5 3 6
336,3,sigma_1p0__kernel_9__order_2,1.0,9,2,1157,0.6336166666666667,0.6006638407707214,0.0008858634246280417,0.00018025998724624515,0.9788583236769746,3,3,4,0.0,2 4 5 6
337,3,sigma_1p0__kernel_9__order_2,1.0,9,2,1162,0.6320333333333334,0.5727318525314331,0.0006993780436459929,0.0001376520813209936,0.9834099957336285,5,5,6,0.0,3 2 4 1 5
338,3,sigma_1p0__kernel_9__order_2,1.0,9,2,1163,0.6317166666666667,0.0,0.0007032941794022918,0.001600863877683878,0.8081826047216598,0,0,1,0.0,6
339,3,sigma_1p0__kernel_9__order_2,1.0,9,2,1165,0.6310833333333334,0.07131662219762802,0.0006504868215415627,0.0008881487883627415,0.9203812204097596,1,1,2,0.0,4 6
340,3,sigma_1p0__kernel_9__order_2,1.0,9,2,1166,0.6307666666666667,0.0,0.0008831510785967112,0.003019497264176607,0.8127445637134394,0,0,1,0.0,6
341,3,sigma_1p0__kernel_9__order_2,1.0,9,2,1168,0.6301333333333334,0.1295539289712906,0.0007969154394231737,0.0009983577765524387,0.9042346423821841,1,1,2,0.0,4 6
342,3,sigma_1p0__kernel_9__order_2,1.0,9,2,1171,0.6291833333333334,0.42446526885032654,0.0008410840140034755,0.0007102874806150794,0.9585684250849748,2,2,3,0.0,4 3 6
343,3,sigma_1p0__kernel_9__order_2,1.0,9,2,1176,0.6275999999999999,0.5346906185150146,0.0006900820531882346,0.0003261989331804216,0.9622534799802601,5,5,6,0.0,2 5 1 3 4
344,3,sigma_1p0__kernel_9__order_2,1.0,9,2,1177,0.6272833333333334,0.0,0.0006470186053775251,0.0017319965409114957,0.8891542722049139,0,0,1,0.0,6
345,3,sigma_1p0__kernel_9__order_2,1.0,9,2,1178,0.6269666666666667,0.0,0.0005492829368449748,0.0013044682564213872,0.862803267578591,0,0,1,0.0,6
346,3,sigma_1p0__kernel_9__order_2,1.0,9,2,1181,0.6260166666666667,0.18144544959068298,0.0005757944406165431,0.0007385265780612826,0.9208008632967504,2,2,3,0.0,1 2 6
347,3,sigma_1p0__kernel_9__order_2,1.0,9,2,1184,0.6250666666666667,0.45810097455978394,0.0007254423884054025,0.0006327050505205989,0.9390175648556311,2,2,3,0.0,4 5 6
348,3,sigma_1p0__kernel_9__order_2,1.0,9,2,1189,0.6234833333333334,0.35482335090637207,0.0006328469782602042,0.0005707937525585294,0.9483409410211902,5,5,6,0.0,5 2 1 3 4
349,3,sigma_1p0__kernel_9__order_2,1.0,9,2,1193,0.6222166666666666,-0.034375645220279694,0.0007947942576720379,0.000870390678755939,0.94795160992215,3,3,4,0.0,4 5 1 6
350,3,sigma_1p0__kernel_9__order_2,1.0,9,2,1196,0.6212666666666666,0.09010567516088486,0.0006414466964391371,0.0011198425199836493,0.8861565269644989,2,2,3,0.0,4 1 6
351,3,sigma_1p0__kernel_9__order_2,1.0,9,2,1200,0.62,0.22089605033397675,0.0006996640295255929,0.0005956914974376559,0.9671271356724105,3,3,4,0.0,1 2 4 6
352,3,sigma_1p0__kernel_9__order_2,1.0,9,2,1205,0.6184166666666666,0.3995450437068939,0.0007377158151939511,0.0006873199017718434,0.9496382234992369,5,5,6,0.0,3 5 1 2 4
353,3,sigma_1p0__kernel_9__order_2,1.0,9,2,1207,0.6177833333333334,0.08822499215602875,0.0007450553821399808,0.0010199007811024785,0.9173677836353231,1,1,2,0.0,4 6
354,3,sigma_1p0__kernel_9__order_2,1.0,9,2,1210,0.6168333333333333,0.2907983660697937,0.0007798127286757032,0.0009509333176538348,0.8985118694807205,2,2,3,0.0,1 4 6
355,3,sigma_1p0__kernel_9__order_2,1.0,9,2,1214,0.6155666666666666,0.12317876517772675,0.0007024663500487804,0.0010552231688052416,0.911462626221737,3,3,4,0.0,5 4 1 6
356,3,sigma_1p0__kernel_9__order_2,1.0,9,2,1218,0.6143000000000001,0.0946115255355835,0.0007231873169075698,0.00034667400177568197,0.9636303608645724,3,3,4,0.0,2 4 5 6
357,3,sigma_1p0__kernel_9__order_2,1.0,9,2,1222,0.6130333333333333,0.2038663625717163,0.0006481162126874551,0.000495326123200357,0.947226662839919,3,3,4,0.0,4 5 2 6
358,3,sigma_1p0__kernel_9__order_2,1.0,9,2,1223,0.6127166666666667,0.0,0.000735424633603543,0.0022997516207396984,0.8291534932903883,0,0,1,0.0,6
359,3,sigma_1p0__kernel_9__order_2,1.0,9,2,1227,0.61145,0.5424010753631592,0.0008651876996736974,0.00046634438331238925,0.9637108288891392,3,3,4,0.0,2 4 5 6
360,3,sigma_1p0__kernel_9__order_2,1.0,9,2,1228,0.6111333333333333,0.0,0.000700252247042954,0.001856160582974553,0.8008199268320795,0,0,1,0.0,6
361,3,sigma_1p0__kernel_9__order_2,1.0,9,2,1233,0.60955,0.4715119004249573,0.0007192402437794954,0.00017057478544302285,0.9812847025754478,4,4,5,0.0,4 5 3 2 6
362,3,sigma_1p0__kernel_9__order_2,1.0,9,2,1236,0.6086,0.2418970763683319,0.0007243217745174965,0.00031612097518518567,0.9613215214751138,2,2,3,0.0,5 2 6
363,3,sigma_1p0__kernel_9__order_2,1.0,9,2,1241,0.6070166666666666,0.20172785222530365,0.0006733150104992092,0.0002679729659575969,0.9730112660193415,4,4,5,0.0,2 5 4 3 6
364,3,sigma_1p0__kernel_9__order_2,1.0,9,2,1246,0.6054333333333334,0.5877506732940674,0.0006192813860252499,0.00028907760861329734,0.9786078447252334,5,5,6,0.0,2 3 4 5 1
365,3,sigma_1p0__kernel_9__order_2,1.0,9,2,1250,0.6041666666666667,0.43341925740242004,0.0006630302377743647,0.0005814429605379701,0.96602764683161,3,3,4,0.0,1 4 3 6
366,3,sigma_1p0__kernel_9__order_2,1.0,9,2,1252,0.6035333333333334,0.12538300454616547,0.001282929559238255,0.0017569962656125426,0.8909873493396712,1,1,2,0.0,4 6
367,3,sigma_1p0__kernel_9__order_2,1.0,9,2,1257,0.60195,0.5921775698661804,0.0011563628329895436,0.00013836355356033891,0.98337805267605,4,4,5,0.0,4 3 2 5 6
368,3,sigma_1p0__kernel_9__order_2,1.0,9,2,1259,0.6013166666666667,0.08822499215602875,0.0013245753943920135,0.0010199007811024785,0.9173677836353231,1,1,2,0.0,4 6
369,3,sigma_1p0__kernel_9__order_2,1.0,9,2,1263,0.60005,0.5074523687362671,0.0009894626564346254,0.00028734508669003844,0.9792653489835764,3,3,4,0.0,3 4 5 6
370,3,sigma_1p0__kernel_9__order_2,1.0,9,2,1266,0.5991,0.2536284029483795,0.0009489375127789875,0.0006739135133102536,0.9626502950501924,2,2,3,0.0,5 4 6
371,3,sigma_1p0__kernel_9__order_2,1.0,9,2,1270,0.5978333333333333,0.5734812617301941,0.0008709000976523384,0.00033009552862495184,0.9623021453477256,3,3,4,0.0,3 5 4 6
372,3,sigma_1p0__kernel_9__order_2,1.0,9,2,1271,0.5975166666666667,0.0,0.0012275370536372066,0.0008308970718644559,0.8980840161425038,0,0,1,0.0,6
373,3,sigma_1p0__kernel_9__order_2,1.0,9,2,1274,0.5965666666666667,0.18896698951721191,0.0007794777047820389,0.0012041543377563357,0.9251009130343245,2,2,3,0.0,2 1 6
374,3,sigma_1p0__kernel_9__order_2,1.0,9,2,1277,0.5956166666666667,0.5133795142173767,0.0009573496451290945,0.000318053673254326,0.9699163184579856,2,2,3,0.0,2 5 6
375,3,sigma_1p0__kernel_9__order_2,1.0,9,2,1281,0.59435,0.42184698581695557,0.000918527293833904,0.0005219090962782502,0.9616296666095147,3,3,4,0.0,4 1 2 6
376,3,sigma_1p0__kernel_9__order_2,1.0,9,2,1285,0.5930833333333334,0.42184698581695557,0.0010461188066983595,0.0005219090962782502,0.9616296666095147,3,3,4,0.0,1 4 2 6
377,3,sigma_1p0__kernel_9__order_2,1.0,9,2,1289,0.5918166666666667,0.5208902359008789,0.0009909134387271479,0.00028643847326748073,0.9824312456155929,3,3,4,0.0,5 4 3 6
378,3,sigma_1p0__kernel_9__order_2,1.0,9,2,1291,0.5911833333333334,0.1065979078412056,0.0008331954595632851,0.0006766733131371439,0.9350880353349426,1,1,2,0.0,3 6
379,3,sigma_1p0__kernel_9__order_2,1.0,9,2,1292,0.5908666666666667,0.0,0.001320123323239386,0.0022825519554316998,0.8837809695615284,0,0,1,0.0,6
380,3,sigma_1p0__kernel_9__order_2,1.0,9,2,1296,0.5896,0.10427433252334595,0.0008489762985846028,0.0007328825304284692,0.9466346035247467,3,3,4,0.0,5 1 3 6
381,3,sigma_1p0__kernel_9__order_2,1.0,9,2,1299,0.58865,0.5094946622848511,0.0010382190812379122,0.0004867156967520714,0.9548420228515879,2,2,3,0.0,5 4 6
382,3,sigma_1p0__kernel_9__order_2,1.0,9,2,1302,0.5877,0.252499520778656,0.0007112215389497578,0.0006704816478304565,0.9618861164972984,2,2,3,0.0,4 3 6
383,3,sigma_1p0__kernel_9__order_2,1.0,9,2,1307,0.5861166666666667,0.19465716183185577,0.0007655173074454069,0.0005972589715383947,0.9623692988038205,4,4,5,0.0,5 3 4 2 6
384,3,sigma_1p0__kernel_9__order_2,1.0,9,2,1311,0.5848500000000001,0.1061188131570816,0.0007765965419821441,0.0004558584769256413,0.96605819220988,3,3,4,0.0,5 3 1 6
385,3,sigma_1p0__kernel_9__order_2,1.0,9,2,1314,0.5839000000000001,0.043054886162281036,0.000841423791522781,0.0012846472673118114,0.9336772312572963,2,2,3,0.0,2 4 6
386,3,sigma_1p0__kernel_9__order_2,1.0,9,2,1316,0.5832666666666667,0.09576810151338577,0.0009048989159055054,0.0003033298416994512,0.95530721747209,1,1,2,0.0,4 6
387,3,sigma_1p0__kernel_9__order_2,1.0,9,2,1319,0.5823166666666667,0.0724639967083931,0.0006728376223084828,0.00025054856087081134,0.960324133477228,2,2,3,0.0,3 5 6
388,3,sigma_1p0__kernel_9__order_2,1.0,9,2,1321,0.5816833333333333,0.08931133896112442,0.0006852179358247668,0.0015314538031816483,0.8801071876826099,1,1,2,0.0,5 6
389,3,sigma_1p0__kernel_9__order_2,1.0,9,2,1326,0.5801000000000001,0.19465714693069458,0.0007665732060559094,0.0005972589715383947,0.9623692988038205,4,4,5,0.0,2 3 5 4 6
390,3,sigma_1p0__kernel_9__order_2,1.0,9,2,1328,0.5794666666666667,0.15118815004825592,0.0008174915856216103,0.0008677939767949283,0.9223440661760629,1,1,2,0.0,5 6
391,3,sigma_1p0__kernel_9__order_2,1.0,9,2,1332,0.5782,0.5442281365394592,0.0006813908112235367,0.000386953994166106,0.9660709452650351,3,3,4,0.0,4 3 1 6
392,3,sigma_1p0__kernel_9__order_2,1.0,9,2,1333,0.5778833333333333,0.0,0.0005928160971961915,0.002307247370481491,0.8727007565242498,0,0,1,0.0,6
393,3,sigma_1p0__kernel_9__order_2,1.0,9,2,1336,0.5769333333333333,0.2333804965019226,0.000811123075739791,0.00034992810105904937,0.9611478074410582,2,2,3,0.0,5 4 6
394,3,sigma_1p0__kernel_9__order_2,1.0,9,2,1340,0.5756666666666668,0.1501276046037674,0.0007345479098148644,0.00026568223256617785,0.9782780824178181,3,3,4,0.0,3 4 5 6
395,3,sigma_1p0__kernel_9__order_2,1.0,9,2,1345,0.5740833333333334,0.14496348798274994,0.0006523107644170522,0.0005949079059064388,0.9624397398529665,5,5,6,0.0,2 5 3 1 4
396,3,sigma_1p0__kernel_9__order_2,1.0,9,2,1348,0.5731333333333334,0.3583223521709442,0.0007949425101590654,0.0012815024238079786,0.9053522946222217,2,2,3,0.0,5 4 6
397,3,sigma_1p0__kernel_9__order_2,1.0,9,2,1352,0.5718666666666667,0.27070730924606323,0.0007162477413658053,0.00016201628022827208,0.9809971033605469,3,3,4,0.0,5 4 3 6
398,3,sigma_1p0__kernel_9__order_2,1.0,9,2,1357,0.5702833333333334,0.056569814682006836,0.0008983020787127316,0.0004036757745780051,0.968510801014662,4,4,5,0.0,1 5 2 3 6
399,3,sigma_1p0__kernel_9__order_2,1.0,9,2,1358,0.5699666666666667,0.0,0.0010292634833604097,0.0015476560220122337,0.8544009318940705,0,0,1,0.0,6
400,3,sigma_1p0__kernel_9__order_2,1.0,9,2,1361,0.5690166666666667,0.11879583448171616,0.0008103560927944878,0.00117316038813442,0.8967012005916816,2,2,3,0.0,5 3 6
401,3,sigma_1p0__kernel_9__order_2,1.0,9,2,1363,0.5683833333333334,0.23593395948410034,0.0006155656301416457,0.001179925980977714,0.873603786949808,1,1,2,0.0,5 6
402,3,sigma_1p0__kernel_9__order_2,1.0,9,2,1367,0.5671166666666667,0.1205427497625351,0.0008652279357193038,0.0004530965816229582,0.9495711740500579,3,3,4,0.0,5 1 3 6
403,3,sigma_1p0__kernel_9__order_2,1.0,9,2,1372,0.5655333333333334,0.1997929960489273,0.0006969454232603311,0.0003485918277874589,0.9687668210012876,4,4,5,0.0,5 4 3 1 6
404,3,sigma_1p0__kernel_9__order_2,1.0,9,2,1377,0.56395,0.18220864236354828,0.0007026008330285549,0.0003028891223948449,0.976173714299406,5,5,6,0.0,5 1 4 3 2
405,3,sigma_1p0__kernel_9__order_2,1.0,9,2,1382,0.5623666666666667,0.6128672361373901,0.0006985291605815291,0.000251567893428728,0.9801240219655983,4,4,5,0.0,5 3 4 2 6
406,3,sigma_1p0__kernel_9__order_2,1.0,9,2,1384,0.5617333333333334,0.298298180103302,0.000858053652336821,0.0011614365503191948,0.9154221579237585,1,1,2,0.0,2 6
407,3,sigma_1p0__kernel_9__order_2,1.0,9,2,1389,0.5601499999999999,0.45053642988204956,0.0006863168498966842,0.0004185022262390703,0.9746181196250757,4,4,5,0.0,5 2 4 1 6
408,3,sigma_1p0__kernel_9__order_2,1.0,9,2,1394,0.5585666666666667,0.15215297043323517,0.0007266050670295954,0.0002668093075044453,0.9731276430251624,5,5,6,0.0,4 5 1 3 2
409,3,sigma_1p0__kernel_9__order_2,1.0,9,2,1399,0.5569833333333334,0.1947663128376007,0.0006326174596324563,0.00045942614087834954,0.9622151333036945,4,4,5,0.0,3 2 4 1 6
410,3,sigma_1p0__kernel_9__order_2,1.0,9,2,1400,0.5566666666666666,0.0,0.000843976391479373,0.0021252217702567577,0.8223969706984217,0,0,1,0.0,6
411,3,sigma_1p0__kernel_9__order_2,1.0,9,2,1405,0.5550833333333334,0.5540510416030884,0.0005424211733043194,0.00032804207876324654,0.9622324245509013,4,4,5,0.0,3 5 2 4 6
412,3,sigma_1p0__kernel_9__order_2,1.0,9,2,1409,0.5538166666666666,0.1258772611618042,0.0008527903482900001,0.0004502757510636002,0.9575773105113884,3,3,4,0.0,5 4 3 6
413,3,sigma_1p0__kernel_9__order_2,1.0,9,2,1414,0.5522333333333334,0.4491674602031708,0.0007580457255244255,0.00011217205610591918,0.9870819063163966,5,5,6,0.0,5 1 4 3 2
414,3,sigma_1p0__kernel_9__order_2,1.0,9,2,1418,0.5509666666666666,0.08330699801445007,0.0008027410949580371,0.000641210819594562,0.9370065891537173,3,3,4,0.0,5 1 3 6
415,3,sigma_1p0__kernel_9__order_2,1.0,9,2,1422,0.5497000000000001,0.45921194553375244,0.000777268927777186,0.0007246348541229963,0.9559458593852314,3,3,4,0.0,4 2 3 6
416,3,sigma_1p0__kernel_9__order_2,1.0,9,2,1427,0.5481166666666667,0.44916749000549316,0.0006655805977061391,0.00011217205610591918,0.9870819063163966,5,5,6,0.0,5 2 4 3 1
417,3,sigma_1p0__kernel_9__order_2,1.0,9,2,1432,0.5465333333333333,0.4906052052974701,0.0008847751654684543,0.0004524734104052186,0.9475809891002782,4,4,5,0.0,1 3 2 5 6
418,3,sigma_1p0__kernel_9__order_2,1.0,9,2,1434,0.5459,0.23593395948410034,0.0008839194488245994,0.001179925980977714,0.873603786949808,1,1,2,0.0,5 6
419,3,sigma_1p0__kernel_9__order_2,1.0,9,2,1438,0.5446333333333333,0.6237078905105591,0.0007172376062953845,0.00022654430358670652,0.9791596898638536,3,3,4,0.0,5 4 3 6
420,3,sigma_1p0__kernel_9__order_2,1.0,9,2,1441,0.5436833333333333,0.09220840036869049,0.000673867956114312,0.0011025654384866357,0.8868274820634074,2,2,3,0.0,1 2 6
421,3,sigma_1p0__kernel_9__order_2,1.0,9,2,1445,0.5424166666666667,0.0872502475976944,0.0008224960620282218,0.0008289672550745308,0.9378877794203946,3,3,4,0.0,3 1 2 6
422,3,sigma_1p0__kernel_9__order_2,1.0,9,2,1450,0.5408333333333333,0.587512731552124,0.0006372759351506829,0.00033691912540234625,0.9785110062601734,4,4,5,0.0,3 5 1 4 6
423,3,sigma_1p0__kernel_9__order_2,1.0,9,2,1455,0.53925,0.4427699148654938,0.0005472454242408276,0.00016945380775723606,0.9815922113186397,5,5,6,0.0,5 2 4 1 3
424,3,sigma_1p0__kernel_9__order_2,1.0,9,2,1457,0.5386166666666667,0.05956064909696579,0.0007138992950785905,0.001237416872754693,0.9016062771983436,1,1,2,0.0,3 6
425,3,sigma_1p0__kernel_9__order_2,1.0,9,2,1461,0.53735,0.006937891244888306,0.000683850928908214,0.00047618482494726777,0.9593084215515434,3,3,4,0.0,2 3 1 6
426,3,sigma_1p0__kernel_9__order_2,1.0,9,2,1464,0.5364,0.02052874118089676,0.0005957976294060549,0.0003237983037251979,0.9547582918802424,2,2,3,0.0,3 2 6
427,3,sigma_1p0__kernel_9__order_2,1.0,9,2,1469,0.5348166666666667,0.5727318525314331,0.0006616816157475114,0.0001376520813209936,0.9834099957336285,5,5,6,0.0,5 2 4 1 3
428,3,sigma_1p0__kernel_9__order_2,1.0,9,2,1472,0.5338666666666667,0.04391980171203613,0.0006373947447476288,0.000330309325363487,0.9616454790980864,2,2,3,0.0,4 1 6
429,3,sigma_1p0__kernel_9__order_2,1.0,9,2,1476,0.5326,0.253742516040802,0.0005242810148047283,0.0003305163118056953,0.9657473915503509,3,3,4,0.0,4 5 3 6
430,3,sigma_1p0__kernel_9__order_2,1.0,9,2,1481,0.5310166666666667,0.5346906185150146,0.000548187072854489,0.0003261989331804216,0.9622534799802601,5,5,6,0.0,5 4 1 3 2
431,3,sigma_1p0__kernel_9__order_2,1.0,9,2,1484,0.5300666666666667,0.13815611600875854,0.0005369295734756937,0.0008409887086600065,0.9155083869923877,2,2,3,0.0,5 4 6
432,3,sigma_1p0__kernel_9__order_2,1.0,9,2,1489,0.5284833333333334,0.5219219326972961,0.0006390992086380721,0.00020668312208727002,0.9714597690934659,4,4,5,0.0,2 5 1 3 6
433,3,sigma_1p0__kernel_9__order_2,1.0,9,2,1491,0.52785,0.298298180103302,0.0007328578503802419,0.0011614365503191948,0.9154221579237585,1,1,2,0.0,2 6
434,3,sigma_1p0__kernel_9__order_2,1.0,9,2,1493,0.5272166666666667,0.09576810151338577,0.0006936507706996053,0.0003033298416994512,0.95530721747209,1,1,2,0.0,4 6
435,3,sigma_1p0__kernel_9__order_2,1.0,9,2,1498,0.5256333333333334,0.5917484760284424,0.000633932277560234,0.00013889899128116667,0.983347794991186,4,4,5,0.0,3 1 4 5 6
436,3,sigma_1p0__kernel_9__order_2,1.0,9,2,1502,0.5243666666666666,0.18718057870864868,0.0010008329118136317,0.0005589614738710225,0.9420490309720091,3,3,4,0.0,3 2 4 6
437,3,sigma_1p0__kernel_9__order_2,1.0,9,2,1505,0.5234166666666666,0.019574955105781555,0.0010286896334340174,0.0003278303483966738,0.9547007539255299,2,2,3,0.0,1 5 6
438,3,sigma_1p0__kernel_9__order_2,1.0,9,2,1510,0.5218333333333334,0.35482335090637207,0.0013495396124199033,0.0005707937525585294,0.9483409410211902,5,5,6,0.0,2 1 5 4 3
439,3,sigma_1p0__kernel_9__order_2,1.0,9,2,1515,0.5202500000000001,0.47143879532814026,0.0012623168295249343,0.00017118456889875233,0.9813243463794911,4,4,5,0.0,1 3 4 5 6
440,3,sigma_1p0__kernel_9__order_2,1.0,9,2,1519,0.5189833333333334,0.5071699619293213,0.0012154167925473303,0.00011563707084860653,0.9869697132944069,3,3,4,0.0,3 4 5 6
441,3,sigma_1p0__kernel_9__order_2,1.0,9,2,1523,0.5177166666666666,0.15600349009037018,0.00104121673211921,0.00016633210179861635,0.9804948296721285,3,3,4,0.0,3 4 5 6
442,3,sigma_1p0__kernel_9__order_2,1.0,9,2,1526,0.5167666666666666,0.14571017026901245,0.0010375403217040002,0.000565270078368485,0.9617493440896521,2,2,3,0.0,5 3 6
443,3,sigma_1p0__kernel_9__order_2,1.0,9,2,1531,0.5151833333333333,0.42941102385520935,0.0009445959236472845,0.0006874401587992907,0.9495596571888566,4,4,5,0.0,4 5 1 3 6
444,3,sigma_1p0__kernel_9__order_2,1.0,9,2,1536,0.5136000000000001,0.6069180965423584,0.0008975815726444125,0.0002915810910053551,0.9785065628083226,4,4,5,0.0,4 1 5 3 6
445,3,sigma_1p0__kernel_9__order_2,1.0,9,2,1541,0.5120166666666666,0.189822256565094,0.0010218695504590869,0.000464441574877128,0.9535418546157275,4,4,5,0.0,5 2 3 4 6
446,3,sigma_1p0__kernel_9__order_2,1.0,9,2,1545,0.51075,0.1891016960144043,0.0007759273430565372,0.0007581253885291517,0.9463648199149176,3,3,4,0.0,5 1 2 6
447,3,sigma_1p0__kernel_9__order_2,1.0,9,2,1550,0.5091666666666667,0.20377400517463684,0.0010161846177652479,0.0003301151446066797,0.9657235109777711,4,4,5,0.0,5 2 3 4 6
448,3,sigma_1p0__kernel_9__order_2,1.0,9,2,1551,0.50885,0.0,0.0010631178738549352,0.0017319965409114957,0.8891542722049139,0,0,1,0.0,6
449,3,sigma_1p0__kernel_9__order_2,1.0,9,2,1556,0.5072666666666666,0.5219218730926514,0.0008866601274348795,0.00020668312208727002,0.9714597690934659,4,4,5,0.0,2 3 1 5 6
450,3,sigma_1p0__kernel_9__order_2,1.0,9,2,1560,0.506,0.12754914164543152,0.0007415891013806686,0.0005528352921828628,0.945498015753721,3,3,4,0.0,5 4 3 6
451,3,sigma_1p0__kernel_9__order_2,1.0,9,2,1565,0.5044166666666667,0.20204561948776245,0.0009334194357506931,0.00026787116075865924,0.9731621545751653,4,4,5,0.0,5 4 3 1 6
452,3,sigma_1p0__kernel_9__order_2,1.0,9,2,1569,0.50315,0.5529098510742188,0.0008974375523393974,0.00025594799080863595,0.9795145274590652,3,3,4,0.0,4 2 3 6
453,3,sigma_1p0__kernel_9__order_2,1.0,9,2,1573,0.5018833333333333,0.1501276195049286,0.0007593315531266853,0.00026568223256617785,0.9782780824178181,3,3,4,0.0,5 4 3 6
454,3,sigma_1p0__kernel_9__order_2,1.0,9,2,1576,0.5009333333333335,0.028335437178611755,0.0007363205659203231,0.0003689299337565899,0.939027976585767,2,2,3,0.0,4 1 6
455,3,sigma_1p0__kernel_9__order_2,1.0,9,2,1581,0.49934999999999996,0.37322890758514404,0.0012376874801702797,0.00047905812971293926,0.9483566799961854,5,5,6,0.0,4 2 3 1 5
456,3,sigma_1p0__kernel_9__order_2,1.0,9,2,1586,0.4977666666666667,0.14042139053344727,0.00096704630414024,0.0004623690329026431,0.953826961881624,5,5,6,0.0,5 4 2 3 1
457,3,sigma_1p0__kernel_9__order_2,1.0,9,2,1590,0.49650000000000005,0.24948528409004211,0.001045997632900253,0.0003499265876598656,0.9686965808254643,3,3,4,0.0,4 3 5 6
458,3,sigma_1p0__kernel_9__order_2,1.0,9,2,1595,0.4949166666666668,0.14042139053344727,0.0010135224554687738,0.0004623690329026431,0.953826961881624,5,5,6,0.0,1 3 4 2 5
459,3,sigma_1p0__kernel_9__order_2,1.0,9,2,1598,0.4939666666666668,0.17764326930046082,0.0008352152265918752,0.00048696744488552213,0.9504254990823203,2,2,3,0.0,1 4 6
460,3,sigma_1p0__kernel_9__order_2,1.0,9,2,1602,0.4927,0.28650835156440735,0.0007394723215838894,0.0002764974778983742,0.9829256227871184,3,3,4,0.0,4 3 5 6
461,3,sigma_1p0__kernel_9__order_2,1.0,9,2,1606,0.4914333333333334,0.24948528409004211,0.0008205477788578719,0.0003499265876598656,0.9686965808254643,3,3,4,0.0,4 3 5 6
462,3,sigma_1p0__kernel_9__order_2,1.0,9,2,1608,0.4908,0.2902052402496338,0.0008648217772133648,0.0006305116694420576,0.938003740301101,1,1,2,0.0,4 6
463,3,sigma_1p0__kernel_9__order_2,1.0,9,2,1613,0.48921666666666674,0.5921775698661804,0.0008835259941406548,0.00013836355356033891,0.98337805267605,4,4,5,0.0,3 2 4 5 6
464,3,sigma_1p0__kernel_9__order_2,1.0,9,2,1615,0.48858333333333337,0.09576810151338577,0.0010210557957179844,0.0003033298416994512,0.95530721747209,1,1,2,0.0,4 6
465,3,sigma_1p0__kernel_9__order_2,1.0,9,2,1620,0.487,0.13507919013500214,0.0007957471301779151,0.0009606953244656324,0.9427139242395635,4,4,5,0.0,4 3 2 1 6
466,3,sigma_1p0__kernel_9__order_2,1.0,9,2,1624,0.48573333333333335,0.3932969570159912,0.0007795113924657926,0.00036551058292388916,0.9556160063685475,3,3,4,0.0,4 2 5 6
467,3,sigma_1p0__kernel_9__order_2,1.0,9,2,1627,0.48478333333333334,0.04320606589317322,0.0007680721464566886,0.0008030678727664053,0.9503980296421419,2,2,3,0.0,4 2 6
468,3,sigma_1p0__kernel_9__order_2,1.0,9,2,1631,0.4835166666666667,0.25167807936668396,0.0007893038709880784,0.0002688246313482523,0.9730571657596389,3,3,4,0.0,5 4 3 6
469,3,sigma_1p0__kernel_9__order_2,1.0,9,2,1636,0.4819333333333333,0.47984904050827026,0.0008200677577406168,0.000276587757980451,0.9795012027025223,4,4,5,0.0,2 5 4 3 6
470,3,sigma_1p0__kernel_9__order_2,1.0,9,2,1638,0.48129999999999995,0.35003748536109924,0.0007863463833928108,0.0011247126385569572,0.9208428149912219,1,1,2,0.0,2 6
471,3,sigma_1p0__kernel_9__order_2,1.0,9,2,1643,0.4797166666666667,0.6252923011779785,0.000794121262151748,0.00010020502668339759,0.991501499813462,5,5,6,0.0,2 3 5 1 4
472,3,sigma_1p0__kernel_9__order_2,1.0,9,2,1647,0.47844999999999993,0.021743670105934143,0.0007938145135995001,0.0014242329634726048,0.8710048608703364,3,3,4,0.0,5 1 2 6
473,3,sigma_1p0__kernel_9__order_2,1.0,9,2,1650,0.47750000000000004,0.060489997267723083,0.0009546716464683414,0.0015590970870107412,0.8553022277429612,2,2,3,0.0,2 5 6
474,3,sigma_1p0__kernel_9__order_2,1.0,9,2,1652,0.47686666666666677,0.07131662219762802,0.00074777178815566,0.0008881487883627415,0.9203812204097596,1,1,2,0.0,4 6
475,3,sigma_1p0__kernel_9__order_2,1.0,9,2,1655,0.47591666666666677,0.031587593257427216,0.0009048996532025436,0.0008888073498383164,0.9457616411884815,2,2,3,0.0,5 4 6
476,3,sigma_1p0__kernel_9__order_2,1.0,9,2,1657,0.4752833333333334,0.09576810151338577,0.0008818648057058454,0.0003033298416994512,0.95530721747209,1,1,2,0.0,4 6
477,3,sigma_1p0__kernel_9__order_2,1.0,9,2,1658,0.47496666666666676,0.0,0.0008404716500081122,0.0011536136735230684,0.9010127445552211,0,0,1,0.0,6
478,3,sigma_1p0__kernel_9__order_2,1.0,9,2,1663,0.4733833333333334,0.553835928440094,0.0007530365139245987,0.00032918446231633425,0.9623376832528574,4,4,5,0.0,5 1 4 3 6
479,3,sigma_1p0__kernel_9__order_2,1.0,9,2,1668,0.4718,0.1994989812374115,0.0008278213208541274,0.0003495359269436449,0.9686675396494293,4,4,5,0.0,5 4 3 2 6
480,3,sigma_1p0__kernel_9__order_2,1.0,9,2,1672,0.47053333333333336,0.1039593368768692,0.0007020231569185853,0.0008596146362833679,0.9272331046505292,3,3,4,0.0,4 3 5 6
481,3,sigma_1p0__kernel_9__order_2,1.0,9,2,1677,0.46895,0.42462193965911865,0.0008332665078341961,0.0002650593232829124,0.968571965036721,4,4,5,0.0,1 4 3 5 6
482,3,sigma_1p0__kernel_9__order_2,1.0,9,2,1681,0.46768333333333334,0.014695033431053162,0.0007718268025200814,0.00016994791803881526,0.9748962872554232,3,3,4,0.0,2 4 5 6
483,3,sigma_1p0__kernel_9__order_2,1.0,9,2,1685,0.4664166666666667,0.0485607385635376,0.0007439037144649774,0.00022969531710259616,0.9836593969292079,3,3,4,0.0,3 5 4 6
484,3,sigma_1p0__kernel_9__order_2,1.0,9,2,1690,0.4648333333333333,0.42420560121536255,0.0006910324096679688,0.00026576308300718665,0.9684869034147149,4,4,5,0.0,4 2 5 3 6
485,3,sigma_1p0__kernel_9__order_2,1.0,9,2,1694,0.4635666666666667,0.09271611273288727,0.0008360947831533849,0.0006042876630090177,0.9421275030383032,3,3,4,0.0,1 4 3 6
486,3,sigma_1p0__kernel_9__order_2,1.0,9,2,1698,0.46230000000000004,0.2537424862384796,0.0007927767874207348,0.0003305163118056953,0.9657473915503509,3,3,4,0.0,5 4 3 6
487,3,sigma_1p0__kernel_9__order_2,1.0,9,2,1703,0.46071666666666666,0.19963496923446655,0.0007399442256428301,0.00044040544889867306,0.973193208949461,4,4,5,0.0,1 4 3 2 6
488,3,sigma_1p0__kernel_9__order_2,1.0,9,2,1707,0.45945,0.12754914164543152,0.0007615615468239412,0.0005528352921828628,0.945498015753721,3,3,4,0.0,5 4 3 6
489,3,sigma_1p0__kernel_9__order_2,1.0,9,2,1711,0.4581833333333334,0.27070727944374084,0.0007493169832741842,0.00016201628022827208,0.9809971033605469,3,3,4,0.0,5 3 4 6
490,3,sigma_1p0__kernel_9__order_2,1.0,9,2,1712,0.45786666666666676,0.0,0.0008879999513737857,0.0013044682564213872,0.862803267578591,0,0,1,0.0,6
491,3,sigma_1p0__kernel_9__order_2,1.0,9,2,1717,0.4562833333333334,0.35482335090637207,0.0007210479350760579,0.0005707937525585294,0.9483409410211902,5,5,6,0.0,4 3 5 2 1
492,3,sigma_1p0__kernel_9__order_2,1.0,9,2,1718,0.45596666666666674,0.0,0.0004371829563751817,0.002825152827426791,0.8207752047002528,0,0,1,0.0,6
493,3,sigma_1p0__kernel_9__order_2,1.0,9,2,1720,0.45533333333333337,0.30472898483276367,0.0006026704504620284,0.0009973973501473665,0.9042869721772979,1,1,2,0.0,1 6
494,3,sigma_1p0__kernel_9__order_2,1.0,9,2,1725,0.4537500000000001,0.0658954530954361,0.0007902185549028218,0.00045015968498773873,0.9575823644147333,4,4,5,0.0,3 4 1 5 6
495,3,sigma_1p0__kernel_9__order_2,1.0,9,2,1730,0.4521666666666667,0.4783620238304138,0.0007787717040628195,0.00011355951573932543,0.9870355374287199,4,4,5,0.0,5 2 3 4 6
496,3,sigma_1p0__kernel_9__order_2,1.0,9,2,1734,0.4509000000000001,0.1501276046037674,0.0007779305160511285,0.00026568223256617785,0.9782780824178181,3,3,4,0.0,3 4 5 6
497,3,sigma_1p0__kernel_9__order_2,1.0,9,2,1736,0.4502666666666667,0.059138376265764236,0.0007310827786568552,0.0004956048796884716,0.9446995850036742,1,1,2,0.0,1 6
498,3,sigma_1p0__kernel_9__order_2,1.0,9,2,1737,0.44995000000000007,0.0,0.0007814296404831111,0.0018314453773200512,0.7879006373170014,0,0,1,0.0,6
499,3,sigma_1p0__kernel_9__order_2,1.0,9,2,1740,0.44900000000000007,0.12889212369918823,0.0007867078141619762,0.000682891346514225,0.9227910177354722,2,2,3,0.0,4 3 6
500,3,sigma_1p0__kernel_9__order_2,1.0,9,2,1743,0.44805000000000006,0.13308173418045044,0.0007666700597231587,0.0005882428376935422,0.9562205356345307,2,2,3,0.0,2 1 6
501,3,sigma_1p0__kernel_9__order_2,1.0,9,2,1744,0.4477333333333333,0.0,0.0006549183744937181,0.0013044682564213872,0.862803267578591,0,0,1,0.0,6
502,3,sigma_1p0__kernel_9__order_2,1.0,9,2,1747,0.4467833333333333,0.18322813510894775,0.0008199967560358346,0.0007542007369920611,0.932446053120951,2,2,3,0.0,2 1 6
503,3,sigma_1p0__kernel_9__order_2,1.0,9,2,1752,0.44520000000000004,0.384918212890625,0.0010148743516765536,0.000572658609598875,0.9485629933767739,4,4,5,0.0,1 4 3 5 6
504,3,sigma_1p0__kernel_9__order_2,1.0,9,2,1753,0.4448833333333333,0.0,0.001338957343250513,0.002473224652931094,0.8109631681998618,0,0,1,0.0,6
505,3,sigma_1p0__kernel_9__order_2,1.0,9,2,1758,0.4433,0.40311574935913086,0.0013799994718283414,0.00047925213584676385,0.948310568397167,4,4,5,0.0,3 4 5 1 6
506,3,sigma_1p0__kernel_9__order_2,1.0,9,2,1762,0.4420333333333333,0.27070730924606323,0.0014448277070187032,0.00016201628022827208,0.9809971033605469,3,3,4,0.0,4 3 5 6
507,3,sigma_1p0__kernel_9__order_2,1.0,9,2,1767,0.44045,0.16364026069641113,0.0011594048119150102,0.000357991608325392,0.9613997680572494,4,4,5,0.0,4 2 5 1 6
508,3,sigma_1p0__kernel_9__order_2,1.0,9,2,1772,0.43886666666666674,0.4789198637008667,0.0008734511211514473,0.00028237898368388414,0.9795094902818751,4,4,5,0.0,4 3 5 1 6
509,3,sigma_1p0__kernel_9__order_2,1.0,9,2,1773,0.4385500000000001,0.0,0.0005908405873924494,0.0022997516207396984,0.8291534932903883,0,0,1,0.0,6
510,3,sigma_1p0__kernel_9__order_2,1.0,9,2,1777,0.43728333333333336,0.18201901018619537,0.0007867907552281395,0.0006993684219196439,0.9285417538973437,3,3,4,0.0,2 3 5 6
511,3,sigma_1p0__kernel_9__order_2,1.0,9,2,1782,0.4357000000000001,0.35482335090637207,0.0007106475182808936,0.0005707937525585294,0.9483409410211902,5,5,6,0.0,4 2 3 5 1
512,3,sigma_1p0__kernel_9__order_2,1.0,9,2,1784,0.4350666666666667,0.07131662219762802,0.000669781060423702,0.0008881487883627415,0.9203812204097596,1,1,2,0.0,4 6
513,3,sigma_1p0__kernel_9__order_2,1.0,9,2,1786,0.43443333333333334,0.10135974735021591,0.0007251068018376827,0.0007019987679086626,0.9483417614355382,1,1,2,0.0,4 6
514,3,sigma_1p0__kernel_9__order_2,1.0,9,2,1790,0.4331666666666667,0.5080558657646179,0.0006871364748803899,0.00045391067396849394,0.9588623776695249,3,3,4,0.0,4 2 3 6
515,3,sigma_1p0__kernel_9__order_2,1.0,9,2,1791,0.43285000000000007,0.0,0.0010197579395025969,0.002130668144673109,0.8688772391266545,0,0,1,0.0,6
516,3,sigma_1p0__kernel_9__order_2,1.0,9,2,1796,0.4312666666666667,0.5346906185150146,0.0006909962627105415,0.0003261989331804216,0.9622534799802601,5,5,6,0.0,4 2 1 5 3
517,3,sigma_1p0__kernel_9__order_2,1.0,9,2,1801,0.4296833333333333,0.6045166254043579,0.0007431650417856872,0.0002249711542390287,0.9793051375468194,4,4,5,0.0,3 1 4 5 6
518,3,sigma_1p0__kernel_9__order_2,1.0,9,2,1806,0.42810000000000004,0.6252923011779785,0.0008729360532015562,0.00010020502668339759,0.991501499813462,5,5,6,0.0,2 4 1 5 3
519,3,sigma_1p0__kernel_9__order_2,1.0,9,2,1808,0.42746666666666666,0.2878078818321228,0.0008011669560801238,0.0010458785109221935,0.8895152893258473,1,1,2,0.0,4 6
520,3,sigma_1p0__kernel_9__order_2,1.0,9,2,1811,0.42651666666666666,0.0692678764462471,0.0008154015716475745,0.0006569871911779046,0.9474752098676282,2,2,3,0.0,3 5 6
521,3,sigma_1p0__kernel_9__order_2,1.0,9,2,1816,0.4249333333333334,0.3323817849159241,0.0007426865631714463,0.00042701285565271974,0.9505246868456728,4,4,5,0.0,1 4 3 2 6
522,3,sigma_1p0__kernel_9__order_2,1.0,9,2,1818,0.4243,0.035729821771383286,0.0008525935700163245,0.0015412995126098394,0.9279579401069391,1,1,2,0.0,4 6
523,3,sigma_1p0__kernel_9__order_2,1.0,9,2,1819,0.4239833333333334,0.0,0.0008204132318496704,0.003019497264176607,0.8127445637134394,0,0,1,0.0,6
524,3,sigma_1p0__kernel_9__order_2,1.0,9,2,1823,0.42271666666666663,0.47054940462112427,0.0005616490307147615,0.0004520390648394823,0.9727363963118631,3,3,4,0.0,4 2 5 6
525,3,sigma_1p0__kernel_9__order_2,1.0,9,2,1824,0.4224,0.0,0.0006407259497791529,0.0011304784566164017,0.9181450914401078,0,0,1,0.0,6
526,3,sigma_1p0__kernel_9__order_2,1.0,9,2,1829,0.4208166666666666,0.35482335090637207,0.0007132445345632732,0.0005707937525585294,0.9483409410211902,5,5,6,0.0,1 4 3 5 2
527,3,sigma_1p0__kernel_9__order_2,1.0,9,2,1834,0.41923333333333346,0.20373813807964325,0.0008487043203786015,0.00033044180599972606,0.9657350972064468,4,4,5,0.0,3 4 5 1 6
528,3,sigma_1p0__kernel_9__order_2,1.0,9,2,1839,0.4176500000000001,0.585889995098114,0.0006031485681887716,0.00022222872939892113,0.9795374109472871,5,5,6,0.0,2 5 1 4 3
529,3,sigma_1p0__kernel_9__order_2,1.0,9,2,1842,0.41670000000000007,0.14571017026901245,0.0007278798536087076,0.000565270078368485,0.9617493440896521,2,2,3,0.0,3 5 6
530,3,sigma_1p0__kernel_9__order_2,1.0,9,2,1846,0.41543333333333343,0.1039593368768692,0.0007265130989253521,0.0008596146362833679,0.9272331046505292,3,3,4,0.0,3 5 4 6
531,3,sigma_1p0__kernel_9__order_2,1.0,9,2,1849,0.4144833333333334,0.174459308385849,0.0006317817800057431,0.0003397577675059438,0.9633346566759874,2,2,3,0.0,3 5 6
532,3,sigma_1p0__kernel_9__order_2,1.0,9,2,1851,0.41385000000000005,0.13932837545871735,0.000736427289666608,0.0014612956438213587,0.896249707854673,1,1,2,0.0,2 6
533,3,sigma_1p0__kernel_9__order_2,1.0,9,2,1855,0.4125833333333334,0.28650835156440735,0.0007439760520355776,0.0002764974778983742,0.9829256227871184,3,3,4,0.0,4 3 5 6
534,3,sigma_1p0__kernel_9__order_2,1.0,9,2,1857,0.41195000000000004,0.07726895809173584,0.0007202947454061359,0.00043727908632718027,0.930795111674616,1,1,2,0.0,4 6
535,3,sigma_1p0__kernel_9__order_2,1.0,9,2,1860,0.41100000000000003,0.2156578004360199,0.0006464219380480548,0.0006626942194998264,0.9446237576099978,2,2,3,0.0,4 5 6
536,3,sigma_1p0__kernel_9__order_2,1.0,9,2,1865,0.40941666666666665,0.39463871717453003,0.0006244169839192182,0.0002648760564625263,0.9685548641912719,5,5,6,0.0,4 2 5 1 3
537,3,sigma_1p0__kernel_9__order_2,1.0,9,2,1867,0.4087833333333334,0.08822499215602875,0.0005960671114735305,0.0010199007811024785,0.9173677836353231,1,1,2,0.0,4 6
538,3,sigma_1p0__kernel_9__order_2,1.0,9,2,1871,0.40751666666666664,0.0030068010091781616,0.0006611055869143456,0.00019637274090200663,0.9710063840595919,3,3,4,0.0,4 5 1 6
539,3,sigma_1p0__kernel_9__order_2,1.0,9,2,1876,0.40593333333333337,0.23762643337249756,0.000597174686845392,0.00027102409512735903,0.9831929665931481,4,4,5,0.0,3 5 4 1 6
540,3,sigma_1p0__kernel_9__order_2,1.0,9,2,1881,0.40435,0.19497862458229065,0.0008120885002426803,0.0005973344668745995,0.9626045519758489,4,4,5,0.0,3 1 4 5 6
541,3,sigma_1p0__kernel_9__order_2,1.0,9,2,1885,0.40308333333333335,0.046614423394203186,0.0006194311135914177,0.0008206010097637773,0.9208881372893749,3,3,4,0.0,5 1 2 6
542,3,sigma_1p0__kernel_9__order_2,1.0,9,2,1889,0.4018166666666667,-0.00464949756860733,0.000612537725828588,0.0002704373328015208,0.9570228649340968,3,3,4,0.0,4 2 3 6
543,3,sigma_1p0__kernel_9__order_2,1.0,9,2,1893,0.4005500000000001,0.1205427497625351,0.0008408070862060413,0.0004530965816229582,0.9495711740500579,3,3,4,0.0,3 5 1 6
544,3,sigma_1p0__kernel_9__order_2,1.0,9,2,1897,0.39928333333333343,0.0027734190225601196,0.0006283606489887461,0.0002380658988840878,0.9585696222807649,3,3,4,0.0,1 3 4 6
545,3,sigma_1p0__kernel_9__order_2,1.0,9,2,1902,0.39770000000000005,0.47143882513046265,0.0005180997424758971,0.00017118456889875233,0.9813243463794911,4,4,5,0.0,4 3 1 5 6
546,3,sigma_1p0__kernel_9__order_2,1.0,9,2,1905,0.39675000000000005,0.04903693497180939,0.0006520168002073964,0.000587556860409677,0.9414025662770311,2,2,3,0.0,4 5 6
547,3,sigma_1p0__kernel_9__order_2,1.0,9,2,1906,0.3964333333333334,0.0,0.0005126412725076079,0.0019371160306036472,0.8608352722739635,0,0,1,0.0,6
548,3,sigma_1p0__kernel_9__order_2,1.0,9,2,1910,0.39516666666666667,0.23748071491718292,0.0005725560404243879,0.0004897397593595088,0.9594882269889364,3,3,4,0.0,3 1 4 6
549,3,sigma_1p0__kernel_9__order_2,1.0,9,2,1915,0.3935833333333334,0.20373812317848206,0.0006075715937186033,0.00033044180599972606,0.9657350972064468,4,4,5,0.0,4 5 1 3 6
550,3,sigma_1p0__kernel_9__order_2,1.0,9,2,1920,0.392,-0.01595953106880188,0.0005916310125030577,0.000859399326145649,0.9273245491432945,5,5,6,0.0,5 4 1 3 2
551,3,sigma_1p0__kernel_9__order_2,1.0,9,2,1923,0.39105,0.1401793360710144,0.0005871663064075013,0.0006530879763886333,0.9352612300342952,2,2,3,0.0,3 5 6
552,3,sigma_1p0__kernel_9__order_2,1.0,9,2,1926,0.3901,0.23789048194885254,0.0005798831698484719,0.0007395038264803588,0.9582554496178021,2,2,3,0.0,1 2 6
553,3,sigma_1p0__kernel_9__order_2,1.0,9,2,1931,0.3885166666666666,0.5918280482292175,0.0006544264499098063,0.00016717196558602154,0.9808081303070898,4,4,5,0.0,2 5 1 4 6
554,3,sigma_1p0__kernel_9__order_2,1.0,9,2,1936,0.38693333333333335,0.5858900547027588,0.0006030400050804019,0.00022222872939892113,0.9795374109472871,5,5,6,0.0,1 3 2 4 5
555,3,sigma_1p0__kernel_9__order_2,1.0,9,2,1940,0.3856666666666667,0.27070730924606323,0.0006485233025159687,0.00016201628022827208,0.9809971033605469,3,3,4,0.0,4 5 3 6
556,3,sigma_1p0__kernel_9__order_2,1.0,9,2,1944,0.38439999999999996,0.27070730924606323,0.0006917938590049744,0.00016201628022827208,0.9809971033605469,3,3,4,0.0,4 5 3 6
557,3,sigma_1p0__kernel_9__order_2,1.0,9,2,1946,0.3837666666666667,0.2814784646034241,0.0006055528647266328,0.0006727044237777591,0.9227302936077402,1,1,2,0.0,4 6
558,3,sigma_1p0__kernel_9__order_2,1.0,9,2,1949,0.3828166666666667,0.07349780946969986,0.0005686344035590688,0.0004858748579863459,0.9664297200447031,2,2,3,0.0,4 5 6
559,3,sigma_1p0__kernel_9__order_2,1.0,9,2,1954,0.3812333333333334,0.5877506732940674,0.0005581299075856805,0.00028907760861329734,0.9786078447252334,5,5,6,0.0,2 1 5 4 3
560,3,sigma_1p0__kernel_9__order_2,1.0,9,2,1956,0.38060000000000005,0.07131662219762802,0.0004231662314850837,0.0008881487883627415,0.9203812204097596,1,1,2,0.0,4 6
561,3,sigma_1p0__kernel_9__order_2,1.0,9,2,1959,0.37965000000000004,0.1401793360710144,0.0006158089963719249,0.0006530879763886333,0.9352612300342952,2,2,3,0.0,3 5 6
562,3,sigma_1p0__kernel_9__order_2,1.0,9,2,1962,0.37870000000000004,0.5219658613204956,0.0006626815690348545,0.0003300785319879651,0.9746431670772902,2,2,3,0.0,2 1 6
563,3,sigma_1p0__kernel_9__order_2,1.0,9,2,1967,0.37711666666666677,0.4783620238304138,0.0006525915698148311,0.00011355951573932543,0.9870355374287199,4,4,5,0.0,2 5 4 3 6
564,3,sigma_1p0__kernel_9__order_2,1.0,9,2,1969,0.3764833333333334,0.09053212404251099,0.0004203387361485511,0.0010426510125398636,0.9284661907822284,1,1,2,0.0,5 6
565,3,sigma_1p0__kernel_9__order_2,1.0,9,2,1972,0.3755333333333334,0.49883517622947693,0.0006838853005319834,0.0006811415660195053,0.9515955737137483,2,2,3,0.0,4 2 6
566,3,sigma_1p0__kernel_9__order_2,1.0,9,2,1977,0.37395,0.47984904050827026,0.000605610862839967,0.000276587757980451,0.9795012027025223,4,4,5,0.0,2 5 4 3 6
567,3,sigma_1p0__kernel_9__order_2,1.0,9,2,1981,0.37268333333333337,0.04336877167224884,0.0007106610064511187,0.00032465849653817713,0.9719191216614527,3,3,4,0.0,5 4 3 6
568,3,sigma_1p0__kernel_9__order_2,1.0,9,2,1984,0.37173333333333336,0.3843836784362793,0.0006405021607254943,0.0007580478559248149,0.9178578239487978,2,2,3,0.0,2 5 6
569,3,sigma_1p0__kernel_9__order_2,1.0,9,2,1986,0.3711,0.10135974735021591,0.0005743139772675931,0.0007019987679086626,0.9483417614355382,1,1,2,0.0,4 6
570,3,sigma_1p0__kernel_9__order_2,1.0,9,2,1987,0.37078333333333335,0.0,0.0005552216898649931,0.001669246586970985,0.8368215547358522,0,0,1,0.0,6
571,3,sigma_1p0__kernel_9__order_2,1.0,9,2,1991,0.3695166666666667,0.20700190961360931,0.0006219736242201179,0.0006017435225658119,0.9396274574411043,3,3,4,0.0,2 5 4 6
572,3,sigma_1p0__kernel_9__order_2,1.0,9,2,1994,0.3685666666666667,0.16670595109462738,0.0005745820235460997,0.0005150713259354234,0.9424414601748395,2,2,3,0.0,3 5 6
573,3,sigma_1p0__kernel_9__order_2,1.0,9,2,1999,0.36698333333333333,0.6381493210792542,0.0005385474883951247,0.00011533001088537276,0.9893625811468832,4,4,5,0.0,5 1 3 4 6
574,3,sigma_1p0__kernel_9__order_2,1.0,9,2,2002,0.3660333333333333,0.04391978681087494,0.0010260359461729724,0.000330309325363487,0.9616454790980864,2,2,3,0.0,1 4 6
575,3,sigma_1p0__kernel_9__order_2,1.0,9,2,2005,0.3650833333333333,0.08952425420284271,0.000856550371584793,0.0013792121317237616,0.8772108774725237,2,2,3,0.0,4 1 6
576,3,sigma_1p0__kernel_9__order_2,1.0,9,2,2006,0.3647666666666667,0.0,0.001124808331951499,0.0010371885728091002,0.8819429104379184,0,0,1,0.0,6
577,3,sigma_1p0__kernel_9__order_2,1.0,9,2,2011,0.3631833333333334,0.06755730509757996,0.0009219209314323962,0.0005528265610337257,0.94550767932508,4,4,5,0.0,4 5 3 2 6
578,3,sigma_1p0__kernel_9__order_2,1.0,9,2,2016,0.36160000000000003,0.44916749000549316,0.0007566273561678827,0.00011217205610591918,0.9870819063163966,5,5,6,0.0,2 5 4 3 1
579,3,sigma_1p0__kernel_9__order_2,1.0,9,2,2020,0.3603333333333334,0.15600350499153137,0.0009655146859586239,0.00016633210179861635,0.9804948296721285,3,3,4,0.0,5 4 3 6
580,3,sigma_1p0__kernel_9__order_2,1.0,9,2,2024,0.35906666666666676,0.20861467719078064,0.0008478515956085175,0.0002957448596134782,0.9668967467107047,3,3,4,0.0,4 3 1 6
581,3,sigma_1p0__kernel_9__order_2,1.0,9,2,2029,0.3574833333333334,0.5727318525314331,0.0008134585572406649,0.0001376520813209936,0.9834099957336285,5,5,6,0.0,2 1 4 3 5
582,3,sigma_1p0__kernel_9__order_2,1.0,9,2,2034,0.3559,-0.04381183534860611,0.0006124155246652663,0.0006555888103321195,0.960995863135306,4,4,5,0.0,2 1 4 3 6
583,3,sigma_1p0__kernel_9__order_2,1.0,9,2,2037,0.35495,0.05421801656484604,0.0006093510310165584,0.0007541041122749448,0.9377718538967239,2,2,3,0.0,2 1 6
584,3,sigma_1p0__kernel_9__order_2,1.0,9,2,2042,0.3533666666666667,0.11213979125022888,0.0007085153134539724,0.00016172637697309256,0.9841781721387267,4,4,5,0.0,5 4 3 1 6
585,3,sigma_1p0__kernel_9__order_2,1.0,9,2,2043,0.35305,0.0,0.0006870225188322365,0.002171087544411421,0.7374905248734033,0,0,1,0.0,6
586,3,sigma_1p0__kernel_9__order_2,1.0,9,2,2048,0.3514666666666667,0.620286226272583,0.0006643900647759438,0.00011107099999208003,0.9894046905526933,5,5,6,0.0,2 1 5 4 3
587,3,sigma_1p0__kernel_9__order_2,1.0,9,2,2053,0.3498833333333333,0.5681328177452087,0.0008343611145392061,0.0003357348614372313,0.9786668139710296,5,5,6,0.0,4 1 2 3 5
588,3,sigma_1p0__kernel_9__order_2,1.0,9,2,2058,0.34829999999999994,0.39463871717453003,0.0006385842978488653,0.0002648760564625263,0.9685548641912719,5,5,6,0.0,1 4 3 2 5
589,3,sigma_1p0__kernel_9__order_2,1.0,9,2,2063,0.3467166666666667,0.4517238438129425,0.000807479745708406,0.0002711522101890296,0.9798690636291232,5,5,6,0.0,2 5 3 1 4
590,3,sigma_1p0__kernel_9__order_2,1.0,9,2,2065,0.3460833333333333,0.08822499215602875,0.0009828804759308696,0.0010199007811024785,0.9173677836353231,1,1,2,0.0,4 6
591,3,sigma_1p0__kernel_9__order_2,1.0,9,2,2070,0.34450000000000003,0.587512731552124,0.0007072500651702285,0.00033691912540234625,0.9785110062601734,4,4,5,0.0,3 1 4 5 6
592,3,sigma_1p0__kernel_9__order_2,1.0,9,2,2075,0.34291666666666676,0.18220865726470947,0.0007098779431544244,0.0003028891223948449,0.976173714299406,5,5,6,0.0,5 2 3 1 4
593,3,sigma_1p0__kernel_9__order_2,1.0,9,2,2078,0.34196666666666675,0.04877302795648575,0.000585846253670752,0.0003188982664141804,0.9635433069697175,2,2,3,0.0,3 1 6
594,3,sigma_1p0__kernel_9__order_2,1.0,9,2,2081,0.34101666666666675,0.14693386852741241,0.0005761480521565924,0.0005573572707362473,0.9619211540175392,2,2,3,0.0,4 3 6
595,3,sigma_1p0__kernel_9__order_2,1.0,9,2,2083,0.34038333333333337,0.1246737614274025,0.0008133334922604263,0.0007158037042245269,0.927573984092396,1,1,2,0.0,5 6
596,3,sigma_1p0__kernel_9__order_2,1.0,9,2,2086,0.33943333333333336,0.12636825442314148,0.0007967850542627275,0.0007063313387334347,0.92279278082102,2,2,3,0.0,2 1 6
597,3,sigma_1p0__kernel_9__order_2,1.0,9,2,2091,0.3378500000000001,0.4783620238304138,0.0007267642649821937,0.00011355951573932543,0.9870355374287199,4,4,5,0.0,5 3 4 2 6
598,3,sigma_1p0__kernel_9__order_2,1.0,9,2,2093,0.3372166666666667,0.08742749691009521,0.0009446980257052928,0.001167015521787107,0.8816713038721209,1,1,2,0.0,5 6
599,3,sigma_1p0__kernel_9__order_2,1.0,9,2,2095,0.33658333333333335,0.2967571020126343,0.000622259423835203,0.0004993918118998408,0.928627906989541,1,1,2,0.0,2 6
600,3,sigma_1p0__kernel_9__order_2,1.0,9,2,2099,0.3353166666666667,0.17186933755874634,0.0008478074305457994,0.00016244305879808962,0.9840680202746079,3,3,4,0.0,4 3 5 6
601,3,sigma_1p0__kernel_9__order_2,1.0,9,2,2104,0.3337333333333333,0.4918782711029053,0.000637114024721086,0.00028312637005001307,0.9826177732485228,4,4,5,0.0,2 5 4 3 6
602,3,sigma_1p0__kernel_9__order_2,1.0,9,2,2108,0.3324666666666667,0.25167807936668396,0.00048766444524517283,0.0002688246313482523,0.9730571657596389,3,3,4,0.0,5 4 3 6
603,3,sigma_1p0__kernel_9__order_2,1.0,9,2,2111,0.3315166666666667,0.1320481300354004,0.0007007986035508414,0.0008679910679347813,0.9265016959393209,2,2,3,0.0,5 4 6
604,3,sigma_1p0__kernel_9__order_2,1.0,9,2,2116,0.3299333333333333,0.46352246403694153,0.0005097036366350949,0.00027670079725794494,0.9828725389684423,5,5,6,0.0,2 5 1 4 3
605,3,sigma_1p0__kernel_9__order_2,1.0,9,2,2118,0.32930000000000004,0.08822499215602875,0.0006723529077135026,0.0010199007811024785,0.9173677836353231,1,1,2,0.0,4 6
606,3,sigma_1p0__kernel_9__order_2,1.0,9,2,2123,0.32771666666666666,0.5858900547027588,0.0006431868532672524,0.00022222872939892113,0.9795374109472871,5,5,6,0.0,2 1 4 3 5
607,3,sigma_1p0__kernel_9__order_2,1.0,9,2,2127,0.32645,0.14680367708206177,0.00076014079968445,0.0004541786329355091,0.9655303865777468,3,3,4,0.0,5 4 3 6
608,3,sigma_1p0__kernel_9__order_2,1.0,9,2,2129,0.32581666666666664,0.035729821771383286,0.0007156339124776423,0.0015412995126098394,0.9279579401069391,1,1,2,0.0,4 6
609,3,sigma_1p0__kernel_9__order_2,1.0,9,2,2132,0.32486666666666675,0.11215776950120926,0.0006030892060759167,0.0009827259927988052,0.8985219986735002,2,2,3,0.0,2 4 6
610,3,sigma_1p0__kernel_9__order_2,1.0,9,2,2137,0.32328333333333337,0.5751277208328247,0.0008323526824824512,0.00020207019406370819,0.9847549568423193,4,4,5,0.0,2 4 1 3 6
611,3,sigma_1p0__kernel_9__order_2,1.0,9,2,2138,0.32296666666666674,0.0,0.0008291905396617949,0.002473224652931094,0.8109631681998618,0,0,1,0.0,6
612,3,sigma_1p0__kernel_9__order_2,1.0,9,2,2143,0.32138333333333335,0.08709180355072021,0.0006599553627893329,0.0004525361873675138,0.9656771898942952,4,4,5,0.0,5 4 3 2 6
613,3,sigma_1p0__kernel_9__order_2,1.0,9,2,2148,0.3198000000000001,0.6069180369377136,0.0006490172003395855,0.0002915810910053551,0.9785065628083226,4,4,5,0.0,4 1 3 5 6
614,3,sigma_1p0__kernel_9__order_2,1.0,9,2,2150,0.3191666666666667,0.09576810151338577,0.0005581307341344655,0.0003033298416994512,0.95530721747209,1,1,2,0.0,4 6
615,3,sigma_1p0__kernel_9__order_2,1.0,9,2,2153,0.3182166666666667,0.07349781692028046,0.0006971159600652754,0.0004858748579863459,0.9664297200447031,2,2,3,0.0,5 4 6
616,3,sigma_1p0__kernel_9__order_2,1.0,9,2,2157,0.31695000000000007,0.5208901762962341,0.0007691542705288157,0.00028643847326748073,0.9824312456155929,3,3,4,0.0,4 3 5 6
617,3,sigma_1p0__kernel_9__order_2,1.0,9,2,2161,0.3156833333333333,0.1205427497625351,0.0005625927296932787,0.0004530965816229582,0.9495711740500579,3,3,4,0.0,5 3 1 6
618,3,sigma_1p0__kernel_9__order_2,1.0,9,2,2166,0.31410000000000005,0.6128671765327454,0.0006286288029514253,0.000251567893428728,0.9801240219655983,4,4,5,0.0,2 5 3 4 6
619,3,sigma_1p0__kernel_9__order_2,1.0,9,2,2169,0.31315000000000004,0.16800373792648315,0.0006484318873845041,0.00039500228012911975,0.9647165368024291,2,2,3,0.0,5 4 6
620,3,sigma_1p0__kernel_9__order_2,1.0,9,2,2172,0.31220000000000003,0.4085193872451782,0.000513174153941994,0.0002589498180896044,0.9705101869796601,2,2,3,0.0,5 4 6
621,3,sigma_1p0__kernel_9__order_2,1.0,9,2,2177,0.31061666666666665,0.5538358688354492,0.0005440838518552482,0.00032918446231633425,0.9623376832528574,4,4,5,0.0,3 1 4 5 6
622,3,sigma_1p0__kernel_9__order_2,1.0,9,2,2181,0.30935,0.45619407296180725,0.0006840428104624152,0.0003822278813458979,0.9659012573971618,3,3,4,0.0,2 5 4 6
623,3,sigma_1p0__kernel_9__order_2,1.0,9,2,2184,0.3084,0.0692678838968277,0.0006376709400986632,0.0006569871911779046,0.9474752098676282,2,2,3,0.0,5 3 6
624,3,sigma_1p0__kernel_9__order_2,1.0,9,2,2189,0.3068166666666666,0.1653010994195938,0.0009100082563236356,0.0007582043763250113,0.951534177031585,4,4,5,0.0,5 4 1 2 6
625,3,sigma_1p0__kernel_9__order_2,1.0,9,2,2192,0.30586666666666673,0.14571017026901245,0.000664160451075683,0.000565270078368485,0.9617493440896521,2,2,3,0.0,5 3 6
626,3,sigma_1p0__kernel_9__order_2,1.0,9,2,2196,0.3046000000000001,0.23954163491725922,0.0007022714416962117,0.00046948809176683426,0.9537005855587801,3,3,4,0.0,5 4 3 6
627,3,sigma_1p0__kernel_9__order_2,1.0,9,2,2201,0.3030166666666667,0.5877506732940674,0.0007182863191701472,0.00028907760861329734,0.9786078447252334,5,5,6,0.0,2 1 5 4 3
628,3,sigma_1p0__kernel_9__order_2,1.0,9,2,2203,0.30238333333333345,0.10135974735021591,0.0004909162234980613,0.0007019987679086626,0.9483417614355382,1,1,2,0.0,4 6
629,3,sigma_1p0__kernel_9__order_2,1.0,9,2,2208,0.30080000000000007,0.5727318525314331,0.0005953023326583206,0.0001376520813209936,0.9834099957336285,5,5,6,0.0,2 1 5 4 3
630,3,sigma_1p0__kernel_9__order_2,1.0,9,2,2213,0.2992166666666667,0.5921776294708252,0.0006409191642887891,0.00013836355356033891,0.98337805267605,4,4,5,0.0,5 2 3 4 6
631,3,sigma_1p0__kernel_9__order_2,1.0,9,2,2218,0.2976333333333334,0.20373810827732086,0.0006435514544136823,0.00033044180599972606,0.9657350972064468,4,4,5,0.0,5 4 3 1 6
632,3,sigma_1p0__kernel_9__order_2,1.0,9,2,2220,0.29700000000000004,0.10135974735021591,0.0006313180783763528,0.0007019987679086626,0.9483417614355382,1,1,2,0.0,4 6
633,3,sigma_1p0__kernel_9__order_2,1.0,9,2,2221,0.2966833333333334,0.0,0.000789211131632328,0.0010371885728091002,0.8819429104379184,0,0,1,0.0,6
634,3,sigma_1p0__kernel_9__order_2,1.0,9,2,2225,0.29541666666666666,0.4954835772514343,0.0005599821524810977,0.0005755455931648612,0.9548530965228427,3,3,4,0.0,2 1 5 6
635,3,sigma_1p0__kernel_9__order_2,1.0,9,2,2229,0.29415,0.0485607385635376,0.0006240953953238204,0.00022969531710259616,0.9836593969292079,3,3,4,0.0,3 5 4 6
636,3,sigma_1p0__kernel_9__order_2,1.0,9,2,2231,0.29351666666666665,0.10135974735021591,0.0007669533370062709,0.0007019987679086626,0.9483417614355382,1,1,2,0.0,4 6
637,3,sigma_1p0__kernel_9__order_2,1.0,9,2,2232,0.2932,0.0,0.0005443291156552732,0.0010371885728091002,0.8819429104379184,0,0,1,0.0,6
638,3,sigma_1p0__kernel_9__order_2,1.0,9,2,2235,0.29225,0.37650567293167114,0.0006255272892303765,0.0007985742995515466,0.9504302397777862,2,2,3,0.0,1 4 6
639,3,sigma_1p0__kernel_9__order_2,1.0,9,2,2240,0.29066666666666663,0.5858900547027588,0.000558496214216575,0.00022222872939892113,0.9795374109472871,5,5,6,0.0,2 1 4 5 3
640,3,sigma_1p0__kernel_9__order_2,1.0,9,2,2244,0.2894,0.12457762658596039,0.0005504951259354129,0.00031437116558663547,0.9676056450385685,3,3,4,0.0,5 3 1 6
641,3,sigma_1p0__kernel_9__order_2,1.0,9,2,2245,0.28908333333333336,0.0,0.0007384750642813742,0.0011536136735230684,0.9010127445552211,0,0,1,0.0,6
642,3,sigma_1p0__kernel_9__order_2,1.0,9,2,2250,0.2875000000000001,0.6435294151306152,0.0005500088387634605,0.00010259622649755329,0.9913052334655054,4,4,5,0.0,2 3 4 5 6
643,3,sigma_1p0__kernel_9__order_2,1.0,9,2,2252,0.2868666666666667,0.08126659691333771,0.0009591817506588995,0.0003977040178142488,0.9477260804488175,1,1,2,0.0,4 6
644,3,sigma_1p0__kernel_9__order_2,1.0,9,2,2256,0.2856000000000001,0.23954163491725922,0.0006725736748194322,0.00046948809176683426,0.9537005855587801,3,3,4,0.0,5 3 4 6
645,3,sigma_1p0__kernel_9__order_2,1.0,9,2,2260,0.28433333333333344,0.43311983346939087,0.0007571727182948962,0.00047925321268849075,0.9483131717770902,3,3,4,0.0,4 3 5 6
646,3,sigma_1p0__kernel_9__order_2,1.0,9,2,2263,0.28338333333333343,0.1506832242012024,0.0007153792733636996,0.0008174586109817028,0.9402529282958272,2,2,3,0.0,3 5 6
647,3,sigma_1p0__kernel_9__order_2,1.0,9,2,2267,0.2821166666666667,0.4970456659793854,0.0006501750322058797,0.0005960111739113927,0.958957241828178,3,3,4,0.0,4 3 2 6
648,3,sigma_1p0__kernel_9__order_2,1.0,9,2,2270,0.2811666666666667,0.13575655221939087,0.0006701089053725203,0.000681609264574945,0.9340688566390456,2,2,3,0.0,4 3 6
649,3,sigma_1p0__kernel_9__order_2,1.0,9,2,2275,0.2795833333333334,0.44276994466781616,0.0006122277700342238,0.00016945380775723606,0.9815922113186397,5,5,6,0.0,4 3 5 2 1
650,3,sigma_1p0__kernel_9__order_2,1.0,9,2,2276,0.27926666666666666,0.0,0.0005957094836048782,0.0008454601047560573,0.8618660898752927,0,0,1,0.0,6
651,3,sigma_1p0__kernel_9__order_2,1.0,9,2,2280,0.278,0.43311983346939087,0.0006978257442824543,0.00047925321268849075,0.9483131717770902,3,3,4,0.0,3 5 4 6
652,3,sigma_1p0__kernel_9__order_2,1.0,9,2,2285,0.27641666666666664,0.5877506732940674,0.0005732819496188313,0.00028907760861329734,0.9786078447252334,5,5,6,0.0,2 1 5 4 3
653,3,sigma_1p0__kernel_9__order_2,1.0,9,2,2289,0.27515,0.2447340488433838,0.0007176739891292527,0.0005987586337141693,0.9625195515354238,3,3,4,0.0,4 3 5 6
654,3,sigma_1p0__kernel_9__order_2,1.0,9,2,2293,0.27388333333333337,0.2537424862384796,0.0005954348453087732,0.0003305163118056953,0.9657473915503509,3,3,4,0.0,3 5 4 6
655,3,sigma_1p0__kernel_9__order_2,1.0,9,2,2296,0.27293333333333336,0.1401793360710144,0.000793695372218887,0.0006530879763886333,0.9352612300342952,2,2,3,0.0,5 3 6
656,3,sigma_1p0__kernel_9__order_2,1.0,9,2,2299,0.27198333333333335,0.11879583448171616,0.000523367440716053,0.00117316038813442,0.8967012005916816,2,2,3,0.0,5 3 6
657,3,sigma_1p0__kernel_9__order_2,1.0,9,2,2304,0.2704,0.6128671765327454,0.0005977154651191086,0.000251567893428728,0.9801240219655983,4,4,5,0.0,2 4 5 3 6
658,3,sigma_1p0__kernel_9__order_2,1.0,9,2,2305,0.27008333333333334,0.0,0.0004637745441868901,0.0019371160306036472,0.8608352722739635,0,0,1,0.0,6
659,3,sigma_1p0__kernel_9__order_2,1.0,9,2,2308,0.26913333333333334,0.18534532189369202,0.0005807126484190425,0.0010286470642313361,0.9183648345232294,2,2,3,0.0,4 3 6
660,3,sigma_1p0__kernel_9__order_2,1.0,9,2,2310,0.26850000000000007,0.08941388130187988,0.00046464885235764086,0.0015358374221250415,0.9197421913942174,1,1,2,0.0,4 6
661,3,sigma_1p0__kernel_9__order_2,1.0,9,2,2313,0.26755000000000007,0.14683887362480164,0.0007534114993177354,0.0008435813942924142,0.9386159586282746,2,2,3,0.0,4 3 6
662,3,sigma_1p0__kernel_9__order_2,1.0,9,2,2318,0.2659666666666668,0.20377403497695923,0.0005525749642401933,0.0003301151446066797,0.9657235109777711,4,4,5,0.0,4 3 5 2 6
663,3,sigma_1p0__kernel_9__order_2,1.0,9,2,2321,0.2650166666666668,0.1506832093000412,0.0005296212815058728,0.0008174586109817028,0.9402529282958272,2,2,3,0.0,5 3 6
664,3,sigma_1p0__kernel_9__order_2,1.0,9,2,2324,0.2640666666666668,0.4534078538417816,0.0004900853576449057,0.0005738302133977413,0.9616316707713992,2,2,3,0.0,3 5 6
665,3,sigma_1p0__kernel_9__order_2,1.0,9,2,2328,0.26280000000000003,0.5074523687362671,0.00039476229721913114,0.00028734508669003844,0.9792653489835764,3,3,4,0.0,5 3 4 6
666,3,sigma_1p0__kernel_9__order_2,1.0,9,2,2332,0.2615333333333334,0.3932969570159912,0.0006833764200564474,0.00036551058292388916,0.9556160063685475,3,3,4,0.0,4 2 5 6
667,3,sigma_1p0__kernel_9__order_2,1.0,9,2,2336,0.26026666666666676,0.43311983346939087,0.0007453866419382393,0.00047925321268849075,0.9483131717770902,3,3,4,0.0,3 5 4 6
668,3,sigma_1p0__kernel_9__order_2,1.0,9,2,2339,0.25931666666666675,0.14693386852741241,0.0005891837645322084,0.0005573572707362473,0.9619211540175392,2,2,3,0.0,4 3 6
669,3,sigma_1p0__kernel_9__order_2,1.0,9,2,2342,0.25836666666666674,0.5218346118927002,0.0006777664530090988,0.0006135533330962062,0.9546433615982178,2,2,3,0.0,5 3 6
670,3,sigma_1p0__kernel_9__order_2,1.0,9,2,2347,0.25678333333333336,0.5950121283531189,0.0005796816025394946,0.00024510215735062957,0.980296102789863,5,5,6,0.0,4 2 1 5 3
671,3,sigma_1p0__kernel_9__order_2,1.0,9,2,2350,0.25583333333333336,0.1320481300354004,0.00047307191804672283,0.0008679910679347813,0.9265016959393209,2,2,3,0.0,5 4 6
672,3,sigma_1p0__kernel_9__order_2,1.0,9,2,2355,0.25425,0.4635224938392639,0.000559541629627347,0.00027670079725794494,0.9828725389684423,5,5,6,0.0,2 5 4 3 1
673,3,sigma_1p0__kernel_9__order_2,1.0,9,2,2360,0.2526666666666667,0.47836199402809143,0.000651897641364485,0.00011355951573932543,0.9870355374287199,4,4,5,0.0,4 2 3 5 6
674,3,sigma_1p0__kernel_9__order_2,1.0,9,2,2365,0.2510833333333333,0.4293150305747986,0.0005514109274372458,0.0006882375455461442,0.9495521441155184,4,4,5,0.0,4 2 3 5 6
675,3,sigma_1p0__kernel_9__order_2,1.0,9,2,2370,0.24950000000000006,0.38461169600486755,0.0005774747580289841,0.0005713695427402854,0.9482809482020516,4,4,5,0.0,5 2 3 4 6
676,3,sigma_1p0__kernel_9__order_2,1.0,9,2,2374,0.24823333333333342,0.41477468609809875,0.0005712320853490382,0.0005729258991777897,0.9485109874205697,3,3,4,0.0,3 5 4 6
677,3,sigma_1p0__kernel_9__order_2,1.0,9,2,2379,0.24665000000000004,0.4918782711029053,0.0004958159639500082,0.00028312637005001307,0.9826177732485228,4,4,5,0.0,2 4 5 3 6
678,3,sigma_1p0__kernel_9__order_2,1.0,9,2,2382,0.24570000000000003,0.15685917437076569,0.00047769252948152524,0.000404927326599136,0.9581154177007437,2,2,3,0.0,4 3 6
679,3,sigma_1p0__kernel_9__order_2,1.0,9,2,2386,0.2444333333333334,0.253742516040802,0.00044749789230991155,0.0003305163118056953,0.9657473915503509,3,3,4,0.0,4 3 5 6
680,3,sigma_1p0__kernel_9__order_2,1.0,9,2,2390,0.24316666666666675,0.24948523938655853,0.00046374994417419657,0.0003499265876598656,0.9686965808254643,3,3,4,0.0,3 4 5 6
681,3,sigma_1p0__kernel_9__order_2,1.0,9,2,2394,0.2419,0.2395416498184204,0.0004063793021487072,0.00046948809176683426,0.9537005855587801,3,3,4,0.0,4 3 5 6
682,3,sigma_1p0__kernel_9__order_2,1.0,9,2,2396,0.24126666666666674,0.07131662219762802,0.0005875370989087969,0.0008881487883627415,0.9203812204097596,1,1,2,0.0,4 6
683,3,sigma_1p0__kernel_9__order_2,1.0,9,2,2400,0.24,0.24948528409004211,0.0005119517809362151,0.0003499265876598656,0.9686965808254643,3,3,4,0.0,4 3 5 6
684,3,sigma_1p0__kernel_9__order_2,1.0,9,2,2405,0.23841666666666672,0.06755730509757996,0.0005493871751241386,0.0005528265610337257,0.94550767932508,4,4,5,0.0,4 5 3 2 6
685,3,sigma_1p0__kernel_9__order_2,1.0,9,2,2407,0.23778333333333335,0.08126659691333771,0.0006929074006620795,0.0003977040178142488,0.9477260804488175,1,1,2,0.0,4 6
686,3,sigma_1p0__kernel_9__order_2,1.0,9,2,2411,0.2365166666666667,0.5006925463676453,0.0006086519715609029,0.00017175794346258044,0.9811322692954441,3,3,4,0.0,3 5 4 6
687,3,sigma_1p0__kernel_9__order_2,1.0,9,2,2415,0.23524999999999996,0.23954163491725922,0.0005574555689236149,0.00046948809176683426,0.9537005855587801,3,3,4,0.0,3 5 4 6
688,3,sigma_1p0__kernel_9__order_2,1.0,9,2,2419,0.23398333333333332,0.45929238200187683,0.0005199820880079642,0.0006882387679070234,0.9495375515022686,3,3,4,0.0,3 5 4 6
689,3,sigma_1p0__kernel_9__order_2,1.0,9,2,2421,0.23334999999999995,0.25437992811203003,0.0005629691295325756,0.0013107451377436519,0.9165205092620056,1,1,2,0.0,3 6
690,3,sigma_1p0__kernel_9__order_2,1.0,9,2,2426,0.23176666666666668,0.5921776294708252,0.0005523246712982654,0.00013836355356033891,0.98337805267605,4,4,5,0.0,5 2 4 3 6
691,3,sigma_1p0__kernel_9__order_2,1.0,9,2,2429,0.23081666666666667,0.24507609009742737,0.0005146357580088079,0.0006950330571271479,0.9457605624489495,2,2,3,0.0,4 3 6
692,3,sigma_1p0__kernel_9__order_2,1.0,9,2,2434,0.2292333333333334,0.4918782711029053,0.00047257810947485266,0.00028312637005001307,0.9826177732485228,4,4,5,0.0,4 3 2 5 6
693,3,sigma_1p0__kernel_9__order_2,1.0,9,2,2439,0.22765000000000013,0.6128671765327454,0.0005350561812520027,0.000251567893428728,0.9801240219655983,4,4,5,0.0,2 4 5 3 6
694,3,sigma_1p0__kernel_9__order_2,1.0,9,2,2442,0.22670000000000012,0.11879583448171616,0.0005086220141189793,0.00117316038813442,0.8967012005916816,2,2,3,0.0,5 3 6
695,3,sigma_1p0__kernel_9__order_2,1.0,9,2,2447,0.22511666666666674,0.20172783732414246,0.0005000163218937814,0.0002679729659575969,0.9730112660193415,4,4,5,0.0,3 5 4 2 6
696,3,sigma_1p0__kernel_9__order_2,1.0,9,2,2451,0.2238500000000001,0.11359217762947083,0.00046549029502784833,0.0003727430012077093,0.9662090159872908,3,3,4,0.0,4 1 5 6
697,3,sigma_1p0__kernel_9__order_2,1.0,9,2,2455,0.22258333333333336,0.41477468609809875,0.0004926958499709144,0.0005729258991777897,0.9485109874205697,3,3,4,0.0,3 4 5 6
698,3,sigma_1p0__kernel_9__order_2,1.0,9,2,2460,0.22100000000000009,0.4715118706226349,0.0004997772630304098,0.00017057478544302285,0.9812847025754478,4,4,5,0.0,4 2 5 3 6
699,3,sigma_1p0__kernel_9__order_2,1.0,9,2,2463,0.22005000000000008,0.13575655221939087,0.00045721519078748923,0.000681609264574945,0.9340688566390456,2,2,3,0.0,4 3 6
700,3,sigma_1p0__kernel_9__order_2,1.0,9,2,2468,0.2184666666666667,0.4517238140106201,0.00045792366727255286,0.0002711522101890296,0.9798690636291232,5,5,6,0.0,3 1 2 4 5
701,3,sigma_1p0__kernel_9__order_2,1.0,9,2,2473,0.21688333333333332,0.585889995098114,0.0005253871087916196,0.00022222872939892113,0.9795374109472871,5,5,6,0.0,5 2 1 4 3
702,3,sigma_1p0__kernel_9__order_2,1.0,9,2,2475,0.21625000000000005,0.07726895809173584,0.0005471341137308627,0.00043727908632718027,0.930795111674616,1,1,2,0.0,4 6
703,3,sigma_1p0__kernel_9__order_2,1.0,9,2,2480,0.21466666666666667,0.6045166254043579,0.0005323400488123298,0.0002249711542390287,0.9793051375468194,4,4,5,0.0,1 4 3 5 6
704,3,sigma_1p0__kernel_9__order_2,1.0,9,2,2482,0.2140333333333333,0.08126659691333771,0.00038850909913890064,0.0003977040178142488,0.9477260804488175,1,1,2,0.0,4 6
705,3,sigma_1p0__kernel_9__order_2,1.0,9,2,2484,0.21340000000000003,0.07726895809173584,0.000697994779329747,0.00043727908632718027,0.930795111674616,1,1,2,0.0,4 6
706,3,sigma_1p0__kernel_9__order_2,1.0,9,2,2489,0.21181666666666665,0.5868488550186157,0.0005333608773071319,0.0003388386103324592,0.9784358720008315,4,4,5,0.0,4 2 5 3 6
707,3,sigma_1p0__kernel_9__order_2,1.0,9,2,2492,0.21086666666666676,0.14139311015605927,0.0005619185685645789,0.00040280705434270203,0.9615371968601604,2,2,3,0.0,4 3 6
708,3,sigma_1p0__kernel_9__order_2,1.0,9,2,2494,0.21023333333333338,0.38495782017707825,0.0005193147226236761,0.0005350434803403914,0.9445855977737946,1,1,2,0.0,2 6
709,3,sigma_1p0__kernel_9__order_2,1.0,9,2,2499,0.2086500000000001,0.19465716183185577,0.00047397001180797814,0.0005972589715383947,0.9623692988038205,4,4,5,0.0,4 2 5 3 6
710,3,sigma_1p0__kernel_9__order_2,1.0,9,2,2502,0.2077000000000001,0.133186936378479,0.000668534815000991,0.00040230699232779443,0.95709592752451,2,2,3,0.0,1 2 6
711,3,sigma_1p0__kernel_9__order_2,1.0,9,2,2506,0.20643333333333336,0.43311983346939087,0.0009293532930314541,0.00047925321268849075,0.9483131717770902,3,3,4,0.0,5 4 3 6
712,3,sigma_1p0__kernel_9__order_2,1.0,9,2,2510,0.20516666666666672,0.2811933755874634,0.0007925530371721834,0.0003074454143643379,0.9758183664501635,3,3,4,0.0,4 3 5 6
713,3,sigma_1p0__kernel_9__order_2,1.0,9,2,2515,0.20358333333333334,0.6383658647537231,0.0007995750522240997,0.00011450669262558222,0.9892929023957848,4,4,5,0.0,4 2 3 5 6
714,3,sigma_1p0__kernel_9__order_2,1.0,9,2,2520,0.20200000000000007,0.18987375497817993,0.0007195664802566171,0.00046869658399373293,0.9538842547733634,4,4,5,0.0,4 3 5 1 6
715,3,sigma_1p0__kernel_9__order_2,1.0,9,2,2525,0.2004166666666667,0.22118695080280304,0.000691360590280965,0.00016097139450721443,0.9811046769339746,4,4,5,0.0,4 3 5 1 6
716,3,sigma_1p0__kernel_9__order_2,1.0,9,2,2528,0.19946666666666668,0.1401793360710144,0.0005951702866392831,0.0006530879763886333,0.9352612300342952,2,2,3,0.0,3 5 6
717,3,sigma_1p0__kernel_9__order_2,1.0,9,2,2532,0.19820000000000004,0.24948525428771973,0.0006608543553738855,0.0003499265876598656,0.9686965808254643,3,3,4,0.0,3 5 4 6
718,3,sigma_1p0__kernel_9__order_2,1.0,9,2,2536,0.1969333333333333,0.15600350499153137,0.0005007742074667476,0.00016633210179861635,0.9804948296721285,3,3,4,0.0,5 4 3 6
719,3,sigma_1p0__kernel_9__order_2,1.0,9,2,2540,0.19566666666666666,0.25167810916900635,0.0005622238168143667,0.0002688246313482523,0.9730571657596389,3,3,4,0.0,4 3 5 6
720,3,sigma_1p0__kernel_9__order_2,1.0,9,2,2545,0.19408333333333327,0.6383658647537231,0.00056761255254969,0.00011450669262558222,0.9892929023957848,4,4,5,0.0,4 5 2 3 6
721,3,sigma_1p0__kernel_9__order_2,1.0,9,2,2547,0.19345,0.08822499215602875,0.0005119029228808358,0.0010199007811024785,0.9173677836353231,1,1,2,0.0,4 6
722,3,sigma_1p0__kernel_9__order_2,1.0,9,2,2550,0.1925,0.057247139513492584,0.0005378491672066351,0.0002817555796355009,0.9647451102839922,2,2,3,0.0,4 5 6
723,3,sigma_1p0__kernel_9__order_2,1.0,9,2,2552,0.19186666666666674,0.09612812101840973,0.0005439667438622564,0.0007762591121718287,0.9143505001287823,1,1,2,0.0,3 6
724,3,sigma_1p0__kernel_9__order_2,1.0,9,2,2554,0.19123333333333337,0.08126659691333771,0.00048707482346799225,0.0003977040178142488,0.9477260804488175,1,1,2,0.0,4 6
725,3,sigma_1p0__kernel_9__order_2,1.0,9,2,2557,0.19028333333333336,0.16670595109462738,0.0006378700102989873,0.0005150713259354234,0.9424414601748395,2,2,3,0.0,3 5 6
726,3,sigma_1p0__kernel_9__order_2,1.0,9,2,2561,0.18901666666666672,0.253742516040802,0.0004800485403393395,0.0003305163118056953,0.9657473915503509,3,3,4,0.0,4 3 5 6
727,3,sigma_1p0__kernel_9__order_2,1.0,9,2,2564,0.18806666666666672,0.174459308385849,0.0005151033207463721,0.0003397577675059438,0.9633346566759874,2,2,3,0.0,5 3 6
728,3,sigma_1p0__kernel_9__order_2,1.0,9,2,2568,0.18680000000000008,0.2447340488433838,0.0005370590733946301,0.0005987586337141693,0.9625195515354238,3,3,4,0.0,4 3 5 6
729,3,sigma_1p0__kernel_9__order_2,1.0,9,2,2570,0.1861666666666667,0.08126659691333771,0.0004598455270752311,0.0003977040178142488,0.9477260804488175,1,1,2,0.0,4 6
730,3,sigma_1p0__kernel_9__order_2,1.0,9,2,2575,0.18458333333333343,0.384918212890625,0.00046773389331065116,0.000572658609598875,0.9485629933767739,4,4,5,0.0,4 3 5 1 6
731,3,sigma_1p0__kernel_9__order_2,1.0,9,2,2579,0.18331666666666668,0.2447340488433838,0.000487091310787946,0.0005987586337141693,0.9625195515354238,3,3,4,0.0,3 4 5 6
732,3,sigma_1p0__kernel_9__order_2,1.0,9,2,2584,0.1817333333333334,0.19979296624660492,0.00041973768384195864,0.0003485918277874589,0.9687668210012876,4,4,5,0.0,3 4 5 1 6
733,3,sigma_1p0__kernel_9__order_2,1.0,9,2,2588,0.18046666666666666,0.17186935245990753,0.0005956023233011365,0.00016244305879808962,0.9840680202746079,3,3,4,0.0,3 4 5 6
734,3,sigma_1p0__kernel_9__order_2,1.0,9,2,2593,0.1788833333333334,0.42420560121536255,0.0005246427259407938,0.00026576308300718665,0.9684869034147149,4,4,5,0.0,4 2 5 3 6
735,3,sigma_1p0__kernel_9__order_2,1.0,9,2,2598,0.1773,0.4427699148654938,0.0005227513145655393,0.00016945380775723606,0.9815922113186397,5,5,6,0.0,4 2 5 1 3
736,3,sigma_1p0__kernel_9__order_2,1.0,9,2,2600,0.17666666666666664,0.21097587049007416,0.0004701912694144994,0.0006971514085307717,0.9381305670518513,1,1,2,0.0,4 6
737,3,sigma_1p0__kernel_9__order_2,1.0,9,2,2602,0.17603333333333337,0.08822499215602875,0.0005156257539056242,0.0010199007811024785,0.9173677836353231,1,1,2,0.0,4 6
738,3,sigma_1p0__kernel_9__order_2,1.0,9,2,2604,0.1754,0.07131662219762802,0.0005059278046246618,0.0008881487883627415,0.9203812204097596,1,1,2,0.0,4 6
739,3,sigma_1p0__kernel_9__order_2,1.0,9,2,2608,0.17413333333333336,0.2447340488433838,0.0006139136967249215,0.0005987586337141693,0.9625195515354238,3,3,4,0.0,4 3 5 6
740,3,sigma_1p0__kernel_9__order_2,1.0,9,2,2613,0.1725500000000001,0.17225909233093262,0.00043881763122044504,0.00015662139048799872,0.9811158416600063,5,5,6,0.0,3 5 2 4 1
741,3,sigma_1p0__kernel_9__order_2,1.0,9,2,2617,0.17128333333333345,0.6237078309059143,0.00045673355634789914,0.00022654430358670652,0.9791596898638536,3,3,4,0.0,5 3 4 6
742,3,sigma_1p0__kernel_9__order_2,1.0,9,2,2619,0.17065000000000008,0.08941388130187988,0.000554833430214785,0.0015358374221250415,0.9197421913942174,1,1,2,0.0,4 6
743,3,sigma_1p0__kernel_9__order_2,1.0,9,2,2624,0.1690666666666667,0.38461166620254517,0.0004745246609672904,0.0005713695427402854,0.9482809482020516,4,4,5,0.0,4 2 5 3 6
744,3,sigma_1p0__kernel_9__order_2,1.0,9,2,2629,0.16748333333333343,0.6046932339668274,0.0005073999695014208,0.00022461751359514892,0.9793347819806846,4,4,5,0.0,2 4 3 5 6
745,3,sigma_1p0__kernel_9__order_2,1.0,9,2,2633,0.16621666666666668,0.1501276046037674,0.00038574916106881574,0.00026568223256617785,0.9782780824178181,3,3,4,0.0,3 4 5 6
746,3,sigma_1p0__kernel_9__order_2,1.0,9,2,2635,0.16558333333333342,0.09576810151338577,0.00045619999582413584,0.0003033298416994512,0.95530721747209,1,1,2,0.0,4 6
747,3,sigma_1p0__kernel_9__order_2,1.0,9,2,2638,0.1646333333333334,0.11879583448171616,0.0005372875699928651,0.00117316038813442,0.8967012005916816,2,2,3,0.0,3 5 6
748,3,sigma_1p0__kernel_9__order_2,1.0,9,2,2643,0.16305000000000003,0.5917484760284424,0.0005100981099531055,0.00013889899128116667,0.983347794991186,4,4,5,0.0,4 3 5 1 6
749,3,sigma_1p0__kernel_9__order_2,1.0,9,2,2646,0.16210000000000002,0.060170985758304596,0.00035998047193667543,0.00028558942722156644,0.9547286790382564,2,2,3,0.0,4 5 6
750,3,sigma_1p0__kernel_9__order_2,1.0,9,2,2651,0.16051666666666664,0.42462190985679626,0.00047610163455829023,0.0002650593232829124,0.968571965036721,4,4,5,0.0,4 1 3 5 6
751,3,sigma_1p0__kernel_9__order_2,1.0,9,2,2655,0.15925,0.1275491565465927,0.0005942521820543334,0.0005528352921828628,0.945498015753721,3,3,4,0.0,4 3 5 6
752,3,sigma_1p0__kernel_9__order_2,1.0,9,2,2658,0.1583,0.137592613697052,0.0006801388808526099,0.0008260032045654953,0.9129568341583474,2,2,3,0.0,5 3 6
753,3,sigma_1p0__kernel_9__order_2,1.0,9,2,2661,0.15735,0.16670595109462738,0.0004308673378545791,0.0005150713259354234,0.9424414601748395,2,2,3,0.0,5 3 6
754,3,sigma_1p0__kernel_9__order_2,1.0,9,2,2665,0.15608333333333335,0.45929238200187683,0.0005054412176832557,0.0006882387679070234,0.9495375515022686,3,3,4,0.0,4 5 3 6
755,3,sigma_1p0__kernel_9__order_2,1.0,9,2,2669,0.1548166666666667,0.4331198036670685,0.0004841449117520824,0.00047925321268849075,0.9483131717770902,3,3,4,0.0,4 5 3 6
756,3,sigma_1p0__kernel_9__order_2,1.0,9,2,2673,0.15355000000000008,0.6114770174026489,0.0006268493307288736,0.00013926590327173471,0.9833388140560189,3,3,4,0.0,4 5 3 6
757,3,sigma_1p0__kernel_9__order_2,1.0,9,2,2676,0.15260000000000007,0.12889212369918823,0.0004639952288319667,0.000682891346514225,0.9227910177354722,2,2,3,0.0,4 3 6
758,3,sigma_1p0__kernel_9__order_2,1.0,9,2,2681,0.1510166666666667,0.5868489742279053,0.00048074108781293035,0.0003388386103324592,0.9784358720008315,4,4,5,0.0,2 4 5 3 6
759,3,sigma_1p0__kernel_9__order_2,1.0,9,2,2685,0.14975000000000005,0.6570553779602051,0.000492964762088377,0.00011739555338863283,0.9893193590265392,3,3,4,0.0,4 3 5 6
760,3,sigma_1p0__kernel_9__order_2,1.0,9,2,2688,0.14880000000000004,0.16670595109462738,0.00037591047779036063,0.0005150713259354234,0.9424414601748395,2,2,3,0.0,3 5 6
761,3,sigma_1p0__kernel_9__order_2,1.0,9,2,2693,0.14721666666666677,0.5858900547027588,0.00047104876721277834,0.00022222872939892113,0.9795374109472871,5,5,6,0.0,2 4 5 3 1
762,3,sigma_1p0__kernel_9__order_2,1.0,9,2,2698,0.1456333333333334,0.6435295343399048,0.0004603218170814216,0.00010259622649755329,0.9913052334655054,4,4,5,0.0,4 5 2 3 6
763,3,sigma_1p0__kernel_9__order_2,1.0,9,2,2703,0.14405,0.47984904050827026,0.0004304252506699413,0.000276587757980451,0.9795012027025223,4,4,5,0.0,2 4 5 3 6
764,3,sigma_1p0__kernel_9__order_2,1.0,9,2,2705,0.14341666666666675,0.2645460069179535,0.00047125764831434935,0.0007784960907883942,0.9428661114510756,1,1,2,0.0,1 6
765,3,sigma_1p0__kernel_9__order_2,1.0,9,2,2708,0.14246666666666674,0.053515031933784485,0.0004891699645668268,0.0005893054767511785,0.9579313293046248,2,2,3,0.0,4 1 6
766,3,sigma_1p0__kernel_9__order_2,1.0,9,2,2710,0.14183333333333337,0.10135974735021591,0.0004285755130695179,0.0007019987679086626,0.9483417614355382,1,1,2,0.0,4 6
767,3,sigma_1p0__kernel_9__order_2,1.0,9,2,2712,0.1412,0.035729821771383286,0.000410783221013844,0.0015412995126098394,0.9279579401069391,1,1,2,0.0,4 6
768,3,sigma_1p0__kernel_9__order_2,1.0,9,2,2713,0.14088333333333336,0.0,0.00045547576155513525,0.001856160582974553,0.8008199268320795,0,0,1,0.0,6
769,3,sigma_1p0__kernel_9__order_2,1.0,9,2,2717,0.13961666666666672,0.125877246260643,0.00046979603212093934,0.0004502757510636002,0.9575773105113884,3,3,4,0.0,3 4 5 6
770,3,sigma_1p0__kernel_9__order_2,1.0,9,2,2721,0.13834999999999997,0.43311983346939087,0.00043781818385468796,0.00047925321268849075,0.9483131717770902,3,3,4,0.0,4 3 5 6
771,3,sigma_1p0__kernel_9__order_2,1.0,9,2,2725,0.13708333333333333,0.1258772611618042,0.0004842780326725915,0.0004502757510636002,0.9575773105113884,3,3,4,0.0,4 3 5 6
772,3,sigma_1p0__kernel_9__order_2,1.0,9,2,2730,0.13550000000000006,0.6046932935714722,0.0004962842212989926,0.00022461751359514892,0.9793347819806846,4,4,5,0.0,4 2 5 3 6
773,3,sigma_1p0__kernel_9__order_2,1.0,9,2,2735,0.1339166666666668,0.620286226272583,0.00044331350945867596,0.00011107099999208003,0.9894046905526933,5,5,6,0.0,4 2 5 3 1
774,3,sigma_1p0__kernel_9__order_2,1.0,9,2,2737,0.13328333333333342,0.08822499215602875,0.0004756393318530172,0.0010199007811024785,0.9173677836353231,1,1,2,0.0,4 6
775,3,sigma_1p0__kernel_9__order_2,1.0,9,2,2739,0.13265000000000005,0.10135974735021591,0.0003732217592187226,0.0007019987679086626,0.9483417614355382,1,1,2,0.0,4 6
776,3,sigma_1p0__kernel_9__order_2,1.0,9,2,2742,0.13170000000000004,0.16670595109462738,0.0004516205129524072,0.0005150713259354234,0.9424414601748395,2,2,3,0.0,3 5 6
777,3,sigma_1p0__kernel_9__order_2,1.0,9,2,2747,0.13011666666666677,0.606917142868042,0.0004265446972567588,0.0002913416246883571,0.978467700810268,4,4,5,0.0,5 4 2 3 6
778,3,sigma_1p0__kernel_9__order_2,1.0,9,2,2750,0.12916666666666676,0.14693386852741241,0.0007051022839732468,0.0005573572707362473,0.9619211540175392,2,2,3,0.0,4 3 6
779,3,sigma_1p0__kernel_9__order_2,1.0,9,2,2752,0.1285333333333334,0.07131662219762802,0.0007103854732122272,0.0008881487883627415,0.9203812204097596,1,1,2,0.0,4 6
780,3,sigma_1p0__kernel_9__order_2,1.0,9,2,2757,0.12695,0.20172785222530365,0.0006819545407779515,0.0002679729659575969,0.9730112660193415,4,4,5,0.0,4 3 2 5 6
781,3,sigma_1p0__kernel_9__order_2,1.0,9,2,2762,0.12536666666666674,0.6435295343399048,0.0006318625877611339,0.00010259622649755329,0.9913052334655054,4,4,5,0.0,2 4 5 3 6
782,3,sigma_1p0__kernel_9__order_2,1.0,9,2,2766,0.12409999999999999,0.25167810916900635,0.0007469454722013324,0.0002688246313482523,0.9730571657596389,3,3,4,0.0,3 4 5 6
783,3,sigma_1p0__kernel_9__order_2,1.0,9,2,2769,0.12314999999999998,0.04488297551870346,0.0006563196948263794,0.0007363683544099331,0.9483011975866719,2,2,3,0.0,1 2 6
784,3,sigma_1p0__kernel_9__order_2,1.0,9,2,2771,0.12251666666666672,0.035729821771383286,0.0005159102729521692,0.0015412995126098394,0.9279579401069391,1,1,2,0.0,4 6
785,3,sigma_1p0__kernel_9__order_2,1.0,9,2,2775,0.12124999999999997,0.15098923444747925,0.00045422842958942056,0.0003137296298518777,0.9649377163681208,3,3,4,0.0,5 3 4 6
786,3,sigma_1p0__kernel_9__order_2,1.0,9,2,2777,0.1206166666666667,0.15991823375225067,0.00047344354970846325,0.0005810136208310723,0.9291485332209488,1,1,2,0.0,3 6
787,3,sigma_1p0__kernel_9__order_2,1.0,9,2,2782,0.11903333333333332,0.606917142868042,0.00047259385464712975,0.0002913416246883571,0.978467700810268,4,4,5,0.0,5 4 2 3 6
788,3,sigma_1p0__kernel_9__order_2,1.0,9,2,2787,0.11744999999999994,0.5868489146232605,0.0004994177492335439,0.0003388386103324592,0.9784358720008315,4,4,5,0.0,5 4 2 3 6
789,3,sigma_1p0__kernel_9__order_2,1.0,9,2,2792,0.11586666666666678,0.189822256565094,0.0005152784404344856,0.000464441574877128,0.9535418546157275,4,4,5,0.0,3 5 4 2 6
790,3,sigma_1p0__kernel_9__order_2,1.0,9,2,2797,0.1142833333333334,0.6381493210792542,0.00042125784675590695,0.00011533001088537276,0.9893625811468832,4,4,5,0.0,5 1 3 4 6
791,3,sigma_1p0__kernel_9__order_2,1.0,9,2,2800,0.1133333333333334,0.04391980171203613,0.00046662600167716545,0.000330309325363487,0.9616454790980864,2,2,3,0.0,4 1 6
792,3,sigma_1p0__kernel_9__order_2,1.0,9,2,2804,0.11206666666666676,0.24948523938655853,0.0005072188432677649,0.0003499265876598656,0.9686965808254643,3,3,4,0.0,3 4 5 6
793,3,sigma_1p0__kernel_9__order_2,1.0,9,2,2807,0.11111666666666675,0.03158758580684662,0.00036767980782315135,0.0008888073498383164,0.9457616411884815,2,2,3,0.0,4 5 6
794,3,sigma_1p0__kernel_9__order_2,1.0,9,2,2809,0.11048333333333338,0.1470760703086853,0.0004092251474503428,0.0006683264509774745,0.9379482086167608,1,1,2,0.0,4 6
795,3,sigma_1p0__kernel_9__order_2,1.0,9,2,2813,0.10921666666666674,0.2447340488433838,0.0004503749150899239,0.0005987586337141693,0.9625195515354238,3,3,4,0.0,3 4 5 6
796,3,sigma_1p0__kernel_9__order_2,1.0,9,2,2816,0.10826666666666673,0.1401793360710144,0.0004559465451166034,0.0006530879763886333,0.9352612300342952,2,2,3,0.0,5 3 6
797,3,sigma_1p0__kernel_9__order_2,1.0,9,2,2820,0.1070000000000001,0.41477465629577637,0.0005161107692401856,0.0005729258991777897,0.9485109874205697,3,3,4,0.0,5 4 3 6
798,3,sigma_1p0__kernel_9__order_2,1.0,9,2,2823,0.10605000000000009,0.174459308385849,0.00037579940787206095,0.0003397577675059438,0.9633346566759874,2,2,3,0.0,5 3 6
799,3,sigma_1p0__kernel_9__order_2,1.0,9,2,2827,0.10478333333333334,0.5071699619293213,0.0004466431782930158,0.00011563707084860653,0.9869697132944069,3,3,4,0.0,5 3 4 6
800,3,sigma_1p0__kernel_9__order_2,1.0,9,2,2832,0.10320000000000007,0.4427699148654938,0.0004309806856326759,0.00016945380775723606,0.9815922113186397,5,5,6,0.0,1 3 4 2 5
801,3,sigma_1p0__kernel_9__order_2,1.0,9,2,2836,0.10193333333333332,0.24948523938655853,0.00041672726365504786,0.0003499265876598656,0.9686965808254643,3,3,4,0.0,3 4 5 6
802,3,sigma_1p0__kernel_9__order_2,1.0,9,2,2840,0.10066666666666668,0.43311983346939087,0.0004629325558198616,0.00047925321268849075,0.9483131717770902,3,3,4,0.0,5 3 4 6
803,3,sigma_1p0__kernel_9__order_2,1.0,9,2,2844,0.09940000000000004,0.2447340339422226,0.0004120453741052188,0.0005987586337141693,0.9625195515354238,3,3,4,0.0,3 5 4 6
804,3,sigma_1p0__kernel_9__order_2,1.0,9,2,2848,0.0981333333333333,0.41477465629577637,0.00035360068432055414,0.0005729258991777897,0.9485109874205697,3,3,4,0.0,5 4 3 6
805,3,sigma_1p0__kernel_9__order_2,1.0,9,2,2853,0.09655000000000014,0.20204563438892365,0.00041038964409381153,0.00026787116075865924,0.9731621545751653,4,4,5,0.0,4 5 1 3 6
806,3,sigma_1p0__kernel_9__order_2,1.0,9,2,2858,0.09496666666666675,0.40321943163871765,0.00036312754382379354,0.0004790611274074763,0.9483512943338129,4,4,5,0.0,2 5 3 4 6
807,3,sigma_1p0__kernel_9__order_2,1.0,9,2,2862,0.09370000000000012,0.6262924075126648,0.00037975687882862985,0.00029329670360311866,0.978404005805604,3,3,4,0.0,5 3 4 6
808,3,sigma_1p0__kernel_9__order_2,1.0,9,2,2866,0.09243333333333337,0.41477468609809875,0.0003266626881668344,0.0005729258991777897,0.9485109874205697,3,3,4,0.0,3 5 4 6
809,3,sigma_1p0__kernel_9__order_2,1.0,9,2,2871,0.0908500000000001,0.6046932935714722,0.0004135580617003143,0.00022461751359514892,0.9793347819806846,4,4,5,0.0,5 4 2 3 6
810,3,sigma_1p0__kernel_9__order_2,1.0,9,2,2873,0.09021666666666672,0.08941388130187988,0.00037169252755120397,0.0015358374221250415,0.9197421913942174,1,1,2,0.0,4 6
811,3,sigma_1p0__kernel_9__order_2,1.0,9,2,2878,0.08863333333333334,0.4919006824493408,0.00043751648627221584,0.0002824047114700079,0.9825826469591766,4,4,5,0.0,1 3 4 5 6
812,3,sigma_1p0__kernel_9__order_2,1.0,9,2,2882,0.0873666666666667,0.5734812617301941,0.00044067102135159075,0.00033009552862495184,0.9623021453477256,3,3,4,0.0,5 4 3 6
813,3,sigma_1p0__kernel_9__order_2,1.0,9,2,2886,0.08610000000000007,0.43311983346939087,0.00042462986311875284,0.00047925321268849075,0.9483131717770902,3,3,4,0.0,5 3 4 6
814,3,sigma_1p0__kernel_9__order_2,1.0,9,2,2887,0.08578333333333332,0.0,0.0006119508761912584,0.0011310902191326022,0.850055396317656,0,0,1,0.0,6
815,3,sigma_1p0__kernel_9__order_2,1.0,9,2,2890,0.08483333333333332,0.174459308385849,0.0004450646132075538,0.0003397577675059438,0.9633346566759874,2,2,3,0.0,3 5 6
816,3,sigma_1p0__kernel_9__order_2,1.0,9,2,2893,0.08388333333333331,0.137592613697052,0.0004478009553470959,0.0008260032045654953,0.9129568341583474,2,2,3,0.0,5 3 6
817,3,sigma_1p0__kernel_9__order_2,1.0,9,2,2897,0.08261666666666667,0.5071699619293213,0.00042622019100235775,0.00011563707084860653,0.9869697132944069,3,3,4,0.0,5 3 4 6
818,3,sigma_1p0__kernel_9__order_2,1.0,9,2,2902,0.08103333333333329,0.4783620238304138,0.0004234460182487965,0.00011355951573932543,0.9870355374287199,4,4,5,0.0,5 4 2 3 6
819,3,sigma_1p0__kernel_9__order_2,1.0,9,2,2906,0.07976666666666665,0.43311983346939087,0.0003921008756151423,0.00047925321268849075,0.9483131717770902,3,3,4,0.0,5 4 3 6
820,3,sigma_1p0__kernel_9__order_2,1.0,9,2,2910,0.07850000000000001,0.5074523687362671,0.0004237296379869804,0.00028734508669003844,0.9792653489835764,3,3,4,0.0,5 3 4 6
821,3,sigma_1p0__kernel_9__order_2,1.0,9,2,2914,0.07723333333333338,0.6313903331756592,0.0003885595651809126,0.0002559213316999376,0.9799899954114034,3,3,4,0.0,5 3 4 6
822,3,sigma_1p0__kernel_9__order_2,1.0,9,2,2916,0.07660000000000011,0.08126659691333771,0.00042941201536450535,0.0003977040178142488,0.9477260804488175,1,1,2,0.0,4 6
823,3,sigma_1p0__kernel_9__order_2,1.0,9,2,2919,0.0756500000000001,0.1401793360710144,0.0003906437971939643,0.0006530879763886333,0.9352612300342952,2,2,3,0.0,5 3 6
824,3,sigma_1p0__kernel_9__order_2,1.0,9,2,2921,0.07501666666666673,0.09576810151338577,0.0005720106710214168,0.0003033298416994512,0.95530721747209,1,1,2,0.0,4 6
825,3,sigma_1p0__kernel_9__order_2,1.0,9,2,2923,0.07438333333333336,0.07131662219762802,0.00040670009911991656,0.0008881487883627415,0.9203812204097596,1,1,2,0.0,4 6
826,3,sigma_1p0__kernel_9__order_2,1.0,9,2,2927,0.07311666666666672,0.45421576499938965,0.0005047497324994765,0.0002658700686879456,0.9685054444104397,3,3,4,0.0,3 5 4 6
827,3,sigma_1p0__kernel_9__order_2,1.0,9,2,2931,0.07185000000000008,0.5208902359008789,0.00039247395761776716,0.00028643847326748073,0.9824312456155929,3,3,4,0.0,5 3 4 6
828,3,sigma_1p0__kernel_9__order_2,1.0,9,2,2936,0.0702666666666667,0.606917142868042,0.000475713616469875,0.0002913416246883571,0.978467700810268,4,4,5,0.0,5 4 2 3 6
829,3,sigma_1p0__kernel_9__order_2,1.0,9,2,2940,0.06900000000000006,0.41477465629577637,0.0003198145059286617,0.0005729258991777897,0.9485109874205697,3,3,4,0.0,5 3 4 6
830,3,sigma_1p0__kernel_9__order_2,1.0,9,2,2943,0.06805000000000005,0.228439062833786,0.00045996039019276697,0.0007987822173163295,0.9420984802273734,2,2,3,0.0,2 1 6
831,3,sigma_1p0__kernel_9__order_2,1.0,9,2,2945,0.06741666666666668,0.08941388130187988,0.00041053684253711253,0.0015358374221250415,0.9197421913942174,1,1,2,0.0,4 6
832,3,sigma_1p0__kernel_9__order_2,1.0,9,2,2947,0.06678333333333342,0.22057218849658966,0.0004305946931708604,0.001094551756978035,0.9435664620361204,1,1,2,0.0,4 6
833,3,sigma_1p0__kernel_9__order_2,1.0,9,2,2951,0.06551666666666667,0.2395416498184204,0.0004224749791319482,0.00046948809176683426,0.9537005855587801,3,3,4,0.0,4 3 5 6
834,3,sigma_1p0__kernel_9__order_2,1.0,9,2,2956,0.0639333333333334,0.47984904050827026,0.0004273007798474282,0.000276587757980451,0.9795012027025223,4,4,5,0.0,2 5 3 4 6
835,3,sigma_1p0__kernel_9__order_2,1.0,9,2,2958,0.06330000000000002,0.07726895809173584,0.00042483879951760173,0.00043727908632718027,0.930795111674616,1,1,2,0.0,4 6
836,3,sigma_1p0__kernel_9__order_2,1.0,9,2,2962,0.062033333333333385,0.24948525428771973,0.00043119855399709195,0.0003499265876598656,0.9686965808254643,3,3,4,0.0,3 5 4 6
837,3,sigma_1p0__kernel_9__order_2,1.0,9,2,2966,0.060766666666666636,0.23954163491725922,0.00041206341848010197,0.00046948809176683426,0.9537005855587801,3,3,4,0.0,3 5 4 6
838,3,sigma_1p0__kernel_9__order_2,1.0,9,2,2969,0.05981666666666663,0.1506832093000412,0.0004255664146815737,0.0008174586109817028,0.9402529282958272,2,2,3,0.0,5 3 6
839,3,sigma_1p0__kernel_9__order_2,1.0,9,2,2973,0.0585500000000001,-0.01720074564218521,0.0005140172288520262,0.0007479151827283204,0.9550226060906148,3,3,4,0.0,4 3 1 6
840,3,sigma_1p0__kernel_9__order_2,1.0,9,2,2975,0.05791666666666673,0.07726895809173584,0.00043580849887803197,0.00043727908632718027,0.930795111674616,1,1,2,0.0,4 6
841,3,sigma_1p0__kernel_9__order_2,1.0,9,2,2979,0.05665000000000009,0.2395416498184204,0.0005139483182574622,0.00046948809176683426,0.9537005855587801,3,3,4,0.0,4 3 5 6
842,3,sigma_1p0__kernel_9__order_2,1.0,9,2,2984,0.05506666666666671,0.4918782711029053,0.00044530386221595106,0.00028312637005001307,0.9826177732485228,4,4,5,0.0,2 5 3 4 6
843,3,sigma_1p0__kernel_9__order_2,1.0,9,2,2988,0.05380000000000007,0.45929238200187683,0.00040962515413411893,0.0006882387679070234,0.9495375515022686,3,3,4,0.0,5 3 4 6
844,3,sigma_1p0__kernel_9__order_2,1.0,9,2,2991,0.052850000000000064,0.1401793360710144,0.00044868333498016,0.0006530879763886333,0.9352612300342952,2,2,3,0.0,5 3 6
845,3,sigma_1p0__kernel_9__order_2,1.0,9,2,2993,0.05221666666666669,0.07726895809173584,0.0002663076884346083,0.00043727908632718027,0.930795111674616,1,1,2,0.0,4 6
846,3,sigma_1p0__kernel_9__order_2,1.0,9,2,2998,0.05063333333333342,0.620286226272583,0.00038695239345543087,0.00011107099999208003,0.9894046905526933,5,5,6,0.0,5 4 2 1 3
847,3,sigma_1p0__kernel_9__order_2,1.0,9,2,3000,0.050000000000000044,0.08822499215602875,0.0005276697920635343,0.0010199007811024785,0.9173677836353231,1,1,2,0.0,4 6
848,3,sigma_1p0__kernel_9__order_2,1.0,9,2,3005,0.050000000000000044,0.6383658647537231,0.0007871950278058648,0.00011450669262558222,0.9892929023957848,4,4,5,0.0,5 4 2 3 6
849,3,sigma_1p0__kernel_9__order_2,1.0,9,2,3009,0.050000000000000044,0.24948525428771973,0.0005653810512740165,0.0003499265876598656,0.9686965808254643,3,3,4,0.0,3 5 4 6
850,3,sigma_1p0__kernel_9__order_2,1.0,9,2,3014,0.050000000000000044,0.6383658647537231,0.0005911776039283723,0.00011450669262558222,0.9892929023957848,4,4,5,0.0,5 4 2 3 6
851,3,sigma_1p0__kernel_9__order_2,1.0,9,2,3019,0.050000000000000044,0.5921776294708252,0.0006305367976892739,0.00013836355356033891,0.98337805267605,4,4,5,0.0,5 4 2 3 6
852,3,sigma_1p0__kernel_9__order_2,1.0,9,2,3024,0.050000000000000044,0.5921776294708252,0.0005357249756343663,0.00013836355356033891,0.98337805267605,4,4,5,0.0,4 2 5 3 6
853,3,sigma_1p0__kernel_9__order_2,1.0,9,2,3029,0.050000000000000044,0.6435295343399048,0.000598360039293766,0.00010259622649755329,0.9913052334655054,4,4,5,0.0,2 4 3 5 6
854,3,sigma_1p0__kernel_9__order_2,1.0,9,2,3032,0.050000000000000044,0.16670595109462738,0.00048240758284615975,0.0005150713259354234,0.9424414601748395,2,2,3,0.0,3 5 6
855,3,sigma_1p0__kernel_9__order_2,1.0,9,2,3036,0.050000000000000044,0.23954163491725922,0.0004960867518093437,0.00046948809176683426,0.9537005855587801,3,3,4,0.0,3 5 4 6
856,3,sigma_1p0__kernel_9__order_2,1.0,9,2,3040,0.050000000000000044,0.43311983346939087,0.0005535898599191569,0.00047925321268849075,0.9483131717770902,3,3,4,0.0,4 3 5 6
857,3,sigma_1p0__kernel_9__order_2,1.0,9,2,3043,0.050000000000000044,0.137592613697052,0.0006037432661590477,0.0008260032045654953,0.9129568341583474,2,2,3,0.0,5 3 6
858,3,sigma_1p0__kernel_9__order_2,1.0,9,2,3047,0.050000000000000044,0.2811933755874634,0.0005195785342948511,0.0003074454143643379,0.9758183664501635,3,3,4,0.0,4 3 5 6
859,3,sigma_1p0__kernel_9__order_2,1.0,9,2,3052,0.050000000000000044,0.47836199402809143,0.0004247299220878631,0.00011355951573932543,0.9870355374287199,4,4,5,0.0,4 3 2 5 6
860,3,sigma_1p0__kernel_9__order_2,1.0,9,2,3056,0.050000000000000044,0.2447340488433838,0.0005546695902012289,0.0005987586337141693,0.9625195515354238,3,3,4,0.0,4 3 5 6
861,3,sigma_1p0__kernel_9__order_2,1.0,9,2,3060,0.050000000000000044,0.2395416498184204,0.0004726304905489087,0.00046948809176683426,0.9537005855587801,3,3,4,0.0,4 3 5 6
862,3,sigma_1p0__kernel_9__order_2,1.0,9,2,3065,0.050000000000000044,0.42462190985679626,0.00044544159900397064,0.0002650593232829124,0.968571965036721,4,4,5,0.0,4 3 5 1 6
863,3,sigma_1p0__kernel_9__order_2,1.0,9,2,3066,0.050000000000000044,0.0,0.00039143741014413536,0.002171087544411421,0.7374905248734033,0,0,1,0.0,6
864,3,sigma_1p0__kernel_9__order_2,1.0,9,2,3070,0.050000000000000044,0.6313903331756592,0.00038454616151284426,0.0002559213316999376,0.9799899954114034,3,3,4,0.0,5 3 4 6
865,3,sigma_1p0__kernel_9__order_2,1.0,9,2,3075,0.050000000000000044,0.6252923011779785,0.0005075277120340615,0.00010020502668339759,0.991501499813462,5,5,6,0.0,2 3 1 4 5
866,3,sigma_1p0__kernel_9__order_2,1.0,9,2,3080,0.050000000000000044,0.5858900547027588,0.0005431407771538943,0.00022222872939892113,0.9795374109472871,5,5,6,0.0,4 2 1 3 5
867,3,sigma_1p0__kernel_9__order_2,1.0,9,2,3083,0.050000000000000044,0.174459308385849,0.0006594545363138119,0.0003397577675059438,0.9633346566759874,2,2,3,0.0,3 5 6
868,3,sigma_1p0__kernel_9__order_2,1.0,9,2,3085,0.050000000000000044,0.08822499215602875,0.0004223672876833007,0.0010199007811024785,0.9173677836353231,1,1,2,0.0,4 6
869,3,sigma_1p0__kernel_9__order_2,1.0,9,2,3088,0.050000000000000044,0.16950292885303497,0.0003890119260177016,0.0002968789776787162,0.967183250787709,2,2,3,0.0,3 5 6
870,3,sigma_1p0__kernel_9__order_2,1.0,9,2,3093,0.050000000000000044,0.47984907031059265,0.0005530388909392059,0.000276587757980451,0.9795012027025223,4,4,5,0.0,2 4 3 5 6
871,3,sigma_1p0__kernel_9__order_2,1.0,9,2,3097,0.050000000000000044,0.24948528409004211,0.00045731761201750487,0.0003499265876598656,0.9686965808254643,3,3,4,0.0,4 3 5 6
872,3,sigma_1p0__kernel_9__order_2,1.0,9,2,3098,0.050000000000000044,0.0,0.0005969851044937968,0.001600863877683878,0.8081826047216598,0,0,1,0.0,6
873,3,sigma_1p0__kernel_9__order_2,1.0,9,2,3103,0.050000000000000044,0.5921776294708252,0.0005261016427539289,0.00013836355356033891,0.98337805267605,4,4,5,0.0,4 2 5 3 6
874,3,sigma_1p0__kernel_9__order_2,1.0,9,2,3107,0.050000000000000044,0.41477465629577637,0.0004231089769746177,0.0005729258991777897,0.9485109874205697,3,3,4,0.0,5 3 4 6
875,3,sigma_1p0__kernel_9__order_2,1.0,9,2,3111,0.050000000000000044,0.6262924075126648,0.00039758948696544394,0.00029329670360311866,0.978404005805604,3,3,4,0.0,4 3 5 6
876,3,sigma_1p0__kernel_9__order_2,1.0,9,2,3114,0.050000000000000044,0.174459308385849,0.0004045509946687768,0.0003397577675059438,0.9633346566759874,2,2,3,0.0,5 3 6
877,3,sigma_1p0__kernel_9__order_2,1.0,9,2,3116,0.050000000000000044,0.07726895809173584,0.000572740740608424,0.00043727908632718027,0.930795111674616,1,1,2,0.0,4 6
878,3,sigma_1p0__kernel_9__order_2,1.0,9,2,3119,0.050000000000000044,0.137592613697052,0.0003912915611484398,0.0008260032045654953,0.9129568341583474,2,2,3,0.0,5 3 6
879,3,sigma_1p0__kernel_9__order_2,1.0,9,2,3121,0.050000000000000044,0.035729821771383286,0.0003950469254050404,0.0015412995126098394,0.9279579401069391,1,1,2,0.0,4 6
880,3,sigma_1p0__kernel_9__order_2,1.0,9,2,3125,0.050000000000000044,0.5071699619293213,0.0004996767092961818,0.00011563707084860653,0.9869697132944069,3,3,4,0.0,4 3 5 6
881,3,sigma_1p0__kernel_9__order_2,1.0,9,2,3130,0.050000000000000044,0.6069170832633972,0.0005260462465230375,0.0002913416246883571,0.978467700810268,4,4,5,0.0,4 3 2 5 6
882,3,sigma_1p0__kernel_9__order_2,1.0,9,2,3134,0.050000000000000044,0.27070730924606323,0.000478869304060936,0.00016201628022827208,0.9809971033605469,3,3,4,0.0,4 3 5 6
883,3,sigma_1p0__kernel_9__order_2,1.0,9,2,3138,0.050000000000000044,0.24948525428771973,0.0004777936264872551,0.0003499265876598656,0.9686965808254643,3,3,4,0.0,3 5 4 6
884,3,sigma_1p0__kernel_9__order_2,1.0,9,2,3142,0.050000000000000044,0.5071699619293213,0.00037798511766595766,0.00011563707084860653,0.9869697132944069,3,3,4,0.0,5 3 4 6
885,3,sigma_1p0__kernel_9__order_2,1.0,9,2,3145,0.050000000000000044,0.1401793360710144,0.0003989422887874146,0.0006530879763886333,0.9352612300342952,2,2,3,0.0,5 3 6
886,3,sigma_1p0__kernel_9__order_2,1.0,9,2,3149,0.050000000000000044,0.28650835156440735,0.0005485619767569005,0.0002764974778983742,0.9829256227871184,3,3,4,0.0,4 3 5 6
887,3,sigma_1p0__kernel_9__order_2,1.0,9,2,3150,0.050000000000000044,0.0,0.0004705379542429,0.0017853517783805728,0.8057641484702668,0,0,1,0.0,6
888,3,sigma_1p0__kernel_9__order_2,1.0,9,2,3154,0.050000000000000044,0.24948528409004211,0.00039882650889921933,0.0003499265876598656,0.9686965808254643,3,3,4,0.0,4 3 5 6
889,3,sigma_1p0__kernel_9__order_2,1.0,9,2,3156,0.050000000000000044,0.07726895809173584,0.0004329185467213392,0.00043727908632718027,0.930795111674616,1,1,2,0.0,4 6
890,3,sigma_1p0__kernel_9__order_2,1.0,9,2,3161,0.050000000000000044,0.1997929960489273,0.00048424526466988026,0.0003485918277874589,0.9687668210012876,4,4,5,0.0,4 1 3 5 6
891,3,sigma_1p0__kernel_9__order_2,1.0,9,2,3164,0.050000000000000044,0.16950291395187378,0.0007372525481817623,0.0002968789776787162,0.967183250787709,2,2,3,0.0,5 3 6
892,3,sigma_1p0__kernel_9__order_2,1.0,9,2,3166,0.050000000000000044,0.07131662219762802,0.0004495632601901889,0.0008881487883627415,0.9203812204097596,1,1,2,0.0,4 6
893,3,sigma_1p0__kernel_9__order_2,1.0,9,2,3168,0.050000000000000044,0.08822499215602875,0.00038034573663026094,0.0010199007811024785,0.9173677836353231,1,1,2,0.0,4 6
894,3,sigma_1p0__kernel_9__order_2,1.0,9,2,3170,0.050000000000000044,0.08126659691333771,0.0003948108496842906,0.0003977040178142488,0.9477260804488175,1,1,2,0.0,4 6
895,3,sigma_1p0__kernel_9__order_2,1.0,9,2,3174,0.050000000000000044,0.2811933755874634,0.0005718996544601396,0.0003074454143643379,0.9758183664501635,3,3,4,0.0,4 3 5 6
896,3,sigma_1p0__kernel_9__order_2,1.0,9,2,3179,0.050000000000000044,0.620286226272583,0.00041216317913495004,0.00011107099999208003,0.9894046905526933,5,5,6,0.0,4 3 2 1 5
897,3,sigma_1p0__kernel_9__order_2,1.0,9,2,3183,0.050000000000000044,0.08627666532993317,0.0004464709636522457,0.0007855528965592384,0.9194641735905275,3,3,4,0.0,5 3 1 6
898,3,sigma_1p0__kernel_9__order_2,1.0,9,2,3187,0.050000000000000044,0.5071699619293213,0.00043169342825422063,0.00011563707084860653,0.9869697132944069,3,3,4,0.0,4 3 5 6
899,3,sigma_1p0__kernel_9__order_2,1.0,9,2,3191,0.050000000000000044,0.5074523687362671,0.0003932300751330331,0.00028734508669003844,0.9792653489835764,3,3,4,0.0,4 3 5 6
900,3,sigma_1p0__kernel_9__order_2,1.0,9,2,3196,0.050000000000000044,0.5950121283531189,0.00039605690981261434,0.00024510215735062957,0.980296102789863,5,5,6,0.0,4 3 2 1 5
901,3,sigma_1p0__kernel_9__order_2,1.0,9,2,3201,0.050000000000000044,0.6202861666679382,0.00041915219044312834,0.00011107099999208003,0.9894046905526933,5,5,6,0.0,4 2 1 3 5
902,3,sigma_1p0__kernel_9__order_2,1.0,9,2,3205,0.050000000000000044,0.43311983346939087,0.0005025919090257958,0.00047925321268849075,0.9483131717770902,3,3,4,0.0,4 3 5 6
903,3,sigma_1p0__kernel_9__order_2,1.0,9,2,3210,0.050000000000000044,0.5917484760284424,0.0005038741277530789,0.00013889899128116667,0.983347794991186,4,4,5,0.0,3 5 1 4 6
904,3,sigma_1p0__kernel_9__order_2,1.0,9,2,3212,0.050000000000000044,0.07726895809173584,0.0004372664843685925,0.00043727908632718027,0.930795111674616,1,1,2,0.0,4 6
905,3,sigma_1p0__kernel_9__order_2,1.0,9,2,3217,0.050000000000000044,0.6435294151306152,0.00030663187499158084,0.00010259622649755329,0.9913052334655054,4,4,5,0.0,2 3 4 5 6
906,3,sigma_1p0__kernel_9__order_2,1.0,9,2,3220,0.050000000000000044,0.1320481300354004,0.0005647689492131273,0.0008679910679347813,0.9265016959393209,2,2,3,0.0,5 4 6
907,3,sigma_1p0__kernel_9__order_2,1.0,9,2,3224,0.050000000000000044,0.27070730924606323,0.00040867290954338387,0.00016201628022827208,0.9809971033605469,3,3,4,0.0,4 3 5 6
908,3,sigma_1p0__kernel_9__order_2,1.0,9,2,3229,0.050000000000000044,0.23753073811531067,0.00039017723174765705,0.00027185611543245614,0.9831901318465629,4,4,5,0.0,4 3 5 2 6
909,3,sigma_1p0__kernel_9__order_2,1.0,9,2,3233,0.050000000000000044,0.27070730924606323,0.0003842554287984967,0.00016201628022827208,0.9809971033605469,3,3,4,0.0,4 3 5 6
910,3,sigma_1p0__kernel_9__order_2,1.0,9,2,3238,0.050000000000000044,0.5868488550186157,0.0005320220661815256,0.0003388386103324592,0.9784358720008315,4,4,5,0.0,4 2 5 3 6
911,3,sigma_1p0__kernel_9__order_2,1.0,9,2,3243,0.050000000000000044,0.6128671765327454,0.0004189527040580288,0.000251567893428728,0.9801240219655983,4,4,5,0.0,2 5 3 4 6
912,3,sigma_1p0__kernel_9__order_2,1.0,9,2,3245,0.050000000000000044,0.07726895809173584,0.00043890270171687007,0.00043727908632718027,0.930795111674616,1,1,2,0.0,4 6
913,3,sigma_1p0__kernel_9__order_2,1.0,9,2,3247,0.050000000000000044,0.10135974735021591,0.00042906354065053165,0.0007019987679086626,0.9483417614355382,1,1,2,0.0,4 6
914,3,sigma_1p0__kernel_9__order_2,1.0,9,2,3250,0.050000000000000044,0.11879583448171616,0.0003384215524420142,0.00117316038813442,0.8967012005916816,2,2,3,0.0,5 3 6
915,3,sigma_1p0__kernel_9__order_2,1.0,9,2,3255,0.050000000000000044,0.5921776294708252,0.0006987016880884766,0.00013836355356033891,0.98337805267605,4,4,5,0.0,4 2 5 3 6
916,3,sigma_1p0__kernel_9__order_2,1.0,9,2,3259,0.050000000000000044,0.45929238200187683,0.0006091702525736764,0.0006882387679070234,0.9495375515022686,3,3,4,0.0,4 3 5 6
917,3,sigma_1p0__kernel_9__order_2,1.0,9,2,3262,0.050000000000000044,0.23126986622810364,0.0006501617996642987,0.0005855225026607513,0.947268991794229,2,2,3,0.0,4 3 6
918,3,sigma_1p0__kernel_9__order_2,1.0,9,2,3265,0.050000000000000044,0.16670595109462738,0.0005741330484549204,0.0005150713259354234,0.9424414601748395,2,2,3,0.0,5 3 6
919,3,sigma_1p0__kernel_9__order_2,1.0,9,2,3270,0.050000000000000044,0.5681328177452087,0.0006334925768896937,0.0003357348614372313,0.9786668139710296,5,5,6,0.0,3 2 1 4 5
920,3,sigma_1p0__kernel_9__order_2,1.0,9,2,3275,0.050000000000000044,0.5950121283531189,0.0006243990734219551,0.00024510215735062957,0.980296102789863,5,5,6,0.0,3 2 1 4 5
921,3,sigma_1p0__kernel_9__order_2,1.0,9,2,3278,0.050000000000000044,0.16950292885303497,0.0005667670823944112,0.0002968789776787162,0.967183250787709,2,2,3,0.0,3 5 6
922,3,sigma_1p0__kernel_9__order_2,1.0,9,2,3283,0.050000000000000044,0.6046932935714722,0.0006063104956410825,0.00022461751359514892,0.9793347819806846,4,4,5,0.0,3 2 4 5 6
923,3,sigma_1p0__kernel_9__order_2,1.0,9,2,3287,0.050000000000000044,0.2447340339422226,0.00046257297071861103,0.0005987586337141693,0.9625195515354238,3,3,4,0.0,3 5 4 6
924,3,sigma_1p0__kernel_9__order_2,1.0,9,2,3290,0.050000000000000044,0.16670595109462738,0.00044476525120747584,0.0005150713259354234,0.9424414601748395,2,2,3,0.0,5 3 6
925,3,sigma_1p0__kernel_9__order_2,1.0,9,2,3292,0.050000000000000044,0.08126659691333771,0.0005540167912840843,0.0003977040178142488,0.9477260804488175,1,1,2,0.0,4 6
926,3,sigma_1p0__kernel_9__order_2,1.0,9,2,3297,0.050000000000000044,0.6128671765327454,0.0004938937607221305,0.000251567893428728,0.9801240219655983,4,4,5,0.0,5 4 2 3 6
927,3,sigma_1p0__kernel_9__order_2,1.0,9,2,3299,0.050000000000000044,0.08822499215602875,0.0004643364518415183,0.0010199007811024785,0.9173677836353231,1,1,2,0.0,4 6
928,3,sigma_1p0__kernel_9__order_2,1.0,9,2,3304,0.050000000000000044,0.5540510416030884,0.0004634966200683266,0.00032804207876324654,0.9622324245509013,4,4,5,0.0,3 2 4 5 6
929,3,sigma_1p0__kernel_9__order_2,1.0,9,2,3309,0.050000000000000044,0.5424268245697021,0.0004676256969105452,0.00041991943726316094,0.9675208261407088,4,4,5,0.0,2 3 1 5 6
930,3,sigma_1p0__kernel_9__order_2,1.0,9,2,3313,0.050000000000000044,0.27070730924606323,0.00045714071893598884,0.00016201628022827208,0.9809971033605469,3,3,4,0.0,4 5 3 6
931,3,sigma_1p0__kernel_9__order_2,1.0,9,2,3317,0.050000000000000044,0.6065331697463989,0.0004841318368562497,0.00033943343441933393,0.97835539075835,3,3,4,0.0,5 3 4 6
932,3,sigma_1p0__kernel_9__order_2,1.0,9,2,3320,0.050000000000000044,0.09220840036869049,0.0005152703767331938,0.0011025654384866357,0.8868274820634074,2,2,3,0.0,1 2 6
933,3,sigma_1p0__kernel_9__order_2,1.0,9,2,3324,0.050000000000000044,0.43311983346939087,0.00040394645475316793,0.00047925321268849075,0.9483131717770902,3,3,4,0.0,3 5 4 6
934,3,sigma_1p0__kernel_9__order_2,1.0,9,2,3328,0.050000000000000044,0.24948525428771973,0.00037889034138061106,0.0003499265876598656,0.9686965808254643,3,3,4,0.0,3 5 4 6
935,3,sigma_1p0__kernel_9__order_2,1.0,9,2,3331,0.050000000000000044,0.16950292885303497,0.0005521274288184941,0.0002968789776787162,0.967183250787709,2,2,3,0.0,3 5 6
936,3,sigma_1p0__kernel_9__order_2,1.0,9,2,3336,0.050000000000000044,0.5950121283531189,0.0004658837977331132,0.00024510215735062957,0.980296102789863,5,5,6,0.0,3 2 1 4 5
937,3,sigma_1p0__kernel_9__order_2,1.0,9,2,3339,0.050000000000000044,0.07314447313547134,0.0004884120426140726,0.0008285033982247114,0.9429521898204166,2,2,3,0.0,5 3 6
938,3,sigma_1p0__kernel_9__order_2,1.0,9,2,3343,0.050000000000000044,0.41477465629577637,0.0004942134401062503,0.0005729258991777897,0.9485109874205697,3,3,4,0.0,5 3 4 6
939,3,sigma_1p0__kernel_9__order_2,1.0,9,2,3348,0.050000000000000044,0.5921775698661804,0.000493525923229754,0.00013836355356033891,0.98337805267605,4,4,5,0.0,5 4 3 2 6
940,3,sigma_1p0__kernel_9__order_2,1.0,9,2,3351,0.050000000000000044,0.137592613697052,0.000416316829311351,0.0008260032045654953,0.9129568341583474,2,2,3,0.0,3 5 6
941,3,sigma_1p0__kernel_9__order_2,1.0,9,2,3355,0.050000000000000044,0.25167807936668396,0.0005299132099025883,0.0002688246313482523,0.9730571657596389,3,3,4,0.0,3 5 4 6
942,3,sigma_1p0__kernel_9__order_2,1.0,9,2,3359,0.050000000000000044,0.5074523687362671,0.0003902406751876697,0.00028734508669003844,0.9792653489835764,3,3,4,0.0,3 5 4 6
943,3,sigma_1p0__kernel_9__order_2,1.0,9,2,3363,0.050000000000000044,0.5734812617301941,0.0005015510032535531,0.00033009552862495184,0.9623021453477256,3,3,4,0.0,3 5 4 6
944,3,sigma_1p0__kernel_9__order_2,1.0,9,2,3368,0.050000000000000044,0.6046932935714722,0.0003753349417820573,0.00022461751359514892,0.9793347819806846,4,4,5,0.0,5 4 2 3 6
945,3,sigma_1p0__kernel_9__order_2,1.0,9,2,3372,0.050000000000000044,0.2447340339422226,0.00040110415284289047,0.0005987586337141693,0.9625195515354238,3,3,4,0.0,3 5 4 6
946,3,sigma_1p0__kernel_9__order_2,1.0,9,2,3377,0.050000000000000044,0.6252923011779785,0.0004539335088338703,0.00010020502668339759,0.991501499813462,5,5,6,0.0,2 3 1 4 5
947,3,sigma_1p0__kernel_9__order_2,1.0,9,2,3381,0.050000000000000044,0.14680367708206177,0.00041804038482951,0.0004541786329355091,0.9655303865777468,3,3,4,0.0,5 4 3 6
948,3,sigma_1p0__kernel_9__order_2,1.0,9,2,3385,0.050000000000000044,0.41477465629577637,0.0003620249299274292,0.0005729258991777897,0.9485109874205697,3,3,4,0.0,5 3 4 6
949,3,sigma_1p0__kernel_9__order_2,1.0,9,2,3389,0.050000000000000044,0.41477468609809875,0.0004120209123357199,0.0005729258991777897,0.9485109874205697,3,3,4,0.0,3 5 4 6
950,3,sigma_1p0__kernel_9__order_2,1.0,9,2,3391,0.050000000000000044,0.10135974735021591,0.0004262431466486305,0.0007019987679086626,0.9483417614355382,1,1,2,0.0,4 6
951,3,sigma_1p0__kernel_9__order_2,1.0,9,2,3396,0.050000000000000044,0.4293150305747986,0.0004025977046694607,0.0006882375455461442,0.9495521441155184,4,4,5,0.0,3 2 5 4 6
952,3,sigma_1p0__kernel_9__order_2,1.0,9,2,3401,0.050000000000000044,0.6129100322723389,0.0004734712711069733,0.00025139222270809114,0.9801201290062294,4,4,5,0.0,3 1 4 5 6
953,3,sigma_1p0__kernel_9__order_2,1.0,9,2,3404,0.050000000000000044,0.1401793360710144,0.0005103547979767123,0.0006530879763886333,0.9352612300342952,2,2,3,0.0,5 3 6
954,3,sigma_1p0__kernel_9__order_2,1.0,9,2,3408,0.050000000000000044,0.28650835156440735,0.0003946423312299885,0.0002764974778983742,0.9829256227871184,3,3,4,0.0,4 3 5 6
955,3,sigma_1p0__kernel_9__order_2,1.0,9,2,3410,0.050000000000000044,0.035729821771383286,0.0004906761751044542,0.0015412995126098394,0.9279579401069391,1,1,2,0.0,4 6
956,3,sigma_1p0__kernel_9__order_2,1.0,9,2,3412,0.050000000000000044,0.07131662219762802,0.0005213698022998869,0.0008881487883627415,0.9203812204097596,1,1,2,0.0,4 6
957,3,sigma_1p0__kernel_9__order_2,1.0,9,2,3417,0.050000000000000044,0.5950121283531189,0.0003757892147405073,0.00024510215735062957,0.980296102789863,5,5,6,0.0,3 2 1 5 4
958,3,sigma_1p0__kernel_9__order_2,1.0,9,2,3420,0.050000000000000044,0.137592613697052,0.00043735837486262125,0.0008260032045654953,0.9129568341583474,2,2,3,0.0,3 5 6
959,3,sigma_1p0__kernel_9__order_2,1.0,9,2,3424,0.050000000000000044,0.6262924075126648,0.0003773927455767989,0.00029329670360311866,0.978404005805604,3,3,4,0.0,3 5 4 6
960,3,sigma_1p0__kernel_9__order_2,1.0,9,2,3428,0.050000000000000044,0.50069260597229,0.00046019065484870225,0.00017175794346258044,0.9811322692954441,3,3,4,0.0,5 3 4 6
961,3,sigma_1p0__kernel_9__order_2,1.0,9,2,3432,0.050000000000000044,0.23954163491725922,0.00045247236266732216,0.00046948809176683426,0.9537005855587801,3,3,4,0.0,4 5 3 6
962,3,sigma_1p0__kernel_9__order_2,1.0,9,2,3436,0.050000000000000044,0.1258772611618042,0.0003649085701908916,0.0004502757510636002,0.9575773105113884,3,3,4,0.0,5 4 3 6
963,3,sigma_1p0__kernel_9__order_2,1.0,9,2,3440,0.050000000000000044,0.5071699619293213,0.0004955006152158603,0.00011563707084860653,0.9869697132944069,3,3,4,0.0,3 5 4 6
964,3,sigma_1p0__kernel_9__order_2,1.0,9,2,3444,0.050000000000000044,0.6114770770072937,0.00046732834744034335,0.00013926590327173471,0.9833388140560189,3,3,4,0.0,3 5 4 6
965,3,sigma_1p0__kernel_9__order_2,1.0,9,2,3449,0.050000000000000044,0.6045166254043579,0.0004962107224855572,0.0002249711542390287,0.9793051375468194,4,4,5,0.0,3 1 4 5 6
966,3,sigma_1p0__kernel_9__order_2,1.0,9,2,3453,0.050000000000000044,0.2811933755874634,0.00042251028935424984,0.0003074454143643379,0.9758183664501635,3,3,4,0.0,4 3 5 6
967,3,sigma_1p0__kernel_9__order_2,1.0,9,2,3457,0.050000000000000044,0.2395416498184204,0.00033194933348568156,0.00046948809176683426,0.9537005855587801,3,3,4,0.0,4 3 5 6
968,3,sigma_1p0__kernel_9__order_2,1.0,9,2,3461,0.050000000000000044,0.41477465629577637,0.0005098804322187789,0.0005729258991777897,0.9485109874205697,3,3,4,0.0,5 3 4 6
969,3,sigma_1p0__kernel_9__order_2,1.0,9,2,3465,0.050000000000000044,0.17186933755874634,0.00039088158519007266,0.00016244305879808962,0.9840680202746079,3,3,4,0.0,5 4 3 6
970,3,sigma_1p0__kernel_9__order_2,1.0,9,2,3468,0.050000000000000044,0.07536902278661728,0.0004987054174610724,0.00019341227016411722,0.9721222965846306,2,2,3,0.0,4 3 6
971,3,sigma_1p0__kernel_9__order_2,1.0,9,2,3472,0.050000000000000044,0.5071699619293213,0.0004309568976168521,0.00011563707084860653,0.9869697132944069,3,3,4,0.0,3 5 4 6
972,3,sigma_1p0__kernel_9__order_2,1.0,9,2,3474,0.050000000000000044,0.08822499215602875,0.0003971059340983629,0.0010199007811024785,0.9173677836353231,1,1,2,0.0,4 6
973,3,sigma_1p0__kernel_9__order_2,1.0,9,2,3477,0.050000000000000044,0.16670595109462738,0.0006004445410023133,0.0005150713259354234,0.9424414601748395,2,2,3,0.0,3 5 6
974,3,sigma_1p0__kernel_9__order_2,1.0,9,2,3481,0.050000000000000044,0.15600350499153137,0.0003872140223393217,0.00016633210179861635,0.9804948296721285,3,3,4,0.0,5 4 3 6
975,3,sigma_1p0__kernel_9__order_2,1.0,9,2,3485,0.050000000000000044,0.6114770770072937,0.0003523589111864567,0.00013926590327173471,0.9833388140560189,3,3,4,0.0,5 3 4 6
976,3,sigma_1p0__kernel_9__order_2,1.0,9,2,3489,0.050000000000000044,0.5071699619293213,0.0005912413689657114,0.00011563707084860653,0.9869697132944069,3,3,4,0.0,3 5 4 6
977,3,sigma_1p0__kernel_9__order_2,1.0,9,2,3491,0.050000000000000044,0.08822499215602875,0.0004169676685705781,0.0010199007811024785,0.9173677836353231,1,1,2,0.0,4 6
978,3,sigma_1p0__kernel_9__order_2,1.0,9,2,3495,0.050000000000000044,0.15098923444747925,0.00040849806828191504,0.0003137296298518777,0.9649377163681208,3,3,4,0.0,5 4 3 6
979,3,sigma_1p0__kernel_9__order_2,1.0,9,2,3497,0.050000000000000044,0.2618105113506317,0.0005945122393313795,0.0006321739638224244,0.9285677822924681,1,1,2,0.0,3 6
980,3,sigma_1p0__kernel_9__order_2,1.0,9,2,3499,0.050000000000000044,0.035729821771383286,0.00048443215200677514,0.0015412995126098394,0.9279579401069391,1,1,2,0.0,4 6
981,3,sigma_1p0__kernel_9__order_2,1.0,9,2,3503,0.050000000000000044,0.45929238200187683,0.0006188672268763185,0.0006882387679070234,0.9495375515022686,3,3,4,0.0,5 3 4 6
982,3,sigma_1p0__kernel_9__order_2,1.0,9,2,3507,0.050000000000000044,0.43311983346939087,0.0006010624929331243,0.00047925321268849075,0.9483131717770902,3,3,4,0.0,5 3 4 6
983,3,sigma_1p0__kernel_9__order_2,1.0,9,2,3511,0.050000000000000044,0.12754914164543152,0.0006121841870481148,0.0005528352921828628,0.945498015753721,3,3,4,0.0,5 4 3 6
984,3,sigma_1p0__kernel_9__order_2,1.0,9,2,3515,0.050000000000000044,0.25167810916900635,0.000543072063010186,0.0002688246313482523,0.9730571657596389,3,3,4,0.0,3 4 5 6
985,3,sigma_1p0__kernel_9__order_2,1.0,9,2,3520,0.050000000000000044,0.20204560458660126,0.00045948336482979355,0.00026787116075865924,0.9731621545751653,4,4,5,0.0,1 4 3 5 6
986,3,sigma_1p0__kernel_9__order_2,1.0,9,2,3525,0.050000000000000044,0.6069180965423584,0.0004786461067851633,0.0002915810910053551,0.9785065628083226,4,4,5,0.0,1 3 4 5 6
987,3,sigma_1p0__kernel_9__order_2,1.0,9,2,3529,0.050000000000000044,0.6237078309059143,0.0005186972339288332,0.00022654430358670652,0.9791596898638536,3,3,4,0.0,5 3 4 6
988,3,sigma_1p0__kernel_9__order_2,1.0,9,2,3533,0.050000000000000044,0.6114770770072937,0.00047715780237922445,0.00013926590327173471,0.9833388140560189,3,3,4,0.0,5 3 4 6
989,3,sigma_1p0__kernel_9__order_2,1.0,9,2,3535,0.050000000000000044,0.08941388130187988,0.0004861052439082414,0.0015358374221250415,0.9197421913942174,1,1,2,0.0,4 6
990,3,sigma_1p0__kernel_9__order_2,1.0,9,2,3538,0.050000000000000044,0.137592613697052,0.0004248045734129846,0.0008260032045654953,0.9129568341583474,2,2,3,0.0,5 3 6
991,3,sigma_1p0__kernel_9__order_2,1.0,9,2,3542,0.050000000000000044,0.253742516040802,0.0004208905447740108,0.0003305163118056953,0.9657473915503509,3,3,4,0.0,4 3 5 6
992,3,sigma_1p0__kernel_9__order_2,1.0,9,2,3547,0.050000000000000044,0.6383658647537231,0.0005146902636624873,0.00011450669262558222,0.9892929023957848,4,4,5,0.0,5 2 3 4 6
993,3,sigma_1p0__kernel_9__order_2,1.0,9,2,3550,0.050000000000000044,0.07580442726612091,0.0005712079970786969,0.0008394967298954725,0.9469545501484741,2,2,3,0.0,4 3 6
994,3,sigma_1p0__kernel_9__order_2,1.0,9,2,3554,0.050000000000000044,0.1039593368768692,0.0005446693685371429,0.0008596146362833679,0.9272331046505292,3,3,4,0.0,5 4 3 6
995,3,sigma_1p0__kernel_9__order_2,1.0,9,2,3559,0.050000000000000044,0.6128671765327454,0.0005388497724197805,0.000251567893428728,0.9801240219655983,4,4,5,0.0,4 2 5 3 6
996,3,sigma_1p0__kernel_9__order_2,1.0,9,2,3564,0.050000000000000044,0.5917484760284424,0.0004956355958711355,0.00013889899128116667,0.983347794991186,4,4,5,0.0,1 3 4 5 6
997,3,sigma_1p0__kernel_9__order_2,1.0,9,2,3568,0.050000000000000044,0.50069260597229,0.00047169886966003105,0.00017175794346258044,0.9811322692954441,3,3,4,0.0,5 3 4 6
998,3,sigma_1p0__kernel_9__order_2,1.0,9,2,3571,0.050000000000000044,0.14571017026901245,0.0003403346151268731,0.000565270078368485,0.9617493440896521,2,2,3,0.0,3 5 6
999,3,sigma_1p0__kernel_9__order_2,1.0,9,2,3574,0.050000000000000044,0.1506832242012024,0.00032293139762866,0.0008174586109817028,0.9402529282958272,2,2,3,0.0,3 5 6
1000,3,sigma_1p0__kernel_9__order_2,1.0,9,2,3577,0.050000000000000044,0.16950292885303497,0.0005723629922916492,0.0002968789776787162,0.967183250787709,2,2,3,0.0,3 5 6
1001,3,sigma_1p0__kernel_9__order_2,1.0,9,2,3581,0.050000000000000044,0.6570553779602051,0.0004362145482446067,0.00011739555338863283,0.9893193590265392,3,3,4,0.0,5 3 4 6
1002,3,sigma_1p0__kernel_9__order_2,1.0,9,2,3583,0.050000000000000044,0.10135974735021591,0.0004223300638841465,0.0007019987679086626,0.9483417614355382,1,1,2,0.0,4 6
1003,3,sigma_1p0__kernel_9__order_2,1.0,9,2,3587,0.050000000000000044,0.6237078309059143,0.00044849206460639834,0.00022654430358670652,0.9791596898638536,3,3,4,0.0,5 3 4 6
1004,3,sigma_1p0__kernel_9__order_2,1.0,9,2,3591,0.050000000000000044,0.5071699619293213,0.0004632396376109682,0.00011563707084860653,0.9869697132944069,3,3,4,0.0,5 3 4 6
1005,3,sigma_1p0__kernel_9__order_2,1.0,9,2,3595,0.050000000000000044,0.2537424862384796,0.0005004427439416759,0.0003305163118056953,0.9657473915503509,3,3,4,0.0,3 5 4 6
1006,3,sigma_1p0__kernel_9__order_2,1.0,9,2,3599,0.050000000000000044,0.5071699619293213,0.00046080235188128427,0.00011563707084860653,0.9869697132944069,3,3,4,0.0,5 3 4 6
1007,3,sigma_1p0__kernel_9__order_2,1.0,9,2,3603,0.050000000000000044,0.45929238200187683,0.00040023795736487955,0.0006882387679070234,0.9495375515022686,3,3,4,0.0,4 3 5 6
1008,3,sigma_1p0__kernel_9__order_2,1.0,9,2,3608,0.050000000000000044,0.4783620238304138,0.0004564415896311402,0.00011355951573932543,0.9870355374287199,4,4,5,0.0,5 3 4 2 6
1009,3,sigma_1p0__kernel_9__order_2,1.0,9,2,3612,0.050000000000000044,0.25167810916900635,0.0003971203477703966,0.0002688246313482523,0.9730571657596389,3,3,4,0.0,4 3 5 6
1010,3,sigma_1p0__kernel_9__order_2,1.0,9,2,3615,0.050000000000000044,0.137592613697052,0.000446383065233628,0.0008260032045654953,0.9129568341583474,2,2,3,0.0,5 3 6
1011,3,sigma_1p0__kernel_9__order_2,1.0,9,2,3617,0.050000000000000044,0.08941388130187988,0.0004926647088723257,0.0015358374221250415,0.9197421913942174,1,1,2,0.0,4 6
1012,3,sigma_1p0__kernel_9__order_2,1.0,9,2,3620,0.050000000000000044,0.16670595109462738,0.00041105472094689804,0.0005150713259354234,0.9424414601748395,2,2,3,0.0,3 5 6
1013,3,sigma_1p0__kernel_9__order_2,1.0,9,2,3624,0.050000000000000044,0.2811933755874634,0.0003670803926070221,0.0003074454143643379,0.9758183664501635,3,3,4,0.0,3 5 4 6
1014,3,sigma_1p0__kernel_9__order_2,1.0,9,2,3628,0.050000000000000044,0.6114770770072937,0.0004486898469622247,0.00013926590327173471,0.9833388140560189,3,3,4,0.0,5 3 4 6
1015,3,sigma_1p0__kernel_9__order_2,1.0,9,2,3632,0.050000000000000044,0.41477465629577637,0.00041378966125193983,0.0005729258991777897,0.9485109874205697,3,3,4,0.0,5 3 4 6
1016,3,sigma_1p0__kernel_9__order_2,1.0,9,2,3636,0.050000000000000044,0.45929238200187683,0.00041161270200973377,0.0006882387679070234,0.9495375515022686,3,3,4,0.0,5 3 4 6
1017,3,sigma_1p0__kernel_9__order_2,1.0,9,2,3640,0.050000000000000044,0.24948525428771973,0.0004252768339938484,0.0003499265876598656,0.9686965808254643,3,3,4,0.0,3 5 4 6
1018,3,sigma_1p0__kernel_9__order_2,1.0,9,2,3644,0.050000000000000044,0.6570553779602051,0.0004118354008824099,0.00011739555338863283,0.9893193590265392,3,3,4,0.0,5 3 4 6
1019,3,sigma_1p0__kernel_9__order_2,1.0,9,2,3647,0.050000000000000044,0.11879583448171616,0.0004485075769480318,0.00117316038813442,0.8967012005916816,2,2,3,0.0,5 3 6
1020,3,sigma_1p0__kernel_9__order_2,1.0,9,2,3652,0.050000000000000044,0.49190065264701843,0.0004353864467702806,0.0002824047114700079,0.9825826469591766,4,4,5,0.0,5 3 4 1 6
1021,3,sigma_1p0__kernel_9__order_2,1.0,9,2,3656,0.050000000000000044,0.5071699619293213,0.0003097350781899877,0.00011563707084860653,0.9869697132944069,3,3,4,0.0,3 5 4 6
1022,3,sigma_1p0__kernel_9__order_2,1.0,9,2,3659,0.050000000000000044,0.174459308385849,0.0005052414489910007,0.0003397577675059438,0.9633346566759874,2,2,3,0.0,5 3 6
1023,3,sigma_1p0__kernel_9__order_2,1.0,9,2,3661,0.050000000000000044,0.07131662219762802,0.0003946764627471566,0.0008881487883627415,0.9203812204097596,1,1,2,0.0,4 6
1024,3,sigma_1p0__kernel_9__order_2,1.0,9,2,3662,0.050000000000000044,0.0,0.0003762776614166796,0.0015325190033763647,0.8707035052081776,0,0,1,0.0,6
1025,3,sigma_1p0__kernel_9__order_2,1.0,9,2,3666,0.050000000000000044,0.45421579480171204,0.0003961390975746326,0.0002658700686879456,0.9685054444104397,3,3,4,0.0,5 3 4 6
1026,3,sigma_1p0__kernel_9__order_2,1.0,9,2,3668,0.050000000000000044,0.035729821771383286,0.0003093961568083614,0.0015412995126098394,0.9279579401069391,1,1,2,0.0,4 6
1027,3,sigma_1p0__kernel_9__order_2,1.0,9,2,3672,0.050000000000000044,0.27070727944374084,0.00038801149639766663,0.00016201628022827208,0.9809971033605469,3,3,4,0.0,5 3 4 6
1028,3,sigma_1p0__kernel_9__order_2,1.0,9,2,3676,0.050000000000000044,0.6570553779602051,0.0004636478188331239,0.00011739555338863283,0.9893193590265392,3,3,4,0.0,5 3 4 6
1029,3,sigma_1p0__kernel_9__order_2,1.0,9,2,3679,0.050000000000000044,0.137592613697052,0.000404083034178863,0.0008260032045654953,0.9129568341583474,2,2,3,0.0,5 3 6
1030,3,sigma_1p0__kernel_9__order_2,1.0,9,2,3683,0.050000000000000044,0.253742516040802,0.00046878041757736355,0.0003305163118056953,0.9657473915503509,3,3,4,0.0,4 3 5 6
1031,3,sigma_1p0__kernel_9__order_2,1.0,9,2,3686,0.050000000000000044,0.14693386852741241,0.0003248949651606381,0.0005573572707362473,0.9619211540175392,2,2,3,0.0,4 3 6
1032,3,sigma_1p0__kernel_9__order_2,1.0,9,2,3688,0.050000000000000044,0.08822499215602875,0.0004758723371196538,0.0010199007811024785,0.9173677836353231,1,1,2,0.0,4 6
1033,3,sigma_1p0__kernel_9__order_2,1.0,9,2,3693,0.050000000000000044,0.4918782711029053,0.0004572873353026807,0.00028312637005001307,0.9826177732485228,4,4,5,0.0,2 5 3 4 6
1034,3,sigma_1p0__kernel_9__order_2,1.0,9,2,3697,0.050000000000000044,0.27070727944374084,0.0002736960450420156,0.00016201628022827208,0.9809971033605469,3,3,4,0.0,3 5 4 6
1035,3,sigma_1p0__kernel_9__order_2,1.0,9,2,3699,0.050000000000000044,0.09576810151338577,0.0003511179966153577,0.0003033298416994512,0.95530721747209,1,1,2,0.0,4 6
1036,3,sigma_1p0__kernel_9__order_2,1.0,9,2,3703,0.050000000000000044,0.5074523687362671,0.00036807055585086346,0.00028734508669003844,0.9792653489835764,3,3,4,0.0,5 3 4 6
1037,3,sigma_1p0__kernel_9__order_2,1.0,9,2,3708,0.050000000000000044,0.5681328177452087,0.0004140611505135894,0.0003357348614372313,0.9786668139710296,5,5,6,0.0,4 2 1 3 5
1038,3,sigma_1p0__kernel_9__order_2,1.0,9,2,3713,0.050000000000000044,0.09131492674350739,0.00040140983765013516,0.0003123465576209128,0.9651136570715309,4,4,5,0.0,4 3 5 1 6
1039,3,sigma_1p0__kernel_9__order_2,1.0,9,2,3717,0.050000000000000044,0.25167810916900635,0.00030917205003788695,0.0002688246313482523,0.9730571657596389,3,3,4,0.0,4 3 5 6
1040,3,sigma_1p0__kernel_9__order_2,1.0,9,2,3719,0.050000000000000044,0.08822499215602875,0.0003286793362349272,0.0010199007811024785,0.9173677836353231,1,1,2,0.0,4 6
1041,3,sigma_1p0__kernel_9__order_2,1.0,9,2,3723,0.050000000000000044,0.2811933755874634,0.00041710487130330876,0.0003074454143643379,0.9758183664501635,3,3,4,0.0,3 5 4 6
1042,3,sigma_1p0__kernel_9__order_2,1.0,9,2,3728,0.050000000000000044,0.5538358688354492,0.0003994632337708026,0.00032918446231633425,0.9623376832528574,4,4,5,0.0,5 3 1 4 6
1043,3,sigma_1p0__kernel_9__order_2,1.0,9,2,3731,0.050000000000000044,0.1506832093000412,0.00040473969420418143,0.0008174586109817028,0.9402529282958272,2,2,3,0.0,5 3 6
1044,3,sigma_1p0__kernel_9__order_2,1.0,9,2,3735,0.050000000000000044,0.27070727944374084,0.00036165499477647245,0.00016201628022827208,0.9809971033605469,3,3,4,0.0,3 5 4 6
1045,3,sigma_1p0__kernel_9__order_2,1.0,9,2,3738,0.050000000000000044,0.174459308385849,0.0004912871033108482,0.0003397577675059438,0.9633346566759874,2,2,3,0.0,3 5 6
1046,3,sigma_1p0__kernel_9__order_2,1.0,9,2,3742,0.050000000000000044,0.5734812617301941,0.0004903133230982348,0.00033009552862495184,0.9623021453477256,3,3,4,0.0,5 4 3 6
1047,3,sigma_1p0__kernel_9__order_2,1.0,9,2,3746,0.050000000000000044,0.5208902359008789,0.00039549243228975683,0.00028643847326748073,0.9824312456155929,3,3,4,0.0,5 3 4 6
1048,3,sigma_1p0__kernel_9__order_2,1.0,9,2,3750,0.050000000000000044,0.6237078309059143,0.0003638853886513971,0.00022654430358670652,0.9791596898638536,3,3,4,0.0,5 3 4 6
1049,3,sigma_1p0__kernel_9__order_2,1.0,9,2,3753,0.050000000000000044,0.0477447509765625,0.0008194129720019797,0.0002481931878719479,0.9618658112997674,2,2,3,0.0,4 1 6
1050,3,sigma_1p0__kernel_9__order_2,1.0,9,2,3757,0.050000000000000044,0.25167810916900635,0.0006941487663425505,0.0002688246313482523,0.9730571657596389,3,3,4,0.0,4 3 5 6
1051,3,sigma_1p0__kernel_9__order_2,1.0,9,2,3761,0.050000000000000044,0.45929238200187683,0.0007782331085763872,0.0006882387679070234,0.9495375515022686,3,3,4,0.0,3 4 5 6
1052,3,sigma_1p0__kernel_9__order_2,1.0,9,2,3765,0.050000000000000044,0.41477468609809875,0.00062013060960453,0.0005729258991777897,0.9485109874205697,3,3,4,0.0,4 3 5 6
1053,3,sigma_1p0__kernel_9__order_2,1.0,9,2,3769,0.050000000000000044,0.23954163491725922,0.0005953232466708869,0.00046948809176683426,0.9537005855587801,3,3,4,0.0,5 3 4 6
1054,3,sigma_1p0__kernel_9__order_2,1.0,9,2,3772,0.050000000000000044,0.0724639967083931,0.0005990049297300478,0.00025054856087081134,0.960324133477228,2,2,3,0.0,3 5 6
1055,3,sigma_1p0__kernel_9__order_2,1.0,9,2,3776,0.050000000000000044,0.24948525428771973,0.0005689408717444167,0.0003499265876598656,0.9686965808254643,3,3,4,0.0,5 3 4 6
1056,3,sigma_1p0__kernel_9__order_2,1.0,9,2,3780,0.050000000000000044,0.43311983346939087,0.000467507095891051,0.00047925321268849075,0.9483131717770902,3,3,4,0.0,3 5 4 6
1057,3,sigma_1p0__kernel_9__order_2,1.0,9,2,3784,0.050000000000000044,0.2447340488433838,0.0004953783063683659,0.0005987586337141693,0.9625195515354238,3,3,4,0.0,4 3 5 6
1058,3,sigma_1p0__kernel_9__order_2,1.0,9,2,3789,0.050000000000000044,0.6045166254043579,0.0005179828323889524,0.0002249711542390287,0.9793051375468194,4,4,5,0.0,3 1 4 5 6
1059,3,sigma_1p0__kernel_9__order_2,1.0,9,2,3792,0.050000000000000044,0.22843888401985168,0.0004034986486658454,0.0007188902818597853,0.9273498309211413,2,2,3,0.0,5 3 6
1060,3,sigma_1p0__kernel_9__order_2,1.0,9,2,3795,0.050000000000000044,0.1401793360710144,0.0006617607820468644,0.0006530879763886333,0.9352612300342952,2,2,3,0.0,3 5 6
1061,3,sigma_1p0__kernel_9__order_2,1.0,9,2,3800,0.050000000000000044,0.2318192720413208,0.0004662659659516066,0.0003047949285246432,0.9760491947392079,4,4,5,0.0,3 5 1 4 6
1062,3,sigma_1p0__kernel_9__order_2,1.0,9,2,3804,0.050000000000000044,0.41477465629577637,0.0005004811537219211,0.0005729258991777897,0.9485109874205697,3,3,4,0.0,5 3 4 6
1063,3,sigma_1p0__kernel_9__order_2,1.0,9,2,3808,0.050000000000000044,0.5734812617301941,0.0005630561063298956,0.00033009552862495184,0.9623021453477256,3,3,4,0.0,3 4 5 6
1064,3,sigma_1p0__kernel_9__order_2,1.0,9,2,3813,0.050000000000000044,0.6383658647537231,0.00035713635734282436,0.00011450669262558222,0.9892929023957848,4,4,5,0.0,4 2 5 3 6
1065,3,sigma_1p0__kernel_9__order_2,1.0,9,2,3817,0.050000000000000044,0.6618226766586304,0.00043642961827572435,0.00010492635192349553,0.9911175728304916,3,3,4,0.0,4 3 5 6
1066,3,sigma_1p0__kernel_9__order_2,1.0,9,2,3820,0.050000000000000044,0.06653746217489243,0.0005523558453811953,0.000581010477617383,0.9571687054690793,2,2,3,0.0,3 5 6
1067,3,sigma_1p0__kernel_9__order_2,1.0,9,2,3823,0.050000000000000044,0.06708604097366333,0.00045067692796389264,0.00025238830130547285,0.9678279221341386,2,2,3,0.0,3 5 6
1068,3,sigma_1p0__kernel_9__order_2,1.0,9,2,3828,0.050000000000000044,0.6046932935714722,0.000522157724481076,0.00022461751359514892,0.9793347819806846,4,4,5,0.0,4 2 5 3 6
1069,3,sigma_1p0__kernel_9__order_2,1.0,9,2,3831,0.050000000000000044,0.07306605577468872,0.00038911036487358314,0.0004744093166664243,0.9553206884407401,2,2,3,0.0,3 5 6
1070,3,sigma_1p0__kernel_9__order_2,1.0,9,2,3835,0.050000000000000044,0.5734812617301941,0.0004358462101663463,0.00033009552862495184,0.9623021453477256,3,3,4,0.0,3 5 4 6
1071,3,sigma_1p0__kernel_9__order_2,1.0,9,2,3839,0.050000000000000044,0.5074523687362671,0.00044350851385388523,0.00028734508669003844,0.9792653489835764,3,3,4,0.0,3 5 4 6
1072,3,sigma_1p0__kernel_9__order_2,1.0,9,2,3843,0.050000000000000044,0.2811933755874634,0.00046364548325072974,0.0003074454143643379,0.9758183664501635,3,3,4,0.0,3 5 4 6
1073,3,sigma_1p0__kernel_9__order_2,1.0,9,2,3846,0.050000000000000044,0.1506832093000412,0.0004479331255424768,0.0008174586109817028,0.9402529282958272,2,2,3,0.0,5 3 6
1074,3,sigma_1p0__kernel_9__order_2,1.0,9,2,3851,0.050000000000000044,0.6252923011779785,0.00043500761967152357,0.00010020502668339759,0.991501499813462,5,5,6,0.0,4 1 5 3 2
1075,3,sigma_1p0__kernel_9__order_2,1.0,9,2,3855,0.050000000000000044,0.43311983346939087,0.00045113145461073145,0.00047925321268849075,0.9483131717770902,3,3,4,0.0,4 3 5 6
1076,3,sigma_1p0__kernel_9__order_2,1.0,9,2,3858,0.050000000000000044,0.16670595109462738,0.0003307003159231196,0.0005150713259354234,0.9424414601748395,2,2,3,0.0,3 5 6
1077,3,sigma_1p0__kernel_9__order_2,1.0,9,2,3861,0.050000000000000044,0.1506832242012024,0.00037911563413217664,0.0008174586109817028,0.9402529282958272,2,2,3,0.0,3 5 6
1078,3,sigma_1p0__kernel_9__order_2,1.0,9,2,3866,0.050000000000000044,0.5681328177452087,0.00038545395946130154,0.0003357348614372313,0.9786668139710296,5,5,6,0.0,2 1 5 3 4
1079,3,sigma_1p0__kernel_9__order_2,1.0,9,2,3870,0.050000000000000044,0.24948523938655853,0.0004055349199916236,0.0003499265876598656,0.9686965808254643,3,3,4,0.0,3 4 5 6
1080,3,sigma_1p0__kernel_9__order_2,1.0,9,2,3872,0.050000000000000044,0.3013334274291992,0.0005451158212963492,0.0011662894394248724,0.9178787680181113,1,1,2,0.0,3 6
1081,3,sigma_1p0__kernel_9__order_2,1.0,9,2,3876,0.050000000000000044,0.24948525428771973,0.0005052894921391271,0.0003499265876598656,0.9686965808254643,3,3,4,0.0,3 5 4 6
1082,3,sigma_1p0__kernel_9__order_2,1.0,9,2,3878,0.050000000000000044,0.08126659691333771,0.00040906123467721045,0.0003977040178142488,0.9477260804488175,1,1,2,0.0,4 6
1083,3,sigma_1p0__kernel_9__order_2,1.0,9,2,3882,0.050000000000000044,0.5208902359008789,0.00037636971683241427,0.00028643847326748073,0.9824312456155929,3,3,4,0.0,5 3 4 6
1084,3,sigma_1p0__kernel_9__order_2,1.0,9,2,3886,0.050000000000000044,0.27070730924606323,0.0005257537486613728,0.00016201628022827208,0.9809971033605469,3,3,4,0.0,4 3 5 6
1085,3,sigma_1p0__kernel_9__order_2,1.0,9,2,3891,0.050000000000000044,0.5921776294708252,0.00041361249750480054,0.00013836355356033891,0.98337805267605,4,4,5,0.0,4 5 2 3 6
1086,3,sigma_1p0__kernel_9__order_2,1.0,9,2,3893,0.050000000000000044,0.10135974735021591,0.00046506810758728534,0.0007019987679086626,0.9483417614355382,1,1,2,0.0,4 6
1087,3,sigma_1p0__kernel_9__order_2,1.0,9,2,3897,0.050000000000000044,0.2395416498184204,0.00036604886554414406,0.00046948809176683426,0.9537005855587801,3,3,4,0.0,4 3 5 6
1088,3,sigma_1p0__kernel_9__order_2,1.0,9,2,3899,0.050000000000000044,0.04382216930389404,0.00042160374869126827,0.00043160049244761467,0.9395199907449706,1,1,2,0.0,3 6
1089,3,sigma_1p0__kernel_9__order_2,1.0,9,2,3902,0.050000000000000044,0.16670595109462738,0.0004041693270361672,0.0005150713259354234,0.9424414601748395,2,2,3,0.0,3 5 6
1090,3,sigma_1p0__kernel_9__order_2,1.0,9,2,3905,0.050000000000000044,0.174459308385849,0.0004188138215492169,0.0003397577675059438,0.9633346566759874,2,2,3,0.0,3 5 6
1091,3,sigma_1p0__kernel_9__order_2,1.0,9,2,3909,0.050000000000000044,0.24948525428771973,0.0004011789642390795,0.0003499265876598656,0.9686965808254643,3,3,4,0.0,3 5 4 6
1092,3,sigma_1p0__kernel_9__order_2,1.0,9,2,3913,0.050000000000000044,0.6313903331756592,0.0004354767515906133,0.0002559213316999376,0.9799899954114034,3,3,4,0.0,3 5 4 6
1093,3,sigma_1p0__kernel_9__order_2,1.0,9,2,3916,0.050000000000000044,0.14571017026901245,0.000426345815261205,0.000565270078368485,0.9617493440896521,2,2,3,0.0,3 5 6
1094,3,sigma_1p0__kernel_9__order_2,1.0,9,2,3920,0.050000000000000044,0.1258772611618042,0.00046625266259070486,0.0004502757510636002,0.9575773105113884,3,3,4,0.0,4 3 5 6
1095,3,sigma_1p0__kernel_9__order_2,1.0,9,2,3922,0.050000000000000044,0.09576810151338577,0.0004405303188832477,0.0003033298416994512,0.95530721747209,1,1,2,0.0,4 6
1096,3,sigma_1p0__kernel_9__order_2,1.0,9,2,3926,0.050000000000000044,0.6570553779602051,0.00036496522807283327,0.00011739555338863283,0.9893193590265392,3,3,4,0.0,3 5 4 6
1097,3,sigma_1p0__kernel_9__order_2,1.0,9,2,3930,0.050000000000000044,0.2811933755874634,0.0004524779142229818,0.0003074454143643379,0.9758183664501635,3,3,4,0.0,3 5 4 6
1098,3,sigma_1p0__kernel_9__order_2,1.0,9,2,3935,0.050000000000000044,0.6435295343399048,0.0005203950277063996,0.00010259622649755329,0.9913052334655054,4,4,5,0.0,3 2 5 4 6
1099,3,sigma_1p0__kernel_9__order_2,1.0,9,2,3940,0.050000000000000044,0.6046931743621826,0.0003647862351499498,0.00022461751359514892,0.9793347819806846,4,4,5,0.0,2 5 3 4 6
1100,3,sigma_1p0__kernel_9__order_2,1.0,9,2,3943,0.050000000000000044,0.07314447313547134,0.0003428875788813457,0.0008285033982247114,0.9429521898204166,2,2,3,0.0,3 5 6
1101,3,sigma_1p0__kernel_9__order_2,1.0,9,2,3946,0.050000000000000044,0.11879583448171616,0.0003823547061377515,0.00117316038813442,0.8967012005916816,2,2,3,0.0,3 5 6
1102,3,sigma_1p0__kernel_9__order_2,1.0,9,2,3950,0.050000000000000044,0.45929238200187683,0.00040563455695519224,0.0006882387679070234,0.9495375515022686,3,3,4,0.0,3 5 4 6
1103,3,sigma_1p0__kernel_9__order_2,1.0,9,2,3953,0.050000000000000044,0.11879583448171616,0.00039722277627636987,0.00117316038813442,0.8967012005916816,2,2,3,0.0,3 5 6
1104,3,sigma_1p0__kernel_9__order_2,1.0,9,2,3956,0.050000000000000044,0.174459308385849,0.0003335208942492803,0.0003397577675059438,0.9633346566759874,2,2,3,0.0,3 5 6
1105,3,sigma_1p0__kernel_9__order_2,1.0,9,2,3960,0.050000000000000044,0.27070727944374084,0.0003816227108472958,0.00016201628022827208,0.9809971033605469,3,3,4,0.0,3 5 4 6
1106,3,sigma_1p0__kernel_9__order_2,1.0,9,2,3963,0.050000000000000044,0.24074995517730713,0.00028081734975179035,0.00044415181037038565,0.9570884909237183,2,2,3,0.0,3 5 6
1107,3,sigma_1p0__kernel_9__order_2,1.0,9,2,3965,0.050000000000000044,0.09576810151338577,0.0004607327427947894,0.0003033298416994512,0.95530721747209,1,1,2,0.0,4 6
1108,3,sigma_1p0__kernel_9__order_2,1.0,9,2,3968,0.050000000000000044,0.16670595109462738,0.0003980663411008815,0.0005150713259354234,0.9424414601748395,2,2,3,0.0,3 5 6
1109,3,sigma_1p0__kernel_9__order_2,1.0,9,2,3970,0.050000000000000044,0.07726895809173584,0.0004121156671317294,0.00043727908632718027,0.930795111674616,1,1,2,0.0,4 6
1110,3,sigma_1p0__kernel_9__order_2,1.0,9,2,3973,0.050000000000000044,0.1401793360710144,0.00038416825312500197,0.0006530879763886333,0.9352612300342952,2,2,3,0.0,3 5 6
1111,3,sigma_1p0__kernel_9__order_2,1.0,9,2,3975,0.050000000000000044,0.08822499215602875,0.0004216606466798112,0.0010199007811024785,0.9173677836353231,1,1,2,0.0,4 6
1112,3,sigma_1p0__kernel_9__order_2,1.0,9,2,3977,0.050000000000000044,0.08126659691333771,0.00039620114694116637,0.0003977040178142488,0.9477260804488175,1,1,2,0.0,4 6
1113,3,sigma_1p0__kernel_9__order_2,1.0,9,2,3979,0.050000000000000044,0.08822499215602875,0.00045731334830634296,0.0010199007811024785,0.9173677836353231,1,1,2,0.0,4 6
1114,3,sigma_1p0__kernel_9__order_2,1.0,9,2,3983,0.050000000000000044,0.2447340339422226,0.0003456588601693511,0.0005987586337141693,0.9625195515354238,3,3,4,0.0,3 5 4 6
1115,3,sigma_1p0__kernel_9__order_2,1.0,9,2,3987,0.050000000000000044,0.2811933755874634,0.0003258529177401215,0.0003074454143643379,0.9758183664501635,3,3,4,0.0,3 4 5 6
1116,3,sigma_1p0__kernel_9__order_2,1.0,9,2,3990,0.050000000000000044,0.0692678764462471,0.0003686461423058063,0.0006569871911779046,0.9474752098676282,2,2,3,0.0,3 5 6
1117,3,sigma_1p0__kernel_9__order_2,1.0,9,2,3994,0.050000000000000044,0.6262924075126648,0.00041747083741938695,0.00029329670360311866,0.978404005805604,3,3,4,0.0,3 5 4 6
1118,3,sigma_1p0__kernel_9__order_2,1.0,9,2,3996,0.050000000000000044,0.07726895809173584,0.00038675457471981645,0.00043727908632718027,0.930795111674616,1,1,2,0.0,4 6
1119,3,sigma_1p0__kernel_9__order_2,1.0,9,2,4000,0.050000000000000044,0.45421579480171204,0.00030385151330847293,0.0002658700686879456,0.9685054444104397,3,3,4,0.0,5 3 4 6
1120,3,sigma_1p0__kernel_9__order_2,1.0,9,2,4004,0.050000000000000044,0.24948525428771973,0.0007847118249628693,0.0003499265876598656,0.9686965808254643,3,3,4,0.0,3 5 4 6
1121,3,sigma_1p0__kernel_9__order_2,1.0,9,2,4006,0.050000000000000044,0.08822499215602875,0.0007236415694933385,0.0010199007811024785,0.9173677836353231,1,1,2,0.0,4 6
1122,3,sigma_1p0__kernel_9__order_2,1.0,9,2,4010,0.050000000000000044,0.27070730924606323,0.0005402520182542503,0.00016201628022827208,0.9809971033605469,3,3,4,0.0,3 4 5 6
1123,3,sigma_1p0__kernel_9__order_2,1.0,9,2,4015,0.050000000000000044,0.6069170832633972,0.00044004275114275517,0.0002913416246883571,0.978467700810268,4,4,5,0.0,2 4 5 3 6
1124,3,sigma_1p0__kernel_9__order_2,1.0,9,2,4020,0.050000000000000044,0.1898222714662552,0.0005995260551571846,0.000464441574877128,0.9535418546157275,4,4,5,0.0,4 3 5 2 6
1125,3,sigma_1p0__kernel_9__order_2,1.0,9,2,4023,0.050000000000000044,0.14571017026901245,0.00043564622562068206,0.000565270078368485,0.9617493440896521,2,2,3,0.0,3 5 6
1126,3,sigma_1p0__kernel_9__order_2,1.0,9,2,4026,0.050000000000000044,0.1401793360710144,0.0006967543061667433,0.0006530879763886333,0.9352612300342952,2,2,3,0.0,5 3 6
1127,3,sigma_1p0__kernel_9__order_2,1.0,9,2,4031,0.050000000000000044,0.6128671765327454,0.0005382445466239006,0.000251567893428728,0.9801240219655983,4,4,5,0.0,2 5 3 4 6
1128,3,sigma_1p0__kernel_9__order_2,1.0,9,2,4036,0.050000000000000044,0.5858900547027588,0.0004591965931467712,0.00022222872939892113,0.9795374109472871,5,5,6,0.0,2 1 5 3 4
1129,3,sigma_1p0__kernel_9__order_2,1.0,9,2,4038,0.050000000000000044,0.09576810151338577,0.0003967105149058625,0.0003033298416994512,0.95530721747209,1,1,2,0.0,4 6
1130,3,sigma_1p0__kernel_9__order_2,1.0,9,2,4042,0.050000000000000044,0.23954163491725922,0.00043731150799430907,0.00046948809176683426,0.9537005855587801,3,3,4,0.0,3 4 5 6
1131,3,sigma_1p0__kernel_9__order_2,1.0,9,2,4046,0.050000000000000044,0.5071699619293213,0.0004599864696501754,0.00011563707084860653,0.9869697132944069,3,3,4,0.0,3 5 4 6
1132,3,sigma_1p0__kernel_9__order_2,1.0,9,2,4049,0.050000000000000044,0.1401793360710144,0.0003738957845295469,0.0006530879763886333,0.9352612300342952,2,2,3,0.0,3 5 6
1133,3,sigma_1p0__kernel_9__order_2,1.0,9,2,4051,0.050000000000000044,0.07726895809173584,0.0004776230634888634,0.00043727908632718027,0.930795111674616,1,1,2,0.0,4 6
1134,3,sigma_1p0__kernel_9__order_2,1.0,9,2,4055,0.050000000000000044,0.45929238200187683,0.00038705661427229643,0.0006882387679070234,0.9495375515022686,3,3,4,0.0,3 5 4 6
1135,3,sigma_1p0__kernel_9__order_2,1.0,9,2,4059,0.050000000000000044,0.2447340488433838,0.00042018762178486213,0.0005987586337141693,0.9625195515354238,3,3,4,0.0,3 4 5 6
1136,3,sigma_1p0__kernel_9__order_2,1.0,9,2,4063,0.050000000000000044,0.45421579480171204,0.00048601535672787577,0.0002658700686879456,0.9685054444104397,3,3,4,0.0,5 3 4 6
1137,3,sigma_1p0__kernel_9__order_2,1.0,9,2,4068,0.050000000000000044,0.5917484760284424,0.0004969225963577628,0.00013889899128116667,0.983347794991186,4,4,5,0.0,1 3 4 5 6
1138,3,sigma_1p0__kernel_9__order_2,1.0,9,2,4073,0.050000000000000044,0.5921776294708252,0.0003906159952748567,0.00013836355356033891,0.98337805267605,4,4,5,0.0,4 2 5 3 6
1139,3,sigma_1p0__kernel_9__order_2,1.0,9,2,4075,0.050000000000000044,0.14018979668617249,0.0004123517719563097,0.0017130100168287754,0.8865689198607214,1,1,2,0.0,3 6
1140,3,sigma_1p0__kernel_9__order_2,1.0,9,2,4077,0.050000000000000044,0.07726895809173584,0.00039064457814674824,0.00043727908632718027,0.930795111674616,1,1,2,0.0,4 6
1141,3,sigma_1p0__kernel_9__order_2,1.0,9,2,4082,0.050000000000000044,0.5921775698661804,0.00046924339840188624,0.00013836355356033891,0.98337805267605,4,4,5,0.0,3 2 4 5 6
1142,3,sigma_1p0__kernel_9__order_2,1.0,9,2,4085,0.050000000000000044,0.067173071205616,0.00035109273934115964,0.00021155955619178712,0.9693416983030922,2,2,3,0.0,4 5 6
1143,3,sigma_1p0__kernel_9__order_2,1.0,9,2,4090,0.050000000000000044,0.5950121283531189,0.00043395077809691427,0.00024510215735062957,0.980296102789863,5,5,6,0.0,4 2 5 1 3
1144,3,sigma_1p0__kernel_9__order_2,1.0,9,2,4092,0.050000000000000044,0.08941388130187988,0.0005823200626764446,0.0015358374221250415,0.9197421913942174,1,1,2,0.0,4 6
1145,3,sigma_1p0__kernel_9__order_2,1.0,9,2,4096,0.050000000000000044,0.50069260597229,0.00042108073830604553,0.00017175794346258044,0.9811322692954441,3,3,4,0.0,5 3 4 6
1146,3,sigma_1p0__kernel_9__order_2,1.0,9,2,4099,0.050000000000000044,0.137592613697052,0.0003615045085704575,0.0008260032045654953,0.9129568341583474,2,2,3,0.0,5 3 6
1147,3,sigma_1p0__kernel_9__order_2,1.0,9,2,4103,0.050000000000000044,0.2537424862384796,0.00041490194416837767,0.0003305163118056953,0.9657473915503509,3,3,4,0.0,5 4 3 6
1148,3,sigma_1p0__kernel_9__order_2,1.0,9,2,4106,0.050000000000000044,0.11879583448171616,0.00040356516061971587,0.00117316038813442,0.8967012005916816,2,2,3,0.0,5 3 6
1149,3,sigma_1p0__kernel_9__order_2,1.0,9,2,4111,0.050000000000000044,0.5681328177452087,0.00037407134659588336,0.0003357348614372313,0.9786668139710296,5,5,6,0.0,3 2 4 1 5
1150,3,sigma_1p0__kernel_9__order_2,1.0,9,2,4116,0.050000000000000044,0.620286226272583,0.00047074478934518995,0.00011107099999208003,0.9894046905526933,5,5,6,0.0,3 2 4 1 5
1151,3,sigma_1p0__kernel_9__order_2,1.0,9,2,4121,0.050000000000000044,0.5921775698661804,0.00041137684602290394,0.00013836355356033891,0.98337805267605,4,4,5,0.0,3 2 4 5 6
1152,3,sigma_1p0__kernel_9__order_2,1.0,9,2,4123,0.050000000000000044,0.09576810151338577,0.00033657735912129283,0.0003033298416994512,0.95530721747209,1,1,2,0.0,4 6
1153,3,sigma_1p0__kernel_9__order_2,1.0,9,2,4127,0.050000000000000044,0.6313903331756592,0.0004228267935104668,0.0002559213316999376,0.9799899954114034,3,3,4,0.0,3 5 4 6
1154,3,sigma_1p0__kernel_9__order_2,1.0,9,2,4131,0.050000000000000044,0.2447340488433838,0.00045368383871391416,0.0005987586337141693,0.9625195515354238,3,3,4,0.0,3 4 5 6
1155,3,sigma_1p0__kernel_9__order_2,1.0,9,2,4135,0.050000000000000044,0.2811933755874634,0.00034362974110990763,0.0003074454143643379,0.9758183664501635,3,3,4,0.0,3 4 5 6
1156,3,sigma_1p0__kernel_9__order_2,1.0,9,2,4139,0.050000000000000044,0.14680367708206177,0.0003385285090189427,0.0004541786329355091,0.9655303865777468,3,3,4,0.0,4 3 5 6
1157,3,sigma_1p0__kernel_9__order_2,1.0,9,2,4144,0.050000000000000044,0.6045166254043579,0.0003493383293971419,0.0002249711542390287,0.9793051375468194,4,4,5,0.0,1 3 4 5 6
1158,3,sigma_1p0__kernel_9__order_2,1.0,9,2,4148,0.050000000000000044,0.6114770770072937,0.00035777335142483935,0.00013926590327173471,0.9833388140560189,3,3,4,0.0,5 3 4 6
1159,3,sigma_1p0__kernel_9__order_2,1.0,9,2,4152,0.050000000000000044,0.6618226766586304,0.00041294175025541335,0.00010492635192349553,0.9911175728304916,3,3,4,0.0,3 5 4 6
1160,3,sigma_1p0__kernel_9__order_2,1.0,9,2,4155,0.050000000000000044,0.174459308385849,0.00033286024699918926,0.0003397577675059438,0.9633346566759874,2,2,3,0.0,3 5 6
1161,3,sigma_1p0__kernel_9__order_2,1.0,9,2,4159,0.050000000000000044,0.5074523687362671,0.0004248055047355592,0.00028734508669003844,0.9792653489835764,3,3,4,0.0,3 5 4 6
1162,3,sigma_1p0__kernel_9__order_2,1.0,9,2,4164,0.050000000000000044,0.5538358688354492,0.00034996577014680954,0.00032918446231633425,0.9623376832528574,4,4,5,0.0,3 1 4 5 6
1163,3,sigma_1p0__kernel_9__order_2,1.0,9,2,4169,0.050000000000000044,0.6069170832633972,0.00040719699463807044,0.0002913416246883571,0.978467700810268,4,4,5,0.0,3 2 4 5 6
1164,3,sigma_1p0__kernel_9__order_2,1.0,9,2,4171,0.050000000000000044,0.08126659691333771,0.00039990246295928955,0.0003977040178142488,0.9477260804488175,1,1,2,0.0,4 6
1165,3,sigma_1p0__kernel_9__order_2,1.0,9,2,4176,0.050000000000000044,0.5346906185150146,0.00033307928242720664,0.0003261989331804216,0.9622534799802601,5,5,6,0.0,2 3 1 4 5
1166,3,sigma_1p0__kernel_9__order_2,1.0,9,2,4180,0.050000000000000044,0.12754914164543152,0.0003709127558977343,0.0005528352921828628,0.945498015753721,3,3,4,0.0,3 5 4 6
1167,3,sigma_1p0__kernel_9__order_2,1.0,9,2,4184,0.050000000000000044,0.28650832176208496,0.00044613473437493667,0.0002764974778983742,0.9829256227871184,3,3,4,0.0,3 5 4 6
1168,3,sigma_1p0__kernel_9__order_2,1.0,9,2,4189,0.050000000000000044,0.20204560458660126,0.0004038954968564212,0.00026787116075865924,0.9731621545751653,4,4,5,0.0,1 4 3 5 6
1169,3,sigma_1p0__kernel_9__order_2,1.0,9,2,4193,0.050000000000000044,0.6237078309059143,0.0004615803773049265,0.00022654430358670652,0.9791596898638536,3,3,4,0.0,5 3 4 6
1170,3,sigma_1p0__kernel_9__order_2,1.0,9,2,4196,0.050000000000000044,0.14571017026901245,0.0003364399017300457,0.000565270078368485,0.9617493440896521,2,2,3,0.0,3 5 6
1171,3,sigma_1p0__kernel_9__order_2,1.0,9,2,4200,0.050000000000000044,0.6570553779602051,0.0003970085017499514,0.00011739555338863283,0.9893193590265392,3,3,4,0.0,5 3 4 6
1172,3,sigma_1p0__kernel_9__order_2,1.0,9,2,4201,0.050000000000000044,0.0,0.00044455169700086117,0.00225875829346478,0.8625153582875354,0,0,1,0.0,6
1173,3,sigma_1p0__kernel_9__order_2,1.0,9,2,4206,0.050000000000000044,0.6069170832633972,0.0004257578169927001,0.0002913416246883571,0.978467700810268,4,4,5,0.0,3 2 4 5 6
1174,3,sigma_1p0__kernel_9__order_2,1.0,9,2,4210,0.050000000000000044,0.2811933755874634,0.00040456236820318736,0.0003074454143643379,0.9758183664501635,3,3,4,0.0,4 3 5 6
1175,3,sigma_1p0__kernel_9__order_2,1.0,9,2,4215,0.050000000000000044,0.5877507328987122,0.00038848077529110017,0.00028907760861329734,0.9786078447252334,5,5,6,0.0,3 2 1 4 5
1176,3,sigma_1p0__kernel_9__order_2,1.0,9,2,4220,0.050000000000000044,0.5681328177452087,0.0004047947295475751,0.0003357348614372313,0.9786668139710296,5,5,6,0.0,3 2 1 4 5
1177,3,sigma_1p0__kernel_9__order_2,1.0,9,2,4224,0.050000000000000044,0.23954163491725922,0.0003467836504569277,0.00046948809176683426,0.9537005855587801,3,3,4,0.0,3 4 5 6
1178,3,sigma_1p0__kernel_9__order_2,1.0,9,2,4228,0.050000000000000044,0.5006925463676453,0.0003445286492933519,0.00017175794346258044,0.9811322692954441,3,3,4,0.0,3 5 4 6
1179,3,sigma_1p0__kernel_9__order_2,1.0,9,2,4232,0.050000000000000044,0.253742516040802,0.0003015449910890311,0.0003305163118056953,0.9657473915503509,3,3,4,0.0,4 3 5 6
1180,3,sigma_1p0__kernel_9__order_2,1.0,9,2,4236,0.050000000000000044,0.50069260597229,0.0003751244075829163,0.00017175794346258044,0.9811322692954441,3,3,4,0.0,3 4 5 6
1181,3,sigma_1p0__kernel_9__order_2,1.0,9,2,4240,0.050000000000000044,0.41477468609809875,0.00040136115421773866,0.0005729258991777897,0.9485109874205697,3,3,4,0.0,3 4 5 6
1182,3,sigma_1p0__kernel_9__order_2,1.0,9,2,4245,0.050000000000000044,0.6069170832633972,0.00035688125353772193,0.0002913416246883571,0.978467700810268,4,4,5,0.0,5 3 2 4 6
1183,3,sigma_1p0__kernel_9__order_2,1.0,9,2,4249,0.050000000000000044,0.23954163491725922,0.0003960838803322986,0.00046948809176683426,0.9537005855587801,3,3,4,0.0,5 3 4 6
1184,3,sigma_1p0__kernel_9__order_2,1.0,9,2,4253,0.050000000000000044,0.2537424862384796,0.0006928111870365683,0.0003305163118056953,0.9657473915503509,3,3,4,0.0,5 4 3 6
1185,3,sigma_1p0__kernel_9__order_2,1.0,9,2,4257,0.050000000000000044,0.27070730924606323,0.0006605488451896235,0.00016201628022827208,0.9809971033605469,3,3,4,0.0,4 3 5 6
1186,3,sigma_1p0__kernel_9__order_2,1.0,9,2,4262,0.050000000000000044,0.6202861666679382,0.0005691111786291003,0.00011107099999208003,0.9894046905526933,5,5,6,0.0,3 2 1 4 5
1187,3,sigma_1p0__kernel_9__order_2,1.0,9,2,4266,0.050000000000000044,0.27070730924606323,0.0006819524423917755,0.00016201628022827208,0.9809971033605469,3,3,4,0.0,4 3 5 6
1188,3,sigma_1p0__kernel_9__order_2,1.0,9,2,4271,0.050000000000000044,0.5950121283531189,0.0006530650658532977,0.00024510215735062957,0.980296102789863,5,5,6,0.0,1 2 5 4 3
1189,3,sigma_1p0__kernel_9__order_2,1.0,9,2,4276,0.050000000000000044,0.5917484760284424,0.00047209907788783314,0.00013889899128116667,0.983347794991186,4,4,5,0.0,3 1 4 5 6
1190,3,sigma_1p0__kernel_9__order_2,1.0,9,2,4281,0.050000000000000044,0.4789198637008667,0.0005174713325686753,0.00028237898368388414,0.9795094902818751,4,4,5,0.0,3 5 1 4 6
1191,3,sigma_1p0__kernel_9__order_2,1.0,9,2,4285,0.050000000000000044,0.17186933755874634,0.000388139123970177,0.00016244305879808962,0.9840680202746079,3,3,4,0.0,5 4 3 6
1192,3,sigma_1p0__kernel_9__order_2,1.0,9,2,4287,0.050000000000000044,0.035729821771383286,0.0004868677642662078,0.0015412995126098394,0.9279579401069391,1,1,2,0.0,4 6
1193,3,sigma_1p0__kernel_9__order_2,1.0,9,2,4292,0.050000000000000044,0.5868488550186157,0.0006335155165288597,0.0003388386103324592,0.9784358720008315,4,4,5,0.0,4 2 5 3 6
1194,3,sigma_1p0__kernel_9__order_2,1.0,9,2,4295,0.050000000000000044,0.174459308385849,0.00039824711469312507,0.0003397577675059438,0.9633346566759874,2,2,3,0.0,5 3 6
1195,3,sigma_1p0__kernel_9__order_2,1.0,9,2,4298,0.050000000000000044,0.0692678764462471,0.0006102571884791056,0.0006569871911779046,0.9474752098676282,2,2,3,0.0,3 5 6
1196,3,sigma_1p0__kernel_9__order_2,1.0,9,2,4302,0.050000000000000044,0.23954163491725922,0.0004395071737235412,0.00046948809176683426,0.9537005855587801,3,3,4,0.0,3 5 4 6
1197,3,sigma_1p0__kernel_9__order_2,1.0,9,2,4304,0.050000000000000044,0.10135974735021591,0.0005998396081849933,0.0007019987679086626,0.9483417614355382,1,1,2,0.0,4 6
1198,3,sigma_1p0__kernel_9__order_2,1.0,9,2,4309,0.050000000000000044,0.6046932935714722,0.000466946983942762,0.00022461751359514892,0.9793347819806846,4,4,5,0.0,2 4 5 3 6
1199,3,sigma_1p0__kernel_9__order_2,1.0,9,2,4314,0.050000000000000044,0.6383658647537231,0.0004968738299794495,0.00011450669262558222,0.9892929023957848,4,4,5,0.0,2 5 3 4 6
1200,3,sigma_1p0__kernel_9__order_2,1.0,9,2,4318,0.050000000000000044,0.6114770770072937,0.0005399509536800906,0.00013926590327173471,0.9833388140560189,3,3,4,0.0,3 5 4 6
1201,3,sigma_1p0__kernel_9__order_2,1.0,9,2,4323,0.050000000000000044,0.6069170832633972,0.00048206113278865815,0.0002913416246883571,0.978467700810268,4,4,5,0.0,3 2 5 4 6
1202,3,sigma_1p0__kernel_9__order_2,1.0,9,2,4328,0.050000000000000044,0.20373810827732086,0.0005664367345161736,0.00033044180599972606,0.9657350972064468,4,4,5,0.0,5 3 4 1 6
1203,3,sigma_1p0__kernel_9__order_2,1.0,9,2,4330,0.050000000000000044,0.035729821771383286,0.0004800648312084377,0.0015412995126098394,0.9279579401069391,1,1,2,0.0,4 6
1204,3,sigma_1p0__kernel_9__order_2,1.0,9,2,4333,0.050000000000000044,0.14571017026901245,0.0004526514676399529,0.000565270078368485,0.9617493440896521,2,2,3,0.0,5 3 6
1205,3,sigma_1p0__kernel_9__order_2,1.0,9,2,4337,0.050000000000000044,0.2537424862384796,0.00045277948083821684,0.0003305163118056953,0.9657473915503509,3,3,4,0.0,3 5 4 6
1206,3,sigma_1p0__kernel_9__order_2,1.0,9,2,4339,0.050000000000000044,0.08941388130187988,0.0004452568682609126,0.0015358374221250415,0.9197421913942174,1,1,2,0.0,4 6
1207,3,sigma_1p0__kernel_9__order_2,1.0,9,2,4344,0.050000000000000044,0.42941102385520935,0.0005089163081720471,0.0006874401587992907,0.9495596571888566,4,4,5,0.0,3 1 4 5 6
1208,3,sigma_1p0__kernel_9__order_2,1.0,9,2,4348,0.050000000000000044,0.2447340339422226,0.00035367855161894113,0.0005987586337141693,0.9625195515354238,3,3,4,0.0,3 5 4 6
1209,3,sigma_1p0__kernel_9__order_2,1.0,9,2,4350,0.050000000000000044,0.10135974735021591,0.0004198436363367364,0.0007019987679086626,0.9483417614355382,1,1,2,0.0,4 6
1210,3,sigma_1p0__kernel_9__order_2,1.0,9,2,4352,0.050000000000000044,0.08822499215602875,0.0003709392622113228,0.0010199007811024785,0.9173677836353231,1,1,2,0.0,4 6
1211,3,sigma_1p0__kernel_9__order_2,1.0,9,2,4356,0.050000000000000044,0.24948525428771973,0.00047436913882847875,0.0003499265876598656,0.9686965808254643,3,3,4,0.0,3 5 4 6
1212,3,sigma_1p0__kernel_9__order_2,1.0,9,2,4358,0.050000000000000044,0.07726895809173584,0.00040828846977092326,0.00043727908632718027,0.930795111674616,1,1,2,0.0,4 6
1213,3,sigma_1p0__kernel_9__order_2,1.0,9,2,4362,0.050000000000000044,0.2447340339422226,0.00037497519952012226,0.0005987586337141693,0.9625195515354238,3,3,4,0.0,3 5 4 6
1214,3,sigma_1p0__kernel_9__order_2,1.0,9,2,4364,0.050000000000000044,0.08941388130187988,0.00042025354923680425,0.0015358374221250415,0.9197421913942174,1,1,2,0.0,4 6
1215,3,sigma_1p0__kernel_9__order_2,1.0,9,2,4368,0.050000000000000044,0.24948525428771973,0.00037378270644694567,0.0003499265876598656,0.9686965808254643,3,3,4,0.0,3 5 4 6
1216,3,sigma_1p0__kernel_9__order_2,1.0,9,2,4372,0.050000000000000044,0.5074523687362671,0.00046059187297942117,0.00028734508669003844,0.9792653489835764,3,3,4,0.0,3 5 4 6
1217,3,sigma_1p0__kernel_9__order_2,1.0,9,2,4377,0.050000000000000044,0.6128671765327454,0.00042051462223753334,0.000251567893428728,0.9801240219655983,4,4,5,0.0,4 2 5 3 6
1218,3,sigma_1p0__kernel_9__order_2,1.0,9,2,4381,0.050000000000000044,0.2447340488433838,0.00039713299338473007,0.0005987586337141693,0.9625195515354238,3,3,4,0.0,4 3 5 6
1219,3,sigma_1p0__kernel_9__order_2,1.0,9,2,4383,0.050000000000000044,0.07726895809173584,0.0005085309385322034,0.00043727908632718027,0.930795111674616,1,1,2,0.0,4 6
1220,3,sigma_1p0__kernel_9__order_2,1.0,9,2,4388,0.050000000000000044,0.6069170832633972,0.00037077441811561584,0.0002913416246883571,0.978467700810268,4,4,5,0.0,3 2 5 4 6
1221,3,sigma_1p0__kernel_9__order_2,1.0,9,2,4392,0.050000000000000044,0.5071699619293213,0.00029349543547141366,0.00011563707084860653,0.9869697132944069,3,3,4,0.0,3 5 4 6
1222,3,sigma_1p0__kernel_9__order_2,1.0,9,2,4396,0.050000000000000044,0.24948525428771973,0.00033807355430326425,0.0003499265876598656,0.9686965808254643,3,3,4,0.0,5 3 4 6
1223,3,sigma_1p0__kernel_9__order_2,1.0,9,2,4401,0.050000000000000044,0.037229880690574646,0.00039550407673232256,0.0007317602867260575,0.9273366347291949,4,4,5,0.0,5 4 1 2 6
1224,3,sigma_1p0__kernel_9__order_2,1.0,9,2,4406,0.050000000000000044,0.6129100322723389,0.00042262408533133566,0.00025139222270809114,0.9801201290062294,4,4,5,0.0,1 3 4 5 6
1225,3,sigma_1p0__kernel_9__order_2,1.0,9,2,4410,0.050000000000000044,0.5006925463676453,0.00031584559110342525,0.00017175794346258044,0.9811322692954441,3,3,4,0.0,3 5 4 6
1226,3,sigma_1p0__kernel_9__order_2,1.0,9,2,4414,0.050000000000000044,0.2447340339422226,0.000343336389050819,0.0005987586337141693,0.9625195515354238,3,3,4,0.0,3 5 4 6
1227,3,sigma_1p0__kernel_9__order_2,1.0,9,2,4418,0.050000000000000044,0.28650835156440735,0.00040841085865395144,0.0002764974778983742,0.9829256227871184,3,3,4,0.0,4 3 5 6
1228,3,sigma_1p0__kernel_9__order_2,1.0,9,2,4423,0.050000000000000044,0.5877507328987122,0.00046008077333681285,0.00028907760861329734,0.9786078447252334,5,5,6,0.0,3 2 1 4 5
1229,3,sigma_1p0__kernel_9__order_2,1.0,9,2,4427,0.050000000000000044,0.2811933755874634,0.00034064277133438736,0.0003074454143643379,0.9758183664501635,3,3,4,0.0,3 5 4 6
1230,3,sigma_1p0__kernel_9__order_2,1.0,9,2,4431,0.050000000000000044,0.2811933755874634,0.0004241945716785267,0.0003074454143643379,0.9758183664501635,3,3,4,0.0,3 5 4 6
1231,3,sigma_1p0__kernel_9__order_2,1.0,9,2,4435,0.050000000000000044,0.1039593368768692,0.0004379639940452762,0.0008596146362833679,0.9272331046505292,3,3,4,0.0,5 4 3 6
1232,3,sigma_1p0__kernel_9__order_2,1.0,9,2,4440,0.050000000000000044,0.5858900547027588,0.00043472677352838216,0.00022222872939892113,0.9795374109472871,5,5,6,0.0,2 4 5 1 3
1233,3,sigma_1p0__kernel_9__order_2,1.0,9,2,4443,0.050000000000000044,0.1401793360710144,0.0003363595169503242,0.0006530879763886333,0.9352612300342952,2,2,3,0.0,5 3 6
1234,3,sigma_1p0__kernel_9__order_2,1.0,9,2,4447,0.050000000000000044,0.6618226766586304,0.0003930111415684223,0.00010492635192349553,0.9911175728304916,3,3,4,0.0,3 5 4 6
1235,3,sigma_1p0__kernel_9__order_2,1.0,9,2,4450,0.050000000000000044,0.16670595109462738,0.00040072757595529157,0.0005150713259354234,0.9424414601748395,2,2,3,0.0,5 3 6
1236,3,sigma_1p0__kernel_9__order_2,1.0,9,2,4454,0.050000000000000044,0.253742516040802,0.00038012613367754966,0.0003305163118056953,0.9657473915503509,3,3,4,0.0,4 3 5 6
1237,3,sigma_1p0__kernel_9__order_2,1.0,9,2,4459,0.050000000000000044,0.6435295343399048,0.000420013751136139,0.00010259622649755329,0.9913052334655054,4,4,5,0.0,4 2 5 3 6
1238,3,sigma_1p0__kernel_9__order_2,1.0,9,2,4463,0.050000000000000044,0.23954163491725922,0.0004105586194782518,0.00046948809176683426,0.9537005855587801,3,3,4,0.0,3 5 4 6
1239,3,sigma_1p0__kernel_9__order_2,1.0,9,2,4467,0.050000000000000044,0.6262924075126648,0.0004429341934155673,0.00029329670360311866,0.978404005805604,3,3,4,0.0,3 5 4 6
1240,3,sigma_1p0__kernel_9__order_2,1.0,9,2,4471,0.050000000000000044,0.25167810916900635,0.0003803152503678575,0.0002688246313482523,0.9730571657596389,3,3,4,0.0,5 3 4 6
1241,3,sigma_1p0__kernel_9__order_2,1.0,9,2,4475,0.050000000000000044,0.2447340339422226,0.0003860636570607312,0.0005987586337141693,0.9625195515354238,3,3,4,0.0,3 5 4 6
1242,3,sigma_1p0__kernel_9__order_2,1.0,9,2,4480,0.050000000000000044,0.5921776294708252,0.00040710822213441133,0.00013836355356033891,0.98337805267605,4,4,5,0.0,5 4 2 3 6
1243,3,sigma_1p0__kernel_9__order_2,1.0,9,2,4485,0.050000000000000044,0.47984904050827026,0.0003947798104491085,0.000276587757980451,0.9795012027025223,4,4,5,0.0,2 5 3 4 6
1244,3,sigma_1p0__kernel_9__order_2,1.0,9,2,4489,0.050000000000000044,0.2811933755874634,0.000326835346641019,0.0003074454143643379,0.9758183664501635,3,3,4,0.0,3 5 4 6
1245,3,sigma_1p0__kernel_9__order_2,1.0,9,2,4493,0.050000000000000044,0.253742516040802,0.00036831541365245357,0.0003305163118056953,0.9657473915503509,3,3,4,0.0,4 3 5 6
1246,3,sigma_1p0__kernel_9__order_2,1.0,9,2,4497,0.050000000000000044,0.50069260597229,0.00040674456249689683,0.00017175794346258044,0.9811322692954441,3,3,4,0.0,5 3 4 6
1247,3,sigma_1p0__kernel_9__order_2,1.0,9,2,4501,0.050000000000000044,0.27070730924606323,0.0005160247164894827,0.00016201628022827208,0.9809971033605469,3,3,4,0.0,4 3 5 6
1248,3,sigma_1p0__kernel_9__order_2,1.0,9,2,4506,0.050000000000000044,0.5681328177452087,0.0007068629376590252,0.0003357348614372313,0.9786668139710296,5,5,6,0.0,1 2 5 3 4
1249,3,sigma_1p0__kernel_9__order_2,1.0,9,2,4511,0.050000000000000044,0.587512731552124,0.0005883301666472108,0.00033691912540234625,0.9785110062601734,4,4,5,0.0,1 3 4 5 6
1250,3,sigma_1p0__kernel_9__order_2,1.0,9,2,4516,0.050000000000000044,0.20373812317848206,0.0007516121142543853,0.00033044180599972606,0.9657350972064468,4,4,5,0.0,4 5 3 1 6
1251,3,sigma_1p0__kernel_9__order_2,1.0,9,2,4520,0.050000000000000044,0.41477465629577637,0.0007578524091513827,0.0005729258991777897,0.9485109874205697,3,3,4,0.0,5 3 4 6
1252,3,sigma_1p0__kernel_9__order_2,1.0,9,2,4523,0.050000000000000044,0.14693386852741241,0.0004497217499495794,0.0005573572707362473,0.9619211540175392,2,2,3,0.0,4 3 6
1253,3,sigma_1p0__kernel_9__order_2,1.0,9,2,4528,0.050000000000000044,0.5877507328987122,0.0005091177474241704,0.00028907760861329734,0.9786078447252334,5,5,6,0.0,3 2 1 4 5
1254,3,sigma_1p0__kernel_9__order_2,1.0,9,2,4532,0.050000000000000044,0.45929238200187683,0.00057308140094392,0.0006882387679070234,0.9495375515022686,3,3,4,0.0,3 4 5 6
1255,3,sigma_1p0__kernel_9__order_2,1.0,9,2,4537,0.050000000000000044,0.5950121283531189,0.0005410604237113148,0.00024510215735062957,0.980296102789863,5,5,6,0.0,4 5 2 1 3
1256,3,sigma_1p0__kernel_9__order_2,1.0,9,2,4540,0.050000000000000044,0.137592613697052,0.0004559358834133794,0.0008260032045654953,0.9129568341583474,2,2,3,0.0,5 3 6
1257,3,sigma_1p0__kernel_9__order_2,1.0,9,2,4542,0.050000000000000044,0.08126659691333771,0.000489219295559451,0.0003977040178142488,0.9477260804488175,1,1,2,0.0,4 6
1258,3,sigma_1p0__kernel_9__order_2,1.0,9,2,4546,0.050000000000000044,0.11297298967838287,0.00036404496495379135,0.000484050833620131,0.9453540730703175,3,3,4,0.0,5 3 2 6
1259,3,sigma_1p0__kernel_9__order_2,1.0,9,2,4551,0.050000000000000044,0.5858900547027588,0.000516850603162311,0.00022222872939892113,0.9795374109472871,5,5,6,0.0,2 1 5 3 4
1260,3,sigma_1p0__kernel_9__order_2,1.0,9,2,4556,0.050000000000000044,0.6430644989013672,0.0005189037125092,0.00010318515705876052,0.9912467853351099,4,4,5,0.0,1 3 4 5 6
1261,3,sigma_1p0__kernel_9__order_2,1.0,9,2,4559,0.050000000000000044,0.137592613697052,0.0006348000024445355,0.0008260032045654953,0.9129568341583474,2,2,3,0.0,5 3 6
1262,3,sigma_1p0__kernel_9__order_2,1.0,9,2,4563,0.050000000000000044,0.45421579480171204,0.0003496439603623003,0.0002658700686879456,0.9685054444104397,3,3,4,0.0,5 3 4 6
1263,3,sigma_1p0__kernel_9__order_2,1.0,9,2,4567,0.050000000000000044,0.25167810916900635,0.0004453315996215679,0.0002688246313482523,0.9730571657596389,3,3,4,0.0,4 3 5 6
1264,3,sigma_1p0__kernel_9__order_2,1.0,9,2,4571,0.050000000000000044,0.5006925463676453,0.000525832045241259,0.00017175794346258044,0.9811322692954441,3,3,4,0.0,4 3 5 6
1265,3,sigma_1p0__kernel_9__order_2,1.0,9,2,4575,0.050000000000000044,0.1501276195049286,0.0004225974189466797,0.00026568223256617785,0.9782780824178181,3,3,4,0.0,4 5 3 6
1266,3,sigma_1p0__kernel_9__order_2,1.0,9,2,4579,0.050000000000000044,0.24948528409004211,0.0004636540325009264,0.0003499265876598656,0.9686965808254643,3,3,4,0.0,4 3 5 6
1267,3,sigma_1p0__kernel_9__order_2,1.0,9,2,4583,0.050000000000000044,0.5074523687362671,0.00042468086030567065,0.00028734508669003844,0.9792653489835764,3,3,4,0.0,5 3 4 6
1268,3,sigma_1p0__kernel_9__order_2,1.0,9,2,4587,0.050000000000000044,0.2811933755874634,0.00041241080180043355,0.0003074454143643379,0.9758183664501635,3,3,4,0.0,4 3 5 6
1269,3,sigma_1p0__kernel_9__order_2,1.0,9,2,4591,0.050000000000000044,0.6313903331756592,0.0004168055747868493,0.0002559213316999376,0.9799899954114034,3,3,4,0.0,5 3 4 6
1270,3,sigma_1p0__kernel_9__order_2,1.0,9,2,4595,0.050000000000000044,0.28650835156440735,0.0003069424783461727,0.0002764974778983742,0.9829256227871184,3,3,4,0.0,4 3 5 6
1271,3,sigma_1p0__kernel_9__order_2,1.0,9,2,4599,0.050000000000000044,0.50069260597229,0.0004959958387189545,0.00017175794346258044,0.9811322692954441,3,3,4,0.0,5 3 4 6
1272,3,sigma_1p0__kernel_9__order_2,1.0,9,2,4604,0.050000000000000044,0.6383658647537231,0.0004946730972733348,0.00011450669262558222,0.9892929023957848,4,4,5,0.0,2 4 5 3 6
1273,3,sigma_1p0__kernel_9__order_2,1.0,9,2,4608,0.050000000000000044,0.253742516040802,0.0003066892677452415,0.0003305163118056953,0.9657473915503509,3,3,4,0.0,4 3 5 6
1274,3,sigma_1p0__kernel_9__order_2,1.0,9,2,4612,0.050000000000000044,0.50069260597229,0.0003934531705453992,0.00017175794346258044,0.9811322692954441,3,3,4,0.0,5 3 4 6
1275,3,sigma_1p0__kernel_9__order_2,1.0,9,2,4614,0.050000000000000044,0.0648743212223053,0.00045129982754588127,0.0008704448118805885,0.9311037377568403,1,1,2,0.0,2 6
1276,3,sigma_1p0__kernel_9__order_2,1.0,9,2,4618,0.050000000000000044,0.6262924075126648,0.0003986342126154341,0.00029329670360311866,0.978404005805604,3,3,4,0.0,5 3 4 6
1277,3,sigma_1p0__kernel_9__order_2,1.0,9,2,4622,0.050000000000000044,0.253742516040802,0.00036759706563316286,0.0003305163118056953,0.9657473915503509,3,3,4,0.0,4 5 3 6
1278,3,sigma_1p0__kernel_9__order_2,1.0,9,2,4625,0.050000000000000044,0.174459308385849,0.00034297036472707987,0.0003397577675059438,0.9633346566759874,2,2,3,0.0,5 3 6
1279,3,sigma_1p0__kernel_9__order_2,1.0,9,2,4629,0.050000000000000044,0.5006925463676453,0.0003995936058345251,0.00017175794346258044,0.9811322692954441,3,3,4,0.0,4 3 5 6
1280,3,sigma_1p0__kernel_9__order_2,1.0,9,2,4632,0.050000000000000044,0.1320481151342392,0.0003550313607168694,0.0008679910679347813,0.9265016959393209,2,2,3,0.0,4 5 6
1281,3,sigma_1p0__kernel_9__order_2,1.0,9,2,4636,0.050000000000000044,0.45929238200187683,0.0004800742754014209,0.0006882387679070234,0.9495375515022686,3,3,4,0.0,5 3 4 6
1282,3,sigma_1p0__kernel_9__order_2,1.0,9,2,4641,0.050000000000000044,0.39954501390457153,0.00036887746537104247,0.0006873199017718434,0.9496382234992369,5,5,6,0.0,1 5 2 4 3
1283,3,sigma_1p0__kernel_9__order_2,1.0,9,2,4645,0.050000000000000044,0.5071699619293213,0.0004759698495035991,0.00011563707084860653,0.9869697132944069,3,3,4,0.0,5 3 4 6
1284,3,sigma_1p0__kernel_9__order_2,1.0,9,2,4647,0.050000000000000044,0.0700916051864624,0.00026977385277859867,0.0003735968202818185,0.9484546875025232,1,1,2,0.0,2 6
1285,3,sigma_1p0__kernel_9__order_2,1.0,9,2,4651,0.050000000000000044,0.43311983346939087,0.00029596177773782983,0.00047925321268849075,0.9483131717770902,3,3,4,0.0,5 3 4 6
1286,3,sigma_1p0__kernel_9__order_2,1.0,9,2,4656,0.050000000000000044,0.5346906185150146,0.0003088723198743537,0.0003261989331804216,0.9622534799802601,5,5,6,0.0,2 4 5 1 3
1287,3,sigma_1p0__kernel_9__order_2,1.0,9,2,4658,0.050000000000000044,0.30629244446754456,0.0005160996515769511,0.0007063101511448622,0.9457687625969349,1,1,2,0.0,4 6
1288,3,sigma_1p0__kernel_9__order_2,1.0,9,2,4663,0.050000000000000044,0.6252923011779785,0.0003508492605760694,0.00010020502668339759,0.991501499813462,5,5,6,0.0,4 2 5 1 3
1289,3,sigma_1p0__kernel_9__order_2,1.0,9,2,4668,0.050000000000000044,0.231819286942482,0.0003301985270809382,0.0003047949285246432,0.9760491947392079,4,4,5,0.0,4 3 1 5 6
1290,3,sigma_1p0__kernel_9__order_2,1.0,9,2,4672,0.050000000000000044,0.43311983346939087,0.0004493577216635458,0.00047925321268849075,0.9483131717770902,3,3,4,0.0,5 3 4 6
1291,3,sigma_1p0__kernel_9__order_2,1.0,9,2,4676,0.050000000000000044,0.23954163491725922,0.00039386840944644064,0.00046948809176683426,0.9537005855587801,3,3,4,0.0,5 4 3 6
1292,3,sigma_1p0__kernel_9__order_2,1.0,9,2,4680,0.050000000000000044,0.1501276195049286,0.00034009448427241296,0.00026568223256617785,0.9782780824178181,3,3,4,0.0,5 4 3 6
1293,3,sigma_1p0__kernel_9__order_2,1.0,9,2,4684,0.050000000000000044,0.2447340488433838,0.0003433042875258252,0.0005987586337141693,0.9625195515354238,3,3,4,0.0,4 3 5 6
1294,3,sigma_1p0__kernel_9__order_2,1.0,9,2,4686,0.050000000000000044,0.10135974735021591,0.00043651384476106614,0.0007019987679086626,0.9483417614355382,1,1,2,0.0,4 6
1295,3,sigma_1p0__kernel_9__order_2,1.0,9,2,4689,0.050000000000000044,0.1506832093000412,0.00037314168487985927,0.0008174586109817028,0.9402529282958272,2,2,3,0.0,5 3 6
1296,3,sigma_1p0__kernel_9__order_2,1.0,9,2,4694,0.050000000000000044,0.22118693590164185,0.0003499936283333227,0.00016097139450721443,0.9811046769339746,4,4,5,0.0,4 5 1 3 6
1297,3,sigma_1p0__kernel_9__order_2,1.0,9,2,4698,0.050000000000000044,0.45929238200187683,0.0003458934079390019,0.0006882387679070234,0.9495375515022686,3,3,4,0.0,5 3 4 6
1298,3,sigma_1p0__kernel_9__order_2,1.0,9,2,4703,0.050000000000000044,0.5540510416030884,0.0004056196077726781,0.00032804207876324654,0.9622324245509013,4,4,5,0.0,2 4 5 3 6
1299,3,sigma_1p0__kernel_9__order_2,1.0,9,2,4707,0.050000000000000044,0.2811933755874634,0.00043639909563353285,0.0003074454143643379,0.9758183664501635,3,3,4,0.0,4 3 5 6
1300,3,sigma_1p0__kernel_9__order_2,1.0,9,2,4711,0.050000000000000044,0.24948526918888092,0.0003768342066905461,0.0003499265876598656,0.9686965808254643,3,3,4,0.0,4 5 3 6
1301,3,sigma_1p0__kernel_9__order_2,1.0,9,2,4715,0.050000000000000044,0.6114770174026489,0.00028073648718418553,0.00013926590327173471,0.9833388140560189,3,3,4,0.0,4 5 3 6
1302,3,sigma_1p0__kernel_9__order_2,1.0,9,2,4719,0.050000000000000044,0.6618226766586304,0.00044659319246420637,0.00010492635192349553,0.9911175728304916,3,3,4,0.0,5 3 4 6
1303,3,sigma_1p0__kernel_9__order_2,1.0,9,2,4724,0.050000000000000044,0.5950121283531189,0.00040594555903226135,0.00024510215735062957,0.980296102789863,5,5,6,0.0,4 2 5 1 3
1304,3,sigma_1p0__kernel_9__order_2,1.0,9,2,4726,0.050000000000000044,0.07726895809173584,0.0003826359024969861,0.00043727908632718027,0.930795111674616,1,1,2,0.0,4 6
1305,3,sigma_1p0__kernel_9__order_2,1.0,9,2,4731,0.050000000000000044,0.42420560121536255,0.00033884583681356164,0.00026576308300718665,0.9684869034147149,4,4,5,0.0,5 3 2 4 6
1306,3,sigma_1p0__kernel_9__order_2,1.0,9,2,4735,0.050000000000000044,0.45929238200187683,0.00033764705585781485,0.0006882387679070234,0.9495375515022686,3,3,4,0.0,5 3 4 6
1307,3,sigma_1p0__kernel_9__order_2,1.0,9,2,4739,0.050000000000000044,0.24948526918888092,0.0002603675347927492,0.0003499265876598656,0.9686965808254643,3,3,4,0.0,4 5 3 6
1308,3,sigma_1p0__kernel_9__order_2,1.0,9,2,4743,0.050000000000000044,0.6114770770072937,0.00034052524279104546,0.00013926590327173471,0.9833388140560189,3,3,4,0.0,5 3 4 6
1309,3,sigma_1p0__kernel_9__order_2,1.0,9,2,4747,0.050000000000000044,0.15098923444747925,0.00037168400740483776,0.0003137296298518777,0.9649377163681208,3,3,4,0.0,5 4 3 6
1310,3,sigma_1p0__kernel_9__order_2,1.0,9,2,4751,0.050000000000000044,0.5734812617301941,0.00035983681300422177,0.00033009552862495184,0.9623021453477256,3,3,4,0.0,3 5 4 6
1311,3,sigma_1p0__kernel_9__order_2,1.0,9,2,4755,0.050000000000000044,0.5734812617301941,0.0009193169680656865,0.00033009552862495184,0.9623021453477256,3,3,4,0.0,3 5 4 6
1312,3,sigma_1p0__kernel_9__order_2,1.0,9,2,4757,0.050000000000000044,0.08941388130187988,0.0005806526751257479,0.0015358374221250415,0.9197421913942174,1,1,2,0.0,4 6
1313,3,sigma_1p0__kernel_9__order_2,1.0,9,2,4761,0.050000000000000044,0.45421579480171204,0.0006903447065269575,0.0002658700686879456,0.9685054444104397,3,3,4,0.0,5 3 4 6
1314,3,sigma_1p0__kernel_9__order_2,1.0,9,2,4763,0.050000000000000044,0.04974029213190079,0.0007255528180394322,0.0009211990400217474,0.9019048620329884,1,1,2,0.0,2 6
1315,3,sigma_1p0__kernel_9__order_2,1.0,9,2,4765,0.050000000000000044,0.08291575312614441,0.0005289252731017768,0.0010219656396657228,0.9112541051791908,1,1,2,0.0,2 6
1316,3,sigma_1p0__kernel_9__order_2,1.0,9,2,4770,0.050000000000000044,0.6046931743621826,0.0005461046472191811,0.00022461751359514892,0.9793347819806846,4,4,5,0.0,2 5 3 4 6
1317,3,sigma_1p0__kernel_9__order_2,1.0,9,2,4774,0.050000000000000044,0.6237078309059143,0.000561282126000151,0.00022654430358670652,0.9791596898638536,3,3,4,0.0,3 5 4 6
1318,3,sigma_1p0__kernel_9__order_2,1.0,9,2,4776,0.050000000000000044,0.035729821771383286,0.0004520801594480872,0.0015412995126098394,0.9279579401069391,1,1,2,0.0,4 6
1319,3,sigma_1p0__kernel_9__order_2,1.0,9,2,4780,0.050000000000000044,0.45421579480171204,0.0005344865712686442,0.0002658700686879456,0.9685054444104397,3,3,4,0.0,5 3 4 6
1320,3,sigma_1p0__kernel_9__order_2,1.0,9,2,4782,0.050000000000000044,0.08822499215602875,0.0005011027533328161,0.0010199007811024785,0.9173677836353231,1,1,2,0.0,4 6
1321,3,sigma_1p0__kernel_9__order_2,1.0,9,2,4784,0.050000000000000044,0.08126659691333771,0.00044409245310816914,0.0003977040178142488,0.9477260804488175,1,1,2,0.0,4 6
1322,3,sigma_1p0__kernel_9__order_2,1.0,9,2,4789,0.050000000000000044,0.47984904050827026,0.0004916741279885172,0.000276587757980451,0.9795012027025223,4,4,5,0.0,2 5 3 4 6
1323,3,sigma_1p0__kernel_9__order_2,1.0,9,2,4793,0.050000000000000044,0.5208902359008789,0.000544414360774681,0.00028643847326748073,0.9824312456155929,3,3,4,0.0,5 3 4 6
1324,3,sigma_1p0__kernel_9__order_2,1.0,9,2,4797,0.050000000000000044,0.6570553779602051,0.000535391183802858,0.00011739555338863283,0.9893193590265392,3,3,4,0.0,3 5 4 6
1325,3,sigma_1p0__kernel_9__order_2,1.0,9,2,4801,0.050000000000000044,0.27070730924606323,0.0003635778193711303,0.00016201628022827208,0.9809971033605469,3,3,4,0.0,4 5 3 6
1326,3,sigma_1p0__kernel_9__order_2,1.0,9,2,4805,0.050000000000000044,0.6262924075126648,0.0005544602609006688,0.00029329670360311866,0.978404005805604,3,3,4,0.0,3 5 4 6
1327,3,sigma_1p0__kernel_9__order_2,1.0,9,2,4809,0.050000000000000044,0.27070727944374084,0.0005238228768575937,0.00016201628022827208,0.9809971033605469,3,3,4,0.0,5 3 4 6
1328,3,sigma_1p0__kernel_9__order_2,1.0,9,2,4813,0.050000000000000044,0.23954163491725922,0.00041913329187082127,0.00046948809176683426,0.9537005855587801,3,3,4,0.0,5 3 4 6
1329,3,sigma_1p0__kernel_9__order_2,1.0,9,2,4815,0.050000000000000044,0.08126659691333771,0.00043612689478322864,0.0003977040178142488,0.9477260804488175,1,1,2,0.0,4 6
1330,3,sigma_1p0__kernel_9__order_2,1.0,9,2,4819,0.050000000000000044,0.45421576499938965,0.0004382901533972472,0.0002658700686879456,0.9685054444104397,3,3,4,0.0,5 4 3 6
1331,3,sigma_1p0__kernel_9__order_2,1.0,9,2,4823,0.050000000000000044,0.08621291816234589,0.00046877929707989097,0.00037937844172120094,0.9620372483265386,3,3,4,0.0,4 5 1 6
1332,3,sigma_1p0__kernel_9__order_2,1.0,9,2,4828,0.050000000000000044,0.6045166254043579,0.0004329330346081406,0.0002249711542390287,0.9793051375468194,4,4,5,0.0,3 1 4 5 6
1333,3,sigma_1p0__kernel_9__order_2,1.0,9,2,4832,0.050000000000000044,0.28650832176208496,0.0003800263293669559,0.0002764974778983742,0.9829256227871184,3,3,4,0.0,5 3 4 6
1334,3,sigma_1p0__kernel_9__order_2,1.0,9,2,4836,0.050000000000000044,0.41477465629577637,0.000391173358366359,0.0005729258991777897,0.9485109874205697,3,3,4,0.0,5 3 4 6
1335,3,sigma_1p0__kernel_9__order_2,1.0,9,2,4840,0.050000000000000044,0.25167810916900635,0.00033064782473957166,0.0002688246313482523,0.9730571657596389,3,3,4,0.0,4 3 5 6
1336,3,sigma_1p0__kernel_9__order_2,1.0,9,2,4842,0.050000000000000044,0.09576810151338577,0.0004890076379524544,0.0003033298416994512,0.95530721747209,1,1,2,0.0,4 6
1337,3,sigma_1p0__kernel_9__order_2,1.0,9,2,4846,0.050000000000000044,0.253742516040802,0.0004728562635136768,0.0003305163118056953,0.9657473915503509,3,3,4,0.0,4 3 5 6
1338,3,sigma_1p0__kernel_9__order_2,1.0,9,2,4851,0.050000000000000044,0.6129100322723389,0.00036220543552190065,0.00025139222270809114,0.9801201290062294,4,4,5,0.0,1 3 4 5 6
1339,3,sigma_1p0__kernel_9__order_2,1.0,9,2,4855,0.050000000000000044,0.5734812617301941,0.00037013323162682354,0.00033009552862495184,0.9623021453477256,3,3,4,0.0,3 5 4 6
1340,3,sigma_1p0__kernel_9__order_2,1.0,9,2,4857,0.050000000000000044,0.07131662219762802,0.00034917876473627985,0.0008881487883627415,0.9203812204097596,1,1,2,0.0,4 6
1341,3,sigma_1p0__kernel_9__order_2,1.0,9,2,4860,0.050000000000000044,0.11879583448171616,0.00043082592310383916,0.00117316038813442,0.8967012005916816,2,2,3,0.0,5 3 6
1342,3,sigma_1p0__kernel_9__order_2,1.0,9,2,4864,0.050000000000000044,0.23954163491725922,0.00032100878888741136,0.00046948809176683426,0.9537005855587801,3,3,4,0.0,5 3 4 6
1343,3,sigma_1p0__kernel_9__order_2,1.0,9,2,4869,0.050000000000000044,0.587512731552124,0.00039530633948743344,0.00033691912540234625,0.9785110062601734,4,4,5,0.0,1 3 4 5 6
1344,3,sigma_1p0__kernel_9__order_2,1.0,9,2,4872,0.050000000000000044,0.174459308385849,0.00042911339551210403,0.0003397577675059438,0.9633346566759874,2,2,3,0.0,5 3 6
1345,3,sigma_1p0__kernel_9__order_2,1.0,9,2,4875,0.050000000000000044,0.03158758580684662,0.00044477088764930767,0.0008888073498383164,0.9457616411884815,2,2,3,0.0,4 5 6
1346,3,sigma_1p0__kernel_9__order_2,1.0,9,2,4879,0.050000000000000044,0.27070727944374084,0.00031507087260251865,0.00016201628022827208,0.9809971033605469,3,3,4,0.0,5 3 4 6
1347,3,sigma_1p0__kernel_9__order_2,1.0,9,2,4881,0.050000000000000044,0.10135974735021591,0.00035308056976646185,0.0007019987679086626,0.9483417614355382,1,1,2,0.0,4 6
1348,3,sigma_1p0__kernel_9__order_2,1.0,9,2,4883,0.050000000000000044,0.10135974735021591,0.0003301447140984237,0.0007019987679086626,0.9483417614355382,1,1,2,0.0,4 6
1349,3,sigma_1p0__kernel_9__order_2,1.0,9,2,4886,0.050000000000000044,0.1401793360710144,0.0002550734013008575,0.0006530879763886333,0.9352612300342952,2,2,3,0.0,5 3 6
1350,3,sigma_1p0__kernel_9__order_2,1.0,9,2,4891,0.050000000000000044,0.6045166254043579,0.0003584970429074019,0.0002249711542390287,0.9793051375468194,4,4,5,0.0,3 1 4 5 6
1351,3,sigma_1p0__kernel_9__order_2,1.0,9,2,4895,0.050000000000000044,0.23954163491725922,0.00040741643897490576,0.00046948809176683426,0.9537005855587801,3,3,4,0.0,5 3 4 6
1352,3,sigma_1p0__kernel_9__order_2,1.0,9,2,4899,0.050000000000000044,0.41477465629577637,0.000305700163153233,0.0005729258991777897,0.9485109874205697,3,3,4,0.0,5 3 4 6
1353,3,sigma_1p0__kernel_9__order_2,1.0,9,2,4901,0.050000000000000044,0.09576810151338577,0.0002849780721589923,0.0003033298416994512,0.95530721747209,1,1,2,0.0,4 6
1354,3,sigma_1p0__kernel_9__order_2,1.0,9,2,4905,0.050000000000000044,0.27070730924606323,0.00030924212478566915,0.00016201628022827208,0.9809971033605469,3,3,4,0.0,4 3 5 6
1355,3,sigma_1p0__kernel_9__order_2,1.0,9,2,4909,0.050000000000000044,0.5734812617301941,0.0003484986591502093,0.00033009552862495184,0.9623021453477256,3,3,4,0.0,3 5 4 6
1356,3,sigma_1p0__kernel_9__order_2,1.0,9,2,4913,0.050000000000000044,0.27070730924606323,0.00038565964496228844,0.00016201628022827208,0.9809971033605469,3,3,4,0.0,4 3 5 6
1357,3,sigma_1p0__kernel_9__order_2,1.0,9,2,4915,0.050000000000000044,0.08941388130187988,0.0002937759709311649,0.0015358374221250415,0.9197421913942174,1,1,2,0.0,4 6
1358,3,sigma_1p0__kernel_9__order_2,1.0,9,2,4920,0.050000000000000044,0.47984904050827026,0.0003586744191125035,0.000276587757980451,0.9795012027025223,4,4,5,0.0,2 5 3 4 6
1359,3,sigma_1p0__kernel_9__order_2,1.0,9,2,4922,0.050000000000000044,0.08822499215602875,0.00032634260423947126,0.0010199007811024785,0.9173677836353231,1,1,2,0.0,4 6
1360,3,sigma_1p0__kernel_9__order_2,1.0,9,2,4926,0.050000000000000044,0.45929238200187683,0.0003429475473240018,0.0006882387679070234,0.9495375515022686,3,3,4,0.0,3 5 4 6
1361,3,sigma_1p0__kernel_9__order_2,1.0,9,2,4929,0.050000000000000044,0.1506832093000412,0.00047900734352879226,0.0008174586109817028,0.9402529282958272,2,2,3,0.0,5 3 6
1362,3,sigma_1p0__kernel_9__order_2,1.0,9,2,4934,0.050000000000000044,0.5868489146232605,0.0002864410984329879,0.0003388386103324592,0.9784358720008315,4,4,5,0.0,3 2 5 4 6
1363,3,sigma_1p0__kernel_9__order_2,1.0,9,2,4938,0.050000000000000044,0.6114770770072937,0.0004045358109578956,0.00013926590327173471,0.9833388140560189,3,3,4,0.0,3 5 4 6
1364,3,sigma_1p0__kernel_9__order_2,1.0,9,2,4942,0.050000000000000044,0.27070727944374084,0.00045603517355630174,0.00016201628022827208,0.9809971033605469,3,3,4,0.0,5 3 4 6
1365,3,sigma_1p0__kernel_9__order_2,1.0,9,2,4945,0.050000000000000044,0.137592613697052,0.0002959840736972789,0.0008260032045654953,0.9129568341583474,2,2,3,0.0,5 3 6
1366,3,sigma_1p0__kernel_9__order_2,1.0,9,2,4948,0.050000000000000044,0.07314447313547134,0.00046910781141680974,0.0008285033982247114,0.9429521898204166,2,2,3,0.0,5 3 6
1367,3,sigma_1p0__kernel_9__order_2,1.0,9,2,4951,0.050000000000000044,0.029875434935092926,0.0002602952590677887,0.0006636594189330935,0.9290718743832301,2,2,3,0.0,4 2 6
1368,3,sigma_1p0__kernel_9__order_2,1.0,9,2,4953,0.050000000000000044,0.08822499215602875,0.0002742263168329373,0.0010199007811024785,0.9173677836353231,1,1,2,0.0,4 6
1369,3,sigma_1p0__kernel_9__order_2,1.0,9,2,4957,0.050000000000000044,0.45929238200187683,0.0005125610769027844,0.0006882387679070234,0.9495375515022686,3,3,4,0.0,3 5 4 6
1370,3,sigma_1p0__kernel_9__order_2,1.0,9,2,4961,0.050000000000000044,0.253742516040802,0.0003751531185116619,0.0003305163118056953,0.9657473915503509,3,3,4,0.0,4 5 3 6
1371,3,sigma_1p0__kernel_9__order_2,1.0,9,2,4966,0.050000000000000044,0.6383658647537231,0.000366233941167593,0.00011450669262558222,0.9892929023957848,4,4,5,0.0,3 2 5 4 6
1372,3,sigma_1p0__kernel_9__order_2,1.0,9,2,4968,0.050000000000000044,0.035729821771383286,0.00037785383756272495,0.0015412995126098394,0.9279579401069391,1,1,2,0.0,4 6
1373,3,sigma_1p0__kernel_9__order_2,1.0,9,2,4972,0.050000000000000044,0.5734812617301941,0.0004649017355404794,0.00033009552862495184,0.9623021453477256,3,3,4,0.0,3 5 4 6
1374,3,sigma_1p0__kernel_9__order_2,1.0,9,2,4974,0.050000000000000044,0.08126659691333771,0.00030015569063834846,0.0003977040178142488,0.9477260804488175,1,1,2,0.0,4 6
1375,3,sigma_1p0__kernel_9__order_2,1.0,9,2,4977,0.050000000000000044,0.14571017026901245,0.00034683189005590975,0.000565270078368485,0.9617493440896521,2,2,3,0.0,5 3 6
1376,3,sigma_1p0__kernel_9__order_2,1.0,9,2,4981,0.050000000000000044,0.45929238200187683,0.00031145660614129156,0.0006882387679070234,0.9495375515022686,3,3,4,0.0,3 5 4 6
1377,3,sigma_1p0__kernel_9__order_2,1.0,9,2,4986,0.050000000000000044,0.4293150007724762,0.0003458688093814999,0.0006882375455461442,0.9495521441155184,4,4,5,0.0,2 5 3 4 6
1378,3,sigma_1p0__kernel_9__order_2,1.0,9,2,4991,0.050000000000000044,0.5921775698661804,0.0003567756008123979,0.00013836355356033891,0.98337805267605,4,4,5,0.0,3 2 4 5 6
1379,3,sigma_1p0__kernel_9__order_2,1.0,9,2,4995,0.050000000000000044,0.5006925463676453,0.00030415654327953234,0.00017175794346258044,0.9811322692954441,3,3,4,0.0,3 5 4 6
1380,3,sigma_1p0__kernel_9__order_2,1.0,9,2,4997,0.050000000000000044,0.08941388130187988,0.00034711782063823193,0.0015358374221250415,0.9197421913942174,1,1,2,0.0,4 6
1381,3,sigma_1p0__kernel_9__order_2,1.0,9,2,5001,0.050000000000000044,0.28650832176208496,0.00045176228013588116,0.0002764974778983742,0.9829256227871184,3,3,4,0.0,3 5 4 6
1382,3,sigma_1p0__kernel_9__order_2,1.0,9,2,5003,0.050000000000000044,0.10135974735021591,0.000600497325649485,0.0007019987679086626,0.9483417614355382,1,1,2,0.0,4 6
1383,3,sigma_1p0__kernel_9__order_2,1.0,9,2,5005,0.050000000000000044,0.07726895809173584,0.0007471411372534931,0.00043727908632718027,0.930795111674616,1,1,2,0.0,4 6
1384,3,sigma_1p0__kernel_9__order_2,1.0,9,2,5008,0.050000000000000044,0.1401793360710144,0.0008712942168737451,0.0006530879763886333,0.9352612300342952,2,2,3,0.0,5 3 6
1385,3,sigma_1p0__kernel_9__order_2,1.0,9,2,5011,0.050000000000000044,0.1506832093000412,0.0006599099918579062,0.0008174586109817028,0.9402529282958272,2,2,3,0.0,5 3 6
1386,3,sigma_1p0__kernel_9__order_2,1.0,9,2,5013,0.050000000000000044,0.08126659691333771,0.0004928353300783783,0.0003977040178142488,0.9477260804488175,1,1,2,0.0,4 6
1387,3,sigma_1p0__kernel_9__order_2,1.0,9,2,5018,0.050000000000000044,0.5868489146232605,0.0006612741970457136,0.0003388386103324592,0.9784358720008315,4,4,5,0.0,3 2 4 5 6
1388,3,sigma_1p0__kernel_9__order_2,1.0,9,2,5022,0.050000000000000044,0.2811933755874634,0.0006050930096535012,0.0003074454143643379,0.9758183664501635,3,3,4,0.0,4 3 5 6
1389,3,sigma_1p0__kernel_9__order_2,1.0,9,2,5025,0.050000000000000044,0.137592613697052,0.0005502592054350922,0.0008260032045654953,0.9129568341583474,2,2,3,0.0,5 3 6
1390,3,sigma_1p0__kernel_9__order_2,1.0,9,2,5029,0.050000000000000044,0.27070730924606323,0.0004963376704836264,0.00016201628022827208,0.9809971033605469,3,3,4,0.0,4 3 5 6
1391,3,sigma_1p0__kernel_9__order_2,1.0,9,2,5033,0.050000000000000044,0.45421576499938965,0.0005476635778904893,0.0002658700686879456,0.9685054444104397,3,3,4,0.0,3 5 4 6
1392,3,sigma_1p0__kernel_9__order_2,1.0,9,2,5038,0.050000000000000044,0.6381493210792542,0.000383064552443102,0.00011533001088537276,0.9893625811468832,4,4,5,0.0,4 5 3 1 6
1393,3,sigma_1p0__kernel_9__order_2,1.0,9,2,5041,0.050000000000000044,0.3768773078918457,0.000494292879011482,0.00041113089537248015,0.9543368933671437,2,2,3,0.0,5 4 6
1394,3,sigma_1p0__kernel_9__order_2,1.0,9,2,5045,0.050000000000000044,0.43311983346939087,0.0004759683506563306,0.00047925321268849075,0.9483131717770902,3,3,4,0.0,5 4 3 6
1395,3,sigma_1p0__kernel_9__order_2,1.0,9,2,5047,0.050000000000000044,0.10135974735021591,0.000514895305968821,0.0007019987679086626,0.9483417614355382,1,1,2,0.0,4 6
1396,3,sigma_1p0__kernel_9__order_2,1.0,9,2,5049,0.050000000000000044,0.07131662219762802,0.00038800944457761943,0.0008881487883627415,0.9203812204097596,1,1,2,0.0,4 6
1397,3,sigma_1p0__kernel_9__order_2,1.0,9,2,5054,0.050000000000000044,0.5346906185150146,0.00044981258688494565,0.0003261989331804216,0.9622534799802601,5,5,6,0.0,4 1 3 2 5
1398,3,sigma_1p0__kernel_9__order_2,1.0,9,2,5058,0.050000000000000044,0.6114770174026489,0.0003706163333845325,0.00013926590327173471,0.9833388140560189,3,3,4,0.0,4 5 3 6
1399,3,sigma_1p0__kernel_9__order_2,1.0,9,2,5062,0.050000000000000044,0.23954163491725922,0.00041976704233093187,0.00046948809176683426,0.9537005855587801,3,3,4,0.0,5 3 4 6
1400,3,sigma_1p0__kernel_9__order_2,1.0,9,2,5066,0.050000000000000044,0.5734812617301941,0.00040929854731075466,0.00033009552862495184,0.9623021453477256,3,3,4,0.0,4 5 3 6
1401,3,sigma_1p0__kernel_9__order_2,1.0,9,2,5069,0.050000000000000044,0.1506832093000412,0.0005178598124378672,0.0008174586109817028,0.9402529282958272,2,2,3,0.0,5 3 6
1402,3,sigma_1p0__kernel_9__order_2,1.0,9,2,5073,0.050000000000000044,0.6313903331756592,0.0005207241847529076,0.0002559213316999376,0.9799899954114034,3,3,4,0.0,4 5 3 6
1403,3,sigma_1p0__kernel_9__order_2,1.0,9,2,5076,0.050000000000000044,0.14571017026901245,0.0005242662252082179,0.000565270078368485,0.9617493440896521,2,2,3,0.0,5 3 6
1404,3,sigma_1p0__kernel_9__order_2,1.0,9,2,5080,0.050000000000000044,0.2811933755874634,0.00043796980753540993,0.0003074454143643379,0.9758183664501635,3,3,4,0.0,4 3 5 6
1405,3,sigma_1p0__kernel_9__order_2,1.0,9,2,5083,0.050000000000000044,0.16670595109462738,0.00043998459780899185,0.0005150713259354234,0.9424414601748395,2,2,3,0.0,3 5 6
1406,3,sigma_1p0__kernel_9__order_2,1.0,9,2,5086,0.050000000000000044,0.11879583448171616,0.0005116545750449101,0.00117316038813442,0.8967012005916816,2,2,3,0.0,5 3 6
1407,3,sigma_1p0__kernel_9__order_2,1.0,9,2,5088,0.050000000000000044,0.08941388130187988,0.0005122581496834755,0.0015358374221250415,0.9197421913942174,1,1,2,0.0,4 6
1408,3,sigma_1p0__kernel_9__order_2,1.0,9,2,5092,0.050000000000000044,0.25167810916900635,0.00033657546009635553,0.0002688246313482523,0.9730571657596389,3,3,4,0.0,4 3 5 6
1409,3,sigma_1p0__kernel_9__order_2,1.0,9,2,5094,0.050000000000000044,0.07726895809173584,0.00046746383304707706,0.00043727908632718027,0.930795111674616,1,1,2,0.0,4 6
1410,3,sigma_1p0__kernel_9__order_2,1.0,9,2,5096,0.050000000000000044,0.09576810151338577,0.000490231002913788,0.0003033298416994512,0.95530721747209,1,1,2,0.0,4 6
1411,3,sigma_1p0__kernel_9__order_2,1.0,9,2,5098,0.050000000000000044,0.08126659691333771,0.0004545524134300649,0.0003977040178142488,0.9477260804488175,1,1,2,0.0,4 6
1412,3,sigma_1p0__kernel_9__order_2,1.0,9,2,5102,0.050000000000000044,0.14680367708206177,0.0004835108120460063,0.0004541786329355091,0.9655303865777468,3,3,4,0.0,5 3 4 6
1413,3,sigma_1p0__kernel_9__order_2,1.0,9,2,5105,0.050000000000000044,0.14571017026901245,0.00047001099058737356,0.000565270078368485,0.9617493440896521,2,2,3,0.0,5 3 6
1414,3,sigma_1p0__kernel_9__order_2,1.0,9,2,5108,0.050000000000000044,0.1401793360710144,0.00038828887045383453,0.0006530879763886333,0.9352612300342952,2,2,3,0.0,5 3 6
1415,3,sigma_1p0__kernel_9__order_2,1.0,9,2,5110,0.050000000000000044,0.08941388130187988,0.0002744959347182885,0.0015358374221250415,0.9197421913942174,1,1,2,0.0,4 6
1416,3,sigma_1p0__kernel_9__order_2,1.0,9,2,5113,0.050000000000000044,0.11879583448171616,0.00047829438699409366,0.00117316038813442,0.8967012005916816,2,2,3,0.0,5 3 6
1417,3,sigma_1p0__kernel_9__order_2,1.0,9,2,5116,0.050000000000000044,0.1401793360710144,0.00027839029401851195,0.0006530879763886333,0.9352612300342952,2,2,3,0.0,5 3 6
1418,3,sigma_1p0__kernel_9__order_2,1.0,9,2,5120,0.050000000000000044,0.27070730924606323,0.00042029998439829797,0.00016201628022827208,0.9809971033605469,3,3,4,0.0,4 3 5 6
1419,3,sigma_1p0__kernel_9__order_2,1.0,9,2,5124,0.050000000000000044,0.45421573519706726,0.00047649269981775433,0.0002658700686879456,0.9685054444104397,3,3,4,0.0,4 3 5 6
1420,3,sigma_1p0__kernel_9__order_2,1.0,9,2,5128,0.050000000000000044,0.6570553779602051,0.0002848534204531461,0.00011739555338863283,0.9893193590265392,3,3,4,0.0,4 5 3 6
1421,3,sigma_1p0__kernel_9__order_2,1.0,9,2,5131,0.050000000000000044,0.11879583448171616,0.0004403988035240521,0.00117316038813442,0.8967012005916816,2,2,3,0.0,5 3 6
1422,3,sigma_1p0__kernel_9__order_2,1.0,9,2,5135,0.050000000000000044,0.6065331697463989,0.0005372795712901279,0.00033943343441933393,0.97835539075835,3,3,4,0.0,4 5 3 6
1423,3,sigma_1p0__kernel_9__order_2,1.0,9,2,5139,0.050000000000000044,0.1039593368768692,0.00032058294164016843,0.0008596146362833679,0.9272331046505292,3,3,4,0.0,5 3 4 6
1424,3,sigma_1p0__kernel_9__order_2,1.0,9,2,5143,0.050000000000000044,0.125877246260643,0.00038068236608523875,0.0004502757510636002,0.9575773105113884,3,3,4,0.0,3 5 4 6
1425,3,sigma_1p0__kernel_9__order_2,1.0,9,2,5147,0.050000000000000044,0.45929238200187683,0.0005030775791965425,0.0006882387679070234,0.9495375515022686,3,3,4,0.0,4 3 5 6
1426,3,sigma_1p0__kernel_9__order_2,1.0,9,2,5151,0.050000000000000044,0.45421579480171204,0.0004734869871754199,0.0002658700686879456,0.9685054444104397,3,3,4,0.0,5 3 4 6
1427,3,sigma_1p0__kernel_9__order_2,1.0,9,2,5155,0.050000000000000044,0.210641548037529,0.00038165103615028784,0.0007824766216799617,0.9497335488497147,3,3,4,0.0,5 2 4 6
1428,3,sigma_1p0__kernel_9__order_2,1.0,9,2,5159,0.050000000000000044,0.2537424862384796,0.0005357571862987243,0.0003305163118056953,0.9657473915503509,3,3,4,0.0,5 3 4 6
1429,3,sigma_1p0__kernel_9__order_2,1.0,9,2,5162,0.050000000000000044,0.1506832093000412,0.0002662780995403106,0.0008174586109817028,0.9402529282958272,2,2,3,0.0,5 3 6
1430,3,sigma_1p0__kernel_9__order_2,1.0,9,2,5165,0.050000000000000044,0.1401793360710144,0.000320169444118316,0.0006530879763886333,0.9352612300342952,2,2,3,0.0,5 3 6
1431,3,sigma_1p0__kernel_9__order_2,1.0,9,2,5169,0.050000000000000044,0.6114770174026489,0.00041690361831570044,0.00013926590327173471,0.9833388140560189,3,3,4,0.0,4 5 3 6
1432,3,sigma_1p0__kernel_9__order_2,1.0,9,2,5173,0.050000000000000044,0.24948525428771973,0.00034106597740901634,0.0003499265876598656,0.9686965808254643,3,3,4,0.0,5 3 4 6
1433,3,sigma_1p0__kernel_9__order_2,1.0,9,2,5178,0.050000000000000044,0.5681328773498535,0.0003849806817015633,0.0003357348614372313,0.9786668139710296,5,5,6,0.0,2 5 1 3 4
1434,3,sigma_1p0__kernel_9__order_2,1.0,9,2,5183,0.050000000000000044,0.4918782711029053,0.0003421986359171569,0.00028312637005001307,0.9826177732485228,4,4,5,0.0,2 5 3 4 6
1435,3,sigma_1p0__kernel_9__order_2,1.0,9,2,5186,0.050000000000000044,0.1506832242012024,0.00028093964404736954,0.0008174586109817028,0.9402529282958272,2,2,3,0.0,3 5 6
1436,3,sigma_1p0__kernel_9__order_2,1.0,9,2,5190,0.050000000000000044,0.41477468609809875,0.00043970469414489344,0.0005729258991777897,0.9485109874205697,3,3,4,0.0,4 5 3 6
1437,3,sigma_1p0__kernel_9__order_2,1.0,9,2,5193,0.050000000000000044,0.137592613697052,0.0003307588097716992,0.0008260032045654953,0.9129568341583474,2,2,3,0.0,5 3 6
1438,3,sigma_1p0__kernel_9__order_2,1.0,9,2,5197,0.050000000000000044,0.5734812617301941,0.00031131741707213223,0.00033009552862495184,0.9623021453477256,3,3,4,0.0,4 5 3 6
1439,3,sigma_1p0__kernel_9__order_2,1.0,9,2,5201,0.050000000000000044,0.24948528409004211,0.0004520768779912032,0.0003499265876598656,0.9686965808254643,3,3,4,0.0,4 3 5 6
1440,3,sigma_1p0__kernel_9__order_2,1.0,9,2,5204,0.050000000000000044,0.14571017026901245,0.0003554050247961034,0.000565270078368485,0.9617493440896521,2,2,3,0.0,3 5 6
1441,3,sigma_1p0__kernel_9__order_2,1.0,9,2,5208,0.050000000000000044,0.23954163491725922,0.00041493618482491,0.00046948809176683426,0.9537005855587801,3,3,4,0.0,3 5 4 6
1442,3,sigma_1p0__kernel_9__order_2,1.0,9,2,5213,0.050000000000000044,0.007554396986961365,0.0004175542388111353,0.0005527414032258093,0.9454935515536422,5,5,6,0.0,5 3 4 1 2
1443,3,sigma_1p0__kernel_9__order_2,1.0,9,2,5214,0.050000000000000044,0.0,0.00035305111669003963,0.001669246586970985,0.8368215547358522,0,0,1,0.0,6
1444,3,sigma_1p0__kernel_9__order_2,1.0,9,2,5218,0.050000000000000044,0.5734812617301941,0.0003901286327163689,0.00033009552862495184,0.9623021453477256,3,3,4,0.0,4 5 3 6
1445,3,sigma_1p0__kernel_9__order_2,1.0,9,2,5221,0.050000000000000044,0.14571017026901245,0.0004240413545630872,0.000565270078368485,0.9617493440896521,2,2,3,0.0,5 3 6
1446,3,sigma_1p0__kernel_9__order_2,1.0,9,2,5225,0.050000000000000044,0.41477468609809875,0.0003110440375166945,0.0005729258991777897,0.9485109874205697,3,3,4,0.0,4 5 3 6
1447,3,sigma_1p0__kernel_9__order_2,1.0,9,2,5227,0.050000000000000044,0.07131662219762802,0.00035807694075629115,0.0008881487883627415,0.9203812204097596,1,1,2,0.0,4 6
1448,3,sigma_1p0__kernel_9__order_2,1.0,9,2,5232,0.050000000000000044,0.553835928440094,0.0003744382120203227,0.00032918446231633425,0.9623376832528574,4,4,5,0.0,5 1 3 4 6
1449,3,sigma_1p0__kernel_9__order_2,1.0,9,2,5235,0.050000000000000044,0.11879583448171616,0.0004665631956110398,0.00117316038813442,0.8967012005916816,2,2,3,0.0,3 5 6
1450,3,sigma_1p0__kernel_9__order_2,1.0,9,2,5239,0.050000000000000044,0.1039593368768692,0.0003430596843827516,0.0008596146362833679,0.9272331046505292,3,3,4,0.0,3 5 4 6
1451,3,sigma_1p0__kernel_9__order_2,1.0,9,2,5243,0.050000000000000044,0.6114770174026489,0.0004011511045973748,0.00013926590327173471,0.9833388140560189,3,3,4,0.0,4 5 3 6
1452,3,sigma_1p0__kernel_9__order_2,1.0,9,2,5247,0.050000000000000044,0.5006925463676453,0.0004283516391296871,0.00017175794346258044,0.9811322692954441,3,3,4,0.0,4 5 3 6
1453,3,sigma_1p0__kernel_9__order_2,1.0,9,2,5251,0.050000000000000044,0.253742516040802,0.0005525746455532499,0.0003305163118056953,0.9657473915503509,3,3,4,0.0,4 3 5 6
1454,3,sigma_1p0__kernel_9__order_2,1.0,9,2,5254,0.050000000000000044,0.07349307090044022,0.0009285026850799719,0.0006183663499541581,0.9492504053110175,2,2,3,0.0,4 3 6
1455,3,sigma_1p0__kernel_9__order_2,1.0,9,2,5257,0.050000000000000044,0.16670595109462738,0.0009689447081958255,0.0005150713259354234,0.9424414601748395,2,2,3,0.0,5 3 6
1456,3,sigma_1p0__kernel_9__order_2,1.0,9,2,5261,0.050000000000000044,0.41477465629577637,0.0007495576574001461,0.0005729258991777897,0.9485109874205697,3,3,4,0.0,5 3 4 6
1457,3,sigma_1p0__kernel_9__order_2,1.0,9,2,5264,0.050000000000000044,0.137592613697052,0.0006787120752657453,0.0008260032045654953,0.9129568341583474,2,2,3,0.0,5 3 6
1458,3,sigma_1p0__kernel_9__order_2,1.0,9,2,5267,0.050000000000000044,0.09589454531669617,0.0005772201305565735,0.0008733656723052263,0.9162176775166878,2,2,3,0.0,2 1 6
1459,3,sigma_1p0__kernel_9__order_2,1.0,9,2,5272,0.050000000000000044,0.42462193965911865,0.0005593645735643804,0.0002650593232829124,0.968571965036721,4,4,5,0.0,5 3 4 1 6
1460,3,sigma_1p0__kernel_9__order_2,1.0,9,2,5275,0.050000000000000044,0.1401793360710144,0.0007497835516308745,0.0006530879763886333,0.9352612300342952,2,2,3,0.0,5 3 6
1461,3,sigma_1p0__kernel_9__order_2,1.0,9,2,5280,0.050000000000000044,0.4783620238304138,0.0005365183518733829,0.00011355951573932543,0.9870355374287199,4,4,5,0.0,2 5 3 4 6
1462,3,sigma_1p0__kernel_9__order_2,1.0,9,2,5282,0.050000000000000044,0.10135974735021591,0.0004919205675832927,0.0007019987679086626,0.9483417614355382,1,1,2,0.0,4 6
1463,3,sigma_1p0__kernel_9__order_2,1.0,9,2,5287,0.050000000000000044,0.5346906185150146,0.0005080844508484006,0.0003261989331804216,0.9622534799802601,5,5,6,0.0,2 5 1 3 4
1464,3,sigma_1p0__kernel_9__order_2,1.0,9,2,5290,0.050000000000000044,0.137592613697052,0.000526712314846615,0.0008260032045654953,0.9129568341583474,2,2,3,0.0,5 3 6
1465,3,sigma_1p0__kernel_9__order_2,1.0,9,2,5294,0.050000000000000044,0.45929238200187683,0.0006458697171183303,0.0006882387679070234,0.9495375515022686,3,3,4,0.0,5 3 4 6
1466,3,sigma_1p0__kernel_9__order_2,1.0,9,2,5298,0.050000000000000044,0.0485607385635376,0.00048403473192593083,0.00022969531710259616,0.9836593969292079,3,3,4,0.0,3 5 4 6
1467,3,sigma_1p0__kernel_9__order_2,1.0,9,2,5301,0.050000000000000044,0.06653746217489243,0.0005742995126638561,0.000581010477617383,0.9571687054690793,2,2,3,0.0,3 5 6
1468,3,sigma_1p0__kernel_9__order_2,1.0,9,2,5305,0.050000000000000044,0.24948525428771973,0.0004257045147824101,0.0003499265876598656,0.9686965808254643,3,3,4,0.0,3 5 4 6
1469,3,sigma_1p0__kernel_9__order_2,1.0,9,2,5308,0.050000000000000044,0.1401793360710144,0.0005114367522764951,0.0006530879763886333,0.9352612300342952,2,2,3,0.0,5 3 6
1470,3,sigma_1p0__kernel_9__order_2,1.0,9,2,5313,0.050000000000000044,0.6252923011779785,0.0004749811254441738,0.00010020502668339759,0.991501499813462,5,5,6,0.0,1 2 5 3 4
1471,3,sigma_1p0__kernel_9__order_2,1.0,9,2,5316,0.050000000000000044,0.1506832093000412,0.0005122605944052339,0.0008174586109817028,0.9402529282958272,2,2,3,0.0,5 3 6
1472,3,sigma_1p0__kernel_9__order_2,1.0,9,2,5321,0.050000000000000044,0.47984904050827026,0.0004577646206598729,0.000276587757980451,0.9795012027025223,4,4,5,0.0,2 5 3 4 6
1473,3,sigma_1p0__kernel_9__order_2,1.0,9,2,5324,0.050000000000000044,0.16950292885303497,0.00039990636287257075,0.0002968789776787162,0.967183250787709,2,2,3,0.0,3 5 6
1474,3,sigma_1p0__kernel_9__order_2,1.0,9,2,5327,0.050000000000000044,0.1539372205734253,0.0003255690341272081,0.0004342467291280627,0.959194655597706,2,2,3,0.0,2 1 6
1475,3,sigma_1p0__kernel_9__order_2,1.0,9,2,5331,0.050000000000000044,0.17186933755874634,0.0003561076373443939,0.00016244305879808962,0.9840680202746079,3,3,4,0.0,4 5 3 6
1476,3,sigma_1p0__kernel_9__order_2,1.0,9,2,5336,0.050000000000000044,0.47984904050827026,0.00039460314437747004,0.000276587757980451,0.9795012027025223,4,4,5,0.0,2 5 4 3 6
1477,3,sigma_1p0__kernel_9__order_2,1.0,9,2,5341,0.050000000000000044,0.585889995098114,0.0003637449292000383,0.00022222872939892113,0.9795374109472871,5,5,6,0.0,2 5 1 4 3
1478,3,sigma_1p0__kernel_9__order_2,1.0,9,2,5344,0.050000000000000044,0.14571017026901245,0.0003397335143138965,0.000565270078368485,0.9617493440896521,2,2,3,0.0,3 5 6
1479,3,sigma_1p0__kernel_9__order_2,1.0,9,2,5348,0.050000000000000044,0.24948525428771973,0.0004299255888327025,0.0003499265876598656,0.9686965808254643,3,3,4,0.0,5 3 4 6
1480,3,sigma_1p0__kernel_9__order_2,1.0,9,2,5352,0.050000000000000044,0.6114770770072937,0.0003266465864726342,0.00013926590327173471,0.9833388140560189,3,3,4,0.0,5 3 4 6
1481,3,sigma_1p0__kernel_9__order_2,1.0,9,2,5354,0.050000000000000044,0.09576810151338577,0.00035479020152706653,0.0003033298416994512,0.95530721747209,1,1,2,0.0,4 6
1482,3,sigma_1p0__kernel_9__order_2,1.0,9,2,5358,0.050000000000000044,0.1258772611618042,0.00036371520400280133,0.0004502757510636002,0.9575773105113884,3,3,4,0.0,5 4 3 6
1483,3,sigma_1p0__kernel_9__order_2,1.0,9,2,5360,0.050000000000000044,0.07726895809173584,0.0003169239353155717,0.00043727908632718027,0.930795111674616,1,1,2,0.0,4 6
1484,3,sigma_1p0__kernel_9__order_2,1.0,9,2,5365,0.050000000000000044,0.4783620238304138,0.0002831204445101321,0.00011355951573932543,0.9870355374287199,4,4,5,0.0,2 5 4 3 6
1485,3,sigma_1p0__kernel_9__order_2,1.0,9,2,5370,0.050000000000000044,0.5858900547027588,0.0004348624323029071,0.00022222872939892113,0.9795374109472871,5,5,6,0.0,1 2 5 4 3
1486,3,sigma_1p0__kernel_9__order_2,1.0,9,2,5373,0.050000000000000044,0.07221158593893051,0.0004388660696956019,0.00046005219337530434,0.9631423900406653,2,2,3,0.0,3 5 6
1487,3,sigma_1p0__kernel_9__order_2,1.0,9,2,5376,0.050000000000000044,0.137592613697052,0.0004291984369046986,0.0008260032045654953,0.9129568341583474,2,2,3,0.0,5 3 6
1488,3,sigma_1p0__kernel_9__order_2,1.0,9,2,5380,0.050000000000000044,0.6570553779602051,0.0003664262912934646,0.00011739555338863283,0.9893193590265392,3,3,4,0.0,5 3 4 6
1489,3,sigma_1p0__kernel_9__order_2,1.0,9,2,5384,0.050000000000000044,0.5071699619293213,0.0004950816073687747,0.00011563707084860653,0.9869697132944069,3,3,4,0.0,5 3 4 6
1490,3,sigma_1p0__kernel_9__order_2,1.0,9,2,5388,0.050000000000000044,0.43311983346939087,0.0004788627629750408,0.00047925321268849075,0.9483131717770902,3,3,4,0.0,5 3 4 6
1491,3,sigma_1p0__kernel_9__order_2,1.0,9,2,5393,0.050000000000000044,0.585889995098114,0.00035763158812187614,0.00022222872939892113,0.9795374109472871,5,5,6,0.0,2 5 1 4 3
1492,3,sigma_1p0__kernel_9__order_2,1.0,9,2,5396,0.050000000000000044,0.16950292885303497,0.00037734039263644564,0.0002968789776787162,0.967183250787709,2,2,3,0.0,3 5 6
1493,3,sigma_1p0__kernel_9__order_2,1.0,9,2,5398,0.050000000000000044,0.08126659691333771,0.00036464112054090947,0.0003977040178142488,0.9477260804488175,1,1,2,0.0,4 6
1494,3,sigma_1p0__kernel_9__order_2,1.0,9,2,5403,0.050000000000000044,0.4783620238304138,0.0004342128755524755,0.00011355951573932543,0.9870355374287199,4,4,5,0.0,2 5 3 4 6
1495,3,sigma_1p0__kernel_9__order_2,1.0,9,2,5407,0.050000000000000044,0.25167810916900635,0.0003717599611263722,0.0002688246313482523,0.9730571657596389,3,3,4,0.0,4 5 3 6
1496,3,sigma_1p0__kernel_9__order_2,1.0,9,2,5411,0.050000000000000044,0.2447340339422226,0.00044170197361381724,0.0005987586337141693,0.9625195515354238,3,3,4,0.0,5 3 4 6
1497,3,sigma_1p0__kernel_9__order_2,1.0,9,2,5415,0.050000000000000044,0.41477465629577637,0.0005142060617799871,0.0005729258991777897,0.9485109874205697,3,3,4,0.0,5 3 4 6
1498,3,sigma_1p0__kernel_9__order_2,1.0,9,2,5420,0.050000000000000044,0.47984904050827026,0.0003828255110420287,0.000276587757980451,0.9795012027025223,4,4,5,0.0,2 3 5 4 6
1499,3,sigma_1p0__kernel_9__order_2,1.0,9,2,5424,0.050000000000000044,0.28650832176208496,0.00034862095344578847,0.0002764974778983742,0.9829256227871184,3,3,4,0.0,4 5 3 6
1500,3,sigma_1p0__kernel_9__order_2,1.0,9,2,5429,0.050000000000000044,0.5681328773498535,0.0003771764284465462,0.0003357348614372313,0.9786668139710296,5,5,6,0.0,2 5 1 3 4
1501,3,sigma_1p0__kernel_9__order_2,1.0,9,2,5433,0.050000000000000044,0.1501276195049286,0.0002550681856519077,0.00026568223256617785,0.9782780824178181,3,3,4,0.0,5 4 3 6
1502,3,sigma_1p0__kernel_9__order_2,1.0,9,2,5437,0.050000000000000044,0.45929238200187683,0.00034020409657387063,0.0006882387679070234,0.9495375515022686,3,3,4,0.0,5 3 4 6
1503,3,sigma_1p0__kernel_9__order_2,1.0,9,2,5439,0.050000000000000044,0.08126659691333771,0.0003500224993331358,0.0003977040178142488,0.9477260804488175,1,1,2,0.0,4 6
1504,3,sigma_1p0__kernel_9__order_2,1.0,9,2,5441,0.050000000000000044,0.09576810151338577,0.00043159590859431773,0.0003033298416994512,0.95530721747209,1,1,2,0.0,4 6
1505,3,sigma_1p0__kernel_9__order_2,1.0,9,2,5446,0.050000000000000044,0.20172785222530365,0.00032175477826967835,0.0002679729659575969,0.9730112660193415,4,4,5,0.0,4 5 3 2 6
1506,3,sigma_1p0__kernel_9__order_2,1.0,9,2,5449,0.050000000000000044,0.16950291395187378,0.0002789638820104301,0.0002968789776787162,0.967183250787709,2,2,3,0.0,5 3 6
1507,3,sigma_1p0__kernel_9__order_2,1.0,9,2,5454,0.050000000000000044,0.5877506732940674,0.00046577703033108265,0.00028907760861329734,0.9786078447252334,5,5,6,0.0,2 5 1 4 3
1508,3,sigma_1p0__kernel_9__order_2,1.0,9,2,5458,0.050000000000000044,0.45929238200187683,0.0003493210460874252,0.0006882387679070234,0.9495375515022686,3,3,4,0.0,3 5 4 6
1509,3,sigma_1p0__kernel_9__order_2,1.0,9,2,5463,0.050000000000000044,0.6069170236587524,0.0003431411227211356,0.0002913416246883571,0.978467700810268,4,4,5,0.0,2 5 4 3 6
1510,3,sigma_1p0__kernel_9__order_2,1.0,9,2,5466,0.050000000000000044,0.14571017026901245,0.0005019574600737542,0.000565270078368485,0.9617493440896521,2,2,3,0.0,3 5 6
1511,3,sigma_1p0__kernel_9__order_2,1.0,9,2,5468,0.050000000000000044,0.07131662219762802,0.0003159179905196652,0.0008881487883627415,0.9203812204097596,1,1,2,0.0,4 6
1512,3,sigma_1p0__kernel_9__order_2,1.0,9,2,5471,0.050000000000000044,0.16670595109462738,0.0003636604912268619,0.0005150713259354234,0.9424414601748395,2,2,3,0.0,5 3 6
1513,3,sigma_1p0__kernel_9__order_2,1.0,9,2,5475,0.050000000000000044,0.2537424862384796,0.0004503097297856584,0.0003305163118056953,0.9657473915503509,3,3,4,0.0,5 3 4 6
1514,3,sigma_1p0__kernel_9__order_2,1.0,9,2,5478,0.050000000000000044,0.16670595109462738,0.000359644249935324,0.0005150713259354234,0.9424414601748395,2,2,3,0.0,5 3 6
1515,3,sigma_1p0__kernel_9__order_2,1.0,9,2,5480,0.050000000000000044,0.08126659691333771,0.00035101512185065076,0.0003977040178142488,0.9477260804488175,1,1,2,0.0,4 6
1516,3,sigma_1p0__kernel_9__order_2,1.0,9,2,5485,0.050000000000000044,0.6383658647537231,0.00041865839739330113,0.00011450669262558222,0.9892929023957848,4,4,5,0.0,3 2 5 4 6
1517,3,sigma_1p0__kernel_9__order_2,1.0,9,2,5490,0.050000000000000044,0.47984904050827026,0.000430111528839916,0.000276587757980451,0.9795012027025223,4,4,5,0.0,2 5 3 4 6
1518,3,sigma_1p0__kernel_9__order_2,1.0,9,2,5494,0.050000000000000044,0.6262924671173096,0.00030185701689333655,0.00029329670360311866,0.978404005805604,3,3,4,0.0,5 4 3 6
1519,3,sigma_1p0__kernel_9__order_2,1.0,9,2,5498,0.050000000000000044,0.50069260597229,0.0003380780399311334,0.00017175794346258044,0.9811322692954441,3,3,4,0.0,5 3 4 6
1520,3,sigma_1p0__kernel_9__order_2,1.0,9,2,5500,0.050000000000000044,0.08126659691333771,0.00034781027352437377,0.0003977040178142488,0.9477260804488175,1,1,2,0.0,4 6
1521,3,sigma_1p0__kernel_9__order_2,1.0,9,2,5505,0.050000000000000044,0.5540510416030884,0.0008065581438131631,0.00032804207876324654,0.9622324245509013,4,4,5,0.0,2 5 4 3 6
1522,3,sigma_1p0__kernel_9__order_2,1.0,9,2,5509,0.050000000000000044,0.50069260597229,0.000891419782419689,0.00017175794346258044,0.9811322692954441,3,3,4,0.0,5 3 4 6
1523,3,sigma_1p0__kernel_9__order_2,1.0,9,2,5511,0.050000000000000044,0.07726895809173584,0.0008702251361683011,0.00043727908632718027,0.930795111674616,1,1,2,0.0,4 6
1524,3,sigma_1p0__kernel_9__order_2,1.0,9,2,5514,0.050000000000000044,0.16670595109462738,0.0008296028730304291,0.0005150713259354234,0.9424414601748395,2,2,3,0.0,3 5 6
1525,3,sigma_1p0__kernel_9__order_2,1.0,9,2,5516,0.050000000000000044,0.07131662219762802,0.000707566476194188,0.0008881487883627415,0.9203812204097596,1,1,2,0.0,4 6
1526,3,sigma_1p0__kernel_9__order_2,1.0,9,2,5519,0.050000000000000044,0.1265394538640976,0.0007207047504683336,0.0007315193070098758,0.9305473204068707,2,2,3,0.0,5 4 6
1527,3,sigma_1p0__kernel_9__order_2,1.0,9,2,5524,0.050000000000000044,0.6202861666679382,0.0007239132188260555,0.00011107099999208003,0.9894046905526933,5,5,6,0.0,3 2 1 5 4
1528,3,sigma_1p0__kernel_9__order_2,1.0,9,2,5526,0.050000000000000044,0.08822499215602875,0.0005716235609725118,0.0010199007811024785,0.9173677836353231,1,1,2,0.0,4 6
1529,3,sigma_1p0__kernel_9__order_2,1.0,9,2,5531,0.050000000000000044,0.42420560121536255,0.0005491268471814692,0.00026576308300718665,0.9684869034147149,4,4,5,0.0,5 3 2 4 6
1530,3,sigma_1p0__kernel_9__order_2,1.0,9,2,5536,0.050000000000000044,0.5681328773498535,0.0004988740605767816,0.0003357348614372313,0.9786668139710296,5,5,6,0.0,2 5 1 4 3
1531,3,sigma_1p0__kernel_9__order_2,1.0,9,2,5538,0.050000000000000044,0.10135974735021591,0.0004236736422171816,0.0007019987679086626,0.9483417614355382,1,1,2,0.0,4 6
1532,3,sigma_1p0__kernel_9__order_2,1.0,9,2,5540,0.050000000000000044,0.10135974735021591,0.00031558802584186196,0.0007019987679086626,0.9483417614355382,1,1,2,0.0,4 6
1533,3,sigma_1p0__kernel_9__order_2,1.0,9,2,5542,0.050000000000000044,0.08126659691333771,0.0005593203677562997,0.0003977040178142488,0.9477260804488175,1,1,2,0.0,4 6
1534,3,sigma_1p0__kernel_9__order_2,1.0,9,2,5543,0.050000000000000044,0.0,0.00045222725020721555,0.0006994256982579827,0.9030935556476096,0,0,1,0.0,6
1535,3,sigma_1p0__kernel_9__order_2,1.0,9,2,5546,0.050000000000000044,0.1401793360710144,0.00038950380015497405,0.0006530879763886333,0.9352612300342952,2,2,3,0.0,3 5 6
1536,3,sigma_1p0__kernel_9__order_2,1.0,9,2,5551,0.050000000000000044,0.4918782711029053,0.00047325738705694675,0.00028312637005001307,0.9826177732485228,4,4,5,0.0,3 5 2 4 6
1537,3,sigma_1p0__kernel_9__order_2,1.0,9,2,5556,0.050000000000000044,0.47984904050827026,0.0004140004108194262,0.000276587757980451,0.9795012027025223,4,4,5,0.0,2 5 3 4 6
1538,3,sigma_1p0__kernel_9__order_2,1.0,9,2,5559,0.050000000000000044,0.137592613697052,0.0004651009415586789,0.0008260032045654953,0.9129568341583474,2,2,3,0.0,5 3 6
1539,3,sigma_1p0__kernel_9__order_2,1.0,9,2,5563,0.050000000000000044,0.27070730924606323,0.00047119623923208565,0.00016201628022827208,0.9809971033605469,3,3,4,0.0,4 5 3 6
1540,3,sigma_1p0__kernel_9__order_2,1.0,9,2,5568,0.050000000000000044,0.6430644989013672,0.0003146624541841447,0.00010318515705876052,0.9912467853351099,4,4,5,0.0,1 5 3 4 6
1541,3,sigma_1p0__kernel_9__order_2,1.0,9,2,5571,0.050000000000000044,0.16670595109462738,0.00038026839805146057,0.0005150713259354234,0.9424414601748395,2,2,3,0.0,3 5 6
1542,3,sigma_1p0__kernel_9__order_2,1.0,9,2,5573,0.050000000000000044,0.08822499215602875,0.00043196578917559236,0.0010199007811024785,0.9173677836353231,1,1,2,0.0,4 6
1543,3,sigma_1p0__kernel_9__order_2,1.0,9,2,5575,0.050000000000000044,0.09576810151338577,0.00046296272194013,0.0003033298416994512,0.95530721747209,1,1,2,0.0,4 6
1544,3,sigma_1p0__kernel_9__order_2,1.0,9,2,5579,0.050000000000000044,0.253742516040802,0.00039946266770130023,0.0003305163118056953,0.9657473915503509,3,3,4,0.0,4 5 3 6
1545,3,sigma_1p0__kernel_9__order_2,1.0,9,2,5583,0.050000000000000044,0.43311983346939087,0.00044914008321939036,0.00047925321268849075,0.9483131717770902,3,3,4,0.0,5 3 4 6
1546,3,sigma_1p0__kernel_9__order_2,1.0,9,2,5587,0.050000000000000044,0.17186933755874634,0.0003599068440962583,0.00016244305879808962,0.9840680202746079,3,3,4,0.0,4 5 3 6
1547,3,sigma_1p0__kernel_9__order_2,1.0,9,2,5591,0.050000000000000044,0.14680367708206177,0.00044027462718077004,0.0004541786329355091,0.9655303865777468,3,3,4,0.0,4 5 3 6
1548,3,sigma_1p0__kernel_9__order_2,1.0,9,2,5594,0.050000000000000044,0.16670595109462738,0.0004486182879190892,0.0005150713259354234,0.9424414601748395,2,2,3,0.0,3 5 6
1549,3,sigma_1p0__kernel_9__order_2,1.0,9,2,5597,0.050000000000000044,0.16950292885303497,0.00035812735829191905,0.0002968789776787162,0.967183250787709,2,2,3,0.0,3 5 6
1550,3,sigma_1p0__kernel_9__order_2,1.0,9,2,5602,0.050000000000000044,0.6129100322723389,0.0003971695259679109,0.00025139222270809114,0.9801201290062294,4,4,5,0.0,1 3 4 5 6
1551,3,sigma_1p0__kernel_9__order_2,1.0,9,2,5604,0.050000000000000044,0.08822499215602875,0.0004482050717342645,0.0010199007811024785,0.9173677836353231,1,1,2,0.0,4 6
1552,3,sigma_1p0__kernel_9__order_2,1.0,9,2,5606,0.050000000000000044,0.09576810151338577,0.00030744569085072726,0.0003033298416994512,0.95530721747209,1,1,2,0.0,4 6
1553,3,sigma_1p0__kernel_9__order_2,1.0,9,2,5611,0.050000000000000044,0.49190065264701843,0.0003634688269812614,0.0002824047114700079,0.9825826469591766,4,4,5,0.0,1 5 4 3 6
1554,3,sigma_1p0__kernel_9__order_2,1.0,9,2,5616,0.050000000000000044,0.5917484760284424,0.0004497560323216021,0.00013889899128116667,0.983347794991186,4,4,5,0.0,1 5 3 4 6
1555,3,sigma_1p0__kernel_9__order_2,1.0,9,2,5619,0.050000000000000044,0.14139311015605927,0.00034168515897666413,0.00040280705434270203,0.9615371968601604,2,2,3,0.0,4 3 6
1556,3,sigma_1p0__kernel_9__order_2,1.0,9,2,5624,0.050000000000000044,0.6069170236587524,0.00034558604238554835,0.0002913416246883571,0.978467700810268,4,4,5,0.0,2 5 4 3 6
1557,3,sigma_1p0__kernel_9__order_2,1.0,9,2,5626,0.050000000000000044,0.09576810151338577,0.0002799852372845635,0.0003033298416994512,0.95530721747209,1,1,2,0.0,4 6
1558,3,sigma_1p0__kernel_9__order_2,1.0,9,2,5630,0.050000000000000044,0.2447340488433838,0.0004330334049882367,0.0005987586337141693,0.9625195515354238,3,3,4,0.0,3 4 5 6
1559,3,sigma_1p0__kernel_9__order_2,1.0,9,2,5635,0.050000000000000044,0.5681328773498535,0.00038080200902186335,0.0003357348614372313,0.9786668139710296,5,5,6,0.0,2 1 5 4 3
1560,3,sigma_1p0__kernel_9__order_2,1.0,9,2,5639,0.050000000000000044,0.41477465629577637,0.0003665063122753054,0.0005729258991777897,0.9485109874205697,3,3,4,0.0,5 3 4 6
1561,3,sigma_1p0__kernel_9__order_2,1.0,9,2,5641,0.050000000000000044,0.035729821771383286,0.0005070824990980327,0.0015412995126098394,0.9279579401069391,1,1,2,0.0,4 6
1562,3,sigma_1p0__kernel_9__order_2,1.0,9,2,5644,0.050000000000000044,0.1401793360710144,0.00034422493384530145,0.0006530879763886333,0.9352612300342952,2,2,3,0.0,5 3 6
1563,3,sigma_1p0__kernel_9__order_2,1.0,9,2,5646,0.050000000000000044,0.09576810151338577,0.0005299554904922843,0.0003033298416994512,0.95530721747209,1,1,2,0.0,4 6
1564,3,sigma_1p0__kernel_9__order_2,1.0,9,2,5650,0.050000000000000044,0.6237078309059143,0.00035788483364740387,0.00022654430358670652,0.9791596898638536,3,3,4,0.0,5 3 4 6
1565,3,sigma_1p0__kernel_9__order_2,1.0,9,2,5654,0.050000000000000044,0.50069260597229,0.0003473598408163525,0.00017175794346258044,0.9811322692954441,3,3,4,0.0,5 3 4 6
1566,3,sigma_1p0__kernel_9__order_2,1.0,9,2,5657,0.050000000000000044,0.11879583448171616,0.0003605487096744279,0.00117316038813442,0.8967012005916816,2,2,3,0.0,3 5 6
1567,3,sigma_1p0__kernel_9__order_2,1.0,9,2,5661,0.050000000000000044,0.43311983346939087,0.00036420722608454525,0.00047925321268849075,0.9483131717770902,3,3,4,0.0,5 3 4 6
1568,3,sigma_1p0__kernel_9__order_2,1.0,9,2,5664,0.050000000000000044,0.16950292885303497,0.00033583994566773373,0.0002968789776787162,0.967183250787709,2,2,3,0.0,3 5 6
1569,3,sigma_1p0__kernel_9__order_2,1.0,9,2,5666,0.050000000000000044,0.2951813042163849,0.0003769095637835562,0.0004936701734550297,0.925749589320312,1,1,2,0.0,1 6
1570,3,sigma_1p0__kernel_9__order_2,1.0,9,2,5669,0.050000000000000044,0.04391980171203613,0.0004002108956531932,0.000330309325363487,0.9616454790980864,2,2,3,0.0,4 1 6
1571,3,sigma_1p0__kernel_9__order_2,1.0,9,2,5674,0.050000000000000044,0.4789198637008667,0.0004017581173684448,0.00028237898368388414,0.9795094902818751,4,4,5,0.0,3 5 1 4 6
1572,3,sigma_1p0__kernel_9__order_2,1.0,9,2,5679,0.050000000000000044,0.47766658663749695,0.00037180861982051284,0.00011469401943031698,0.98698817721516,4,4,5,0.0,5 3 4 1 6
1573,3,sigma_1p0__kernel_9__order_2,1.0,9,2,5682,0.050000000000000044,0.137592613697052,0.0004360937261177848,0.0008260032045654953,0.9129568341583474,2,2,3,0.0,5 3 6
1574,3,sigma_1p0__kernel_9__order_2,1.0,9,2,5686,0.050000000000000044,0.50069260597229,0.00035235039104009047,0.00017175794346258044,0.9811322692954441,3,3,4,0.0,5 3 4 6
1575,3,sigma_1p0__kernel_9__order_2,1.0,9,2,5691,0.050000000000000044,0.6252923011779785,0.00035100206732749937,0.00010020502668339759,0.991501499813462,5,5,6,0.0,1 2 5 4 3
1576,3,sigma_1p0__kernel_9__order_2,1.0,9,2,5695,0.050000000000000044,0.24948528409004211,0.0003338808164699003,0.0003499265876598656,0.9686965808254643,3,3,4,0.0,4 3 5 6
1577,3,sigma_1p0__kernel_9__order_2,1.0,9,2,5699,0.050000000000000044,0.5071699619293213,0.00033411860204068944,0.00011563707084860653,0.9869697132944069,3,3,4,0.0,5 3 4 6
1578,3,sigma_1p0__kernel_9__order_2,1.0,9,2,5702,0.050000000000000044,0.14571017026901245,0.0003928212099708617,0.000565270078368485,0.9617493440896521,2,2,3,0.0,5 3 6
1579,3,sigma_1p0__kernel_9__order_2,1.0,9,2,5704,0.050000000000000044,0.09576810151338577,0.00045811042946297675,0.0003033298416994512,0.95530721747209,1,1,2,0.0,4 6
1580,3,sigma_1p0__kernel_9__order_2,1.0,9,2,5706,0.050000000000000044,0.07131662219762802,0.0004814626445295289,0.0008881487883627415,0.9203812204097596,1,1,2,0.0,4 6
1581,3,sigma_1p0__kernel_9__order_2,1.0,9,2,5709,0.050000000000000044,0.1506832093000412,0.00030724181366773945,0.0008174586109817028,0.9402529282958272,2,2,3,0.0,5 3 6
1582,3,sigma_1p0__kernel_9__order_2,1.0,9,2,5713,0.050000000000000044,0.24948525428771973,0.00035741317697102204,0.0003499265876598656,0.9686965808254643,3,3,4,0.0,3 5 4 6
1583,3,sigma_1p0__kernel_9__order_2,1.0,9,2,5717,0.050000000000000044,0.1061188131570816,0.0003015497750311624,0.0004558584769256413,0.96605819220988,3,3,4,0.0,3 5 1 6
1584,3,sigma_1p0__kernel_9__order_2,1.0,9,2,5721,0.050000000000000044,0.23954163491725922,0.00043645269761327654,0.00046948809176683426,0.9537005855587801,3,3,4,0.0,3 5 4 6
1585,3,sigma_1p0__kernel_9__order_2,1.0,9,2,5726,0.050000000000000044,0.47984904050827026,0.00031697743106633424,0.000276587757980451,0.9795012027025223,4,4,5,0.0,2 5 3 4 6
1586,3,sigma_1p0__kernel_9__order_2,1.0,9,2,5730,0.050000000000000044,0.5006925463676453,0.00038444258825620636,0.00017175794346258044,0.9811322692954441,3,3,4,0.0,4 3 5 6
1587,3,sigma_1p0__kernel_9__order_2,1.0,9,2,5734,0.050000000000000044,0.2811933755874634,0.00040791034552967176,0.0003074454143643379,0.9758183664501635,3,3,4,0.0,4 3 5 6
1588,3,sigma_1p0__kernel_9__order_2,1.0,9,2,5737,0.050000000000000044,0.174459308385849,0.00040284144536902505,0.0003397577675059438,0.9633346566759874,2,2,3,0.0,5 3 6
1589,3,sigma_1p0__kernel_9__order_2,1.0,9,2,5742,0.050000000000000044,0.5858900547027588,0.0003801830462180078,0.00022222872939892113,0.9795374109472871,5,5,6,0.0,1 2 5 3 4
1590,3,sigma_1p0__kernel_9__order_2,1.0,9,2,5745,0.050000000000000044,0.1401793360710144,0.00044117216020822525,0.0006530879763886333,0.9352612300342952,2,2,3,0.0,5 3 6
1591,3,sigma_1p0__kernel_9__order_2,1.0,9,2,5750,0.050000000000000044,0.47984904050827026,0.00043899196316488087,0.000276587757980451,0.9795012027025223,4,4,5,0.0,2 5 3 4 6
1592,3,sigma_1p0__kernel_9__order_2,1.0,9,2,5754,0.050000000000000044,0.6570553779602051,0.0006056183920009062,0.00011739555338863283,0.9893193590265392,3,3,4,0.0,5 3 4 6
1593,3,sigma_1p0__kernel_9__order_2,1.0,9,2,5758,0.050000000000000044,0.24948528409004211,0.0006556144799105823,0.0003499265876598656,0.9686965808254643,3,3,4,0.0,4 3 5 6
1594,3,sigma_1p0__kernel_9__order_2,1.0,9,2,5762,0.050000000000000044,0.5006925463676453,0.0005349751227186061,0.00017175794346258044,0.9811322692954441,3,3,4,0.0,3 5 4 6
1595,3,sigma_1p0__kernel_9__order_2,1.0,9,2,5767,0.050000000000000044,0.5950121283531189,0.0005125931580550969,0.00024510215735062957,0.980296102789863,5,5,6,0.0,3 5 2 1 4
1596,3,sigma_1p0__kernel_9__order_2,1.0,9,2,5772,0.050000000000000044,0.6069170832633972,0.0005534245283342898,0.0002913416246883571,0.978467700810268,4,4,5,0.0,4 2 5 3 6
1597,3,sigma_1p0__kernel_9__order_2,1.0,9,2,5775,0.050000000000000044,0.14571017026901245,0.0004945513404284915,0.000565270078368485,0.9617493440896521,2,2,3,0.0,5 3 6
1598,3,sigma_1p0__kernel_9__order_2,1.0,9,2,5779,0.050000000000000044,0.2811933755874634,0.00042404173291288316,0.0003074454143643379,0.9758183664501635,3,3,4,0.0,4 3 5 6
1599,3,sigma_1p0__kernel_9__order_2,1.0,9,2,5783,0.050000000000000044,0.50069260597229,0.0003806770546361804,0.00017175794346258044,0.9811322692954441,3,3,4,0.0,5 3 4 6
1600,3,sigma_1p0__kernel_9__order_2,1.0,9,2,5787,0.050000000000000044,0.5071699619293213,0.0003920671151718125,0.00011563707084860653,0.9869697132944069,3,3,4,0.0,3 5 4 6
1601,3,sigma_1p0__kernel_9__order_2,1.0,9,2,5791,0.050000000000000044,0.2537424862384796,0.00027230889099882916,0.0003305163118056953,0.9657473915503509,3,3,4,0.0,3 5 4 6
1602,3,sigma_1p0__kernel_9__order_2,1.0,9,2,5795,0.050000000000000044,0.6262924671173096,0.0005098605543025769,0.00029329670360311866,0.978404005805604,3,3,4,0.0,4 5 3 6
1603,3,sigma_1p0__kernel_9__order_2,1.0,9,2,5799,0.050000000000000044,0.28650835156440735,0.00040601304499432445,0.0002764974778983742,0.9829256227871184,3,3,4,0.0,4 3 5 6
1604,3,sigma_1p0__kernel_9__order_2,1.0,9,2,5803,0.050000000000000044,0.25167810916900635,0.00031101585045689717,0.0002688246313482523,0.9730571657596389,3,3,4,0.0,4 3 5 6
1605,3,sigma_1p0__kernel_9__order_2,1.0,9,2,5807,0.050000000000000044,0.2811933755874634,0.0004655676893889904,0.0003074454143643379,0.9758183664501635,3,3,4,0.0,4 3 5 6
1606,3,sigma_1p0__kernel_9__order_2,1.0,9,2,5810,0.050000000000000044,0.14571017026901245,0.00041357635442788404,0.000565270078368485,0.9617493440896521,2,2,3,0.0,3 5 6
1607,3,sigma_1p0__kernel_9__order_2,1.0,9,2,5814,0.050000000000000044,0.5208901762962341,0.00035960140303359367,0.00028643847326748073,0.9824312456155929,3,3,4,0.0,3 5 4 6
1608,3,sigma_1p0__kernel_9__order_2,1.0,9,2,5818,0.050000000000000044,0.5074523687362671,0.0003606008685892448,0.00028734508669003844,0.9792653489835764,3,3,4,0.0,3 5 4 6
1609,3,sigma_1p0__kernel_9__order_2,1.0,9,2,5822,0.050000000000000044,0.2811933755874634,0.00040949528192868456,0.0003074454143643379,0.9758183664501635,3,3,4,0.0,4 3 5 6
1610,3,sigma_1p0__kernel_9__order_2,1.0,9,2,5824,0.050000000000000044,0.08941388130187988,0.0002605941263027489,0.0015358374221250415,0.9197421913942174,1,1,2,0.0,4 6
1611,3,sigma_1p0__kernel_9__order_2,1.0,9,2,5828,0.050000000000000044,0.45421573519706726,0.00029981182524352334,0.0002658700686879456,0.9685054444104397,3,3,4,0.0,4 3 5 6
1612,3,sigma_1p0__kernel_9__order_2,1.0,9,2,5832,0.050000000000000044,0.6114770770072937,0.0003775240038521588,0.00013926590327173471,0.9833388140560189,3,3,4,0.0,4 3 5 6
1613,3,sigma_1p0__kernel_9__order_2,1.0,9,2,5834,0.050000000000000044,0.10135974735021591,0.0004305704642320052,0.0007019987679086626,0.9483417614355382,1,1,2,0.0,4 6
1614,3,sigma_1p0__kernel_9__order_2,1.0,9,2,5839,0.050000000000000044,0.620286226272583,0.0003739998675882816,0.00011107099999208003,0.9894046905526933,5,5,6,0.0,1 2 5 3 4
1615,3,sigma_1p0__kernel_9__order_2,1.0,9,2,5844,0.050000000000000044,0.4517238438129425,0.0003424004302360117,0.0002711522101890296,0.9798690636291232,5,5,6,0.0,2 5 3 1 4
1616,3,sigma_1p0__kernel_9__order_2,1.0,9,2,5847,0.050000000000000044,0.137592613697052,0.0004176355917782833,0.0008260032045654953,0.9129568341583474,2,2,3,0.0,5 3 6
1617,3,sigma_1p0__kernel_9__order_2,1.0,9,2,5851,0.050000000000000044,0.41477468609809875,0.0003923922631656751,0.0005729258991777897,0.9485109874205697,3,3,4,0.0,4 3 5 6
1618,3,sigma_1p0__kernel_9__order_2,1.0,9,2,5855,0.050000000000000044,0.28650835156440735,0.0002898810926126316,0.0002764974778983742,0.9829256227871184,3,3,4,0.0,4 3 5 6
1619,3,sigma_1p0__kernel_9__order_2,1.0,9,2,5858,0.050000000000000044,0.137592613697052,0.0003237188987744351,0.0008260032045654953,0.9129568341583474,2,2,3,0.0,5 3 6
1620,3,sigma_1p0__kernel_9__order_2,1.0,9,2,5861,0.050000000000000044,0.16950291395187378,0.00037750648334622383,0.0002968789776787162,0.967183250787709,2,2,3,0.0,5 3 6
1621,3,sigma_1p0__kernel_9__order_2,1.0,9,2,5865,0.050000000000000044,0.23954163491725922,0.0003268352083978243,0.00046948809176683426,0.9537005855587801,3,3,4,0.0,3 5 4 6
1622,3,sigma_1p0__kernel_9__order_2,1.0,9,2,5867,0.050000000000000044,0.10135974735021591,0.0004739251598948613,0.0007019987679086626,0.9483417614355382,1,1,2,0.0,4 6
1623,3,sigma_1p0__kernel_9__order_2,1.0,9,2,5872,0.050000000000000044,0.47984904050827026,0.0004322124004829675,0.000276587757980451,0.9795012027025223,4,4,5,0.0,2 5 4 3 6
1624,3,sigma_1p0__kernel_9__order_2,1.0,9,2,5875,0.050000000000000044,0.2333804965019226,0.00039795407792553306,0.00034992810105904937,0.9611478074410582,2,2,3,0.0,4 5 6
1625,3,sigma_1p0__kernel_9__order_2,1.0,9,2,5877,0.050000000000000044,0.035729821771383286,0.0003630866121966392,0.0015412995126098394,0.9279579401069391,1,1,2,0.0,4 6
1626,3,sigma_1p0__kernel_9__order_2,1.0,9,2,5879,0.050000000000000044,0.07726895809173584,0.0003409242199268192,0.00043727908632718027,0.930795111674616,1,1,2,0.0,4 6
1627,3,sigma_1p0__kernel_9__order_2,1.0,9,2,5883,0.050000000000000044,0.28650832176208496,0.0004238453911966644,0.0002764974778983742,0.9829256227871184,3,3,4,0.0,4 5 3 6
1628,3,sigma_1p0__kernel_9__order_2,1.0,9,2,5886,0.050000000000000044,0.1401793360710144,0.0002821333279522757,0.0006530879763886333,0.9352612300342952,2,2,3,0.0,5 3 6
1629,3,sigma_1p0__kernel_9__order_2,1.0,9,2,5891,0.050000000000000044,0.5681328773498535,0.0003868139174301177,0.0003357348614372313,0.9786668139710296,5,5,6,0.0,2 5 1 3 4
1630,3,sigma_1p0__kernel_9__order_2,1.0,9,2,5895,0.050000000000000044,0.27070730924606323,0.000324213775456883,0.00016201628022827208,0.9809971033605469,3,3,4,0.0,4 3 5 6
1631,3,sigma_1p0__kernel_9__order_2,1.0,9,2,5899,0.050000000000000044,0.45421576499938965,0.000348902445693966,0.0002658700686879456,0.9685054444104397,3,3,4,0.0,3 5 4 6
1632,3,sigma_1p0__kernel_9__order_2,1.0,9,2,5903,0.050000000000000044,0.27070730924606323,0.00036425215148483403,0.00016201628022827208,0.9809971033605469,3,3,4,0.0,4 3 5 6
1633,3,sigma_1p0__kernel_9__order_2,1.0,9,2,5905,0.050000000000000044,0.07131662219762802,0.00035170909541193396,0.0008881487883627415,0.9203812204097596,1,1,2,0.0,4 6
1634,3,sigma_1p0__kernel_9__order_2,1.0,9,2,5907,0.050000000000000044,0.035729821771383286,0.0003124499198747799,0.0015412995126098394,0.9279579401069391,1,1,2,0.0,4 6
1635,3,sigma_1p0__kernel_9__order_2,1.0,9,2,5912,0.050000000000000044,0.1933789700269699,0.0003018080809852108,0.0004873377038165927,0.9725971045625904,4,4,5,0.0,4 5 2 1 6
1636,3,sigma_1p0__kernel_9__order_2,1.0,9,2,5916,0.050000000000000044,0.5074523687362671,0.00044658568367594853,0.00028734508669003844,0.9792653489835764,3,3,4,0.0,3 5 4 6
1637,3,sigma_1p0__kernel_9__order_2,1.0,9,2,5918,0.050000000000000044,0.08822499215602875,0.0005399890942499042,0.0010199007811024785,0.9173677836353231,1,1,2,0.0,4 6
1638,3,sigma_1p0__kernel_9__order_2,1.0,9,2,5922,0.050000000000000044,0.253742516040802,0.0003833868104266003,0.0003305163118056953,0.9657473915503509,3,3,4,0.0,4 3 5 6
1639,3,sigma_1p0__kernel_9__order_2,1.0,9,2,5926,0.050000000000000044,0.5074523687362671,0.00038246726762736216,0.00028734508669003844,0.9792653489835764,3,3,4,0.0,3 5 4 6
1640,3,sigma_1p0__kernel_9__order_2,1.0,9,2,5930,0.050000000000000044,0.2447340339422226,0.00034442284231772646,0.0005987586337141693,0.9625195515354238,3,3,4,0.0,5 3 4 6
1641,3,sigma_1p0__kernel_9__order_2,1.0,9,2,5933,0.050000000000000044,0.11879583448171616,0.0004838237364310771,0.00117316038813442,0.8967012005916816,2,2,3,0.0,5 3 6
1642,3,sigma_1p0__kernel_9__order_2,1.0,9,2,5936,0.050000000000000044,0.1401793360710144,0.0003469547858306517,0.0006530879763886333,0.9352612300342952,2,2,3,0.0,5 3 6
1643,3,sigma_1p0__kernel_9__order_2,1.0,9,2,5940,0.050000000000000044,0.50069260597229,0.0002437205439491663,0.00017175794346258044,0.9811322692954441,3,3,4,0.0,5 3 4 6
1644,3,sigma_1p0__kernel_9__order_2,1.0,9,2,5945,0.050000000000000044,0.6381492614746094,0.0003669586963951588,0.00011533001088537276,0.9893625811468832,4,4,5,0.0,1 3 4 5 6
1645,3,sigma_1p0__kernel_9__order_2,1.0,9,2,5948,0.050000000000000044,0.11879583448171616,0.0003667926066555083,0.00117316038813442,0.8967012005916816,2,2,3,0.0,5 3 6
1646,3,sigma_1p0__kernel_9__order_2,1.0,9,2,5952,0.050000000000000044,0.15012763440608978,0.0002812991733662784,0.00026568223256617785,0.9782780824178181,3,3,4,0.0,5 3 4 6
1647,3,sigma_1p0__kernel_9__order_2,1.0,9,2,5957,0.050000000000000044,0.47766661643981934,0.00032632995280437174,0.00011469401943031698,0.98698817721516,4,4,5,0.0,1 5 3 4 6
1648,3,sigma_1p0__kernel_9__order_2,1.0,9,2,5962,0.050000000000000044,0.5950121283531189,0.0003438863845076412,0.00024510215735062957,0.980296102789863,5,5,6,0.0,1 2 5 4 3
1649,3,sigma_1p0__kernel_9__order_2,1.0,9,2,5967,0.050000000000000044,0.6430644989013672,0.0004135981784202158,0.00010318515705876052,0.9912467853351099,4,4,5,0.0,1 3 4 5 6
1650,3,sigma_1p0__kernel_9__order_2,1.0,9,2,5971,0.050000000000000044,0.5071699619293213,0.0004145016282564029,0.00011563707084860653,0.9869697132944069,3,3,4,0.0,3 5 4 6
1651,3,sigma_1p0__kernel_9__order_2,1.0,9,2,5974,0.050000000000000044,0.137592613697052,0.0003246486885473132,0.0008260032045654953,0.9129568341583474,2,2,3,0.0,5 3 6
1652,3,sigma_1p0__kernel_9__order_2,1.0,9,2,5979,0.050000000000000044,0.18987376987934113,0.00039886965532787144,0.00046869658399373293,0.9538842547733634,4,4,5,0.0,1 4 3 5 6
1653,3,sigma_1p0__kernel_9__order_2,1.0,9,2,5981,0.050000000000000044,0.08126659691333771,0.0004894236917607486,0.0003977040178142488,0.9477260804488175,1,1,2,0.0,4 6
1654,3,sigma_1p0__kernel_9__order_2,1.0,9,2,5985,0.050000000000000044,0.28650832176208496,0.0004273704325896688,0.0002764974778983742,0.9829256227871184,3,3,4,0.0,4 5 3 6
1655,3,sigma_1p0__kernel_9__order_2,1.0,9,2,5988,0.050000000000000044,0.16950291395187378,0.0003655510760533313,0.0002968789776787162,0.967183250787709,2,2,3,0.0,5 3 6
1656,3,sigma_1p0__kernel_9__order_2,1.0,9,2,5992,0.050000000000000044,0.28650832176208496,0.0003855713293887675,0.0002764974778983742,0.9829256227871184,3,3,4,0.0,4 5 3 6
1657,3,sigma_1p0__kernel_9__order_2,1.0,9,2,5996,0.050000000000000044,0.45421576499938965,0.00031132579897530377,0.0002658700686879456,0.9685054444104397,3,3,4,0.0,3 5 4 6
1658,3,sigma_1p0__kernel_9__order_2,1.0,9,2,5999,0.050000000000000044,0.11879583448171616,0.0003482963365968317,0.00117316038813442,0.8967012005916816,2,2,3,0.0,5 3 6
1659,3,sigma_1p0__kernel_9__order_2,1.0,9,2,6004,0.050000000000000044,0.6069180965423584,0.000592773751122877,0.0002915810910053551,0.9785065628083226,4,4,5,0.0,1 4 5 3 6
1660,3,sigma_1p0__kernel_9__order_2,1.0,9,2,6008,0.050000000000000044,0.6618226766586304,0.000590272291447036,0.00010492635192349553,0.9911175728304916,3,3,4,0.0,3 5 4 6
1661,3,sigma_1p0__kernel_9__order_2,1.0,9,2,6010,0.050000000000000044,0.07131662219762802,0.0007659682887606323,0.0008881487883627415,0.9203812204097596,1,1,2,0.0,4 6
1662,3,sigma_1p0__kernel_9__order_2,1.0,9,2,6014,0.050000000000000044,0.5074523687362671,0.0005211464740568772,0.00028734508669003844,0.9792653489835764,3,3,4,0.0,3 5 4 6
1663,3,sigma_1p0__kernel_9__order_2,1.0,9,2,6016,0.050000000000000044,0.10135974735021591,0.0005327076942194253,0.0007019987679086626,0.9483417614355382,1,1,2,0.0,4 6
1664,3,sigma_1p0__kernel_9__order_2,1.0,9,2,6020,0.050000000000000044,0.17186933755874634,0.00045927707833470777,0.00016244305879808962,0.9840680202746079,3,3,4,0.0,4 5 3 6
1665,3,sigma_1p0__kernel_9__order_2,1.0,9,2,6025,0.050000000000000044,0.5858900547027588,0.000528505170950666,0.00022222872939892113,0.9795374109472871,5,5,6,0.0,3 2 1 4 5
1666,3,sigma_1p0__kernel_9__order_2,1.0,9,2,6029,0.050000000000000044,0.253742516040802,0.0005775199460913427,0.0003305163118056953,0.9657473915503509,3,3,4,0.0,4 5 3 6
1667,3,sigma_1p0__kernel_9__order_2,1.0,9,2,6034,0.050000000000000044,0.553835928440094,0.00043032568064518275,0.00032918446231633425,0.9623376832528574,4,4,5,0.0,3 5 1 4 6
1668,3,sigma_1p0__kernel_9__order_2,1.0,9,2,6036,0.050000000000000044,0.08941388130187988,0.00045030708133708686,0.0015358374221250415,0.9197421913942174,1,1,2,0.0,4 6
1669,3,sigma_1p0__kernel_9__order_2,1.0,9,2,6038,0.050000000000000044,0.10135974735021591,0.00044225272722542286,0.0007019987679086626,0.9483417614355382,1,1,2,0.0,4 6
1670,3,sigma_1p0__kernel_9__order_2,1.0,9,2,6042,0.050000000000000044,0.25167810916900635,0.0004649183028959669,0.0002688246313482523,0.9730571657596389,3,3,4,0.0,4 5 3 6
1671,3,sigma_1p0__kernel_9__order_2,1.0,9,2,6046,0.050000000000000044,0.41477465629577637,0.0005751740391133353,0.0005729258991777897,0.9485109874205697,3,3,4,0.0,5 3 4 6
1672,3,sigma_1p0__kernel_9__order_2,1.0,9,2,6049,0.050000000000000044,0.2536284029483795,0.0003901048427602897,0.0006739135133102536,0.9626502950501924,2,2,3,0.0,4 5 6
1673,3,sigma_1p0__kernel_9__order_2,1.0,9,2,6053,0.050000000000000044,0.15600350499153137,0.0004541147864074446,0.00016633210179861635,0.9804948296721285,3,3,4,0.0,4 5 3 6
1674,3,sigma_1p0__kernel_9__order_2,1.0,9,2,6057,0.050000000000000044,0.14680367708206177,0.0004738596107927151,0.0004541786329355091,0.9655303865777468,3,3,4,0.0,4 5 3 6
1675,3,sigma_1p0__kernel_9__order_2,1.0,9,2,6061,0.050000000000000044,0.5208901762962341,0.0004897366961813532,0.00028643847326748073,0.9824312456155929,3,3,4,0.0,3 5 4 6
1676,3,sigma_1p0__kernel_9__order_2,1.0,9,2,6063,0.050000000000000044,0.035729821771383286,0.00040873815305531025,0.0015412995126098394,0.9279579401069391,1,1,2,0.0,4 6
1677,3,sigma_1p0__kernel_9__order_2,1.0,9,2,6065,0.050000000000000044,0.08126659691333771,0.0005393440660554916,0.0003977040178142488,0.9477260804488175,1,1,2,0.0,4 6
1678,3,sigma_1p0__kernel_9__order_2,1.0,9,2,6070,0.050000000000000044,0.6435295343399048,0.00048746298416517674,0.00010259622649755329,0.9913052334655054,4,4,5,0.0,3 2 5 4 6
1679,3,sigma_1p0__kernel_9__order_2,1.0,9,2,6075,0.050000000000000044,0.6435295343399048,0.0004192472551949322,0.00010259622649755329,0.9913052334655054,4,4,5,0.0,3 2 5 4 6
1680,3,sigma_1p0__kernel_9__order_2,1.0,9,2,6079,0.050000000000000044,0.6114770174026489,0.0004757622446049936,0.00013926590327173471,0.9833388140560189,3,3,4,0.0,4 5 3 6
1681,3,sigma_1p0__kernel_9__order_2,1.0,9,2,6083,0.050000000000000044,0.5734812617301941,0.000455109060567338,0.00033009552862495184,0.9623021453477256,3,3,4,0.0,4 5 3 6
1682,3,sigma_1p0__kernel_9__order_2,1.0,9,2,6088,0.050000000000000044,0.5681328773498535,0.0004082615370862186,0.0003357348614372313,0.9786668139710296,5,5,6,0.0,2 3 1 5 4
1683,3,sigma_1p0__kernel_9__order_2,1.0,9,2,6093,0.050000000000000044,0.18987374007701874,0.00039406647556461394,0.00046869658399373293,0.9538842547733634,4,4,5,0.0,1 4 5 3 6
1684,3,sigma_1p0__kernel_9__order_2,1.0,9,2,6097,0.050000000000000044,0.45421579480171204,0.0004156693830736913,0.0002658700686879456,0.9685054444104397,3,3,4,0.0,5 3 4 6
1685,3,sigma_1p0__kernel_9__order_2,1.0,9,2,6101,0.050000000000000044,0.253742516040802,0.000557533378014341,0.0003305163118056953,0.9657473915503509,3,3,4,0.0,4 5 3 6
1686,3,sigma_1p0__kernel_9__order_2,1.0,9,2,6106,0.050000000000000044,0.6435295343399048,0.00038268464268185196,0.00010259622649755329,0.9913052334655054,4,4,5,0.0,2 3 5 4 6
1687,3,sigma_1p0__kernel_9__order_2,1.0,9,2,6108,0.050000000000000044,0.07131662219762802,0.0004095003678230569,0.0008881487883627415,0.9203812204097596,1,1,2,0.0,4 6
1688,3,sigma_1p0__kernel_9__order_2,1.0,9,2,6110,0.050000000000000044,0.035729821771383286,0.00029792412533424795,0.0015412995126098394,0.9279579401069391,1,1,2,0.0,4 6
1689,3,sigma_1p0__kernel_9__order_2,1.0,9,2,6114,0.050000000000000044,0.27070727944374084,0.0004460100899450481,0.00016201628022827208,0.9809971033605469,3,3,4,0.0,5 3 4 6
1690,3,sigma_1p0__kernel_9__order_2,1.0,9,2,6115,0.050000000000000044,0.0,0.0005914759240113199,0.0020724181085824966,0.849481851597816,0,0,1,0.0,6
1691,3,sigma_1p0__kernel_9__order_2,1.0,9,2,6119,0.050000000000000044,0.14680367708206177,0.00036575680860551074,0.0004541786329355091,0.9655303865777468,3,3,4,0.0,5 4 3 6
1692,3,sigma_1p0__kernel_9__order_2,1.0,9,2,6123,0.050000000000000044,0.2447340339422226,0.0003469618459348567,0.0005987586337141693,0.9625195515354238,3,3,4,0.0,5 3 4 6
1693,3,sigma_1p0__kernel_9__order_2,1.0,9,2,6127,0.050000000000000044,0.1501276195049286,0.00039325129910139367,0.00026568223256617785,0.9782780824178181,3,3,4,0.0,4 5 3 6
1694,3,sigma_1p0__kernel_9__order_2,1.0,9,2,6129,0.050000000000000044,0.09576810151338577,0.00042090016358997673,0.0003033298416994512,0.95530721747209,1,1,2,0.0,4 6
1695,3,sigma_1p0__kernel_9__order_2,1.0,9,2,6133,0.050000000000000044,0.47054940462112427,0.0002862560431822203,0.0004520390648394823,0.9727363963118631,3,3,4,0.0,2 5 4 6
1696,3,sigma_1p0__kernel_9__order_2,1.0,9,2,6137,0.050000000000000044,0.2447340339422226,0.000303231761790812,0.0005987586337141693,0.9625195515354238,3,3,4,0.0,5 3 4 6
1697,3,sigma_1p0__kernel_9__order_2,1.0,9,2,6140,0.050000000000000044,0.13575655221939087,0.00043968684622086585,0.000681609264574945,0.9340688566390456,2,2,3,0.0,4 3 6
1698,3,sigma_1p0__kernel_9__order_2,1.0,9,2,6144,0.050000000000000044,0.5208901762962341,0.00035185078741051257,0.00028643847326748073,0.9824312456155929,3,3,4,0.0,3 5 4 6
1699,3,sigma_1p0__kernel_9__order_2,1.0,9,2,6149,0.050000000000000044,0.4918782711029053,0.0003571057110093534,0.00028312637005001307,0.9826177732485228,4,4,5,0.0,2 5 4 3 6
1700,3,sigma_1p0__kernel_9__order_2,1.0,9,2,6153,0.050000000000000044,0.50069260597229,0.0005088905818411149,0.00017175794346258044,0.9811322692954441,3,3,4,0.0,5 3 4 6
1701,3,sigma_1p0__kernel_9__order_2,1.0,9,2,6157,0.050000000000000044,0.12754914164543152,0.00035452295560389757,0.0005528352921828628,0.945498015753721,3,3,4,0.0,5 4 3 6
1702,3,sigma_1p0__kernel_9__order_2,1.0,9,2,6161,0.050000000000000044,0.253742516040802,0.00036659457691712305,0.0003305163118056953,0.9657473915503509,3,3,4,0.0,4 5 3 6
1703,3,sigma_1p0__kernel_9__order_2,1.0,9,2,6163,0.050000000000000044,0.07131662219762802,0.0005079575785202906,0.0008881487883627415,0.9203812204097596,1,1,2,0.0,4 6
1704,3,sigma_1p0__kernel_9__order_2,1.0,9,2,6167,0.050000000000000044,0.45929238200187683,0.0004002896312158555,0.0006882387679070234,0.9495375515022686,3,3,4,0.0,3 5 4 6
1705,3,sigma_1p0__kernel_9__order_2,1.0,9,2,6171,0.050000000000000044,0.1039593368768692,0.00039850342727731913,0.0008596146362833679,0.9272331046505292,3,3,4,0.0,5 4 3 6
1706,3,sigma_1p0__kernel_9__order_2,1.0,9,2,6175,0.050000000000000044,0.2447340339422226,0.000408579406212084,0.0005987586337141693,0.9625195515354238,3,3,4,0.0,5 3 4 6
1707,3,sigma_1p0__kernel_9__order_2,1.0,9,2,6180,0.050000000000000044,0.47984904050827026,0.0003336745081469417,0.000276587757980451,0.9795012027025223,4,4,5,0.0,2 5 4 3 6
1708,3,sigma_1p0__kernel_9__order_2,1.0,9,2,6184,0.050000000000000044,0.253742516040802,0.00042107106128241867,0.0003305163118056953,0.9657473915503509,3,3,4,0.0,4 5 3 6
1709,3,sigma_1p0__kernel_9__order_2,1.0,9,2,6186,0.050000000000000044,0.08126659691333771,0.0003173103032168001,0.0003977040178142488,0.9477260804488175,1,1,2,0.0,4 6
1710,3,sigma_1p0__kernel_9__order_2,1.0,9,2,6191,0.050000000000000044,0.5681328773498535,0.00035604683216661215,0.0003357348614372313,0.9786668139710296,5,5,6,0.0,2 1 5 4 3
1711,3,sigma_1p0__kernel_9__order_2,1.0,9,2,6196,0.050000000000000044,0.6046932935714722,0.0003412142803426832,0.00022461751359514892,0.9793347819806846,4,4,5,0.0,2 4 5 3 6
1712,3,sigma_1p0__kernel_9__order_2,1.0,9,2,6198,0.050000000000000044,0.08822499215602875,0.0004891881835646927,0.0010199007811024785,0.9173677836353231,1,1,2,0.0,4 6
1713,3,sigma_1p0__kernel_9__order_2,1.0,9,2,6202,0.050000000000000044,0.43311983346939087,0.0003168191105942242,0.00047925321268849075,0.9483131717770902,3,3,4,0.0,5 3 4 6
1714,3,sigma_1p0__kernel_9__order_2,1.0,9,2,6204,0.050000000000000044,0.08126659691333771,0.00040436474955640733,0.0003977040178142488,0.9477260804488175,1,1,2,0.0,4 6
1715,3,sigma_1p0__kernel_9__order_2,1.0,9,2,6208,0.050000000000000044,0.23292674124240875,0.0004944165557390079,0.0005310571286827326,0.969687007234723,3,3,4,0.0,4 2 5 6
1716,3,sigma_1p0__kernel_9__order_2,1.0,9,2,6212,0.050000000000000044,0.28650832176208496,0.0004027361319458578,0.0002764974778983742,0.9829256227871184,3,3,4,0.0,4 5 3 6
1717,3,sigma_1p0__kernel_9__order_2,1.0,9,2,6216,0.050000000000000044,0.45929238200187683,0.00042503645818214864,0.0006882387679070234,0.9495375515022686,3,3,4,0.0,3 5 4 6
1718,3,sigma_1p0__kernel_9__order_2,1.0,9,2,6221,0.050000000000000044,0.5868489146232605,0.000457957002799958,0.0003388386103324592,0.9784358720008315,4,4,5,0.0,3 2 5 4 6
1719,3,sigma_1p0__kernel_9__order_2,1.0,9,2,6225,0.050000000000000044,0.5071699619293213,0.00047193535283440724,0.00011563707084860653,0.9869697132944069,3,3,4,0.0,4 5 3 6
1720,3,sigma_1p0__kernel_9__order_2,1.0,9,2,6227,0.050000000000000044,0.04974029213190079,0.0004650552582461387,0.0009211990400217474,0.9019048620329884,1,1,2,0.0,2 6
1721,3,sigma_1p0__kernel_9__order_2,1.0,9,2,6231,0.050000000000000044,0.2811933755874634,0.0004957525088684633,0.0003074454143643379,0.9758183664501635,3,3,4,0.0,4 3 5 6
1722,3,sigma_1p0__kernel_9__order_2,1.0,9,2,6235,0.050000000000000044,0.43311983346939087,0.00036066226311959326,0.00047925321268849075,0.9483131717770902,3,3,4,0.0,5 3 4 6
1723,3,sigma_1p0__kernel_9__order_2,1.0,9,2,6240,0.050000000000000044,0.5868489146232605,0.00045390232116915286,0.0003388386103324592,0.9784358720008315,4,4,5,0.0,5 4 2 3 6
1724,3,sigma_1p0__kernel_9__order_2,1.0,9,2,6244,0.050000000000000044,0.5071699619293213,0.0003158814142807387,0.00011563707084860653,0.9869697132944069,3,3,4,0.0,3 5 4 6
1725,3,sigma_1p0__kernel_9__order_2,1.0,9,2,6247,0.050000000000000044,0.11879583448171616,0.00031053800194058567,0.00117316038813442,0.8967012005916816,2,2,3,0.0,3 5 6
1726,3,sigma_1p0__kernel_9__order_2,1.0,9,2,6251,0.050000000000000044,0.41477468609809875,0.00048519349365960807,0.0005729258991777897,0.9485109874205697,3,3,4,0.0,3 5 4 6
1727,3,sigma_1p0__kernel_9__order_2,1.0,9,2,6256,0.050000000000000044,0.18987374007701874,0.0004941809398587793,0.00046869658399373293,0.9538842547733634,4,4,5,0.0,3 5 4 1 6
1728,3,sigma_1p0__kernel_9__order_2,1.0,9,2,6258,0.050000000000000044,0.10135974735021591,0.00047630511107854545,0.0007019987679086626,0.9483417614355382,1,1,2,0.0,4 6
1729,3,sigma_1p0__kernel_9__order_2,1.0,9,2,6262,0.050000000000000044,0.28650832176208496,0.0005884054771740921,0.0002764974778983742,0.9829256227871184,3,3,4,0.0,4 5 3 6
1730,3,sigma_1p0__kernel_9__order_2,1.0,9,2,6265,0.050000000000000044,0.1506832093000412,0.0004746301177268227,0.0008174586109817028,0.9402529282958272,2,2,3,0.0,5 3 6
1731,3,sigma_1p0__kernel_9__order_2,1.0,9,2,6269,0.050000000000000044,0.50069260597229,0.00042726561514427885,0.00017175794346258044,0.9811322692954441,3,3,4,0.0,5 3 4 6
1732,3,sigma_1p0__kernel_9__order_2,1.0,9,2,6273,0.050000000000000044,0.45929238200187683,0.00041543420957168564,0.0006882387679070234,0.9495375515022686,3,3,4,0.0,3 5 4 6
1733,3,sigma_1p0__kernel_9__order_2,1.0,9,2,6277,0.050000000000000044,0.50069260597229,0.00039367096178466454,0.00017175794346258044,0.9811322692954441,3,3,4,0.0,5 3 4 6
1734,3,sigma_1p0__kernel_9__order_2,1.0,9,2,6281,0.050000000000000044,0.43311983346939087,0.0003757195227080956,0.00047925321268849075,0.9483131717770902,3,3,4,0.0,5 3 4 6
1735,3,sigma_1p0__kernel_9__order_2,1.0,9,2,6283,0.050000000000000044,0.10135974735021591,0.00043053581612184644,0.0007019987679086626,0.9483417614355382,1,1,2,0.0,4 6
1736,3,sigma_1p0__kernel_9__order_2,1.0,9,2,6287,0.050000000000000044,0.2537424862384796,0.00042476467206142843,0.0003305163118056953,0.9657473915503509,3,3,4,0.0,5 3 4 6
1737,3,sigma_1p0__kernel_9__order_2,1.0,9,2,6291,0.050000000000000044,0.1039593368768692,0.0004095831318409182,0.0008596146362833679,0.9272331046505292,3,3,4,0.0,5 3 4 6
1738,3,sigma_1p0__kernel_9__order_2,1.0,9,2,6295,0.050000000000000044,0.5071699619293213,0.0004421393168740906,0.00011563707084860653,0.9869697132944069,3,3,4,0.0,5 3 4 6
1739,3,sigma_1p0__kernel_9__order_2,1.0,9,2,6299,0.050000000000000044,0.45421579480171204,0.00045280083577381447,0.0002658700686879456,0.9685054444104397,3,3,4,0.0,5 3 4 6
1740,3,sigma_1p0__kernel_9__order_2,1.0,9,2,6302,0.050000000000000044,0.14571017026901245,0.00039609207306057215,0.000565270078368485,0.9617493440896521,2,2,3,0.0,5 3 6
1741,3,sigma_1p0__kernel_9__order_2,1.0,9,2,6306,0.050000000000000044,0.45421579480171204,0.0003807099856203422,0.0002658700686879456,0.9685054444104397,3,3,4,0.0,5 3 4 6
1742,3,sigma_1p0__kernel_9__order_2,1.0,9,2,6307,0.050000000000000044,0.0,0.0004282585287000984,0.0015325190033763647,0.8707035052081776,0,0,1,0.0,6
1743,3,sigma_1p0__kernel_9__order_2,1.0,9,2,6311,0.050000000000000044,0.17186933755874634,0.0004199558497930411,0.00016244305879808962,0.9840680202746079,3,3,4,0.0,5 3 4 6
1744,3,sigma_1p0__kernel_9__order_2,1.0,9,2,6316,0.050000000000000044,0.5950120687484741,0.00042354048928245903,0.00024510215735062957,0.980296102789863,5,5,6,0.0,2 1 5 3 4
1745,3,sigma_1p0__kernel_9__order_2,1.0,9,2,6318,0.050000000000000044,0.035729821771383286,0.0003927588404621929,0.0015412995126098394,0.9279579401069391,1,1,2,0.0,4 6
1746,3,sigma_1p0__kernel_9__order_2,1.0,9,2,6320,0.050000000000000044,0.08941388130187988,0.00042418840166646987,0.0015358374221250415,0.9197421913942174,1,1,2,0.0,4 6
1747,3,sigma_1p0__kernel_9__order_2,1.0,9,2,6325,0.050000000000000044,0.6252923011779785,0.0003636011853814125,0.00010020502668339759,0.991501499813462,5,5,6,0.0,2 1 5 4 3
1748,3,sigma_1p0__kernel_9__order_2,1.0,9,2,6327,0.050000000000000044,0.08941388130187988,0.0002832312893588096,0.0015358374221250415,0.9197421913942174,1,1,2,0.0,4 6
1749,3,sigma_1p0__kernel_9__order_2,1.0,9,2,6330,0.050000000000000044,0.1506832093000412,0.00040709984993251663,0.0008174586109817028,0.9402529282958272,2,2,3,0.0,5 3 6
1750,3,sigma_1p0__kernel_9__order_2,1.0,9,2,6335,0.050000000000000044,0.42420563101768494,0.000508148135850206,0.00026576308300718665,0.9684869034147149,4,4,5,0.0,2 5 3 4 6
1751,3,sigma_1p0__kernel_9__order_2,1.0,9,2,6337,0.050000000000000044,0.09576810151338577,0.000497686633025296,0.0003033298416994512,0.95530721747209,1,1,2,0.0,4 6
1752,3,sigma_1p0__kernel_9__order_2,1.0,9,2,6339,0.050000000000000044,0.035729821771383286,0.0002934845178970136,0.0015412995126098394,0.9279579401069391,1,1,2,0.0,4 6
1753,3,sigma_1p0__kernel_9__order_2,1.0,9,2,6342,0.050000000000000044,0.1401793360710144,0.0003730870666913688,0.0006530879763886333,0.9352612300342952,2,2,3,0.0,5 3 6
1754,3,sigma_1p0__kernel_9__order_2,1.0,9,2,6344,0.050000000000000044,0.09576810151338577,0.0004738104616990313,0.0003033298416994512,0.95530721747209,1,1,2,0.0,4 6
1755,3,sigma_1p0__kernel_9__order_2,1.0,9,2,6348,0.050000000000000044,0.2537424862384796,0.0003824349041678943,0.0003305163118056953,0.9657473915503509,3,3,4,0.0,5 3 4 6
1756,3,sigma_1p0__kernel_9__order_2,1.0,9,2,6351,0.050000000000000044,0.137592613697052,0.00041380316057863337,0.0008260032045654953,0.9129568341583474,2,2,3,0.0,5 3 6
1757,3,sigma_1p0__kernel_9__order_2,1.0,9,2,6354,0.050000000000000044,0.11307555437088013,0.0004220376431476325,0.0010499744676053524,0.9224787209887283,2,2,3,0.0,2 4 6
1758,3,sigma_1p0__kernel_9__order_2,1.0,9,2,6359,0.050000000000000044,0.5921776294708252,0.0003863157122395933,0.00013836355356033891,0.98337805267605,4,4,5,0.0,2 4 5 3 6
1759,3,sigma_1p0__kernel_9__order_2,1.0,9,2,6364,0.050000000000000044,0.6046932339668274,0.00035963707487098875,0.00022461751359514892,0.9793347819806846,4,4,5,0.0,2 5 4 3 6
1760,3,sigma_1p0__kernel_9__order_2,1.0,9,2,6368,0.050000000000000044,0.23954163491725922,0.0003515032076393254,0.00046948809176683426,0.9537005855587801,3,3,4,0.0,5 4 3 6
1761,3,sigma_1p0__kernel_9__order_2,1.0,9,2,6372,0.050000000000000044,0.45929238200187683,0.0003856908588204533,0.0006882387679070234,0.9495375515022686,3,3,4,0.0,5 3 4 6
1762,3,sigma_1p0__kernel_9__order_2,1.0,9,2,6375,0.050000000000000044,0.16950291395187378,0.0003877878771163523,0.0002968789776787162,0.967183250787709,2,2,3,0.0,5 3 6
1763,3,sigma_1p0__kernel_9__order_2,1.0,9,2,6377,0.050000000000000044,0.07726895809173584,0.0005070685438113287,0.00043727908632718027,0.930795111674616,1,1,2,0.0,4 6
1764,3,sigma_1p0__kernel_9__order_2,1.0,9,2,6381,0.050000000000000044,0.28650835156440735,0.0003808747715083882,0.0002764974778983742,0.9829256227871184,3,3,4,0.0,4 3 5 6
1765,3,sigma_1p0__kernel_9__order_2,1.0,9,2,6385,0.050000000000000044,0.50069260597229,0.0004111468078917824,0.00017175794346258044,0.9811322692954441,3,3,4,0.0,5 3 4 6
1766,3,sigma_1p0__kernel_9__order_2,1.0,9,2,6390,0.050000000000000044,0.6202861666679382,0.00035467787238303573,0.00011107099999208003,0.9894046905526933,5,5,6,0.0,2 5 1 4 3
1767,3,sigma_1p0__kernel_9__order_2,1.0,9,2,6392,0.050000000000000044,0.10135974735021591,0.00032512312463950366,0.0007019987679086626,0.9483417614355382,1,1,2,0.0,4 6
1768,3,sigma_1p0__kernel_9__order_2,1.0,9,2,6395,0.050000000000000044,0.16950291395187378,0.00028484099796817947,0.0002968789776787162,0.967183250787709,2,2,3,0.0,5 3 6
1769,3,sigma_1p0__kernel_9__order_2,1.0,9,2,6399,0.050000000000000044,0.2811933755874634,0.0004010810953332111,0.0003074454143643379,0.9758183664501635,3,3,4,0.0,5 3 4 6
1770,3,sigma_1p0__kernel_9__order_2,1.0,9,2,6403,0.050000000000000044,0.2537424862384796,0.000342714243743103,0.0003305163118056953,0.9657473915503509,3,3,4,0.0,5 3 4 6
1771,3,sigma_1p0__kernel_9__order_2,1.0,9,2,6405,0.050000000000000044,0.07131662219762802,0.00031431077513843775,0.0008881487883627415,0.9203812204097596,1,1,2,0.0,4 6
1772,3,sigma_1p0__kernel_9__order_2,1.0,9,2,6409,0.050000000000000044,0.45421579480171204,0.0005143965390743688,0.0002658700686879456,0.9685054444104397,3,3,4,0.0,5 3 4 6
1773,3,sigma_1p0__kernel_9__order_2,1.0,9,2,6414,0.050000000000000044,0.47984904050827026,0.000381929351715371,0.000276587757980451,0.9795012027025223,4,4,5,0.0,2 5 3 4 6
1774,3,sigma_1p0__kernel_9__order_2,1.0,9,2,6419,0.050000000000000044,0.47984904050827026,0.0004350073868408799,0.000276587757980451,0.9795012027025223,4,4,5,0.0,2 5 3 4 6
1775,3,sigma_1p0__kernel_9__order_2,1.0,9,2,6423,0.050000000000000044,0.28650835156440735,0.0003786261222558096,0.0002764974778983742,0.9829256227871184,3,3,4,0.0,4 3 5 6
1776,3,sigma_1p0__kernel_9__order_2,1.0,9,2,6428,0.050000000000000044,0.5921776294708252,0.000511768861906603,0.00013836355356033891,0.98337805267605,4,4,5,0.0,2 3 5 4 6
1777,3,sigma_1p0__kernel_9__order_2,1.0,9,2,6433,0.050000000000000044,0.4918782711029053,0.0004460580472368747,0.00028312637005001307,0.9826177732485228,4,4,5,0.0,2 5 3 4 6
1778,3,sigma_1p0__kernel_9__order_2,1.0,9,2,6437,0.050000000000000044,0.43311983346939087,0.0003500131315377075,0.00047925321268849075,0.9483131717770902,3,3,4,0.0,5 3 4 6
1779,3,sigma_1p0__kernel_9__order_2,1.0,9,2,6439,0.050000000000000044,0.03889661654829979,0.0004310175427235663,0.000529014621861279,0.9104463372658606,1,1,2,0.0,1 6
1780,3,sigma_1p0__kernel_9__order_2,1.0,9,2,6444,0.050000000000000044,0.6435295343399048,0.0003740256652235985,0.00010259622649755329,0.9913052334655054,4,4,5,0.0,2 3 5 4 6
1781,3,sigma_1p0__kernel_9__order_2,1.0,9,2,6449,0.050000000000000044,0.19465716183185577,0.0003652402287116274,0.0005972589715383947,0.9623692988038205,4,4,5,0.0,5 3 4 2 6
1782,3,sigma_1p0__kernel_9__order_2,1.0,9,2,6451,0.050000000000000044,0.06959661841392517,0.0004511030565481633,0.001075812499038875,0.9304968564284968,1,1,2,0.0,2 6
1783,3,sigma_1p0__kernel_9__order_2,1.0,9,2,6455,0.050000000000000044,0.41477465629577637,0.0003433791935094632,0.0005729258991777897,0.9485109874205697,3,3,4,0.0,5 3 4 6
1784,3,sigma_1p0__kernel_9__order_2,1.0,9,2,6460,0.050000000000000044,0.5540510416030884,0.00043843821040354667,0.00032804207876324654,0.9622324245509013,4,4,5,0.0,2 3 5 4 6
1785,3,sigma_1p0__kernel_9__order_2,1.0,9,2,6462,0.050000000000000044,0.08126659691333771,0.00031404709443449974,0.0003977040178142488,0.9477260804488175,1,1,2,0.0,4 6
1786,3,sigma_1p0__kernel_9__order_2,1.0,9,2,6467,0.050000000000000044,0.47984904050827026,0.0003637709829490632,0.000276587757980451,0.9795012027025223,4,4,5,0.0,2 5 3 4 6
1787,3,sigma_1p0__kernel_9__order_2,1.0,9,2,6471,0.050000000000000044,0.28650835156440735,0.00023553928622277454,0.0002764974778983742,0.9829256227871184,3,3,4,0.0,4 3 5 6
1788,3,sigma_1p0__kernel_9__order_2,1.0,9,2,6475,0.050000000000000044,0.45929238200187683,0.0003699718217831105,0.0006882387679070234,0.9495375515022686,3,3,4,0.0,5 3 4 6
1789,3,sigma_1p0__kernel_9__order_2,1.0,9,2,6478,0.050000000000000044,0.1401793360710144,0.00028958083809508633,0.0006530879763886333,0.9352612300342952,2,2,3,0.0,5 3 6
1790,3,sigma_1p0__kernel_9__order_2,1.0,9,2,6482,0.050000000000000044,0.2447340339422226,0.0004012781282654032,0.0005987586337141693,0.9625195515354238,3,3,4,0.0,5 3 4 6
1791,3,sigma_1p0__kernel_9__order_2,1.0,9,2,6484,0.050000000000000044,0.08941388130187988,0.00038154961657710373,0.0015358374221250415,0.9197421913942174,1,1,2,0.0,4 6
1792,3,sigma_1p0__kernel_9__order_2,1.0,9,2,6489,0.050000000000000044,0.47984904050827026,0.0003989720949903131,0.000276587757980451,0.9795012027025223,4,4,5,0.0,2 5 3 4 6
1793,3,sigma_1p0__kernel_9__order_2,1.0,9,2,6493,0.050000000000000044,0.2447340339422226,0.00047996216744650155,0.0005987586337141693,0.9625195515354238,3,3,4,0.0,3 5 4 6
1794,3,sigma_1p0__kernel_9__order_2,1.0,9,2,6496,0.050000000000000044,0.05542284995317459,0.0003386697256549572,0.00023805275850463659,0.9654212210606451,2,2,3,0.0,4 2 6
1795,3,sigma_1p0__kernel_9__order_2,1.0,9,2,6499,0.050000000000000044,0.1506832093000412,0.00031647447030991316,0.0008174586109817028,0.9402529282958272,2,2,3,0.0,5 3 6
1796,3,sigma_1p0__kernel_9__order_2,1.0,9,2,6503,0.050000000000000044,0.6237078309059143,0.00031904906791169196,0.00022654430358670652,0.9791596898638536,3,3,4,0.0,5 3 4 6
1797,3,sigma_1p0__kernel_9__order_2,1.0,9,2,6507,0.050000000000000044,0.1039593368768692,0.0003239586148993112,0.0008596146362833679,0.9272331046505292,3,3,4,0.0,4 3 5 6
1798,3,sigma_1p0__kernel_9__order_2,1.0,9,2,6509,0.050000000000000044,0.035729821771383286,0.00046672020107507706,0.0015412995126098394,0.9279579401069391,1,1,2,0.0,4 6
1799,3,sigma_1p0__kernel_9__order_2,1.0,9,2,6514,0.050000000000000044,0.4918782413005829,0.0004666833148803562,0.00028312637005001307,0.9826177732485228,4,4,5,0.0,2 3 5 4 6
1800,3,sigma_1p0__kernel_9__order_2,1.0,9,2,6519,0.050000000000000044,0.47766661643981934,0.0003909954393748194,0.00011469401943031698,0.98698817721516,4,4,5,0.0,3 5 4 1 6
1801,3,sigma_1p0__kernel_9__order_2,1.0,9,2,6523,0.050000000000000044,0.08627666532993317,0.0003913103064405732,0.0007855528965592384,0.9194641735905275,3,3,4,0.0,5 3 1 6
1802,3,sigma_1p0__kernel_9__order_2,1.0,9,2,6525,0.050000000000000044,0.06959661841392517,0.0001864708829089068,0.001075812499038875,0.9304968564284968,1,1,2,0.0,2 6
1803,3,sigma_1p0__kernel_9__order_2,1.0,9,2,6528,0.050000000000000044,0.137592613697052,0.00030041910940781236,0.0008260032045654953,0.9129568341583474,2,2,3,0.0,5 3 6
1804,3,sigma_1p0__kernel_9__order_2,1.0,9,2,6533,0.050000000000000044,0.47984904050827026,0.00037409591604955497,0.000276587757980451,0.9795012027025223,4,4,5,0.0,2 5 3 4 6
1805,3,sigma_1p0__kernel_9__order_2,1.0,9,2,6536,0.050000000000000044,0.16670595109462738,0.0002908212287972371,0.0005150713259354234,0.9424414601748395,2,2,3,0.0,3 5 6
1806,3,sigma_1p0__kernel_9__order_2,1.0,9,2,6541,0.050000000000000044,0.5868489742279053,0.00027518130373209714,0.0003388386103324592,0.9784358720008315,4,4,5,0.0,2 5 3 4 6
1807,3,sigma_1p0__kernel_9__order_2,1.0,9,2,6544,0.050000000000000044,0.14571017026901245,0.0002487281017238274,0.000565270078368485,0.9617493440896521,2,2,3,0.0,5 3 6
1808,3,sigma_1p0__kernel_9__order_2,1.0,9,2,6546,0.050000000000000044,0.08941388130187988,0.0003517958102747798,0.0015358374221250415,0.9197421913942174,1,1,2,0.0,4 6
1809,3,sigma_1p0__kernel_9__order_2,1.0,9,2,6548,0.050000000000000044,0.07726895809173584,0.00030375046480912715,0.00043727908632718027,0.930795111674616,1,1,2,0.0,4 6
1810,3,sigma_1p0__kernel_9__order_2,1.0,9,2,6553,0.050000000000000044,0.6069170832633972,0.00028160182118881495,0.0002913416246883571,0.978467700810268,4,4,5,0.0,2 3 5 4 6
1811,3,sigma_1p0__kernel_9__order_2,1.0,9,2,6557,0.050000000000000044,0.27070730924606323,0.00032976962393149734,0.00016201628022827208,0.9809971033605469,3,3,4,0.0,4 3 5 6
1812,3,sigma_1p0__kernel_9__order_2,1.0,9,2,6561,0.050000000000000044,0.17186933755874634,0.0003276052084402181,0.00016244305879808962,0.9840680202746079,3,3,4,0.0,4 3 5 6
1813,3,sigma_1p0__kernel_9__order_2,1.0,9,2,6563,0.050000000000000044,0.302570104598999,0.00035970061435364187,0.0004234554944559932,0.9546272863637253,1,1,2,0.0,4 6
1814,3,sigma_1p0__kernel_9__order_2,1.0,9,2,6565,0.050000000000000044,0.09576810151338577,0.00022053952852729708,0.0003033298416994512,0.95530721747209,1,1,2,0.0,4 6
1815,3,sigma_1p0__kernel_9__order_2,1.0,9,2,6567,0.050000000000000044,0.06959661841392517,0.00033267695107497275,0.001075812499038875,0.9304968564284968,1,1,2,0.0,2 6
1816,3,sigma_1p0__kernel_9__order_2,1.0,9,2,6571,0.050000000000000044,0.45421579480171204,0.00030498585329041816,0.0002658700686879456,0.9685054444104397,3,3,4,0.0,5 3 4 6
1817,3,sigma_1p0__kernel_9__order_2,1.0,9,2,6576,0.050000000000000044,0.5538358688354492,0.00029998052050359545,0.00032918446231633425,0.9623376832528574,4,4,5,0.0,1 3 4 5 6
1818,3,sigma_1p0__kernel_9__order_2,1.0,9,2,6580,0.050000000000000044,0.45929238200187683,0.00031698355451226234,0.0006882387679070234,0.9495375515022686,3,3,4,0.0,3 5 4 6
1819,3,sigma_1p0__kernel_9__order_2,1.0,9,2,6584,0.050000000000000044,0.5071699619293213,0.0002856264982256107,0.00011563707084860653,0.9869697132944069,3,3,4,0.0,3 5 4 6
1820,3,sigma_1p0__kernel_9__order_2,1.0,9,2,6588,0.050000000000000044,0.28650835156440735,0.00033045056625269353,0.0002764974778983742,0.9829256227871184,3,3,4,0.0,4 3 5 6
1821,3,sigma_1p0__kernel_9__order_2,1.0,9,2,6593,0.050000000000000044,0.47984904050827026,0.0004149083921220154,0.000276587757980451,0.9795012027025223,4,4,5,0.0,2 5 4 3 6
1822,3,sigma_1p0__kernel_9__order_2,1.0,9,2,6595,0.050000000000000044,0.08822499215602875,0.0003443488240009174,0.0010199007811024785,0.9173677836353231,1,1,2,0.0,4 6
1823,3,sigma_1p0__kernel_9__order_2,1.0,9,2,6600,0.050000000000000044,0.6383658647537231,0.00032215898099821063,0.00011450669262558222,0.9892929023957848,4,4,5,0.0,2 4 5 3 6
1824,3,sigma_1p0__kernel_9__order_2,1.0,9,2,6602,0.050000000000000044,0.08822499215602875,0.0003144276997772977,0.0010199007811024785,0.9173677836353231,1,1,2,0.0,4 6
1825,3,sigma_1p0__kernel_9__order_2,1.0,9,2,6607,0.050000000000000044,0.6069170832633972,0.0003487426554784179,0.0002913416246883571,0.978467700810268,4,4,5,0.0,2 4 3 5 6
1826,3,sigma_1p0__kernel_9__order_2,1.0,9,2,6611,0.050000000000000044,0.2811933755874634,0.00030010314367245883,0.0003074454143643379,0.9758183664501635,3,3,4,0.0,4 3 5 6
1827,3,sigma_1p0__kernel_9__order_2,1.0,9,2,6614,0.050000000000000044,0.053515031933784485,0.0002883847919292748,0.0005893054767511785,0.9579313293046248,2,2,3,0.0,4 1 6
1828,3,sigma_1p0__kernel_9__order_2,1.0,9,2,6615,0.050000000000000044,0.0,0.00025729325716383755,0.002307247370481491,0.8727007565242498,0,0,1,0.0,6
1829,3,sigma_1p0__kernel_9__order_2,1.0,9,2,6617,0.050000000000000044,0.09576810151338577,0.0002879715684684925,0.0003033298416994512,0.95530721747209,1,1,2,0.0,4 6
1830,3,sigma_1p0__kernel_9__order_2,1.0,9,2,6620,0.050000000000000044,0.06265982985496521,0.0003046274311297263,0.0002786641416605562,0.9558891489233613,2,2,3,0.0,4 3 6
1831,3,sigma_1p0__kernel_9__order_2,1.0,9,2,6624,0.050000000000000044,0.45421579480171204,0.00030840697581879795,0.0002658700686879456,0.9685054444104397,3,3,4,0.0,5 3 4 6
1832,3,sigma_1p0__kernel_9__order_2,1.0,9,2,6629,0.050000000000000044,0.6069170236587524,0.00026283830229658636,0.0002913416246883571,0.978467700810268,4,4,5,0.0,5 3 4 2 6
1833,3,sigma_1p0__kernel_9__order_2,1.0,9,2,6634,0.050000000000000044,0.5868489742279053,0.0002771868254058063,0.0003388386103324592,0.9784358720008315,4,4,5,0.0,2 3 5 4 6
1834,3,sigma_1p0__kernel_9__order_2,1.0,9,2,6636,0.050000000000000044,0.0648743212223053,0.00026092845655512065,0.0008704448118805885,0.9311037377568403,1,1,2,0.0,2 6
1835,3,sigma_1p0__kernel_9__order_2,1.0,9,2,6639,0.050000000000000044,0.1506832242012024,0.00023805263723867634,0.0008174586109817028,0.9402529282958272,2,2,3,0.0,3 5 6
1836,3,sigma_1p0__kernel_9__order_2,1.0,9,2,6641,0.050000000000000044,0.08822499215602875,0.0002737084141699597,0.0010199007811024785,0.9173677836353231,1,1,2,0.0,4 6
1837,3,sigma_1p0__kernel_9__order_2,1.0,9,2,6646,0.050000000000000044,0.6383658647537231,0.0003106017247773707,0.00011450669262558222,0.9892929023957848,4,4,5,0.0,2 5 4 3 6
1838,3,sigma_1p0__kernel_9__order_2,1.0,9,2,6651,0.050000000000000044,0.4918782711029053,0.0003322143282275647,0.00028312637005001307,0.9826177732485228,4,4,5,0.0,2 5 3 4 6
1839,3,sigma_1p0__kernel_9__order_2,1.0,9,2,6656,0.050000000000000044,0.5868489742279053,0.00032301712199114265,0.0003388386103324592,0.9784358720008315,4,4,5,0.0,2 5 4 3 6
1840,3,sigma_1p0__kernel_9__order_2,1.0,9,2,6659,0.050000000000000044,0.1401793360710144,0.00026179520743122947,0.0006530879763886333,0.9352612300342952,2,2,3,0.0,3 5 6
1841,3,sigma_1p0__kernel_9__order_2,1.0,9,2,6663,0.050000000000000044,0.25167810916900635,0.00033511518995510414,0.0002688246313482523,0.9730571657596389,3,3,4,0.0,4 3 5 6
1842,3,sigma_1p0__kernel_9__order_2,1.0,9,2,6666,0.050000000000000044,0.174459308385849,0.00025542174504759413,0.0003397577675059438,0.9633346566759874,2,2,3,0.0,3 5 6
1843,3,sigma_1p0__kernel_9__order_2,1.0,9,2,6670,0.050000000000000044,0.24948528409004211,0.0003262982645537704,0.0003499265876598656,0.9686965808254643,3,3,4,0.0,4 3 5 6
1844,3,sigma_1p0__kernel_9__order_2,1.0,9,2,6673,0.050000000000000044,0.13575655221939087,0.0002799193801668783,0.000681609264574945,0.9340688566390456,2,2,3,0.0,4 3 6
1845,3,sigma_1p0__kernel_9__order_2,1.0,9,2,6676,0.050000000000000044,0.13575655221939087,0.0002478090609656647,0.000681609264574945,0.9340688566390456,2,2,3,0.0,4 3 6
1846,3,sigma_1p0__kernel_9__order_2,1.0,9,2,6681,0.050000000000000044,0.6383658647537231,0.0003497714700642973,0.00011450669262558222,0.9892929023957848,4,4,5,0.0,2 4 5 3 6
1847,3,sigma_1p0__kernel_9__order_2,1.0,9,2,6685,0.050000000000000044,0.2811933755874634,0.00039189987001009285,0.0003074454143643379,0.9758183664501635,3,3,4,0.0,4 3 5 6
1848,3,sigma_1p0__kernel_9__order_2,1.0,9,2,6690,0.050000000000000044,0.620286226272583,0.00033118383726105094,0.00011107099999208003,0.9894046905526933,5,5,6,0.0,2 1 4 5 3
1849,3,sigma_1p0__kernel_9__order_2,1.0,9,2,6694,0.050000000000000044,0.14680367708206177,0.0003750562245841138,0.0004541786329355091,0.9655303865777468,3,3,4,0.0,4 3 5 6
1850,3,sigma_1p0__kernel_9__order_2,1.0,9,2,6698,0.050000000000000044,0.45421579480171204,0.00033162593172164634,0.0002658700686879456,0.9685054444104397,3,3,4,0.0,5 3 4 6
1851,3,sigma_1p0__kernel_9__order_2,1.0,9,2,6703,0.050000000000000044,0.6045166254043579,0.00023431268637068569,0.0002249711542390287,0.9793051375468194,4,4,5,0.0,1 3 4 5 6
1852,3,sigma_1p0__kernel_9__order_2,1.0,9,2,6708,0.050000000000000044,0.5921776294708252,0.0002739250136073679,0.00013836355356033891,0.98337805267605,4,4,5,0.0,2 3 5 4 6
1853,3,sigma_1p0__kernel_9__order_2,1.0,9,2,6712,0.050000000000000044,0.5071699619293213,0.00027773186229751445,0.00011563707084860653,0.9869697132944069,3,3,4,0.0,3 5 4 6
1854,3,sigma_1p0__kernel_9__order_2,1.0,9,2,6717,0.050000000000000044,0.2318192720413208,0.00026244263281114397,0.0003047949285246432,0.9760491947392079,4,4,5,0.0,4 3 5 1 6
1855,3,sigma_1p0__kernel_9__order_2,1.0,9,2,6721,0.050000000000000044,0.2447340488433838,0.0002977306976390537,0.0005987586337141693,0.9625195515354238,3,3,4,0.0,4 3 5 6
1856,3,sigma_1p0__kernel_9__order_2,1.0,9,2,6725,0.050000000000000044,0.10269041359424591,0.0003383182702236809,0.000389652035664767,0.9605089784129196,3,3,4,0.0,4 3 2 6
1857,3,sigma_1p0__kernel_9__order_2,1.0,9,2,6730,0.050000000000000044,0.5921776294708252,0.00029133530624676497,0.00013836355356033891,0.98337805267605,4,4,5,0.0,2 3 5 4 6
1858,3,sigma_1p0__kernel_9__order_2,1.0,9,2,6734,0.050000000000000044,0.24948525428771973,0.0002673639974091202,0.0003499265876598656,0.9686965808254643,3,3,4,0.0,3 5 4 6
1859,3,sigma_1p0__kernel_9__order_2,1.0,9,2,6737,0.050000000000000044,0.14571017026901245,0.00024202336984065673,0.000565270078368485,0.9617493440896521,2,2,3,0.0,3 5 6
1860,3,sigma_1p0__kernel_9__order_2,1.0,9,2,6739,0.050000000000000044,0.07131662219762802,0.00035555657814256847,0.0008881487883627415,0.9203812204097596,1,1,2,0.0,4 6
1861,3,sigma_1p0__kernel_9__order_2,1.0,9,2,6742,0.050000000000000044,0.16670595109462738,0.0003079610420779015,0.0005150713259354234,0.9424414601748395,2,2,3,0.0,3 5 6
1862,3,sigma_1p0__kernel_9__order_2,1.0,9,2,6746,0.050000000000000044,0.2811933755874634,0.00029045643168501556,0.0003074454143643379,0.9758183664501635,3,3,4,0.0,4 3 5 6
1863,3,sigma_1p0__kernel_9__order_2,1.0,9,2,6750,0.050000000000000044,0.253742516040802,0.00031737969402456656,0.0003305163118056953,0.9657473915503509,3,3,4,0.0,4 3 5 6
1864,3,sigma_1p0__kernel_9__order_2,1.0,9,2,6754,0.050000000000000044,0.23954163491725922,0.00037910640094196424,0.00046948809176683426,0.9537005855587801,3,3,4,0.0,3 5 4 6
1865,3,sigma_1p0__kernel_9__order_2,1.0,9,2,6757,0.050000000000000044,0.1506832242012024,0.00037896749563515186,0.0008174586109817028,0.9402529282958272,2,2,3,0.0,3 5 6
1866,3,sigma_1p0__kernel_9__order_2,1.0,9,2,6761,0.050000000000000044,0.5734812617301941,0.00037944194627925754,0.00033009552862495184,0.9623021453477256,3,3,4,0.0,3 5 4 6
1867,3,sigma_1p0__kernel_9__order_2,1.0,9,2,6766,0.050000000000000044,0.5868489742279053,0.0003671464917715639,0.0003388386103324592,0.9784358720008315,4,4,5,0.0,2 5 3 4 6
1868,3,sigma_1p0__kernel_9__order_2,1.0,9,2,6768,0.050000000000000044,0.059138376265764236,0.00029848667327314615,0.0004956048796884716,0.9446995850036742,1,1,2,0.0,1 6
1869,3,sigma_1p0__kernel_9__order_2,1.0,9,2,6772,0.050000000000000044,0.27070730924606323,0.0003637533445726149,0.00016201628022827208,0.9809971033605469,3,3,4,0.0,4 3 5 6
1870,3,sigma_1p0__kernel_9__order_2,1.0,9,2,6775,0.050000000000000044,0.14571017026901245,0.000336344848619774,0.000565270078368485,0.9617493440896521,2,2,3,0.0,3 5 6
1871,3,sigma_1p0__kernel_9__order_2,1.0,9,2,6779,0.050000000000000044,0.25167810916900635,0.0003555279108695686,0.0002688246313482523,0.9730571657596389,3,3,4,0.0,4 3 5 6
1872,3,sigma_1p0__kernel_9__order_2,1.0,9,2,6781,0.050000000000000044,0.035729821771383286,0.0003952757688239217,0.0015412995126098394,0.9279579401069391,1,1,2,0.0,4 6
1873,3,sigma_1p0__kernel_9__order_2,1.0,9,2,6785,0.050000000000000044,0.43311983346939087,0.00036580488085746765,0.00047925321268849075,0.9483131717770902,3,3,4,0.0,3 5 4 6
1874,3,sigma_1p0__kernel_9__order_2,1.0,9,2,6787,0.050000000000000044,0.10135974735021591,0.0002598961291369051,0.0007019987679086626,0.9483417614355382,1,1,2,0.0,4 6
1875,3,sigma_1p0__kernel_9__order_2,1.0,9,2,6791,0.050000000000000044,0.5734812617301941,0.0003338293172419071,0.00033009552862495184,0.9623021453477256,3,3,4,0.0,4 5 3 6
1876,3,sigma_1p0__kernel_9__order_2,1.0,9,2,6796,0.050000000000000044,0.5681328773498535,0.00036257701576687397,0.0003357348614372313,0.9786668139710296,5,5,6,0.0,2 5 4 1 3
1877,3,sigma_1p0__kernel_9__order_2,1.0,9,2,6798,0.050000000000000044,0.035729821771383286,0.0003466470807325095,0.0015412995126098394,0.9279579401069391,1,1,2,0.0,4 6
1878,3,sigma_1p0__kernel_9__order_2,1.0,9,2,6799,0.050000000000000044,0.0,0.0002399027580395341,0.002674042247235775,0.7187610580613581,0,0,1,0.0,6
1879,3,sigma_1p0__kernel_9__order_2,1.0,9,2,6801,0.050000000000000044,0.07131662219762802,0.00035145069705322385,0.0008881487883627415,0.9203812204097596,1,1,2,0.0,4 6
1880,3,sigma_1p0__kernel_9__order_2,1.0,9,2,6805,0.050000000000000044,0.2811933755874634,0.00031766101528774016,0.0003074454143643379,0.9758183664501635,3,3,4,0.0,4 3 5 6
1881,3,sigma_1p0__kernel_9__order_2,1.0,9,2,6810,0.050000000000000044,0.37322887778282166,0.0003585002152249217,0.00047905812971293926,0.9483566799961854,5,5,6,0.0,1 3 4 5 2
1882,3,sigma_1p0__kernel_9__order_2,1.0,9,2,6813,0.050000000000000044,0.16950292885303497,0.00032661700970493257,0.0002968789776787162,0.967183250787709,2,2,3,0.0,3 5 6
1883,3,sigma_1p0__kernel_9__order_2,1.0,9,2,6817,0.050000000000000044,0.23954163491725922,0.0003071519822697155,0.00046948809176683426,0.9537005855587801,3,3,4,0.0,3 5 4 6
1884,3,sigma_1p0__kernel_9__order_2,1.0,9,2,6822,0.050000000000000044,0.6128672361373901,0.00034070141264237465,0.000251567893428728,0.9801240219655983,4,4,5,0.0,3 5 4 2 6
1885,3,sigma_1p0__kernel_9__order_2,1.0,9,2,6826,0.050000000000000044,0.45421576499938965,0.0002769552665995434,0.0002658700686879456,0.9685054444104397,3,3,4,0.0,3 5 4 6
1886,3,sigma_1p0__kernel_9__order_2,1.0,9,2,6829,0.050000000000000044,0.14571017026901245,0.00041534501360729337,0.000565270078368485,0.9617493440896521,2,2,3,0.0,3 5 6
1887,3,sigma_1p0__kernel_9__order_2,1.0,9,2,6833,0.050000000000000044,0.1039593368768692,0.00036976130650145933,0.0008596146362833679,0.9272331046505292,3,3,4,0.0,4 5 3 6
1888,3,sigma_1p0__kernel_9__order_2,1.0,9,2,6836,0.050000000000000044,0.11879583448171616,0.0002726659052617227,0.00117316038813442,0.8967012005916816,2,2,3,0.0,3 5 6
1889,3,sigma_1p0__kernel_9__order_2,1.0,9,2,6840,0.050000000000000044,0.6570553779602051,0.0002639451740833465,0.00011739555338863283,0.9893193590265392,3,3,4,0.0,3 5 4 6
1890,3,sigma_1p0__kernel_9__order_2,1.0,9,2,6844,0.050000000000000044,0.43311983346939087,0.0003006220140377991,0.00047925321268849075,0.9483131717770902,3,3,4,0.0,3 4 5 6
1891,3,sigma_1p0__kernel_9__order_2,1.0,9,2,6848,0.050000000000000044,0.12467913329601288,0.00036258956970414147,0.00030318705830723047,0.966498975202388,3,3,4,0.0,4 3 1 6
1892,3,sigma_1p0__kernel_9__order_2,1.0,9,2,6852,0.050000000000000044,0.5734812617301941,0.0003434438658587169,0.00033009552862495184,0.9623021453477256,3,3,4,0.0,3 5 4 6
1893,3,sigma_1p0__kernel_9__order_2,1.0,9,2,6855,0.050000000000000044,0.16670595109462738,0.00028418373646369827,0.0005150713259354234,0.9424414601748395,2,2,3,0.0,3 5 6
1894,3,sigma_1p0__kernel_9__order_2,1.0,9,2,6858,0.050000000000000044,0.1506832242012024,0.0003089593180144827,0.0008174586109817028,0.9402529282958272,2,2,3,0.0,3 5 6
1895,3,sigma_1p0__kernel_9__order_2,1.0,9,2,6860,0.050000000000000044,0.08291575312614441,0.0003295793940196745,0.0010219656396657228,0.9112541051791908,1,1,2,0.0,2 6
1896,3,sigma_1p0__kernel_9__order_2,1.0,9,2,6865,0.050000000000000044,0.5950121283531189,0.00023036830534692854,0.00024510215735062957,0.980296102789863,5,5,6,0.0,1 2 5 4 3
1897,3,sigma_1p0__kernel_9__order_2,1.0,9,2,6869,0.050000000000000044,0.50069260597229,0.0002690787805477157,0.00017175794346258044,0.9811322692954441,3,3,4,0.0,5 3 4 6
1898,3,sigma_1p0__kernel_9__order_2,1.0,9,2,6873,0.050000000000000044,0.5074523687362671,0.00030803290428593755,0.00028734508669003844,0.9792653489835764,3,3,4,0.0,3 5 4 6
1899,3,sigma_1p0__kernel_9__order_2,1.0,9,2,6877,0.050000000000000044,0.253742516040802,0.000328593268932309,0.0003305163118056953,0.9657473915503509,3,3,4,0.0,4 3 5 6
1900,3,sigma_1p0__kernel_9__order_2,1.0,9,2,6881,0.050000000000000044,0.6313903331756592,0.00029580224509118125,0.0002559213316999376,0.9799899954114034,3,3,4,0.0,3 5 4 6
1901,3,sigma_1p0__kernel_9__order_2,1.0,9,2,6883,0.050000000000000044,0.07131662219762802,0.00023111332120606676,0.0008881487883627415,0.9203812204097596,1,1,2,0.0,4 6
1902,3,sigma_1p0__kernel_9__order_2,1.0,9,2,6887,0.050000000000000044,0.45929238200187683,0.00035813110298477113,0.0006882387679070234,0.9495375515022686,3,3,4,0.0,3 5 4 6
1903,3,sigma_1p0__kernel_9__order_2,1.0,9,2,6891,0.050000000000000044,0.253742516040802,0.0003413156227907166,0.0003305163118056953,0.9657473915503509,3,3,4,0.0,4 3 5 6
1904,3,sigma_1p0__kernel_9__order_2,1.0,9,2,6895,0.050000000000000044,0.5208901762962341,0.00024651436979183927,0.00028643847326748073,0.9824312456155929,3,3,4,0.0,3 5 4 6
1905,3,sigma_1p0__kernel_9__order_2,1.0,9,2,6899,0.050000000000000044,0.6237078309059143,0.00031966322421794757,0.00022654430358670652,0.9791596898638536,3,3,4,0.0,3 5 4 6
1906,3,sigma_1p0__kernel_9__order_2,1.0,9,2,6902,0.050000000000000044,0.11879583448171616,0.0002660959483667587,0.00117316038813442,0.8967012005916816,2,2,3,0.0,3 5 6
1907,3,sigma_1p0__kernel_9__order_2,1.0,9,2,6905,0.050000000000000044,0.137592613697052,0.00024875300005078316,0.0008260032045654953,0.9129568341583474,2,2,3,0.0,5 3 6
1908,3,sigma_1p0__kernel_9__order_2,1.0,9,2,6908,0.050000000000000044,0.1506832242012024,0.00034744110113630694,0.0008174586109817028,0.9402529282958272,2,2,3,0.0,3 5 6
1909,3,sigma_1p0__kernel_9__order_2,1.0,9,2,6912,0.050000000000000044,0.41477468609809875,0.00037494098796742037,0.0005729258991777897,0.9485109874205697,3,3,4,0.0,3 5 4 6
1910,3,sigma_1p0__kernel_9__order_2,1.0,9,2,6915,0.050000000000000044,0.137592613697052,0.00026109016228777665,0.0008260032045654953,0.9129568341583474,2,2,3,0.0,3 5 6
1911,3,sigma_1p0__kernel_9__order_2,1.0,9,2,6920,0.050000000000000044,0.6046931743621826,0.00026626838371157646,0.00022461751359514892,0.9793347819806846,4,4,5,0.0,3 5 2 4 6
1912,3,sigma_1p0__kernel_9__order_2,1.0,9,2,6924,0.050000000000000044,0.253742516040802,0.00027238533220952377,0.0003305163118056953,0.9657473915503509,3,3,4,0.0,4 3 5 6
1913,3,sigma_1p0__kernel_9__order_2,1.0,9,2,6926,0.050000000000000044,0.07131662219762802,0.00041804111970122904,0.0008881487883627415,0.9203812204097596,1,1,2,0.0,4 6
1914,3,sigma_1p0__kernel_9__order_2,1.0,9,2,6930,0.050000000000000044,0.15600349009037018,0.0003372630526428111,0.00016633210179861635,0.9804948296721285,3,3,4,0.0,4 3 5 6
1915,3,sigma_1p0__kernel_9__order_2,1.0,9,2,6935,0.050000000000000044,0.6069180965423584,0.0003543697530403733,0.0002915810910053551,0.9785065628083226,4,4,5,0.0,3 5 1 4 6
1916,3,sigma_1p0__kernel_9__order_2,1.0,9,2,6938,0.050000000000000044,0.14571017026901245,0.00022955526461979994,0.000565270078368485,0.9617493440896521,2,2,3,0.0,3 5 6
1917,3,sigma_1p0__kernel_9__order_2,1.0,9,2,6942,0.050000000000000044,0.5074523687362671,0.0003751419826585334,0.00028734508669003844,0.9792653489835764,3,3,4,0.0,3 5 4 6
1918,3,sigma_1p0__kernel_9__order_2,1.0,9,2,6946,0.050000000000000044,0.25167810916900635,0.0003167218674207106,0.0002688246313482523,0.9730571657596389,3,3,4,0.0,4 3 5 6
1919,3,sigma_1p0__kernel_9__order_2,1.0,9,2,6951,0.050000000000000044,0.5681328773498535,0.0002732945926254615,0.0003357348614372313,0.9786668139710296,5,5,6,0.0,2 4 5 1 3
1920,3,sigma_1p0__kernel_9__order_2,1.0,9,2,6954,0.050000000000000044,0.16670595109462738,0.0002511140628485009,0.0005150713259354234,0.9424414601748395,2,2,3,0.0,3 5 6
1921,3,sigma_1p0__kernel_9__order_2,1.0,9,2,6956,0.050000000000000044,0.06959661841392517,0.000374370880308561,0.001075812499038875,0.9304968564284968,1,1,2,0.0,2 6
1922,3,sigma_1p0__kernel_9__order_2,1.0,9,2,6958,0.050000000000000044,0.08126659691333771,0.00018531756359152496,0.0003977040178142488,0.9477260804488175,1,1,2,0.0,4 6
1923,3,sigma_1p0__kernel_9__order_2,1.0,9,2,6961,0.050000000000000044,0.15685917437076569,0.0002722664406367888,0.000404927326599136,0.9581154177007437,2,2,3,0.0,4 3 6
1924,3,sigma_1p0__kernel_9__order_2,1.0,9,2,6965,0.050000000000000044,0.2811933755874634,0.0002831102865457069,0.0003074454143643379,0.9758183664501635,3,3,4,0.0,4 3 5 6
1925,3,sigma_1p0__kernel_9__order_2,1.0,9,2,6969,0.050000000000000044,0.253742516040802,0.00025451603141846135,0.0003305163118056953,0.9657473915503509,3,3,4,0.0,4 3 5 6
1926,3,sigma_1p0__kernel_9__order_2,1.0,9,2,6971,0.050000000000000044,0.08126659691333771,0.0002836502098944038,0.0003977040178142488,0.9477260804488175,1,1,2,0.0,4 6
1927,3,sigma_1p0__kernel_9__order_2,1.0,9,2,6975,0.050000000000000044,0.5208901762962341,0.0003005995458806865,0.00028643847326748073,0.9824312456155929,3,3,4,0.0,3 5 4 6
1928,3,sigma_1p0__kernel_9__order_2,1.0,9,2,6979,0.050000000000000044,0.1039593368768692,0.0002707278144953307,0.0008596146362833679,0.9272331046505292,3,3,4,0.0,4 3 5 6
1929,3,sigma_1p0__kernel_9__order_2,1.0,9,2,6983,0.050000000000000044,0.14680367708206177,0.0003267532811150886,0.0004541786329355091,0.9655303865777468,3,3,4,0.0,4 3 5 6
1930,3,sigma_1p0__kernel_9__order_2,1.0,9,2,6987,0.050000000000000044,0.5071699619293213,0.00024573005430283956,0.00011563707084860653,0.9869697132944069,3,3,4,0.0,3 5 4 6
1931,3,sigma_1p0__kernel_9__order_2,1.0,9,2,6991,0.050000000000000044,0.253742516040802,0.00026001871447078884,0.0003305163118056953,0.9657473915503509,3,3,4,0.0,4 3 5 6
1932,3,sigma_1p0__kernel_9__order_2,1.0,9,2,6995,0.050000000000000044,0.2811933755874634,0.0002847836440196261,0.0003074454143643379,0.9758183664501635,3,3,4,0.0,4 3 5 6
1933,3,sigma_1p0__kernel_9__order_2,1.0,9,2,7000,0.050000000000000044,0.5917484760284424,0.0002508903213310987,0.00013889899128116667,0.983347794991186,4,4,5,0.0,1 5 3 4 6
1934,3,sigma_1p0__kernel_9__order_2,1.0,9,2,7004,0.050000000000000044,0.10611879825592041,0.00034697301452979445,0.0004558584769256413,0.96605819220988,3,3,4,0.0,5 1 3 6
1935,3,sigma_1p0__kernel_9__order_2,1.0,9,2,7006,0.050000000000000044,0.07131662219762802,0.0004238362016621977,0.0008881487883627415,0.9203812204097596,1,1,2,0.0,4 6
1936,3,sigma_1p0__kernel_9__order_2,1.0,9,2,7010,0.050000000000000044,0.45929238200187683,0.0003382741997484118,0.0006882387679070234,0.9495375515022686,3,3,4,0.0,3 5 4 6
1937,3,sigma_1p0__kernel_9__order_2,1.0,9,2,7013,0.050000000000000044,0.1401793360710144,0.0004324368880285571,0.0006530879763886333,0.9352612300342952,2,2,3,0.0,3 5 6
1938,3,sigma_1p0__kernel_9__order_2,1.0,9,2,7015,0.050000000000000044,0.07131662219762802,0.000400993405492045,0.0008881487883627415,0.9203812204097596,1,1,2,0.0,4 6
1939,3,sigma_1p0__kernel_9__order_2,1.0,9,2,7019,0.050000000000000044,0.2811933755874634,0.0004990432862541638,0.0003074454143643379,0.9758183664501635,3,3,4,0.0,4 3 5 6
1940,3,sigma_1p0__kernel_9__order_2,1.0,9,2,7023,0.050000000000000044,0.5071699619293213,0.00034885460627265275,0.00011563707084860653,0.9869697132944069,3,3,4,0.0,5 3 4 6
1941,3,sigma_1p0__kernel_9__order_2,1.0,9,2,7027,0.050000000000000044,0.24948525428771973,0.0003493267468002159,0.0003499265876598656,0.9686965808254643,3,3,4,0.0,3 5 4 6
1942,3,sigma_1p0__kernel_9__order_2,1.0,9,2,7030,0.050000000000000044,0.11879583448171616,0.00038029166171327233,0.00117316038813442,0.8967012005916816,2,2,3,0.0,3 5 6
1943,3,sigma_1p0__kernel_9__order_2,1.0,9,2,7033,0.050000000000000044,0.1401793360710144,0.0004943913081660867,0.0006530879763886333,0.9352612300342952,2,2,3,0.0,5 3 6
1944,3,sigma_1p0__kernel_9__order_2,1.0,9,2,7036,0.050000000000000044,0.0692678764462471,0.0003962783278742184,0.0006569871911779046,0.9474752098676282,2,2,3,0.0,3 5 6
1945,3,sigma_1p0__kernel_9__order_2,1.0,9,2,7040,0.050000000000000044,0.45929238200187683,0.000538987762411125,0.0006882387679070234,0.9495375515022686,3,3,4,0.0,5 3 4 6
1946,3,sigma_1p0__kernel_9__order_2,1.0,9,2,7042,0.050000000000000044,0.08941388130187988,0.0003723236150108278,0.0015358374221250415,0.9197421913942174,1,1,2,0.0,4 6
1947,3,sigma_1p0__kernel_9__order_2,1.0,9,2,7046,0.050000000000000044,0.6570553779602051,0.0003777960082516074,0.00011739555338863283,0.9893193590265392,3,3,4,0.0,5 3 4 6
1948,3,sigma_1p0__kernel_9__order_2,1.0,9,2,7050,0.050000000000000044,0.1501276046037674,0.0003121106856269762,0.00026568223256617785,0.9782780824178181,3,3,4,0.0,3 4 5 6
1949,3,sigma_1p0__kernel_9__order_2,1.0,9,2,7054,0.050000000000000044,0.2447340488433838,0.0004988283908460289,0.0005987586337141693,0.9625195515354238,3,3,4,0.0,4 3 5 6
1950,3,sigma_1p0__kernel_9__order_2,1.0,9,2,7058,0.050000000000000044,0.1275491565465927,0.00037423838512040675,0.0005528352921828628,0.945498015753721,3,3,4,0.0,4 3 5 6
1951,3,sigma_1p0__kernel_9__order_2,1.0,9,2,7060,0.050000000000000044,0.311391144990921,0.00040285199065692723,0.0006450718501582742,0.9493256867038226,1,1,2,0.0,5 6
1952,3,sigma_1p0__kernel_9__order_2,1.0,9,2,7064,0.050000000000000044,0.11602772772312164,0.0004564735500025563,0.00027861009584739804,0.9690554406710953,3,3,4,0.0,5 1 3 6
1953,3,sigma_1p0__kernel_9__order_2,1.0,9,2,7068,0.050000000000000044,0.6262924075126648,0.000538983556907624,0.00029329670360311866,0.978404005805604,3,3,4,0.0,5 3 4 6
1954,3,sigma_1p0__kernel_9__order_2,1.0,9,2,7072,0.050000000000000044,0.24948528409004211,0.0004986131461919285,0.0003499265876598656,0.9686965808254643,3,3,4,0.0,4 3 5 6
1955,3,sigma_1p0__kernel_9__order_2,1.0,9,2,7073,0.050000000000000044,0.0,0.00040958813042379916,0.0010371885728091002,0.8819429104379184,0,0,1,0.0,6
1956,3,sigma_1p0__kernel_9__order_2,1.0,9,2,7077,0.050000000000000044,0.23954163491725922,0.0003930877282982692,0.00046948809176683426,0.9537005855587801,3,3,4,0.0,5 3 4 6
1957,3,sigma_1p0__kernel_9__order_2,1.0,9,2,7080,0.050000000000000044,0.14607757329940796,0.0003980010806117207,0.00037195117329247296,0.9613045964846287,2,2,3,0.0,3 1 6
1958,3,sigma_1p0__kernel_9__order_2,1.0,9,2,7082,0.050000000000000044,0.09576810151338577,0.00032434824970550835,0.0003033298416994512,0.95530721747209,1,1,2,0.0,4 6
1959,3,sigma_1p0__kernel_9__order_2,1.0,9,2,7084,0.050000000000000044,0.08126659691333771,0.00026168106705881655,0.0003977040178142488,0.9477260804488175,1,1,2,0.0,4 6
1960,3,sigma_1p0__kernel_9__order_2,1.0,9,2,7088,0.050000000000000044,0.6262924075126648,0.00036685968370875344,0.00029329670360311866,0.978404005805604,3,3,4,0.0,5 3 4 6
1961,3,sigma_1p0__kernel_9__order_2,1.0,9,2,7092,0.050000000000000044,0.50069260597229,0.00040574018930783495,0.00017175794346258044,0.9811322692954441,3,3,4,0.0,5 3 4 6
1962,3,sigma_1p0__kernel_9__order_2,1.0,9,2,7096,0.050000000000000044,0.5734812617301941,0.0003215482138330117,0.00033009552862495184,0.9623021453477256,3,3,4,0.0,5 3 4 6
1963,3,sigma_1p0__kernel_9__order_2,1.0,9,2,7100,0.050000000000000044,0.28650835156440735,0.0004556476415018551,0.0002764974778983742,0.9829256227871184,3,3,4,0.0,4 3 5 6
1964,3,sigma_1p0__kernel_9__order_2,1.0,9,2,7104,0.050000000000000044,0.45929238200187683,0.000477841698739212,0.0006882387679070234,0.9495375515022686,3,3,4,0.0,3 5 4 6
1965,3,sigma_1p0__kernel_9__order_2,1.0,9,2,7108,0.050000000000000044,0.6618226766586304,0.00043107739475090057,0.00010492635192349553,0.9911175728304916,3,3,4,0.0,4 5 3 6
1966,3,sigma_1p0__kernel_9__order_2,1.0,9,2,7112,0.050000000000000044,0.5208901762962341,0.0004150003951508552,0.00028643847326748073,0.9824312456155929,3,3,4,0.0,3 5 4 6
1967,3,sigma_1p0__kernel_9__order_2,1.0,9,2,7114,0.050000000000000044,0.06959661841392517,0.00033675167651381344,0.001075812499038875,0.9304968564284968,1,1,2,0.0,2 6
1968,3,sigma_1p0__kernel_9__order_2,1.0,9,2,7116,0.050000000000000044,0.08126659691333771,0.0002910599287133664,0.0003977040178142488,0.9477260804488175,1,1,2,0.0,4 6
1969,3,sigma_1p0__kernel_9__order_2,1.0,9,2,7120,0.050000000000000044,0.27070730924606323,0.000396850606193766,0.00016201628022827208,0.9809971033605469,3,3,4,0.0,4 3 5 6
1970,3,sigma_1p0__kernel_9__order_2,1.0,9,2,7124,0.050000000000000044,0.25167810916900635,0.00035715294507099316,0.0002688246313482523,0.9730571657596389,3,3,4,0.0,4 5 3 6
1971,3,sigma_1p0__kernel_9__order_2,1.0,9,2,7128,0.050000000000000044,0.45929238200187683,0.0004141302561038174,0.0006882387679070234,0.9495375515022686,3,3,4,0.0,5 3 4 6
1972,3,sigma_1p0__kernel_9__order_2,1.0,9,2,7130,0.050000000000000044,0.09576810151338577,0.0005296412855386734,0.0003033298416994512,0.95530721747209,1,1,2,0.0,4 6
1973,3,sigma_1p0__kernel_9__order_2,1.0,9,2,7132,0.050000000000000044,0.10135974735021591,0.00027688434056472033,0.0007019987679086626,0.9483417614355382,1,1,2,0.0,4 6
1974,3,sigma_1p0__kernel_9__order_2,1.0,9,2,7136,0.050000000000000044,0.28650835156440735,0.00046156079042702913,0.0002764974778983742,0.9829256227871184,3,3,4,0.0,4 3 5 6
1975,3,sigma_1p0__kernel_9__order_2,1.0,9,2,7140,0.050000000000000044,0.6114770174026489,0.0002811541853589006,0.00013926590327173471,0.9833388140560189,3,3,4,0.0,4 5 3 6
1976,3,sigma_1p0__kernel_9__order_2,1.0,9,2,7144,0.050000000000000044,0.45421579480171204,0.0004522630188148469,0.0002658700686879456,0.9685054444104397,3,3,4,0.0,5 3 4 6
1977,3,sigma_1p0__kernel_9__order_2,1.0,9,2,7147,0.050000000000000044,0.16670595109462738,0.0004081927181687206,0.0005150713259354234,0.9424414601748395,2,2,3,0.0,5 3 6
1978,3,sigma_1p0__kernel_9__order_2,1.0,9,2,7149,0.050000000000000044,0.08822499215602875,0.0005145011527929455,0.0010199007811024785,0.9173677836353231,1,1,2,0.0,4 6
1979,3,sigma_1p0__kernel_9__order_2,1.0,9,2,7151,0.050000000000000044,0.09576810151338577,0.000382010533940047,0.0003033298416994512,0.95530721747209,1,1,2,0.0,4 6
1980,3,sigma_1p0__kernel_9__order_2,1.0,9,2,7153,0.050000000000000044,0.09576810151338577,0.0003475876001175493,0.0003033298416994512,0.95530721747209,1,1,2,0.0,4 6
1981,3,sigma_1p0__kernel_9__order_2,1.0,9,2,7155,0.050000000000000044,0.08941388130187988,0.00026982212148141116,0.0015358374221250415,0.9197421913942174,1,1,2,0.0,4 6
1982,3,sigma_1p0__kernel_9__order_2,1.0,9,2,7159,0.050000000000000044,0.6114770174026489,0.00031343493901658803,0.00013926590327173471,0.9833388140560189,3,3,4,0.0,4 5 3 6
1983,3,sigma_1p0__kernel_9__order_2,1.0,9,2,7163,0.050000000000000044,0.253742516040802,0.0002863382178475149,0.0003305163118056953,0.9657473915503509,3,3,4,0.0,4 3 5 6
1984,3,sigma_1p0__kernel_9__order_2,1.0,9,2,7166,0.050000000000000044,0.16950292885303497,0.000358172789371262,0.0002968789776787162,0.967183250787709,2,2,3,0.0,3 5 6
1985,3,sigma_1p0__kernel_9__order_2,1.0,9,2,7170,0.050000000000000044,0.5208901762962341,0.00033529534994158894,0.00028643847326748073,0.9824312456155929,3,3,4,0.0,4 3 5 6
1986,3,sigma_1p0__kernel_9__order_2,1.0,9,2,7174,0.050000000000000044,0.28650835156440735,0.0003246024498366751,0.0002764974778983742,0.9829256227871184,3,3,4,0.0,4 3 5 6
1987,3,sigma_1p0__kernel_9__order_2,1.0,9,2,7179,0.050000000000000044,0.6069180965423584,0.00036793577019125225,0.0002915810910053551,0.9785065628083226,4,4,5,0.0,5 3 1 4 6
1988,3,sigma_1p0__kernel_9__order_2,1.0,9,2,7184,0.050000000000000044,0.5858900547027588,0.0004241626593284309,0.00022222872939892113,0.9795374109472871,5,5,6,0.0,2 1 5 3 4
1989,3,sigma_1p0__kernel_9__order_2,1.0,9,2,7188,0.050000000000000044,0.24948528409004211,0.00031311206112150103,0.0003499265876598656,0.9686965808254643,3,3,4,0.0,4 3 5 6
1990,3,sigma_1p0__kernel_9__order_2,1.0,9,2,7192,0.050000000000000044,0.5074523687362671,0.0003609767954912968,0.00028734508669003844,0.9792653489835764,3,3,4,0.0,5 3 4 6
1991,3,sigma_1p0__kernel_9__order_2,1.0,9,2,7196,0.050000000000000044,0.2447340339422226,0.0004960753285558894,0.0005987586337141693,0.9625195515354238,3,3,4,0.0,3 5 4 6
1992,3,sigma_1p0__kernel_9__order_2,1.0,9,2,7199,0.050000000000000044,0.174459308385849,0.0003222026959216843,0.0003397577675059438,0.9633346566759874,2,2,3,0.0,5 3 6
1993,3,sigma_1p0__kernel_9__order_2,1.0,9,2,7204,0.050000000000000044,0.5868489742279053,0.0004883923276793212,0.0003388386103324592,0.9784358720008315,4,4,5,0.0,2 4 5 3 6
1994,3,sigma_1p0__kernel_9__order_2,1.0,9,2,7209,0.050000000000000044,0.6046932339668274,0.00035924038384109734,0.00022461751359514892,0.9793347819806846,4,4,5,0.0,5 2 4 3 6
1995,3,sigma_1p0__kernel_9__order_2,1.0,9,2,7213,0.050000000000000044,0.6114770174026489,0.00038136078364914283,0.00013926590327173471,0.9833388140560189,3,3,4,0.0,4 5 3 6
1996,3,sigma_1p0__kernel_9__order_2,1.0,9,2,7216,0.050000000000000044,0.11462096124887466,0.0003834314023454984,0.0012170630507171154,0.8954479144742175,2,2,3,0.0,4 3 6
1997,3,sigma_1p0__kernel_9__order_2,1.0,9,2,7221,0.050000000000000044,0.6381492614746094,0.00033660545013844965,0.00011533001088537276,0.9893625811468832,4,4,5,0.0,1 3 4 5 6
1998,3,sigma_1p0__kernel_9__order_2,1.0,9,2,7225,0.050000000000000044,0.25167810916900635,0.00033544380858074874,0.0002688246313482523,0.9730571657596389,3,3,4,0.0,5 3 4 6
1999,3,sigma_1p0__kernel_9__order_2,1.0,9,2,7229,0.050000000000000044,0.41477465629577637,0.00035969054442830384,0.0005729258991777897,0.9485109874205697,3,3,4,0.0,5 3 4 6
2000,3,sigma_1p0__kernel_9__order_2,1.0,9,2,7233,0.050000000000000044,0.25167810916900635,0.0002674505776667502,0.0002688246313482523,0.9730571657596389,3,3,4,0.0,4 3 5 6
2001,3,sigma_1p0__kernel_9__order_2,1.0,9,2,7237,0.050000000000000044,0.1275491565465927,0.00041468508425168693,0.0005528352921828628,0.945498015753721,3,3,4,0.0,4 3 5 6
2002,3,sigma_1p0__kernel_9__order_2,1.0,9,2,7241,0.050000000000000044,0.6237078309059143,0.0003081883041886613,0.00022654430358670652,0.9791596898638536,3,3,4,0.0,3 5 4 6
2003,3,sigma_1p0__kernel_9__order_2,1.0,9,2,7243,0.050000000000000044,0.07726895809173584,0.0003365152078913525,0.00043727908632718027,0.930795111674616,1,1,2,0.0,4 6
2004,3,sigma_1p0__kernel_9__order_2,1.0,9,2,7245,0.050000000000000044,0.08941388130187988,0.0004362106992630288,0.0015358374221250415,0.9197421913942174,1,1,2,0.0,4 6
2005,3,sigma_1p0__kernel_9__order_2,1.0,9,2,7249,0.050000000000000044,0.24948525428771973,0.00046996525998110883,0.0003499265876598656,0.9686965808254643,3,3,4,0.0,5 3 4 6
2006,3,sigma_1p0__kernel_9__order_2,1.0,9,2,7253,0.050000000000000044,0.25167810916900635,0.0004290623983251862,0.0002688246313482523,0.9730571657596389,3,3,4,0.0,4 3 5 6
2007,3,sigma_1p0__kernel_9__order_2,1.0,9,2,7257,0.050000000000000044,0.24948525428771973,0.0004942785162711516,0.0003499265876598656,0.9686965808254643,3,3,4,0.0,3 5 4 6
2008,3,sigma_1p0__kernel_9__order_2,1.0,9,2,7260,0.050000000000000044,0.1506832242012024,0.0005646829085890204,0.0008174586109817028,0.9402529282958272,2,2,3,0.0,3 5 6
2009,3,sigma_1p0__kernel_9__order_2,1.0,9,2,7262,0.050000000000000044,0.08822499215602875,0.00035344777279533446,0.0010199007811024785,0.9173677836353231,1,1,2,0.0,4 6
2010,3,sigma_1p0__kernel_9__order_2,1.0,9,2,7266,0.050000000000000044,0.1258772611618042,0.00030148284713504836,0.0004502757510636002,0.9575773105113884,3,3,4,0.0,5 4 3 6
2011,3,sigma_1p0__kernel_9__order_2,1.0,9,2,7268,0.050000000000000044,0.08941388130187988,0.0003820348356384784,0.0015358374221250415,0.9197421913942174,1,1,2,0.0,4 6
2012,3,sigma_1p0__kernel_9__order_2,1.0,9,2,7272,0.050000000000000044,0.45929238200187683,0.0004046076210215688,0.0006882387679070234,0.9495375515022686,3,3,4,0.0,5 3 4 6
2013,3,sigma_1p0__kernel_9__order_2,1.0,9,2,7276,0.050000000000000044,0.6237078309059143,0.00039587460923939943,0.00022654430358670652,0.9791596898638536,3,3,4,0.0,5 3 4 6
2014,3,sigma_1p0__kernel_9__order_2,1.0,9,2,7279,0.050000000000000044,0.174459308385849,0.0003291697454794,0.0003397577675059438,0.9633346566759874,2,2,3,0.0,5 3 6
2015,3,sigma_1p0__kernel_9__order_2,1.0,9,2,7283,0.050000000000000044,0.28650835156440735,0.0003252060560043901,0.0002764974778983742,0.9829256227871184,3,3,4,0.0,4 3 5 6
2016,3,sigma_1p0__kernel_9__order_2,1.0,9,2,7287,0.050000000000000044,0.5071699619293213,0.00033100059226853773,0.00011563707084860653,0.9869697132944069,3,3,4,0.0,5 3 4 6
2017,3,sigma_1p0__kernel_9__order_2,1.0,9,2,7292,0.050000000000000044,0.5921776294708252,0.0002833580860169604,0.00013836355356033891,0.98337805267605,4,4,5,0.0,5 4 2 3 6
2018,3,sigma_1p0__kernel_9__order_2,1.0,9,2,7294,0.050000000000000044,0.07131662219762802,0.00024768925504758954,0.0008881487883627415,0.9203812204097596,1,1,2,0.0,4 6
2019,3,sigma_1p0__kernel_9__order_2,1.0,9,2,7297,0.050000000000000044,0.1506832093000412,0.00027018515781189006,0.0008174586109817028,0.9402529282958272,2,2,3,0.0,5 3 6
2020,3,sigma_1p0__kernel_9__order_2,1.0,9,2,7301,0.050000000000000044,0.19998571276664734,0.0002617135251057334,0.0008315735612995923,0.9452090484137767,3,3,4,0.0,5 1 3 6
2021,3,sigma_1p0__kernel_9__order_2,1.0,9,2,7305,0.050000000000000044,0.2811933755874634,0.000342870298482012,0.0003074454143643379,0.9758183664501635,3,3,4,0.0,4 3 5 6
2022,3,sigma_1p0__kernel_9__order_2,1.0,9,2,7309,0.050000000000000044,0.6237078309059143,0.00030310692091006786,0.00022654430358670652,0.9791596898638536,3,3,4,0.0,5 3 4 6
2023,3,sigma_1p0__kernel_9__order_2,1.0,9,2,7313,0.050000000000000044,0.6065331697463989,0.00025765717873582616,0.00033943343441933393,0.97835539075835,3,3,4,0.0,5 3 4 6
2024,3,sigma_1p0__kernel_9__order_2,1.0,9,2,7317,0.050000000000000044,0.2447340339422226,0.0003250794907216914,0.0005987586337141693,0.9625195515354238,3,3,4,0.0,5 3 4 6
2025,3,sigma_1p0__kernel_9__order_2,1.0,9,2,7322,0.050000000000000044,0.23753072321414948,0.0004033273959066719,0.00027185611543245614,0.9831901318465629,4,4,5,0.0,2 3 4 5 6
2026,3,sigma_1p0__kernel_9__order_2,1.0,9,2,7326,0.050000000000000044,0.5071699619293213,0.000301384789054282,0.00011563707084860653,0.9869697132944069,3,3,4,0.0,5 3 4 6
2027,3,sigma_1p0__kernel_9__order_2,1.0,9,2,7329,0.050000000000000044,0.16950291395187378,0.0002585165445149566,0.0002968789776787162,0.967183250787709,2,2,3,0.0,5 3 6
2028,3,sigma_1p0__kernel_9__order_2,1.0,9,2,7331,0.050000000000000044,0.08126659691333771,0.00032544476562179625,0.0003977040178142488,0.9477260804488175,1,1,2,0.0,4 6
2029,3,sigma_1p0__kernel_9__order_2,1.0,9,2,7334,0.050000000000000044,0.1401793360710144,0.00031627461430616677,0.0006530879763886333,0.9352612300342952,2,2,3,0.0,5 3 6
2030,3,sigma_1p0__kernel_9__order_2,1.0,9,2,7338,0.050000000000000044,0.45929238200187683,0.0002892144038924016,0.0006882387679070234,0.9495375515022686,3,3,4,0.0,5 3 4 6
2031,3,sigma_1p0__kernel_9__order_2,1.0,9,2,7342,0.050000000000000044,0.6570553779602051,0.0002831289966707118,0.00011739555338863283,0.9893193590265392,3,3,4,0.0,5 3 4 6
2032,3,sigma_1p0__kernel_9__order_2,1.0,9,2,7344,0.050000000000000044,0.09576810151338577,0.00022243222338147461,0.0003033298416994512,0.95530721747209,1,1,2,0.0,4 6
2033,3,sigma_1p0__kernel_9__order_2,1.0,9,2,7348,0.050000000000000044,0.14680367708206177,0.00027584655981627293,0.0004541786329355091,0.9655303865777468,3,3,4,0.0,4 5 3 6
2034,3,sigma_1p0__kernel_9__order_2,1.0,9,2,7353,0.050000000000000044,0.6129100322723389,0.00028564629901666193,0.00025139222270809114,0.9801201290062294,4,4,5,0.0,1 5 3 4 6
2035,3,sigma_1p0__kernel_9__order_2,1.0,9,2,7355,0.050000000000000044,0.07726895809173584,0.00032988541352096945,0.00043727908632718027,0.930795111674616,1,1,2,0.0,4 6
2036,3,sigma_1p0__kernel_9__order_2,1.0,9,2,7359,0.050000000000000044,0.5734812617301941,0.00027884885639650747,0.00033009552862495184,0.9623021453477256,3,3,4,0.0,5 3 4 6
2037,3,sigma_1p0__kernel_9__order_2,1.0,9,2,7363,0.050000000000000044,0.25167810916900635,0.00039120718429330736,0.0002688246313482523,0.9730571657596389,3,3,4,0.0,4 3 5 6
2038,3,sigma_1p0__kernel_9__order_2,1.0,9,2,7367,0.050000000000000044,0.50069260597229,0.0003134872022201307,0.00017175794346258044,0.9811322692954441,3,3,4,0.0,5 3 4 6
2039,3,sigma_1p0__kernel_9__order_2,1.0,9,2,7369,0.050000000000000044,0.07726895809173584,0.00037895733839832246,0.00043727908632718027,0.930795111674616,1,1,2,0.0,4 6
2040,3,sigma_1p0__kernel_9__order_2,1.0,9,2,7372,0.050000000000000044,0.174459308385849,0.00040692870000687736,0.0003397577675059438,0.9633346566759874,2,2,3,0.0,5 3 6
2041,3,sigma_1p0__kernel_9__order_2,1.0,9,2,7374,0.050000000000000044,0.08126659691333771,0.00022034745779819787,0.0003977040178142488,0.9477260804488175,1,1,2,0.0,4 6
2042,3,sigma_1p0__kernel_9__order_2,1.0,9,2,7377,0.050000000000000044,0.11879583448171616,0.00030652076626817387,0.00117316038813442,0.8967012005916816,2,2,3,0.0,5 3 6
2043,3,sigma_1p0__kernel_9__order_2,1.0,9,2,7379,0.050000000000000044,0.10135974735021591,0.0003030368097824976,0.0007019987679086626,0.9483417614355382,1,1,2,0.0,4 6
2044,3,sigma_1p0__kernel_9__order_2,1.0,9,2,7383,0.050000000000000044,0.253742516040802,0.0003506040739011951,0.0003305163118056953,0.9657473915503509,3,3,4,0.0,4 3 5 6
2045,3,sigma_1p0__kernel_9__order_2,1.0,9,2,7388,0.050000000000000044,0.5858900547027588,0.0003319102339446545,0.00022222872939892113,0.9795374109472871,5,5,6,0.0,1 2 5 4 3
2046,3,sigma_1p0__kernel_9__order_2,1.0,9,2,7392,0.050000000000000044,0.253742516040802,0.00029679119325010106,0.0003305163118056953,0.9657473915503509,3,3,4,0.0,4 3 5 6
2047,3,sigma_1p0__kernel_9__order_2,1.0,9,2,7394,0.050000000000000044,0.07131662219762802,0.00037296730442903936,0.0008881487883627415,0.9203812204097596,1,1,2,0.0,4 6
2048,3,sigma_1p0__kernel_9__order_2,1.0,9,2,7396,0.050000000000000044,0.08941388130187988,0.00034648073778953403,0.0015358374221250415,0.9197421913942174,1,1,2,0.0,4 6
2049,3,sigma_1p0__kernel_9__order_2,1.0,9,2,7400,0.050000000000000044,0.23954163491725922,0.0002963997903862037,0.00046948809176683426,0.9537005855587801,3,3,4,0.0,5 3 4 6
2050,3,sigma_1p0__kernel_9__order_2,1.0,9,2,7404,0.050000000000000044,0.45421579480171204,0.0003446554474066943,0.0002658700686879456,0.9685054444104397,3,3,4,0.0,5 3 4 6
2051,3,sigma_1p0__kernel_9__order_2,1.0,9,2,7406,0.050000000000000044,0.08126659691333771,0.0003066414501518011,0.0003977040178142488,0.9477260804488175,1,1,2,0.0,4 6
2052,3,sigma_1p0__kernel_9__order_2,1.0,9,2,7409,0.050000000000000044,0.16670595109462738,0.00032552920553522807,0.0005150713259354234,0.9424414601748395,2,2,3,0.0,3 5 6
2053,3,sigma_1p0__kernel_9__order_2,1.0,9,2,7414,0.050000000000000044,0.4918782413005829,0.00027792316977865995,0.00028312637005001307,0.9826177732485228,4,4,5,0.0,5 3 2 4 6
2054,3,sigma_1p0__kernel_9__order_2,1.0,9,2,7418,0.050000000000000044,0.43311983346939087,0.0002570072247181088,0.00047925321268849075,0.9483131717770902,3,3,4,0.0,5 3 4 6
2055,3,sigma_1p0__kernel_9__order_2,1.0,9,2,7422,0.050000000000000044,0.5734812617301941,0.00035843320074491203,0.00033009552862495184,0.9623021453477256,3,3,4,0.0,5 3 4 6
2056,3,sigma_1p0__kernel_9__order_2,1.0,9,2,7425,0.050000000000000044,0.1506832093000412,0.0002775069054526587,0.0008174586109817028,0.9402529282958272,2,2,3,0.0,5 3 6
2057,3,sigma_1p0__kernel_9__order_2,1.0,9,2,7427,0.050000000000000044,0.20342561602592468,0.0003759389655897394,0.0008340895874425769,0.9107525692399986,1,1,2,0.0,4 6
2058,3,sigma_1p0__kernel_9__order_2,1.0,9,2,7430,0.050000000000000044,0.060170985758304596,0.0003770298499148339,0.00028558942722156644,0.9547286790382564,2,2,3,0.0,4 5 6
2059,3,sigma_1p0__kernel_9__order_2,1.0,9,2,7435,0.050000000000000044,0.6045166254043579,0.0003146772942272946,0.0002249711542390287,0.9793051375468194,4,4,5,0.0,1 3 4 5 6
2060,3,sigma_1p0__kernel_9__order_2,1.0,9,2,7439,0.050000000000000044,0.19690828025341034,0.00031000730450614356,0.0006465672631748021,0.9355344917806803,3,3,4,0.0,5 3 1 6
2061,3,sigma_1p0__kernel_9__order_2,1.0,9,2,7444,0.050000000000000044,0.6430644989013672,0.0003145546012092382,0.00010318515705876052,0.9912467853351099,4,4,5,0.0,1 3 4 5 6
2062,3,sigma_1p0__kernel_9__order_2,1.0,9,2,7449,0.050000000000000044,0.6045166254043579,0.00036600339226424696,0.0002249711542390287,0.9793051375468194,4,4,5,0.0,1 3 4 5 6
2063,3,sigma_1p0__kernel_9__order_2,1.0,9,2,7454,0.050000000000000044,0.6435295343399048,0.0002485914679709822,0.00010259622649755329,0.9913052334655054,4,4,5,0.0,2 4 5 3 6
2064,3,sigma_1p0__kernel_9__order_2,1.0,9,2,7459,0.050000000000000044,0.4918782711029053,0.00027358378283679483,0.00028312637005001307,0.9826177732485228,4,4,5,0.0,3 5 4 2 6
2065,3,sigma_1p0__kernel_9__order_2,1.0,9,2,7463,0.050000000000000044,0.27070730924606323,0.000276393042440759,0.00016201628022827208,0.9809971033605469,3,3,4,0.0,4 3 5 6
2066,3,sigma_1p0__kernel_9__order_2,1.0,9,2,7467,0.050000000000000044,0.5208902359008789,0.0002752751752268523,0.00028643847326748073,0.9824312456155929,3,3,4,0.0,5 3 4 6
2067,3,sigma_1p0__kernel_9__order_2,1.0,9,2,7470,0.050000000000000044,0.11879583448171616,0.00038187592872418463,0.00117316038813442,0.8967012005916816,2,2,3,0.0,5 3 6
2068,3,sigma_1p0__kernel_9__order_2,1.0,9,2,7475,0.050000000000000044,0.5868489742279053,0.00027773742331191895,0.0003388386103324592,0.9784358720008315,4,4,5,0.0,2 5 3 4 6
2069,3,sigma_1p0__kernel_9__order_2,1.0,9,2,7479,0.050000000000000044,0.6237078309059143,0.00034085884544765577,0.00022654430358670652,0.9791596898638536,3,3,4,0.0,5 3 4 6
2070,3,sigma_1p0__kernel_9__order_2,1.0,9,2,7483,0.050000000000000044,0.23954163491725922,0.00027488743216963485,0.00046948809176683426,0.9537005855587801,3,3,4,0.0,5 3 4 6
2071,3,sigma_1p0__kernel_9__order_2,1.0,9,2,7487,0.050000000000000044,0.5208902359008789,0.00020456033234950155,0.00028643847326748073,0.9824312456155929,3,3,4,0.0,5 3 4 6
2072,3,sigma_1p0__kernel_9__order_2,1.0,9,2,7490,0.050000000000000044,0.1401793360710144,0.0002542410560029869,0.0006530879763886333,0.9352612300342952,2,2,3,0.0,5 3 6
2073,3,sigma_1p0__kernel_9__order_2,1.0,9,2,7494,0.050000000000000044,0.27070730924606323,0.00031316711829276755,0.00016201628022827208,0.9809971033605469,3,3,4,0.0,4 3 5 6
2074,3,sigma_1p0__kernel_9__order_2,1.0,9,2,7498,0.050000000000000044,0.5071699619293213,0.00025136986369034275,0.00011563707084860653,0.9869697132944069,3,3,4,0.0,3 5 4 6
2075,3,sigma_1p0__kernel_9__order_2,1.0,9,2,7503,0.050000000000000044,0.20204561948776245,0.0005423958529718221,0.00026787116075865924,0.9731621545751653,4,4,5,0.0,4 3 1 5 6
2076,3,sigma_1p0__kernel_9__order_2,1.0,9,2,7505,0.050000000000000044,0.08126659691333771,0.0004730570362880826,0.0003977040178142488,0.9477260804488175,1,1,2,0.0,4 6
2077,3,sigma_1p0__kernel_9__order_2,1.0,9,2,7509,0.050000000000000044,0.25167810916900635,0.000503408897202462,0.0002688246313482523,0.9730571657596389,3,3,4,0.0,4 3 5 6
2078,3,sigma_1p0__kernel_9__order_2,1.0,9,2,7512,0.050000000000000044,0.07221158593893051,0.0005186835478525609,0.00046005219337530434,0.9631423900406653,2,2,3,0.0,3 5 6
2079,3,sigma_1p0__kernel_9__order_2,1.0,9,2,7514,0.050000000000000044,0.08941388130187988,0.000461307805380784,0.0015358374221250415,0.9197421913942174,1,1,2,0.0,4 6
2080,3,sigma_1p0__kernel_9__order_2,1.0,9,2,7517,0.050000000000000044,0.16670595109462738,0.0003859849724297722,0.0005150713259354234,0.9424414601748395,2,2,3,0.0,3 5 6
2081,3,sigma_1p0__kernel_9__order_2,1.0,9,2,7519,0.050000000000000044,0.10135974735021591,0.00041670231439638883,0.0007019987679086626,0.9483417614355382,1,1,2,0.0,4 6
2082,3,sigma_1p0__kernel_9__order_2,1.0,9,2,7522,0.050000000000000044,0.16670595109462738,0.00042477480019442737,0.0005150713259354234,0.9424414601748395,2,2,3,0.0,5 3 6
2083,3,sigma_1p0__kernel_9__order_2,1.0,9,2,7524,0.050000000000000044,0.08822499215602875,0.00038590362237300724,0.0010199007811024785,0.9173677836353231,1,1,2,0.0,4 6
2084,3,sigma_1p0__kernel_9__order_2,1.0,9,2,7528,0.050000000000000044,0.45929238200187683,0.0003789115507970564,0.0006882387679070234,0.9495375515022686,3,3,4,0.0,3 5 4 6
2085,3,sigma_1p0__kernel_9__order_2,1.0,9,2,7532,0.050000000000000044,0.45421579480171204,0.0004413382921484299,0.0002658700686879456,0.9685054444104397,3,3,4,0.0,5 3 4 6
2086,3,sigma_1p0__kernel_9__order_2,1.0,9,2,7536,0.050000000000000044,0.15600349009037018,0.00041802610212471336,0.00016633210179861635,0.9804948296721285,3,3,4,0.0,3 4 5 6
2087,3,sigma_1p0__kernel_9__order_2,1.0,9,2,7541,0.050000000000000044,0.5868489742279053,0.00042162485187873243,0.0003388386103324592,0.9784358720008315,4,4,5,0.0,2 3 4 5 6
2088,3,sigma_1p0__kernel_9__order_2,1.0,9,2,7546,0.050000000000000044,0.6383658647537231,0.0003490182920359075,0.00011450669262558222,0.9892929023957848,4,4,5,0.0,2 3 5 4 6
2089,3,sigma_1p0__kernel_9__order_2,1.0,9,2,7550,0.050000000000000044,0.45929238200187683,0.00040368977352045476,0.0006882387679070234,0.9495375515022686,3,3,4,0.0,3 5 4 6
2090,3,sigma_1p0__kernel_9__order_2,1.0,9,2,7554,0.050000000000000044,0.6618226766586304,0.00037464072374859825,0.00010492635192349553,0.9911175728304916,3,3,4,0.0,4 5 3 6
2091,3,sigma_1p0__kernel_9__order_2,1.0,9,2,7558,0.050000000000000044,0.5208901762962341,0.0003223391104256734,0.00028643847326748073,0.9824312456155929,3,3,4,0.0,3 5 4 6
2092,3,sigma_1p0__kernel_9__order_2,1.0,9,2,7563,0.050000000000000044,0.620286226272583,0.0003508772439090535,0.00011107099999208003,0.9894046905526933,5,5,6,0.0,2 3 5 1 4
2093,3,sigma_1p0__kernel_9__order_2,1.0,9,2,7567,0.050000000000000044,0.45421576499938965,0.0003289182350272313,0.0002658700686879456,0.9685054444104397,3,3,4,0.0,3 5 4 6
2094,3,sigma_1p0__kernel_9__order_2,1.0,9,2,7571,0.050000000000000044,0.45929238200187683,0.0002944598309113644,0.0006882387679070234,0.9495375515022686,3,3,4,0.0,3 5 4 6
2095,3,sigma_1p0__kernel_9__order_2,1.0,9,2,7575,0.050000000000000044,0.5208901762962341,0.000315146658977028,0.00028643847326748073,0.9824312456155929,3,3,4,0.0,3 5 4 6
2096,3,sigma_1p0__kernel_9__order_2,1.0,9,2,7579,0.050000000000000044,0.17186933755874634,0.00036186106444802135,0.00016244305879808962,0.9840680202746079,3,3,4,0.0,4 3 5 6
2097,3,sigma_1p0__kernel_9__order_2,1.0,9,2,7580,0.050000000000000044,0.0,0.00034514954313635826,0.0017853517783805728,0.8057641484702668,0,0,1,0.0,6
2098,3,sigma_1p0__kernel_9__order_2,1.0,9,2,7585,0.050000000000000044,0.6129100322723389,0.0003707192081492394,0.00025139222270809114,0.9801201290062294,4,4,5,0.0,1 3 4 5 6
2099,3,sigma_1p0__kernel_9__order_2,1.0,9,2,7588,0.050000000000000044,0.4304788112640381,0.0003777545546957602,0.0003168144612573087,0.962523856270044,2,2,3,0.0,5 3 6
2100,3,sigma_1p0__kernel_9__order_2,1.0,9,2,7592,0.050000000000000044,0.5071699619293213,0.00034326967579545453,0.00011563707084860653,0.9869697132944069,3,3,4,0.0,3 5 4 6
2101,3,sigma_1p0__kernel_9__order_2,1.0,9,2,7596,0.050000000000000044,0.6570553779602051,0.00025099435151787475,0.00011739555338863283,0.9893193590265392,3,3,4,0.0,3 5 4 6
2102,3,sigma_1p0__kernel_9__order_2,1.0,9,2,7601,0.050000000000000044,0.19979296624660492,0.0003812032344285399,0.0003485918277874589,0.9687668210012876,4,4,5,0.0,1 3 4 5 6
2103,3,sigma_1p0__kernel_9__order_2,1.0,9,2,7605,0.050000000000000044,0.45421576499938965,0.00033049202465917915,0.0002658700686879456,0.9685054444104397,3,3,4,0.0,3 5 4 6
2104,3,sigma_1p0__kernel_9__order_2,1.0,9,2,7607,0.050000000000000044,0.08941388130187988,0.00035676697734743357,0.0015358374221250415,0.9197421913942174,1,1,2,0.0,4 6
2105,3,sigma_1p0__kernel_9__order_2,1.0,9,2,7611,0.050000000000000044,0.23954163491725922,0.0003477842838037759,0.00046948809176683426,0.9537005855587801,3,3,4,0.0,5 3 4 6
2106,3,sigma_1p0__kernel_9__order_2,1.0,9,2,7615,0.050000000000000044,0.28650835156440735,0.00038736835995223373,0.0002764974778983742,0.9829256227871184,3,3,4,0.0,4 3 5 6
2107,3,sigma_1p0__kernel_9__order_2,1.0,9,2,7619,0.050000000000000044,0.5006925463676453,0.00034435133056831546,0.00017175794346258044,0.9811322692954441,3,3,4,0.0,3 5 4 6
2108,3,sigma_1p0__kernel_9__order_2,1.0,9,2,7624,0.050000000000000044,0.4918782711029053,0.00031791640212759377,0.00028312637005001307,0.9826177732485228,4,4,5,0.0,2 5 4 3 6
2109,3,sigma_1p0__kernel_9__order_2,1.0,9,2,7629,0.050000000000000044,0.5950121283531189,0.0002541520749218762,0.00024510215735062957,0.980296102789863,5,5,6,0.0,1 3 4 2 5
2110,3,sigma_1p0__kernel_9__order_2,1.0,9,2,7634,0.050000000000000044,0.5868489742279053,0.0003833376686088741,0.0003388386103324592,0.9784358720008315,4,4,5,0.0,2 3 5 4 6
2111,3,sigma_1p0__kernel_9__order_2,1.0,9,2,7638,0.050000000000000044,0.2811933755874634,0.00036944352177670226,0.0003074454143643379,0.9758183664501635,3,3,4,0.0,4 3 5 6
2112,3,sigma_1p0__kernel_9__order_2,1.0,9,2,7642,0.050000000000000044,0.27070730924606323,0.00031977565231500193,0.00016201628022827208,0.9809971033605469,3,3,4,0.0,4 3 5 6
2113,3,sigma_1p0__kernel_9__order_2,1.0,9,2,7645,0.050000000000000044,0.0615389421582222,0.0003219089024545004,0.00022308120969682932,0.9672981398390533,2,2,3,0.0,3 5 6
2114,3,sigma_1p0__kernel_9__order_2,1.0,9,2,7648,0.050000000000000044,0.009366929531097412,0.0003551557941439872,0.0004324982000980526,0.9319460070409616,2,2,3,0.0,2 3 6
2115,3,sigma_1p0__kernel_9__order_2,1.0,9,2,7653,0.050000000000000044,0.6435294151306152,0.00026984232245013117,0.00010259622649755329,0.9913052334655054,4,4,5,0.0,2 3 4 5 6
2116,3,sigma_1p0__kernel_9__order_2,1.0,9,2,7655,0.050000000000000044,0.08941388130187988,0.0003309572348371148,0.0015358374221250415,0.9197421913942174,1,1,2,0.0,4 6
2117,3,sigma_1p0__kernel_9__order_2,1.0,9,2,7659,0.050000000000000044,0.27070730924606323,0.000263151010585716,0.00016201628022827208,0.9809971033605469,3,3,4,0.0,4 3 5 6
2118,3,sigma_1p0__kernel_9__order_2,1.0,9,2,7663,0.050000000000000044,0.1039593368768692,0.0003310726096970029,0.0008596146362833679,0.9272331046505292,3,3,4,0.0,4 3 5 6
2119,3,sigma_1p0__kernel_9__order_2,1.0,9,2,7668,0.050000000000000044,0.6128671169281006,0.00027994384872727097,0.000251567893428728,0.9801240219655983,4,4,5,0.0,4 2 3 5 6
2120,3,sigma_1p0__kernel_9__order_2,1.0,9,2,7671,0.050000000000000044,0.39030879735946655,0.0002765447231164823,0.0007199426181614399,0.9336995619762242,2,2,3,0.0,2 3 6
2121,3,sigma_1p0__kernel_9__order_2,1.0,9,2,7676,0.050000000000000044,0.6435295343399048,0.0003348824568092823,0.00010259622649755329,0.9913052334655054,4,4,5,0.0,2 4 5 3 6
2122,3,sigma_1p0__kernel_9__order_2,1.0,9,2,7681,0.050000000000000044,0.6383658647537231,0.00027880035049747675,0.00011450669262558222,0.9892929023957848,4,4,5,0.0,2 4 5 3 6
2123,3,sigma_1p0__kernel_9__order_2,1.0,9,2,7685,0.050000000000000044,0.24948528409004211,0.000312575044517871,0.0003499265876598656,0.9686965808254643,3,3,4,0.0,4 3 5 6
2124,3,sigma_1p0__kernel_9__order_2,1.0,9,2,7689,0.050000000000000044,0.6313903331756592,0.0002732760149228852,0.0002559213316999376,0.9799899954114034,3,3,4,0.0,3 5 4 6
2125,3,sigma_1p0__kernel_9__order_2,1.0,9,2,7691,0.050000000000000044,0.07726895809173584,0.00021402341371867806,0.00043727908632718027,0.930795111674616,1,1,2,0.0,4 6
2126,3,sigma_1p0__kernel_9__order_2,1.0,9,2,7696,0.050000000000000044,0.384918212890625,0.0002476552530424669,0.000572658609598875,0.9485629933767739,4,4,5,0.0,3 1 4 5 6
2127,3,sigma_1p0__kernel_9__order_2,1.0,9,2,7700,0.050000000000000044,0.5071699619293213,0.00035514854243956506,0.00011563707084860653,0.9869697132944069,3,3,4,0.0,3 5 4 6
2128,3,sigma_1p0__kernel_9__order_2,1.0,9,2,7704,0.050000000000000044,0.25167810916900635,0.0002881362524931319,0.0002688246313482523,0.9730571657596389,3,3,4,0.0,4 3 5 6
2129,3,sigma_1p0__kernel_9__order_2,1.0,9,2,7708,0.050000000000000044,0.2811933755874634,0.00027133339244755916,0.0003074454143643379,0.9758183664501635,3,3,4,0.0,4 3 5 6
2130,3,sigma_1p0__kernel_9__order_2,1.0,9,2,7712,0.050000000000000044,0.5734812617301941,0.0002775546017801389,0.00033009552862495184,0.9623021453477256,3,3,4,0.0,4 5 3 6
2131,3,sigma_1p0__kernel_9__order_2,1.0,9,2,7717,0.050000000000000044,0.6045166254043579,0.000246241083368659,0.0002249711542390287,0.9793051375468194,4,4,5,0.0,1 3 4 5 6
2132,3,sigma_1p0__kernel_9__order_2,1.0,9,2,7721,0.050000000000000044,0.1039593368768692,0.00032590481714578345,0.0008596146362833679,0.9272331046505292,3,3,4,0.0,4 3 5 6
2133,3,sigma_1p0__kernel_9__order_2,1.0,9,2,7724,0.050000000000000044,0.137592613697052,0.0002693203859962523,0.0008260032045654953,0.9129568341583474,2,2,3,0.0,3 5 6
2134,3,sigma_1p0__kernel_9__order_2,1.0,9,2,7728,0.050000000000000044,0.45929238200187683,0.00037390777288237587,0.0006882387679070234,0.9495375515022686,3,3,4,0.0,3 5 4 6
2135,3,sigma_1p0__kernel_9__order_2,1.0,9,2,7731,0.050000000000000044,0.16670595109462738,0.0003032134457801779,0.0005150713259354234,0.9424414601748395,2,2,3,0.0,3 5 6
2136,3,sigma_1p0__kernel_9__order_2,1.0,9,2,7734,0.050000000000000044,0.16670595109462738,0.00029401092130380374,0.0005150713259354234,0.9424414601748395,2,2,3,0.0,3 5 6
2137,3,sigma_1p0__kernel_9__order_2,1.0,9,2,7739,0.050000000000000044,0.09089024364948273,0.0002494375279638916,0.0002612602838780731,0.9784177513029005,4,4,5,0.0,3 4 5 1 6
2138,3,sigma_1p0__kernel_9__order_2,1.0,9,2,7744,0.050000000000000044,0.20172785222530365,0.00026936462672892957,0.0002679729659575969,0.9730112660193415,4,4,5,0.0,4 3 5 2 6
2139,3,sigma_1p0__kernel_9__order_2,1.0,9,2,7746,0.050000000000000044,0.08126659691333771,0.00021768298029201105,0.0003977040178142488,0.9477260804488175,1,1,2,0.0,4 6
2140,3,sigma_1p0__kernel_9__order_2,1.0,9,2,7750,0.050000000000000044,0.15600349009037018,0.0002504779622540809,0.00016633210179861635,0.9804948296721285,3,3,4,0.0,4 3 5 6
2141,3,sigma_1p0__kernel_9__order_2,1.0,9,2,7754,0.050000000000000044,0.2811933755874634,0.0005772539152530953,0.0003074454143643379,0.9758183664501635,3,3,4,0.0,4 3 5 6
2142,3,sigma_1p0__kernel_9__order_2,1.0,9,2,7758,0.050000000000000044,0.41477468609809875,0.0004890483323833905,0.0005729258991777897,0.9485109874205697,3,3,4,0.0,3 5 4 6
2143,3,sigma_1p0__kernel_9__order_2,1.0,9,2,7763,0.050000000000000044,0.08722946047782898,0.0004956087272148579,0.00045150649384595454,0.9657286060763596,4,4,5,0.0,4 5 3 1 6
2144,3,sigma_1p0__kernel_9__order_2,1.0,9,2,7768,0.050000000000000044,0.23753072321414948,0.0005210132105275989,0.00027185611543245614,0.9831901318465629,4,4,5,0.0,4 5 3 2 6
2145,3,sigma_1p0__kernel_9__order_2,1.0,9,2,7772,0.050000000000000044,0.41477465629577637,0.00042786298581631854,0.0005729258991777897,0.9485109874205697,3,3,4,0.0,5 3 4 6
2146,3,sigma_1p0__kernel_9__order_2,1.0,9,2,7775,0.050000000000000044,0.0615389421582222,0.0005327091106058409,0.00022308120969682932,0.9672981398390533,2,2,3,0.0,3 5 6
2147,3,sigma_1p0__kernel_9__order_2,1.0,9,2,7779,0.050000000000000044,0.43311983346939087,0.0003145089212921448,0.00047925321268849075,0.9483131717770902,3,3,4,0.0,5 3 4 6
2148,3,sigma_1p0__kernel_9__order_2,1.0,9,2,7784,0.050000000000000044,0.6435294151306152,0.00037927000084891915,0.00010259622649755329,0.9913052334655054,4,4,5,0.0,2 3 4 5 6
2149,3,sigma_1p0__kernel_9__order_2,1.0,9,2,7788,0.050000000000000044,0.2811933755874634,0.0003507593137328513,0.0003074454143643379,0.9758183664501635,3,3,4,0.0,4 5 3 6
2150,3,sigma_1p0__kernel_9__order_2,1.0,9,2,7790,0.050000000000000044,0.10135974735021591,0.00029426763649098575,0.0007019987679086626,0.9483417614355382,1,1,2,0.0,4 6
2151,3,sigma_1p0__kernel_9__order_2,1.0,9,2,7794,0.050000000000000044,0.6114770174026489,0.00043298960372339934,0.00013926590327173471,0.9833388140560189,3,3,4,0.0,5 4 3 6
2152,3,sigma_1p0__kernel_9__order_2,1.0,9,2,7798,0.050000000000000044,0.24948525428771973,0.0003824205559794791,0.0003499265876598656,0.9686965808254643,3,3,4,0.0,5 3 4 6
2153,3,sigma_1p0__kernel_9__order_2,1.0,9,2,7802,0.050000000000000044,0.6313903331756592,0.00039305107929976657,0.0002559213316999376,0.9799899954114034,3,3,4,0.0,5 3 4 6
2154,3,sigma_1p0__kernel_9__order_2,1.0,9,2,7804,0.050000000000000044,0.035729821771383286,0.0003614637244027108,0.0015412995126098394,0.9279579401069391,1,1,2,0.0,4 6
2155,3,sigma_1p0__kernel_9__order_2,1.0,9,2,7807,0.050000000000000044,0.14571017026901245,0.00035182346861499053,0.000565270078368485,0.9617493440896521,2,2,3,0.0,5 3 6
2156,3,sigma_1p0__kernel_9__order_2,1.0,9,2,7811,0.050000000000000044,0.5006925463676453,0.00025437168369535357,0.00017175794346258044,0.9811322692954441,3,3,4,0.0,3 5 4 6
2157,3,sigma_1p0__kernel_9__order_2,1.0,9,2,7814,0.050000000000000044,0.11146382242441177,0.00042044870982257027,0.0012239241041243076,0.8917299689775982,2,2,3,0.0,4 5 6
2158,3,sigma_1p0__kernel_9__order_2,1.0,9,2,7818,0.050000000000000044,0.2811933755874634,0.0003370002450537868,0.0003074454143643379,0.9758183664501635,3,3,4,0.0,4 3 5 6
2159,3,sigma_1p0__kernel_9__order_2,1.0,9,2,7823,0.050000000000000044,0.6252923011779785,0.0004554068902507424,0.00010020502668339759,0.991501499813462,5,5,6,0.0,2 4 1 5 3
2160,3,sigma_1p0__kernel_9__order_2,1.0,9,2,7827,0.050000000000000044,0.14680367708206177,0.00032722603282309137,0.0004541786329355091,0.9655303865777468,3,3,4,0.0,5 4 3 6
2161,3,sigma_1p0__kernel_9__order_2,1.0,9,2,7829,0.050000000000000044,0.08941388130187988,0.00038972057518549263,0.0015358374221250415,0.9197421913942174,1,1,2,0.0,4 6
2162,3,sigma_1p0__kernel_9__order_2,1.0,9,2,7833,0.050000000000000044,0.24948525428771973,0.0003140830267511774,0.0003499265876598656,0.9686965808254643,3,3,4,0.0,5 3 4 6
2163,3,sigma_1p0__kernel_9__order_2,1.0,9,2,7837,0.050000000000000044,0.41477465629577637,0.00029816830647177994,0.0005729258991777897,0.9485109874205697,3,3,4,0.0,5 3 4 6
2164,3,sigma_1p0__kernel_9__order_2,1.0,9,2,7840,0.050000000000000044,0.11879583448171616,0.0003474760160315782,0.00117316038813442,0.8967012005916816,2,2,3,0.0,5 3 6
2165,3,sigma_1p0__kernel_9__order_2,1.0,9,2,7844,0.050000000000000044,0.50069260597229,0.00042406859574839473,0.00017175794346258044,0.9811322692954441,3,3,4,0.0,5 3 4 6
2166,3,sigma_1p0__kernel_9__order_2,1.0,9,2,7845,0.050000000000000044,0.0,0.0005807239795103669,0.0021252217702567577,0.8223969706984217,0,0,1,0.0,6
2167,3,sigma_1p0__kernel_9__order_2,1.0,9,2,7849,0.050000000000000044,0.1039593368768692,0.0003962869959650561,0.0008596146362833679,0.9272331046505292,3,3,4,0.0,4 5 3 6
2168,3,sigma_1p0__kernel_9__order_2,1.0,9,2,7853,0.050000000000000044,0.6262924075126648,0.0003811304341070354,0.00029329670360311866,0.978404005805604,3,3,4,0.0,5 3 4 6
2169,3,sigma_1p0__kernel_9__order_2,1.0,9,2,7857,0.050000000000000044,0.253742516040802,0.0003041875970666297,0.0003305163118056953,0.9657473915503509,3,3,4,0.0,4 5 3 6
2170,3,sigma_1p0__kernel_9__order_2,1.0,9,2,7860,0.050000000000000044,0.137592613697052,0.0004070673215513428,0.0008260032045654953,0.9129568341583474,2,2,3,0.0,5 3 6
2171,3,sigma_1p0__kernel_9__order_2,1.0,9,2,7864,0.050000000000000044,0.45929238200187683,0.00039599132287548855,0.0006882387679070234,0.9495375515022686,3,3,4,0.0,5 3 4 6
2172,3,sigma_1p0__kernel_9__order_2,1.0,9,2,7868,0.050000000000000044,0.23954163491725922,0.00033840334799606353,0.00046948809176683426,0.9537005855587801,3,3,4,0.0,5 3 4 6
2173,3,sigma_1p0__kernel_9__order_2,1.0,9,2,7872,0.050000000000000044,0.2447340339422226,0.0003214183452655561,0.0005987586337141693,0.9625195515354238,3,3,4,0.0,5 3 4 6
2174,3,sigma_1p0__kernel_9__order_2,1.0,9,2,7874,0.050000000000000044,0.07131662219762802,0.0003083743285969831,0.0008881487883627415,0.9203812204097596,1,1,2,0.0,4 6
2175,3,sigma_1p0__kernel_9__order_2,1.0,9,2,7877,0.050000000000000044,0.11879583448171616,0.0003111479066622754,0.00117316038813442,0.8967012005916816,2,2,3,0.0,3 5 6
2176,3,sigma_1p0__kernel_9__order_2,1.0,9,2,7879,0.050000000000000044,0.10135974735021591,0.00024802902044029906,0.0007019987679086626,0.9483417614355382,1,1,2,0.0,4 6
2177,3,sigma_1p0__kernel_9__order_2,1.0,9,2,7881,0.050000000000000044,0.08941388130187988,0.00023607016919413581,0.0015358374221250415,0.9197421913942174,1,1,2,0.0,4 6
2178,3,sigma_1p0__kernel_9__order_2,1.0,9,2,7885,0.050000000000000044,0.23954163491725922,0.0003952917395508848,0.00046948809176683426,0.9537005855587801,3,3,4,0.0,5 3 4 6
2179,3,sigma_1p0__kernel_9__order_2,1.0,9,2,7887,0.050000000000000044,0.07726895809173584,0.0002685255603864789,0.00043727908632718027,0.930795111674616,1,1,2,0.0,4 6
2180,3,sigma_1p0__kernel_9__order_2,1.0,9,2,7891,0.050000000000000044,0.43311983346939087,0.0003019309733645059,0.00047925321268849075,0.9483131717770902,3,3,4,0.0,5 3 4 6
2181,3,sigma_1p0__kernel_9__order_2,1.0,9,2,7896,0.050000000000000044,0.5917484760284424,0.00028013835253659636,0.00013889899128116667,0.983347794991186,4,4,5,0.0,1 3 4 5 6
2182,3,sigma_1p0__kernel_9__order_2,1.0,9,2,7898,0.050000000000000044,0.07131662219762802,0.00027263356605544686,0.0008881487883627415,0.9203812204097596,1,1,2,0.0,4 6
2183,3,sigma_1p0__kernel_9__order_2,1.0,9,2,7902,0.050000000000000044,0.45929238200187683,0.0003610834537539631,0.0006882387679070234,0.9495375515022686,3,3,4,0.0,5 3 4 6
2184,3,sigma_1p0__kernel_9__order_2,1.0,9,2,7904,0.050000000000000044,0.10135974735021591,0.00034091650741174817,0.0007019987679086626,0.9483417614355382,1,1,2,0.0,4 6
2185,3,sigma_1p0__kernel_9__order_2,1.0,9,2,7906,0.050000000000000044,0.035729821771383286,0.0003007908526342362,0.0015412995126098394,0.9279579401069391,1,1,2,0.0,4 6
2186,3,sigma_1p0__kernel_9__order_2,1.0,9,2,7909,0.050000000000000044,0.16950291395187378,0.00033778470242395997,0.0002968789776787162,0.967183250787709,2,2,3,0.0,5 3 6
2187,3,sigma_1p0__kernel_9__order_2,1.0,9,2,7913,0.050000000000000044,0.45929238200187683,0.0003590429914765991,0.0006882387679070234,0.9495375515022686,3,3,4,0.0,5 3 4 6
2188,3,sigma_1p0__kernel_9__order_2,1.0,9,2,7915,0.050000000000000044,0.07131662219762802,0.00036936991091351956,0.0008881487883627415,0.9203812204097596,1,1,2,0.0,4 6
2189,3,sigma_1p0__kernel_9__order_2,1.0,9,2,7918,0.050000000000000044,0.1401793360710144,0.00027619707786167663,0.0006530879763886333,0.9352612300342952,2,2,3,0.0,5 3 6
2190,3,sigma_1p0__kernel_9__order_2,1.0,9,2,7920,0.050000000000000044,0.10135974735021591,0.00029768604144919664,0.0007019987679086626,0.9483417614355382,1,1,2,0.0,4 6
2191,3,sigma_1p0__kernel_9__order_2,1.0,9,2,7925,0.050000000000000044,0.2318192571401596,0.0003170509298797697,0.0003047949285246432,0.9760491947392079,4,4,5,0.0,1 4 5 3 6
2192,3,sigma_1p0__kernel_9__order_2,1.0,9,2,7929,0.050000000000000044,0.2811933755874634,0.0002865075948648155,0.0003074454143643379,0.9758183664501635,3,3,4,0.0,4 5 3 6
2193,3,sigma_1p0__kernel_9__order_2,1.0,9,2,7933,0.050000000000000044,0.28650832176208496,0.00033444354266976006,0.0002764974778983742,0.9829256227871184,3,3,4,0.0,4 5 3 6
2194,3,sigma_1p0__kernel_9__order_2,1.0,9,2,7937,0.050000000000000044,0.43311983346939087,0.0002799239846353885,0.00047925321268849075,0.9483131717770902,3,3,4,0.0,5 3 4 6
2195,3,sigma_1p0__kernel_9__order_2,1.0,9,2,7941,0.050000000000000044,0.5074523687362671,0.000348822730302345,0.00028734508669003844,0.9792653489835764,3,3,4,0.0,4 3 5 6
2196,3,sigma_1p0__kernel_9__order_2,1.0,9,2,7946,0.050000000000000044,0.6383658647537231,0.00028532259748317303,0.00011450669262558222,0.9892929023957848,4,4,5,0.0,5 3 2 4 6
2197,3,sigma_1p0__kernel_9__order_2,1.0,9,2,7951,0.050000000000000044,0.5950121283531189,0.0002621964522404596,0.00024510215735062957,0.980296102789863,5,5,6,0.0,4 5 2 1 3
2198,3,sigma_1p0__kernel_9__order_2,1.0,9,2,7955,0.050000000000000044,0.23954163491725922,0.000298016380838817,0.00046948809176683426,0.9537005855587801,3,3,4,0.0,5 3 4 6
2199,3,sigma_1p0__kernel_9__order_2,1.0,9,2,7960,0.050000000000000044,0.20204563438892365,0.00020545381994452327,0.00026787116075865924,0.9731621545751653,4,4,5,0.0,4 1 5 3 6
2200,3,sigma_1p0__kernel_9__order_2,1.0,9,2,7964,0.050000000000000044,0.45421573519706726,0.00029047080170130357,0.0002658700686879456,0.9685054444104397,3,3,4,0.0,4 3 5 6
2201,3,sigma_1p0__kernel_9__order_2,1.0,9,2,7966,0.050000000000000044,0.07131662219762802,0.0002503402647562325,0.0008881487883627415,0.9203812204097596,1,1,2,0.0,4 6
2202,3,sigma_1p0__kernel_9__order_2,1.0,9,2,7969,0.050000000000000044,0.15685917437076569,0.00028099899645894766,0.000404927326599136,0.9581154177007437,2,2,3,0.0,4 3 6
2203,3,sigma_1p0__kernel_9__order_2,1.0,9,2,7974,0.050000000000000044,0.6045166254043579,0.00028299936966504904,0.0002249711542390287,0.9793051375468194,4,4,5,0.0,1 3 4 5 6
2204,3,sigma_1p0__kernel_9__order_2,1.0,9,2,7978,0.050000000000000044,0.1039593368768692,0.00034884043998317793,0.0008596146362833679,0.9272331046505292,3,3,4,0.0,5 4 3 6
2205,3,sigma_1p0__kernel_9__order_2,1.0,9,2,7982,0.050000000000000044,0.10427431762218475,0.0002744226439972408,0.0007328825304284692,0.9466346035247467,3,3,4,0.0,5 3 1 6
2206,3,sigma_1p0__kernel_9__order_2,1.0,9,2,7984,0.050000000000000044,0.10135974735021591,0.0003349468461237848,0.0007019987679086626,0.9483417614355382,1,1,2,0.0,4 6
2207,3,sigma_1p0__kernel_9__order_2,1.0,9,2,7988,0.050000000000000044,0.24948525428771973,0.0003040792580577545,0.0003499265876598656,0.9686965808254643,3,3,4,0.0,5 3 4 6
2208,3,sigma_1p0__kernel_9__order_2,1.0,9,2,7991,0.050000000000000044,0.1506832093000412,0.0003458717546891421,0.0008174586109817028,0.9402529282958272,2,2,3,0.0,5 3 6
2209,3,sigma_1p0__kernel_9__order_2,1.0,9,2,7995,0.050000000000000044,0.43311983346939087,0.00022714181613991968,0.00047925321268849075,0.9483131717770902,3,3,4,0.0,5 3 4 6
2210,3,sigma_1p0__kernel_9__order_2,1.0,9,2,7999,0.050000000000000044,0.41477465629577637,0.00031740446138428524,0.0005729258991777897,0.9485109874205697,3,3,4,0.0,5 3 4 6
2211,3,sigma_1p0__kernel_9__order_2,1.0,9,2,8001,0.050000000000000044,0.03889661654829979,0.0006542326154885814,0.000529014621861279,0.9104463372658606,1,1,2,0.0,1 6
2212,3,sigma_1p0__kernel_9__order_2,1.0,9,2,8005,0.050000000000000044,0.43311983346939087,0.0006329675816232339,0.00047925321268849075,0.9483131717770902,3,3,4,0.0,5 3 4 6
2213,3,sigma_1p0__kernel_9__order_2,1.0,9,2,8007,0.050000000000000044,0.09576810151338577,0.0006270931917242706,0.0003033298416994512,0.95530721747209,1,1,2,0.0,4 6
2214,3,sigma_1p0__kernel_9__order_2,1.0,9,2,8012,0.050000000000000044,0.221566841006279,0.0006229471066035331,0.00015823860303498805,0.9809730097952695,4,4,5,0.0,4 2 3 5 6
2215,3,sigma_1p0__kernel_9__order_2,1.0,9,2,8016,0.050000000000000044,0.5208901762962341,0.00043744445429183543,0.00028643847326748073,0.9824312456155929,3,3,4,0.0,3 5 4 6
2216,3,sigma_1p0__kernel_9__order_2,1.0,9,2,8020,0.050000000000000044,0.25167810916900635,0.0006077538710087538,0.0002688246313482523,0.9730571657596389,3,3,4,0.0,4 3 5 6
2217,3,sigma_1p0__kernel_9__order_2,1.0,9,2,8024,0.050000000000000044,0.5006925463676453,0.0004282574518583715,0.00017175794346258044,0.9811322692954441,3,3,4,0.0,3 5 4 6
2218,3,sigma_1p0__kernel_9__order_2,1.0,9,2,8026,0.050000000000000044,0.10135974735021591,0.0005041012773290277,0.0007019987679086626,0.9483417614355382,1,1,2,0.0,4 6
2219,3,sigma_1p0__kernel_9__order_2,1.0,9,2,8028,0.050000000000000044,0.06959661841392517,0.0005046138248872012,0.001075812499038875,0.9304968564284968,1,1,2,0.0,2 6
2220,3,sigma_1p0__kernel_9__order_2,1.0,9,2,8031,0.050000000000000044,0.1265394538640976,0.0004847695236094296,0.0007315193070098758,0.9305473204068707,2,2,3,0.0,5 4 6
2221,3,sigma_1p0__kernel_9__order_2,1.0,9,2,8035,0.050000000000000044,0.28650835156440735,0.0004645643275580369,0.0002764974778983742,0.9829256227871184,3,3,4,0.0,4 3 5 6
2222,3,sigma_1p0__kernel_9__order_2,1.0,9,2,8040,0.050000000000000044,0.47984904050827026,0.0004641918872948736,0.000276587757980451,0.9795012027025223,4,4,5,0.0,2 5 4 3 6
2223,3,sigma_1p0__kernel_9__order_2,1.0,9,2,8042,0.050000000000000044,0.035729821771383286,0.00047229797928594053,0.0015412995126098394,0.9279579401069391,1,1,2,0.0,4 6
2224,3,sigma_1p0__kernel_9__order_2,1.0,9,2,8046,0.050000000000000044,0.5006925463676453,0.0003457842758507468,0.00017175794346258044,0.9811322692954441,3,3,4,0.0,3 5 4 6
2225,3,sigma_1p0__kernel_9__order_2,1.0,9,2,8050,0.050000000000000044,0.5071699619293213,0.0005177712373551913,0.00011563707084860653,0.9869697132944069,3,3,4,0.0,3 5 4 6
2226,3,sigma_1p0__kernel_9__order_2,1.0,9,2,8054,0.050000000000000044,0.24948525428771973,0.0004035629717691336,0.0003499265876598656,0.9686965808254643,3,3,4,0.0,5 3 4 6
2227,3,sigma_1p0__kernel_9__order_2,1.0,9,2,8058,0.050000000000000044,0.5208901762962341,0.0004603073903126642,0.00028643847326748073,0.9824312456155929,3,3,4,0.0,3 5 4 6
2228,3,sigma_1p0__kernel_9__order_2,1.0,9,2,8060,0.050000000000000044,0.41015490889549255,0.00048543233424425125,0.0009598939795978367,0.942736913688153,1,1,2,0.0,2 6
2229,3,sigma_1p0__kernel_9__order_2,1.0,9,2,8061,0.050000000000000044,0.0,0.0007011941634118557,0.00225875829346478,0.8625153582875354,0,0,1,0.0,6
2230,3,sigma_1p0__kernel_9__order_2,1.0,9,2,8066,0.050000000000000044,0.19465716183185577,0.0003819101955741644,0.0005972589715383947,0.9623692988038205,4,4,5,0.0,3 2 4 5 6
2231,3,sigma_1p0__kernel_9__order_2,1.0,9,2,8068,0.050000000000000044,0.035729821771383286,0.00037717843952123076,0.0015412995126098394,0.9279579401069391,1,1,2,0.0,4 6
2232,3,sigma_1p0__kernel_9__order_2,1.0,9,2,8070,0.050000000000000044,0.09576810151338577,0.0004414388968143612,0.0003033298416994512,0.95530721747209,1,1,2,0.0,4 6
2233,3,sigma_1p0__kernel_9__order_2,1.0,9,2,8072,0.050000000000000044,0.07726895809173584,0.00042860073153860867,0.00043727908632718027,0.930795111674616,1,1,2,0.0,4 6
2234,3,sigma_1p0__kernel_9__order_2,1.0,9,2,8074,0.050000000000000044,0.07131662219762802,0.0004704946477431804,0.0008881487883627415,0.9203812204097596,1,1,2,0.0,4 6
2235,3,sigma_1p0__kernel_9__order_2,1.0,9,2,8077,0.050000000000000044,0.16670595109462738,0.0003290974418632686,0.0005150713259354234,0.9424414601748395,2,2,3,0.0,5 3 6
2236,3,sigma_1p0__kernel_9__order_2,1.0,9,2,8082,0.050000000000000044,0.23762644827365875,0.00043177257757633927,0.00027102409512735903,0.9831929665931481,4,4,5,0.0,4 3 5 1 6
2237,3,sigma_1p0__kernel_9__order_2,1.0,9,2,8086,0.050000000000000044,0.5208901762962341,0.0004435163427842781,0.00028643847326748073,0.9824312456155929,3,3,4,0.0,4 3 5 6
2238,3,sigma_1p0__kernel_9__order_2,1.0,9,2,8090,0.050000000000000044,0.25167810916900635,0.0005012007313780487,0.0002688246313482523,0.9730571657596389,3,3,4,0.0,4 5 3 6
2239,3,sigma_1p0__kernel_9__order_2,1.0,9,2,8095,0.050000000000000044,0.5868489742279053,0.00043476345017552377,0.0003388386103324592,0.9784358720008315,4,4,5,0.0,2 5 3 4 6
2240,3,sigma_1p0__kernel_9__order_2,1.0,9,2,8099,0.050000000000000044,0.5074523687362671,0.0004997187934350222,0.00028734508669003844,0.9792653489835764,3,3,4,0.0,3 4 5 6
2241,3,sigma_1p0__kernel_9__order_2,1.0,9,2,8102,0.050000000000000044,0.16950292885303497,0.0004215288208797574,0.0002968789776787162,0.967183250787709,2,2,3,0.0,3 5 6
2242,3,sigma_1p0__kernel_9__order_2,1.0,9,2,8106,0.050000000000000044,0.24948525428771973,0.00038200120616238564,0.0003499265876598656,0.9686965808254643,3,3,4,0.0,3 5 4 6
2243,3,sigma_1p0__kernel_9__order_2,1.0,9,2,8111,0.050000000000000044,0.6383658647537231,0.0003824955492746085,0.00011450669262558222,0.9892929023957848,4,4,5,0.0,2 4 5 3 6
2244,3,sigma_1p0__kernel_9__order_2,1.0,9,2,8115,0.050000000000000044,0.2447340488433838,0.0003935454515158199,0.0005987586337141693,0.9625195515354238,3,3,4,0.0,3 4 5 6
2245,3,sigma_1p0__kernel_9__order_2,1.0,9,2,8119,0.050000000000000044,0.41477468609809875,0.00042729669803520665,0.0005729258991777897,0.9485109874205697,3,3,4,0.0,3 5 4 6
2246,3,sigma_1p0__kernel_9__order_2,1.0,9,2,8122,0.050000000000000044,0.09589454531669617,0.0004635108246778448,0.0008733656723052263,0.9162176775166878,2,2,3,0.0,2 1 6
2247,3,sigma_1p0__kernel_9__order_2,1.0,9,2,8126,0.050000000000000044,0.5006925463676453,0.000441358657553792,0.00017175794346258044,0.9811322692954441,3,3,4,0.0,3 5 4 6
2248,3,sigma_1p0__kernel_9__order_2,1.0,9,2,8128,0.050000000000000044,0.08126659691333771,0.0003831700305454433,0.0003977040178142488,0.9477260804488175,1,1,2,0.0,4 6
2249,3,sigma_1p0__kernel_9__order_2,1.0,9,2,8132,0.050000000000000044,0.2811933755874634,0.0004923361193505116,0.0003074454143643379,0.9758183664501635,3,3,4,0.0,3 5 4 6
2250,3,sigma_1p0__kernel_9__order_2,1.0,9,2,8136,0.050000000000000044,0.15600349009037018,0.0004188506973150652,0.00016633210179861635,0.9804948296721285,3,3,4,0.0,4 3 5 6
2251,3,sigma_1p0__kernel_9__order_2,1.0,9,2,8139,0.050000000000000044,0.1506832093000412,0.0004179949755780399,0.0008174586109817028,0.9402529282958272,2,2,3,0.0,5 3 6
2252,3,sigma_1p0__kernel_9__order_2,1.0,9,2,8144,0.050000000000000044,0.5540510416030884,0.000347738282289356,0.00032804207876324654,0.9622324245509013,4,4,5,0.0,2 5 4 3 6
2253,3,sigma_1p0__kernel_9__order_2,1.0,9,2,8147,0.050000000000000044,0.174459308385849,0.00035060486212993663,0.0003397577675059438,0.9633346566759874,2,2,3,0.0,5 3 6
2254,3,sigma_1p0__kernel_9__order_2,1.0,9,2,8151,0.050000000000000044,0.6262924671173096,0.0004502912415773608,0.00029329670360311866,0.978404005805604,3,3,4,0.0,4 5 3 6
2255,3,sigma_1p0__kernel_9__order_2,1.0,9,2,8155,0.050000000000000044,0.45421576499938965,0.00048282978968927637,0.0002658700686879456,0.9685054444104397,3,3,4,0.0,3 5 4 6
2256,3,sigma_1p0__kernel_9__order_2,1.0,9,2,8158,0.050000000000000044,0.12040987610816956,0.00032802744923780364,0.00098056485876441,0.9241057938046745,2,2,3,0.0,1 3 6
2257,3,sigma_1p0__kernel_9__order_2,1.0,9,2,8161,0.050000000000000044,0.1506832242012024,0.00047824863577261567,0.0008174586109817028,0.9402529282958272,2,2,3,0.0,3 5 6
2258,3,sigma_1p0__kernel_9__order_2,1.0,9,2,8163,0.050000000000000044,0.08126659691333771,0.00031447698711417615,0.0003977040178142488,0.9477260804488175,1,1,2,0.0,4 6
2259,3,sigma_1p0__kernel_9__order_2,1.0,9,2,8167,0.050000000000000044,0.6237078905105591,0.00035727231443161145,0.00022654430358670652,0.9791596898638536,3,3,4,0.0,4 5 3 6
2260,3,sigma_1p0__kernel_9__order_2,1.0,9,2,8171,0.050000000000000044,0.24948525428771973,0.00033788225846365094,0.0003499265876598656,0.9686965808254643,3,3,4,0.0,5 3 4 6
2261,3,sigma_1p0__kernel_9__order_2,1.0,9,2,8173,0.050000000000000044,0.08822499215602875,0.00028571547591127455,0.0010199007811024785,0.9173677836353231,1,1,2,0.0,4 6
2262,3,sigma_1p0__kernel_9__order_2,1.0,9,2,8176,0.050000000000000044,0.07580442726612091,0.0004218284545155863,0.0008394967298954725,0.9469545501484741,2,2,3,0.0,4 3 6
2263,3,sigma_1p0__kernel_9__order_2,1.0,9,2,8178,0.050000000000000044,0.3815957009792328,0.00033522493322379887,0.0004186356964055449,0.9436479770400152,1,1,2,0.0,4 6
2264,3,sigma_1p0__kernel_9__order_2,1.0,9,2,8182,0.050000000000000044,0.5006925463676453,0.0003679821820696816,0.00017175794346258044,0.9811322692954441,3,3,4,0.0,3 5 4 6
2265,3,sigma_1p0__kernel_9__order_2,1.0,9,2,8184,0.050000000000000044,0.06959661841392517,0.0006481428863480687,0.001075812499038875,0.9304968564284968,1,1,2,0.0,2 6
2266,3,sigma_1p0__kernel_9__order_2,1.0,9,2,8188,0.050000000000000044,0.5208901762962341,0.0003483378022792749,0.00028643847326748073,0.9824312456155929,3,3,4,0.0,4 5 3 6
2267,3,sigma_1p0__kernel_9__order_2,1.0,9,2,8192,0.050000000000000044,0.17186933755874634,0.0004336143610998988,0.00016244305879808962,0.9840680202746079,3,3,4,0.0,5 4 3 6
2268,3,sigma_1p0__kernel_9__order_2,1.0,9,2,8194,0.050000000000000044,0.035729821771383286,0.0005683039780706167,0.0015412995126098394,0.9279579401069391,1,1,2,0.0,4 6
2269,3,sigma_1p0__kernel_9__order_2,1.0,9,2,8196,0.050000000000000044,0.08822499215602875,0.0004806463693967089,0.0010199007811024785,0.9173677836353231,1,1,2,0.0,4 6
2270,3,sigma_1p0__kernel_9__order_2,1.0,9,2,8198,0.050000000000000044,0.09576810151338577,0.0004864112997893244,0.0003033298416994512,0.95530721747209,1,1,2,0.0,4 6
2271,3,sigma_1p0__kernel_9__order_2,1.0,9,2,8201,0.050000000000000044,0.11879583448171616,0.0003417672705836594,0.00117316038813442,0.8967012005916816,2,2,3,0.0,3 5 6
2272,3,sigma_1p0__kernel_9__order_2,1.0,9,2,8205,0.050000000000000044,0.23954163491725922,0.000438389070041012,0.00046948809176683426,0.9537005855587801,3,3,4,0.0,3 5 4 6
2273,3,sigma_1p0__kernel_9__order_2,1.0,9,2,8207,0.050000000000000044,0.08126659691333771,0.00038403275539167225,0.0003977040178142488,0.9477260804488175,1,1,2,0.0,4 6
2274,3,sigma_1p0__kernel_9__order_2,1.0,9,2,8209,0.050000000000000044,0.07726895809173584,0.00034140860952902585,0.00043727908632718027,0.930795111674616,1,1,2,0.0,4 6
2275,3,sigma_1p0__kernel_9__order_2,1.0,9,2,8213,0.050000000000000044,0.1258772611618042,0.0003985787661804352,0.0004502757510636002,0.9575773105113884,3,3,4,0.0,4 5 3 6
2276,3,sigma_1p0__kernel_9__order_2,1.0,9,2,8216,0.050000000000000044,0.1401793360710144,0.0004402045936634143,0.0006530879763886333,0.9352612300342952,2,2,3,0.0,3 5 6
2277,3,sigma_1p0__kernel_9__order_2,1.0,9,2,8220,0.050000000000000044,0.6262924075126648,0.0004246803218848072,0.00029329670360311866,0.978404005805604,3,3,4,0.0,3 5 4 6
2278,3,sigma_1p0__kernel_9__order_2,1.0,9,2,8223,0.050000000000000044,0.16670595109462738,0.00031269142831054825,0.0005150713259354234,0.9424414601748395,2,2,3,0.0,5 3 6
2279,3,sigma_1p0__kernel_9__order_2,1.0,9,2,8226,0.050000000000000044,0.16950291395187378,0.0004474715096876025,0.0002968789776787162,0.967183250787709,2,2,3,0.0,5 3 6
2280,3,sigma_1p0__kernel_9__order_2,1.0,9,2,8230,0.050000000000000044,0.24948525428771973,0.0003977403830504045,0.0003499265876598656,0.9686965808254643,3,3,4,0.0,5 3 4 6
2281,3,sigma_1p0__kernel_9__order_2,1.0,9,2,8233,0.050000000000000044,0.16950291395187378,0.0003445829206611961,0.0002968789776787162,0.967183250787709,2,2,3,0.0,5 3 6
2282,3,sigma_1p0__kernel_9__order_2,1.0,9,2,8236,0.050000000000000044,0.1506832242012024,0.0003035097906831652,0.0008174586109817028,0.9402529282958272,2,2,3,0.0,3 5 6
2283,3,sigma_1p0__kernel_9__order_2,1.0,9,2,8241,0.050000000000000044,0.6381492614746094,0.0004440326534677297,0.00011533001088537276,0.9893625811468832,4,4,5,0.0,4 1 3 5 6
2284,3,sigma_1p0__kernel_9__order_2,1.0,9,2,8244,0.050000000000000044,0.05324564129114151,0.0005045196157880127,0.0005862623802386224,0.9574423714249652,2,2,3,0.0,1 2 6
2285,3,sigma_1p0__kernel_9__order_2,1.0,9,2,8246,0.050000000000000044,0.07726895809173584,0.00044724257895722985,0.00043727908632718027,0.930795111674616,1,1,2,0.0,4 6
2286,3,sigma_1p0__kernel_9__order_2,1.0,9,2,8250,0.050000000000000044,0.23954163491725922,0.0004747249622596428,0.00046948809176683426,0.9537005855587801,3,3,4,0.0,5 3 4 6
2287,3,sigma_1p0__kernel_9__order_2,1.0,9,2,8252,0.050000000000000044,0.07726895809173584,0.0007616446528118104,0.00043727908632718027,0.930795111674616,1,1,2,0.0,4 6
2288,3,sigma_1p0__kernel_9__order_2,1.0,9,2,8255,0.050000000000000044,0.174459308385849,0.0006832355672183136,0.0003397577675059438,0.9633346566759874,2,2,3,0.0,5 3 6
2289,3,sigma_1p0__kernel_9__order_2,1.0,9,2,8259,0.050000000000000044,0.6262924671173096,0.0006908248324180022,0.00029329670360311866,0.978404005805604,3,3,4,0.0,4 5 3 6
2290,3,sigma_1p0__kernel_9__order_2,1.0,9,2,8262,0.050000000000000044,0.04376606643199921,0.0008447114184188346,0.0002938012476079166,0.9570630353816766,2,2,3,0.0,4 2 6
2291,3,sigma_1p0__kernel_9__order_2,1.0,9,2,8266,0.050000000000000044,0.45421579480171204,0.0006441911682486534,0.0002658700686879456,0.9685054444104397,3,3,4,0.0,5 3 4 6
2292,3,sigma_1p0__kernel_9__order_2,1.0,9,2,8271,0.050000000000000044,0.5950120687484741,0.0005530478898435831,0.00024510215735062957,0.980296102789863,5,5,6,0.0,2 1 5 3 4
2293,3,sigma_1p0__kernel_9__order_2,1.0,9,2,8275,0.050000000000000044,0.43311983346939087,0.0005221669125603512,0.00047925321268849075,0.9483131717770902,3,3,4,0.0,3 5 4 6
2294,3,sigma_1p0__kernel_9__order_2,1.0,9,2,8279,0.050000000000000044,0.41477465629577637,0.0004779056762345135,0.0005729258991777897,0.9485109874205697,3,3,4,0.0,5 3 4 6
2295,3,sigma_1p0__kernel_9__order_2,1.0,9,2,8284,0.050000000000000044,0.6435295343399048,0.0003923359327018261,0.00010259622649755329,0.9913052334655054,4,4,5,0.0,2 5 4 3 6
2296,3,sigma_1p0__kernel_9__order_2,1.0,9,2,8288,0.050000000000000044,0.43311983346939087,0.0005497120437212288,0.00047925321268849075,0.9483131717770902,3,3,4,0.0,5 3 4 6
2297,3,sigma_1p0__kernel_9__order_2,1.0,9,2,8290,0.050000000000000044,0.09576810151338577,0.00046705384738743305,0.0003033298416994512,0.95530721747209,1,1,2,0.0,4 6
2298,3,sigma_1p0__kernel_9__order_2,1.0,9,2,8294,0.050000000000000044,0.28650835156440735,0.00041718992724781856,0.0002764974778983742,0.9829256227871184,3,3,4,0.0,4 3 5 6
2299,3,sigma_1p0__kernel_9__order_2,1.0,9,2,8298,0.050000000000000044,0.253742516040802,0.0004072336232638918,0.0003305163118056953,0.9657473915503509,3,3,4,0.0,4 3 5 6
2300,3,sigma_1p0__kernel_9__order_2,1.0,9,2,8302,0.050000000000000044,0.2447340339422226,0.00032315107455360703,0.0005987586337141693,0.9625195515354238,3,3,4,0.0,5 3 4 6
2301,3,sigma_1p0__kernel_9__order_2,1.0,9,2,8306,0.050000000000000044,0.50069260597229,0.00040867003554012626,0.00017175794346258044,0.9811322692954441,3,3,4,0.0,5 3 4 6
2302,3,sigma_1p0__kernel_9__order_2,1.0,9,2,8310,0.050000000000000044,0.009260803461074829,0.00044678160338662565,0.0004295956459827721,0.9666490850706588,3,3,4,0.0,3 5 2 6
2303,3,sigma_1p0__kernel_9__order_2,1.0,9,2,8313,0.050000000000000044,0.1506832093000412,0.00024546985514461994,0.0008174586109817028,0.9402529282958272,2,2,3,0.0,5 3 6
2304,3,sigma_1p0__kernel_9__order_2,1.0,9,2,8317,0.050000000000000044,0.6237078309059143,0.00041052012238651514,0.00022654430358670652,0.9791596898638536,3,3,4,0.0,3 5 4 6
2305,3,sigma_1p0__kernel_9__order_2,1.0,9,2,8321,0.050000000000000044,0.6262924075126648,0.00039807739085517824,0.00029329670360311866,0.978404005805604,3,3,4,0.0,3 5 4 6
2306,3,sigma_1p0__kernel_9__order_2,1.0,9,2,8325,0.050000000000000044,0.45929238200187683,0.00041629859333625063,0.0006882387679070234,0.9495375515022686,3,3,4,0.0,3 5 4 6
2307,3,sigma_1p0__kernel_9__order_2,1.0,9,2,8329,0.050000000000000044,0.5734812617301941,0.00046057417057454586,0.00033009552862495184,0.9623021453477256,3,3,4,0.0,5 3 4 6
2308,3,sigma_1p0__kernel_9__order_2,1.0,9,2,8334,0.050000000000000044,0.5681328773498535,0.0004485193232540041,0.0003357348614372313,0.9786668139710296,5,5,6,0.0,2 5 4 1 3
2309,3,sigma_1p0__kernel_9__order_2,1.0,9,2,8339,0.050000000000000044,0.6129100322723389,0.00040428125648759303,0.00025139222270809114,0.9801201290062294,4,4,5,0.0,1 3 4 5 6
2310,3,sigma_1p0__kernel_9__order_2,1.0,9,2,8344,0.050000000000000044,0.6046931743621826,0.0004242453200276941,0.00022461751359514892,0.9793347819806846,4,4,5,0.0,3 2 5 4 6
2311,3,sigma_1p0__kernel_9__order_2,1.0,9,2,8349,0.050000000000000044,0.47984907031059265,0.0004026428330689669,0.000276587757980451,0.9795012027025223,4,4,5,0.0,2 4 3 5 6
2312,3,sigma_1p0__kernel_9__order_2,1.0,9,2,8353,0.050000000000000044,0.24948525428771973,0.0003267899010097608,0.0003499265876598656,0.9686965808254643,3,3,4,0.0,5 3 4 6
2313,3,sigma_1p0__kernel_9__order_2,1.0,9,2,8357,0.050000000000000044,0.45421579480171204,0.0003355349581397604,0.0002658700686879456,0.9685054444104397,3,3,4,0.0,5 3 4 6
2314,3,sigma_1p0__kernel_9__order_2,1.0,9,2,8362,0.050000000000000044,0.6381492614746094,0.00033035477972589435,0.00011533001088537276,0.9893625811468832,4,4,5,0.0,1 3 4 5 6
2315,3,sigma_1p0__kernel_9__order_2,1.0,9,2,8367,0.050000000000000044,0.5868489742279053,0.00038060994702391324,0.0003388386103324592,0.9784358720008315,4,4,5,0.0,2 5 4 3 6
2316,3,sigma_1p0__kernel_9__order_2,1.0,9,2,8370,0.050000000000000044,0.07221158593893051,0.00036857527447864413,0.00046005219337530434,0.9631423900406653,2,2,3,0.0,3 5 6
2317,3,sigma_1p0__kernel_9__order_2,1.0,9,2,8374,0.050000000000000044,0.6114770770072937,0.000372066511772573,0.00013926590327173471,0.9833388140560189,3,3,4,0.0,3 5 4 6
2318,3,sigma_1p0__kernel_9__order_2,1.0,9,2,8377,0.050000000000000044,0.16950292885303497,0.000283564751346906,0.0002968789776787162,0.967183250787709,2,2,3,0.0,3 5 6
2319,3,sigma_1p0__kernel_9__order_2,1.0,9,2,8379,0.050000000000000044,0.08126659691333771,0.0003002817466040142,0.0003977040178142488,0.9477260804488175,1,1,2,0.0,4 6
2320,3,sigma_1p0__kernel_9__order_2,1.0,9,2,8384,0.050000000000000044,0.5681328773498535,0.0003758483333513141,0.0003357348614372313,0.9786668139710296,5,5,6,0.0,2 4 5 1 3
2321,3,sigma_1p0__kernel_9__order_2,1.0,9,2,8386,0.050000000000000044,0.09576810151338577,0.00039992338861338794,0.0003033298416994512,0.95530721747209,1,1,2,0.0,4 6
2322,3,sigma_1p0__kernel_9__order_2,1.0,9,2,8389,0.050000000000000044,0.16670595109462738,0.0002891333036435147,0.0005150713259354234,0.9424414601748395,2,2,3,0.0,5 3 6
2323,3,sigma_1p0__kernel_9__order_2,1.0,9,2,8393,0.050000000000000044,0.24948525428771973,0.00035044432297581807,0.0003499265876598656,0.9686965808254643,3,3,4,0.0,5 3 4 6
2324,3,sigma_1p0__kernel_9__order_2,1.0,9,2,8398,0.050000000000000044,0.5917484760284424,0.0002895240642828867,0.00013889899128116667,0.983347794991186,4,4,5,0.0,5 3 1 4 6
2325,3,sigma_1p0__kernel_9__order_2,1.0,9,2,8403,0.050000000000000044,0.5681328773498535,0.00030788744916208086,0.0003357348614372313,0.9786668139710296,5,5,6,0.0,2 5 1 4 3
2326,3,sigma_1p0__kernel_9__order_2,1.0,9,2,8407,0.050000000000000044,0.27070730924606323,0.0003103891358477995,0.00016201628022827208,0.9809971033605469,3,3,4,0.0,4 3 5 6
2327,3,sigma_1p0__kernel_9__order_2,1.0,9,2,8411,0.050000000000000044,0.45929238200187683,0.00033052907019737177,0.0006882387679070234,0.9495375515022686,3,3,4,0.0,3 5 4 6
2328,3,sigma_1p0__kernel_9__order_2,1.0,9,2,8415,0.050000000000000044,0.45421579480171204,0.00031314470106735826,0.0002658700686879456,0.9685054444104397,3,3,4,0.0,5 3 4 6
2329,3,sigma_1p0__kernel_9__order_2,1.0,9,2,8418,0.050000000000000044,0.1401793360710144,0.0002946069580502808,0.0006530879763886333,0.9352612300342952,2,2,3,0.0,5 3 6
2330,3,sigma_1p0__kernel_9__order_2,1.0,9,2,8422,0.050000000000000044,0.6262924075126648,0.00032653995731379837,0.00029329670360311866,0.978404005805604,3,3,4,0.0,3 5 4 6
2331,3,sigma_1p0__kernel_9__order_2,1.0,9,2,8427,0.050000000000000044,0.42462193965911865,0.000285453160176985,0.0002650593232829124,0.968571965036721,4,4,5,0.0,5 3 1 4 6
2332,3,sigma_1p0__kernel_9__order_2,1.0,9,2,8431,0.050000000000000044,0.25167810916900635,0.00031686320289736614,0.0002688246313482523,0.9730571657596389,3,3,4,0.0,4 3 5 6
2333,3,sigma_1p0__kernel_9__order_2,1.0,9,2,8434,0.050000000000000044,0.137592613697052,0.0004226352320984006,0.0008260032045654953,0.9129568341583474,2,2,3,0.0,5 3 6
2334,3,sigma_1p0__kernel_9__order_2,1.0,9,2,8436,0.050000000000000044,0.09576810151338577,0.00039295150781981647,0.0003033298416994512,0.95530721747209,1,1,2,0.0,4 6
2335,3,sigma_1p0__kernel_9__order_2,1.0,9,2,8438,0.050000000000000044,0.08126659691333771,0.00041750542004592717,0.0003977040178142488,0.9477260804488175,1,1,2,0.0,4 6
2336,3,sigma_1p0__kernel_9__order_2,1.0,9,2,8443,0.050000000000000044,0.5681328773498535,0.0003529344190610573,0.0003357348614372313,0.9786668139710296,5,5,6,0.0,2 1 5 4 3
2337,3,sigma_1p0__kernel_9__order_2,1.0,9,2,8447,0.050000000000000044,0.43311983346939087,0.0003652441155281849,0.00047925321268849075,0.9483131717770902,3,3,4,0.0,5 3 4 6
2338,3,sigma_1p0__kernel_9__order_2,1.0,9,2,8452,0.050000000000000044,0.39463871717453003,0.0002916008554166183,0.0002648760564625263,0.9685548641912719,5,5,6,0.0,5 3 2 1 4
2339,3,sigma_1p0__kernel_9__order_2,1.0,9,2,8454,0.050000000000000044,0.08126659691333771,0.0002704286016523838,0.0003977040178142488,0.9477260804488175,1,1,2,0.0,4 6
2340,3,sigma_1p0__kernel_9__order_2,1.0,9,2,8458,0.050000000000000044,0.2811933755874634,0.0003176562677253969,0.0003074454143643379,0.9758183664501635,3,3,4,0.0,4 3 5 6
2341,3,sigma_1p0__kernel_9__order_2,1.0,9,2,8461,0.050000000000000044,0.1506832093000412,0.0002831622793261583,0.0008174586109817028,0.9402529282958272,2,2,3,0.0,5 3 6
2342,3,sigma_1p0__kernel_9__order_2,1.0,9,2,8463,0.050000000000000044,0.08126659691333771,0.00031295134976971895,0.0003977040178142488,0.9477260804488175,1,1,2,0.0,4 6
2343,3,sigma_1p0__kernel_9__order_2,1.0,9,2,8467,0.050000000000000044,0.50069260597229,0.00028144996394985355,0.00017175794346258044,0.9811322692954441,3,3,4,0.0,5 3 4 6
2344,3,sigma_1p0__kernel_9__order_2,1.0,9,2,8471,0.050000000000000044,0.43311983346939087,0.0002992667905346025,0.00047925321268849075,0.9483131717770902,3,3,4,0.0,5 3 4 6
2345,3,sigma_1p0__kernel_9__order_2,1.0,9,2,8475,0.050000000000000044,0.25167810916900635,0.00033209993125637993,0.0002688246313482523,0.9730571657596389,3,3,4,0.0,4 3 5 6
2346,3,sigma_1p0__kernel_9__order_2,1.0,9,2,8478,0.050000000000000044,0.0692678764462471,0.00027750851586461067,0.0006569871911779046,0.9474752098676282,2,2,3,0.0,3 5 6
2347,3,sigma_1p0__kernel_9__order_2,1.0,9,2,8482,0.050000000000000044,0.24948525428771973,0.00031926452356856316,0.0003499265876598656,0.9686965808254643,3,3,4,0.0,5 3 4 6
2348,3,sigma_1p0__kernel_9__order_2,1.0,9,2,8486,0.050000000000000044,0.19815494120121002,0.0003331074658490252,0.00044109561713412404,0.9605477168075253,3,3,4,0.0,4 3 1 6
2349,3,sigma_1p0__kernel_9__order_2,1.0,9,2,8491,0.050000000000000044,0.6252923011779785,0.0002995544084114954,0.00010020502668339759,0.991501499813462,5,5,6,0.0,2 4 5 1 3
2350,3,sigma_1p0__kernel_9__order_2,1.0,9,2,8495,0.050000000000000044,0.2447340339422226,0.0003114731334790122,0.0005987586337141693,0.9625195515354238,3,3,4,0.0,5 3 4 6
2351,3,sigma_1p0__kernel_9__order_2,1.0,9,2,8499,0.050000000000000044,0.28650832176208496,0.00030130621598800644,0.0002764974778983742,0.9829256227871184,3,3,4,0.0,4 5 3 6
2352,3,sigma_1p0__kernel_9__order_2,1.0,9,2,8502,0.050000000000000044,0.16950291395187378,0.0004988777994488677,0.0002968789776787162,0.967183250787709,2,2,3,0.0,5 3 6
2353,3,sigma_1p0__kernel_9__order_2,1.0,9,2,8506,0.050000000000000044,0.25167810916900635,0.0005016936484025791,0.0002688246313482523,0.9730571657596389,3,3,4,0.0,4 3 5 6
2354,3,sigma_1p0__kernel_9__order_2,1.0,9,2,8510,0.050000000000000044,0.6237078309059143,0.0006483889301307499,0.00022654430358670652,0.9791596898638536,3,3,4,0.0,3 5 4 6
2355,3,sigma_1p0__kernel_9__order_2,1.0,9,2,8514,0.050000000000000044,0.5734812617301941,0.0005591860026470385,0.00033009552862495184,0.9623021453477256,3,3,4,0.0,3 5 4 6
2356,3,sigma_1p0__kernel_9__order_2,1.0,9,2,8518,0.050000000000000044,0.25167810916900635,0.00045458181557478383,0.0002688246313482523,0.9730571657596389,3,3,4,0.0,4 3 5 6
2357,3,sigma_1p0__kernel_9__order_2,1.0,9,2,8520,0.050000000000000044,0.08291575312614441,0.0006130926485639066,0.0010219656396657228,0.9112541051791908,1,1,2,0.0,2 6
2358,3,sigma_1p0__kernel_9__order_2,1.0,9,2,8524,0.050000000000000044,0.6313903331756592,0.00041208391485270113,0.0002559213316999376,0.9799899954114034,3,3,4,0.0,3 5 4 6
2359,3,sigma_1p0__kernel_9__order_2,1.0,9,2,8528,0.050000000000000044,0.27070730924606323,0.00044705199979944155,0.00016201628022827208,0.9809971033605469,3,3,4,0.0,4 3 5 6
2360,3,sigma_1p0__kernel_9__order_2,1.0,9,2,8532,0.050000000000000044,0.27070730924606323,0.0005056865411461331,0.00016201628022827208,0.9809971033605469,3,3,4,0.0,4 5 3 6
2361,3,sigma_1p0__kernel_9__order_2,1.0,9,2,8536,0.050000000000000044,0.1039593368768692,0.0004010722623206675,0.0008596146362833679,0.9272331046505292,3,3,4,0.0,4 5 3 6
2362,3,sigma_1p0__kernel_9__order_2,1.0,9,2,8538,0.050000000000000044,0.06959661841392517,0.0003219220816390589,0.001075812499038875,0.9304968564284968,1,1,2,0.0,2 6
2363,3,sigma_1p0__kernel_9__order_2,1.0,9,2,8540,0.050000000000000044,0.08126659691333771,0.0004036834870930761,0.0003977040178142488,0.9477260804488175,1,1,2,0.0,4 6
2364,3,sigma_1p0__kernel_9__order_2,1.0,9,2,8545,0.050000000000000044,0.6383658647537231,0.0003339120768941939,0.00011450669262558222,0.9892929023957848,4,4,5,0.0,2 5 4 3 6
2365,3,sigma_1p0__kernel_9__order_2,1.0,9,2,8550,0.050000000000000044,0.5877506732940674,0.00038832040736451744,0.00028907760861329734,0.9786078447252334,5,5,6,0.0,4 2 1 5 3
2366,3,sigma_1p0__kernel_9__order_2,1.0,9,2,8555,0.050000000000000044,0.5681328773498535,0.000358849618351087,0.0003357348614372313,0.9786668139710296,5,5,6,0.0,2 4 5 1 3
2367,3,sigma_1p0__kernel_9__order_2,1.0,9,2,8560,0.050000000000000044,0.47766661643981934,0.00032745629432611166,0.00011469401943031698,0.98698817721516,4,4,5,0.0,4 1 5 3 6
2368,3,sigma_1p0__kernel_9__order_2,1.0,9,2,8564,0.050000000000000044,0.28650832176208496,0.0003380199777893722,0.0002764974778983742,0.9829256227871184,3,3,4,0.0,4 5 3 6
2369,3,sigma_1p0__kernel_9__order_2,1.0,9,2,8568,0.050000000000000044,0.6313903331756592,0.00033067521144403145,0.0002559213316999376,0.9799899954114034,3,3,4,0.0,3 5 4 6
2370,3,sigma_1p0__kernel_9__order_2,1.0,9,2,8570,0.050000000000000044,0.10135974735021591,0.0003043451579287648,0.0007019987679086626,0.9483417614355382,1,1,2,0.0,4 6
2371,3,sigma_1p0__kernel_9__order_2,1.0,9,2,8575,0.050000000000000044,0.23762643337249756,0.0003581242955988273,0.00027102409512735903,0.9831929665931481,4,4,5,0.0,3 5 4 1 6
2372,3,sigma_1p0__kernel_9__order_2,1.0,9,2,8579,0.050000000000000044,0.28650835156440735,0.0004313028839533217,0.0002764974778983742,0.9829256227871184,3,3,4,0.0,4 3 5 6
2373,3,sigma_1p0__kernel_9__order_2,1.0,9,2,8581,0.050000000000000044,0.08126659691333771,0.00036764958349522203,0.0003977040178142488,0.9477260804488175,1,1,2,0.0,4 6
2374,3,sigma_1p0__kernel_9__order_2,1.0,9,2,8583,0.050000000000000044,0.08126659691333771,0.00030174200946930796,0.0003977040178142488,0.9477260804488175,1,1,2,0.0,4 6
2375,3,sigma_1p0__kernel_9__order_2,1.0,9,2,8588,0.050000000000000044,0.4517238438129425,0.0003914644505130127,0.0002711522101890296,0.9798690636291232,5,5,6,0.0,2 5 1 4 3
2376,3,sigma_1p0__kernel_9__order_2,1.0,9,2,8592,0.050000000000000044,0.45929238200187683,0.0003975415020249784,0.0006882387679070234,0.9495375515022686,3,3,4,0.0,5 3 4 6
2377,3,sigma_1p0__kernel_9__order_2,1.0,9,2,8596,0.050000000000000044,0.1258772611618042,0.00034237559884786606,0.0004502757510636002,0.9575773105113884,3,3,4,0.0,5 4 3 6
2378,3,sigma_1p0__kernel_9__order_2,1.0,9,2,8598,0.050000000000000044,0.035729821771383286,0.0003259481454733759,0.0015412995126098394,0.9279579401069391,1,1,2,0.0,4 6
2379,3,sigma_1p0__kernel_9__order_2,1.0,9,2,8600,0.050000000000000044,0.035729821771383286,0.0004379927268018946,0.0015412995126098394,0.9279579401069391,1,1,2,0.0,4 6
2380,3,sigma_1p0__kernel_9__order_2,1.0,9,2,8604,0.050000000000000044,0.45421576499938965,0.000350074638845399,0.0002658700686879456,0.9685054444104397,3,3,4,0.0,3 5 4 6
2381,3,sigma_1p0__kernel_9__order_2,1.0,9,2,8607,0.050000000000000044,0.1401793360710144,0.00039673870196565986,0.0006530879763886333,0.9352612300342952,2,2,3,0.0,3 5 6
2382,3,sigma_1p0__kernel_9__order_2,1.0,9,2,8610,0.050000000000000044,0.16950292885303497,0.000377439185588931,0.0002968789776787162,0.967183250787709,2,2,3,0.0,3 5 6
2383,3,sigma_1p0__kernel_9__order_2,1.0,9,2,8613,0.050000000000000044,0.16950292885303497,0.0002963595325127244,0.0002968789776787162,0.967183250787709,2,2,3,0.0,3 5 6
2384,3,sigma_1p0__kernel_9__order_2,1.0,9,2,8617,0.050000000000000044,0.5074523687362671,0.00034441207390045747,0.00028734508669003844,0.9792653489835764,3,3,4,0.0,4 5 3 6
2385,3,sigma_1p0__kernel_9__order_2,1.0,9,2,8621,0.050000000000000044,0.1039593368768692,0.000346586195519194,0.0008596146362833679,0.9272331046505292,3,3,4,0.0,4 5 3 6
2386,3,sigma_1p0__kernel_9__order_2,1.0,9,2,8623,0.050000000000000044,0.08941388130187988,0.00044503719254862517,0.0015358374221250415,0.9197421913942174,1,1,2,0.0,4 6
2387,3,sigma_1p0__kernel_9__order_2,1.0,9,2,8627,0.050000000000000044,0.6114770770072937,0.00034293779026484117,0.00013926590327173471,0.9833388140560189,3,3,4,0.0,5 3 4 6
2388,3,sigma_1p0__kernel_9__order_2,1.0,9,2,8628,0.050000000000000044,0.0,0.0002994690148625523,0.0019371160306036472,0.8608352722739635,0,0,1,0.0,6
2389,3,sigma_1p0__kernel_9__order_2,1.0,9,2,8632,0.050000000000000044,0.23954163491725922,0.0004232852515997365,0.00046948809176683426,0.9537005855587801,3,3,4,0.0,3 5 4 6
2390,3,sigma_1p0__kernel_9__order_2,1.0,9,2,8636,0.050000000000000044,0.45929238200187683,0.0003256068957853131,0.0006882387679070234,0.9495375515022686,3,3,4,0.0,3 4 5 6
2391,3,sigma_1p0__kernel_9__order_2,1.0,9,2,8639,0.050000000000000044,0.1401793360710144,0.00040023369365371764,0.0006530879763886333,0.9352612300342952,2,2,3,0.0,3 5 6
2392,3,sigma_1p0__kernel_9__order_2,1.0,9,2,8642,0.050000000000000044,0.07734768092632294,0.0002500321085487182,0.00047694897511973977,0.959780734125414,2,2,3,0.0,4 3 6
2393,3,sigma_1p0__kernel_9__order_2,1.0,9,2,8646,0.050000000000000044,0.45421579480171204,0.00028582730737980455,0.0002658700686879456,0.9685054444104397,3,3,4,0.0,5 3 4 6
2394,3,sigma_1p0__kernel_9__order_2,1.0,9,2,8649,0.050000000000000044,0.16950292885303497,0.0004182387686644991,0.0002968789776787162,0.967183250787709,2,2,3,0.0,3 5 6
2395,3,sigma_1p0__kernel_9__order_2,1.0,9,2,8651,0.050000000000000044,0.08941388130187988,0.00031323637813329697,0.0015358374221250415,0.9197421913942174,1,1,2,0.0,4 6
2396,3,sigma_1p0__kernel_9__order_2,1.0,9,2,8652,0.050000000000000044,0.0,0.00025806843768805265,0.0022997516207396984,0.8291534932903883,0,0,1,0.0,6
2397,3,sigma_1p0__kernel_9__order_2,1.0,9,2,8656,0.050000000000000044,0.24948523938655853,0.00040044680645223707,0.0003499265876598656,0.9686965808254643,3,3,4,0.0,3 4 5 6
2398,3,sigma_1p0__kernel_9__order_2,1.0,9,2,8660,0.050000000000000044,0.5071699619293213,0.0003341876436024904,0.00011563707084860653,0.9869697132944069,3,3,4,0.0,3 5 4 6
2399,3,sigma_1p0__kernel_9__order_2,1.0,9,2,8664,0.050000000000000044,0.24948525428771973,0.00037953587889205664,0.0003499265876598656,0.9686965808254643,3,3,4,0.0,3 5 4 6
2400,3,sigma_1p0__kernel_9__order_2,1.0,9,2,8666,0.050000000000000044,0.10135974735021591,0.00041368867096025497,0.0007019987679086626,0.9483417614355382,1,1,2,0.0,4 6
2401,3,sigma_1p0__kernel_9__order_2,1.0,9,2,8671,0.050000000000000044,0.47984904050827026,0.0003477448539342731,0.000276587757980451,0.9795012027025223,4,4,5,0.0,4 2 5 3 6
2402,3,sigma_1p0__kernel_9__order_2,1.0,9,2,8676,0.050000000000000044,0.6046932935714722,0.0003460219595581293,0.00022461751359514892,0.9793347819806846,4,4,5,0.0,4 2 5 3 6
2403,3,sigma_1p0__kernel_9__order_2,1.0,9,2,8679,0.050000000000000044,0.14139311015605927,0.00033525235873336595,0.00040280705434270203,0.9615371968601604,2,2,3,0.0,4 3 6
2404,3,sigma_1p0__kernel_9__order_2,1.0,9,2,8683,0.050000000000000044,0.6237078309059143,0.00043494922283571213,0.00022654430358670652,0.9791596898638536,3,3,4,0.0,3 5 4 6
2405,3,sigma_1p0__kernel_9__order_2,1.0,9,2,8688,0.050000000000000044,0.5868489742279053,0.0003604816389270127,0.0003388386103324592,0.9784358720008315,4,4,5,0.0,2 4 5 3 6
2406,3,sigma_1p0__kernel_9__order_2,1.0,9,2,8692,0.050000000000000044,0.6570553779602051,0.00044578641245607287,0.00011739555338863283,0.9893193590265392,3,3,4,0.0,3 5 4 6
2407,3,sigma_1p0__kernel_9__order_2,1.0,9,2,8695,0.050000000000000044,0.14571017026901245,0.0003411616295731316,0.000565270078368485,0.9617493440896521,2,2,3,0.0,3 5 6
2408,3,sigma_1p0__kernel_9__order_2,1.0,9,2,8698,0.050000000000000044,0.14571017026901245,0.0003835682097511987,0.000565270078368485,0.9617493440896521,2,2,3,0.0,3 5 6
2409,3,sigma_1p0__kernel_9__order_2,1.0,9,2,8702,0.050000000000000044,0.45421576499938965,0.00035423274675849825,0.0002658700686879456,0.9685054444104397,3,3,4,0.0,3 5 4 6
2410,3,sigma_1p0__kernel_9__order_2,1.0,9,2,8704,0.050000000000000044,0.07131662219762802,0.00032828812254592776,0.0008881487883627415,0.9203812204097596,1,1,2,0.0,4 6
2411,3,sigma_1p0__kernel_9__order_2,1.0,9,2,8706,0.050000000000000044,0.08941388130187988,0.00039968274359125644,0.0015358374221250415,0.9197421913942174,1,1,2,0.0,4 6
2412,3,sigma_1p0__kernel_9__order_2,1.0,9,2,8710,0.050000000000000044,0.5734812617301941,0.00040006349445320666,0.00033009552862495184,0.9623021453477256,3,3,4,0.0,3 5 4 6
2413,3,sigma_1p0__kernel_9__order_2,1.0,9,2,8714,0.050000000000000044,0.6262924075126648,0.0003741180189535953,0.00029329670360311866,0.978404005805604,3,3,4,0.0,3 5 4 6
2414,3,sigma_1p0__kernel_9__order_2,1.0,9,2,8717,0.050000000000000044,0.16950292885303497,0.00034139327666101355,0.0002968789776787162,0.967183250787709,2,2,3,0.0,3 5 6
2415,3,sigma_1p0__kernel_9__order_2,1.0,9,2,8721,0.050000000000000044,0.20392979681491852,0.0003891332780767698,0.0005066966405138373,0.954331966132528,3,3,4,0.0,2 5 4 6
2416,3,sigma_1p0__kernel_9__order_2,1.0,9,2,8724,0.050000000000000044,0.16950292885303497,0.00033890485065057874,0.0002968789776787162,0.967183250787709,2,2,3,0.0,3 5 6
2417,3,sigma_1p0__kernel_9__order_2,1.0,9,2,8727,0.050000000000000044,0.1506832242012024,0.0004343223408795893,0.0008174586109817028,0.9402529282958272,2,2,3,0.0,3 5 6
2418,3,sigma_1p0__kernel_9__order_2,1.0,9,2,8731,0.050000000000000044,0.45421579480171204,0.00037937670276733115,0.0002658700686879456,0.9685054444104397,3,3,4,0.0,5 3 4 6
2419,3,sigma_1p0__kernel_9__order_2,1.0,9,2,8733,0.050000000000000044,0.07726895809173584,0.00026999791589332744,0.00043727908632718027,0.930795111674616,1,1,2,0.0,4 6
2420,3,sigma_1p0__kernel_9__order_2,1.0,9,2,8737,0.050000000000000044,0.27070730924606323,0.0003471227173577063,0.00016201628022827208,0.9809971033605469,3,3,4,0.0,4 3 5 6
2421,3,sigma_1p0__kernel_9__order_2,1.0,9,2,8742,0.050000000000000044,0.47143882513046265,0.00029276340501382947,0.00017118456889875233,0.9813243463794911,4,4,5,0.0,3 4 5 1 6
2422,3,sigma_1p0__kernel_9__order_2,1.0,9,2,8743,0.050000000000000044,0.0,0.0005832648603245616,0.002307247370481491,0.8727007565242498,0,0,1,0.0,6
2423,3,sigma_1p0__kernel_9__order_2,1.0,9,2,8745,0.050000000000000044,0.07131662219762802,0.0003113812126684934,0.0008881487883627415,0.9203812204097596,1,1,2,0.0,4 6
2424,3,sigma_1p0__kernel_9__order_2,1.0,9,2,8750,0.050000000000000044,0.6383658647537231,0.00036071467911824584,0.00011450669262558222,0.9892929023957848,4,4,5,0.0,2 4 5 3 6
2425,3,sigma_1p0__kernel_9__order_2,1.0,9,2,8754,0.050000000000000044,0.5208901762962341,0.0008523567812517285,0.00028643847326748073,0.9824312456155929,3,3,4,0.0,4 3 5 6
2426,3,sigma_1p0__kernel_9__order_2,1.0,9,2,8756,0.050000000000000044,0.10135974735021591,0.0007651940104551613,0.0007019987679086626,0.9483417614355382,1,1,2,0.0,4 6
2427,3,sigma_1p0__kernel_9__order_2,1.0,9,2,8758,0.050000000000000044,0.09576810151338577,0.0007522981031797826,0.0003033298416994512,0.95530721747209,1,1,2,0.0,4 6
2428,3,sigma_1p0__kernel_9__order_2,1.0,9,2,8763,0.050000000000000044,0.5346906781196594,0.0007328507781494409,0.0003261989331804216,0.9622534799802601,5,5,6,0.0,4 2 3 1 5
2429,3,sigma_1p0__kernel_9__order_2,1.0,9,2,8767,0.050000000000000044,0.24948528409004211,0.0005438416483229958,0.0003499265876598656,0.9686965808254643,3,3,4,0.0,4 3 5 6
2430,3,sigma_1p0__kernel_9__order_2,1.0,9,2,8772,0.050000000000000044,0.5346906185150146,0.0005614335997961462,0.0003261989331804216,0.9622534799802601,5,5,6,0.0,1 2 5 3 4
2431,3,sigma_1p0__kernel_9__order_2,1.0,9,2,8774,0.050000000000000044,0.09576810151338577,0.0004326761409174651,0.0003033298416994512,0.95530721747209,1,1,2,0.0,4 6
2432,3,sigma_1p0__kernel_9__order_2,1.0,9,2,8777,0.050000000000000044,0.137592613697052,0.00043972859081501764,0.0008260032045654953,0.9129568341583474,2,2,3,0.0,5 3 6
2433,3,sigma_1p0__kernel_9__order_2,1.0,9,2,8780,0.050000000000000044,0.0692678764462471,0.00041000143392011523,0.0006569871911779046,0.9474752098676282,2,2,3,0.0,3 5 6
2434,3,sigma_1p0__kernel_9__order_2,1.0,9,2,8784,0.050000000000000044,0.27070730924606323,0.0005035093054175377,0.00016201628022827208,0.9809971033605469,3,3,4,0.0,4 3 5 6
2435,3,sigma_1p0__kernel_9__order_2,1.0,9,2,8789,0.050000000000000044,0.5917484760284424,0.000498712039552629,0.00013889899128116667,0.983347794991186,4,4,5,0.0,1 3 4 5 6
2436,3,sigma_1p0__kernel_9__order_2,1.0,9,2,8792,0.050000000000000044,0.16670595109462738,0.0003381279627016435,0.0005150713259354234,0.9424414601748395,2,2,3,0.0,3 5 6
2437,3,sigma_1p0__kernel_9__order_2,1.0,9,2,8796,0.050000000000000044,0.45929238200187683,0.0003570762200979516,0.0006882387679070234,0.9495375515022686,3,3,4,0.0,3 5 4 6
2438,3,sigma_1p0__kernel_9__order_2,1.0,9,2,8799,0.050000000000000044,0.1401793360710144,0.0005098401064363619,0.0006530879763886333,0.9352612300342952,2,2,3,0.0,5 3 6
2439,3,sigma_1p0__kernel_9__order_2,1.0,9,2,8803,0.050000000000000044,0.2811933755874634,0.0005090094055049121,0.0003074454143643379,0.9758183664501635,3,3,4,0.0,4 3 5 6
2440,3,sigma_1p0__kernel_9__order_2,1.0,9,2,8808,0.050000000000000044,0.5868489742279053,0.00042152601527050136,0.0003388386103324592,0.9784358720008315,4,4,5,0.0,2 4 5 3 6
2441,3,sigma_1p0__kernel_9__order_2,1.0,9,2,8812,0.050000000000000044,0.24948528409004211,0.0004502364754443988,0.0003499265876598656,0.9686965808254643,3,3,4,0.0,4 3 5 6
2442,3,sigma_1p0__kernel_9__order_2,1.0,9,2,8816,0.050000000000000044,0.2447340339422226,0.0003822428407147527,0.0005987586337141693,0.9625195515354238,3,3,4,0.0,3 5 4 6
2443,3,sigma_1p0__kernel_9__order_2,1.0,9,2,8819,0.050000000000000044,0.174459308385849,0.00028796817059628665,0.0003397577675059438,0.9633346566759874,2,2,3,0.0,5 3 6
2444,3,sigma_1p0__kernel_9__order_2,1.0,9,2,8822,0.050000000000000044,0.06653745472431183,0.00040203967364504933,0.000581010477617383,0.9571687054690793,2,2,3,0.0,5 3 6
2445,3,sigma_1p0__kernel_9__order_2,1.0,9,2,8826,0.050000000000000044,0.1258772611618042,0.000403809935960453,0.0004502757510636002,0.9575773105113884,3,3,4,0.0,4 5 3 6
2446,3,sigma_1p0__kernel_9__order_2,1.0,9,2,8830,0.050000000000000044,0.45929238200187683,0.00034061501355608925,0.0006882387679070234,0.9495375515022686,3,3,4,0.0,3 5 4 6
2447,3,sigma_1p0__kernel_9__order_2,1.0,9,2,8833,0.050000000000000044,0.11879583448171616,0.0004570346015195052,0.00117316038813442,0.8967012005916816,2,2,3,0.0,5 3 6
2448,3,sigma_1p0__kernel_9__order_2,1.0,9,2,8837,0.050000000000000044,0.6237078309059143,0.0005108315381221473,0.00022654430358670652,0.9791596898638536,3,3,4,0.0,3 5 4 6
2449,3,sigma_1p0__kernel_9__order_2,1.0,9,2,8839,0.050000000000000044,0.10135974735021591,0.0005207542271818966,0.0007019987679086626,0.9483417614355382,1,1,2,0.0,4 6
2450,3,sigma_1p0__kernel_9__order_2,1.0,9,2,8841,0.050000000000000044,0.09576810151338577,0.0003697966894833371,0.0003033298416994512,0.95530721747209,1,1,2,0.0,4 6
2451,3,sigma_1p0__kernel_9__order_2,1.0,9,2,8843,0.050000000000000044,0.08822499215602875,0.0004750973457703367,0.0010199007811024785,0.9173677836353231,1,1,2,0.0,4 6
2452,3,sigma_1p0__kernel_9__order_2,1.0,9,2,8848,0.050000000000000044,0.5868489742279053,0.00030175233841873706,0.0003388386103324592,0.9784358720008315,4,4,5,0.0,2 4 5 3 6
2453,3,sigma_1p0__kernel_9__order_2,1.0,9,2,8852,0.050000000000000044,0.41477465629577637,0.00039953314990270883,0.0005729258991777897,0.9485109874205697,3,3,4,0.0,5 3 4 6
2454,3,sigma_1p0__kernel_9__order_2,1.0,9,2,8856,0.050000000000000044,0.253742516040802,0.0004191901462036185,0.0003305163118056953,0.9657473915503509,3,3,4,0.0,4 3 5 6
2455,3,sigma_1p0__kernel_9__order_2,1.0,9,2,8859,0.050000000000000044,0.16670595109462738,0.0002951128165780877,0.0005150713259354234,0.9424414601748395,2,2,3,0.0,5 3 6
2456,3,sigma_1p0__kernel_9__order_2,1.0,9,2,8861,0.050000000000000044,0.06959661841392517,0.00027869771292898804,0.001075812499038875,0.9304968564284968,1,1,2,0.0,2 6
2457,3,sigma_1p0__kernel_9__order_2,1.0,9,2,8864,0.050000000000000044,0.174459308385849,0.0004609192255884409,0.0003397577675059438,0.9633346566759874,2,2,3,0.0,5 3 6
2458,3,sigma_1p0__kernel_9__order_2,1.0,9,2,8866,0.050000000000000044,0.08822499215602875,0.0003305769496364519,0.0010199007811024785,0.9173677836353231,1,1,2,0.0,4 6
2459,3,sigma_1p0__kernel_9__order_2,1.0,9,2,8868,0.050000000000000044,0.10135974735021591,0.0003500489838188514,0.0007019987679086626,0.9483417614355382,1,1,2,0.0,4 6
2460,3,sigma_1p0__kernel_9__order_2,1.0,9,2,8873,0.050000000000000044,0.5538358688354492,0.00041631264612078666,0.00032918446231633425,0.9623376832528574,4,4,5,0.0,1 3 4 5 6
2461,3,sigma_1p0__kernel_9__order_2,1.0,9,2,8875,0.050000000000000044,0.09576810151338577,0.00043857889249920845,0.0003033298416994512,0.95530721747209,1,1,2,0.0,4 6
2462,3,sigma_1p0__kernel_9__order_2,1.0,9,2,8880,0.050000000000000044,0.5868489742279053,0.00038222153671085835,0.0003388386103324592,0.9784358720008315,4,4,5,0.0,2 5 4 3 6
2463,3,sigma_1p0__kernel_9__order_2,1.0,9,2,8883,0.050000000000000044,0.1506832093000412,0.000330298959549206,0.0008174586109817028,0.9402529282958272,2,2,3,0.0,5 3 6
2464,3,sigma_1p0__kernel_9__order_2,1.0,9,2,8887,0.050000000000000044,0.2811933755874634,0.000381644753360888,0.0003074454143643379,0.9758183664501635,3,3,4,0.0,4 3 5 6
2465,3,sigma_1p0__kernel_9__order_2,1.0,9,2,8891,0.050000000000000044,0.6114770174026489,0.0003624241871875711,0.00013926590327173471,0.9833388140560189,3,3,4,0.0,4 5 3 6
2466,3,sigma_1p0__kernel_9__order_2,1.0,9,2,8894,0.050000000000000044,0.1506832093000412,0.00032205906851838034,0.0008174586109817028,0.9402529282958272,2,2,3,0.0,5 3 6
2467,3,sigma_1p0__kernel_9__order_2,1.0,9,2,8896,0.050000000000000044,0.08941388130187988,0.0003567353851394728,0.0015358374221250415,0.9197421913942174,1,1,2,0.0,4 6
2468,3,sigma_1p0__kernel_9__order_2,1.0,9,2,8898,0.050000000000000044,0.07726895809173584,0.00028083483630325645,0.00043727908632718027,0.930795111674616,1,1,2,0.0,4 6
2469,3,sigma_1p0__kernel_9__order_2,1.0,9,2,8900,0.050000000000000044,0.07726895809173584,0.00035301830212119967,0.00043727908632718027,0.930795111674616,1,1,2,0.0,4 6
2470,3,sigma_1p0__kernel_9__order_2,1.0,9,2,8905,0.050000000000000044,0.6046932935714722,0.0003126829076791182,0.00022461751359514892,0.9793347819806846,4,4,5,0.0,4 2 5 3 6
2471,3,sigma_1p0__kernel_9__order_2,1.0,9,2,8909,0.050000000000000044,0.43311983346939087,0.00038103169936221093,0.00047925321268849075,0.9483131717770902,3,3,4,0.0,4 3 5 6
2472,3,sigma_1p0__kernel_9__order_2,1.0,9,2,8913,0.050000000000000044,0.23954163491725922,0.00034960532502736896,0.00046948809176683426,0.9537005855587801,3,3,4,0.0,3 5 4 6
2473,3,sigma_1p0__kernel_9__order_2,1.0,9,2,8917,0.050000000000000044,0.25167810916900635,0.00033738379715941846,0.0002688246313482523,0.9730571657596389,3,3,4,0.0,4 3 5 6
2474,3,sigma_1p0__kernel_9__order_2,1.0,9,2,8921,0.050000000000000044,0.2447340339422226,0.0003087920413236134,0.0005987586337141693,0.9625195515354238,3,3,4,0.0,5 3 4 6
2475,3,sigma_1p0__kernel_9__order_2,1.0,9,2,8925,0.050000000000000044,0.27070730924606323,0.0003284222257207148,0.00016201628022827208,0.9809971033605469,3,3,4,0.0,4 3 5 6
2476,3,sigma_1p0__kernel_9__order_2,1.0,9,2,8929,0.050000000000000044,0.45929238200187683,0.00043130095582455397,0.0006882387679070234,0.9495375515022686,3,3,4,0.0,5 3 4 6
2477,3,sigma_1p0__kernel_9__order_2,1.0,9,2,8932,0.050000000000000044,0.041021496057510376,0.0003288675119013836,0.0003308290906716138,0.9444854472820313,2,2,3,0.0,4 2 6
2478,3,sigma_1p0__kernel_9__order_2,1.0,9,2,8935,0.050000000000000044,0.1506832242012024,0.0004227863052316631,0.0008174586109817028,0.9402529282958272,2,2,3,0.0,3 5 6
2479,3,sigma_1p0__kernel_9__order_2,1.0,9,2,8938,0.050000000000000044,0.137592613697052,0.00035502284299582243,0.0008260032045654953,0.9129568341583474,2,2,3,0.0,5 3 6
2480,3,sigma_1p0__kernel_9__order_2,1.0,9,2,8942,0.050000000000000044,0.25167810916900635,0.00025312530488008633,0.0002688246313482523,0.9730571657596389,3,3,4,0.0,4 3 5 6
2481,3,sigma_1p0__kernel_9__order_2,1.0,9,2,8944,0.050000000000000044,0.10135974735021591,0.0003930655075237155,0.0007019987679086626,0.9483417614355382,1,1,2,0.0,4 6
2482,3,sigma_1p0__kernel_9__order_2,1.0,9,2,8948,0.050000000000000044,0.253742516040802,0.00029525667923735455,0.0003305163118056953,0.9657473915503509,3,3,4,0.0,4 3 5 6
2483,3,sigma_1p0__kernel_9__order_2,1.0,9,2,8952,0.050000000000000044,0.2811933755874634,0.00037902900658082217,0.0003074454143643379,0.9758183664501635,3,3,4,0.0,4 3 5 6
2484,3,sigma_1p0__kernel_9__order_2,1.0,9,2,8955,0.050000000000000044,0.16950291395187378,0.0003743092917526762,0.0002968789776787162,0.967183250787709,2,2,3,0.0,5 3 6
2485,3,sigma_1p0__kernel_9__order_2,1.0,9,2,8959,0.050000000000000044,0.25167810916900635,0.0003106753938482143,0.0002688246313482523,0.9730571657596389,3,3,4,0.0,4 3 5 6
2486,3,sigma_1p0__kernel_9__order_2,1.0,9,2,8963,0.050000000000000044,0.5006925463676453,0.00040036062273429707,0.00017175794346258044,0.9811322692954441,3,3,4,0.0,3 5 4 6
2487,3,sigma_1p0__kernel_9__order_2,1.0,9,2,8968,0.050000000000000044,0.5877507328987122,0.0003841515223030001,0.00028907760861329734,0.9786078447252334,5,5,6,0.0,1 3 4 2 5
2488,3,sigma_1p0__kernel_9__order_2,1.0,9,2,8971,0.050000000000000044,0.11879583448171616,0.0003342173877172172,0.00117316038813442,0.8967012005916816,2,2,3,0.0,5 3 6
2489,3,sigma_1p0__kernel_9__order_2,1.0,9,2,8975,0.050000000000000044,0.45929238200187683,0.00031087917159311473,0.0006882387679070234,0.9495375515022686,3,3,4,0.0,3 5 4 6
2490,3,sigma_1p0__kernel_9__order_2,1.0,9,2,8978,0.050000000000000044,0.16670595109462738,0.0003722146017632137,0.0005150713259354234,0.9424414601748395,2,2,3,0.0,5 3 6
2491,3,sigma_1p0__kernel_9__order_2,1.0,9,2,8982,0.050000000000000044,0.1501276046037674,0.0003175297169946134,0.00026568223256617785,0.9782780824178181,3,3,4,0.0,4 3 5 6
2492,3,sigma_1p0__kernel_9__order_2,1.0,9,2,8987,0.050000000000000044,0.47984904050827026,0.000296244298806414,0.000276587757980451,0.9795012027025223,4,4,5,0.0,4 2 3 5 6
2493,3,sigma_1p0__kernel_9__order_2,1.0,9,2,8989,0.050000000000000044,0.09576810151338577,0.0005052524211350828,0.0003033298416994512,0.95530721747209,1,1,2,0.0,4 6
2494,3,sigma_1p0__kernel_9__order_2,1.0,9,2,8994,0.050000000000000044,0.5950121283531189,0.00033093670790549365,0.00024510215735062957,0.980296102789863,5,5,6,0.0,1 4 3 2 5
2495,3,sigma_1p0__kernel_9__order_2,1.0,9,2,8999,0.050000000000000044,0.5681328773498535,0.00038430893910117446,0.0003357348614372313,0.9786668139710296,5,5,6,0.0,2 5 4 1 3
2496,3,sigma_1p0__kernel_9__order_2,1.0,9,2,9004,0.050000000000000044,0.6252923011779785,0.0007454802223946899,0.00010020502668339759,0.991501499813462,5,5,6,0.0,2 4 5 1 3
2497,3,sigma_1p0__kernel_9__order_2,1.0,9,2,9009,0.050000000000000044,0.5918281078338623,0.0007080873125232756,0.00016717196558602154,0.9808081303070898,4,4,5,0.0,2 5 4 1 6
2498,3,sigma_1p0__kernel_9__order_2,1.0,9,2,9012,0.050000000000000044,0.16670595109462738,0.0005739483943519493,0.0005150713259354234,0.9424414601748395,2,2,3,0.0,5 3 6
2499,3,sigma_1p0__kernel_9__order_2,1.0,9,2,9015,0.050000000000000044,0.13308173418045044,0.0006007691457246741,0.0005882428376935422,0.9562205356345307,2,2,3,0.0,2 1 6
2500,3,sigma_1p0__kernel_9__order_2,1.0,9,2,9017,0.050000000000000044,0.07726895809173584,0.0005214768170844764,0.00043727908632718027,0.930795111674616,1,1,2,0.0,4 6
2501,3,sigma_1p0__kernel_9__order_2,1.0,9,2,9019,0.050000000000000044,0.08822499215602875,0.0005544423474930227,0.0010199007811024785,0.9173677836353231,1,1,2,0.0,4 6
2502,3,sigma_1p0__kernel_9__order_2,1.0,9,2,9023,0.050000000000000044,0.1275491565465927,0.0003850685025099665,0.0005528352921828628,0.945498015753721,3,3,4,0.0,4 5 3 6
2503,3,sigma_1p0__kernel_9__order_2,1.0,9,2,9027,0.050000000000000044,0.45421579480171204,0.00039296200702665374,0.0002658700686879456,0.9685054444104397,3,3,4,0.0,5 3 4 6
2504,3,sigma_1p0__kernel_9__order_2,1.0,9,2,9032,0.050000000000000044,0.6435295343399048,0.00040892804390750824,0.00010259622649755329,0.9913052334655054,4,4,5,0.0,2 4 5 3 6
2505,3,sigma_1p0__kernel_9__order_2,1.0,9,2,9036,0.050000000000000044,0.2537424862384796,0.0003213548843632452,0.0003305163118056953,0.9657473915503509,3,3,4,0.0,5 3 4 6
2506,3,sigma_1p0__kernel_9__order_2,1.0,9,2,9040,0.050000000000000044,0.41477465629577637,0.0003515866774250753,0.0005729258991777897,0.9485109874205697,3,3,4,0.0,5 3 4 6
2507,3,sigma_1p0__kernel_9__order_2,1.0,9,2,9044,0.050000000000000044,0.2447340339422226,0.0003621953073889017,0.0005987586337141693,0.9625195515354238,3,3,4,0.0,5 3 4 6
2508,3,sigma_1p0__kernel_9__order_2,1.0,9,2,9046,0.050000000000000044,0.10135974735021591,0.00043431388621684164,0.0007019987679086626,0.9483417614355382,1,1,2,0.0,4 6
2509,3,sigma_1p0__kernel_9__order_2,1.0,9,2,9048,0.050000000000000044,0.07131662219762802,0.00037814423558302224,0.0008881487883627415,0.9203812204097596,1,1,2,0.0,4 6
2510,3,sigma_1p0__kernel_9__order_2,1.0,9,2,9052,0.050000000000000044,0.28650832176208496,0.00032080235541798174,0.0002764974778983742,0.9829256227871184,3,3,4,0.0,4 5 3 6
2511,3,sigma_1p0__kernel_9__order_2,1.0,9,2,9056,0.050000000000000044,0.6570553779602051,0.0003334838693263009,0.00011739555338863283,0.9893193590265392,3,3,4,0.0,3 5 4 6
2512,3,sigma_1p0__kernel_9__order_2,1.0,9,2,9060,0.050000000000000044,0.23954163491725922,0.00027438660981715657,0.00046948809176683426,0.9537005855587801,3,3,4,0.0,5 3 4 6
2513,3,sigma_1p0__kernel_9__order_2,1.0,9,2,9062,0.050000000000000044,0.10135974735021591,0.00046560558257624507,0.0007019987679086626,0.9483417614355382,1,1,2,0.0,4 6
2514,3,sigma_1p0__kernel_9__order_2,1.0,9,2,9064,0.050000000000000044,0.08126659691333771,0.0005374570901039988,0.0003977040178142488,0.9477260804488175,1,1,2,0.0,4 6
2515,3,sigma_1p0__kernel_9__order_2,1.0,9,2,9068,0.050000000000000044,0.23954163491725922,0.0003215341566829011,0.00046948809176683426,0.9537005855587801,3,3,4,0.0,5 3 4 6
2516,3,sigma_1p0__kernel_9__order_2,1.0,9,2,9070,0.050000000000000044,0.08126659691333771,0.00042438917444087565,0.0003977040178142488,0.9477260804488175,1,1,2,0.0,4 6
2517,3,sigma_1p0__kernel_9__order_2,1.0,9,2,9074,0.050000000000000044,0.43311983346939087,0.0003824004052148666,0.00047925321268849075,0.9483131717770902,3,3,4,0.0,3 5 4 6
2518,3,sigma_1p0__kernel_9__order_2,1.0,9,2,9078,0.050000000000000044,0.41477465629577637,0.00035387662501307204,0.0005729258991777897,0.9485109874205697,3,3,4,0.0,5 3 4 6
2519,3,sigma_1p0__kernel_9__order_2,1.0,9,2,9082,0.050000000000000044,0.24948525428771973,0.00035637561086332425,0.0003499265876598656,0.9686965808254643,3,3,4,0.0,5 3 4 6
2520,3,sigma_1p0__kernel_9__order_2,1.0,9,2,9085,0.050000000000000044,0.137592613697052,0.0003656408710715671,0.0008260032045654953,0.9129568341583474,2,2,3,0.0,5 3 6
2521,3,sigma_1p0__kernel_9__order_2,1.0,9,2,9089,0.050000000000000044,0.6618226766586304,0.0003355297667440027,0.00010492635192349553,0.9911175728304916,3,3,4,0.0,5 3 4 6
2522,3,sigma_1p0__kernel_9__order_2,1.0,9,2,9091,0.050000000000000044,0.07726895809173584,0.0006035661499481648,0.00043727908632718027,0.930795111674616,1,1,2,0.0,4 6
2523,3,sigma_1p0__kernel_9__order_2,1.0,9,2,9095,0.050000000000000044,0.45929238200187683,0.00034475495340302587,0.0006882387679070234,0.9495375515022686,3,3,4,0.0,3 5 4 6
2524,3,sigma_1p0__kernel_9__order_2,1.0,9,2,9097,0.050000000000000044,0.08822499215602875,0.0003106735384790227,0.0010199007811024785,0.9173677836353231,1,1,2,0.0,4 6
2525,3,sigma_1p0__kernel_9__order_2,1.0,9,2,9101,0.050000000000000044,0.41477468609809875,0.00031452669645659626,0.0005729258991777897,0.9485109874205697,3,3,4,0.0,3 5 4 6
2526,3,sigma_1p0__kernel_9__order_2,1.0,9,2,9104,0.050000000000000044,0.07734768092632294,0.0003438844772366186,0.00047694897511973977,0.959780734125414,2,2,3,0.0,4 3 6
2527,3,sigma_1p0__kernel_9__order_2,1.0,9,2,9108,0.050000000000000044,0.6114770770072937,0.0003260468438384123,0.00013926590327173471,0.9833388140560189,3,3,4,0.0,3 5 4 6
2528,3,sigma_1p0__kernel_9__order_2,1.0,9,2,9111,0.050000000000000044,0.16950291395187378,0.00030369259184226394,0.0002968789776787162,0.967183250787709,2,2,3,0.0,5 3 6
2529,3,sigma_1p0__kernel_9__order_2,1.0,9,2,9115,0.050000000000000044,0.6114770770072937,0.0003379114896233659,0.00013926590327173471,0.9833388140560189,3,3,4,0.0,3 5 4 6
2530,3,sigma_1p0__kernel_9__order_2,1.0,9,2,9119,0.050000000000000044,0.6570553779602051,0.0003631210056482814,0.00011739555338863283,0.9893193590265392,3,3,4,0.0,5 3 4 6
2531,3,sigma_1p0__kernel_9__order_2,1.0,9,2,9124,0.050000000000000044,0.6129100322723389,0.00035755643621087073,0.00025139222270809114,0.9801201290062294,4,4,5,0.0,1 3 4 5 6
2532,3,sigma_1p0__kernel_9__order_2,1.0,9,2,9128,0.050000000000000044,0.45929238200187683,0.00032252488381345756,0.0006882387679070234,0.9495375515022686,3,3,4,0.0,3 5 4 6
2533,3,sigma_1p0__kernel_9__order_2,1.0,9,2,9130,0.050000000000000044,0.10135974735021591,0.0003053303516935557,0.0007019987679086626,0.9483417614355382,1,1,2,0.0,4 6
2534,3,sigma_1p0__kernel_9__order_2,1.0,9,2,9134,0.050000000000000044,0.45421579480171204,0.0003553178357833531,0.0002658700686879456,0.9685054444104397,3,3,4,0.0,5 3 4 6
2535,3,sigma_1p0__kernel_9__order_2,1.0,9,2,9138,0.050000000000000044,0.2447340339422226,0.00032042469683801755,0.0005987586337141693,0.9625195515354238,3,3,4,0.0,5 3 4 6
2536,3,sigma_1p0__kernel_9__order_2,1.0,9,2,9142,0.050000000000000044,0.1258772611618042,0.000347577384673059,0.0004502757510636002,0.9575773105113884,3,3,4,0.0,5 4 3 6
2537,3,sigma_1p0__kernel_9__order_2,1.0,9,2,9145,0.050000000000000044,0.16950291395187378,0.0003284066527461012,0.0002968789776787162,0.967183250787709,2,2,3,0.0,5 3 6
2538,3,sigma_1p0__kernel_9__order_2,1.0,9,2,9149,0.050000000000000044,0.25167810916900635,0.0003242327002226375,0.0002688246313482523,0.9730571657596389,3,3,4,0.0,4 5 3 6
2539,3,sigma_1p0__kernel_9__order_2,1.0,9,2,9153,0.050000000000000044,0.5074523687362671,0.0003765198416658677,0.00028734508669003844,0.9792653489835764,3,3,4,0.0,4 3 5 6
2540,3,sigma_1p0__kernel_9__order_2,1.0,9,2,9155,0.050000000000000044,0.08126659691333771,0.00031239552481565624,0.0003977040178142488,0.9477260804488175,1,1,2,0.0,4 6
2541,3,sigma_1p0__kernel_9__order_2,1.0,9,2,9160,0.050000000000000044,0.6252923011779785,0.00028332358633633705,0.00010020502668339759,0.991501499813462,5,5,6,0.0,2 3 1 4 5
2542,3,sigma_1p0__kernel_9__order_2,1.0,9,2,9164,0.050000000000000044,0.5208901762962341,0.0002715006339713,0.00028643847326748073,0.9824312456155929,3,3,4,0.0,4 3 5 6
2543,3,sigma_1p0__kernel_9__order_2,1.0,9,2,9168,0.050000000000000044,0.2447340339422226,0.00030431161940214224,0.0005987586337141693,0.9625195515354238,3,3,4,0.0,5 3 4 6
2544,3,sigma_1p0__kernel_9__order_2,1.0,9,2,9173,0.050000000000000044,0.5538358688354492,0.0002912928524892777,0.00032918446231633425,0.9623376832528574,4,4,5,0.0,1 3 4 5 6
2545,3,sigma_1p0__kernel_9__order_2,1.0,9,2,9177,0.050000000000000044,0.11297298967838287,0.0003496680728858337,0.000484050833620131,0.9453540730703175,3,3,4,0.0,5 3 2 6
2546,3,sigma_1p0__kernel_9__order_2,1.0,9,2,9182,0.050000000000000044,0.5950121283531189,0.00030007870518602433,0.00024510215735062957,0.980296102789863,5,5,6,0.0,1 3 2 4 5
2547,3,sigma_1p0__kernel_9__order_2,1.0,9,2,9187,0.050000000000000044,0.39463871717453003,0.00030641639896202835,0.0002648760564625263,0.9685548641912719,5,5,6,0.0,3 5 4 1 2
2548,3,sigma_1p0__kernel_9__order_2,1.0,9,2,9192,0.050000000000000044,0.5858900547027588,0.0002925064938608557,0.00022222872939892113,0.9795374109472871,5,5,6,0.0,1 3 2 4 5
2549,3,sigma_1p0__kernel_9__order_2,1.0,9,2,9196,0.050000000000000044,0.253742516040802,0.00026470703960512765,0.0003305163118056953,0.9657473915503509,3,3,4,0.0,4 5 3 6
2550,3,sigma_1p0__kernel_9__order_2,1.0,9,2,9198,0.050000000000000044,0.09576810151338577,0.00019779450667556375,0.0003033298416994512,0.95530721747209,1,1,2,0.0,4 6
2551,3,sigma_1p0__kernel_9__order_2,1.0,9,2,9202,0.050000000000000044,0.27070730924606323,0.00027673383738147095,0.00016201628022827208,0.9809971033605469,3,3,4,0.0,4 5 3 6
2552,3,sigma_1p0__kernel_9__order_2,1.0,9,2,9205,0.050000000000000044,0.11462096124887466,0.0003153430297970772,0.0012170630507171154,0.8954479144742175,2,2,3,0.0,4 3 6
2553,3,sigma_1p0__kernel_9__order_2,1.0,9,2,9206,0.050000000000000044,0.0,0.00042369423317722976,0.002130668144673109,0.8688772391266545,0,0,1,0.0,6
2554,3,sigma_1p0__kernel_9__order_2,1.0,9,2,9210,0.050000000000000044,0.5208901762962341,0.0002960123856610153,0.00028643847326748073,0.9824312456155929,3,3,4,0.0,3 5 4 6
2555,3,sigma_1p0__kernel_9__order_2,1.0,9,2,9214,0.050000000000000044,0.25167810916900635,0.0002868245392164681,0.0002688246313482523,0.9730571657596389,3,3,4,0.0,4 5 3 6
2556,3,sigma_1p0__kernel_9__order_2,1.0,9,2,9218,0.050000000000000044,0.24948525428771973,0.0003014173562405631,0.0003499265876598656,0.9686965808254643,3,3,4,0.0,5 3 4 6
2557,3,sigma_1p0__kernel_9__order_2,1.0,9,2,9220,0.050000000000000044,0.10135974735021591,0.0002749714913079515,0.0007019987679086626,0.9483417614355382,1,1,2,0.0,4 6
2558,3,sigma_1p0__kernel_9__order_2,1.0,9,2,9223,0.050000000000000044,0.1401793360710144,0.0003393212294516464,0.0006530879763886333,0.9352612300342952,2,2,3,0.0,5 3 6
2559,3,sigma_1p0__kernel_9__order_2,1.0,9,2,9227,0.050000000000000044,0.43311983346939087,0.00033388005977030843,0.00047925321268849075,0.9483131717770902,3,3,4,0.0,5 3 4 6
2560,3,sigma_1p0__kernel_9__order_2,1.0,9,2,9232,0.050000000000000044,0.4517238438129425,0.0003125988005194813,0.0002711522101890296,0.9798690636291232,5,5,6,0.0,2 3 5 4 1
2561,3,sigma_1p0__kernel_9__order_2,1.0,9,2,9236,0.050000000000000044,0.5071699619293213,0.0002739663359534461,0.00011563707084860653,0.9869697132944069,3,3,4,0.0,3 5 4 6
2562,3,sigma_1p0__kernel_9__order_2,1.0,9,2,9241,0.050000000000000044,0.6252923011779785,0.0003456700476817787,0.00010020502668339759,0.991501499813462,5,5,6,0.0,1 3 2 4 5
2563,3,sigma_1p0__kernel_9__order_2,1.0,9,2,9246,0.050000000000000044,0.6383658647537231,0.0002474488050211221,0.00011450669262558222,0.9892929023957848,4,4,5,0.0,2 3 4 5 6
2564,3,sigma_1p0__kernel_9__order_2,1.0,9,2,9250,0.050000000000000044,0.12754914164543152,0.0002867743060050998,0.0005528352921828628,0.945498015753721,3,3,4,0.0,5 4 3 6
2565,3,sigma_1p0__kernel_9__order_2,1.0,9,2,9254,0.050000000000000044,0.41477468609809875,0.0005511739800567739,0.0005729258991777897,0.9485109874205697,3,3,4,0.0,3 5 4 6
2566,3,sigma_1p0__kernel_9__order_2,1.0,9,2,9259,0.050000000000000044,0.1994989812374115,0.00037096011801622807,0.0003495359269436449,0.9686675396494293,4,4,5,0.0,4 5 3 2 6
2567,3,sigma_1p0__kernel_9__order_2,1.0,9,2,9261,0.050000000000000044,0.08941388130187988,0.0003283215337432921,0.0015358374221250415,0.9197421913942174,1,1,2,0.0,4 6
2568,3,sigma_1p0__kernel_9__order_2,1.0,9,2,9266,0.050000000000000044,0.5681328177452087,0.00047792566474527123,0.0003357348614372313,0.9786668139710296,5,5,6,0.0,2 1 3 5 4
2569,3,sigma_1p0__kernel_9__order_2,1.0,9,2,9271,0.050000000000000044,0.6252923011779785,0.00039348897407762704,0.00010020502668339759,0.991501499813462,5,5,6,0.0,1 3 2 5 4
2570,3,sigma_1p0__kernel_9__order_2,1.0,9,2,9275,0.050000000000000044,0.27070730924606323,0.00038637995021417737,0.00016201628022827208,0.9809971033605469,3,3,4,0.0,4 5 3 6
2571,3,sigma_1p0__kernel_9__order_2,1.0,9,2,9278,0.050000000000000044,0.16670595109462738,0.00035037546573827666,0.0005150713259354234,0.9424414601748395,2,2,3,0.0,5 3 6
2572,3,sigma_1p0__kernel_9__order_2,1.0,9,2,9283,0.050000000000000044,0.5346906185150146,0.0003684056922793388,0.0003261989331804216,0.9622534799802601,5,5,6,0.0,2 1 5 3 4
2573,3,sigma_1p0__kernel_9__order_2,1.0,9,2,9288,0.050000000000000044,0.47984904050827026,0.00029119868704583494,0.000276587757980451,0.9795012027025223,4,4,5,0.0,2 5 3 4 6
2574,3,sigma_1p0__kernel_9__order_2,1.0,9,2,9292,0.050000000000000044,0.253742516040802,0.00023405700994771905,0.0003305163118056953,0.9657473915503509,3,3,4,0.0,4 5 3 6
2575,3,sigma_1p0__kernel_9__order_2,1.0,9,2,9297,0.050000000000000044,0.47984904050827026,0.0004101607104530558,0.000276587757980451,0.9795012027025223,4,4,5,0.0,2 5 3 4 6
2576,3,sigma_1p0__kernel_9__order_2,1.0,9,2,9300,0.050000000000000044,0.174459308385849,0.0003003268454146261,0.0003397577675059438,0.9633346566759874,2,2,3,0.0,5 3 6
2577,3,sigma_1p0__kernel_9__order_2,1.0,9,2,9305,0.050000000000000044,0.5868489742279053,0.0002443291828967631,0.0003388386103324592,0.9784358720008315,4,4,5,0.0,2 5 4 3 6
2578,3,sigma_1p0__kernel_9__order_2,1.0,9,2,9308,0.050000000000000044,0.11462096124887466,0.00031911647723366815,0.0012170630507171154,0.8954479144742175,2,2,3,0.0,4 3 6
2579,3,sigma_1p0__kernel_9__order_2,1.0,9,2,9313,0.050000000000000044,0.6069180965423584,0.00034439147857483475,0.0002915810910053551,0.9785065628083226,4,4,5,0.0,1 3 4 5 6
2580,3,sigma_1p0__kernel_9__order_2,1.0,9,2,9318,0.050000000000000044,0.47984904050827026,0.00039498633705079553,0.000276587757980451,0.9795012027025223,4,4,5,0.0,2 5 3 4 6
2581,3,sigma_1p0__kernel_9__order_2,1.0,9,2,9323,0.050000000000000044,0.5877507328987122,0.0003031932923477143,0.00028907760861329734,0.9786078447252334,5,5,6,0.0,1 2 5 3 4
2582,3,sigma_1p0__kernel_9__order_2,1.0,9,2,9326,0.050000000000000044,0.16950291395187378,0.0002761695165342341,0.0002968789776787162,0.967183250787709,2,2,3,0.0,5 3 6
2583,3,sigma_1p0__kernel_9__order_2,1.0,9,2,9330,0.050000000000000044,0.41477465629577637,0.00023518430680269375,0.0005729258991777897,0.9485109874205697,3,3,4,0.0,5 3 4 6
2584,3,sigma_1p0__kernel_9__order_2,1.0,9,2,9334,0.050000000000000044,0.41477465629577637,0.00033232566784136,0.0005729258991777897,0.9485109874205697,3,3,4,0.0,5 3 4 6
2585,3,sigma_1p0__kernel_9__order_2,1.0,9,2,9338,0.050000000000000044,0.27070730924606323,0.00041382860945304856,0.00016201628022827208,0.9809971033605469,3,3,4,0.0,4 5 3 6
2586,3,sigma_1p0__kernel_9__order_2,1.0,9,2,9341,0.050000000000000044,0.14571017026901245,0.0003445580950938165,0.000565270078368485,0.9617493440896521,2,2,3,0.0,5 3 6
2587,3,sigma_1p0__kernel_9__order_2,1.0,9,2,9344,0.050000000000000044,0.16950291395187378,0.00034553878746616345,0.0002968789776787162,0.967183250787709,2,2,3,0.0,5 3 6
2588,3,sigma_1p0__kernel_9__order_2,1.0,9,2,9348,0.050000000000000044,0.50069260597229,0.00029507374711101875,0.00017175794346258044,0.9811322692954441,3,3,4,0.0,5 3 4 6
2589,3,sigma_1p0__kernel_9__order_2,1.0,9,2,9350,0.050000000000000044,0.06959661841392517,0.0002689600514713675,0.001075812499038875,0.9304968564284968,1,1,2,0.0,2 6
2590,3,sigma_1p0__kernel_9__order_2,1.0,9,2,9353,0.050000000000000044,0.1401793360710144,0.00036047592099445563,0.0006530879763886333,0.9352612300342952,2,2,3,0.0,5 3 6
2591,3,sigma_1p0__kernel_9__order_2,1.0,9,2,9358,0.050000000000000044,0.620286226272583,0.0003310801781481132,0.00011107099999208003,0.9894046905526933,5,5,6,0.0,2 1 3 5 4
2592,3,sigma_1p0__kernel_9__order_2,1.0,9,2,9363,0.050000000000000044,0.23762643337249756,0.0003248309949412942,0.00027102409512735903,0.9831929665931481,4,4,5,0.0,4 5 1 3 6
2593,3,sigma_1p0__kernel_9__order_2,1.0,9,2,9366,0.050000000000000044,0.11462096124887466,0.00026297656586393714,0.0012170630507171154,0.8954479144742175,2,2,3,0.0,4 3 6
2594,3,sigma_1p0__kernel_9__order_2,1.0,9,2,9369,0.050000000000000044,0.11462096124887466,0.000460105996656542,0.0012170630507171154,0.8954479144742175,2,2,3,0.0,4 3 6
2595,3,sigma_1p0__kernel_9__order_2,1.0,9,2,9371,0.050000000000000044,0.035729821771383286,0.0002791684746625833,0.0015412995126098394,0.9279579401069391,1,1,2,0.0,4 6
2596,3,sigma_1p0__kernel_9__order_2,1.0,9,2,9373,0.050000000000000044,0.08941388130187988,0.00025452063709963113,0.0015358374221250415,0.9197421913942174,1,1,2,0.0,4 6
2597,3,sigma_1p0__kernel_9__order_2,1.0,9,2,9376,0.050000000000000044,0.1506832093000412,0.0002973298930252592,0.0008174586109817028,0.9402529282958272,2,2,3,0.0,5 3 6
2598,3,sigma_1p0__kernel_9__order_2,1.0,9,2,9378,0.050000000000000044,0.07726895809173584,0.0003302895784145221,0.00043727908632718027,0.930795111674616,1,1,2,0.0,4 6
2599,3,sigma_1p0__kernel_9__order_2,1.0,9,2,9381,0.050000000000000044,0.1506832093000412,0.00033911127926936996,0.0008174586109817028,0.9402529282958272,2,2,3,0.0,5 3 6
2600,3,sigma_1p0__kernel_9__order_2,1.0,9,2,9383,0.050000000000000044,0.035729821771383286,0.0002288247851538472,0.0015412995126098394,0.9279579401069391,1,1,2,0.0,4 6
2601,3,sigma_1p0__kernel_9__order_2,1.0,9,2,9385,0.050000000000000044,0.10135974735021591,0.00029280053422553465,0.0007019987679086626,0.9483417614355382,1,1,2,0.0,4 6
2602,3,sigma_1p0__kernel_9__order_2,1.0,9,2,9390,0.050000000000000044,0.4918782711029053,0.000302075469517149,0.00028312637005001307,0.9826177732485228,4,4,5,0.0,4 2 3 5 6
2603,3,sigma_1p0__kernel_9__order_2,1.0,9,2,9393,0.050000000000000044,0.14571017026901245,0.00034019983528802794,0.000565270078368485,0.9617493440896521,2,2,3,0.0,5 3 6
2604,3,sigma_1p0__kernel_9__order_2,1.0,9,2,9395,0.050000000000000044,0.035729821771383286,0.00029227185586933047,0.0015412995126098394,0.9279579401069391,1,1,2,0.0,4 6
2605,3,sigma_1p0__kernel_9__order_2,1.0,9,2,9398,0.050000000000000044,0.16950291395187378,0.0003406623242578159,0.0002968789776787162,0.967183250787709,2,2,3,0.0,5 3 6
2606,3,sigma_1p0__kernel_9__order_2,1.0,9,2,9401,0.050000000000000044,0.14571017026901245,0.0002788617469680806,0.000565270078368485,0.9617493440896521,2,2,3,0.0,5 3 6
2607,3,sigma_1p0__kernel_9__order_2,1.0,9,2,9406,0.050000000000000044,0.47984904050827026,0.0002893052587751299,0.000276587757980451,0.9795012027025223,4,4,5,0.0,2 5 3 4 6
2608,3,sigma_1p0__kernel_9__order_2,1.0,9,2,9411,0.050000000000000044,0.5538358688354492,0.0002559473738074303,0.00032918446231633425,0.9623376832528574,4,4,5,0.0,1 3 4 5 6
2609,3,sigma_1p0__kernel_9__order_2,1.0,9,2,9416,0.050000000000000044,0.5346906185150146,0.0002704568731132895,0.0003261989331804216,0.9622534799802601,5,5,6,0.0,2 1 5 3 4
2610,3,sigma_1p0__kernel_9__order_2,1.0,9,2,9421,0.050000000000000044,0.6430644989013672,0.0004199398448690772,0.00010318515705876052,0.9912467853351099,4,4,5,0.0,1 3 4 5 6
2611,3,sigma_1p0__kernel_9__order_2,1.0,9,2,9425,0.050000000000000044,0.45929238200187683,0.00031640296219848096,0.0006882387679070234,0.9495375515022686,3,3,4,0.0,5 3 4 6
2612,3,sigma_1p0__kernel_9__order_2,1.0,9,2,9429,0.050000000000000044,0.5208902359008789,0.00027744852923206054,0.00028643847326748073,0.9824312456155929,3,3,4,0.0,5 3 4 6
2613,3,sigma_1p0__kernel_9__order_2,1.0,9,2,9433,0.050000000000000044,0.2447340339422226,0.00026411550425109453,0.0005987586337141693,0.9625195515354238,3,3,4,0.0,5 3 4 6
2614,3,sigma_1p0__kernel_9__order_2,1.0,9,2,9437,0.050000000000000044,0.2447340339422226,0.0002090344023599755,0.0005987586337141693,0.9625195515354238,3,3,4,0.0,5 3 4 6
2615,3,sigma_1p0__kernel_9__order_2,1.0,9,2,9442,0.050000000000000044,0.6045166254043579,0.00027810288011096416,0.0002249711542390287,0.9793051375468194,4,4,5,0.0,1 3 4 5 6
2616,3,sigma_1p0__kernel_9__order_2,1.0,9,2,9445,0.050000000000000044,0.1401793360710144,0.00033287286350969225,0.0006530879763886333,0.9352612300342952,2,2,3,0.0,5 3 6
2617,3,sigma_1p0__kernel_9__order_2,1.0,9,2,9447,0.050000000000000044,0.07131662219762802,0.00030174122366588563,0.0008881487883627415,0.9203812204097596,1,1,2,0.0,4 6
2618,3,sigma_1p0__kernel_9__order_2,1.0,9,2,9449,0.050000000000000044,0.09576810151338577,0.00021554785053012893,0.0003033298416994512,0.95530721747209,1,1,2,0.0,4 6
2619,3,sigma_1p0__kernel_9__order_2,1.0,9,2,9454,0.050000000000000044,0.5917484760284424,0.000324150564847514,0.00013889899128116667,0.983347794991186,4,4,5,0.0,1 3 4 5 6
2620,3,sigma_1p0__kernel_9__order_2,1.0,9,2,9456,0.050000000000000044,0.08941388130187988,0.00038588223105762154,0.0015358374221250415,0.9197421913942174,1,1,2,0.0,4 6
2621,3,sigma_1p0__kernel_9__order_2,1.0,9,2,9460,0.050000000000000044,0.25167810916900635,0.0003098715387750417,0.0002688246313482523,0.9730571657596389,3,3,4,0.0,4 5 3 6
2622,3,sigma_1p0__kernel_9__order_2,1.0,9,2,9462,0.050000000000000044,0.07131662219762802,0.00031890079844743013,0.0008881487883627415,0.9203812204097596,1,1,2,0.0,4 6
2623,3,sigma_1p0__kernel_9__order_2,1.0,9,2,9465,0.050000000000000044,0.174459308385849,0.00031864391833854217,0.0003397577675059438,0.9633346566759874,2,2,3,0.0,5 3 6
2624,3,sigma_1p0__kernel_9__order_2,1.0,9,2,9467,0.050000000000000044,0.08822499215602875,0.000270240954705514,0.0010199007811024785,0.9173677836353231,1,1,2,0.0,4 6
2625,3,sigma_1p0__kernel_9__order_2,1.0,9,2,9471,0.050000000000000044,0.5208901762962341,0.00042009293974842876,0.00028643847326748073,0.9824312456155929,3,3,4,0.0,4 3 5 6
2626,3,sigma_1p0__kernel_9__order_2,1.0,9,2,9473,0.050000000000000044,0.08822499215602875,0.0003789047768805176,0.0010199007811024785,0.9173677836353231,1,1,2,0.0,4 6
2627,3,sigma_1p0__kernel_9__order_2,1.0,9,2,9477,0.050000000000000044,0.2447340339422226,0.00028217414364917204,0.0005987586337141693,0.9625195515354238,3,3,4,0.0,5 3 4 6
2628,3,sigma_1p0__kernel_9__order_2,1.0,9,2,9479,0.050000000000000044,0.035729821771383286,0.00031021112226881087,0.0015412995126098394,0.9279579401069391,1,1,2,0.0,4 6
2629,3,sigma_1p0__kernel_9__order_2,1.0,9,2,9482,0.050000000000000044,0.11879583448171616,0.00021167447266634554,0.00117316038813442,0.8967012005916816,2,2,3,0.0,5 3 6
2630,3,sigma_1p0__kernel_9__order_2,1.0,9,2,9485,0.050000000000000044,0.174459308385849,0.00032568694829630357,0.0003397577675059438,0.9633346566759874,2,2,3,0.0,5 3 6
2631,3,sigma_1p0__kernel_9__order_2,1.0,9,2,9490,0.050000000000000044,0.42420560121536255,0.00036388747685123235,0.00026576308300718665,0.9684869034147149,4,4,5,0.0,5 4 3 2 6
2632,3,sigma_1p0__kernel_9__order_2,1.0,9,2,9494,0.050000000000000044,0.6262924075126648,0.0002638166733959224,0.00029329670360311866,0.978404005805604,3,3,4,0.0,5 3 4 6
2633,3,sigma_1p0__kernel_9__order_2,1.0,9,2,9496,0.050000000000000044,0.07131662219762802,0.0002548210322856903,0.0008881487883627415,0.9203812204097596,1,1,2,0.0,4 6
2634,3,sigma_1p0__kernel_9__order_2,1.0,9,2,9500,0.050000000000000044,0.23292674124240875,0.00026232743402943015,0.0005310571286827326,0.969687007234723,3,3,4,0.0,4 2 5 6
2635,3,sigma_1p0__kernel_9__order_2,1.0,9,2,9503,0.050000000000000044,0.16950291395187378,0.0008688449743203819,0.0002968789776787162,0.967183250787709,2,2,3,0.0,5 3 6
2636,3,sigma_1p0__kernel_9__order_2,1.0,9,2,9507,0.050000000000000044,0.23954163491725922,0.0005412152240751311,0.00046948809176683426,0.9537005855587801,3,3,4,0.0,5 3 4 6
2637,3,sigma_1p0__kernel_9__order_2,1.0,9,2,9512,0.050000000000000044,0.23138810694217682,0.0004863635986112058,0.00030644790967926383,0.975877346964852,4,4,5,0.0,4 5 3 2 6
2638,3,sigma_1p0__kernel_9__order_2,1.0,9,2,9515,0.050000000000000044,0.1506832093000412,0.0005123444910471638,0.0008174586109817028,0.9402529282958272,2,2,3,0.0,5 3 6
2639,3,sigma_1p0__kernel_9__order_2,1.0,9,2,9519,0.050000000000000044,0.45421579480171204,0.0004744706820929423,0.0002658700686879456,0.9685054444104397,3,3,4,0.0,5 3 4 6
2640,3,sigma_1p0__kernel_9__order_2,1.0,9,2,9523,0.050000000000000044,0.50069260597229,0.0004719623539131135,0.00017175794346258044,0.9811322692954441,3,3,4,0.0,5 3 4 6
2641,3,sigma_1p0__kernel_9__order_2,1.0,9,2,9527,0.050000000000000044,0.25167810916900635,0.00044987822911934927,0.0002688246313482523,0.9730571657596389,3,3,4,0.0,5 3 4 6
2642,3,sigma_1p0__kernel_9__order_2,1.0,9,2,9529,0.050000000000000044,0.07131662219762802,0.0006728436419507489,0.0008881487883627415,0.9203812204097596,1,1,2,0.0,4 6
2643,3,sigma_1p0__kernel_9__order_2,1.0,9,2,9534,0.050000000000000044,0.5681328773498535,0.00031280107796192167,0.0003357348614372313,0.9786668139710296,5,5,6,0.0,2 4 5 1 3
2644,3,sigma_1p0__kernel_9__order_2,1.0,9,2,9538,0.050000000000000044,0.5006925463676453,0.0004503475647652522,0.00017175794346258044,0.9811322692954441,3,3,4,0.0,3 5 4 6
2645,3,sigma_1p0__kernel_9__order_2,1.0,9,2,9540,0.050000000000000044,0.08941388130187988,0.00036013602220918983,0.0015358374221250415,0.9197421913942174,1,1,2,0.0,4 6
2646,3,sigma_1p0__kernel_9__order_2,1.0,9,2,9544,0.050000000000000044,0.2447340339422226,0.0005210423842072487,0.0005987586337141693,0.9625195515354238,3,3,4,0.0,5 3 4 6
2647,3,sigma_1p0__kernel_9__order_2,1.0,9,2,9549,0.050000000000000044,0.5681328773498535,0.000432319164974615,0.0003357348614372313,0.9786668139710296,5,5,6,0.0,2 5 1 3 4
2648,3,sigma_1p0__kernel_9__order_2,1.0,9,2,9554,0.050000000000000044,0.6069180965423584,0.0004340481769759208,0.0002915810910053551,0.9785065628083226,4,4,5,0.0,1 3 4 5 6
2649,3,sigma_1p0__kernel_9__order_2,1.0,9,2,9556,0.050000000000000044,0.08126659691333771,0.0004462363722268492,0.0003977040178142488,0.9477260804488175,1,1,2,0.0,4 6
2650,3,sigma_1p0__kernel_9__order_2,1.0,9,2,9558,0.050000000000000044,0.07131662219762802,0.000342951258062385,0.0008881487883627415,0.9203812204097596,1,1,2,0.0,4 6
2651,3,sigma_1p0__kernel_9__order_2,1.0,9,2,9562,0.050000000000000044,0.5071699619293213,0.00038471271545859054,0.00011563707084860653,0.9869697132944069,3,3,4,0.0,3 5 4 6
2652,3,sigma_1p0__kernel_9__order_2,1.0,9,2,9564,0.050000000000000044,0.09576810151338577,0.00030596677970606834,0.0003033298416994512,0.95530721747209,1,1,2,0.0,4 6
2653,3,sigma_1p0__kernel_9__order_2,1.0,9,2,9569,0.050000000000000044,0.6045166254043579,0.0004432037007063627,0.0002249711542390287,0.9793051375468194,4,4,5,0.0,1 3 4 5 6
2654,3,sigma_1p0__kernel_9__order_2,1.0,9,2,9572,0.050000000000000044,0.07221158593893051,0.0004076439751467357,0.00046005219337530434,0.9631423900406653,2,2,3,0.0,3 5 6
2655,3,sigma_1p0__kernel_9__order_2,1.0,9,2,9576,0.050000000000000044,0.5694277882575989,0.00042466418381081894,0.00040969462133944035,0.9698019472972959,3,3,4,0.0,1 3 4 6
2656,3,sigma_1p0__kernel_9__order_2,1.0,9,2,9580,0.050000000000000044,0.45421579480171204,0.00035777775337919593,0.0002658700686879456,0.9685054444104397,3,3,4,0.0,5 3 4 6
2657,3,sigma_1p0__kernel_9__order_2,1.0,9,2,9582,0.050000000000000044,0.09576810151338577,0.00041229245834983885,0.0003033298416994512,0.95530721747209,1,1,2,0.0,4 6
2658,3,sigma_1p0__kernel_9__order_2,1.0,9,2,9587,0.050000000000000044,0.45172378420829773,0.00034072029520757494,0.0002711522101890296,0.9798690636291232,5,5,6,0.0,1 2 5 3 4
2659,3,sigma_1p0__kernel_9__order_2,1.0,9,2,9590,0.050000000000000044,0.16950291395187378,0.00035798286262433976,0.0002968789776787162,0.967183250787709,2,2,3,0.0,5 3 6
2660,3,sigma_1p0__kernel_9__order_2,1.0,9,2,9592,0.050000000000000044,0.07131662219762802,0.00043312046909704804,0.0008881487883627415,0.9203812204097596,1,1,2,0.0,4 6
2661,3,sigma_1p0__kernel_9__order_2,1.0,9,2,9597,0.050000000000000044,0.6435295343399048,0.0003470345283858478,0.00010259622649755329,0.9913052334655054,4,4,5,0.0,2 5 4 3 6
2662,3,sigma_1p0__kernel_9__order_2,1.0,9,2,9599,0.050000000000000044,0.09576810151338577,0.0003846056788461283,0.0003033298416994512,0.95530721747209,1,1,2,0.0,4 6
2663,3,sigma_1p0__kernel_9__order_2,1.0,9,2,9601,0.050000000000000044,0.08126659691333771,0.000319283310091123,0.0003977040178142488,0.9477260804488175,1,1,2,0.0,4 6
2664,3,sigma_1p0__kernel_9__order_2,1.0,9,2,9606,0.050000000000000044,0.5917484760284424,0.00029161873389966787,0.00013889899128116667,0.983347794991186,4,4,5,0.0,1 3 4 5 6
2665,3,sigma_1p0__kernel_9__order_2,1.0,9,2,9609,0.050000000000000044,0.4936451315879822,0.0002556943363742903,0.0005276890005916357,0.9396326832127769,2,2,3,0.0,3 5 6
2666,3,sigma_1p0__kernel_9__order_2,1.0,9,2,9613,0.050000000000000044,0.2447340339422226,0.00035410999043961056,0.0005987586337141693,0.9625195515354238,3,3,4,0.0,5 3 4 6
2667,3,sigma_1p0__kernel_9__order_2,1.0,9,2,9617,0.050000000000000044,0.6262924671173096,0.00032517027284484357,0.00029329670360311866,0.978404005805604,3,3,4,0.0,4 5 3 6
2668,3,sigma_1p0__kernel_9__order_2,1.0,9,2,9622,0.050000000000000044,0.6383658647537231,0.00025705126172397285,0.00011450669262558222,0.9892929023957848,4,4,5,0.0,2 3 5 4 6
2669,3,sigma_1p0__kernel_9__order_2,1.0,9,2,9624,0.050000000000000044,0.08941388130187988,0.00031360474531538785,0.0015358374221250415,0.9197421913942174,1,1,2,0.0,4 6
2670,3,sigma_1p0__kernel_9__order_2,1.0,9,2,9626,0.050000000000000044,0.08941388130187988,0.0004097062919754535,0.0015358374221250415,0.9197421913942174,1,1,2,0.0,4 6
2671,3,sigma_1p0__kernel_9__order_2,1.0,9,2,9631,0.050000000000000044,0.47984904050827026,0.00030009523616172375,0.000276587757980451,0.9795012027025223,4,4,5,0.0,2 5 3 4 6
2672,3,sigma_1p0__kernel_9__order_2,1.0,9,2,9634,0.050000000000000044,0.07314447313547134,0.00032493028750953573,0.0008285033982247114,0.9429521898204166,2,2,3,0.0,3 5 6
2673,3,sigma_1p0__kernel_9__order_2,1.0,9,2,9638,0.050000000000000044,0.45929238200187683,0.00028508218019851483,0.0006882387679070234,0.9495375515022686,3,3,4,0.0,3 5 4 6
2674,3,sigma_1p0__kernel_9__order_2,1.0,9,2,9641,0.050000000000000044,0.07221158593893051,0.00037961941173610586,0.00046005219337530434,0.9631423900406653,2,2,3,0.0,3 5 6
2675,3,sigma_1p0__kernel_9__order_2,1.0,9,2,9645,0.050000000000000044,0.5074523687362671,0.0004114525581826456,0.00028734508669003844,0.9792653489835764,3,3,4,0.0,5 3 4 6
2676,3,sigma_1p0__kernel_9__order_2,1.0,9,2,9647,0.050000000000000044,0.07726895809173584,0.0002779790520435199,0.00043727908632718027,0.930795111674616,1,1,2,0.0,4 6
2677,3,sigma_1p0__kernel_9__order_2,1.0,9,2,9650,0.050000000000000044,0.1506832093000412,0.0002808827121043578,0.0008174586109817028,0.9402529282958272,2,2,3,0.0,5 3 6
2678,3,sigma_1p0__kernel_9__order_2,1.0,9,2,9654,0.050000000000000044,0.253742516040802,0.0003043359247385524,0.0003305163118056953,0.9657473915503509,3,3,4,0.0,4 5 3 6
2679,3,sigma_1p0__kernel_9__order_2,1.0,9,2,9658,0.050000000000000044,0.24948525428771973,0.0003213795607734937,0.0003499265876598656,0.9686965808254643,3,3,4,0.0,5 3 4 6
2680,3,sigma_1p0__kernel_9__order_2,1.0,9,2,9662,0.050000000000000044,0.5071699619293213,0.00037039681774331257,0.00011563707084860653,0.9869697132944069,3,3,4,0.0,5 3 4 6
2681,3,sigma_1p0__kernel_9__order_2,1.0,9,2,9664,0.050000000000000044,0.07131662219762802,0.0003914863627869636,0.0008881487883627415,0.9203812204097596,1,1,2,0.0,4 6
2682,3,sigma_1p0__kernel_9__order_2,1.0,9,2,9667,0.050000000000000044,0.14571017026901245,0.00031041675053226453,0.000565270078368485,0.9617493440896521,2,2,3,0.0,5 3 6
2683,3,sigma_1p0__kernel_9__order_2,1.0,9,2,9672,0.050000000000000044,0.6129100322723389,0.0003262639685999602,0.00025139222270809114,0.9801201290062294,4,4,5,0.0,1 3 4 5 6
2684,3,sigma_1p0__kernel_9__order_2,1.0,9,2,9676,0.050000000000000044,0.253742516040802,0.0002483183707226999,0.0003305163118056953,0.9657473915503509,3,3,4,0.0,4 3 5 6
2685,3,sigma_1p0__kernel_9__order_2,1.0,9,2,9678,0.050000000000000044,0.09576810151338577,0.00028729798941640183,0.0003033298416994512,0.95530721747209,1,1,2,0.0,4 6
2686,3,sigma_1p0__kernel_9__order_2,1.0,9,2,9680,0.050000000000000044,0.08126659691333771,0.00027352827601134777,0.0003977040178142488,0.9477260804488175,1,1,2,0.0,4 6
2687,3,sigma_1p0__kernel_9__order_2,1.0,9,2,9684,0.050000000000000044,0.24948528409004211,0.00031080259213922545,0.0003499265876598656,0.9686965808254643,3,3,4,0.0,4 3 5 6
2688,3,sigma_1p0__kernel_9__order_2,1.0,9,2,9688,0.050000000000000044,0.2447340339422226,0.00030238771432777867,0.0005987586337141693,0.9625195515354238,3,3,4,0.0,5 3 4 6
2689,3,sigma_1p0__kernel_9__order_2,1.0,9,2,9690,0.050000000000000044,0.08126659691333771,0.0003379761765245348,0.0003977040178142488,0.9477260804488175,1,1,2,0.0,4 6
2690,3,sigma_1p0__kernel_9__order_2,1.0,9,2,9694,0.050000000000000044,0.2447340339422226,0.00030020256963325664,0.0005987586337141693,0.9625195515354238,3,3,4,0.0,5 3 4 6
2691,3,sigma_1p0__kernel_9__order_2,1.0,9,2,9696,0.050000000000000044,0.08126659691333771,0.00029390963027253747,0.0003977040178142488,0.9477260804488175,1,1,2,0.0,4 6
2692,3,sigma_1p0__kernel_9__order_2,1.0,9,2,9698,0.050000000000000044,0.06959661841392517,0.00025157957861665636,0.001075812499038875,0.9304968564284968,1,1,2,0.0,2 6
2693,3,sigma_1p0__kernel_9__order_2,1.0,9,2,9703,0.050000000000000044,0.18987375497817993,0.0004143728932831436,0.00046869658399373293,0.9538842547733634,4,4,5,0.0,1 5 3 4 6
2694,3,sigma_1p0__kernel_9__order_2,1.0,9,2,9707,0.050000000000000044,0.41477465629577637,0.0002735665038926527,0.0005729258991777897,0.9485109874205697,3,3,4,0.0,5 3 4 6
2695,3,sigma_1p0__kernel_9__order_2,1.0,9,2,9709,0.050000000000000044,0.10135974735021591,0.0004114684707019478,0.0007019987679086626,0.9483417614355382,1,1,2,0.0,4 6
2696,3,sigma_1p0__kernel_9__order_2,1.0,9,2,9714,0.050000000000000044,0.47984904050827026,0.00042245713411830365,0.000276587757980451,0.9795012027025223,4,4,5,0.0,2 5 3 4 6
2697,3,sigma_1p0__kernel_9__order_2,1.0,9,2,9718,0.050000000000000044,0.2811933755874634,0.0003566152008716017,0.0003074454143643379,0.9758183664501635,3,3,4,0.0,4 3 5 6
2698,3,sigma_1p0__kernel_9__order_2,1.0,9,2,9723,0.050000000000000044,0.5868489742279053,0.00037267691805027426,0.0003388386103324592,0.9784358720008315,4,4,5,0.0,2 5 3 4 6
2699,3,sigma_1p0__kernel_9__order_2,1.0,9,2,9727,0.050000000000000044,0.2811933755874634,0.0003004032296303194,0.0003074454143643379,0.9758183664501635,3,3,4,0.0,4 3 5 6
2700,3,sigma_1p0__kernel_9__order_2,1.0,9,2,9729,0.050000000000000044,0.10135974735021591,0.0002736370370257646,0.0007019987679086626,0.9483417614355382,1,1,2,0.0,4 6
2701,3,sigma_1p0__kernel_9__order_2,1.0,9,2,9733,0.050000000000000044,0.50069260597229,0.00030121584131848067,0.00017175794346258044,0.9811322692954441,3,3,4,0.0,5 3 4 6
2702,3,sigma_1p0__kernel_9__order_2,1.0,9,2,9736,0.050000000000000044,0.25525030493736267,0.00030750643539552885,0.00029077366343699396,0.9647421509594469,2,2,3,0.0,5 3 6
2703,3,sigma_1p0__kernel_9__order_2,1.0,9,2,9738,0.050000000000000044,0.07131662219762802,0.00029194394301157445,0.0008881487883627415,0.9203812204097596,1,1,2,0.0,4 6
2704,3,sigma_1p0__kernel_9__order_2,1.0,9,2,9742,0.050000000000000044,0.23954163491725922,0.000347189255990088,0.00046948809176683426,0.9537005855587801,3,3,4,0.0,5 3 4 6
2705,3,sigma_1p0__kernel_9__order_2,1.0,9,2,9744,0.050000000000000044,0.10135974735021591,0.00018923186144093052,0.0007019987679086626,0.9483417614355382,1,1,2,0.0,4 6
2706,3,sigma_1p0__kernel_9__order_2,1.0,9,2,9746,0.050000000000000044,0.09576810151338577,0.00047636518138460815,0.0003033298416994512,0.95530721747209,1,1,2,0.0,4 6
2707,3,sigma_1p0__kernel_9__order_2,1.0,9,2,9750,0.050000000000000044,0.45421579480171204,0.00039017930248519406,0.0002658700686879456,0.9685054444104397,3,3,4,0.0,5 3 4 6
2708,3,sigma_1p0__kernel_9__order_2,1.0,9,2,9753,0.050000000000000044,0.07306605577468872,0.0009787840923915307,0.0004744093166664243,0.9553206884407401,2,2,3,0.0,3 5 6
2709,3,sigma_1p0__kernel_9__order_2,1.0,9,2,9757,0.050000000000000044,0.25167810916900635,0.0004853262107644696,0.0002688246313482523,0.9730571657596389,3,3,4,0.0,5 3 4 6
2710,3,sigma_1p0__kernel_9__order_2,1.0,9,2,9761,0.050000000000000044,0.45421576499938965,0.0005853056209161878,0.0002658700686879456,0.9685054444104397,3,3,4,0.0,3 5 4 6
2711,3,sigma_1p0__kernel_9__order_2,1.0,9,2,9763,0.050000000000000044,0.0648743212223053,0.000540708628250286,0.0008704448118805885,0.9311037377568403,1,1,2,0.0,2 6
2712,3,sigma_1p0__kernel_9__order_2,1.0,9,2,9767,0.050000000000000044,0.5734812617301941,0.00042510501225478947,0.00033009552862495184,0.9623021453477256,3,3,4,0.0,3 4 5 6
2713,3,sigma_1p0__kernel_9__order_2,1.0,9,2,9772,0.050000000000000044,0.1994989812374115,0.0004382039827760309,0.0003495359269436449,0.9686675396494293,4,4,5,0.0,2 3 5 4 6
2714,3,sigma_1p0__kernel_9__order_2,1.0,9,2,9774,0.050000000000000044,0.09576810151338577,0.0004885113157797605,0.0003033298416994512,0.95530721747209,1,1,2,0.0,4 6
2715,3,sigma_1p0__kernel_9__order_2,1.0,9,2,9778,0.050000000000000044,0.5071699619293213,0.0005263372149784118,0.00011563707084860653,0.9869697132944069,3,3,4,0.0,3 5 4 6
2716,3,sigma_1p0__kernel_9__order_2,1.0,9,2,9781,0.050000000000000044,0.05724711716175079,0.00046029714091370505,0.0002817555796355009,0.9647451102839922,2,2,3,0.0,5 4 6
2717,3,sigma_1p0__kernel_9__order_2,1.0,9,2,9783,0.050000000000000044,0.07131662219762802,0.00048216278082691133,0.0008881487883627415,0.9203812204097596,1,1,2,0.0,4 6
2718,3,sigma_1p0__kernel_9__order_2,1.0,9,2,9787,0.050000000000000044,0.25167810916900635,0.0003842894293484278,0.0002688246313482523,0.9730571657596389,3,3,4,0.0,4 5 3 6
2719,3,sigma_1p0__kernel_9__order_2,1.0,9,2,9791,0.050000000000000044,0.45929238200187683,0.0004982406026101671,0.0006882387679070234,0.9495375515022686,3,3,4,0.0,3 5 4 6
2720,3,sigma_1p0__kernel_9__order_2,1.0,9,2,9795,0.050000000000000044,0.17186933755874634,0.0004150203531025909,0.00016244305879808962,0.9840680202746079,3,3,4,0.0,5 4 3 6
2721,3,sigma_1p0__kernel_9__order_2,1.0,9,2,9799,0.050000000000000044,0.43311983346939087,0.0003864875470753759,0.00047925321268849075,0.9483131717770902,3,3,4,0.0,5 3 4 6
2722,3,sigma_1p0__kernel_9__order_2,1.0,9,2,9804,0.050000000000000044,0.6430644989013672,0.0004440399701707065,0.00010318515705876052,0.9912467853351099,4,4,5,0.0,3 5 1 4 6
2723,3,sigma_1p0__kernel_9__order_2,1.0,9,2,9806,0.050000000000000044,0.08822499215602875,0.0004232003993820399,0.0010199007811024785,0.9173677836353231,1,1,2,0.0,4 6
2724,3,sigma_1p0__kernel_9__order_2,1.0,9,2,9810,0.050000000000000044,0.2811933755874634,0.0003212260162399616,0.0003074454143643379,0.9758183664501635,3,3,4,0.0,4 5 3 6
2725,3,sigma_1p0__kernel_9__order_2,1.0,9,2,9812,0.050000000000000044,0.07726895809173584,0.00044847457320429385,0.00043727908632718027,0.930795111674616,1,1,2,0.0,4 6
2726,3,sigma_1p0__kernel_9__order_2,1.0,9,2,9817,0.050000000000000044,0.5868489742279053,0.0003702967980643734,0.0003388386103324592,0.9784358720008315,4,4,5,0.0,2 5 4 3 6
2727,3,sigma_1p0__kernel_9__order_2,1.0,9,2,9822,0.050000000000000044,0.5868489146232605,0.00036127833591308444,0.0003388386103324592,0.9784358720008315,4,4,5,0.0,3 2 5 4 6
2728,3,sigma_1p0__kernel_9__order_2,1.0,9,2,9827,0.050000000000000044,0.5540510416030884,0.0005288004991598428,0.00032804207876324654,0.9622324245509013,4,4,5,0.0,3 2 5 4 6
2729,3,sigma_1p0__kernel_9__order_2,1.0,9,2,9831,0.050000000000000044,0.5006925463676453,0.0003303218800283503,0.00017175794346258044,0.9811322692954441,3,3,4,0.0,3 5 4 6
2730,3,sigma_1p0__kernel_9__order_2,1.0,9,2,9836,0.050000000000000044,0.6202861666679382,0.0003543094266206026,0.00011107099999208003,0.9894046905526933,5,5,6,0.0,3 2 1 4 5
2731,3,sigma_1p0__kernel_9__order_2,1.0,9,2,9839,0.050000000000000044,0.16670595109462738,0.00031845700868871063,0.0005150713259354234,0.9424414601748395,2,2,3,0.0,5 3 6
2732,3,sigma_1p0__kernel_9__order_2,1.0,9,2,9843,0.050000000000000044,0.25167810916900635,0.0004638055252144113,0.0002688246313482523,0.9730571657596389,3,3,4,0.0,4 5 3 6
2733,3,sigma_1p0__kernel_9__order_2,1.0,9,2,9848,0.050000000000000044,0.6435295343399048,0.0004028524155728519,0.00010259622649755329,0.9913052334655054,4,4,5,0.0,3 2 5 4 6
2734,3,sigma_1p0__kernel_9__order_2,1.0,9,2,9852,0.050000000000000044,0.24948526918888092,0.0004236055538058281,0.0003499265876598656,0.9686965808254643,3,3,4,0.0,4 5 3 6
2735,3,sigma_1p0__kernel_9__order_2,1.0,9,2,9854,0.050000000000000044,0.08941388130187988,0.0004190441104583442,0.0015358374221250415,0.9197421913942174,1,1,2,0.0,4 6
2736,3,sigma_1p0__kernel_9__order_2,1.0,9,2,9858,0.050000000000000044,0.23954163491725922,0.00042163072794210166,0.00046948809176683426,0.9537005855587801,3,3,4,0.0,3 5 4 6
2737,3,sigma_1p0__kernel_9__order_2,1.0,9,2,9862,0.050000000000000044,0.253742516040802,0.0003297484654467553,0.0003305163118056953,0.9657473915503509,3,3,4,0.0,4 5 3 6
2738,3,sigma_1p0__kernel_9__order_2,1.0,9,2,9865,0.050000000000000044,0.137592613697052,0.00035518155588457984,0.0008260032045654953,0.9129568341583474,2,2,3,0.0,5 3 6
2739,3,sigma_1p0__kernel_9__order_2,1.0,9,2,9869,0.050000000000000044,0.5208901762962341,0.00034686984872678295,0.00028643847326748073,0.9824312456155929,3,3,4,0.0,3 5 4 6
2740,3,sigma_1p0__kernel_9__order_2,1.0,9,2,9874,0.050000000000000044,0.5868489742279053,0.0003154985315632075,0.0003388386103324592,0.9784358720008315,4,4,5,0.0,2 3 5 4 6
2741,3,sigma_1p0__kernel_9__order_2,1.0,9,2,9879,0.050000000000000044,0.6435295343399048,0.00030483556620310994,0.00010259622649755329,0.9913052334655054,4,4,5,0.0,3 2 5 4 6
2742,3,sigma_1p0__kernel_9__order_2,1.0,9,2,9883,0.050000000000000044,0.5208901762962341,0.00025476200244156644,0.00028643847326748073,0.9824312456155929,3,3,4,0.0,3 5 4 6
2743,3,sigma_1p0__kernel_9__order_2,1.0,9,2,9885,0.050000000000000044,0.08941388130187988,0.00040728665771894157,0.0015358374221250415,0.9197421913942174,1,1,2,0.0,4 6
2744,3,sigma_1p0__kernel_9__order_2,1.0,9,2,9889,0.050000000000000044,0.6237078309059143,0.0003542625709087588,0.00022654430358670652,0.9791596898638536,3,3,4,0.0,3 5 4 6
2745,3,sigma_1p0__kernel_9__order_2,1.0,9,2,9893,0.050000000000000044,0.17186933755874634,0.000438519346062094,0.00016244305879808962,0.9840680202746079,3,3,4,0.0,4 3 5 6
2746,3,sigma_1p0__kernel_9__order_2,1.0,9,2,9897,0.050000000000000044,0.27070730924606323,0.0005334438537829556,0.00016201628022827208,0.9809971033605469,3,3,4,0.0,4 5 3 6
2747,3,sigma_1p0__kernel_9__order_2,1.0,9,2,9901,0.050000000000000044,0.25167810916900635,0.00039229363756021485,0.0002688246313482523,0.9730571657596389,3,3,4,0.0,4 5 3 6
2748,3,sigma_1p0__kernel_9__order_2,1.0,9,2,9904,0.050000000000000044,0.16670595109462738,0.0003379690848911802,0.0005150713259354234,0.9424414601748395,2,2,3,0.0,5 3 6
2749,3,sigma_1p0__kernel_9__order_2,1.0,9,2,9908,0.050000000000000044,0.17186933755874634,0.00035596639645518735,0.00016244305879808962,0.9840680202746079,3,3,4,0.0,4 3 5 6
2750,3,sigma_1p0__kernel_9__order_2,1.0,9,2,9913,0.050000000000000044,0.6045166254043579,0.0003644506388809532,0.0002249711542390287,0.9793051375468194,4,4,5,0.0,1 3 5 4 6
2751,3,sigma_1p0__kernel_9__order_2,1.0,9,2,9916,0.050000000000000044,0.16950291395187378,0.00017835190131639442,0.0002968789776787162,0.967183250787709,2,2,3,0.0,5 3 6
2752,3,sigma_1p0__kernel_9__order_2,1.0,9,2,9918,0.050000000000000044,0.07131662219762802,0.000395647861296311,0.0008881487883627415,0.9203812204097596,1,1,2,0.0,4 6
2753,3,sigma_1p0__kernel_9__order_2,1.0,9,2,9923,0.050000000000000044,0.6435295343399048,0.0002943522675195709,0.00010259622649755329,0.9913052334655054,4,4,5,0.0,3 2 5 4 6
2754,3,sigma_1p0__kernel_9__order_2,1.0,9,2,9927,0.050000000000000044,0.43311983346939087,0.00032687297789379954,0.00047925321268849075,0.9483131717770902,3,3,4,0.0,3 5 4 6
2755,3,sigma_1p0__kernel_9__order_2,1.0,9,2,9932,0.050000000000000044,0.6069170832633972,0.0003828248765785247,0.0002913416246883571,0.978467700810268,4,4,5,0.0,3 2 5 4 6
2756,3,sigma_1p0__kernel_9__order_2,1.0,9,2,9937,0.050000000000000044,0.5858900547027588,0.0004661393235437572,0.00022222872939892113,0.9795374109472871,5,5,6,0.0,3 2 1 5 4
2757,3,sigma_1p0__kernel_9__order_2,1.0,9,2,9941,0.050000000000000044,0.25167810916900635,0.00032855835161171854,0.0002688246313482523,0.9730571657596389,3,3,4,0.0,4 5 3 6
2758,3,sigma_1p0__kernel_9__order_2,1.0,9,2,9945,0.050000000000000044,0.41477465629577637,0.0003135621955152601,0.0005729258991777897,0.9485109874205697,3,3,4,0.0,5 3 4 6
2759,3,sigma_1p0__kernel_9__order_2,1.0,9,2,9949,0.050000000000000044,0.24948528409004211,0.00033792033354984596,0.0003499265876598656,0.9686965808254643,3,3,4,0.0,4 3 5 6
2760,3,sigma_1p0__kernel_9__order_2,1.0,9,2,9952,0.050000000000000044,0.16950291395187378,0.000306795986640888,0.0002968789776787162,0.967183250787709,2,2,3,0.0,5 3 6
2761,3,sigma_1p0__kernel_9__order_2,1.0,9,2,9954,0.050000000000000044,0.09576810151338577,0.00032961342367343605,0.0003033298416994512,0.95530721747209,1,1,2,0.0,4 6
2762,3,sigma_1p0__kernel_9__order_2,1.0,9,2,9958,0.050000000000000044,0.6618226766586304,0.00033613696723477915,0.00010492635192349553,0.9911175728304916,3,3,4,0.0,3 5 4 6
2763,3,sigma_1p0__kernel_9__order_2,1.0,9,2,9962,0.050000000000000044,0.5208901762962341,0.00043557870958466083,0.00028643847326748073,0.9824312456155929,3,3,4,0.0,3 5 4 6
2764,3,sigma_1p0__kernel_9__order_2,1.0,9,2,9966,0.050000000000000044,0.23954163491725922,0.00039359509537462145,0.00046948809176683426,0.9537005855587801,3,3,4,0.0,4 5 3 6
2765,3,sigma_1p0__kernel_9__order_2,1.0,9,2,9970,0.050000000000000044,0.25167810916900635,0.00023127679742174223,0.0002688246313482523,0.9730571657596389,3,3,4,0.0,4 5 3 6
2766,3,sigma_1p0__kernel_9__order_2,1.0,9,2,9974,0.050000000000000044,0.5006925463676453,0.0003269974040449597,0.00017175794346258044,0.9811322692954441,3,3,4,0.0,3 5 4 6
2767,3,sigma_1p0__kernel_9__order_2,1.0,9,2,9978,0.050000000000000044,0.6618226766586304,0.0003114843711955473,0.00010492635192349553,0.9911175728304916,3,3,4,0.0,3 5 4 6
2768,3,sigma_1p0__kernel_9__order_2,1.0,9,2,9982,0.050000000000000044,0.25167810916900635,0.00040192544111050665,0.0002688246313482523,0.9730571657596389,3,3,4,0.0,4 5 3 6
2769,3,sigma_1p0__kernel_9__order_2,1.0,9,2,9986,0.050000000000000044,0.45421576499938965,0.0002936645832960494,0.0002658700686879456,0.9685054444104397,3,3,4,0.0,3 5 4 6
2770,3,sigma_1p0__kernel_9__order_2,1.0,9,2,9991,0.050000000000000044,0.47766661643981934,0.0003673760569654405,0.00011469401943031698,0.98698817721516,4,4,5,0.0,3 5 4 1 6
2771,3,sigma_1p0__kernel_9__order_2,1.0,9,2,9995,0.050000000000000044,0.5071699619293213,0.0003123199348920025,0.00011563707084860653,0.9869697132944069,3,3,4,0.0,3 5 4 6
2772,3,sigma_1p0__kernel_9__order_2,1.0,9,2,10000,0.050000000000000044,0.5868489742279053,0.00041074572363868355,0.0003388386103324592,0.9784358720008315,4,4,5,0.0,2 4 5 3 6
2773,3,sigma_1p0__kernel_9__order_2,1.0,9,2,10002,0.050000000000000044,0.08126659691333771,0.0007109491270966828,0.0003977040178142488,0.9477260804488175,1,1,2,0.0,4 6
2774,3,sigma_1p0__kernel_9__order_2,1.0,9,2,10006,0.050000000000000044,0.6262924671173096,0.0003775340228457935,0.00029329670360311866,0.978404005805604,3,3,4,0.0,4 5 3 6
2775,3,sigma_1p0__kernel_9__order_2,1.0,9,2,10009,0.050000000000000044,0.1401793360710144,0.0004381726321298629,0.0006530879763886333,0.9352612300342952,2,2,3,0.0,5 3 6
2776,3,sigma_1p0__kernel_9__order_2,1.0,9,2,10011,0.050000000000000044,0.08126659691333771,0.0003135773367830552,0.0003977040178142488,0.9477260804488175,1,1,2,0.0,4 6
2777,3,sigma_1p0__kernel_9__order_2,1.0,9,2,10016,0.050000000000000044,0.6252923011779785,0.0003814749652519822,0.00010020502668339759,0.991501499813462,5,5,6,0.0,2 5 1 3 4
2778,3,sigma_1p0__kernel_9__order_2,1.0,9,2,10020,0.050000000000000044,0.28650832176208496,0.0003830074201687239,0.0002764974778983742,0.9829256227871184,3,3,4,0.0,4 5 3 6
2779,3,sigma_1p0__kernel_9__order_2,1.0,9,2,10022,0.050000000000000044,0.260723352432251,0.0002477948655723594,0.0004425017978064716,0.9460854963017418,1,1,2,0.0,5 6
2780,3,sigma_1p0__kernel_9__order_2,1.0,9,2,10024,0.050000000000000044,0.07131662219762802,0.0003673878381960094,0.0008881487883627415,0.9203812204097596,1,1,2,0.0,4 6
2781,3,sigma_1p0__kernel_9__order_2,1.0,9,2,10029,0.050000000000000044,0.6045166254043579,0.0003187344002071768,0.0002249711542390287,0.9793051375468194,4,4,5,0.0,1 3 4 5 6
2782,3,sigma_1p0__kernel_9__order_2,1.0,9,2,10030,0.050000000000000044,0.0,0.00048238865565508604,0.0008308970718644559,0.8980840161425038,0,0,1,0.0,6
2783,3,sigma_1p0__kernel_9__order_2,1.0,9,2,10033,0.050000000000000044,0.16950291395187378,0.00032687293908869225,0.0002968789776787162,0.967183250787709,2,2,3,0.0,5 3 6
2784,3,sigma_1p0__kernel_9__order_2,1.0,9,2,10037,0.050000000000000044,0.061702512204647064,0.0002997720876010135,0.001150636002421379,0.8984195680382986,3,3,4,0.0,1 3 5 6
2785,3,sigma_1p0__kernel_9__order_2,1.0,9,2,10039,0.050000000000000044,0.07726895809173584,0.00033282329968642443,0.00043727908632718027,0.930795111674616,1,1,2,0.0,4 6
2786,3,sigma_1p0__kernel_9__order_2,1.0,9,2,10041,0.050000000000000044,0.07131662219762802,0.00035197041870560497,0.0008881487883627415,0.9203812204097596,1,1,2,0.0,4 6
2787,3,sigma_1p0__kernel_9__order_2,1.0,9,2,10046,0.050000000000000044,0.5538358688354492,0.00030324100516736506,0.00032918446231633425,0.9623376832528574,4,4,5,0.0,1 3 4 5 6
2788,3,sigma_1p0__kernel_9__order_2,1.0,9,2,10050,0.050000000000000044,0.253742516040802,0.00030191831319825724,0.0003305163118056953,0.9657473915503509,3,3,4,0.0,4 5 3 6
2789,3,sigma_1p0__kernel_9__order_2,1.0,9,2,10055,0.050000000000000044,0.19465716183185577,0.00024263859959319233,0.0005972589715383947,0.9623692988038205,4,4,5,0.0,2 5 3 4 6
2790,3,sigma_1p0__kernel_9__order_2,1.0,9,2,10059,0.050000000000000044,0.50069260597229,0.0003014049943885766,0.00017175794346258044,0.9811322692954441,3,3,4,0.0,5 3 4 6
2791,3,sigma_1p0__kernel_9__order_2,1.0,9,2,10064,0.050000000000000044,0.5917484760284424,0.00028917788004036995,0.00013889899128116667,0.983347794991186,4,4,5,0.0,1 3 4 5 6
2792,3,sigma_1p0__kernel_9__order_2,1.0,9,2,10066,0.050000000000000044,0.07726895809173584,0.0003435574471950531,0.00043727908632718027,0.930795111674616,1,1,2,0.0,4 6
2793,3,sigma_1p0__kernel_9__order_2,1.0,9,2,10069,0.050000000000000044,0.1401793360710144,0.0002980112622026354,0.0006530879763886333,0.9352612300342952,2,2,3,0.0,5 3 6
2794,3,sigma_1p0__kernel_9__order_2,1.0,9,2,10074,0.050000000000000044,0.47984904050827026,0.00028457262960728257,0.000276587757980451,0.9795012027025223,4,4,5,0.0,2 5 3 4 6
2795,3,sigma_1p0__kernel_9__order_2,1.0,9,2,10077,0.050000000000000044,0.1506832093000412,0.0003118325791244085,0.0008174586109817028,0.9402529282958272,2,2,3,0.0,5 3 6
2796,3,sigma_1p0__kernel_9__order_2,1.0,9,2,10081,0.050000000000000044,0.41477465629577637,0.000278172181424452,0.0005729258991777897,0.9485109874205697,3,3,4,0.0,5 3 4 6
2797,3,sigma_1p0__kernel_9__order_2,1.0,9,2,10083,0.050000000000000044,0.07131662219762802,0.0003379793342901394,0.0008881487883627415,0.9203812204097596,1,1,2,0.0,4 6
2798,3,sigma_1p0__kernel_9__order_2,1.0,9,2,10087,0.050000000000000044,0.2811933755874634,0.00026506227732170373,0.0003074454143643379,0.9758183664501635,3,3,4,0.0,4 3 5 6
2799,3,sigma_1p0__kernel_9__order_2,1.0,9,2,10092,0.050000000000000044,0.6129100322723389,0.0002958229888463393,0.00025139222270809114,0.9801201290062294,4,4,5,0.0,1 3 4 5 6
2800,3,sigma_1p0__kernel_9__order_2,1.0,9,2,10096,0.050000000000000044,0.253742516040802,0.000266905379248783,0.0003305163118056953,0.9657473915503509,3,3,4,0.0,4 5 3 6
2801,3,sigma_1p0__kernel_9__order_2,1.0,9,2,10100,0.050000000000000044,0.15012763440608978,0.0003042968273803126,0.00026568223256617785,0.9782780824178181,3,3,4,0.0,5 3 4 6
2802,3,sigma_1p0__kernel_9__order_2,1.0,9,2,10102,0.050000000000000044,0.08126659691333771,0.0003574920992832631,0.0003977040178142488,0.9477260804488175,1,1,2,0.0,4 6
2803,3,sigma_1p0__kernel_9__order_2,1.0,9,2,10106,0.050000000000000044,0.253742516040802,0.0003241099948354531,0.0003305163118056953,0.9657473915503509,3,3,4,0.0,4 5 3 6
2804,3,sigma_1p0__kernel_9__order_2,1.0,9,2,10108,0.050000000000000044,0.09576810151338577,0.0002775250031845644,0.0003033298416994512,0.95530721747209,1,1,2,0.0,4 6
2805,3,sigma_1p0__kernel_9__order_2,1.0,9,2,10111,0.050000000000000044,0.1401793360710144,0.0003195157429824273,0.0006530879763886333,0.9352612300342952,2,2,3,0.0,5 3 6
2806,3,sigma_1p0__kernel_9__order_2,1.0,9,2,10114,0.050000000000000044,0.137592613697052,0.00024363597913179547,0.0008260032045654953,0.9129568341583474,2,2,3,0.0,5 3 6
2807,3,sigma_1p0__kernel_9__order_2,1.0,9,2,10117,0.050000000000000044,0.16670595109462738,0.0002222527206564943,0.0005150713259354234,0.9424414601748395,2,2,3,0.0,5 3 6
2808,3,sigma_1p0__kernel_9__order_2,1.0,9,2,10119,0.050000000000000044,0.09576810151338577,0.000219592300709337,0.0003033298416994512,0.95530721747209,1,1,2,0.0,4 6
2809,3,sigma_1p0__kernel_9__order_2,1.0,9,2,10122,0.050000000000000044,0.137592613697052,0.0002784350945148617,0.0008260032045654953,0.9129568341583474,2,2,3,0.0,5 3 6
2810,3,sigma_1p0__kernel_9__order_2,1.0,9,2,10126,0.050000000000000044,0.41477465629577637,0.0002607917704153806,0.0005729258991777897,0.9485109874205697,3,3,4,0.0,5 3 4 6
2811,3,sigma_1p0__kernel_9__order_2,1.0,9,2,10131,0.050000000000000044,0.2318193018436432,0.0003210705064702779,0.0003047949285246432,0.9760491947392079,4,4,5,0.0,1 5 3 4 6
2812,3,sigma_1p0__kernel_9__order_2,1.0,9,2,10135,0.050000000000000044,0.41477465629577637,0.0002984316452057101,0.0005729258991777897,0.9485109874205697,3,3,4,0.0,5 3 4 6
2813,3,sigma_1p0__kernel_9__order_2,1.0,9,2,10140,0.050000000000000044,0.5877506732940674,0.0002968017477542162,0.00028907760861329734,0.9786078447252334,5,5,6,0.0,2 5 1 4 3
2814,3,sigma_1p0__kernel_9__order_2,1.0,9,2,10144,0.050000000000000044,0.45619407296180725,0.00024468893388984725,0.0003822278813458979,0.9659012573971618,3,3,4,0.0,2 5 4 6
2815,3,sigma_1p0__kernel_9__order_2,1.0,9,2,10148,0.050000000000000044,0.2447340339422226,0.00027279191272100434,0.0005987586337141693,0.9625195515354238,3,3,4,0.0,5 3 4 6
2816,3,sigma_1p0__kernel_9__order_2,1.0,9,2,10153,0.050000000000000044,0.1997929811477661,0.0002684537117602304,0.0003485918277874589,0.9687668210012876,4,4,5,0.0,5 3 4 1 6
2817,3,sigma_1p0__kernel_9__order_2,1.0,9,2,10155,0.050000000000000044,0.08126659691333771,0.00026258607977069914,0.0003977040178142488,0.9477260804488175,1,1,2,0.0,4 6
2818,3,sigma_1p0__kernel_9__order_2,1.0,9,2,10160,0.050000000000000044,0.6435295343399048,0.00028282157145440576,0.00010259622649755329,0.9913052334655054,4,4,5,0.0,2 5 4 3 6
2819,3,sigma_1p0__kernel_9__order_2,1.0,9,2,10162,0.050000000000000044,0.10135974735021591,0.00036381289828568697,0.0007019987679086626,0.9483417614355382,1,1,2,0.0,4 6
2820,3,sigma_1p0__kernel_9__order_2,1.0,9,2,10167,0.050000000000000044,0.5868489742279053,0.00029302066832315177,0.0003388386103324592,0.9784358720008315,4,4,5,0.0,2 4 5 3 6
2821,3,sigma_1p0__kernel_9__order_2,1.0,9,2,10171,0.050000000000000044,0.28650832176208496,0.00022915978843229823,0.0002764974778983742,0.9829256227871184,3,3,4,0.0,4 5 3 6
2822,3,sigma_1p0__kernel_9__order_2,1.0,9,2,10175,0.050000000000000044,0.41477465629577637,0.00024011869027162902,0.0005729258991777897,0.9485109874205697,3,3,4,0.0,5 3 4 6
2823,3,sigma_1p0__kernel_9__order_2,1.0,9,2,10179,0.050000000000000044,0.43311983346939087,0.0002337397963856347,0.00047925321268849075,0.9483131717770902,3,3,4,0.0,5 3 4 6
2824,3,sigma_1p0__kernel_9__order_2,1.0,9,2,10184,0.050000000000000044,0.5868489742279053,0.00023318742751143873,0.0003388386103324592,0.9784358720008315,4,4,5,0.0,2 5 4 3 6
2825,3,sigma_1p0__kernel_9__order_2,1.0,9,2,10189,0.050000000000000044,0.6129100322723389,0.00025690665643196553,0.00025139222270809114,0.9801201290062294,4,4,5,0.0,1 4 3 5 6
2826,3,sigma_1p0__kernel_9__order_2,1.0,9,2,10193,0.050000000000000044,0.41477465629577637,0.00025088070469792,0.0005729258991777897,0.9485109874205697,3,3,4,0.0,5 3 4 6
2827,3,sigma_1p0__kernel_9__order_2,1.0,9,2,10195,0.050000000000000044,0.08126659691333771,0.00028700093389488757,0.0003977040178142488,0.9477260804488175,1,1,2,0.0,4 6
2828,3,sigma_1p0__kernel_9__order_2,1.0,9,2,10200,0.050000000000000044,0.5917484760284424,0.00020147695613559335,0.00013889899128116667,0.983347794991186,4,4,5,0.0,1 3 4 5 6
2829,3,sigma_1p0__kernel_9__order_2,1.0,9,2,10204,0.050000000000000044,0.50069260597229,0.00020683980619651265,0.00017175794346258044,0.9811322692954441,3,3,4,0.0,5 3 4 6
2830,3,sigma_1p0__kernel_9__order_2,1.0,9,2,10208,0.050000000000000044,0.50069260597229,0.0002867632720153779,0.00017175794346258044,0.9811322692954441,3,3,4,0.0,5 3 4 6
2831,3,sigma_1p0__kernel_9__order_2,1.0,9,2,10212,0.050000000000000044,0.27070730924606323,0.0002623825530463364,0.00016201628022827208,0.9809971033605469,3,3,4,0.0,4 5 3 6
2832,3,sigma_1p0__kernel_9__order_2,1.0,9,2,10216,0.050000000000000044,0.23954163491725922,0.0002234710154880304,0.00046948809176683426,0.9537005855587801,3,3,4,0.0,5 3 4 6
2833,3,sigma_1p0__kernel_9__order_2,1.0,9,2,10221,0.050000000000000044,0.5877507328987122,0.00021207758691161872,0.00028907760861329734,0.9786078447252334,5,5,6,0.0,1 2 5 3 4
2834,3,sigma_1p0__kernel_9__order_2,1.0,9,2,10225,0.050000000000000044,0.25167810916900635,0.0002529337398300413,0.0002688246313482523,0.9730571657596389,3,3,4,0.0,4 5 3 6
2835,3,sigma_1p0__kernel_9__order_2,1.0,9,2,10229,0.050000000000000044,0.2447340339422226,0.00029142459970898926,0.0005987586337141693,0.9625195515354238,3,3,4,0.0,3 5 4 6
2836,3,sigma_1p0__kernel_9__order_2,1.0,9,2,10231,0.050000000000000044,0.07726895809173584,0.00020033740293001756,0.00043727908632718027,0.930795111674616,1,1,2,0.0,4 6
2837,3,sigma_1p0__kernel_9__order_2,1.0,9,2,10233,0.050000000000000044,0.035729821771383286,0.00024233601288869977,0.0015412995126098394,0.9279579401069391,1,1,2,0.0,4 6
2838,3,sigma_1p0__kernel_9__order_2,1.0,9,2,10237,0.050000000000000044,0.5006925463676453,0.00028968443803023547,0.00017175794346258044,0.9811322692954441,3,3,4,0.0,3 5 4 6
2839,3,sigma_1p0__kernel_9__order_2,1.0,9,2,10241,0.050000000000000044,0.45421576499938965,0.0002569003445387352,0.0002658700686879456,0.9685054444104397,3,3,4,0.0,3 5 4 6
2840,3,sigma_1p0__kernel_9__order_2,1.0,9,2,10246,0.050000000000000044,0.4783620536327362,0.0002239449124317616,0.00011355951573932543,0.9870355374287199,4,4,5,0.0,3 5 2 4 6
2841,3,sigma_1p0__kernel_9__order_2,1.0,9,2,10248,0.050000000000000044,0.09576810151338577,0.00026729045202955604,0.0003033298416994512,0.95530721747209,1,1,2,0.0,4 6
2842,3,sigma_1p0__kernel_9__order_2,1.0,9,2,10250,0.050000000000000044,0.08822499215602875,0.00019926099776057526,0.0010199007811024785,0.9173677836353231,1,1,2,0.0,4 6
2843,3,sigma_1p0__kernel_9__order_2,1.0,9,2,10254,0.050000000000000044,0.25167810916900635,0.0009447144984733313,0.0002688246313482523,0.9730571657596389,3,3,4,0.0,4 5 3 6
2844,3,sigma_1p0__kernel_9__order_2,1.0,9,2,10259,0.050000000000000044,0.6435295343399048,0.0006818559137172997,0.00010259622649755329,0.9913052334655054,4,4,5,0.0,2 4 5 3 6
2845,3,sigma_1p0__kernel_9__order_2,1.0,9,2,10263,0.050000000000000044,0.50069260597229,0.0005257074371911585,0.00017175794346258044,0.9811322692954441,3,3,4,0.0,3 4 5 6
2846,3,sigma_1p0__kernel_9__order_2,1.0,9,2,10267,0.050000000000000044,0.27070730924606323,0.0005362897354643792,0.00016201628022827208,0.9809971033605469,3,3,4,0.0,4 3 5 6
2847,3,sigma_1p0__kernel_9__order_2,1.0,9,2,10269,0.050000000000000044,0.08941388130187988,0.0005178989958949387,0.0015358374221250415,0.9197421913942174,1,1,2,0.0,4 6
2848,3,sigma_1p0__kernel_9__order_2,1.0,9,2,10273,0.050000000000000044,0.6114770770072937,0.00044160147808725014,0.00013926590327173471,0.9833388140560189,3,3,4,0.0,3 5 4 6
2849,3,sigma_1p0__kernel_9__order_2,1.0,9,2,10275,0.050000000000000044,0.035729821771383286,0.0004545117699308321,0.0015412995126098394,0.9279579401069391,1,1,2,0.0,4 6
2850,3,sigma_1p0__kernel_9__order_2,1.0,9,2,10280,0.050000000000000044,0.6252923011779785,0.0004149178334046155,0.00010020502668339759,0.991501499813462,5,5,6,0.0,2 5 1 3 4
2851,3,sigma_1p0__kernel_9__order_2,1.0,9,2,10283,0.050000000000000044,0.07221157848834991,0.00038350628650126356,0.00046005219337530434,0.9631423900406653,2,2,3,0.0,5 3 6
2852,3,sigma_1p0__kernel_9__order_2,1.0,9,2,10286,0.050000000000000044,0.061538927257061005,0.0004352843000863989,0.00022308120969682932,0.9672981398390533,2,2,3,0.0,5 3 6
2853,3,sigma_1p0__kernel_9__order_2,1.0,9,2,10290,0.050000000000000044,0.50069260597229,0.0003952883052988909,0.00017175794346258044,0.9811322692954441,3,3,4,0.0,5 3 4 6
2854,3,sigma_1p0__kernel_9__order_2,1.0,9,2,10293,0.050000000000000044,0.14571017026901245,0.00043271905936611194,0.000565270078368485,0.9617493440896521,2,2,3,0.0,5 3 6
2855,3,sigma_1p0__kernel_9__order_2,1.0,9,2,10297,0.050000000000000044,0.2395416498184204,0.0003824254308710806,0.00046948809176683426,0.9537005855587801,3,3,4,0.0,4 3 5 6
2856,3,sigma_1p0__kernel_9__order_2,1.0,9,2,10301,0.050000000000000044,0.2447340488433838,0.00037550388515228406,0.0005987586337141693,0.9625195515354238,3,3,4,0.0,4 3 5 6
2857,3,sigma_1p0__kernel_9__order_2,1.0,9,2,10305,0.050000000000000044,0.27070730924606323,0.0004768186408909969,0.00016201628022827208,0.9809971033605469,3,3,4,0.0,4 3 5 6
2858,3,sigma_1p0__kernel_9__order_2,1.0,9,2,10308,0.050000000000000044,0.06265982985496521,0.00032595534867141396,0.0002786641416605562,0.9558891489233613,2,2,3,0.0,4 3 6
2859,3,sigma_1p0__kernel_9__order_2,1.0,9,2,10312,0.050000000000000044,0.50069260597229,0.00031617088825441897,0.00017175794346258044,0.9811322692954441,3,3,4,0.0,5 3 4 6
2860,3,sigma_1p0__kernel_9__order_2,1.0,9,2,10314,0.050000000000000044,0.0393536277115345,0.00040018907748162746,0.0005182330496609211,0.9340325587392562,1,1,2,0.0,5 6
2861,3,sigma_1p0__kernel_9__order_2,1.0,9,2,10319,0.050000000000000044,0.6069180369377136,0.0004236372304148972,0.0002915810910053551,0.9785065628083226,4,4,5,0.0,3 1 4 5 6
2862,3,sigma_1p0__kernel_9__order_2,1.0,9,2,10324,0.050000000000000044,0.19979296624660492,0.00037127578107174484,0.0003485918277874589,0.9687668210012876,4,4,5,0.0,3 4 5 1 6
2863,3,sigma_1p0__kernel_9__order_2,1.0,9,2,10329,0.050000000000000044,0.47984904050827026,0.0003708812349941581,0.000276587757980451,0.9795012027025223,4,4,5,0.0,4 2 5 3 6
2864,3,sigma_1p0__kernel_9__order_2,1.0,9,2,10333,0.050000000000000044,0.2447340488433838,0.000373531824152451,0.0005987586337141693,0.9625195515354238,3,3,4,0.0,4 3 5 6
2865,3,sigma_1p0__kernel_9__order_2,1.0,9,2,10338,0.050000000000000044,0.49190065264701843,0.00045752442674711346,0.0002824047114700079,0.9825826469591766,4,4,5,0.0,1 4 3 5 6
2866,3,sigma_1p0__kernel_9__order_2,1.0,9,2,10343,0.050000000000000044,0.6435295343399048,0.00037776386307086796,0.00010259622649755329,0.9913052334655054,4,4,5,0.0,2 5 4 3 6
2867,3,sigma_1p0__kernel_9__order_2,1.0,9,2,10348,0.050000000000000044,0.6129100322723389,0.00036415819195099173,0.00025139222270809114,0.9801201290062294,4,4,5,0.0,1 4 3 5 6
2868,3,sigma_1p0__kernel_9__order_2,1.0,9,2,10350,0.050000000000000044,0.10135974735021591,0.0003995758161181584,0.0007019987679086626,0.9483417614355382,1,1,2,0.0,4 6
2869,3,sigma_1p0__kernel_9__order_2,1.0,9,2,10354,0.050000000000000044,0.5208901762962341,0.00043975236621918157,0.00028643847326748073,0.9824312456155929,3,3,4,0.0,4 3 5 6
2870,3,sigma_1p0__kernel_9__order_2,1.0,9,2,10357,0.050000000000000044,0.16670595109462738,0.0004489302421764781,0.0005150713259354234,0.9424414601748395,2,2,3,0.0,5 3 6
2871,3,sigma_1p0__kernel_9__order_2,1.0,9,2,10362,0.050000000000000044,0.6252923011779785,0.0003110470774117857,0.00010020502668339759,0.991501499813462,5,5,6,0.0,2 1 5 3 4
2872,3,sigma_1p0__kernel_9__order_2,1.0,9,2,10367,0.050000000000000044,0.5921776294708252,0.00036485447781160475,0.00013836355356033891,0.98337805267605,4,4,5,0.0,2 5 4 3 6
2873,3,sigma_1p0__kernel_9__order_2,1.0,9,2,10372,0.050000000000000044,0.5917484760284424,0.00039661912887822837,0.00013889899128116667,0.983347794991186,4,4,5,0.0,1 3 4 5 6
2874,3,sigma_1p0__kernel_9__order_2,1.0,9,2,10376,0.050000000000000044,0.2395416498184204,0.00034025847708107904,0.00046948809176683426,0.9537005855587801,3,3,4,0.0,4 3 5 6
2875,3,sigma_1p0__kernel_9__order_2,1.0,9,2,10379,0.050000000000000044,0.05185496807098389,0.00039875367656350136,0.0005780888022854924,0.955554059211621,2,2,3,0.0,5 2 6
2876,3,sigma_1p0__kernel_9__order_2,1.0,9,2,10384,0.050000000000000044,0.4918782711029053,0.0003620477858930826,0.00028312637005001307,0.9826177732485228,4,4,5,0.0,4 2 5 3 6
2877,3,sigma_1p0__kernel_9__order_2,1.0,9,2,10389,0.050000000000000044,0.40321943163871765,0.0003405785741051659,0.0004790611274074763,0.9483512943338129,4,4,5,0.0,2 4 5 3 6
2878,3,sigma_1p0__kernel_9__order_2,1.0,9,2,10391,0.050000000000000044,0.10135974735021591,0.0004302671441109851,0.0007019987679086626,0.9483417614355382,1,1,2,0.0,4 6
2879,3,sigma_1p0__kernel_9__order_2,1.0,9,2,10396,0.050000000000000044,0.6252923011779785,0.00032140754046849906,0.00010020502668339759,0.991501499813462,5,5,6,0.0,2 1 5 4 3
2880,3,sigma_1p0__kernel_9__order_2,1.0,9,2,10400,0.050000000000000044,0.45929238200187683,0.0003873627138091251,0.0006882387679070234,0.9495375515022686,3,3,4,0.0,3 5 4 6
2881,3,sigma_1p0__kernel_9__order_2,1.0,9,2,10402,0.050000000000000044,0.08941388130187988,0.0003835988318314776,0.0015358374221250415,0.9197421913942174,1,1,2,0.0,4 6
2882,3,sigma_1p0__kernel_9__order_2,1.0,9,2,10407,0.050000000000000044,0.47056490182876587,0.0002946677093859762,0.000505211646668613,0.9458424304739331,4,4,5,0.0,1 2 5 4 6
2883,3,sigma_1p0__kernel_9__order_2,1.0,9,2,10411,0.050000000000000044,0.43311983346939087,0.00033874659857247025,0.00047925321268849075,0.9483131717770902,3,3,4,0.0,5 3 4 6
2884,3,sigma_1p0__kernel_9__order_2,1.0,9,2,10415,0.050000000000000044,0.04278503358364105,0.0002806856427923776,0.00010738086712080985,0.9843748759358731,3,3,4,0.0,5 3 4 6
2885,3,sigma_1p0__kernel_9__order_2,1.0,9,2,10419,0.050000000000000044,0.5074523687362671,0.0002560183420428075,0.00028734508669003844,0.9792653489835764,3,3,4,0.0,4 3 5 6
2886,3,sigma_1p0__kernel_9__order_2,1.0,9,2,10423,0.050000000000000044,0.45929238200187683,0.0005061194242443889,0.0006882387679070234,0.9495375515022686,3,3,4,0.0,5 3 4 6
2887,3,sigma_1p0__kernel_9__order_2,1.0,9,2,10427,0.050000000000000044,0.253742516040802,0.0002667553417268209,0.0003305163118056953,0.9657473915503509,3,3,4,0.0,3 4 5 6
2888,3,sigma_1p0__kernel_9__order_2,1.0,9,2,10432,0.050000000000000044,0.5346906185150146,0.0002875526435673237,0.0003261989331804216,0.9622534799802601,5,5,6,0.0,1 3 2 5 4
2889,3,sigma_1p0__kernel_9__order_2,1.0,9,2,10434,0.050000000000000044,0.08822499215602875,0.000435790469055064,0.0010199007811024785,0.9173677836353231,1,1,2,0.0,4 6
2890,3,sigma_1p0__kernel_9__order_2,1.0,9,2,10439,0.050000000000000044,0.6383658647537231,0.0003322841366752982,0.00011450669262558222,0.9892929023957848,4,4,5,0.0,2 4 5 3 6
2891,3,sigma_1p0__kernel_9__order_2,1.0,9,2,10441,0.050000000000000044,0.08126659691333771,0.00042146784835495055,0.0003977040178142488,0.9477260804488175,1,1,2,0.0,4 6
2892,3,sigma_1p0__kernel_9__order_2,1.0,9,2,10446,0.050000000000000044,0.5877506732940674,0.00032525308197364213,0.00028907760861329734,0.9786078447252334,5,5,6,0.0,2 1 5 4 3
2893,3,sigma_1p0__kernel_9__order_2,1.0,9,2,10450,0.050000000000000044,0.43311983346939087,0.0003019290088559501,0.00047925321268849075,0.9483131717770902,3,3,4,0.0,4 3 5 6
2894,3,sigma_1p0__kernel_9__order_2,1.0,9,2,10454,0.050000000000000044,0.2395416498184204,0.0003168306211591698,0.00046948809176683426,0.9537005855587801,3,3,4,0.0,4 3 5 6
2895,3,sigma_1p0__kernel_9__order_2,1.0,9,2,10456,0.050000000000000044,0.08941388130187988,0.00023782619246048853,0.0015358374221250415,0.9197421913942174,1,1,2,0.0,4 6
2896,3,sigma_1p0__kernel_9__order_2,1.0,9,2,10457,0.050000000000000044,0.0,0.0001685484021436423,0.002031223848462105,0.8132610107804167,0,0,1,0.0,6
2897,3,sigma_1p0__kernel_9__order_2,1.0,9,2,10462,0.050000000000000044,0.5681328773498535,0.0002802066330332309,0.0003357348614372313,0.9786668139710296,5,5,6,0.0,2 4 5 1 3
2898,3,sigma_1p0__kernel_9__order_2,1.0,9,2,10464,0.050000000000000044,0.08931133896112442,0.00034128718834836036,0.0015314538031816483,0.8801071876826099,1,1,2,0.0,5 6
2899,3,sigma_1p0__kernel_9__order_2,1.0,9,2,10469,0.050000000000000044,0.5727318525314331,0.0002964066690765321,0.0001376520813209936,0.9834099957336285,5,5,6,0.0,2 1 5 3 4
2900,3,sigma_1p0__kernel_9__order_2,1.0,9,2,10471,0.050000000000000044,0.09576810151338577,0.00038881177897565067,0.0003033298416994512,0.95530721747209,1,1,2,0.0,4 6
2901,3,sigma_1p0__kernel_9__order_2,1.0,9,2,10475,0.050000000000000044,0.253742516040802,0.00025217268921551295,0.0003305163118056953,0.9657473915503509,3,3,4,0.0,4 3 5 6
2902,3,sigma_1p0__kernel_9__order_2,1.0,9,2,10480,0.050000000000000044,0.5538358688354492,0.00030984400073066356,0.00032918446231633425,0.9623376832528574,4,4,5,0.0,1 3 4 5 6
2903,3,sigma_1p0__kernel_9__order_2,1.0,9,2,10484,0.050000000000000044,0.43311983346939087,0.0003198562371835578,0.00047925321268849075,0.9483131717770902,3,3,4,0.0,5 3 4 6
2904,3,sigma_1p0__kernel_9__order_2,1.0,9,2,10489,0.050000000000000044,0.5950121283531189,0.0003836670017335564,0.00024510215735062957,0.980296102789863,5,5,6,0.0,2 1 5 4 3
2905,3,sigma_1p0__kernel_9__order_2,1.0,9,2,10492,0.050000000000000044,0.11879583448171616,0.00031804499061157304,0.00117316038813442,0.8967012005916816,2,2,3,0.0,5 3 6
2906,3,sigma_1p0__kernel_9__order_2,1.0,9,2,10495,0.050000000000000044,0.16950291395187378,0.0002948164571231852,0.0002968789776787162,0.967183250787709,2,2,3,0.0,5 3 6
2907,3,sigma_1p0__kernel_9__order_2,1.0,9,2,10497,0.050000000000000044,0.08941388130187988,0.000320754770655185,0.0015358374221250415,0.9197421913942174,1,1,2,0.0,4 6
2908,3,sigma_1p0__kernel_9__order_2,1.0,9,2,10500,0.050000000000000044,0.14571017026901245,0.00034756263873229426,0.000565270078368485,0.9617493440896521,2,2,3,0.0,5 3 6
2909,3,sigma_1p0__kernel_9__order_2,1.0,9,2,10503,0.050000000000000044,0.16670595109462738,0.0004184348217677325,0.0005150713259354234,0.9424414601748395,2,2,3,0.0,5 3 6
2910,3,sigma_1p0__kernel_9__order_2,1.0,9,2,10506,0.050000000000000044,0.0692678764462471,0.00034773671844353277,0.0006569871911779046,0.9474752098676282,2,2,3,0.0,3 5 6
2911,3,sigma_1p0__kernel_9__order_2,1.0,9,2,10510,0.050000000000000044,0.43311983346939087,0.0003759541650651954,0.00047925321268849075,0.9483131717770902,3,3,4,0.0,3 5 4 6
2912,3,sigma_1p0__kernel_9__order_2,1.0,9,2,10514,0.050000000000000044,0.6114770770072937,0.0003302817785879597,0.00013926590327173471,0.9833388140560189,3,3,4,0.0,3 5 4 6
2913,3,sigma_1p0__kernel_9__order_2,1.0,9,2,10519,0.050000000000000044,0.6435295343399048,0.0002952771174022928,0.00010259622649755329,0.9913052334655054,4,4,5,0.0,4 2 5 3 6
2914,3,sigma_1p0__kernel_9__order_2,1.0,9,2,10522,0.050000000000000044,0.1506832242012024,0.0003105370366635422,0.0008174586109817028,0.9402529282958272,2,2,3,0.0,3 5 6
2915,3,sigma_1p0__kernel_9__order_2,1.0,9,2,10527,0.050000000000000044,0.6069170832633972,0.00033896170498337597,0.0002913416246883571,0.978467700810268,4,4,5,0.0,4 2 5 3 6
2916,3,sigma_1p0__kernel_9__order_2,1.0,9,2,10531,0.050000000000000044,0.5006925463676453,0.00033285567042184994,0.00017175794346258044,0.9811322692954441,3,3,4,0.0,3 5 4 6
2917,3,sigma_1p0__kernel_9__order_2,1.0,9,2,10535,0.050000000000000044,0.5208901762962341,0.00032076234492706135,0.00028643847326748073,0.9824312456155929,3,3,4,0.0,4 3 5 6
2918,3,sigma_1p0__kernel_9__order_2,1.0,9,2,10540,0.050000000000000044,0.6046932935714722,0.0003133512131171301,0.00022461751359514892,0.9793347819806846,4,4,5,0.0,4 2 5 3 6
2919,3,sigma_1p0__kernel_9__order_2,1.0,9,2,10544,0.050000000000000044,0.2447340339422226,0.00028968119659111835,0.0005987586337141693,0.9625195515354238,3,3,4,0.0,3 5 4 6
2920,3,sigma_1p0__kernel_9__order_2,1.0,9,2,10548,0.050000000000000044,0.5071699619293213,0.00028920824843226,0.00011563707084860653,0.9869697132944069,3,3,4,0.0,3 5 4 6
2921,3,sigma_1p0__kernel_9__order_2,1.0,9,2,10552,0.050000000000000044,0.5006925463676453,0.00035665241739479825,0.00017175794346258044,0.9811322692954441,3,3,4,0.0,3 5 4 6
2922,3,sigma_1p0__kernel_9__order_2,1.0,9,2,10554,0.050000000000000044,0.08941388130187988,0.00028359667339827865,0.0015358374221250415,0.9197421913942174,1,1,2,0.0,4 6
2923,3,sigma_1p0__kernel_9__order_2,1.0,9,2,10555,0.050000000000000044,0.0,0.0003014594840351492,0.0015476560220122337,0.8544009318940705,0,0,1,0.0,6
2924,3,sigma_1p0__kernel_9__order_2,1.0,9,2,10557,0.050000000000000044,0.07726895809173584,0.00036719004856422544,0.00043727908632718027,0.930795111674616,1,1,2,0.0,4 6
2925,3,sigma_1p0__kernel_9__order_2,1.0,9,2,10562,0.050000000000000044,0.5877507328987122,0.0002459583629388362,0.00028907760861329734,0.9786078447252334,5,5,6,0.0,1 3 4 5 2
2926,3,sigma_1p0__kernel_9__order_2,1.0,9,2,10564,0.050000000000000044,0.06146128103137016,0.00045151132508181036,0.0016273808432742953,0.8905241181553474,1,1,2,0.0,3 6
2927,3,sigma_1p0__kernel_9__order_2,1.0,9,2,10566,0.050000000000000044,0.07726895809173584,0.00035971195029560477,0.00043727908632718027,0.930795111674616,1,1,2,0.0,4 6
2928,3,sigma_1p0__kernel_9__order_2,1.0,9,2,10570,0.050000000000000044,0.5208901762962341,0.0003145455921185203,0.00028643847326748073,0.9824312456155929,3,3,4,0.0,4 3 5 6
2929,3,sigma_1p0__kernel_9__order_2,1.0,9,2,10575,0.050000000000000044,0.20204561948776245,0.0003002369776368141,0.00026787116075865924,0.9731621545751653,4,4,5,0.0,4 3 1 5 6
2930,3,sigma_1p0__kernel_9__order_2,1.0,9,2,10579,0.050000000000000044,0.2447340488433838,0.0003288578081992455,0.0005987586337141693,0.9625195515354238,3,3,4,0.0,4 3 5 6
2931,3,sigma_1p0__kernel_9__order_2,1.0,9,2,10581,0.050000000000000044,0.09576810151338577,0.0005637153517454863,0.0003033298416994512,0.95530721747209,1,1,2,0.0,4 6
2932,3,sigma_1p0__kernel_9__order_2,1.0,9,2,10586,0.050000000000000044,0.6046932935714722,0.00028449147357605397,0.00022461751359514892,0.9793347819806846,4,4,5,0.0,4 2 5 3 6
2933,3,sigma_1p0__kernel_9__order_2,1.0,9,2,10590,0.050000000000000044,0.5734812617301941,0.00028891007968923077,0.00033009552862495184,0.9623021453477256,3,3,4,0.0,3 5 4 6
2934,3,sigma_1p0__kernel_9__order_2,1.0,9,2,10594,0.050000000000000044,0.45421576499938965,0.0002707443381950725,0.0002658700686879456,0.9685054444104397,3,3,4,0.0,3 5 4 6
2935,3,sigma_1p0__kernel_9__order_2,1.0,9,2,10598,0.050000000000000044,0.2447340339422226,0.0003484764602035284,0.0005987586337141693,0.9625195515354238,3,3,4,0.0,3 5 4 6
2936,3,sigma_1p0__kernel_9__order_2,1.0,9,2,10600,0.050000000000000044,0.08941388130187988,0.0002582586821517907,0.0015358374221250415,0.9197421913942174,1,1,2,0.0,4 6
2937,3,sigma_1p0__kernel_9__order_2,1.0,9,2,10605,0.050000000000000044,0.47984904050827026,0.00032788831740617754,0.000276587757980451,0.9795012027025223,4,4,5,0.0,4 2 5 3 6
2938,3,sigma_1p0__kernel_9__order_2,1.0,9,2,10609,0.050000000000000044,0.6114770174026489,0.00028448183002183214,0.00013926590327173471,0.9833388140560189,3,3,4,0.0,4 5 3 6
2939,3,sigma_1p0__kernel_9__order_2,1.0,9,2,10613,0.050000000000000044,0.5734812617301941,0.0003355396038386971,0.00033009552862495184,0.9623021453477256,3,3,4,0.0,4 5 3 6
2940,3,sigma_1p0__kernel_9__order_2,1.0,9,2,10615,0.050000000000000044,0.07131662219762802,0.00036507906042970717,0.0008881487883627415,0.9203812204097596,1,1,2,0.0,4 6
2941,3,sigma_1p0__kernel_9__order_2,1.0,9,2,10619,0.050000000000000044,0.24948528409004211,0.00023693801631452516,0.0003499265876598656,0.9686965808254643,3,3,4,0.0,4 3 5 6
2942,3,sigma_1p0__kernel_9__order_2,1.0,9,2,10621,0.050000000000000044,0.08126659691333771,0.00030517774575855583,0.0003977040178142488,0.9477260804488175,1,1,2,0.0,4 6
2943,3,sigma_1p0__kernel_9__order_2,1.0,9,2,10625,0.050000000000000044,0.5734812617301941,0.00026216470359941013,0.00033009552862495184,0.9623021453477256,3,3,4,0.0,3 5 4 6
2944,3,sigma_1p0__kernel_9__order_2,1.0,9,2,10629,0.050000000000000044,0.2395416498184204,0.00028304776060394943,0.00046948809176683426,0.9537005855587801,3,3,4,0.0,4 3 5 6
2945,3,sigma_1p0__kernel_9__order_2,1.0,9,2,10632,0.050000000000000044,0.06653746217489243,0.0002282061759615317,0.000581010477617383,0.9571687054690793,2,2,3,0.0,3 5 6
2946,3,sigma_1p0__kernel_9__order_2,1.0,9,2,10636,0.050000000000000044,0.24948528409004211,0.00025937943792087026,0.0003499265876598656,0.9686965808254643,3,3,4,0.0,4 3 5 6
2947,3,sigma_1p0__kernel_9__order_2,1.0,9,2,10640,0.050000000000000044,0.28650835156440735,0.0003109450262854807,0.0002764974778983742,0.9829256227871184,3,3,4,0.0,4 3 5 6
2948,3,sigma_1p0__kernel_9__order_2,1.0,9,2,10642,0.050000000000000044,0.08126659691333771,0.0003112031117780134,0.0003977040178142488,0.9477260804488175,1,1,2,0.0,4 6
2949,3,sigma_1p0__kernel_9__order_2,1.0,9,2,10646,0.050000000000000044,0.43311983346939087,0.00026322669873479754,0.00047925321268849075,0.9483131717770902,3,3,4,0.0,5 3 4 6
2950,3,sigma_1p0__kernel_9__order_2,1.0,9,2,10649,0.050000000000000044,0.137592613697052,0.0003257230273447931,0.0008260032045654953,0.9129568341583474,2,2,3,0.0,3 5 6
2951,3,sigma_1p0__kernel_9__order_2,1.0,9,2,10653,0.050000000000000044,0.45929238200187683,0.0002639161320985295,0.0006882387679070234,0.9495375515022686,3,3,4,0.0,3 5 4 6
2952,3,sigma_1p0__kernel_9__order_2,1.0,9,2,10656,0.050000000000000044,0.16670595109462738,0.00021481367487770817,0.0005150713259354234,0.9424414601748395,2,2,3,0.0,3 5 6
2953,3,sigma_1p0__kernel_9__order_2,1.0,9,2,10660,0.050000000000000044,0.125877246260643,0.0003758227758225985,0.0004502757510636002,0.9575773105113884,3,3,4,0.0,3 4 5 6
2954,3,sigma_1p0__kernel_9__order_2,1.0,9,2,10663,0.050000000000000044,0.174459308385849,0.000225208515378957,0.0003397577675059438,0.9633346566759874,2,2,3,0.0,3 5 6
2955,3,sigma_1p0__kernel_9__order_2,1.0,9,2,10667,0.050000000000000044,0.25167810916900635,0.000270927634119289,0.0002688246313482523,0.9730571657596389,3,3,4,0.0,4 5 3 6
2956,3,sigma_1p0__kernel_9__order_2,1.0,9,2,10671,0.050000000000000044,0.6570553779602051,0.0002301197782799136,0.00011739555338863283,0.9893193590265392,3,3,4,0.0,3 5 4 6
2957,3,sigma_1p0__kernel_9__order_2,1.0,9,2,10676,0.050000000000000044,0.6435295343399048,0.00035523963160812857,0.00010259622649755329,0.9913052334655054,4,4,5,0.0,2 4 5 3 6
2958,3,sigma_1p0__kernel_9__order_2,1.0,9,2,10679,0.050000000000000044,0.16670595109462738,0.0002492237399565056,0.0005150713259354234,0.9424414601748395,2,2,3,0.0,3 5 6
2959,3,sigma_1p0__kernel_9__order_2,1.0,9,2,10683,0.050000000000000044,0.24948528409004211,0.00026251596864312887,0.0003499265876598656,0.9686965808254643,3,3,4,0.0,4 3 5 6
2960,3,sigma_1p0__kernel_9__order_2,1.0,9,2,10686,0.050000000000000044,0.14683887362480164,0.0003605925109392653,0.0008435813942924142,0.9386159586282746,2,2,3,0.0,3 4 6
2961,3,sigma_1p0__kernel_9__order_2,1.0,9,2,10688,0.050000000000000044,0.10135974735021591,0.00036214233841747046,0.0007019987679086626,0.9483417614355382,1,1,2,0.0,4 6
2962,3,sigma_1p0__kernel_9__order_2,1.0,9,2,10693,0.050000000000000044,0.47984904050827026,0.0002409486594842747,0.000276587757980451,0.9795012027025223,4,4,5,0.0,4 2 5 3 6
2963,3,sigma_1p0__kernel_9__order_2,1.0,9,2,10697,0.050000000000000044,0.27070727944374084,0.00021894544261158444,0.00016201628022827208,0.9809971033605469,3,3,4,0.0,5 3 4 6
2964,3,sigma_1p0__kernel_9__order_2,1.0,9,2,10702,0.050000000000000044,0.6129100322723389,0.0003074744250625372,0.00025139222270809114,0.9801201290062294,4,4,5,0.0,1 3 4 5 6
2965,3,sigma_1p0__kernel_9__order_2,1.0,9,2,10704,0.050000000000000044,0.09576810151338577,0.0002985167666338384,0.0003033298416994512,0.95530721747209,1,1,2,0.0,4 6
2966,3,sigma_1p0__kernel_9__order_2,1.0,9,2,10708,0.050000000000000044,0.43311983346939087,0.00031669007148593664,0.00047925321268849075,0.9483131717770902,3,3,4,0.0,3 5 4 6
2967,3,sigma_1p0__kernel_9__order_2,1.0,9,2,10712,0.050000000000000044,0.253742516040802,0.00025651862961240113,0.0003305163118056953,0.9657473915503509,3,3,4,0.0,4 3 5 6
2968,3,sigma_1p0__kernel_9__order_2,1.0,9,2,10717,0.050000000000000044,0.23753073811531067,0.000257403205614537,0.00027185611543245614,0.9831901318465629,4,4,5,0.0,4 3 5 2 6
2969,3,sigma_1p0__kernel_9__order_2,1.0,9,2,10722,0.050000000000000044,0.6069180965423584,0.00019124783430015668,0.0002915810910053551,0.9785065628083226,4,4,5,0.0,1 3 4 5 6
2970,3,sigma_1p0__kernel_9__order_2,1.0,9,2,10726,0.050000000000000044,0.43311983346939087,0.0002477601192367729,0.00047925321268849075,0.9483131717770902,3,3,4,0.0,5 3 4 6
2971,3,sigma_1p0__kernel_9__order_2,1.0,9,2,10729,0.050000000000000044,0.1506832242012024,0.00027869764987068873,0.0008174586109817028,0.9402529282958272,2,2,3,0.0,3 5 6
2972,3,sigma_1p0__kernel_9__order_2,1.0,9,2,10733,0.050000000000000044,0.24948528409004211,0.0002809019133565016,0.0003499265876598656,0.9686965808254643,3,3,4,0.0,4 3 5 6
2973,3,sigma_1p0__kernel_9__order_2,1.0,9,2,10737,0.050000000000000044,0.45421576499938965,0.00042470291737117805,0.0002658700686879456,0.9685054444104397,3,3,4,0.0,3 5 4 6
2974,3,sigma_1p0__kernel_9__order_2,1.0,9,2,10741,0.050000000000000044,0.5071699619293213,0.00027576495267567225,0.00011563707084860653,0.9869697132944069,3,3,4,0.0,5 3 4 6
2975,3,sigma_1p0__kernel_9__order_2,1.0,9,2,10744,0.050000000000000044,0.14571017026901245,0.00030062784207984805,0.000565270078368485,0.9617493440896521,2,2,3,0.0,3 5 6
2976,3,sigma_1p0__kernel_9__order_2,1.0,9,2,10747,0.050000000000000044,0.1506832242012024,0.00029591300214330357,0.0008174586109817028,0.9402529282958272,2,2,3,0.0,3 5 6
2977,3,sigma_1p0__kernel_9__order_2,1.0,9,2,10750,0.050000000000000044,0.1506832242012024,0.00034004676854237914,0.0008174586109817028,0.9402529282958272,2,2,3,0.0,3 5 6
2978,3,sigma_1p0__kernel_9__order_2,1.0,9,2,10752,0.050000000000000044,0.10135974735021591,0.0002540074347052723,0.0007019987679086626,0.9483417614355382,1,1,2,0.0,4 6
2979,3,sigma_1p0__kernel_9__order_2,1.0,9,2,10755,0.050000000000000044,0.16670595109462738,0.0002751414867816493,0.0005150713259354234,0.9424414601748395,2,2,3,0.0,5 3 6
2980,3,sigma_1p0__kernel_9__order_2,1.0,9,2,10760,0.050000000000000044,0.6435295343399048,0.00032601140264887363,0.00010259622649755329,0.9913052334655054,4,4,5,0.0,2 5 3 4 6
2981,3,sigma_1p0__kernel_9__order_2,1.0,9,2,10764,0.050000000000000044,0.27070730924606323,0.00022459171668742783,0.00016201628022827208,0.9809971033605469,3,3,4,0.0,4 3 5 6
2982,3,sigma_1p0__kernel_9__order_2,1.0,9,2,10767,0.050000000000000044,0.11462096124887466,0.00035409369350721437,0.0012170630507171154,0.8954479144742175,2,2,3,0.0,4 3 6
2983,3,sigma_1p0__kernel_9__order_2,1.0,9,2,10769,0.050000000000000044,0.10135974735021591,0.000319796527037397,0.0007019987679086626,0.9483417614355382,1,1,2,0.0,4 6
2984,3,sigma_1p0__kernel_9__order_2,1.0,9,2,10771,0.050000000000000044,0.07726895809173584,0.00039610767271369696,0.00043727908632718027,0.930795111674616,1,1,2,0.0,4 6
2985,3,sigma_1p0__kernel_9__order_2,1.0,9,2,10775,0.050000000000000044,0.5074523687362671,0.00024424504226772115,0.00028734508669003844,0.9792653489835764,3,3,4,0.0,4 3 5 6
2986,3,sigma_1p0__kernel_9__order_2,1.0,9,2,10780,0.050000000000000044,0.6435295343399048,0.00027420872065704317,0.00010259622649755329,0.9913052334655054,4,4,5,0.0,2 5 4 3 6
2987,3,sigma_1p0__kernel_9__order_2,1.0,9,2,10784,0.050000000000000044,0.2395416498184204,0.00029917905703769065,0.00046948809176683426,0.9537005855587801,3,3,4,0.0,4 3 5 6
2988,3,sigma_1p0__kernel_9__order_2,1.0,9,2,10788,0.050000000000000044,0.2447340488433838,0.0003045338635274675,0.0005987586337141693,0.9625195515354238,3,3,4,0.0,4 3 5 6
2989,3,sigma_1p0__kernel_9__order_2,1.0,9,2,10792,0.050000000000000044,0.5208901762962341,0.0003125577059108764,0.00028643847326748073,0.9824312456155929,3,3,4,0.0,4 3 5 6
2990,3,sigma_1p0__kernel_9__order_2,1.0,9,2,10794,0.050000000000000044,0.07726895809173584,0.00022273276408668607,0.00043727908632718027,0.930795111674616,1,1,2,0.0,4 6
2991,3,sigma_1p0__kernel_9__order_2,1.0,9,2,10796,0.050000000000000044,0.08291575312614441,0.00026484718546271324,0.0010219656396657228,0.9112541051791908,1,1,2,0.0,2 6
2992,3,sigma_1p0__kernel_9__order_2,1.0,9,2,10799,0.050000000000000044,0.1506832093000412,0.00027318969174909097,0.0008174586109817028,0.9402529282958272,2,2,3,0.0,5 3 6
2993,3,sigma_1p0__kernel_9__order_2,1.0,9,2,10803,0.050000000000000044,0.41477465629577637,0.00036333518073661253,0.0005729258991777897,0.9485109874205697,3,3,4,0.0,5 3 4 6
2994,3,sigma_1p0__kernel_9__order_2,1.0,9,2,10807,0.050000000000000044,0.5071699619293213,0.0003134838116238825,0.00011563707084860653,0.9869697132944069,3,3,4,0.0,3 5 4 6
2995,3,sigma_1p0__kernel_9__order_2,1.0,9,2,10811,0.050000000000000044,0.43311983346939087,0.00034531943674664944,0.00047925321268849075,0.9483131717770902,3,3,4,0.0,3 5 4 6
2996,3,sigma_1p0__kernel_9__order_2,1.0,9,2,10812,0.050000000000000044,0.0,0.0001965664268936962,0.002130668144673109,0.8688772391266545,0,0,1,0.0,6
2997,3,sigma_1p0__kernel_9__order_2,1.0,9,2,10814,0.050000000000000044,0.06959661841392517,0.0002699118122109212,0.001075812499038875,0.9304968564284968,1,1,2,0.0,2 6
2998,3,sigma_1p0__kernel_9__order_2,1.0,9,2,10817,0.050000000000000044,0.49281835556030273,0.0003068262934296702,0.0006467477069236338,0.9534898369653897,2,2,3,0.0,1 3 6
2999,3,sigma_1p0__kernel_9__order_2,1.0,9,2,10819,0.050000000000000044,0.09576810151338577,0.0003646363620646298,0.0003033298416994512,0.95530721747209,1,1,2,0.0,4 6
3000,3,sigma_1p0__kernel_9__order_2,1.0,9,2,10823,0.050000000000000044,0.27070730924606323,0.0002694288887141738,0.00016201628022827208,0.9809971033605469,3,3,4,0.0,4 3 5 6
