episode,seed,hermite_config,sigma,kernel_size,max_order,global_step,epsilon,scalar_return,loss,mse,ssim,k,paid_k,total_k,cost,actions
1,0,sigma_1p0__kernel_9__order_2,1.0,9,2,4,0.9987333333333334,-0.0001329854130744934,,0.0002642323961481452,0.9651663573757788,3,3,4,0.0,4 2 1 6
2,0,sigma_1p0__kernel_9__order_2,1.0,9,2,5,0.9984166666666666,0.0,,0.0012056378182023764,0.8928408563695184,0,0,1,0.0,6
3,0,sigma_1p0__kernel_9__order_2,1.0,9,2,8,0.9974666666666666,0.21495062112808228,,0.000541932531632483,0.9571051071890753,2,2,3,0.0,5 2 6
4,0,sigma_1p0__kernel_9__order_2,1.0,9,2,12,0.9962,0.4253155291080475,,0.0004266452742740512,0.9677696075294872,3,3,4,0.0,4 1 2 6
5,0,sigma_1p0__kernel_9__order_2,1.0,9,2,16,0.9949333333333333,0.44318848848342896,,0.00030318705830723047,0.966498975202388,3,3,4,0.0,3 4 1 6
6,0,sigma_1p0__kernel_9__order_2,1.0,9,2,20,0.9936666666666667,0.42490386962890625,,0.0006465254118666053,0.9402043012709453,3,3,4,0.0,5 4 2 6
7,0,sigma_1p0__kernel_9__order_2,1.0,9,2,22,0.9930333333333333,0.31338638067245483,,0.000835648097563535,0.8955527381366839,1,1,2,0.0,4 6
8,0,sigma_1p0__kernel_9__order_2,1.0,9,2,27,0.99145,0.47850680351257324,,0.0004129802982788533,0.9556207623018238,4,4,5,0.0,1 3 4 2 6
9,0,sigma_1p0__kernel_9__order_2,1.0,9,2,30,0.9905,0.378616064786911,,0.0003682529495563358,0.9565913310622205,2,2,3,0.0,2 3 6
10,0,sigma_1p0__kernel_9__order_2,1.0,9,2,35,0.9889166666666667,-0.009546458721160889,,0.00010259622649755329,0.9913052334655054,4,4,5,0.0,3 5 4 2 6
11,0,sigma_1p0__kernel_9__order_2,1.0,9,2,38,0.9879666666666667,0.133186936378479,,0.00040230699232779443,0.95709592752451,2,2,3,0.0,1 2 6
12,0,sigma_1p0__kernel_9__order_2,1.0,9,2,42,0.9867,-0.01251976191997528,,0.000641210819594562,0.9370065891537173,3,3,4,0.0,3 5 1 6
13,0,sigma_1p0__kernel_9__order_2,1.0,9,2,44,0.9860666666666666,0.16890588402748108,,0.0009054227266460657,0.940409101652121,1,1,2,0.0,1 6
14,0,sigma_1p0__kernel_9__order_2,1.0,9,2,48,0.9848,0.11640073359012604,,0.0005311418790370226,0.9606085801486027,3,3,4,0.0,5 1 3 6
15,0,sigma_1p0__kernel_9__order_2,1.0,9,2,49,0.9844833333333334,0.0,,0.002031223848462105,0.8132610107804167,0,0,1,0.0,6
16,0,sigma_1p0__kernel_9__order_2,1.0,9,2,53,0.9832166666666666,0.06791109591722488,,0.0007634320063516498,0.9429564261797917,3,3,4,0.0,2 4 3 6
17,0,sigma_1p0__kernel_9__order_2,1.0,9,2,54,0.9829,0.0,,0.0012056378182023764,0.8928408563695184,0,0,1,0.0,6
18,0,sigma_1p0__kernel_9__order_2,1.0,9,2,57,0.98195,0.24742788076400757,,0.0002860176027752459,0.9641313101569198,2,2,3,0.0,5 2 6
19,0,sigma_1p0__kernel_9__order_2,1.0,9,2,61,0.9806833333333334,0.18412454426288605,,0.000527944415807724,0.9602414765234651,3,3,4,0.0,5 4 1 6
20,0,sigma_1p0__kernel_9__order_2,1.0,9,2,62,0.9803666666666667,0.0,,0.0021252217702567577,0.8223969706984217,0,0,1,0.0,6
21,0,sigma_1p0__kernel_9__order_2,1.0,9,2,64,0.9797333333333333,0.2555762529373169,,0.0009973973501473665,0.9042869721772979,1,1,2,0.0,1 6
22,0,sigma_1p0__kernel_9__order_2,1.0,9,2,68,0.9784666666666667,0.029664814472198486,,0.0002228680532425642,0.9832124059818305,3,3,4,0.0,3 1 4 6
23,0,sigma_1p0__kernel_9__order_2,1.0,9,2,69,0.97815,0.0,,0.0016372115351259708,0.8761107215434135,0,0,1,0.0,6
24,0,sigma_1p0__kernel_9__order_2,1.0,9,2,73,0.9768833333333333,0.5827685594558716,,0.00026917693321593106,0.9711808926745913,3,3,4,0.0,5 3 4 6
25,0,sigma_1p0__kernel_9__order_2,1.0,9,2,78,0.9753000000000001,0.33238184452056885,,0.00042701285565271974,0.9505246868456728,4,4,5,0.0,1 4 2 3 6
26,0,sigma_1p0__kernel_9__order_2,1.0,9,2,83,0.9737166666666667,-0.09515757858753204,,0.0001376520813209936,0.9834099957336285,5,5,6,0.0,2 1 5 4 3
27,0,sigma_1p0__kernel_9__order_2,1.0,9,2,86,0.9727666666666667,0.2172512710094452,,0.000610541901551187,0.9580463067175518,2,2,3,0.0,4 2 6
28,0,sigma_1p0__kernel_9__order_2,1.0,9,2,89,0.9718166666666667,0.3314863443374634,,0.0008614544058218598,0.9141885489491164,2,2,3,0.0,5 2 6
29,0,sigma_1p0__kernel_9__order_2,1.0,9,2,93,0.97055,0.12714655697345734,,0.0006559058092534542,0.9553239955948876,3,3,4,0.0,5 3 2 6
30,0,sigma_1p0__kernel_9__order_2,1.0,9,2,94,0.9702333333333333,0.0,,0.0019429026870056987,0.8447839053841607,0,0,1,0.0,6
31,0,sigma_1p0__kernel_9__order_2,1.0,9,2,97,0.9692833333333334,0.02178281545639038,,0.00083103560609743,0.9375276227750761,2,2,3,0.0,2 4 6
32,0,sigma_1p0__kernel_9__order_2,1.0,9,2,100,0.9683333333333334,0.49514806270599365,,0.00026132038328796625,0.971276197223686,2,2,3,0.0,3 4 6
33,0,sigma_1p0__kernel_9__order_2,1.0,9,2,105,0.96675,0.42244577407836914,,0.0005309764528647065,0.9327965038568313,4,4,5,0.0,1 2 4 5 6
34,0,sigma_1p0__kernel_9__order_2,1.0,9,2,106,0.9664333333333334,0.0,,0.0007940625073388219,0.8700849804207771,0,0,1,0.0,6
35,0,sigma_1p0__kernel_9__order_2,1.0,9,2,111,0.96485,0.5435150861740112,,0.00026785070076584816,0.9713053481296751,5,5,6,0.0,3 1 4 5 2
36,0,sigma_1p0__kernel_9__order_2,1.0,9,2,112,0.9645333333333334,0.0,,0.0011536136735230684,0.9010127445552211,0,0,1,0.0,6
37,0,sigma_1p0__kernel_9__order_2,1.0,9,2,116,0.9632666666666667,0.3840443789958954,,0.0006316049257293344,0.9184802806937312,3,3,4,0.0,2 1 5 6
38,0,sigma_1p0__kernel_9__order_2,1.0,9,2,120,0.962,0.35362404584884644,,0.000597373815253377,0.9388680807121018,3,3,4,0.0,1 2 4 6
39,0,sigma_1p0__kernel_9__order_2,1.0,9,2,121,0.9616833333333333,0.0,,0.0015070094959810376,0.8746289871278685,0,0,1,0.0,6
40,0,sigma_1p0__kernel_9__order_2,1.0,9,2,125,0.9604166666666667,0.19984114170074463,,0.0005110797937959433,0.9460258602245526,3,3,4,0.0,5 3 1 6
41,0,sigma_1p0__kernel_9__order_2,1.0,9,2,129,0.95915,0.2038663774728775,0.022426030598580837,0.000495326123200357,0.947226662839919,3,3,4,0.0,2 4 5 6
42,0,sigma_1p0__kernel_9__order_2,1.0,9,2,132,0.9582,0.4057651162147522,0.018654198075334232,0.0007135416381061077,0.9294198301934176,2,2,3,0.0,4 3 6
43,0,sigma_1p0__kernel_9__order_2,1.0,9,2,135,0.95725,0.47593677043914795,0.012090441770851612,0.00047976087080314755,0.9462537004852691,2,2,3,0.0,4 5 6
44,0,sigma_1p0__kernel_9__order_2,1.0,9,2,140,0.9556666666666667,0.555174708366394,0.006690241023898124,0.00044878676999360323,0.9659557233738417,5,5,6,0.0,5 1 4 3 2
45,0,sigma_1p0__kernel_9__order_2,1.0,9,2,145,0.9540833333333334,0.5435150861740112,0.005605037417262792,0.00026785070076584816,0.9713053481296751,5,5,6,0.0,4 3 5 2 1
46,0,sigma_1p0__kernel_9__order_2,1.0,9,2,149,0.9528166666666666,0.10957127809524536,0.005197653663344681,0.0004421971389092505,0.9650567721987451,3,3,4,0.0,1 3 4 6
47,0,sigma_1p0__kernel_9__order_2,1.0,9,2,150,0.9525,0.0,0.004050840623676777,0.0011536136735230684,0.9010127445552211,0,0,1,0.0,6
48,0,sigma_1p0__kernel_9__order_2,1.0,9,2,153,0.95155,0.133186936378479,0.003653326847900947,0.00040230699232779443,0.95709592752451,2,2,3,0.0,1 2 6
49,0,sigma_1p0__kernel_9__order_2,1.0,9,2,157,0.9502833333333334,0.4273219108581543,0.002984871156513691,0.0004148129664827138,0.96751252140996,3,3,4,0.0,3 2 4 6
50,0,sigma_1p0__kernel_9__order_2,1.0,9,2,161,0.9490166666666666,0.11284056305885315,0.002943527768366039,0.0005755031015723944,0.961151155825886,3,3,4,0.0,4 1 5 6
51,0,sigma_1p0__kernel_9__order_2,1.0,9,2,166,0.9474333333333333,0.050655797123909,0.002260936819948256,0.000355405529262498,0.9766140363481467,5,5,6,0.0,5 3 4 2 1
52,0,sigma_1p0__kernel_9__order_2,1.0,9,2,170,0.9461666666666667,0.45421576499938965,0.002239112014649436,0.0002658700686879456,0.9685054444104397,3,3,4,0.0,5 4 3 6
53,0,sigma_1p0__kernel_9__order_2,1.0,9,2,172,0.9455333333333333,0.14025714993476868,0.001846834784373641,0.0018857376417145133,0.8483197841523094,1,1,2,0.0,5 6
54,0,sigma_1p0__kernel_9__order_2,1.0,9,2,175,0.9445833333333333,0.014068253338336945,0.001834732402736942,0.0007290833164006472,0.9344474175295988,2,2,3,0.0,1 4 6
55,0,sigma_1p0__kernel_9__order_2,1.0,9,2,180,0.9430000000000001,-0.07886949181556702,0.001492481678724289,0.00010020502668339759,0.991501499813462,5,5,6,0.0,5 4 2 3 1
56,0,sigma_1p0__kernel_9__order_2,1.0,9,2,184,0.9417333333333333,0.0015183240175247192,0.0011619910219451413,0.0003998184984084219,0.9564773859755179,3,3,4,0.0,4 1 3 6
57,0,sigma_1p0__kernel_9__order_2,1.0,9,2,189,0.94015,0.42462193965911865,0.0012314507737755775,0.0002650593232829124,0.968571965036721,4,4,5,0.0,3 5 4 1 6
58,0,sigma_1p0__kernel_9__order_2,1.0,9,2,193,0.9388833333333333,0.16481977701187134,0.00111104451934807,0.0002559213316999376,0.9799899954114034,3,3,4,0.0,5 3 4 6
59,0,sigma_1p0__kernel_9__order_2,1.0,9,2,198,0.9373,-0.06360649317502975,0.0010521926102228462,0.000572658609598875,0.9485629933767739,4,4,5,0.0,1 5 4 3 6
60,0,sigma_1p0__kernel_9__order_2,1.0,9,2,203,0.9357166666666666,0.06753630936145782,0.0011267082998529076,0.00035335123538970947,0.9694621000221878,4,4,5,0.0,1 5 3 2 6
61,0,sigma_1p0__kernel_9__order_2,1.0,9,2,205,0.9350833333333334,0.06885778158903122,0.0010243679862469435,0.0009730406454764307,0.927493339335805,1,1,2,0.0,4 6
62,0,sigma_1p0__kernel_9__order_2,1.0,9,2,208,0.9341333333333334,0.08826678991317749,0.0009309932356700301,0.0009285745909437537,0.9332974080913273,2,2,3,0.0,1 5 6
63,0,sigma_1p0__kernel_9__order_2,1.0,9,2,211,0.9331833333333334,0.132526233792305,0.0009425268702519437,0.0006626942194998264,0.9446237576099978,2,2,3,0.0,4 5 6
64,0,sigma_1p0__kernel_9__order_2,1.0,9,2,216,0.9316,0.3686700761318207,0.0009159977431409061,0.00035361768095754087,0.9563413180685497,4,4,5,0.0,2 5 3 1 6
65,0,sigma_1p0__kernel_9__order_2,1.0,9,2,217,0.9312833333333334,0.0,0.0008932022610679269,0.0018314453773200512,0.7879006373170014,0,0,1,0.0,6
66,0,sigma_1p0__kernel_9__order_2,1.0,9,2,218,0.9309666666666667,0.0,0.0008035829523578286,0.0017653151880949736,0.843665886736795,0,0,1,0.0,6
67,0,sigma_1p0__kernel_9__order_2,1.0,9,2,220,0.9303333333333333,0.20017266273498535,0.0008961597341112792,0.0006015819380991161,0.9371621870789034,1,1,2,0.0,4 6
68,0,sigma_1p0__kernel_9__order_2,1.0,9,2,225,0.92875,0.043833523988723755,0.0008271322585642338,0.0004917666665278375,0.9534416832517075,4,4,5,0.0,2 3 1 5 6
69,0,sigma_1p0__kernel_9__order_2,1.0,9,2,229,0.9274833333333333,-0.0068992748856544495,0.0008026329451240599,0.0004980077501386404,0.949553610134635,3,3,4,0.0,2 4 5 6
70,0,sigma_1p0__kernel_9__order_2,1.0,9,2,233,0.9262166666666667,0.2356327474117279,0.000834605423733592,0.0002194033149862662,0.9735425744697398,3,3,4,0.0,5 2 1 6
71,0,sigma_1p0__kernel_9__order_2,1.0,9,2,238,0.9246333333333333,0.42462190985679626,0.0007071741507388652,0.0002650593232829124,0.968571965036721,4,4,5,0.0,5 4 1 3 6
72,0,sigma_1p0__kernel_9__order_2,1.0,9,2,241,0.9236833333333333,0.41939011216163635,0.0007158298976719379,0.0004342467291280627,0.959194655597706,2,2,3,0.0,1 2 6
73,0,sigma_1p0__kernel_9__order_2,1.0,9,2,244,0.9227333333333334,0.18298253417015076,0.0006919179771405956,0.0007255175150930882,0.9204214594274865,2,2,3,0.0,1 4 6
74,0,sigma_1p0__kernel_9__order_2,1.0,9,2,245,0.9224166666666667,0.0,0.0005752983270213008,0.0015070094959810376,0.8746289871278685,0,0,1,0.0,6
75,0,sigma_1p0__kernel_9__order_2,1.0,9,2,247,0.9217833333333334,0.08828137814998627,0.0006467673520091921,0.0010684665758162737,0.8993923663384282,1,1,2,0.0,5 6
76,0,sigma_1p0__kernel_9__order_2,1.0,9,2,252,0.9202,-0.08269047737121582,0.0032814238220453262,0.0006456755218096077,0.9295716365083928,4,4,5,0.0,2 1 5 3 6
77,0,sigma_1p0__kernel_9__order_2,1.0,9,2,257,0.9186166666666666,0.5642457008361816,0.0026238353224471212,0.000310016970615834,0.9650295623771926,5,5,6,0.0,3 4 5 1 2
78,0,sigma_1p0__kernel_9__order_2,1.0,9,2,261,0.91735,0.007247328758239746,0.0027246251120232046,0.0005897474475204945,0.951303870956481,3,3,4,0.0,5 3 2 6
79,0,sigma_1p0__kernel_9__order_2,1.0,9,2,263,0.9167166666666666,0.13699577748775482,0.0013222002307884395,0.0007784960907883942,0.9428661114510756,1,1,2,0.0,1 6
80,0,sigma_1p0__kernel_9__order_2,1.0,9,2,265,0.9160833333333334,0.2544959783554077,0.001677971100434661,0.0005161717999726534,0.9203474802650538,1,1,2,0.0,5 6
81,0,sigma_1p0__kernel_9__order_2,1.0,9,2,269,0.9148166666666666,0.15966123342514038,0.0015182155766524374,0.0002310934942215681,0.9801104172054284,3,3,4,0.0,5 4 3 6
82,0,sigma_1p0__kernel_9__order_2,1.0,9,2,270,0.9145,0.0,0.0010211996268481016,0.0017319965409114957,0.8891542722049139,0,0,1,0.0,6
83,0,sigma_1p0__kernel_9__order_2,1.0,9,2,272,0.9138666666666666,0.26370906829833984,0.0010174269264098257,0.0009479798609390855,0.9298883305505964,1,1,2,0.0,1 6
84,0,sigma_1p0__kernel_9__order_2,1.0,9,2,275,0.9129166666666667,0.4077620804309845,0.0011183146464948852,0.00046406782348640263,0.9577729830099768,2,2,3,0.0,5 2 6
85,0,sigma_1p0__kernel_9__order_2,1.0,9,2,280,0.9113333333333333,0.043833523988723755,0.001029874652158469,0.0004917666665278375,0.9534416832517075,4,4,5,0.0,5 2 3 1 6
86,0,sigma_1p0__kernel_9__order_2,1.0,9,2,281,0.9110166666666667,0.0,0.0008296853629872203,0.0011481661349534988,0.8678097875875185,0,0,1,0.0,6
87,0,sigma_1p0__kernel_9__order_2,1.0,9,2,282,0.9107000000000001,0.0,0.0008980266284197569,0.0015879170969128609,0.8924703862823714,0,0,1,0.0,6
88,0,sigma_1p0__kernel_9__order_2,1.0,9,2,285,0.9097500000000001,0.32401394844055176,0.0008488735960175594,0.0009046600316651165,0.9372935018698185,2,2,3,0.0,3 2 6
89,0,sigma_1p0__kernel_9__order_2,1.0,9,2,289,0.9084833333333333,0.12049801647663116,0.0007728386699454859,0.0007914582965895534,0.9567301349889368,3,3,4,0.0,1 3 4 6
90,0,sigma_1p0__kernel_9__order_2,1.0,9,2,292,0.9075333333333333,0.3635513186454773,0.0006915784712570409,0.00047540137893520296,0.9445880163509696,2,2,3,0.0,4 3 6
91,0,sigma_1p0__kernel_9__order_2,1.0,9,2,296,0.9062666666666667,0.43344351649284363,0.0007256690587382764,0.0004920394858345389,0.9641359688694213,3,3,4,0.0,1 3 5 6
92,0,sigma_1p0__kernel_9__order_2,1.0,9,2,300,0.905,-0.013857059180736542,0.0007752843957860023,0.0006578094325959682,0.9293273545969964,3,3,4,0.0,5 4 2 6
93,0,sigma_1p0__kernel_9__order_2,1.0,9,2,305,0.9034166666666666,0.4836863577365875,0.0007786394795402885,0.00022795081895310432,0.9836518599360508,4,4,5,0.0,5 3 2 4 6
94,0,sigma_1p0__kernel_9__order_2,1.0,9,2,310,0.9018333333333334,0.39658990502357483,0.0007279152283445001,0.0004623690329026431,0.953826961881624,5,5,6,0.0,3 4 5 1 2
95,0,sigma_1p0__kernel_9__order_2,1.0,9,2,312,0.9012,0.07115249335765839,0.0005887227889616042,0.0011783256195485592,0.896155285814004,1,1,2,0.0,1 6
96,0,sigma_1p0__kernel_9__order_2,1.0,9,2,314,0.9005666666666666,0.16836291551589966,0.0007560870726592839,0.0009283022955060005,0.9382494058145496,1,1,2,0.0,4 6
97,0,sigma_1p0__kernel_9__order_2,1.0,9,2,319,0.8989833333333334,0.41234585642814636,0.0006799161550588906,0.0006324610440060496,0.9419210264359587,4,4,5,0.0,5 1 2 4 6
98,0,sigma_1p0__kernel_9__order_2,1.0,9,2,324,0.8974,0.4717111885547638,0.0006478694383986294,0.0004084963002242148,0.9487925082197087,5,5,6,0.0,4 2 1 5 3
99,0,sigma_1p0__kernel_9__order_2,1.0,9,2,329,0.8958166666666667,0.42420557141304016,0.0006814414635300636,0.00026576308300718665,0.9684869034147149,4,4,5,0.0,5 2 4 3 6
100,0,sigma_1p0__kernel_9__order_2,1.0,9,2,334,0.8942333333333333,-0.0372515469789505,0.0006772260647267103,0.00026926762075163424,0.9682317462425312,4,4,5,0.0,3 4 5 1 6
101,0,sigma_1p0__kernel_9__order_2,1.0,9,2,337,0.8932833333333333,0.1967402994632721,0.0005134288609648744,0.0006923765758983791,0.9270063836247119,2,2,3,0.0,2 4 6
102,0,sigma_1p0__kernel_9__order_2,1.0,9,2,341,0.8920166666666667,0.11659692227840424,0.0006943750340724364,0.0002816234191413969,0.9684781731060937,3,3,4,0.0,3 5 1 6
103,0,sigma_1p0__kernel_9__order_2,1.0,9,2,343,0.8913833333333333,0.24322420358657837,0.0006084647902753204,0.0007762591121718287,0.9143505001287823,1,1,2,0.0,3 6
104,0,sigma_1p0__kernel_9__order_2,1.0,9,2,347,0.8901166666666667,0.45535826683044434,0.00057299951731693,0.00046948809176683426,0.9537005855587801,3,3,4,0.0,3 4 5 6
105,0,sigma_1p0__kernel_9__order_2,1.0,9,2,352,0.8885333333333334,0.06338097155094147,0.0005761100910604,0.00027252317522652447,0.9715361044643609,4,4,5,0.0,5 1 4 2 6
106,0,sigma_1p0__kernel_9__order_2,1.0,9,2,357,0.88695,-0.05576308071613312,0.0005786086374428123,0.0004790611274074763,0.9483512943338129,4,4,5,0.0,2 4 5 3 6
107,0,sigma_1p0__kernel_9__order_2,1.0,9,2,362,0.8853666666666666,0.4717112183570862,0.0006321708904579281,0.0004084963002242148,0.9487925082197087,5,5,6,0.0,4 3 1 2 5
108,0,sigma_1p0__kernel_9__order_2,1.0,9,2,363,0.88505,0.0,0.0006279962253756821,0.001856160582974553,0.8008199268320795,0,0,1,0.0,6
109,0,sigma_1p0__kernel_9__order_2,1.0,9,2,368,0.8834666666666666,0.04167085886001587,0.000596316484734416,0.000223468552576378,0.9807782768140083,5,5,6,0.0,4 2 1 5 3
110,0,sigma_1p0__kernel_9__order_2,1.0,9,2,372,0.8822,0.45619407296180725,0.0005785931425634772,0.0003822278813458979,0.9659012573971618,3,3,4,0.0,5 2 4 6
111,0,sigma_1p0__kernel_9__order_2,1.0,9,2,377,0.8806166666666666,0.164119690656662,0.0004891251330263913,0.000258144544204697,0.9784430868737621,5,5,6,0.0,1 5 3 4 2
112,0,sigma_1p0__kernel_9__order_2,1.0,9,2,382,0.8790333333333333,0.5399646162986755,0.0005709649296477437,0.00040371244540438056,0.9671228918004404,4,4,5,0.0,2 4 3 5 6
113,0,sigma_1p0__kernel_9__order_2,1.0,9,2,384,0.8784,0.08585478365421295,0.0005734336737077683,0.0004186356964055449,0.9436479770400152,1,1,2,0.0,4 6
114,0,sigma_1p0__kernel_9__order_2,1.0,9,2,385,0.8780833333333333,0.0,0.0005415010964497924,0.003308313898742199,0.7732636727288578,0,0,1,0.0,6
115,0,sigma_1p0__kernel_9__order_2,1.0,9,2,390,0.8765000000000001,-0.12575902044773102,0.0005255374300759286,0.00047905812971293926,0.9483566799961854,5,5,6,0.0,1 4 2 5 3
116,0,sigma_1p0__kernel_9__order_2,1.0,9,2,394,0.8752333333333333,0.09827451407909393,0.0006532633560709655,0.0003418221022002399,0.9639796945271962,3,3,4,0.0,2 3 4 6
117,0,sigma_1p0__kernel_9__order_2,1.0,9,2,399,0.87365,0.01989591121673584,0.0005237925681285561,0.00034784965100698173,0.9687446950625863,5,5,6,0.0,3 5 2 1 4
118,0,sigma_1p0__kernel_9__order_2,1.0,9,2,404,0.8720666666666667,0.42582324147224426,0.0005327166232746095,0.00046869658399373293,0.9538842547733634,4,4,5,0.0,5 3 1 4 6
119,0,sigma_1p0__kernel_9__order_2,1.0,9,2,405,0.87175,0.0,0.0005973110091872513,0.003263943362981081,0.8303306931906627,0,0,1,0.0,6
120,0,sigma_1p0__kernel_9__order_2,1.0,9,2,406,0.8714333333333333,0.0,0.0005437377258203924,0.001856160582974553,0.8008199268320795,0,0,1,0.0,6
121,0,sigma_1p0__kernel_9__order_2,1.0,9,2,409,0.8704833333333333,0.19768989086151123,0.0005608529124098519,0.0006519197486341,0.9520212457239557,2,2,3,0.0,3 1 6
122,0,sigma_1p0__kernel_9__order_2,1.0,9,2,413,0.8692166666666667,0.2537424862384796,0.0005919400573475286,0.0003305163118056953,0.9657473915503509,3,3,4,0.0,3 5 4 6
123,0,sigma_1p0__kernel_9__order_2,1.0,9,2,414,0.8689,0.0,0.0003670156584121287,0.0015030436916276813,0.8656178130862369,0,0,1,0.0,6
124,0,sigma_1p0__kernel_9__order_2,1.0,9,2,416,0.8682666666666667,0.316841185092926,0.0005030928587075323,0.0004425017978064716,0.9460854963017418,1,1,2,0.0,5 6
125,0,sigma_1p0__kernel_9__order_2,1.0,9,2,420,0.867,0.010090194642543793,0.0005553942610276863,0.0005750933778472245,0.9534452539845397,3,3,4,0.0,3 1 4 6
126,0,sigma_1p0__kernel_9__order_2,1.0,9,2,425,0.8654166666666667,0.47171124815940857,0.0005220206454396248,0.0004084963002242148,0.9487925082197087,5,5,6,0.0,5 1 4 3 2
127,0,sigma_1p0__kernel_9__order_2,1.0,9,2,426,0.8651,0.0,0.00044179672840982676,0.0020724181085824966,0.849481851597816,0,0,1,0.0,6
128,0,sigma_1p0__kernel_9__order_2,1.0,9,2,428,0.8644666666666667,0.15218500792980194,0.0004831053229281679,0.0006951546529307961,0.9225613667178948,1,1,2,0.0,1 6
129,0,sigma_1p0__kernel_9__order_2,1.0,9,2,429,0.86415,0.0,0.0004507526755332947,0.0018314453773200512,0.7879006373170014,0,0,1,0.0,6
130,0,sigma_1p0__kernel_9__order_2,1.0,9,2,431,0.8635166666666667,0.2822667956352234,0.0004150395980104804,0.0009734080522321165,0.9143856523224063,1,1,2,0.0,4 6
131,0,sigma_1p0__kernel_9__order_2,1.0,9,2,432,0.8632,0.0,0.0006918481085449457,0.0017853517783805728,0.8057641484702668,0,0,1,0.0,6
132,0,sigma_1p0__kernel_9__order_2,1.0,9,2,434,0.8625666666666667,0.13593368232250214,0.0005676386354025453,0.0007858097087591887,0.9330547897235959,1,1,2,0.0,2 6
133,0,sigma_1p0__kernel_9__order_2,1.0,9,2,438,0.8613,-0.014869317412376404,0.00041366254299646243,0.0006586172385141253,0.9279895873295141,3,3,4,0.0,3 5 1 6
134,0,sigma_1p0__kernel_9__order_2,1.0,9,2,443,0.8597166666666667,0.5466404557228088,0.0005332974600605666,0.00016493862494826317,0.9796446033982686,4,4,5,0.0,5 3 2 1 6
135,0,sigma_1p0__kernel_9__order_2,1.0,9,2,447,0.85845,0.12049801647663116,0.000572452656342648,0.0007914582965895534,0.9567301349889368,3,3,4,0.0,3 4 1 6
136,0,sigma_1p0__kernel_9__order_2,1.0,9,2,451,0.8571833333333333,0.010090194642543793,0.0005916846130276099,0.0005750933778472245,0.9534452539845397,3,3,4,0.0,3 1 4 6
137,0,sigma_1p0__kernel_9__order_2,1.0,9,2,456,0.8556,0.48476219177246094,0.0005671875434927643,0.0004860204935539514,0.956205478781894,4,4,5,0.0,3 4 2 5 6
138,0,sigma_1p0__kernel_9__order_2,1.0,9,2,461,0.8540166666666666,0.4361605644226074,0.000521203048992902,0.00013534293975681067,0.9771839583316966,5,5,6,0.0,5 3 4 2 1
139,0,sigma_1p0__kernel_9__order_2,1.0,9,2,462,0.8537,0.0,0.0004482908407226205,0.0012056378182023764,0.8928408563695184,0,0,1,0.0,6
140,0,sigma_1p0__kernel_9__order_2,1.0,9,2,464,0.8530666666666666,0.3069170415401459,0.00039077538531273603,0.0014982803259044886,0.8942204397282476,1,1,2,0.0,2 6
141,0,sigma_1p0__kernel_9__order_2,1.0,9,2,469,0.8514833333333334,0.18392989039421082,0.0005731869605369866,0.00019453746790532023,0.9847555865714156,5,5,6,0.0,2 4 3 1 5
142,0,sigma_1p0__kernel_9__order_2,1.0,9,2,472,0.8505333333333334,0.13315606117248535,0.0005324345353680352,0.00041720413719303906,0.9584034609029183,2,2,3,0.0,5 4 6
143,0,sigma_1p0__kernel_9__order_2,1.0,9,2,477,0.84895,0.050655797123909,0.0006283152586547657,0.000355405529262498,0.9766140363481467,5,5,6,0.0,2 5 3 1 4
144,0,sigma_1p0__kernel_9__order_2,1.0,9,2,478,0.8486333333333334,0.0,0.0003686517011374235,0.0021252217702567577,0.8223969706984217,0,0,1,0.0,6
145,0,sigma_1p0__kernel_9__order_2,1.0,9,2,483,0.84705,0.15879014134407043,0.0005651601473800838,0.0004818716843146831,0.9493924068568295,4,4,5,0.0,1 2 3 5 6
146,0,sigma_1p0__kernel_9__order_2,1.0,9,2,484,0.8467333333333333,0.0,0.0005915060173720121,0.0022997516207396984,0.8291534932903883,0,0,1,0.0,6
147,0,sigma_1p0__kernel_9__order_2,1.0,9,2,487,0.8457833333333333,0.19168591499328613,0.0005528509015372644,0.0014936183579266071,0.9134361219197051,2,2,3,0.0,4 3 6
148,0,sigma_1p0__kernel_9__order_2,1.0,9,2,491,0.8445166666666667,-0.022235073149204254,0.0004601458931574598,0.000746669655200094,0.9289200627704579,3,3,4,0.0,5 2 3 6
149,0,sigma_1p0__kernel_9__order_2,1.0,9,2,492,0.8442000000000001,0.0,0.000868688803166151,0.0007771444506943226,0.9101375993274764,0,0,1,0.0,6
150,0,sigma_1p0__kernel_9__order_2,1.0,9,2,497,0.8426166666666667,0.16364026069641113,0.0004995155148208141,0.000357991608325392,0.9613997680572494,4,4,5,0.0,1 2 5 4 6
151,0,sigma_1p0__kernel_9__order_2,1.0,9,2,498,0.8423,0.0,0.000384159735403955,0.0015417041722685099,0.8229836673164623,0,0,1,0.0,6
152,0,sigma_1p0__kernel_9__order_2,1.0,9,2,499,0.8419833333333333,0.0,0.00034249445889145136,0.0022997516207396984,0.8291534932903883,0,0,1,0.0,6
153,0,sigma_1p0__kernel_9__order_2,1.0,9,2,503,0.8407166666666667,0.04336877167224884,0.0024366845609620214,0.00032465849653817713,0.9719191216614527,3,3,4,0.0,3 5 4 6
154,0,sigma_1p0__kernel_9__order_2,1.0,9,2,505,0.8400833333333333,0.11055286228656769,0.0017395569593645632,0.001191978924907744,0.9138927272965026,1,1,2,0.0,3 6
155,0,sigma_1p0__kernel_9__order_2,1.0,9,2,508,0.8391333333333333,0.4389689862728119,0.001984769362024963,0.0005748202675022185,0.9600612845418003,2,2,3,0.0,3 5 6
156,0,sigma_1p0__kernel_9__order_2,1.0,9,2,511,0.8381833333333333,0.034364253282547,0.001299057233457764,0.0006067782524041831,0.9416953231807129,2,2,3,0.0,4 5 6
157,0,sigma_1p0__kernel_9__order_2,1.0,9,2,513,0.83755,0.11055286228656769,0.0015767317381687462,0.001191978924907744,0.9138927272965026,1,1,2,0.0,3 6
158,0,sigma_1p0__kernel_9__order_2,1.0,9,2,516,0.8366,0.058457501232624054,0.0014432553046693404,0.0006944246124476194,0.9378041192074168,2,2,3,0.0,2 5 6
159,0,sigma_1p0__kernel_9__order_2,1.0,9,2,521,0.8350166666666667,0.5629134774208069,0.0011388428742066027,0.0002687380474526435,0.9711584980188737,4,4,5,0.0,4 5 2 3 6
160,0,sigma_1p0__kernel_9__order_2,1.0,9,2,524,0.8340666666666667,0.13610394299030304,0.0014494740559409063,0.0017976266099140048,0.8838616039484349,2,2,3,0.0,2 3 6
161,0,sigma_1p0__kernel_9__order_2,1.0,9,2,526,0.8334333333333334,0.05810605362057686,0.0011223102919757366,0.0009531715768389404,0.9159914645478218,1,1,2,0.0,1 6
162,0,sigma_1p0__kernel_9__order_2,1.0,9,2,530,0.8321666666666667,0.129895880818367,0.0013523295056074858,0.0006489359075203538,0.957294055560823,3,3,4,0.0,1 5 3 6
163,0,sigma_1p0__kernel_9__order_2,1.0,9,2,532,0.8315333333333333,0.169204980134964,0.0009438405686523765,0.0009302761754952371,0.8960213103773478,1,1,2,0.0,5 6
164,0,sigma_1p0__kernel_9__order_2,1.0,9,2,537,0.82995,0.16364027559757233,0.0010477986303158104,0.000357991608325392,0.9613997680572494,4,4,5,0.0,4 2 1 5 6
165,0,sigma_1p0__kernel_9__order_2,1.0,9,2,538,0.8296333333333333,0.0,0.0014655371196568012,0.001600863877683878,0.8081826047216598,0,0,1,0.0,6
166,0,sigma_1p0__kernel_9__order_2,1.0,9,2,542,0.8283666666666667,0.2356327474117279,0.00104184087831527,0.0002194033149862662,0.9735425744697398,3,3,4,0.0,5 2 1 6
167,0,sigma_1p0__kernel_9__order_2,1.0,9,2,547,0.8267833333333333,0.3965899348258972,0.0008106649620458484,0.0004623690329026431,0.953826961881624,5,5,6,0.0,2 5 4 3 1
168,0,sigma_1p0__kernel_9__order_2,1.0,9,2,550,0.8258333333333334,0.08245047181844711,0.0009632433648221195,0.0005466396105475724,0.9406864407619596,2,2,3,0.0,2 3 6
169,0,sigma_1p0__kernel_9__order_2,1.0,9,2,555,0.82425,0.4717111885547638,0.0009281166596338153,0.0004084963002242148,0.9487925082197087,5,5,6,0.0,5 4 3 2 1
170,0,sigma_1p0__kernel_9__order_2,1.0,9,2,557,0.8236166666666667,0.20342561602592468,0.0010548167047090828,0.0008340895874425769,0.9107525692399986,1,1,2,0.0,4 6
171,0,sigma_1p0__kernel_9__order_2,1.0,9,2,558,0.8233,0.0,0.0012627567630261183,0.001669246586970985,0.8368215547358522,0,0,1,0.0,6
172,0,sigma_1p0__kernel_9__order_2,1.0,9,2,559,0.8229833333333334,0.0,0.0005973131628707051,0.0019429026870056987,0.8447839053841607,0,0,1,0.0,6
173,0,sigma_1p0__kernel_9__order_2,1.0,9,2,563,0.8217166666666667,0.06639861315488815,0.0009720046655274928,0.0007847938686609268,0.9434891761624997,3,3,4,0.0,3 4 1 6
174,0,sigma_1p0__kernel_9__order_2,1.0,9,2,568,0.8201333333333334,0.019895941019058228,0.0009003441315144301,0.00034784965100698173,0.9687446950625863,5,5,6,0.0,2 1 4 5 3
175,0,sigma_1p0__kernel_9__order_2,1.0,9,2,572,0.8188666666666666,0.019407935440540314,0.0008542903233319521,0.0004502757510636002,0.9575773105113884,3,3,4,0.0,3 4 5 6
176,0,sigma_1p0__kernel_9__order_2,1.0,9,2,577,0.8172833333333334,-0.046913452446460724,0.0008046775823459029,0.00045452878111973405,0.9587577207370547,4,4,5,0.0,1 2 4 5 6
177,0,sigma_1p0__kernel_9__order_2,1.0,9,2,582,0.8157,0.5586242079734802,0.0008355614729225636,0.00015786601579748094,0.9821529730215367,4,4,5,0.0,3 4 2 1 6
178,0,sigma_1p0__kernel_9__order_2,1.0,9,2,584,0.8150666666666667,0.28087514638900757,0.0011998969712294638,0.0015314538031816483,0.8801071876826099,1,1,2,0.0,5 6
179,0,sigma_1p0__kernel_9__order_2,1.0,9,2,589,0.8134833333333333,0.48691320419311523,0.0008987640962004661,0.000532331527210772,0.9579560937410869,4,4,5,0.0,2 5 4 1 6
180,0,sigma_1p0__kernel_9__order_2,1.0,9,2,592,0.8125333333333333,0.06543710082769394,0.0007249944028444588,0.001047751633450389,0.9171855034180402,2,2,3,0.0,3 2 6
181,0,sigma_1p0__kernel_9__order_2,1.0,9,2,595,0.8115833333333333,0.032853469252586365,0.0009905200956078868,0.000905966735444963,0.9250012446952348,2,2,3,0.0,3 4 6
182,0,sigma_1p0__kernel_9__order_2,1.0,9,2,599,0.8103166666666667,0.01405535638332367,0.0008672073308844119,0.0005384704563766718,0.9550795281720076,3,3,4,0.0,1 5 3 6
183,0,sigma_1p0__kernel_9__order_2,1.0,9,2,602,0.8093666666666667,0.07807277143001556,0.0007150844515611728,0.000767616496887058,0.933003144602288,2,2,3,0.0,5 1 6
184,0,sigma_1p0__kernel_9__order_2,1.0,9,2,604,0.8087333333333333,0.05148378759622574,0.0006321006512735039,0.001311954576522112,0.8983739310439219,1,1,2,0.0,4 6
185,0,sigma_1p0__kernel_9__order_2,1.0,9,2,607,0.8077833333333333,0.07350464165210724,0.0009454630198888481,0.0002482387935742736,0.9657002167596829,2,2,3,0.0,4 5 6
186,0,sigma_1p0__kernel_9__order_2,1.0,9,2,608,0.8074666666666667,0.0,0.0009014036040753126,0.0013345880433917046,0.8443903372037213,0,0,1,0.0,6
187,0,sigma_1p0__kernel_9__order_2,1.0,9,2,609,0.80715,0.0,0.0006502500036731362,0.002473224652931094,0.8109631681998618,0,0,1,0.0,6
188,0,sigma_1p0__kernel_9__order_2,1.0,9,2,614,0.8055666666666667,-0.09515757113695145,0.0008289493038319051,0.0001376520813209936,0.9834099957336285,5,5,6,0.0,4 3 5 2 1
189,0,sigma_1p0__kernel_9__order_2,1.0,9,2,615,0.80525,0.0,0.0007383079500868917,0.0013771359808743,0.803482637797149,0,0,1,0.0,6
190,0,sigma_1p0__kernel_9__order_2,1.0,9,2,620,0.8036666666666666,-0.030968904495239258,0.0008763133082538843,0.00021159497555345297,0.9732559048675895,4,4,5,0.0,3 4 1 5 6
191,0,sigma_1p0__kernel_9__order_2,1.0,9,2,622,0.8030333333333333,0.022637013345956802,0.0009031759400386363,0.00103545724414289,0.8896663284702193,1,1,2,0.0,3 6
192,0,sigma_1p0__kernel_9__order_2,1.0,9,2,627,0.80145,-0.06373784691095352,0.000820710277184844,0.0005713695427402854,0.9482809482020516,4,4,5,0.0,4 5 2 3 6
193,0,sigma_1p0__kernel_9__order_2,1.0,9,2,629,0.8008166666666667,0.2544959783554077,0.0008142315491568297,0.0005161717999726534,0.9203474802650538,1,1,2,0.0,5 6
194,0,sigma_1p0__kernel_9__order_2,1.0,9,2,632,0.7998666666666667,0.5041700005531311,0.0009090421760144333,0.0005766323301941156,0.9523650183299208,2,2,3,0.0,4 3 6
195,0,sigma_1p0__kernel_9__order_2,1.0,9,2,636,0.7986,0.2248682826757431,0.0007837388766347431,0.0003898067807313055,0.9725752358948292,3,3,4,0.0,4 1 2 6
196,0,sigma_1p0__kernel_9__order_2,1.0,9,2,638,0.7979666666666667,0.012598544359207153,0.0009227353148162365,0.0015796693041920662,0.8745768114428316,1,1,2,0.0,1 6
197,0,sigma_1p0__kernel_9__order_2,1.0,9,2,641,0.7970166666666667,0.3713330626487732,0.0008461493998765945,0.0003149557742290199,0.9454241274688814,2,2,3,0.0,5 2 6
198,0,sigma_1p0__kernel_9__order_2,1.0,9,2,642,0.7967,0.0,0.0007342399912886322,0.0018314453773200512,0.7879006373170014,0,0,1,0.0,6
199,0,sigma_1p0__kernel_9__order_2,1.0,9,2,646,0.7954333333333333,0.36556094884872437,0.0007487593829864636,0.0004259141278453171,0.9517410201387088,3,3,4,0.0,4 5 1 6
200,0,sigma_1p0__kernel_9__order_2,1.0,9,2,649,0.7944833333333333,0.07960245758295059,0.0007240222184918821,0.0002772131119854748,0.9761993671533753,2,2,3,0.0,5 3 6
201,0,sigma_1p0__kernel_9__order_2,1.0,9,2,650,0.7941666666666667,0.0,0.0007759985746815801,0.0025238909292966127,0.8190127095732479,0,0,1,0.0,6
202,0,sigma_1p0__kernel_9__order_2,1.0,9,2,651,0.79385,0.0,0.0006965171778574586,0.0015070094959810376,0.8746289871278685,0,0,1,0.0,6
203,0,sigma_1p0__kernel_9__order_2,1.0,9,2,655,0.7925833333333334,0.42184698581695557,0.000646580898319371,0.0005219090962782502,0.9616296666095147,3,3,4,0.0,1 4 2 6
204,0,sigma_1p0__kernel_9__order_2,1.0,9,2,658,0.7916333333333334,0.3554844260215759,0.0006904735152299205,0.0009502556640654802,0.9210176199461986,2,2,3,0.0,2 4 6
205,0,sigma_1p0__kernel_9__order_2,1.0,9,2,662,0.7903666666666667,-0.02591877430677414,0.0007894164009485394,0.0007286688778549433,0.9204783551970787,3,3,4,0.0,3 4 2 6
206,0,sigma_1p0__kernel_9__order_2,1.0,9,2,667,0.7887833333333334,-0.03474883735179901,0.0007395830936729908,0.00020207019406370819,0.9847549568423193,4,4,5,0.0,3 1 2 4 6
207,0,sigma_1p0__kernel_9__order_2,1.0,9,2,669,0.78815,0.41098207235336304,0.0007127672142814845,0.0008309680270031095,0.9311365106549473,1,1,2,0.0,4 6
208,0,sigma_1p0__kernel_9__order_2,1.0,9,2,674,0.7865666666666666,-0.07484631985425949,0.0007259989040903747,0.0005950351478531957,0.9419193085500092,4,4,5,0.0,2 3 5 1 6
209,0,sigma_1p0__kernel_9__order_2,1.0,9,2,676,0.7859333333333334,0.05148378759622574,0.0006881188892293721,0.001311954576522112,0.8983739310439219,1,1,2,0.0,4 6
210,0,sigma_1p0__kernel_9__order_2,1.0,9,2,678,0.7853,0.26183319091796875,0.0009489164804108441,0.0009237180929630995,0.9271484194024423,1,1,2,0.0,5 6
211,0,sigma_1p0__kernel_9__order_2,1.0,9,2,682,0.7840333333333334,0.18910172581672668,0.0006636173056904227,0.0007581253885291517,0.9463648199149176,3,3,4,0.0,1 5 2 6
212,0,sigma_1p0__kernel_9__order_2,1.0,9,2,687,0.78245,0.24814113974571228,0.0007014546834398061,0.00011533001088537276,0.9893625811468832,4,4,5,0.0,5 1 4 3 6
213,0,sigma_1p0__kernel_9__order_2,1.0,9,2,691,0.7811833333333333,0.10722388327121735,0.0006519950547954068,0.00041794724529609084,0.9617676860724845,3,3,4,0.0,1 2 5 6
214,0,sigma_1p0__kernel_9__order_2,1.0,9,2,696,0.7796,0.18220865726470947,0.0007111634593456983,0.0003028891223948449,0.976173714299406,5,5,6,0.0,4 3 5 2 1
215,0,sigma_1p0__kernel_9__order_2,1.0,9,2,701,0.7780166666666667,0.5414643883705139,0.0006216941983439028,0.00035670067882165313,0.9703575982208342,5,5,6,0.0,2 1 5 4 3
216,0,sigma_1p0__kernel_9__order_2,1.0,9,2,703,0.7773833333333333,0.05956064909696579,0.0007538462814409286,0.001237416872754693,0.9016062771983436,1,1,2,0.0,3 6
217,0,sigma_1p0__kernel_9__order_2,1.0,9,2,708,0.7758,0.04637673497200012,0.0007978764944709838,0.00024510215735062957,0.980296102789863,5,5,6,0.0,1 4 3 5 2
218,0,sigma_1p0__kernel_9__order_2,1.0,9,2,713,0.7742166666666667,0.3929506242275238,0.0006648683280218393,0.0006637011538259685,0.9360792235195566,4,4,5,0.0,2 4 1 3 6
219,0,sigma_1p0__kernel_9__order_2,1.0,9,2,717,0.77295,0.018499143421649933,0.0005812179733766243,0.00025594799080863595,0.9795145274590652,3,3,4,0.0,4 2 3 6
220,0,sigma_1p0__kernel_9__order_2,1.0,9,2,721,0.7716833333333333,0.07908612489700317,0.0006064722401788458,0.0006425451720133424,0.9419716390538584,3,3,4,0.0,2 1 5 6
221,0,sigma_1p0__kernel_9__order_2,1.0,9,2,726,0.7701,0.6035641431808472,0.0006157429597806185,0.00011355951573932543,0.9870355374287199,4,4,5,0.0,2 4 5 3 6
222,0,sigma_1p0__kernel_9__order_2,1.0,9,2,730,0.7688333333333334,0.11640074849128723,0.0005910947656957433,0.0005311418790370226,0.9606085801486027,3,3,4,0.0,5 3 1 6
223,0,sigma_1p0__kernel_9__order_2,1.0,9,2,735,0.76725,0.18392987549304962,0.000680286018177867,0.00019453746790532023,0.9847555865714156,5,5,6,0.0,3 2 4 1 5
224,0,sigma_1p0__kernel_9__order_2,1.0,9,2,739,0.7659833333333333,0.42490386962890625,0.0005648716178257018,0.0006465254118666053,0.9402043012709453,3,3,4,0.0,5 4 2 6
225,0,sigma_1p0__kernel_9__order_2,1.0,9,2,741,0.76535,0.05240018665790558,0.0007110629230737686,0.0012987053487449884,0.8982499670082267,1,1,2,0.0,1 6
226,0,sigma_1p0__kernel_9__order_2,1.0,9,2,742,0.7650333333333333,0.0,0.0006092730909585953,0.0016718236729502678,0.8375962150773736,0,0,1,0.0,6
227,0,sigma_1p0__kernel_9__order_2,1.0,9,2,746,0.7637666666666667,0.5257713794708252,0.000576028112845961,0.00016244305879808962,0.9840680202746079,3,3,4,0.0,5 3 4 6
228,0,sigma_1p0__kernel_9__order_2,1.0,9,2,747,0.76345,0.0,0.0009146726806648076,0.0013345880433917046,0.8443903372037213,0,0,1,0.0,6
229,0,sigma_1p0__kernel_9__order_2,1.0,9,2,752,0.7618666666666667,0.4717112183570862,0.0012416734010912479,0.0004084963002242148,0.9487925082197087,5,5,6,0.0,1 4 3 2 5
230,0,sigma_1p0__kernel_9__order_2,1.0,9,2,755,0.7609166666666667,0.14717338979244232,0.0016591138361642759,0.0010842864867299795,0.9436813706751386,2,2,3,0.0,3 4 6
231,0,sigma_1p0__kernel_9__order_2,1.0,9,2,760,0.7593333333333333,0.5414643287658691,0.0015957262832671404,0.00035670067882165313,0.9703575982208342,5,5,6,0.0,5 3 1 2 4
232,0,sigma_1p0__kernel_9__order_2,1.0,9,2,763,0.7583833333333333,0.22203963994979858,0.0019837376506378255,0.0005705018411390483,0.9620888633443115,2,2,3,0.0,2 4 6
233,0,sigma_1p0__kernel_9__order_2,1.0,9,2,765,0.75775,0.02049688622355461,0.0015855150995776057,0.001304849749431014,0.8548779008061792,1,1,2,0.0,1 6
234,0,sigma_1p0__kernel_9__order_2,1.0,9,2,766,0.7574333333333333,0.0,0.0016567555721849203,0.0021252217702567577,0.8223969706984217,0,0,1,0.0,6
235,0,sigma_1p0__kernel_9__order_2,1.0,9,2,771,0.75585,0.4542589783668518,0.0018436254002153873,0.00022620128584094346,0.9837157861124747,5,5,6,0.0,1 2 3 4 5
236,0,sigma_1p0__kernel_9__order_2,1.0,9,2,776,0.7542666666666666,0.5832988023757935,0.001422721054404974,0.0003123176866210997,0.9648182590389082,4,4,5,0.0,3 2 5 4 6
237,0,sigma_1p0__kernel_9__order_2,1.0,9,2,777,0.75395,0.0,0.002250813413411379,0.0015070094959810376,0.8746289871278685,0,0,1,0.0,6
238,0,sigma_1p0__kernel_9__order_2,1.0,9,2,782,0.7523666666666666,-0.037021905183792114,0.0013197432272136211,0.00026900373632088304,0.9684233330057294,4,4,5,0.0,4 2 3 5 6
239,0,sigma_1p0__kernel_9__order_2,1.0,9,2,783,0.75205,0.0,0.0007421601330861449,0.0020724181085824966,0.849481851597816,0,0,1,0.0,6
240,0,sigma_1p0__kernel_9__order_2,1.0,9,2,785,0.7514166666666666,0.3472225069999695,0.0015264334506355226,0.0009987847879529,0.8909871538704556,1,1,2,0.0,5 6
241,0,sigma_1p0__kernel_9__order_2,1.0,9,2,786,0.7511,0.0,0.0015022798907011747,0.0016372115351259708,0.8761107215434135,0,0,1,0.0,6
242,0,sigma_1p0__kernel_9__order_2,1.0,9,2,791,0.7495166666666666,0.4789198338985443,0.001295567024499178,0.00028237898368388414,0.9795094902818751,4,4,5,0.0,5 1 4 3 6
243,0,sigma_1p0__kernel_9__order_2,1.0,9,2,796,0.7479333333333333,0.42582327127456665,0.0010530143044888973,0.00046869658399373293,0.9538842547733634,4,4,5,0.0,4 3 1 5 6
244,0,sigma_1p0__kernel_9__order_2,1.0,9,2,800,0.7466666666666667,0.22280438244342804,0.001071164704626426,0.0005824283580295742,0.9563443733913011,3,3,4,0.0,2 4 5 6
245,0,sigma_1p0__kernel_9__order_2,1.0,9,2,804,0.7454000000000001,0.006901472806930542,0.0010257068934151903,0.00023996838717721403,0.9672891142358394,3,3,4,0.0,1 4 5 6
246,0,sigma_1p0__kernel_9__order_2,1.0,9,2,806,0.7447666666666667,0.05148378759622574,0.0014198567369021475,0.001311954576522112,0.8983739310439219,1,1,2,0.0,4 6
247,0,sigma_1p0__kernel_9__order_2,1.0,9,2,810,0.7435,0.4871521592140198,0.0011647907085716724,0.0005692529957741499,0.9527921588752556,3,3,4,0.0,5 4 1 6
248,0,sigma_1p0__kernel_9__order_2,1.0,9,2,811,0.7431833333333333,0.0,0.0013415066059678793,0.0017319965409114957,0.8891542722049139,0,0,1,0.0,6
249,0,sigma_1p0__kernel_9__order_2,1.0,9,2,812,0.7428666666666667,0.0,0.0008686617366038263,0.003263943362981081,0.8303306931906627,0,0,1,0.0,6
250,0,sigma_1p0__kernel_9__order_2,1.0,9,2,817,0.7412833333333333,0.48371177911758423,0.0008248413447290659,0.00022842769976705313,0.9837014776312355,4,4,5,0.0,5 1 4 3 6
251,0,sigma_1p0__kernel_9__order_2,1.0,9,2,822,0.7397,0.4542589783668518,0.0009666807018220425,0.00022620128584094346,0.9837157861124747,5,5,6,0.0,5 4 1 2 3
252,0,sigma_1p0__kernel_9__order_2,1.0,9,2,823,0.7393833333333333,0.0,0.0011750201229006052,0.0025238909292966127,0.8190127095732479,0,0,1,0.0,6
253,0,sigma_1p0__kernel_9__order_2,1.0,9,2,827,0.7381166666666668,0.4254460036754608,0.0009309212618973106,0.0004440884804353118,0.9604364673249361,3,3,4,0.0,2 3 4 6
254,0,sigma_1p0__kernel_9__order_2,1.0,9,2,829,0.7374833333333334,0.02049688622355461,0.0009181273053400218,0.001304849749431014,0.8548779008061792,1,1,2,0.0,1 6
255,0,sigma_1p0__kernel_9__order_2,1.0,9,2,830,0.7371666666666667,0.0,0.0006764796562492847,0.0017024166882038116,0.8515102424427389,0,0,1,0.0,6
256,0,sigma_1p0__kernel_9__order_2,1.0,9,2,834,0.7359,0.3748266100883484,0.0008313336147693917,0.0006993684219196439,0.9285417538973437,3,3,4,0.0,2 3 5 6
257,0,sigma_1p0__kernel_9__order_2,1.0,9,2,838,0.7346333333333334,0.4738554060459137,0.000944945146329701,0.0006027002818882465,0.9509937443574459,3,3,4,0.0,4 1 2 6
258,0,sigma_1p0__kernel_9__order_2,1.0,9,2,843,0.73305,0.5551746487617493,0.0008758730604313314,0.00044878676999360323,0.9659557233738417,5,5,6,0.0,4 1 5 3 2
259,0,sigma_1p0__kernel_9__order_2,1.0,9,2,847,0.7317833333333333,0.15753862261772156,0.0011035949573852122,0.00017175794346258044,0.9811322692954441,3,3,4,0.0,3 4 5 6
260,0,sigma_1p0__kernel_9__order_2,1.0,9,2,850,0.7308333333333333,0.30760741233825684,0.0008913163328543305,0.0008058553794398904,0.9238075539026759,2,2,3,0.0,2 4 6
261,0,sigma_1p0__kernel_9__order_2,1.0,9,2,854,0.7295666666666667,0.029664821922779083,0.0008772500004852191,0.0002228680532425642,0.9832124059818305,3,3,4,0.0,1 3 4 6
262,0,sigma_1p0__kernel_9__order_2,1.0,9,2,859,0.7279833333333334,0.17451533675193787,0.0008520387695170939,0.00017592516087461263,0.9803412273154105,5,5,6,0.0,5 3 4 2 1
263,0,sigma_1p0__kernel_9__order_2,1.0,9,2,861,0.72735,0.08585478365421295,0.0009658827329985797,0.0004186356964055449,0.9436479770400152,1,1,2,0.0,4 6
264,0,sigma_1p0__kernel_9__order_2,1.0,9,2,866,0.7257666666666667,0.1641196757555008,0.0006827133242040872,0.000258144544204697,0.9784430868737621,5,5,6,0.0,4 2 3 5 1
265,0,sigma_1p0__kernel_9__order_2,1.0,9,2,870,0.7245,0.11044135689735413,0.0007999533554539084,0.0009360348340123892,0.9557141097313442,3,3,4,0.0,1 4 2 6
266,0,sigma_1p0__kernel_9__order_2,1.0,9,2,873,0.72355,0.069106325507164,0.0006178373975368837,0.0003048731305170804,0.9724744187488568,2,2,3,0.0,4 2 6
267,0,sigma_1p0__kernel_9__order_2,1.0,9,2,874,0.7232333333333334,0.0,0.0010437360033392906,0.001856160582974553,0.8008199268320795,0,0,1,0.0,6
268,0,sigma_1p0__kernel_9__order_2,1.0,9,2,878,0.7219666666666666,0.20764851570129395,0.0008133618830470368,0.0004558584769256413,0.96605819220988,3,3,4,0.0,3 5 1 6
269,0,sigma_1p0__kernel_9__order_2,1.0,9,2,880,0.7213333333333334,0.14025714993476868,0.0006796288944315165,0.0018857376417145133,0.8483197841523094,1,1,2,0.0,5 6
270,0,sigma_1p0__kernel_9__order_2,1.0,9,2,885,0.71975,0.35790741443634033,0.0009814618155360223,0.000505211646668613,0.9458424304739331,4,4,5,0.0,2 5 4 1 6
271,0,sigma_1p0__kernel_9__order_2,1.0,9,2,886,0.7194333333333334,0.0,0.0009830968920141459,0.003308313898742199,0.7732636727288578,0,0,1,0.0,6
272,0,sigma_1p0__kernel_9__order_2,1.0,9,2,891,0.7178500000000001,0.20377400517463684,0.0006980867590755224,0.0003301151446066797,0.9657235109777711,4,4,5,0.0,5 3 2 4 6
273,0,sigma_1p0__kernel_9__order_2,1.0,9,2,895,0.7165833333333333,0.25167810916900635,0.0006381169077940285,0.0002688246313482523,0.9730571657596389,3,3,4,0.0,5 3 4 6
274,0,sigma_1p0__kernel_9__order_2,1.0,9,2,899,0.7153166666666666,0.008943900465965271,0.0007062174699967727,0.00030496911494992673,0.9778497324332897,3,3,4,0.0,4 1 5 6
275,0,sigma_1p0__kernel_9__order_2,1.0,9,2,903,0.7140500000000001,-0.026797190308570862,0.0006921548920217901,0.0005967164179310203,0.9389151973864694,3,3,4,0.0,4 3 2 6
276,0,sigma_1p0__kernel_9__order_2,1.0,9,2,906,0.7131000000000001,0.11029656231403351,0.0006242886496086916,0.00046191460569389164,0.9501293829944556,2,2,3,0.0,2 5 6
277,0,sigma_1p0__kernel_9__order_2,1.0,9,2,911,0.7115166666666667,0.019895941019058228,0.000874451664276421,0.00034784965100698173,0.9687446950625863,5,5,6,0.0,4 3 5 2 1
278,0,sigma_1p0__kernel_9__order_2,1.0,9,2,915,0.71025,-0.02223508059978485,0.0008188538631657138,0.000746669655200094,0.9289200627704579,3,3,4,0.0,5 3 2 6
279,0,sigma_1p0__kernel_9__order_2,1.0,9,2,920,0.7086666666666668,0.09713605046272278,0.000715796509757638,0.00016243787831626832,0.980755518949131,4,4,5,0.0,4 3 1 5 6
280,0,sigma_1p0__kernel_9__order_2,1.0,9,2,924,0.7074,0.3564002513885498,0.0008337545004906133,0.0002950499183498323,0.9481183997622284,3,3,4,0.0,3 2 1 6
281,0,sigma_1p0__kernel_9__order_2,1.0,9,2,929,0.7058166666666668,0.4717112183570862,0.0008544135140255094,0.0004084963002242148,0.9487925082197087,5,5,6,0.0,1 3 4 2 5
282,0,sigma_1p0__kernel_9__order_2,1.0,9,2,933,0.70455,0.20764851570129395,0.0007011143752606586,0.0004558584769256413,0.96605819220988,3,3,4,0.0,1 3 5 6
283,0,sigma_1p0__kernel_9__order_2,1.0,9,2,938,0.7029666666666667,0.4257511496543884,0.0006556584499776364,0.000464441574877128,0.9535418546157275,4,4,5,0.0,4 5 2 3 6
284,0,sigma_1p0__kernel_9__order_2,1.0,9,2,943,0.7013833333333332,0.17451535165309906,0.0006975945085287094,0.00017592516087461263,0.9803412273154105,5,5,6,0.0,3 5 4 1 2
285,0,sigma_1p0__kernel_9__order_2,1.0,9,2,947,0.7001166666666667,0.3455390930175781,0.0006142042548162863,0.0007928673876449466,0.9209749546260811,3,3,4,0.0,1 3 2 6
286,0,sigma_1p0__kernel_9__order_2,1.0,9,2,949,0.6994833333333333,0.05810605362057686,0.0008674635319039226,0.0009531715768389404,0.9159914645478218,1,1,2,0.0,1 6
287,0,sigma_1p0__kernel_9__order_2,1.0,9,2,952,0.6985333333333333,0.06086612492799759,0.0005679666840781769,0.0006862115114927292,0.9399696078049584,2,2,3,0.0,4 2 6
288,0,sigma_1p0__kernel_9__order_2,1.0,9,2,956,0.6972666666666667,0.5793420672416687,0.0007937561604194343,0.00036204076604917645,0.9700708798045352,3,3,4,0.0,3 4 5 6
289,0,sigma_1p0__kernel_9__order_2,1.0,9,2,957,0.69695,0.0,0.0006089964881539345,0.0011304784566164017,0.9181450914401078,0,0,1,0.0,6
290,0,sigma_1p0__kernel_9__order_2,1.0,9,2,961,0.6956833333333333,0.18866649270057678,0.000681662029819563,0.0005419213557615876,0.9411473555598899,3,3,4,0.0,1 4 3 6
291,0,sigma_1p0__kernel_9__order_2,1.0,9,2,966,0.6940999999999999,0.48476213216781616,0.0007521821418777109,0.0004860204935539514,0.956205478781894,4,4,5,0.0,5 3 4 2 6
292,0,sigma_1p0__kernel_9__order_2,1.0,9,2,969,0.6931499999999999,0.021920911967754364,0.0006664911828314265,0.0008733656723052263,0.9162176775166878,2,2,3,0.0,1 2 6
293,0,sigma_1p0__kernel_9__order_2,1.0,9,2,971,0.6925166666666667,0.08822499215602875,0.0007760114094708115,0.0010199007811024785,0.9173677836353231,1,1,2,0.0,4 6
294,0,sigma_1p0__kernel_9__order_2,1.0,9,2,976,0.6909333333333334,0.48476219177246094,0.0007085155230015516,0.0004860204935539514,0.956205478781894,4,4,5,0.0,4 3 2 5 6
295,0,sigma_1p0__kernel_9__order_2,1.0,9,2,978,0.6903,0.15787570178508759,0.0006653411837760359,0.0006883809110149741,0.9247905065556911,1,1,2,0.0,5 6
296,0,sigma_1p0__kernel_9__order_2,1.0,9,2,980,0.6896666666666667,0.09472252428531647,0.0006310198805294931,0.0005082559073343873,0.9629806053340789,1,1,2,0.0,4 6
297,0,sigma_1p0__kernel_9__order_2,1.0,9,2,981,0.68935,0.0,0.0004122742102481425,0.0011222397442907095,0.8815270427716331,0,0,1,0.0,6
298,0,sigma_1p0__kernel_9__order_2,1.0,9,2,985,0.6880833333333334,0.2537424862384796,0.0006222420634003356,0.0003305163118056953,0.9657473915503509,3,3,4,0.0,5 4 3 6
299,0,sigma_1p0__kernel_9__order_2,1.0,9,2,987,0.68745,0.05325761064887047,0.000627232831902802,0.0004993918118998408,0.928627906989541,1,1,2,0.0,2 6
300,0,sigma_1p0__kernel_9__order_2,1.0,9,2,990,0.6865,0.04739414155483246,0.0006298642062271634,0.0005767729016952217,0.9412227876121168,2,2,3,0.0,4 5 6
301,0,sigma_1p0__kernel_9__order_2,1.0,9,2,992,0.6858666666666666,0.28087514638900757,0.0007257248216774315,0.0015314538031816483,0.8801071876826099,1,1,2,0.0,5 6
302,0,sigma_1p0__kernel_9__order_2,1.0,9,2,995,0.6849166666666666,0.47593677043914795,0.000554550545833384,0.00047976087080314755,0.9462537004852691,2,2,3,0.0,5 4 6
303,0,sigma_1p0__kernel_9__order_2,1.0,9,2,1000,0.6833333333333333,0.5551746487617493,0.0006159718206617982,0.00044878676999360323,0.9659557233738417,5,5,6,0.0,5 4 1 3 2
304,0,sigma_1p0__kernel_9__order_2,1.0,9,2,1001,0.6830166666666666,0.0,0.0008539299597032368,0.0008454601047560573,0.8618660898752927,0,0,1,0.0,6
305,0,sigma_1p0__kernel_9__order_2,1.0,9,2,1003,0.6823833333333333,0.28087514638900757,0.0009487300703767687,0.0015314538031816483,0.8801071876826099,1,1,2,0.0,5 6
306,0,sigma_1p0__kernel_9__order_2,1.0,9,2,1007,0.6811166666666667,0.4366985559463501,0.0009894211252685636,0.0005398784414865077,0.9310735011214166,3,3,4,0.0,5 4 2 6
307,0,sigma_1p0__kernel_9__order_2,1.0,9,2,1012,0.6795333333333333,0.4542589783668518,0.0008622782886959612,0.00022620128584094346,0.9837157861124747,5,5,6,0.0,5 4 1 2 3
308,0,sigma_1p0__kernel_9__order_2,1.0,9,2,1015,0.6785833333333333,0.1579965054988861,0.0008756100238921741,0.00047806825023144484,0.9606012358074381,2,2,3,0.0,4 3 6
309,0,sigma_1p0__kernel_9__order_2,1.0,9,2,1016,0.6782666666666667,0.0,0.0008534075459465384,0.0015879170969128609,0.8924703862823714,0,0,1,0.0,6
310,0,sigma_1p0__kernel_9__order_2,1.0,9,2,1017,0.67795,0.0,0.0006857240223325789,0.0015325190033763647,0.8707035052081776,0,0,1,0.0,6
311,0,sigma_1p0__kernel_9__order_2,1.0,9,2,1018,0.6776333333333333,0.0,0.001045510289259255,0.002031223848462105,0.8132610107804167,0,0,1,0.0,6
312,0,sigma_1p0__kernel_9__order_2,1.0,9,2,1021,0.6766833333333333,0.09477539360523224,0.0007894556232107183,0.0008303241920657456,0.930253215373342,2,2,3,0.0,4 1 6
313,0,sigma_1p0__kernel_9__order_2,1.0,9,2,1025,0.6754166666666667,0.12978509068489075,0.0008891762117855251,0.00024507209309376776,0.9734456656626941,3,3,4,0.0,3 4 1 6
314,0,sigma_1p0__kernel_9__order_2,1.0,9,2,1027,0.6747833333333333,0.05240018665790558,0.0007066686230245978,0.0012987053487449884,0.8982499670082267,1,1,2,0.0,1 6
315,0,sigma_1p0__kernel_9__order_2,1.0,9,2,1031,0.6735166666666667,0.10905157029628754,0.0007208784227259457,0.0003157805185765028,0.9676144749245094,3,3,4,0.0,4 1 3 6
316,0,sigma_1p0__kernel_9__order_2,1.0,9,2,1034,0.6725666666666666,0.4683518409729004,0.0007851427071727812,0.0006537787849083543,0.9449970106661816,2,2,3,0.0,5 3 6
317,0,sigma_1p0__kernel_9__order_2,1.0,9,2,1039,0.6709833333333334,0.4647652208805084,0.0007155257044360042,0.00048601313028484583,0.9562057949487435,5,5,6,0.0,5 3 2 4 1
318,0,sigma_1p0__kernel_9__order_2,1.0,9,2,1042,0.6700333333333334,0.0729357898235321,0.0006144733439820508,0.000244210590608418,0.9645484778210609,2,2,3,0.0,3 5 6
319,0,sigma_1p0__kernel_9__order_2,1.0,9,2,1043,0.6697166666666667,0.0,0.0009541042963974178,0.001600863877683878,0.8081826047216598,0,0,1,0.0,6
320,0,sigma_1p0__kernel_9__order_2,1.0,9,2,1045,0.6690833333333334,0.2731993794441223,0.0006257647764869034,0.0011519886320456862,0.8681792778790209,1,1,2,0.0,3 6
321,0,sigma_1p0__kernel_9__order_2,1.0,9,2,1046,0.6687666666666667,0.0,0.0006725962739437819,0.0015070094959810376,0.8746289871278685,0,0,1,0.0,6
322,0,sigma_1p0__kernel_9__order_2,1.0,9,2,1049,0.6678166666666667,0.28477388620376587,0.0007604574396585425,0.000599276798311621,0.9272604548194037,2,2,3,0.0,3 1 6
323,0,sigma_1p0__kernel_9__order_2,1.0,9,2,1050,0.6675,0.0,0.0006089898524805903,0.0022997516207396984,0.8291534932903883,0,0,1,0.0,6
324,0,sigma_1p0__kernel_9__order_2,1.0,9,2,1055,0.6659166666666667,0.18220867216587067,0.000692549638915807,0.0003028891223948449,0.976173714299406,5,5,6,0.0,4 3 1 5 2
325,0,sigma_1p0__kernel_9__order_2,1.0,9,2,1060,0.6643333333333333,0.46730315685272217,0.0006701542297378182,0.00015950106899254024,0.9843590594783833,5,5,6,0.0,5 1 4 3 2
326,0,sigma_1p0__kernel_9__order_2,1.0,9,2,1065,0.66275,0.15357214212417603,0.0005365217512007803,0.0004204098368063569,0.9615434666876277,4,4,5,0.0,1 3 2 4 6
327,0,sigma_1p0__kernel_9__order_2,1.0,9,2,1070,0.6611666666666667,0.20204560458660126,0.0006602868903428316,0.00026787116075865924,0.9731621545751653,4,4,5,0.0,1 4 3 5 6
328,0,sigma_1p0__kernel_9__order_2,1.0,9,2,1072,0.6605333333333334,0.042731307446956635,0.0007965678814798594,0.0010006569791585207,0.9216949270299539,1,1,2,0.0,4 6
329,0,sigma_1p0__kernel_9__order_2,1.0,9,2,1073,0.6602166666666667,0.0,0.0007026089588180184,0.0019371160306036472,0.8608352722739635,0,0,1,0.0,6
330,0,sigma_1p0__kernel_9__order_2,1.0,9,2,1075,0.6595833333333334,0.12297441065311432,0.0007320024888031185,0.0006305116694420576,0.938003740301101,1,1,2,0.0,4 6
331,0,sigma_1p0__kernel_9__order_2,1.0,9,2,1080,0.658,0.543515145778656,0.0005739031010307371,0.00026785070076584816,0.9713053481296751,5,5,6,0.0,5 1 4 3 2
332,0,sigma_1p0__kernel_9__order_2,1.0,9,2,1084,0.6567333333333334,0.42378631234169006,0.000640386511804536,0.0003727430012077093,0.9662090159872908,3,3,4,0.0,5 1 4 6
333,0,sigma_1p0__kernel_9__order_2,1.0,9,2,1087,0.6557833333333334,0.005993671715259552,0.0005453200428746641,0.0007230264600366354,0.9266720281096616,2,2,3,0.0,3 2 6
334,0,sigma_1p0__kernel_9__order_2,1.0,9,2,1090,0.6548333333333334,0.4351603388786316,0.0006251608526023725,0.00046005219337530434,0.9631423900406653,2,2,3,0.0,5 3 6
335,0,sigma_1p0__kernel_9__order_2,1.0,9,2,1092,0.6542,0.16532966494560242,0.0005586436309386045,0.0008841593516990542,0.9374310027776944,1,1,2,0.0,2 6
336,0,sigma_1p0__kernel_9__order_2,1.0,9,2,1094,0.6535666666666666,0.08585478365421295,0.0007790368981659412,0.0004186356964055449,0.9436479770400152,1,1,2,0.0,4 6
337,0,sigma_1p0__kernel_9__order_2,1.0,9,2,1099,0.6519833333333334,0.038332536816596985,0.0006684827792923897,0.0001575724600115791,0.980964153650683,5,5,6,0.0,3 4 2 5 1
338,0,sigma_1p0__kernel_9__order_2,1.0,9,2,1102,0.6510333333333334,0.023681826889514923,0.0006006793507064382,0.0008602478774264455,0.9068718297976234,2,2,3,0.0,4 2 6
339,0,sigma_1p0__kernel_9__order_2,1.0,9,2,1103,0.6507166666666667,0.0,0.00044575659558176994,0.0018166662193834782,0.8578238499779409,0,0,1,0.0,6
340,0,sigma_1p0__kernel_9__order_2,1.0,9,2,1107,0.6494500000000001,0.24028676748275757,0.00045506967580877244,0.0003441275330260396,0.9761137423348059,3,3,4,0.0,3 4 1 6
341,0,sigma_1p0__kernel_9__order_2,1.0,9,2,1111,0.6481833333333333,0.099604532122612,0.0005591612789430656,0.00033480444108136,0.9652506163018212,3,3,4,0.0,2 4 1 6
342,0,sigma_1p0__kernel_9__order_2,1.0,9,2,1116,0.6466000000000001,0.4517238736152649,0.0006652042036876082,0.0002711522101890296,0.9798690636291232,5,5,6,0.0,5 3 4 2 1
343,0,sigma_1p0__kernel_9__order_2,1.0,9,2,1121,0.6450166666666667,0.1645130068063736,0.0006428429973311722,0.0004318730207160115,0.9675667485428197,4,4,5,0.0,1 3 4 2 6
344,0,sigma_1p0__kernel_9__order_2,1.0,9,2,1123,0.6443833333333333,0.042731307446956635,0.0005545270687434822,0.0010006569791585207,0.9216949270299539,1,1,2,0.0,4 6
345,0,sigma_1p0__kernel_9__order_2,1.0,9,2,1126,0.6434333333333333,0.148762509226799,0.0006402308160128692,0.0005902164848521352,0.9453008105617358,2,2,3,0.0,3 5 6
346,0,sigma_1p0__kernel_9__order_2,1.0,9,2,1131,0.64185,0.46730315685272217,0.000658474292140454,0.00015950106899254024,0.9843590594783833,5,5,6,0.0,1 4 3 2 5
347,0,sigma_1p0__kernel_9__order_2,1.0,9,2,1132,0.6415333333333333,0.0,0.000528687029145658,0.001856160582974553,0.8008199268320795,0,0,1,0.0,6
348,0,sigma_1p0__kernel_9__order_2,1.0,9,2,1135,0.6405833333333333,0.49514806270599365,0.00048624684374469024,0.00026132038328796625,0.971276197223686,2,2,3,0.0,3 4 6
349,0,sigma_1p0__kernel_9__order_2,1.0,9,2,1137,0.63995,0.26183319091796875,0.000483112467918545,0.0009237180929630995,0.9271484194024423,1,1,2,0.0,5 6
350,0,sigma_1p0__kernel_9__order_2,1.0,9,2,1141,0.6386833333333333,-0.014869317412376404,0.0006356300145853311,0.0006586172385141253,0.9279895873295141,3,3,4,0.0,1 5 3 6
351,0,sigma_1p0__kernel_9__order_2,1.0,9,2,1146,0.6371,0.45425891876220703,0.0004989241831935942,0.00022620128584094346,0.9837157861124747,5,5,6,0.0,3 4 1 2 5
352,0,sigma_1p0__kernel_9__order_2,1.0,9,2,1149,0.63615,0.02406555414199829,0.0004826096895461281,0.0005140550201758742,0.9630419981004792,2,2,3,0.0,5 1 6
353,0,sigma_1p0__kernel_9__order_2,1.0,9,2,1150,0.6358333333333333,0.0,0.0005615019472315907,0.0015325190033763647,0.8707035052081776,0,0,1,0.0,6
354,0,sigma_1p0__kernel_9__order_2,1.0,9,2,1155,0.63425,0.04167081415653229,0.0005394905107095838,0.000223468552576378,0.9807782768140083,5,5,6,0.0,4 1 5 3 2
355,0,sigma_1p0__kernel_9__order_2,1.0,9,2,1160,0.6326666666666667,0.24814115464687347,0.0005768439208623022,0.00011533001088537276,0.9893625811468832,4,4,5,0.0,1 4 5 3 6
356,0,sigma_1p0__kernel_9__order_2,1.0,9,2,1161,0.63235,0.0,0.0005766493850387633,0.002031223848462105,0.8132610107804167,0,0,1,0.0,6
357,0,sigma_1p0__kernel_9__order_2,1.0,9,2,1166,0.6307666666666667,0.164119690656662,0.0006525452365167439,0.000258144544204697,0.9784430868737621,5,5,6,0.0,1 2 3 5 4
358,0,sigma_1p0__kernel_9__order_2,1.0,9,2,1169,0.6298166666666667,0.03392595052719116,0.0006220669505031159,0.0009188886033371091,0.927516539805922,2,2,3,0.0,4 1 6
359,0,sigma_1p0__kernel_9__order_2,1.0,9,2,1172,0.6288666666666667,0.02150803804397583,0.0006663285894319415,0.0009526443900540471,0.9151682938746976,2,2,3,0.0,4 2 6
360,0,sigma_1p0__kernel_9__order_2,1.0,9,2,1176,0.6275999999999999,0.06791111081838608,0.0005940735863987356,0.0007634320063516498,0.9429564261797917,3,3,4,0.0,3 4 2 6
361,0,sigma_1p0__kernel_9__order_2,1.0,9,2,1179,0.6266499999999999,0.11029656231403351,0.0006298180087469518,0.00046191460569389164,0.9501293829944556,2,2,3,0.0,2 5 6
362,0,sigma_1p0__kernel_9__order_2,1.0,9,2,1181,0.6260166666666667,0.08585478365421295,0.0005817773781018332,0.0004186356964055449,0.9436479770400152,1,1,2,0.0,4 6
363,0,sigma_1p0__kernel_9__order_2,1.0,9,2,1186,0.6244333333333334,-0.030968904495239258,0.0004888053226750344,0.00021159497555345297,0.9732559048675895,4,4,5,0.0,3 5 1 4 6
364,0,sigma_1p0__kernel_9__order_2,1.0,9,2,1189,0.6234833333333334,0.23641297221183777,0.0004814761923626065,0.001325584831647575,0.8863597185828244,2,2,3,0.0,5 1 6
365,0,sigma_1p0__kernel_9__order_2,1.0,9,2,1190,0.6231666666666666,0.0,0.0004948345012962818,0.0017319965409114957,0.8891542722049139,0,0,1,0.0,6
366,0,sigma_1p0__kernel_9__order_2,1.0,9,2,1195,0.6215833333333334,0.5607198476791382,0.0005715568549931049,0.00035798409953713417,0.970142106026163,4,4,5,0.0,5 4 1 3 6
367,0,sigma_1p0__kernel_9__order_2,1.0,9,2,1200,0.62,0.5072866082191467,0.0006367554946336895,0.0006568227545358241,0.9496042964610135,4,4,5,0.0,3 2 4 1 6
368,0,sigma_1p0__kernel_9__order_2,1.0,9,2,1203,0.61905,0.158042773604393,0.0006169190552706519,0.0004597074002958834,0.9592404986923289,2,2,3,0.0,3 5 6
369,0,sigma_1p0__kernel_9__order_2,1.0,9,2,1207,0.6177833333333334,0.40655919909477234,0.0005726974050048739,0.0006771786720491946,0.9349581000885697,3,3,4,0.0,5 4 1 6
370,0,sigma_1p0__kernel_9__order_2,1.0,9,2,1212,0.6162,0.01989591121673584,0.0005623920587822795,0.00034784965100698173,0.9687446950625863,5,5,6,0.0,5 3 1 4 2
371,0,sigma_1p0__kernel_9__order_2,1.0,9,2,1217,0.6146166666666667,-0.034748807549476624,0.0006362783722579479,0.00020207019406370819,0.9847549568423193,4,4,5,0.0,4 3 1 2 6
372,0,sigma_1p0__kernel_9__order_2,1.0,9,2,1222,0.6130333333333333,0.5202906131744385,0.0005774257355369627,0.00040304585127159953,0.9671935243676023,5,5,6,0.0,5 1 2 4 3
373,0,sigma_1p0__kernel_9__order_2,1.0,9,2,1226,0.6117666666666667,0.16481979191303253,0.0006088493901188485,0.0002559213316999376,0.9799899954114034,3,3,4,0.0,4 3 5 6
374,0,sigma_1p0__kernel_9__order_2,1.0,9,2,1230,0.6105,0.36556094884872437,0.000683166435919702,0.0004259141278453171,0.9517410201387088,3,3,4,0.0,5 4 1 6
375,0,sigma_1p0__kernel_9__order_2,1.0,9,2,1233,0.60955,0.04232877492904663,0.0005822392025341591,0.0007382215117104352,0.9191066808954289,2,2,3,0.0,4 3 6
376,0,sigma_1p0__kernel_9__order_2,1.0,9,2,1237,0.6082833333333333,-0.01251976191997528,0.0005911725602345541,0.000641210819594562,0.9370065891537173,3,3,4,0.0,3 1 5 6
377,0,sigma_1p0__kernel_9__order_2,1.0,9,2,1241,0.6070166666666666,0.27362072467803955,0.0005546439351746812,0.00017932752962224185,0.9802599173840955,3,3,4,0.0,5 3 4 6
378,0,sigma_1p0__kernel_9__order_2,1.0,9,2,1244,0.6060666666666666,0.2163521647453308,0.0005089651870851716,0.0005882428376935422,0.9562205356345307,2,2,3,0.0,2 1 6
379,0,sigma_1p0__kernel_9__order_2,1.0,9,2,1245,0.60575,0.0,0.0004386091895867139,0.0016718236729502678,0.8375962150773736,0,0,1,0.0,6
380,0,sigma_1p0__kernel_9__order_2,1.0,9,2,1246,0.6054333333333334,0.0,0.0006454083486460149,0.0011481661349534988,0.8678097875875185,0,0,1,0.0,6
381,0,sigma_1p0__kernel_9__order_2,1.0,9,2,1251,0.60385,0.041373103857040405,0.0006035766506101936,0.0005394223262555897,0.9510297621118611,4,4,5,0.0,4 2 5 1 6
382,0,sigma_1p0__kernel_9__order_2,1.0,9,2,1252,0.6035333333333334,0.0,0.0007538868812844157,0.0007771444506943226,0.9101375993274764,0,0,1,0.0,6
383,0,sigma_1p0__kernel_9__order_2,1.0,9,2,1254,0.6029,0.08110056817531586,0.0008478750241920352,0.0006896124687045813,0.9194383195265862,1,1,2,0.0,5 6
384,0,sigma_1p0__kernel_9__order_2,1.0,9,2,1255,0.6025833333333334,0.0,0.0009118100861087441,0.0011536136735230684,0.9010127445552211,0,0,1,0.0,6
385,0,sigma_1p0__kernel_9__order_2,1.0,9,2,1258,0.6016333333333334,0.14717338979244232,0.0012308011452356975,0.0010842864867299795,0.9436813706751386,2,2,3,0.0,3 4 6
386,0,sigma_1p0__kernel_9__order_2,1.0,9,2,1260,0.601,0.1341959834098816,0.0008727501262910664,0.0009362325654365122,0.9275660937769377,1,1,2,0.0,5 6
387,0,sigma_1p0__kernel_9__order_2,1.0,9,2,1263,0.60005,0.455303817987442,0.0010431555177395542,0.0003397577675059438,0.9633346566759874,2,2,3,0.0,3 5 6
388,0,sigma_1p0__kernel_9__order_2,1.0,9,2,1268,0.5984666666666667,0.4917108118534088,0.0008499103831127286,0.0004085330874659121,0.9488037567536981,4,4,5,0.0,4 1 5 3 6
389,0,sigma_1p0__kernel_9__order_2,1.0,9,2,1272,0.5972,0.2975843548774719,0.0008966267196228728,0.00011739555338863283,0.9893193590265392,3,3,4,0.0,5 3 4 6
390,0,sigma_1p0__kernel_9__order_2,1.0,9,2,1275,0.59625,0.04714447259902954,0.00100652506807819,0.0005372372688725591,0.9469274561254222,2,2,3,0.0,3 4 6
391,0,sigma_1p0__kernel_9__order_2,1.0,9,2,1278,0.5953,0.33148640394210815,0.000757420687781026,0.0008614544058218598,0.9141885489491164,2,2,3,0.0,2 5 6
392,0,sigma_1p0__kernel_9__order_2,1.0,9,2,1281,0.59435,0.15491804480552673,0.0009202043293043971,0.000825033406727016,0.944136014095243,2,2,3,0.0,3 2 6
393,0,sigma_1p0__kernel_9__order_2,1.0,9,2,1286,0.5927666666666667,0.18220870196819305,0.0009664060547947883,0.0003028891223948449,0.976173714299406,5,5,6,0.0,1 5 4 3 2
394,0,sigma_1p0__kernel_9__order_2,1.0,9,2,1288,0.5921333333333334,0.24929222464561462,0.00053992192260921,0.0009170369594357908,0.9049003019477113,1,1,2,0.0,1 6
395,0,sigma_1p0__kernel_9__order_2,1.0,9,2,1293,0.59055,0.19917050004005432,0.000824305007699877,0.00011107099999208003,0.9894046905526933,5,5,6,0.0,1 3 5 2 4
396,0,sigma_1p0__kernel_9__order_2,1.0,9,2,1294,0.5902333333333334,0.0,0.0011851158924400806,0.003263943362981081,0.8303306931906627,0,0,1,0.0,6
397,0,sigma_1p0__kernel_9__order_2,1.0,9,2,1299,0.58865,0.07198567688465118,0.000753197306767106,0.0003891394298989326,0.9627816819194948,4,4,5,0.0,3 5 2 4 6
398,0,sigma_1p0__kernel_9__order_2,1.0,9,2,1301,0.5880166666666666,0.038031309843063354,0.0007129580189939588,0.000922714767511934,0.9105157326556982,1,1,2,0.0,1 6
399,0,sigma_1p0__kernel_9__order_2,1.0,9,2,1304,0.5870666666666666,0.22304603457450867,0.0007156172262815138,0.0004260059795342386,0.9664892217811024,2,2,3,0.0,3 1 6
400,0,sigma_1p0__kernel_9__order_2,1.0,9,2,1306,0.5864333333333334,0.14287510514259338,0.0008011580212041736,0.0007107271230779588,0.9194315349268999,1,1,2,0.0,3 6
401,0,sigma_1p0__kernel_9__order_2,1.0,9,2,1310,0.5851666666666667,-0.03244182467460632,0.0008407858113059774,0.0008193954126909375,0.9228993959716044,3,3,4,0.0,5 1 2 6
402,0,sigma_1p0__kernel_9__order_2,1.0,9,2,1315,0.5835833333333333,0.46730315685272217,0.0006552087259478867,0.00015950106899254024,0.9843590594783833,5,5,6,0.0,2 1 3 5 4
403,0,sigma_1p0__kernel_9__order_2,1.0,9,2,1318,0.5826333333333333,0.12964418530464172,0.0007412819153008362,0.00041113089537248015,0.9543368933671437,2,2,3,0.0,5 4 6
404,0,sigma_1p0__kernel_9__order_2,1.0,9,2,1320,0.5820000000000001,0.32953041791915894,0.0006988849781919271,0.0004293882811907679,0.9473106981776699,1,1,2,0.0,3 6
405,0,sigma_1p0__kernel_9__order_2,1.0,9,2,1323,0.5810500000000001,0.2901143431663513,0.0008036006862918536,0.00043593248119577765,0.9331352250931805,2,2,3,0.0,5 1 6
406,0,sigma_1p0__kernel_9__order_2,1.0,9,2,1327,0.5797833333333333,0.15966123342514038,0.0008581544971093535,0.0002310934942215681,0.9801104172054284,3,3,4,0.0,4 3 5 6
407,0,sigma_1p0__kernel_9__order_2,1.0,9,2,1332,0.5782,0.17451536655426025,0.0006588150747120381,0.00017592516087461263,0.9803412273154105,5,5,6,0.0,2 3 4 1 5
408,0,sigma_1p0__kernel_9__order_2,1.0,9,2,1337,0.5766166666666668,0.584675133228302,0.000687057210598141,0.00011217205610591918,0.9870819063163966,5,5,6,0.0,3 2 4 5 1
409,0,sigma_1p0__kernel_9__order_2,1.0,9,2,1338,0.5763,0.0,0.0009408549522049725,0.0016372115351259708,0.8761107215434135,0,0,1,0.0,6
410,0,sigma_1p0__kernel_9__order_2,1.0,9,2,1342,0.5750333333333333,0.1955854296684265,0.0006694530602544546,0.00036647991510108113,0.9605450474974941,3,3,4,0.0,3 2 4 6
411,0,sigma_1p0__kernel_9__order_2,1.0,9,2,1344,0.5744,0.05384458228945732,0.0005723852227674797,0.0011040607932955027,0.8920107060571629,1,1,2,0.0,1 6
412,0,sigma_1p0__kernel_9__order_2,1.0,9,2,1349,0.5728166666666668,0.10330149531364441,0.0006639094033744186,0.0002915810910053551,0.9785065628083226,4,4,5,0.0,3 1 4 5 6
413,0,sigma_1p0__kernel_9__order_2,1.0,9,2,1352,0.5718666666666667,-0.01505778357386589,0.0006526328700905045,0.0010934264864772558,0.8790985579900311,2,2,3,0.0,2 3 6
414,0,sigma_1p0__kernel_9__order_2,1.0,9,2,1357,0.5702833333333334,-0.13364708423614502,0.0006337532657198607,0.0005707937525585294,0.9483409410211902,5,5,6,0.0,2 1 5 4 3
415,0,sigma_1p0__kernel_9__order_2,1.0,9,2,1358,0.5699666666666667,0.0,0.0006313391495496035,0.0013771359808743,0.803482637797149,0,0,1,0.0,6
416,0,sigma_1p0__kernel_9__order_2,1.0,9,2,1363,0.5683833333333334,0.5642457008361816,0.0007344642886891961,0.000310016970615834,0.9650295623771926,5,5,6,0.0,3 2 4 1 5
417,0,sigma_1p0__kernel_9__order_2,1.0,9,2,1367,0.5671166666666667,0.2813257873058319,0.0006329668103717268,0.0002048807218670845,0.9843359494074629,3,3,4,0.0,3 5 4 6
418,0,sigma_1p0__kernel_9__order_2,1.0,9,2,1370,0.5661666666666667,0.1885434091091156,0.0006979203705365459,0.0005970994243398309,0.9436317382648357,2,2,3,0.0,2 1 6
419,0,sigma_1p0__kernel_9__order_2,1.0,9,2,1372,0.5655333333333334,0.18690526485443115,0.0008412504976149648,0.0008824567776173353,0.9398244744106933,1,1,2,0.0,2 6
420,0,sigma_1p0__kernel_9__order_2,1.0,9,2,1377,0.56395,0.012093514204025269,0.0007135017774999141,0.0003885505720973015,0.9628183320784824,5,5,6,0.0,4 1 3 2 5
421,0,sigma_1p0__kernel_9__order_2,1.0,9,2,1381,0.5626833333333334,0.5257713794708252,0.0007105555414455011,0.00016244305879808962,0.9840680202746079,3,3,4,0.0,3 5 4 6
422,0,sigma_1p0__kernel_9__order_2,1.0,9,2,1383,0.5620499999999999,0.32953041791915894,0.0007864352373871952,0.0004293882811907679,0.9473106981776699,1,1,2,0.0,3 6
423,0,sigma_1p0__kernel_9__order_2,1.0,9,2,1386,0.5610999999999999,0.12610960006713867,0.0007748670177534223,0.0007065960671752691,0.9436821180365882,2,2,3,0.0,2 5 6
424,0,sigma_1p0__kernel_9__order_2,1.0,9,2,1391,0.5595166666666667,0.39463871717453003,0.0007225852692499757,0.0002648760564625263,0.9685548641912719,5,5,6,0.0,5 1 4 3 2
425,0,sigma_1p0__kernel_9__order_2,1.0,9,2,1393,0.5588833333333334,0.08822499215602875,0.0008105270680971444,0.0010199007811024785,0.9173677836353231,1,1,2,0.0,4 6
426,0,sigma_1p0__kernel_9__order_2,1.0,9,2,1398,0.5573,0.5642457008361816,0.0005938470712862909,0.000310016970615834,0.9650295623771926,5,5,6,0.0,3 2 1 4 5
427,0,sigma_1p0__kernel_9__order_2,1.0,9,2,1402,0.5560333333333334,0.09833239018917084,0.0006511229221359827,0.0005130328354425728,0.9510404960862522,3,3,4,0.0,3 5 1 6
428,0,sigma_1p0__kernel_9__order_2,1.0,9,2,1406,0.5547666666666666,0.13184280693531036,0.0008449670422123745,0.0003914186963811517,0.962852881049713,3,3,4,0.0,3 5 4 6
429,0,sigma_1p0__kernel_9__order_2,1.0,9,2,1411,0.5531833333333334,0.4542589485645294,0.0006187134189531207,0.00022620128584094346,0.9837157861124747,5,5,6,0.0,3 1 2 4 5
430,0,sigma_1p0__kernel_9__order_2,1.0,9,2,1416,0.5516000000000001,0.4717111885547638,0.0006105430540628732,0.0004084963002242148,0.9487925082197087,5,5,6,0.0,3 4 2 1 5
431,0,sigma_1p0__kernel_9__order_2,1.0,9,2,1421,0.5500166666666666,0.4393908977508545,0.0007313921174500138,0.00026596305542625487,0.972855068238255,4,4,5,0.0,3 1 2 5 6
432,0,sigma_1p0__kernel_9__order_2,1.0,9,2,1425,0.5487500000000001,0.34968870878219604,0.0008017576183192432,0.00044717604760080576,0.9477597652944458,3,3,4,0.0,4 2 3 6
433,0,sigma_1p0__kernel_9__order_2,1.0,9,2,1428,0.5478000000000001,0.034364253282547,0.0007333761993019531,0.0006067782524041831,0.9416953231807129,2,2,3,0.0,4 5 6
434,0,sigma_1p0__kernel_9__order_2,1.0,9,2,1431,0.5468500000000001,0.023845836520195007,0.000596588768530637,0.0003850822104141116,0.9450794086480396,2,2,3,0.0,3 2 6
435,0,sigma_1p0__kernel_9__order_2,1.0,9,2,1436,0.5452666666666667,0.39658990502357483,0.0007106671808287501,0.0004623690329026431,0.953826961881624,5,5,6,0.0,3 2 4 1 5
436,0,sigma_1p0__kernel_9__order_2,1.0,9,2,1441,0.5436833333333333,0.14253216981887817,0.0005311508197337389,0.0006873199017718434,0.9496382234992369,5,5,6,0.0,1 3 5 2 4
437,0,sigma_1p0__kernel_9__order_2,1.0,9,2,1443,0.54305,0.17462415993213654,0.0004783158947248012,0.0006543710478581488,0.9297308259855127,1,1,2,0.0,2 6
438,0,sigma_1p0__kernel_9__order_2,1.0,9,2,1445,0.5424166666666667,0.07216545939445496,0.0007297924894373864,0.0009983577765524387,0.9042346423821841,1,1,2,0.0,4 6
439,0,sigma_1p0__kernel_9__order_2,1.0,9,2,1450,0.5408333333333333,0.5598862767219543,0.0006016515311785042,0.0003612028667703271,0.9702479499131973,4,4,5,0.0,3 2 5 4 6
440,0,sigma_1p0__kernel_9__order_2,1.0,9,2,1451,0.5405166666666666,0.0,0.0006866196636110544,0.003263943362981081,0.8303306931906627,0,0,1,0.0,6
441,0,sigma_1p0__kernel_9__order_2,1.0,9,2,1454,0.5395666666666666,0.03392595052719116,0.0006143165616473804,0.0009188886033371091,0.927516539805922,2,2,3,0.0,4 1 6
442,0,sigma_1p0__kernel_9__order_2,1.0,9,2,1457,0.5386166666666667,0.04490458220243454,0.00044973473995923996,0.0007315193070098758,0.9305473204068707,2,2,3,0.0,4 5 6
443,0,sigma_1p0__kernel_9__order_2,1.0,9,2,1460,0.5376666666666667,0.34085142612457275,0.0005464801603617767,0.0006890092045068741,0.9278843340493836,2,2,3,0.0,1 2 6
444,0,sigma_1p0__kernel_9__order_2,1.0,9,2,1461,0.53735,0.0,0.00048110156785696745,0.0017653151880949736,0.843665886736795,0,0,1,0.0,6
445,0,sigma_1p0__kernel_9__order_2,1.0,9,2,1462,0.5370333333333334,0.0,0.00053646310698241,0.0011481661349534988,0.8678097875875185,0,0,1,0.0,6
446,0,sigma_1p0__kernel_9__order_2,1.0,9,2,1467,0.53545,0.5482364296913147,0.000709422817453742,0.0003929327358491719,0.9559147044148087,4,4,5,0.0,4 5 1 2 6
447,0,sigma_1p0__kernel_9__order_2,1.0,9,2,1471,0.5341833333333333,0.4934103488922119,0.0006221483708941378,0.0005579609423875809,0.9545055962877523,3,3,4,0.0,4 2 3 6
448,0,sigma_1p0__kernel_9__order_2,1.0,9,2,1476,0.5326,0.5642457008361816,0.0007436237181536853,0.000310016970615834,0.9650295623771926,5,5,6,0.0,3 2 4 1 5
449,0,sigma_1p0__kernel_9__order_2,1.0,9,2,1481,0.5310166666666667,0.47761237621307373,0.0006332449731417001,0.00022937111498322338,0.9765678144876229,4,4,5,0.0,2 5 3 4 6
450,0,sigma_1p0__kernel_9__order_2,1.0,9,2,1483,0.5303833333333333,0.054702822118997574,0.00042844584095291793,0.00048586566117592156,0.9276666167977307,1,1,2,0.0,3 6
451,0,sigma_1p0__kernel_9__order_2,1.0,9,2,1486,0.5294333333333334,0.11319142580032349,0.0006850649369880557,0.0006818970432505012,0.9482707950185794,2,2,3,0.0,3 1 6
452,0,sigma_1p0__kernel_9__order_2,1.0,9,2,1488,0.5288,0.1065979078412056,0.0005693117855116725,0.0006766733131371439,0.9350880353349426,1,1,2,0.0,3 6
453,0,sigma_1p0__kernel_9__order_2,1.0,9,2,1490,0.5281666666666667,0.05485183373093605,0.000736300484277308,0.0008127221371978521,0.915750848827053,1,1,2,0.0,3 6
454,0,sigma_1p0__kernel_9__order_2,1.0,9,2,1495,0.5265833333333334,0.20172785222530365,0.0007224506931379438,0.0002679729659575969,0.9730112660193415,4,4,5,0.0,5 2 3 4 6
455,0,sigma_1p0__kernel_9__order_2,1.0,9,2,1500,0.525,0.4647652506828308,0.0007219268009066582,0.00048601313028484583,0.9562057949487435,5,5,6,0.0,3 1 5 2 4
456,0,sigma_1p0__kernel_9__order_2,1.0,9,2,1505,0.5234166666666666,0.5202906131744385,0.0014309432124719023,0.00040304585127159953,0.9671935243676023,5,5,6,0.0,2 3 4 5 1
457,0,sigma_1p0__kernel_9__order_2,1.0,9,2,1509,0.52215,0.41480422019958496,0.0012998980091651902,0.00047135716886259615,0.967658815004029,3,3,4,0.0,4 5 1 6
458,0,sigma_1p0__kernel_9__order_2,1.0,9,2,1514,0.5205666666666666,0.07388390600681305,0.001098472543526441,0.0003109108947683126,0.9701825988951818,4,4,5,0.0,1 5 4 2 6
459,0,sigma_1p0__kernel_9__order_2,1.0,9,2,1519,0.5189833333333334,0.4361605942249298,0.0007895573391579092,0.00013534293975681067,0.9771839583316966,5,5,6,0.0,3 2 4 1 5
460,0,sigma_1p0__kernel_9__order_2,1.0,9,2,1520,0.5186666666666666,0.0,0.000914490083232522,0.0013044682564213872,0.862803267578591,0,0,1,0.0,6
461,0,sigma_1p0__kernel_9__order_2,1.0,9,2,1522,0.5180333333333333,0.30821889638900757,0.0008555049425922334,0.0014804382808506489,0.8922046630883613,1,1,2,0.0,3 6
462,0,sigma_1p0__kernel_9__order_2,1.0,9,2,1525,0.5170833333333333,0.1450158804655075,0.0010703227405125897,0.0005855225026607513,0.947268991794229,2,2,3,0.0,4 3 6
463,0,sigma_1p0__kernel_9__order_2,1.0,9,2,1530,0.5155000000000001,0.5104424953460693,0.0007485796231776476,0.00035435653990134597,0.9604609155236753,4,4,5,0.0,4 1 2 5 6
464,0,sigma_1p0__kernel_9__order_2,1.0,9,2,1531,0.5151833333333333,0.0,0.0006277210195548832,0.003308313898742199,0.7732636727288578,0,0,1,0.0,6
465,0,sigma_1p0__kernel_9__order_2,1.0,9,2,1536,0.5136000000000001,0.07198569178581238,0.0006887277239002287,0.0003891394298989326,0.9627816819194948,4,4,5,0.0,5 4 3 2 6
466,0,sigma_1p0__kernel_9__order_2,1.0,9,2,1537,0.5132833333333333,0.0,0.000987674342468381,0.0015879170969128609,0.8924703862823714,0,0,1,0.0,6
467,0,sigma_1p0__kernel_9__order_2,1.0,9,2,1542,0.5117,0.10546188056468964,0.0008877672953531146,0.000251567893428728,0.9801240219655983,4,4,5,0.0,5 3 4 2 6
468,0,sigma_1p0__kernel_9__order_2,1.0,9,2,1544,0.5110666666666667,0.08110056817531586,0.0008675760182086378,0.0006896124687045813,0.9194383195265862,1,1,2,0.0,5 6
469,0,sigma_1p0__kernel_9__order_2,1.0,9,2,1549,0.5094833333333334,0.4488770663738251,0.0008399203070439398,0.00022662525589112192,0.9768648725556703,5,5,6,0.0,4 2 1 5 3
470,0,sigma_1p0__kernel_9__order_2,1.0,9,2,1554,0.5079,0.4717111885547638,0.0006263816845603287,0.0004084963002242148,0.9487925082197087,5,5,6,0.0,1 4 5 3 2
471,0,sigma_1p0__kernel_9__order_2,1.0,9,2,1555,0.5075833333333334,0.0,0.0008391847368329763,0.001856160582974553,0.8008199268320795,0,0,1,0.0,6
472,0,sigma_1p0__kernel_9__order_2,1.0,9,2,1560,0.506,0.17451535165309906,0.0007146112271584571,0.00017592516087461263,0.9803412273154105,5,5,6,0.0,4 1 5 3 2
473,0,sigma_1p0__kernel_9__order_2,1.0,9,2,1565,0.5044166666666667,0.48371174931526184,0.0006277720094658434,0.00022842769976705313,0.9837014776312355,4,4,5,0.0,1 5 3 4 6
474,0,sigma_1p0__kernel_9__order_2,1.0,9,2,1570,0.5028333333333334,0.6035642027854919,0.0006136702722869813,0.00011355951573932543,0.9870355374287199,4,4,5,0.0,3 2 4 5 6
475,0,sigma_1p0__kernel_9__order_2,1.0,9,2,1572,0.5022,0.0992041677236557,0.0008134591043926775,0.0011245696805417538,0.9029635354327248,1,1,2,0.0,5 6
476,0,sigma_1p0__kernel_9__order_2,1.0,9,2,1573,0.5018833333333333,0.0,0.0006719358498230577,0.0011304784566164017,0.9181450914401078,0,0,1,0.0,6
477,0,sigma_1p0__kernel_9__order_2,1.0,9,2,1576,0.5009333333333335,-0.013520419597625732,0.0007333819133539995,0.0011726561933755875,0.8917870335325191,2,2,3,0.0,3 2 6
478,0,sigma_1p0__kernel_9__order_2,1.0,9,2,1578,0.5003,0.15118815004825592,0.000629898306215182,0.0008677939767949283,0.9223440661760629,1,1,2,0.0,5 6
479,0,sigma_1p0__kernel_9__order_2,1.0,9,2,1583,0.4987166666666667,0.18392987549304962,0.0006399228353984654,0.00019453746790532023,0.9847555865714156,5,5,6,0.0,1 4 3 5 2
480,0,sigma_1p0__kernel_9__order_2,1.0,9,2,1584,0.49839999999999995,0.0,0.0005102409049868584,0.0015030436916276813,0.8656178130862369,0,0,1,0.0,6
481,0,sigma_1p0__kernel_9__order_2,1.0,9,2,1589,0.4968166666666667,0.23296566307544708,0.000616172217996791,0.0001988169242395088,0.9846306668769449,4,4,5,0.0,3 4 5 2 6
482,0,sigma_1p0__kernel_9__order_2,1.0,9,2,1594,0.4952333333333334,0.6035642027854919,0.0006467368802987039,0.00011355951573932543,0.9870355374287199,4,4,5,0.0,2 3 4 5 6
483,0,sigma_1p0__kernel_9__order_2,1.0,9,2,1595,0.4949166666666668,0.0,0.0006762221455574036,0.0015325190033763647,0.8707035052081776,0,0,1,0.0,6
484,0,sigma_1p0__kernel_9__order_2,1.0,9,2,1598,0.4939666666666668,0.04641816020011902,0.0007508010021410882,0.0007575950585305691,0.9282478330818567,2,2,3,0.0,3 5 6
485,0,sigma_1p0__kernel_9__order_2,1.0,9,2,1603,0.4923833333333334,0.4647652506828308,0.000817884353455156,0.00048601313028484583,0.9562057949487435,5,5,6,0.0,3 2 4 1 5
486,0,sigma_1p0__kernel_9__order_2,1.0,9,2,1606,0.4914333333333334,0.059378549456596375,0.0007524955435656011,0.00037747513852082193,0.9724228940594069,2,2,3,0.0,1 3 6
487,0,sigma_1p0__kernel_9__order_2,1.0,9,2,1608,0.4908,0.1065979078412056,0.000542954687261954,0.0006766733131371439,0.9350880353349426,1,1,2,0.0,3 6
488,0,sigma_1p0__kernel_9__order_2,1.0,9,2,1613,0.48921666666666674,0.15215297043323517,0.000670573435490951,0.0002668093075044453,0.9731276430251624,5,5,6,0.0,2 4 1 5 3
489,0,sigma_1p0__kernel_9__order_2,1.0,9,2,1616,0.48826666666666674,0.058370791375637054,0.0006903572163234154,0.0004879920743405819,0.9443934640972282,2,2,3,0.0,3 5 6
490,0,sigma_1p0__kernel_9__order_2,1.0,9,2,1617,0.48795,0.0,0.0009678977658040822,0.0011304784566164017,0.9181450914401078,0,0,1,0.0,6
491,0,sigma_1p0__kernel_9__order_2,1.0,9,2,1621,0.48668333333333336,0.2811933755874634,0.0006317213992588222,0.0003074454143643379,0.9758183664501635,3,3,4,0.0,3 4 5 6
492,0,sigma_1p0__kernel_9__order_2,1.0,9,2,1622,0.4863666666666667,0.0,0.0004835713771171868,0.0020724181085824966,0.849481851597816,0,0,1,0.0,6
493,0,sigma_1p0__kernel_9__order_2,1.0,9,2,1624,0.48573333333333335,0.10499266535043716,0.0004938867932651192,0.0020708481315523386,0.9082810768877532,1,1,2,0.0,4 6
494,0,sigma_1p0__kernel_9__order_2,1.0,9,2,1629,0.48414999999999997,0.06753629446029663,0.0006742550060153008,0.00035335123538970947,0.9694621000221878,4,4,5,0.0,3 2 1 5 6
495,0,sigma_1p0__kernel_9__order_2,1.0,9,2,1630,0.48383333333333334,0.0,0.0005467323353514075,0.0015070094959810376,0.8746289871278685,0,0,1,0.0,6
496,0,sigma_1p0__kernel_9__order_2,1.0,9,2,1633,0.48288333333333333,0.05513450503349304,0.0006278408400248736,0.0006530879763886333,0.9352612300342952,2,2,3,0.0,3 5 6
497,0,sigma_1p0__kernel_9__order_2,1.0,9,2,1636,0.4819333333333333,0.006962977349758148,0.00048571032433149713,0.0009346379083581269,0.8918465486817354,2,2,3,0.0,3 1 6
498,0,sigma_1p0__kernel_9__order_2,1.0,9,2,1641,0.48034999999999994,0.5482364296913147,0.0005074402026366443,0.0003929327358491719,0.9559147044148087,4,4,5,0.0,1 4 2 5 6
499,0,sigma_1p0__kernel_9__order_2,1.0,9,2,1644,0.47939999999999994,0.23186418414115906,0.0006014703346105913,0.0003667773271445185,0.9648985779632712,2,2,3,0.0,4 2 6
500,0,sigma_1p0__kernel_9__order_2,1.0,9,2,1646,0.4787666666666667,0.06885778158903122,0.0006668038549833,0.0009730406454764307,0.927493339335805,1,1,2,0.0,4 6
501,0,sigma_1p0__kernel_9__order_2,1.0,9,2,1650,0.47750000000000004,0.5116891264915466,0.0006841318972874433,0.00040857974090613425,0.9488013382473968,3,3,4,0.0,3 4 5 6
502,0,sigma_1p0__kernel_9__order_2,1.0,9,2,1654,0.4762333333333334,0.3803153336048126,0.0005218554724706337,0.00038127379957586527,0.952144173163296,3,3,4,0.0,2 3 5 6
503,0,sigma_1p0__kernel_9__order_2,1.0,9,2,1658,0.47496666666666676,0.2813258171081543,0.0005942980496911332,0.0002048807218670845,0.9843359494074629,3,3,4,0.0,4 5 3 6
504,0,sigma_1p0__kernel_9__order_2,1.0,9,2,1661,0.47401666666666675,0.4223179817199707,0.0005527261140135428,0.0005614064866676927,0.9529977116410429,2,2,3,0.0,2 5 6
505,0,sigma_1p0__kernel_9__order_2,1.0,9,2,1665,0.47275,0.13430155813694,0.0004996558127459139,0.00040969462133944035,0.9698019472972959,3,3,4,0.0,4 1 3 6
506,0,sigma_1p0__kernel_9__order_2,1.0,9,2,1667,0.47211666666666674,0.042731307446956635,0.0007036268070805818,0.0010006569791585207,0.9216949270299539,1,1,2,0.0,4 6
507,0,sigma_1p0__kernel_9__order_2,1.0,9,2,1672,0.47053333333333336,0.466244101524353,0.0005545820866245776,0.00013587935245595872,0.9773045430285469,4,4,5,0.0,1 4 5 3 6
508,0,sigma_1p0__kernel_9__order_2,1.0,9,2,1675,0.46958333333333335,0.16027361154556274,0.0005417790380306542,0.0003168144612573087,0.962523856270044,2,2,3,0.0,5 3 6
509,0,sigma_1p0__kernel_9__order_2,1.0,9,2,1680,0.46799999999999997,0.555174708366394,0.0006114105228334666,0.00044878676999360323,0.9659557233738417,5,5,6,0.0,4 3 5 2 1
510,0,sigma_1p0__kernel_9__order_2,1.0,9,2,1682,0.4673666666666667,0.21097587049007416,0.00045536260586231947,0.0006971514085307717,0.9381305670518513,1,1,2,0.0,4 6
511,0,sigma_1p0__kernel_9__order_2,1.0,9,2,1687,0.4657833333333333,0.5629134178161621,0.0004777419671881944,0.0002687380474526435,0.9711584980188737,4,4,5,0.0,2 3 4 5 6
512,0,sigma_1p0__kernel_9__order_2,1.0,9,2,1692,0.46420000000000006,0.20377403497695923,0.0006153866881504655,0.0003301151446066797,0.9657235109777711,4,4,5,0.0,4 3 2 5 6
513,0,sigma_1p0__kernel_9__order_2,1.0,9,2,1694,0.4635666666666667,0.2930851876735687,0.0006393119838321581,0.0008156645344570279,0.9061552358261895,1,1,2,0.0,3 6
514,0,sigma_1p0__kernel_9__order_2,1.0,9,2,1698,0.46230000000000004,-0.034193843603134155,0.0005344109085854143,0.0007787719368934631,0.9145798775302102,3,3,4,0.0,1 4 2 6
515,0,sigma_1p0__kernel_9__order_2,1.0,9,2,1701,0.46135000000000004,-0.0069260373711586,0.0004712228449837615,0.0012458970304578543,0.9067299050964441,2,2,3,0.0,1 4 6
516,0,sigma_1p0__kernel_9__order_2,1.0,9,2,1704,0.46040000000000003,0.4503912329673767,0.0006044797288874785,0.0005463688867166638,0.9281530880970563,2,2,3,0.0,3 5 6
517,0,sigma_1p0__kernel_9__order_2,1.0,9,2,1708,0.4591333333333333,0.05980047583580017,0.0005611751912510954,0.00010492635192349553,0.9911175728304916,3,3,4,0.0,3 5 4 6
518,0,sigma_1p0__kernel_9__order_2,1.0,9,2,1712,0.45786666666666676,0.09833239018917084,0.0005901551194256172,0.0005130328354425728,0.9510404960862522,3,3,4,0.0,3 5 1 6
519,0,sigma_1p0__kernel_9__order_2,1.0,9,2,1717,0.4562833333333334,0.49645063281059265,0.0006121734157204628,0.00016091778525151312,0.9841738597497646,4,4,5,0.0,2 3 4 5 6
520,0,sigma_1p0__kernel_9__order_2,1.0,9,2,1718,0.45596666666666674,0.0,0.0007150411838665605,0.0011222397442907095,0.8815270427716331,0,0,1,0.0,6
521,0,sigma_1p0__kernel_9__order_2,1.0,9,2,1719,0.4556500000000001,0.0,0.0005386915290728211,0.002031223848462105,0.8132610107804167,0,0,1,0.0,6
522,0,sigma_1p0__kernel_9__order_2,1.0,9,2,1720,0.45533333333333337,0.0,0.0005860342062078416,0.0011222397442907095,0.8815270427716331,0,0,1,0.0,6
523,0,sigma_1p0__kernel_9__order_2,1.0,9,2,1725,0.4537500000000001,0.10546185076236725,0.000548700988292694,0.000251567893428728,0.9801240219655983,4,4,5,0.0,3 2 4 5 6
524,0,sigma_1p0__kernel_9__order_2,1.0,9,2,1730,0.4521666666666667,0.46730315685272217,0.0005926372250542045,0.00015950106899254024,0.9843590594783833,5,5,6,0.0,2 3 1 4 5
525,0,sigma_1p0__kernel_9__order_2,1.0,9,2,1731,0.4518500000000001,0.0,0.00028257767553441226,0.0020724181085824966,0.849481851597816,0,0,1,0.0,6
526,0,sigma_1p0__kernel_9__order_2,1.0,9,2,1736,0.4502666666666667,0.09800677001476288,0.0006082976295147091,0.00017057478544302285,0.9812847025754478,4,4,5,0.0,3 5 4 2 6
527,0,sigma_1p0__kernel_9__order_2,1.0,9,2,1739,0.4493166666666667,0.14686039090156555,0.0005451871547847986,0.0005567030166275799,0.9459672033007165,2,2,3,0.0,3 5 6
528,0,sigma_1p0__kernel_9__order_2,1.0,9,2,1740,0.44900000000000007,0.0,0.0005243608029559255,0.0025238909292966127,0.8190127095732479,0,0,1,0.0,6
529,0,sigma_1p0__kernel_9__order_2,1.0,9,2,1745,0.4474166666666667,0.20373810827732086,0.0005949101876467466,0.00033044180599972606,0.9657350972064468,4,4,5,0.0,4 1 5 3 6
530,0,sigma_1p0__kernel_9__order_2,1.0,9,2,1750,0.4458333333333333,0.4361605942249298,0.0004801004659384489,0.00013534293975681067,0.9771839583316966,5,5,6,0.0,2 3 1 4 5
531,0,sigma_1p0__kernel_9__order_2,1.0,9,2,1753,0.4448833333333333,0.16352729499340057,0.0009279296888659397,0.0005552549264393747,0.9588457210948436,2,2,3,0.0,3 5 6
532,0,sigma_1p0__kernel_9__order_2,1.0,9,2,1758,0.4433,0.15377412736415863,0.0007992352242581546,0.0003299605450592935,0.9657050667067062,5,5,6,0.0,1 4 3 5 2
533,0,sigma_1p0__kernel_9__order_2,1.0,9,2,1763,0.44171666666666665,0.20377400517463684,0.0007408391684293747,0.0003301151446066797,0.9657235109777711,4,4,5,0.0,3 5 2 4 6
534,0,sigma_1p0__kernel_9__order_2,1.0,9,2,1767,0.44045,0.2975843548774719,0.0009055483533302322,0.00011739555338863283,0.9893193590265392,3,3,4,0.0,5 3 4 6
535,0,sigma_1p0__kernel_9__order_2,1.0,9,2,1772,0.43886666666666674,0.22385519742965698,0.0007305082166567445,0.00017819899949245155,0.9802539548997221,4,4,5,0.0,5 2 3 4 6
536,0,sigma_1p0__kernel_9__order_2,1.0,9,2,1777,0.43728333333333336,0.5739725232124329,0.0007545727421529591,0.0004525361873675138,0.9656771898942952,4,4,5,0.0,4 3 2 5 6
537,0,sigma_1p0__kernel_9__order_2,1.0,9,2,1780,0.43633333333333335,0.0129685178399086,0.000934149701303492,0.000905966036953032,0.9081719135345092,2,2,3,0.0,3 2 6
538,0,sigma_1p0__kernel_9__order_2,1.0,9,2,1783,0.43538333333333334,0.2268434762954712,0.000771706826829662,0.000591771793551743,0.9380490356407324,2,2,3,0.0,4 3 6
539,0,sigma_1p0__kernel_9__order_2,1.0,9,2,1787,0.4341166666666667,0.6219107508659363,0.0006805417579016648,0.00011563707084860653,0.9869697132944069,3,3,4,0.0,4 3 5 6
540,0,sigma_1p0__kernel_9__order_2,1.0,9,2,1792,0.4325333333333333,0.5435150861740112,0.0006722877209540456,0.00026785070076584816,0.9713053481296751,5,5,6,0.0,5 3 2 1 4
541,0,sigma_1p0__kernel_9__order_2,1.0,9,2,1796,0.4312666666666667,0.23748072981834412,0.0008088982285698876,0.0004897397593595088,0.9594882269889364,3,3,4,0.0,1 4 3 6
542,0,sigma_1p0__kernel_9__order_2,1.0,9,2,1799,0.4303166666666667,0.148762509226799,0.0006543182147045931,0.0005902164848521352,0.9453008105617358,2,2,3,0.0,5 3 6
543,0,sigma_1p0__kernel_9__order_2,1.0,9,2,1802,0.4293666666666667,0.27460354566574097,0.0006240787527834376,0.0008519789553247392,0.912929202975898,2,2,3,0.0,3 2 6
544,0,sigma_1p0__kernel_9__order_2,1.0,9,2,1804,0.4287333333333333,0.08585478365421295,0.0008123217849060893,0.0004186356964055449,0.9436479770400152,1,1,2,0.0,4 6
545,0,sigma_1p0__kernel_9__order_2,1.0,9,2,1807,0.4277833333333333,0.3786160945892334,0.0007521992665715516,0.0003682529495563358,0.9565913310622205,2,2,3,0.0,3 2 6
546,0,sigma_1p0__kernel_9__order_2,1.0,9,2,1809,0.42715000000000003,0.41098207235336304,0.0006371239724103361,0.0008309680270031095,0.9311365106549473,1,1,2,0.0,4 6
547,0,sigma_1p0__kernel_9__order_2,1.0,9,2,1813,0.4258833333333334,0.38031530380249023,0.0006039744039298967,0.00038127379957586527,0.952144173163296,3,3,4,0.0,5 2 3 6
548,0,sigma_1p0__kernel_9__order_2,1.0,9,2,1817,0.42461666666666664,0.09121295809745789,0.000791766942711547,0.0005400257068686187,0.9478815046275272,3,3,4,0.0,2 3 5 6
549,0,sigma_1p0__kernel_9__order_2,1.0,9,2,1819,0.4239833333333334,0.2251468002796173,0.0007172651239670813,0.0010373997502028942,0.8940104970555668,1,1,2,0.0,5 6
550,0,sigma_1p0__kernel_9__order_2,1.0,9,2,1823,0.42271666666666663,0.01809411495923996,0.0008221931348089129,0.0002499507972970605,0.9788592668088523,3,3,4,0.0,3 5 2 6
551,0,sigma_1p0__kernel_9__order_2,1.0,9,2,1827,0.42145,0.4929637610912323,0.0005545123349293135,0.0004154992930125445,0.9528167173886555,3,3,4,0.0,3 2 5 6
552,0,sigma_1p0__kernel_9__order_2,1.0,9,2,1830,0.4205,0.07632232457399368,0.0006539151654578745,0.0003549546527210623,0.9567700723688894,2,2,3,0.0,5 3 6
553,0,sigma_1p0__kernel_9__order_2,1.0,9,2,1835,0.4189166666666667,0.41234585642814636,0.0006735677714459598,0.0006324610440060496,0.9419210264359587,4,4,5,0.0,4 2 5 1 6
554,0,sigma_1p0__kernel_9__order_2,1.0,9,2,1837,0.41828333333333345,0.05810605362057686,0.00047422436182387173,0.0009531715768389404,0.9159914645478218,1,1,2,0.0,1 6
555,0,sigma_1p0__kernel_9__order_2,1.0,9,2,1842,0.41670000000000007,0.5632835626602173,0.0005834235809743405,0.00026843766681849957,0.9713118144717426,4,4,5,0.0,3 4 5 1 6
556,0,sigma_1p0__kernel_9__order_2,1.0,9,2,1846,0.41543333333333343,0.2537424862384796,0.0007528052374254912,0.0003305163118056953,0.9657473915503509,3,3,4,0.0,3 5 4 6
557,0,sigma_1p0__kernel_9__order_2,1.0,9,2,1851,0.41385000000000005,0.46730318665504456,0.0005681143142282963,0.00015950106899254024,0.9843590594783833,5,5,6,0.0,5 2 3 1 4
558,0,sigma_1p0__kernel_9__order_2,1.0,9,2,1854,0.41290000000000004,0.014068253338336945,0.0006400914668726424,0.0007290833164006472,0.9344474175295988,2,2,3,0.0,1 4 6
559,0,sigma_1p0__kernel_9__order_2,1.0,9,2,1858,0.4116333333333334,0.10722388327121735,0.0006074109696783125,0.00041794724529609084,0.9617676860724845,3,3,4,0.0,5 2 1 6
560,0,sigma_1p0__kernel_9__order_2,1.0,9,2,1859,0.41131666666666666,0.0,0.0007658031536266208,0.002031223848462105,0.8132610107804167,0,0,1,0.0,6
561,0,sigma_1p0__kernel_9__order_2,1.0,9,2,1864,0.4097333333333334,0.15377414226531982,0.0006304823094978928,0.0003299605450592935,0.9657050667067062,5,5,6,0.0,3 4 2 5 1
562,0,sigma_1p0__kernel_9__order_2,1.0,9,2,1869,0.40815,0.18392986059188843,0.0005792163545265793,0.00019453746790532023,0.9847555865714156,5,5,6,0.0,2 3 5 4 1
563,0,sigma_1p0__kernel_9__order_2,1.0,9,2,1874,0.40656666666666663,0.23187503218650818,0.0006261002388782799,0.0002024635614361614,0.9844085022753966,4,4,5,0.0,5 3 4 1 6
564,0,sigma_1p0__kernel_9__order_2,1.0,9,2,1879,0.40498333333333336,0.10911610722541809,0.0005744663067162037,0.0003617349429987371,0.9756368529605242,4,4,5,0.0,5 3 2 4 6
565,0,sigma_1p0__kernel_9__order_2,1.0,9,2,1883,0.4037166666666666,0.23772619664669037,0.0006535337888635695,0.00033741473453119397,0.9745578110466105,3,3,4,0.0,2 4 5 6
566,0,sigma_1p0__kernel_9__order_2,1.0,9,2,1886,0.4027666666666666,0.03553807735443115,0.0005943300784565508,0.0007937612244859338,0.9251901235931977,2,2,3,0.0,4 1 6
567,0,sigma_1p0__kernel_9__order_2,1.0,9,2,1890,0.4015000000000001,0.6219107508659363,0.0005430085584521294,0.00011563707084860653,0.9869697132944069,3,3,4,0.0,3 4 5 6
568,0,sigma_1p0__kernel_9__order_2,1.0,9,2,1895,0.3999166666666667,0.20204560458660126,0.0005601468379609287,0.00026787116075865924,0.9731621545751653,4,4,5,0.0,1 4 3 5 6
569,0,sigma_1p0__kernel_9__order_2,1.0,9,2,1896,0.39960000000000007,0.0,0.0005864637205377221,0.0025238909292966127,0.8190127095732479,0,0,1,0.0,6
570,0,sigma_1p0__kernel_9__order_2,1.0,9,2,1898,0.3989666666666667,0.08585478365421295,0.00048011129547376186,0.0004186356964055449,0.9436479770400152,1,1,2,0.0,4 6
571,0,sigma_1p0__kernel_9__order_2,1.0,9,2,1903,0.3973833333333334,0.5607198476791382,0.0005622994969598949,0.00035798409953713417,0.970142106026163,4,4,5,0.0,3 4 1 5 6
572,0,sigma_1p0__kernel_9__order_2,1.0,9,2,1906,0.3964333333333334,0.14686039090156555,0.0004556100757326931,0.0005567030166275799,0.9459672033007165,2,2,3,0.0,3 5 6
573,0,sigma_1p0__kernel_9__order_2,1.0,9,2,1908,0.39580000000000004,0.07216545939445496,0.0005666961224051192,0.0009983577765524387,0.9042346423821841,1,1,2,0.0,4 6
574,0,sigma_1p0__kernel_9__order_2,1.0,9,2,1912,0.3945333333333334,0.4599292576313019,0.0004899944906355813,0.00033009552862495184,0.9623021453477256,3,3,4,0.0,5 3 4 6
575,0,sigma_1p0__kernel_9__order_2,1.0,9,2,1914,0.39390000000000003,0.2251468002796173,0.0006017468112986535,0.0010373997502028942,0.8940104970555668,1,1,2,0.0,5 6
576,0,sigma_1p0__kernel_9__order_2,1.0,9,2,1917,0.39295,0.17979587614536285,0.0006291186048959693,0.0007011665729805827,0.9514408477279718,2,2,3,0.0,5 3 6
577,0,sigma_1p0__kernel_9__order_2,1.0,9,2,1922,0.39136666666666664,0.22385521233081818,0.0005061852105427533,0.00017819899949245155,0.9802539548997221,4,4,5,0.0,5 4 3 2 6
578,0,sigma_1p0__kernel_9__order_2,1.0,9,2,1927,0.38978333333333337,0.21299192309379578,0.0005827261134982109,0.00026344420621171594,0.9782822229207342,4,4,5,0.0,4 5 3 2 6
579,0,sigma_1p0__kernel_9__order_2,1.0,9,2,1929,0.38915,0.06620339304208755,0.0004431894776644185,0.0010458785109221935,0.8895152893258473,1,1,2,0.0,4 6
580,0,sigma_1p0__kernel_9__order_2,1.0,9,2,1934,0.3875666666666666,0.4917108118534088,0.0005175469326786697,0.0004085330874659121,0.9488037567536981,4,4,5,0.0,4 3 5 1 6
581,0,sigma_1p0__kernel_9__order_2,1.0,9,2,1938,0.3863,0.5133083462715149,0.000555596940102987,0.00022969531710259616,0.9836593969292079,3,3,4,0.0,5 3 4 6
582,0,sigma_1p0__kernel_9__order_2,1.0,9,2,1941,0.38534999999999997,0.40549975633621216,0.0005176693278675278,0.0003888272913172841,0.9510824595280124,2,2,3,0.0,5 3 6
583,0,sigma_1p0__kernel_9__order_2,1.0,9,2,1943,0.3847166666666667,0.07216545939445496,0.0005941757699474692,0.0009983577765524387,0.9042346423821841,1,1,2,0.0,4 6
584,0,sigma_1p0__kernel_9__order_2,1.0,9,2,1945,0.38408333333333333,0.2731993794441223,0.0006192020082380623,0.0011519886320456862,0.8681792778790209,1,1,2,0.0,3 6
585,0,sigma_1p0__kernel_9__order_2,1.0,9,2,1950,0.38250000000000006,0.19243645668029785,0.00045546999317593875,0.0006874401587992907,0.9495596571888566,4,4,5,0.0,5 4 1 3 6
586,0,sigma_1p0__kernel_9__order_2,1.0,9,2,1955,0.3809166666666668,0.16364024579524994,0.0004636879079043865,0.000357991608325392,0.9613997680572494,4,4,5,0.0,1 4 2 5 6
587,0,sigma_1p0__kernel_9__order_2,1.0,9,2,1960,0.3793333333333334,0.5629134774208069,0.00045999342110008,0.0002687380474526435,0.9711584980188737,4,4,5,0.0,4 3 2 5 6
588,0,sigma_1p0__kernel_9__order_2,1.0,9,2,1964,0.3780666666666668,0.2811933755874634,0.0005233226474956609,0.0003074454143643379,0.9758183664501635,3,3,4,0.0,4 3 5 6
589,0,sigma_1p0__kernel_9__order_2,1.0,9,2,1968,0.3768,0.15600350499153137,0.0004501614239416085,0.00016633210179861635,0.9804948296721285,3,3,4,0.0,3 5 4 6
590,0,sigma_1p0__kernel_9__order_2,1.0,9,2,1972,0.3755333333333334,0.2537424862384796,0.0004646787201636471,0.0003305163118056953,0.9657473915503509,3,3,4,0.0,5 4 3 6
591,0,sigma_1p0__kernel_9__order_2,1.0,9,2,1977,0.37395,0.46730318665504456,0.000546845339704305,0.00015950106899254024,0.9843590594783833,5,5,6,0.0,5 2 3 1 4
592,0,sigma_1p0__kernel_9__order_2,1.0,9,2,1982,0.37236666666666673,0.17451538145542145,0.0004855294362641871,0.00017592516087461263,0.9803412273154105,5,5,6,0.0,5 4 3 1 2
593,0,sigma_1p0__kernel_9__order_2,1.0,9,2,1986,0.3711,0.0388403981924057,0.0005463212000904605,0.00021304468100424856,0.973214700410539,3,3,4,0.0,5 3 4 6
594,0,sigma_1p0__kernel_9__order_2,1.0,9,2,1991,0.3695166666666667,0.5739725232124329,0.0005112140148412436,0.0004525361873675138,0.9656771898942952,4,4,5,0.0,4 2 3 5 6
595,0,sigma_1p0__kernel_9__order_2,1.0,9,2,1993,0.36888333333333334,0.24748513102531433,0.000577915197936818,0.0009740907698869705,0.8982363426426645,1,1,2,0.0,3 6
596,0,sigma_1p0__kernel_9__order_2,1.0,9,2,1995,0.36824999999999997,0.08822499215602875,0.0004982562531949952,0.0010199007811024785,0.9173677836353231,1,1,2,0.0,4 6
597,0,sigma_1p0__kernel_9__order_2,1.0,9,2,1998,0.36729999999999996,0.27460354566574097,0.0005188862463304152,0.0008519789553247392,0.912929202975898,2,2,3,0.0,2 3 6
598,0,sigma_1p0__kernel_9__order_2,1.0,9,2,2003,0.3657166666666667,0.10547441244125366,0.0006887829862535,0.00025139222270809114,0.9801201290062294,4,4,5,0.0,5 4 3 1 6
599,0,sigma_1p0__kernel_9__order_2,1.0,9,2,2008,0.3641333333333333,0.46614840626716614,0.0008895920356735588,0.0001355567219434306,0.9772140656406332,4,4,5,0.0,5 2 3 4 6
600,0,sigma_1p0__kernel_9__order_2,1.0,9,2,2010,0.36350000000000005,0.09472252428531647,0.0007369345112238079,0.0005082559073343873,0.9629806053340789,1,1,2,0.0,4 6
601,0,sigma_1p0__kernel_9__order_2,1.0,9,2,2014,0.3622333333333334,0.27362072467803955,0.0007714611128903925,0.00017932752962224185,0.9802599173840955,3,3,4,0.0,3 5 4 6
602,0,sigma_1p0__kernel_9__order_2,1.0,9,2,2017,0.3612833333333334,0.04232877492904663,0.0008171369748500487,0.0007382215117104352,0.9191066808954289,2,2,3,0.0,4 3 6
603,0,sigma_1p0__kernel_9__order_2,1.0,9,2,2020,0.3603333333333334,0.14607757329940796,0.0007140152350378534,0.00037195117329247296,0.9613045964846287,2,2,3,0.0,1 3 6
604,0,sigma_1p0__kernel_9__order_2,1.0,9,2,2022,0.3597,0.14287510514259338,0.0007399664609692991,0.0007107271230779588,0.9194315349268999,1,1,2,0.0,3 6
605,0,sigma_1p0__kernel_9__order_2,1.0,9,2,2026,0.3584333333333334,0.25167810916900635,0.0007662985881324857,0.0002688246313482523,0.9730571657596389,3,3,4,0.0,3 4 5 6
606,0,sigma_1p0__kernel_9__order_2,1.0,9,2,2030,0.35716666666666674,0.5045946836471558,0.0006505654018837959,0.0004865041410084814,0.9562090784311295,3,3,4,0.0,3 5 4 6
607,0,sigma_1p0__kernel_9__order_2,1.0,9,2,2034,0.3559,0.5934131145477295,0.0006048503128113225,0.0004541786329355091,0.9655303865777468,3,3,4,0.0,4 3 5 6
608,0,sigma_1p0__kernel_9__order_2,1.0,9,2,2037,0.35495,0.09463482350111008,0.0005645532607256124,0.0007967758574523032,0.926880141146543,2,2,3,0.0,3 1 6
609,0,sigma_1p0__kernel_9__order_2,1.0,9,2,2040,0.354,0.16950292885303497,0.0005734926865746578,0.0002968789776787162,0.967183250787709,2,2,3,0.0,3 5 6
610,0,sigma_1p0__kernel_9__order_2,1.0,9,2,2045,0.3524166666666667,0.1641196757555008,0.000569804827682674,0.000258144544204697,0.9784430868737621,5,5,6,0.0,4 3 2 1 5
611,0,sigma_1p0__kernel_9__order_2,1.0,9,2,2046,0.35209999999999997,0.0,0.0006079899030737579,0.002473224652931094,0.8109631681998618,0,0,1,0.0,6
612,0,sigma_1p0__kernel_9__order_2,1.0,9,2,2049,0.35114999999999996,0.058370791375637054,0.0005966329772491008,0.0004879920743405819,0.9443934640972282,2,2,3,0.0,3 5 6
613,0,sigma_1p0__kernel_9__order_2,1.0,9,2,2050,0.35083333333333333,0.0,0.0006396701792255044,0.0011222397442907095,0.8815270427716331,0,0,1,0.0,6
614,0,sigma_1p0__kernel_9__order_2,1.0,9,2,2051,0.3505166666666667,0.0,0.0008049380267038941,0.0011536136735230684,0.9010127445552211,0,0,1,0.0,6
615,0,sigma_1p0__kernel_9__order_2,1.0,9,2,2056,0.3489333333333333,0.48371177911758423,0.000541291810804978,0.00022842769976705313,0.9837014776312355,4,4,5,0.0,5 3 1 4 6
616,0,sigma_1p0__kernel_9__order_2,1.0,9,2,2061,0.34734999999999994,-0.07886950671672821,0.000541962927673012,0.00010020502668339759,0.991501499813462,5,5,6,0.0,5 2 3 1 4
617,0,sigma_1p0__kernel_9__order_2,1.0,9,2,2065,0.3460833333333333,0.2813257873058319,0.0005900196410948411,0.0002048807218670845,0.9843359494074629,3,3,4,0.0,5 3 4 6
618,0,sigma_1p0__kernel_9__order_2,1.0,9,2,2067,0.34545000000000003,0.042731307446956635,0.0005987344193272293,0.0010006569791585207,0.9216949270299539,1,1,2,0.0,4 6
619,0,sigma_1p0__kernel_9__order_2,1.0,9,2,2072,0.34386666666666676,0.40064188838005066,0.0005277569929603487,0.0003261989331804216,0.9622534799802601,5,5,6,0.0,2 4 1 5 3
620,0,sigma_1p0__kernel_9__order_2,1.0,9,2,2077,0.3422833333333334,0.4361605942249298,0.0005458179919514805,0.00013534293975681067,0.9771839583316966,5,5,6,0.0,2 4 5 1 3
621,0,sigma_1p0__kernel_9__order_2,1.0,9,2,2079,0.3416500000000001,0.09472252428531647,0.0005794168100692332,0.0005082559073343873,0.9629806053340789,1,1,2,0.0,4 6
622,0,sigma_1p0__kernel_9__order_2,1.0,9,2,2083,0.34038333333333337,0.5599574446678162,0.0006577336171176285,0.00040378078119829297,0.96713060346143,3,3,4,0.0,3 4 5 6
623,0,sigma_1p0__kernel_9__order_2,1.0,9,2,2088,0.3388000000000001,0.49645060300827026,0.000613457930739969,0.00016091778525151312,0.9841738597497646,4,4,5,0.0,2 3 5 4 6
624,0,sigma_1p0__kernel_9__order_2,1.0,9,2,2093,0.3372166666666667,0.39463871717453003,0.0004966708365827799,0.0002648760564625263,0.9685548641912719,5,5,6,0.0,5 2 1 3 4
625,0,sigma_1p0__kernel_9__order_2,1.0,9,2,2097,0.3359500000000001,0.0972796231508255,0.0005287850508466363,0.0005524569423869252,0.9488942149880383,3,3,4,0.0,3 5 1 6
626,0,sigma_1p0__kernel_9__order_2,1.0,9,2,2100,0.3350000000000001,0.17979587614536285,0.0005758467207973202,0.0007011665729805827,0.9514408477279718,2,2,3,0.0,3 5 6
627,0,sigma_1p0__kernel_9__order_2,1.0,9,2,2103,0.33405000000000007,0.12652307748794556,0.0005577484262175858,0.0004331327509135008,0.954810766753487,2,2,3,0.0,3 1 6
628,0,sigma_1p0__kernel_9__order_2,1.0,9,2,2108,0.3324666666666667,0.231388121843338,0.0005272373207844793,0.00030644790967926383,0.975877346964852,4,4,5,0.0,4 3 5 2 6
629,0,sigma_1p0__kernel_9__order_2,1.0,9,2,2111,0.3315166666666667,0.16052131354808807,0.00039717320275182527,0.0006135533330962062,0.9546433615982178,2,2,3,0.0,3 5 6
630,0,sigma_1p0__kernel_9__order_2,1.0,9,2,2116,0.3299333333333333,0.22385519742965698,0.0005071930412668735,0.00017819899949245155,0.9802539548997221,4,4,5,0.0,5 2 3 4 6
631,0,sigma_1p0__kernel_9__order_2,1.0,9,2,2119,0.3289833333333333,0.17979587614536285,0.0004916902204665045,0.0007011665729805827,0.9514408477279718,2,2,3,0.0,3 5 6
632,0,sigma_1p0__kernel_9__order_2,1.0,9,2,2124,0.3274,0.5607198476791382,0.000509818794671446,0.00035798409953713417,0.970142106026163,4,4,5,0.0,3 4 1 5 6
633,0,sigma_1p0__kernel_9__order_2,1.0,9,2,2129,0.32581666666666664,0.49645063281059265,0.0004126041370909661,0.00016091778525151312,0.9841738597497646,4,4,5,0.0,2 3 4 5 6
634,0,sigma_1p0__kernel_9__order_2,1.0,9,2,2133,0.3245500000000001,0.0972796231508255,0.0005509264374268241,0.0005524569423869252,0.9488942149880383,3,3,4,0.0,1 3 5 6
635,0,sigma_1p0__kernel_9__order_2,1.0,9,2,2137,0.32328333333333337,0.5062942504882812,0.00044623778376262635,0.0002349590213270858,0.976496011798362,3,3,4,0.0,5 3 4 6
636,0,sigma_1p0__kernel_9__order_2,1.0,9,2,2142,0.3217000000000001,0.43021029233932495,0.0005276135518215597,0.00032804207876324654,0.9622324245509013,4,4,5,0.0,5 2 3 4 6
637,0,sigma_1p0__kernel_9__order_2,1.0,9,2,2147,0.3201166666666667,-0.030800044536590576,0.00045040156110189857,0.00021155791182536632,0.9734038875906703,4,4,5,0.0,3 5 2 4 6
638,0,sigma_1p0__kernel_9__order_2,1.0,9,2,2150,0.3191666666666667,0.49514806270599365,0.0004509511248519023,0.00026132038328796625,0.971276197223686,2,2,3,0.0,3 4 6
639,0,sigma_1p0__kernel_9__order_2,1.0,9,2,2152,0.31853333333333333,0.042731307446956635,0.0004311459488235414,0.0010006569791585207,0.9216949270299539,1,1,2,0.0,4 6
640,0,sigma_1p0__kernel_9__order_2,1.0,9,2,2154,0.31790000000000007,0.08585478365421295,0.0005894954665564001,0.0004186356964055449,0.9436479770400152,1,1,2,0.0,4 6
641,0,sigma_1p0__kernel_9__order_2,1.0,9,2,2157,0.31695000000000007,0.4608323872089386,0.0004260459584960093,0.0006750470492988825,0.9460893448942765,2,2,3,0.0,3 4 6
642,0,sigma_1p0__kernel_9__order_2,1.0,9,2,2162,0.3153666666666667,0.21361280977725983,0.0005184867710340768,0.0002612602838780731,0.9784177513029005,4,4,5,0.0,1 4 5 3 6
643,0,sigma_1p0__kernel_9__order_2,1.0,9,2,2166,0.31410000000000005,0.5257713794708252,0.000505167234223336,0.00016244305879808962,0.9840680202746079,3,3,4,0.0,5 4 3 6
644,0,sigma_1p0__kernel_9__order_2,1.0,9,2,2170,0.3128333333333333,0.25167807936668396,0.00047887268010526896,0.0002688246313482523,0.9730571657596389,3,3,4,0.0,3 5 4 6
645,0,sigma_1p0__kernel_9__order_2,1.0,9,2,2173,0.3118833333333333,0.16052131354808807,0.0004441769269760698,0.0006135533330962062,0.9546433615982178,2,2,3,0.0,3 5 6
646,0,sigma_1p0__kernel_9__order_2,1.0,9,2,2175,0.31125,0.06620339304208755,0.0006384862645063549,0.0010458785109221935,0.8895152893258473,1,1,2,0.0,4 6
647,0,sigma_1p0__kernel_9__order_2,1.0,9,2,2177,0.31061666666666665,0.08822499215602875,0.00035411384305916727,0.0010199007811024785,0.9173677836353231,1,1,2,0.0,4 6
648,0,sigma_1p0__kernel_9__order_2,1.0,9,2,2181,0.30935,0.5116891264915466,0.00047149485908448696,0.00040857974090613425,0.9488013382473968,3,3,4,0.0,3 4 5 6
649,0,sigma_1p0__kernel_9__order_2,1.0,9,2,2185,0.30808333333333326,0.6219107508659363,0.0004478210394154303,0.00011563707084860653,0.9869697132944069,3,3,4,0.0,3 4 5 6
650,0,sigma_1p0__kernel_9__order_2,1.0,9,2,2188,0.30713333333333337,0.12610960006713867,0.0005433384018639723,0.0007065960671752691,0.9436821180365882,2,2,3,0.0,2 5 6
651,0,sigma_1p0__kernel_9__order_2,1.0,9,2,2192,0.30586666666666673,0.4254460036754608,0.0005184100300539285,0.0004440884804353118,0.9604364673249361,3,3,4,0.0,2 3 4 6
652,0,sigma_1p0__kernel_9__order_2,1.0,9,2,2197,0.30428333333333346,0.47984904050827026,0.00042791973100975156,0.000276587757980451,0.9795012027025223,4,4,5,0.0,4 2 5 3 6
653,0,sigma_1p0__kernel_9__order_2,1.0,9,2,2202,0.3027000000000001,0.2238551825284958,0.0005042835487984121,0.00017819899949245155,0.9802539548997221,4,4,5,0.0,3 5 4 2 6
654,0,sigma_1p0__kernel_9__order_2,1.0,9,2,2207,0.3011166666666667,0.6035642027854919,0.0003937384346500039,0.00011355951573932543,0.9870355374287199,4,4,5,0.0,2 3 4 5 6
655,0,sigma_1p0__kernel_9__order_2,1.0,9,2,2210,0.3001666666666667,0.0343642383813858,0.00045572154340334237,0.0006067782524041831,0.9416953231807129,2,2,3,0.0,5 4 6
656,0,sigma_1p0__kernel_9__order_2,1.0,9,2,2214,0.29890000000000005,0.10722386837005615,0.00045956871326779947,0.00041794724529609084,0.9617676860724845,3,3,4,0.0,2 5 1 6
657,0,sigma_1p0__kernel_9__order_2,1.0,9,2,2219,0.2973166666666667,0.4257511496543884,0.00039416876388713716,0.000464441574877128,0.9535418546157275,4,4,5,0.0,2 4 3 5 6
658,0,sigma_1p0__kernel_9__order_2,1.0,9,2,2224,0.2957333333333334,0.4361605942249298,0.00041957363719120623,0.00013534293975681067,0.9771839583316966,5,5,6,0.0,3 2 4 1 5
659,0,sigma_1p0__kernel_9__order_2,1.0,9,2,2228,0.29446666666666665,0.15600349009037018,0.00037791892827954143,0.00016633210179861635,0.9804948296721285,3,3,4,0.0,4 3 5 6
660,0,sigma_1p0__kernel_9__order_2,1.0,9,2,2232,0.2932,0.5074523687362671,0.0003743947308976203,0.00028734508669003844,0.9792653489835764,3,3,4,0.0,5 3 4 6
661,0,sigma_1p0__kernel_9__order_2,1.0,9,2,2235,0.29225,0.16052131354808807,0.0003896254444650064,0.0006135533330962062,0.9546433615982178,2,2,3,0.0,3 5 6
662,0,sigma_1p0__kernel_9__order_2,1.0,9,2,2238,0.2913,0.06086612492799759,0.00046238931827247143,0.0006862115114927292,0.9399696078049584,2,2,3,0.0,4 2 6
663,0,sigma_1p0__kernel_9__order_2,1.0,9,2,2243,0.2897166666666666,0.4032000005245209,0.00035553976194933055,0.0002121215220540762,0.9648797186922091,4,4,5,0.0,2 5 3 1 6
664,0,sigma_1p0__kernel_9__order_2,1.0,9,2,2246,0.2887666666666666,0.49514806270599365,0.00046606491863106686,0.00026132038328796625,0.971276197223686,2,2,3,0.0,4 3 6
665,0,sigma_1p0__kernel_9__order_2,1.0,9,2,2251,0.28718333333333346,0.3714035153388977,0.0006562291760928929,0.0004773234250023961,0.9494083986022952,4,4,5,0.0,2 3 4 1 6
666,0,sigma_1p0__kernel_9__order_2,1.0,9,2,2255,0.2859166666666667,0.20610888302326202,0.0009461473819101229,0.0004559450317174196,0.9689851833793127,3,3,4,0.0,2 3 4 6
667,0,sigma_1p0__kernel_9__order_2,1.0,9,2,2259,0.28465000000000007,0.26265954971313477,0.0007926757680252194,0.00026568223256617785,0.9782780824178181,3,3,4,0.0,3 5 4 6
668,0,sigma_1p0__kernel_9__order_2,1.0,9,2,2263,0.28338333333333343,0.5827685594558716,0.0007330426160478964,0.00026917693321593106,0.9711808926745913,3,3,4,0.0,3 5 4 6
669,0,sigma_1p0__kernel_9__order_2,1.0,9,2,2267,0.2821166666666667,0.11602772772312164,0.0007828281522961333,0.00027861009584739804,0.9690554406710953,3,3,4,0.0,3 5 1 6
670,0,sigma_1p0__kernel_9__order_2,1.0,9,2,2269,0.2814833333333334,0.29964733123779297,0.0005825127445859835,0.0010754086542874575,0.9119814913033305,1,1,2,0.0,3 6
671,0,sigma_1p0__kernel_9__order_2,1.0,9,2,2273,0.28021666666666667,0.15600350499153137,0.0006708654691465199,0.00016633210179861635,0.9804948296721285,3,3,4,0.0,3 5 4 6
672,0,sigma_1p0__kernel_9__order_2,1.0,9,2,2277,0.27895000000000003,-0.017802655696868896,0.0009184486989397556,0.0006773393834009767,0.92601005679858,3,3,4,0.0,5 3 2 6
673,0,sigma_1p0__kernel_9__order_2,1.0,9,2,2282,0.27736666666666665,0.602629542350769,0.0007349481806159019,0.00011469401943031698,0.98698817721516,4,4,5,0.0,3 4 1 5 6
674,0,sigma_1p0__kernel_9__order_2,1.0,9,2,2286,0.2761,0.15753860771656036,0.0006716361094731838,0.00017175794346258044,0.9811322692954441,3,3,4,0.0,4 3 5 6
675,0,sigma_1p0__kernel_9__order_2,1.0,9,2,2291,0.27451666666666663,0.48459553718566895,0.0005529935646336525,0.0004865009104833007,0.9562088372839191,4,4,5,0.0,3 1 4 5 6
676,0,sigma_1p0__kernel_9__order_2,1.0,9,2,2295,0.27325,0.26265954971313477,0.0005565717583522201,0.00026568223256617785,0.9782780824178181,3,3,4,0.0,5 3 4 6
677,0,sigma_1p0__kernel_9__order_2,1.0,9,2,2299,0.27198333333333335,0.10926100611686707,0.0005244372296147048,0.0004187060985714197,0.9630869878777142,3,3,4,0.0,3 5 2 6
678,0,sigma_1p0__kernel_9__order_2,1.0,9,2,2303,0.2707166666666666,0.5062942504882812,0.0005061065021436661,0.0002349590213270858,0.976496011798362,3,3,4,0.0,3 5 4 6
679,0,sigma_1p0__kernel_9__order_2,1.0,9,2,2307,0.26944999999999997,0.15753859281539917,0.000612137679127045,0.00017175794346258044,0.9811322692954441,3,3,4,0.0,3 5 4 6
680,0,sigma_1p0__kernel_9__order_2,1.0,9,2,2311,0.26818333333333344,0.26265954971313477,0.0005255779542494565,0.00026568223256617785,0.9782780824178181,3,3,4,0.0,5 3 4 6
681,0,sigma_1p0__kernel_9__order_2,1.0,9,2,2315,0.2669166666666668,0.19984114170074463,0.0006716584175592288,0.0005110797937959433,0.9460258602245526,3,3,4,0.0,3 5 1 6
682,0,sigma_1p0__kernel_9__order_2,1.0,9,2,2317,0.2662833333333334,0.2930851876735687,0.0005798617348773405,0.0008156645344570279,0.9061552358261895,1,1,2,0.0,3 6
683,0,sigma_1p0__kernel_9__order_2,1.0,9,2,2322,0.26470000000000005,0.49014177918434143,0.0005360074341297149,0.0005161211593076587,0.9568167765238339,4,4,5,0.0,3 2 1 5 6
684,0,sigma_1p0__kernel_9__order_2,1.0,9,2,2326,0.2634333333333334,0.13958820700645447,0.0005337701295502484,0.0003499265876598656,0.9686965808254643,3,3,4,0.0,3 5 4 6
685,0,sigma_1p0__kernel_9__order_2,1.0,9,2,2330,0.26216666666666677,0.2537424862384796,0.0005578709969995543,0.0003305163118056953,0.9657473915503509,3,3,4,0.0,5 3 4 6
686,0,sigma_1p0__kernel_9__order_2,1.0,9,2,2334,0.2609,0.09121294319629669,0.0006045552217983641,0.0005400257068686187,0.9478815046275272,3,3,4,0.0,3 5 2 6
687,0,sigma_1p0__kernel_9__order_2,1.0,9,2,2337,0.25995,0.04641816020011902,0.000512560645195966,0.0007575950585305691,0.9282478330818567,2,2,3,0.0,3 5 6
688,0,sigma_1p0__kernel_9__order_2,1.0,9,2,2342,0.25836666666666674,0.09713605046272278,0.00045549769420176743,0.00016243787831626832,0.980755518949131,4,4,5,0.0,5 4 3 1 6
689,0,sigma_1p0__kernel_9__order_2,1.0,9,2,2346,0.2571,0.13184280693531036,0.0004755681147798896,0.0003914186963811517,0.962852881049713,3,3,4,0.0,5 4 3 6
690,0,sigma_1p0__kernel_9__order_2,1.0,9,2,2349,0.25615,0.13565422594547272,0.0004977807014559706,0.0007533006137236953,0.9460783566079157,2,2,3,0.0,3 1 6
691,0,sigma_1p0__kernel_9__order_2,1.0,9,2,2354,0.2545666666666667,0.4673031270503998,0.00044571503531187773,0.00015950106899254024,0.9843590594783833,5,5,6,0.0,1 3 2 4 5
692,0,sigma_1p0__kernel_9__order_2,1.0,9,2,2358,0.25329999999999997,0.6030303239822388,0.0005271263653412461,0.0003137296298518777,0.9649377163681208,3,3,4,0.0,3 5 4 6
693,0,sigma_1p0__kernel_9__order_2,1.0,9,2,2361,0.25234999999999996,0.16052131354808807,0.0004965177892396847,0.0006135533330962062,0.9546433615982178,2,2,3,0.0,3 5 6
694,0,sigma_1p0__kernel_9__order_2,1.0,9,2,2363,0.2517166666666667,0.14879290759563446,0.0004819607420358807,0.001985838869586587,0.8728841755906835,1,1,2,0.0,1 6
695,0,sigma_1p0__kernel_9__order_2,1.0,9,2,2368,0.2501333333333333,0.5742695331573486,0.0004567629366647452,0.00045150649384595454,0.9657286060763596,4,4,5,0.0,4 3 1 5 6
696,0,sigma_1p0__kernel_9__order_2,1.0,9,2,2372,0.2488666666666668,0.26265954971313477,0.0004973828908987343,0.00026568223256617785,0.9782780824178181,3,3,4,0.0,5 4 3 6
697,0,sigma_1p0__kernel_9__order_2,1.0,9,2,2375,0.24791666666666679,0.1309523582458496,0.0005258109692173699,0.0007781280437484384,0.9443429971421657,2,2,3,0.0,2 5 6
698,0,sigma_1p0__kernel_9__order_2,1.0,9,2,2380,0.2463333333333334,0.42420563101768494,0.00042677614255808293,0.00026576308300718665,0.9684869034147149,4,4,5,0.0,2 3 4 5 6
699,0,sigma_1p0__kernel_9__order_2,1.0,9,2,2384,0.24506666666666677,0.15600350499153137,0.00046212046436266974,0.00016633210179861635,0.9804948296721285,3,3,4,0.0,3 5 4 6
700,0,sigma_1p0__kernel_9__order_2,1.0,9,2,2387,0.24411666666666676,0.07632233947515488,0.0006654904573224485,0.0003549546527210623,0.9567700723688894,2,2,3,0.0,3 5 6
701,0,sigma_1p0__kernel_9__order_2,1.0,9,2,2390,0.24316666666666675,0.17979587614536285,0.0004509778906746457,0.0007011665729805827,0.9514408477279718,2,2,3,0.0,3 5 6
702,0,sigma_1p0__kernel_9__order_2,1.0,9,2,2393,0.24221666666666675,0.03553807735443115,0.0004936182328189412,0.0007937612244859338,0.9251901235931977,2,2,3,0.0,4 1 6
703,0,sigma_1p0__kernel_9__order_2,1.0,9,2,2396,0.24126666666666674,0.4607435464859009,0.00046791104250587523,0.000682891346514225,0.9227910177354722,2,2,3,0.0,3 4 6
704,0,sigma_1p0__kernel_9__order_2,1.0,9,2,2400,0.24,0.5599575042724609,0.00040067101508611813,0.00040378078119829297,0.96713060346143,3,3,4,0.0,3 5 4 6
705,0,sigma_1p0__kernel_9__order_2,1.0,9,2,2405,0.23841666666666672,0.46624407172203064,0.00047506748232990504,0.00013587935245595872,0.9773045430285469,4,4,5,0.0,1 5 4 3 6
706,0,sigma_1p0__kernel_9__order_2,1.0,9,2,2410,0.23683333333333334,0.2238551825284958,0.000528512813616544,0.00017819899949245155,0.9802539548997221,4,4,5,0.0,3 5 4 2 6
707,0,sigma_1p0__kernel_9__order_2,1.0,9,2,2413,0.23588333333333333,0.16352729499340057,0.0004668551458356281,0.0005552549264393747,0.9588457210948436,2,2,3,0.0,3 5 6
708,0,sigma_1p0__kernel_9__order_2,1.0,9,2,2416,0.23493333333333333,0.16352729499340057,0.00046079079038463533,0.0005552549264393747,0.9588457210948436,2,2,3,0.0,3 5 6
709,0,sigma_1p0__kernel_9__order_2,1.0,9,2,2419,0.23398333333333332,0.013465724885463715,0.0005998373089823872,0.0009237496415153146,0.9107504974116043,2,2,3,0.0,2 4 6
710,0,sigma_1p0__kernel_9__order_2,1.0,9,2,2424,0.23239999999999994,0.5414643287658691,0.00044604160357266667,0.00035670067882165313,0.9703575982208342,5,5,6,0.0,3 2 4 5 1
711,0,sigma_1p0__kernel_9__order_2,1.0,9,2,2428,0.2311333333333333,0.5599575042724609,0.0004834368810406886,0.00040378078119829297,0.96713060346143,3,3,4,0.0,3 5 4 6
712,0,sigma_1p0__kernel_9__order_2,1.0,9,2,2432,0.22986666666666677,0.5257713794708252,0.0004669862100854516,0.00016244305879808962,0.9840680202746079,3,3,4,0.0,5 3 4 6
713,0,sigma_1p0__kernel_9__order_2,1.0,9,2,2436,0.22860000000000003,0.4651930332183838,0.00045236929145175964,0.0006243350217118859,0.9512119292681339,3,3,4,0.0,4 3 1 6
714,0,sigma_1p0__kernel_9__order_2,1.0,9,2,2439,0.22765000000000013,0.14686039090156555,0.00039911799831315875,0.0005567030166275799,0.9459672033007165,2,2,3,0.0,3 5 6
715,0,sigma_1p0__kernel_9__order_2,1.0,9,2,2443,0.22638333333333338,0.2537424862384796,0.0004229986443533562,0.0003305163118056953,0.9657473915503509,3,3,4,0.0,5 3 4 6
716,0,sigma_1p0__kernel_9__order_2,1.0,9,2,2447,0.22511666666666674,-0.007800735533237457,0.0004096935081179254,0.0006107168737798929,0.9397997010618838,3,3,4,0.0,3 5 2 6
717,0,sigma_1p0__kernel_9__order_2,1.0,9,2,2452,0.22353333333333336,0.43019652366638184,0.0004992653033696115,0.00032918446231633425,0.9623376832528574,4,4,5,0.0,1 5 4 3 6
718,0,sigma_1p0__kernel_9__order_2,1.0,9,2,2457,0.2219500000000001,0.4789198040962219,0.0004962448147125542,0.00028237898368388414,0.9795094902818751,4,4,5,0.0,1 4 5 3 6
719,0,sigma_1p0__kernel_9__order_2,1.0,9,2,2461,0.22068333333333334,0.4599292576313019,0.0005731046112487093,0.00033009552862495184,0.9623021453477256,3,3,4,0.0,5 3 4 6
720,0,sigma_1p0__kernel_9__order_2,1.0,9,2,2466,0.21910000000000007,0.4257511496543884,0.0005579728283919394,0.000464441574877128,0.9535418546157275,4,4,5,0.0,2 3 5 4 6
721,0,sigma_1p0__kernel_9__order_2,1.0,9,2,2469,0.21815000000000007,0.058370791375637054,0.0004351661870411287,0.0004879920743405819,0.9443934640972282,2,2,3,0.0,3 5 6
722,0,sigma_1p0__kernel_9__order_2,1.0,9,2,2472,0.21720000000000006,0.07960246503353119,0.00039526447653770447,0.0002772131119854748,0.9761993671533753,2,2,3,0.0,3 5 6
723,0,sigma_1p0__kernel_9__order_2,1.0,9,2,2477,0.21561666666666668,0.43019649386405945,0.000454257451929152,0.00032918446231633425,0.9623376832528574,4,4,5,0.0,1 4 5 3 6
724,0,sigma_1p0__kernel_9__order_2,1.0,9,2,2481,0.21435000000000004,0.2119046449661255,0.0004435104929143563,0.0003204365202691406,0.9638729630022639,3,3,4,0.0,5 3 1 6
725,0,sigma_1p0__kernel_9__order_2,1.0,9,2,2484,0.21340000000000003,0.05051891505718231,0.0004613223815492044,0.0006870934157632291,0.9247663637510236,2,2,3,0.0,5 3 6
726,0,sigma_1p0__kernel_9__order_2,1.0,9,2,2488,0.21213333333333328,0.25167810916900635,0.0004268421544111334,0.0002688246313482523,0.9730571657596389,3,3,4,0.0,5 3 4 6
727,0,sigma_1p0__kernel_9__order_2,1.0,9,2,2491,0.2111833333333334,0.05513450503349304,0.00048029682754228514,0.0006530879763886333,0.9352612300342952,2,2,3,0.0,3 5 6
728,0,sigma_1p0__kernel_9__order_2,1.0,9,2,2495,0.20991666666666675,0.4273219108581543,0.0003971340847783722,0.0004148129664827138,0.96751252140996,3,3,4,0.0,2 3 4 6
729,0,sigma_1p0__kernel_9__order_2,1.0,9,2,2500,0.20833333333333337,0.39658990502357483,0.00039862243575043975,0.0004623690329026431,0.953826961881624,5,5,6,0.0,1 4 5 3 2
730,0,sigma_1p0__kernel_9__order_2,1.0,9,2,2504,0.20706666666666673,0.6030303239822388,0.0007840922189643607,0.0003137296298518777,0.9649377163681208,3,3,4,0.0,4 3 5 6
731,0,sigma_1p0__kernel_9__order_2,1.0,9,2,2507,0.20611666666666673,0.14607757329940796,0.0008224947184013823,0.00037195117329247296,0.9613045964846287,2,2,3,0.0,1 3 6
732,0,sigma_1p0__kernel_9__order_2,1.0,9,2,2512,0.20453333333333334,0.5632835626602173,0.0008013160084374249,0.00026843766681849957,0.9713118144717426,4,4,5,0.0,4 1 5 3 6
733,0,sigma_1p0__kernel_9__order_2,1.0,9,2,2517,0.20295000000000007,0.602629542350769,0.0005832131253555417,0.00011469401943031698,0.98698817721516,4,4,5,0.0,4 1 5 3 6
734,0,sigma_1p0__kernel_9__order_2,1.0,9,2,2521,0.20168333333333333,0.27362072467803955,0.0007642615964869037,0.00017932752962224185,0.9802599173840955,3,3,4,0.0,3 4 5 6
735,0,sigma_1p0__kernel_9__order_2,1.0,9,2,2526,0.20010000000000006,0.18155144155025482,0.0006176984577905386,0.0005463325651362538,0.95964047307421,4,4,5,0.0,5 4 1 2 6
736,0,sigma_1p0__kernel_9__order_2,1.0,9,2,2531,0.19851666666666667,0.602629542350769,0.0005332054977770894,0.00011469401943031698,0.98698817721516,4,4,5,0.0,4 3 5 1 6
737,0,sigma_1p0__kernel_9__order_2,1.0,9,2,2535,0.19725000000000004,0.2813258171081543,0.000520622095791623,0.0002048807218670845,0.9843359494074629,3,3,4,0.0,4 3 5 6
738,0,sigma_1p0__kernel_9__order_2,1.0,9,2,2537,0.19661666666666666,0.042731307446956635,0.0006559558387380093,0.0010006569791585207,0.9216949270299539,1,1,2,0.0,4 6
739,0,sigma_1p0__kernel_9__order_2,1.0,9,2,2542,0.19503333333333328,-0.06419213116168976,0.0005386096658185124,0.0003871235530823469,0.9591852815447466,4,4,5,0.0,4 5 2 1 6
740,0,sigma_1p0__kernel_9__order_2,1.0,9,2,2547,0.19345,0.5742694735527039,0.0004941764869727195,0.00045150649384595454,0.9657286060763596,4,4,5,0.0,5 3 1 4 6
741,0,sigma_1p0__kernel_9__order_2,1.0,9,2,2551,0.19218333333333337,0.12714655697345734,0.00044019214692525566,0.0006559058092534542,0.9553239955948876,3,3,4,0.0,3 5 2 6
742,0,sigma_1p0__kernel_9__order_2,1.0,9,2,2555,0.19091666666666673,0.2423517107963562,0.0004424337384989485,0.0006882387679070234,0.9495375515022686,3,3,4,0.0,4 3 5 6
743,0,sigma_1p0__kernel_9__order_2,1.0,9,2,2559,0.1896500000000001,0.2423517256975174,0.0006504810153273866,0.0006882387679070234,0.9495375515022686,3,3,4,0.0,5 4 3 6
744,0,sigma_1p0__kernel_9__order_2,1.0,9,2,2564,0.18806666666666672,0.42420563101768494,0.000504312920384109,0.00026576308300718665,0.9684869034147149,4,4,5,0.0,5 3 4 2 6
745,0,sigma_1p0__kernel_9__order_2,1.0,9,2,2567,0.1871166666666667,0.03852051496505737,0.00048279760327811044,0.0006050807423889637,0.935243642907789,2,2,3,0.0,3 1 6
746,0,sigma_1p0__kernel_9__order_2,1.0,9,2,2572,0.18553333333333344,0.3965899348258972,0.0005431283847428858,0.0004623690329026431,0.953826961881624,5,5,6,0.0,2 1 5 4 3
747,0,sigma_1p0__kernel_9__order_2,1.0,9,2,2576,0.1842666666666667,0.27362072467803955,0.00038722211320418864,0.00017932752962224185,0.9802599173840955,3,3,4,0.0,3 5 4 6
748,0,sigma_1p0__kernel_9__order_2,1.0,9,2,2579,0.18331666666666668,0.148762509226799,0.0006599361076951027,0.0005902164848521352,0.9453008105617358,2,2,3,0.0,3 5 6
749,0,sigma_1p0__kernel_9__order_2,1.0,9,2,2583,0.18205000000000005,0.253742516040802,0.0005142531881574541,0.0003305163118056953,0.9657473915503509,3,3,4,0.0,4 3 5 6
750,0,sigma_1p0__kernel_9__order_2,1.0,9,2,2587,0.1807833333333334,0.12053856253623962,0.0004644958535209298,0.0002618509461171925,0.969982747108134,3,3,4,0.0,3 5 2 6
751,0,sigma_1p0__kernel_9__order_2,1.0,9,2,2592,0.17920000000000003,0.5742695331573486,0.00047167566954158245,0.00045150649384595454,0.9657286060763596,4,4,5,0.0,4 3 5 1 6
752,0,sigma_1p0__kernel_9__order_2,1.0,9,2,2597,0.17761666666666664,0.07198569178581238,0.0005462675238959491,0.0003891394298989326,0.9627816819194948,4,4,5,0.0,3 2 4 5 6
753,0,sigma_1p0__kernel_9__order_2,1.0,9,2,2598,0.1773,0.0,0.00045671273255720735,0.0013044682564213872,0.862803267578591,0,0,1,0.0,6
754,0,sigma_1p0__kernel_9__order_2,1.0,9,2,2603,0.17571666666666663,0.4717111885547638,0.0004347955255070701,0.0004084963002242148,0.9487925082197087,5,5,6,0.0,4 1 5 2 3
755,0,sigma_1p0__kernel_9__order_2,1.0,9,2,2604,0.1754,0.0,0.0005993430968374014,0.001669246586970985,0.8368215547358522,0,0,1,0.0,6
756,0,sigma_1p0__kernel_9__order_2,1.0,9,2,2609,0.17381666666666662,0.46614840626716614,0.00043690502643585206,0.0001355567219434306,0.9772140656406332,4,4,5,0.0,4 2 5 3 6
757,0,sigma_1p0__kernel_9__order_2,1.0,9,2,2612,0.17286666666666672,0.16950292885303497,0.00048797661050533253,0.0002968789776787162,0.967183250787709,2,2,3,0.0,3 5 6
758,0,sigma_1p0__kernel_9__order_2,1.0,9,2,2616,0.17160000000000009,0.2813258171081543,0.00038906570989638567,0.0002048807218670845,0.9843359494074629,3,3,4,0.0,4 3 5 6
759,0,sigma_1p0__kernel_9__order_2,1.0,9,2,2619,0.17065000000000008,0.058370791375637054,0.00045789558013590675,0.0004879920743405819,0.9443934640972282,2,2,3,0.0,5 3 6
760,0,sigma_1p0__kernel_9__order_2,1.0,9,2,2624,0.1690666666666667,0.2318192571401596,0.0004502910771407187,0.0003047949285246432,0.9760491947392079,4,4,5,0.0,5 4 3 1 6
761,0,sigma_1p0__kernel_9__order_2,1.0,9,2,2626,0.16843333333333343,0.06620339304208755,0.0005224140186328441,0.0010458785109221935,0.8895152893258473,1,1,2,0.0,4 6
762,0,sigma_1p0__kernel_9__order_2,1.0,9,2,2630,0.16716666666666669,0.5045947432518005,0.0005496820449479856,0.0004865041410084814,0.9562090784311295,3,3,4,0.0,4 3 5 6
763,0,sigma_1p0__kernel_9__order_2,1.0,9,2,2635,0.16558333333333342,0.47984904050827026,0.0004694867879152298,0.000276587757980451,0.9795012027025223,4,4,5,0.0,2 3 5 4 6
764,0,sigma_1p0__kernel_9__order_2,1.0,9,2,2639,0.16431666666666667,0.621910810470581,0.0005516753008123487,0.00011563707084860653,0.9869697132944069,3,3,4,0.0,3 5 4 6
765,0,sigma_1p0__kernel_9__order_2,1.0,9,2,2643,0.16305000000000003,0.45421579480171204,0.0004910715215373784,0.0002658700686879456,0.9685054444104397,3,3,4,0.0,5 3 4 6
766,0,sigma_1p0__kernel_9__order_2,1.0,9,2,2646,0.16210000000000002,0.0692678838968277,0.000412956850292782,0.0006569871911779046,0.9474752098676282,2,2,3,0.0,5 3 6
767,0,sigma_1p0__kernel_9__order_2,1.0,9,2,2650,0.16083333333333338,0.5793421268463135,0.0004819085879717022,0.00036204076604917645,0.9700708798045352,3,3,4,0.0,4 3 5 6
768,0,sigma_1p0__kernel_9__order_2,1.0,9,2,2655,0.15925,0.5402341485023499,0.0004372265480924398,0.0004032488795928657,0.9671964041188837,4,4,5,0.0,4 1 5 3 6
769,0,sigma_1p0__kernel_9__order_2,1.0,9,2,2659,0.15798333333333336,0.253742516040802,0.00041439658525632694,0.0003305163118056953,0.9657473915503509,3,3,4,0.0,4 3 5 6
770,0,sigma_1p0__kernel_9__order_2,1.0,9,2,2661,0.15735,0.08585478365421295,0.00034181875525973737,0.0004186356964055449,0.9436479770400152,1,1,2,0.0,4 6
771,0,sigma_1p0__kernel_9__order_2,1.0,9,2,2665,0.15608333333333335,0.4897378087043762,0.0004446934908628464,0.00042790250154212117,0.9539903454774908,3,3,4,0.0,4 3 1 6
772,0,sigma_1p0__kernel_9__order_2,1.0,9,2,2667,0.15544999999999998,0.09472252428531647,0.00030978409631643444,0.0005082559073343873,0.9629806053340789,1,1,2,0.0,4 6
773,0,sigma_1p0__kernel_9__order_2,1.0,9,2,2670,0.15450000000000008,0.16027358174324036,0.000562351158199211,0.0003168144612573087,0.962523856270044,2,2,3,0.0,3 5 6
774,0,sigma_1p0__kernel_9__order_2,1.0,9,2,2675,0.1529166666666667,0.42462190985679626,0.0004517964960541576,0.0002650593232829124,0.968571965036721,4,4,5,0.0,1 4 5 3 6
775,0,sigma_1p0__kernel_9__order_2,1.0,9,2,2679,0.15165000000000006,0.5045947432518005,0.0003943866249755956,0.0004865041410084814,0.9562090784311295,3,3,4,0.0,4 3 5 6
776,0,sigma_1p0__kernel_9__order_2,1.0,9,2,2684,0.15006666666666668,0.14253215491771698,0.0004374537384137511,0.0006873199017718434,0.9496382234992369,5,5,6,0.0,4 3 5 1 2
777,0,sigma_1p0__kernel_9__order_2,1.0,9,2,2685,0.14975000000000005,0.0,0.0005400101072154939,0.0016718236729502678,0.8375962150773736,0,0,1,0.0,6
778,0,sigma_1p0__kernel_9__order_2,1.0,9,2,2687,0.14911666666666668,0.09472252428531647,0.0004150864842813462,0.0005082559073343873,0.9629806053340789,1,1,2,0.0,4 6
779,0,sigma_1p0__kernel_9__order_2,1.0,9,2,2691,0.14785000000000004,0.5599574446678162,0.00045077775575919077,0.00040378078119829297,0.96713060346143,3,3,4,0.0,4 3 5 6
780,0,sigma_1p0__kernel_9__order_2,1.0,9,2,2694,0.14690000000000003,0.16352729499340057,0.0005341057355205218,0.0005552549264393747,0.9588457210948436,2,2,3,0.0,3 5 6
781,0,sigma_1p0__kernel_9__order_2,1.0,9,2,2699,0.14531666666666676,0.21361280977725983,0.00044653982622548937,0.0002612602838780731,0.9784177513029005,4,4,5,0.0,4 1 3 5 6
782,0,sigma_1p0__kernel_9__order_2,1.0,9,2,2702,0.14436666666666675,0.058370791375637054,0.0003797083627432585,0.0004879920743405819,0.9443934640972282,2,2,3,0.0,5 3 6
783,0,sigma_1p0__kernel_9__order_2,1.0,9,2,2705,0.14341666666666675,0.14686039090156555,0.00039230958888462436,0.0005567030166275799,0.9459672033007165,2,2,3,0.0,3 5 6
784,0,sigma_1p0__kernel_9__order_2,1.0,9,2,2706,0.1431,0.0,0.00032903702231124043,0.003263943362981081,0.8303306931906627,0,0,1,0.0,6
785,0,sigma_1p0__kernel_9__order_2,1.0,9,2,2707,0.14278333333333337,0.0,0.000263898225966841,0.0007940625073388219,0.8700849804207771,0,0,1,0.0,6
786,0,sigma_1p0__kernel_9__order_2,1.0,9,2,2711,0.14151666666666673,0.11515803635120392,0.0004777192516485229,0.0004990446614101529,0.9629004475761396,3,3,4,0.0,5 1 3 6
787,0,sigma_1p0__kernel_9__order_2,1.0,9,2,2715,0.14024999999999999,0.45421576499938965,0.000504300172906369,0.0002658700686879456,0.9685054444104397,3,3,4,0.0,5 4 3 6
788,0,sigma_1p0__kernel_9__order_2,1.0,9,2,2717,0.13961666666666672,0.02115735411643982,0.0004198570386506617,0.0012829117476940155,0.8691417771645165,1,1,2,0.0,2 6
789,0,sigma_1p0__kernel_9__order_2,1.0,9,2,2721,0.13834999999999997,0.26265949010849,0.0003891577071044594,0.00026568223256617785,0.9782780824178181,3,3,4,0.0,4 3 5 6
790,0,sigma_1p0__kernel_9__order_2,1.0,9,2,2724,0.13739999999999997,0.07960245758295059,0.0004945019803320368,0.0002772131119854748,0.9761993671533753,2,2,3,0.0,5 3 6
791,0,sigma_1p0__kernel_9__order_2,1.0,9,2,2728,0.13613333333333333,0.5934131145477295,0.0003595789385144599,0.0004541786329355091,0.9655303865777468,3,3,4,0.0,4 3 5 6
792,0,sigma_1p0__kernel_9__order_2,1.0,9,2,2732,0.1348666666666668,0.6219107508659363,0.00042430838948348537,0.00011563707084860653,0.9869697132944069,3,3,4,0.0,4 3 5 6
793,0,sigma_1p0__kernel_9__order_2,1.0,9,2,2736,0.13360000000000005,0.2975843548774719,0.0005084615986561403,0.00011739555338863283,0.9893193590265392,3,3,4,0.0,4 3 5 6
794,0,sigma_1p0__kernel_9__order_2,1.0,9,2,2741,0.13201666666666678,0.0718887597322464,0.00045611864770762623,0.00039126386400312185,0.9628761653986612,4,4,5,0.0,4 5 1 3 6
795,0,sigma_1p0__kernel_9__order_2,1.0,9,2,2743,0.1313833333333334,0.04256059229373932,0.0004422258061822504,0.0012878093402832747,0.8850454374545395,1,1,2,0.0,5 6
796,0,sigma_1p0__kernel_9__order_2,1.0,9,2,2748,0.12980000000000003,0.4916952848434448,0.00039507533074356616,0.00040852715028449893,0.948789707846789,4,4,5,0.0,5 3 2 4 6
797,0,sigma_1p0__kernel_9__order_2,1.0,9,2,2750,0.12916666666666676,0.08585478365421295,0.00044389753020368516,0.0004186356964055449,0.9436479770400152,1,1,2,0.0,4 6
798,0,sigma_1p0__kernel_9__order_2,1.0,9,2,2754,0.1279,0.2811933755874634,0.0007454596343450248,0.0003074454143643379,0.9758183664501635,3,3,4,0.0,4 3 5 6
799,0,sigma_1p0__kernel_9__order_2,1.0,9,2,2757,0.12695,0.046418145298957825,0.0008089659774365524,0.0007575950585305691,0.9282478330818567,2,2,3,0.0,5 3 6
800,0,sigma_1p0__kernel_9__order_2,1.0,9,2,2761,0.12568333333333337,0.45421579480171204,0.0006323641136987135,0.0002658700686879456,0.9685054444104397,3,3,4,0.0,5 3 4 6
801,0,sigma_1p0__kernel_9__order_2,1.0,9,2,2764,0.12473333333333336,0.05513451248407364,0.0007195729413069785,0.0006530879763886333,0.9352612300342952,2,2,3,0.0,5 3 6
802,0,sigma_1p0__kernel_9__order_2,1.0,9,2,2768,0.12346666666666672,0.5062942504882812,0.0006334521895041689,0.0002349590213270858,0.976496011798362,3,3,4,0.0,5 3 4 6
803,0,sigma_1p0__kernel_9__order_2,1.0,9,2,2773,0.12188333333333334,0.47984904050827026,0.0005240723257884383,0.000276587757980451,0.9795012027025223,4,4,5,0.0,2 3 4 5 6
804,0,sigma_1p0__kernel_9__order_2,1.0,9,2,2776,0.12093333333333334,0.0692678838968277,0.0005371382770438989,0.0006569871911779046,0.9474752098676282,2,2,3,0.0,5 3 6
805,0,sigma_1p0__kernel_9__order_2,1.0,9,2,2779,0.11998333333333333,0.07632233947515488,0.0004226896174562474,0.0003549546527210623,0.9567700723688894,2,2,3,0.0,3 5 6
806,0,sigma_1p0__kernel_9__order_2,1.0,9,2,2784,0.11839999999999995,0.4916953146457672,0.0005128584103658796,0.00040852715028449893,0.948789707846789,4,4,5,0.0,3 2 4 5 6
807,0,sigma_1p0__kernel_9__order_2,1.0,9,2,2789,0.11681666666666668,0.560719907283783,0.00043733713682740926,0.00035798409953713417,0.970142106026163,4,4,5,0.0,4 1 5 3 6
808,0,sigma_1p0__kernel_9__order_2,1.0,9,2,2793,0.11555000000000004,0.5827685594558716,0.0004256179672665894,0.00026917693321593106,0.9711808926745913,3,3,4,0.0,4 3 5 6
809,0,sigma_1p0__kernel_9__order_2,1.0,9,2,2795,0.11491666666666678,0.08822499215602875,0.00048020025133155286,0.0010199007811024785,0.9173677836353231,1,1,2,0.0,4 6
810,0,sigma_1p0__kernel_9__order_2,1.0,9,2,2799,0.11365000000000003,0.5257713794708252,0.0005892746557947248,0.00016244305879808962,0.9840680202746079,3,3,4,0.0,5 3 4 6
811,0,sigma_1p0__kernel_9__order_2,1.0,9,2,2803,0.11238333333333339,0.2975843548774719,0.0006486875208793208,0.00011739555338863283,0.9893193590265392,3,3,4,0.0,5 4 3 6
812,0,sigma_1p0__kernel_9__order_2,1.0,9,2,2805,0.11175000000000002,0.042731307446956635,0.0005272377020446584,0.0010006569791585207,0.9216949270299539,1,1,2,0.0,4 6
813,0,sigma_1p0__kernel_9__order_2,1.0,9,2,2808,0.11080000000000001,0.04739414155483246,0.0005156893457751721,0.0005767729016952217,0.9412227876121168,2,2,3,0.0,4 5 6
814,0,sigma_1p0__kernel_9__order_2,1.0,9,2,2812,0.10953333333333337,0.5133083462715149,0.0004852550628129393,0.00022969531710259616,0.9836593969292079,3,3,4,0.0,3 5 4 6
815,0,sigma_1p0__kernel_9__order_2,1.0,9,2,2816,0.10826666666666673,0.4962378442287445,0.00048373987374361604,0.0001359974849037826,0.9773213869928605,3,3,4,0.0,3 5 4 6
816,0,sigma_1p0__kernel_9__order_2,1.0,9,2,2818,0.10763333333333336,0.06885778158903122,0.00040057479054667056,0.0009730406454764307,0.927493339335805,1,1,2,0.0,4 6
817,0,sigma_1p0__kernel_9__order_2,1.0,9,2,2822,0.10636666666666672,0.19885987043380737,0.0005973679508315399,0.000422394135966897,0.9593454144549568,3,3,4,0.0,5 1 3 6
818,0,sigma_1p0__kernel_9__order_2,1.0,9,2,2826,0.10510000000000008,0.5599575042724609,0.00046373398799914867,0.00040378078119829297,0.96713060346143,3,3,4,0.0,4 5 3 6
819,0,sigma_1p0__kernel_9__order_2,1.0,9,2,2828,0.10446666666666671,0.08822499215602875,0.00039498505066148937,0.0010199007811024785,0.9173677836353231,1,1,2,0.0,4 6
820,0,sigma_1p0__kernel_9__order_2,1.0,9,2,2832,0.10320000000000007,0.2736207842826843,0.0004237314424244687,0.00017932752962224185,0.9802599173840955,3,3,4,0.0,5 4 3 6
821,0,sigma_1p0__kernel_9__order_2,1.0,9,2,2835,0.10225000000000006,0.16027358174324036,0.0003635147004388273,0.0003168144612573087,0.962523856270044,2,2,3,0.0,3 5 6
822,0,sigma_1p0__kernel_9__order_2,1.0,9,2,2838,0.10130000000000006,0.046418145298957825,0.0006465991803755363,0.0007575950585305691,0.9282478330818567,2,2,3,0.0,5 3 6
823,0,sigma_1p0__kernel_9__order_2,1.0,9,2,2841,0.10035000000000005,0.16052131354808807,0.0006582241039723158,0.0006135533330962062,0.9546433615982178,2,2,3,0.0,3 5 6
824,0,sigma_1p0__kernel_9__order_2,1.0,9,2,2844,0.09940000000000004,0.14686039090156555,0.0004572524242879202,0.0005567030166275799,0.9459672033007165,2,2,3,0.0,3 5 6
825,0,sigma_1p0__kernel_9__order_2,1.0,9,2,2846,0.09876666666666667,0.08585478365421295,0.00043554061267059296,0.0004186356964055449,0.9436479770400152,1,1,2,0.0,4 6
826,0,sigma_1p0__kernel_9__order_2,1.0,9,2,2848,0.0981333333333333,0.038031309843063354,0.00033850481850095093,0.000922714767511934,0.9105157326556982,1,1,2,0.0,1 6
827,0,sigma_1p0__kernel_9__order_2,1.0,9,2,2852,0.09686666666666677,0.2975843548774719,0.00046533696877304465,0.00011739555338863283,0.9893193590265392,3,3,4,0.0,5 4 3 6
828,0,sigma_1p0__kernel_9__order_2,1.0,9,2,2856,0.09560000000000013,0.26265954971313477,0.0003928078804165125,0.00026568223256617785,0.9782780824178181,3,3,4,0.0,5 4 3 6
829,0,sigma_1p0__kernel_9__order_2,1.0,9,2,2859,0.09465000000000012,0.158042773604393,0.00040613068267703056,0.0004597074002958834,0.9592404986923289,2,2,3,0.0,3 5 6
830,0,sigma_1p0__kernel_9__order_2,1.0,9,2,2861,0.09401666666666675,0.042731307446956635,0.0004273139638826251,0.0010006569791585207,0.9216949270299539,1,1,2,0.0,4 6
831,0,sigma_1p0__kernel_9__order_2,1.0,9,2,2865,0.09275000000000011,0.2423517256975174,0.0005272464259178378,0.0006882387679070234,0.9495375515022686,3,3,4,0.0,5 4 3 6
832,0,sigma_1p0__kernel_9__order_2,1.0,9,2,2868,0.0918000000000001,0.038870371878147125,0.0005082810724464556,0.0006124420906417072,0.9361456522494377,2,2,3,0.0,4 3 6
833,0,sigma_1p0__kernel_9__order_2,1.0,9,2,2872,0.09053333333333335,0.4599292576313019,0.00045060481352265924,0.00033009552862495184,0.9623021453477256,3,3,4,0.0,5 3 4 6
834,0,sigma_1p0__kernel_9__order_2,1.0,9,2,2875,0.08958333333333335,0.16027358174324036,0.00048365318798460066,0.0003168144612573087,0.962523856270044,2,2,3,0.0,3 5 6
835,0,sigma_1p0__kernel_9__order_2,1.0,9,2,2880,0.08800000000000008,0.5739725232124329,0.0004628918715752661,0.0004525361873675138,0.9656771898942952,4,4,5,0.0,3 2 4 5 6
836,0,sigma_1p0__kernel_9__order_2,1.0,9,2,2882,0.0873666666666667,0.06620339304208755,0.0004406458174344152,0.0010458785109221935,0.8895152893258473,1,1,2,0.0,4 6
837,0,sigma_1p0__kernel_9__order_2,1.0,9,2,2886,0.08610000000000007,0.5074523687362671,0.00044375593279255554,0.00028734508669003844,0.9792653489835764,3,3,4,0.0,5 3 4 6
838,0,sigma_1p0__kernel_9__order_2,1.0,9,2,2889,0.08515000000000006,0.16950292885303497,0.0005515986316216489,0.0002968789776787162,0.967183250787709,2,2,3,0.0,3 5 6
839,0,sigma_1p0__kernel_9__order_2,1.0,9,2,2892,0.08420000000000005,0.4260825514793396,0.0004273127221191923,0.0007335751433856785,0.9341111620279045,2,2,3,0.0,3 1 6
840,0,sigma_1p0__kernel_9__order_2,1.0,9,2,2897,0.08261666666666667,0.46614840626716614,0.0005185749032534659,0.0001355567219434306,0.9772140656406332,4,4,5,0.0,3 2 4 5 6
841,0,sigma_1p0__kernel_9__order_2,1.0,9,2,2902,0.08103333333333329,0.4916953146457672,0.0004249688412528485,0.00040852715028449893,0.948789707846789,4,4,5,0.0,3 2 4 5 6
842,0,sigma_1p0__kernel_9__order_2,1.0,9,2,2906,0.07976666666666665,0.2975843548774719,0.00048808111023390666,0.00011739555338863283,0.9893193590265392,3,3,4,0.0,5 4 3 6
843,0,sigma_1p0__kernel_9__order_2,1.0,9,2,2908,0.07913333333333328,0.042731307446956635,0.0003741937689483166,0.0010006569791585207,0.9216949270299539,1,1,2,0.0,4 6
844,0,sigma_1p0__kernel_9__order_2,1.0,9,2,2912,0.07786666666666675,0.45535826683044434,0.00039836492942413315,0.00046948809176683426,0.9537005855587801,3,3,4,0.0,5 3 4 6
845,0,sigma_1p0__kernel_9__order_2,1.0,9,2,2916,0.07660000000000011,0.5133083462715149,0.0004807966761291027,0.00022969531710259616,0.9836593969292079,3,3,4,0.0,3 5 4 6
846,0,sigma_1p0__kernel_9__order_2,1.0,9,2,2917,0.07628333333333337,0.0,0.0004913018201477826,0.0011222397442907095,0.8815270427716331,0,0,1,0.0,6
847,0,sigma_1p0__kernel_9__order_2,1.0,9,2,2922,0.0747000000000001,0.602629542350769,0.0004486860299948603,0.00011469401943031698,0.98698817721516,4,4,5,0.0,4 3 1 5 6
848,0,sigma_1p0__kernel_9__order_2,1.0,9,2,2926,0.07343333333333335,0.5599575042724609,0.0005103393850731663,0.00040378078119829297,0.96713060346143,3,3,4,0.0,4 5 3 6
849,0,sigma_1p0__kernel_9__order_2,1.0,9,2,2930,0.07216666666666671,0.5062942504882812,0.0003926060817320831,0.0002349590213270858,0.976496011798362,3,3,4,0.0,5 3 4 6
850,0,sigma_1p0__kernel_9__order_2,1.0,9,2,2935,0.07058333333333333,0.22412049770355225,0.00043350636260583995,0.00017749413382261992,0.9803130662646787,4,4,5,0.0,1 3 5 4 6
851,0,sigma_1p0__kernel_9__order_2,1.0,9,2,2939,0.0693166666666667,0.2813258171081543,0.0004418649405124597,0.0002048807218670845,0.9843359494074629,3,3,4,0.0,4 3 5 6
852,0,sigma_1p0__kernel_9__order_2,1.0,9,2,2943,0.06805000000000005,0.2975843548774719,0.0003944812488043681,0.00011739555338863283,0.9893193590265392,3,3,4,0.0,5 4 3 6
853,0,sigma_1p0__kernel_9__order_2,1.0,9,2,2948,0.06646666666666667,0.48476216197013855,0.00040215805056504906,0.0004860204935539514,0.956205478781894,4,4,5,0.0,4 2 3 5 6
854,0,sigma_1p0__kernel_9__order_2,1.0,9,2,2952,0.06520000000000004,0.15966123342514038,0.0003844976017717272,0.0002310934942215681,0.9801104172054284,3,3,4,0.0,3 4 5 6
855,0,sigma_1p0__kernel_9__order_2,1.0,9,2,2956,0.0639333333333334,0.5257713794708252,0.00040132954745786265,0.00016244305879808962,0.9840680202746079,3,3,4,0.0,5 3 4 6
856,0,sigma_1p0__kernel_9__order_2,1.0,9,2,2959,0.06298333333333339,0.17979587614536285,0.0004245391658817728,0.0007011665729805827,0.9514408477279718,2,2,3,0.0,3 5 6
857,0,sigma_1p0__kernel_9__order_2,1.0,9,2,2961,0.062350000000000017,0.06885778158903122,0.0004368472582427785,0.0009730406454764307,0.927493339335805,1,1,2,0.0,4 6
858,0,sigma_1p0__kernel_9__order_2,1.0,9,2,2965,0.06108333333333338,0.5934131145477295,0.00046411390212597325,0.0004541786329355091,0.9655303865777468,3,3,4,0.0,3 5 4 6
859,0,sigma_1p0__kernel_9__order_2,1.0,9,2,2970,0.0595,0.43021029233932495,0.00039623770862817764,0.00032804207876324654,0.9622324245509013,4,4,5,0.0,3 2 4 5 6
860,0,sigma_1p0__kernel_9__order_2,1.0,9,2,2973,0.0585500000000001,0.16052131354808807,0.00033228867687284946,0.0006135533330962062,0.9546433615982178,2,2,3,0.0,3 5 6
861,0,sigma_1p0__kernel_9__order_2,1.0,9,2,2977,0.057283333333333464,0.5599575042724609,0.00045475777005776763,0.00040378078119829297,0.96713060346143,3,3,4,0.0,4 5 3 6
862,0,sigma_1p0__kernel_9__order_2,1.0,9,2,2981,0.056016666666666715,0.2537424862384796,0.0003586835227906704,0.0003305163118056953,0.9657473915503509,3,3,4,0.0,5 4 3 6
863,0,sigma_1p0__kernel_9__order_2,1.0,9,2,2985,0.054750000000000076,0.4962378442287445,0.00043479086889419705,0.0001359974849037826,0.9773213869928605,3,3,4,0.0,5 3 4 6
864,0,sigma_1p0__kernel_9__order_2,1.0,9,2,2988,0.05380000000000007,0.16052131354808807,0.00033475491606319946,0.0006135533330962062,0.9546433615982178,2,2,3,0.0,3 5 6
865,0,sigma_1p0__kernel_9__order_2,1.0,9,2,2991,0.052850000000000064,0.148762509226799,0.0004514399915933609,0.0005902164848521352,0.9453008105617358,2,2,3,0.0,3 5 6
866,0,sigma_1p0__kernel_9__order_2,1.0,9,2,2994,0.05190000000000006,0.16352729499340057,0.0004934327929125478,0.0005552549264393747,0.9588457210948436,2,2,3,0.0,3 5 6
867,0,sigma_1p0__kernel_9__order_2,1.0,9,2,2998,0.05063333333333342,0.5257713794708252,0.00037305897421902046,0.00016244305879808962,0.9840680202746079,3,3,4,0.0,5 3 4 6
868,0,sigma_1p0__kernel_9__order_2,1.0,9,2,3002,0.050000000000000044,0.27362072467803955,0.0006566984811797738,0.00017932752962224185,0.9802599173840955,3,3,4,0.0,5 3 4 6
869,0,sigma_1p0__kernel_9__order_2,1.0,9,2,3004,0.050000000000000044,0.09472252428531647,0.0006888424686621875,0.0005082559073343873,0.9629806053340789,1,1,2,0.0,4 6
870,0,sigma_1p0__kernel_9__order_2,1.0,9,2,3008,0.050000000000000044,0.13184279203414917,0.000964308695984073,0.0003914186963811517,0.962852881049713,3,3,4,0.0,4 3 5 6
871,0,sigma_1p0__kernel_9__order_2,1.0,9,2,3011,0.050000000000000044,0.1397106647491455,0.0006888437007243434,0.00041267520282417536,0.9604629713169318,2,2,3,0.0,1 2 6
872,0,sigma_1p0__kernel_9__order_2,1.0,9,2,3015,0.050000000000000044,0.2813258171081543,0.0008290659170597792,0.0002048807218670845,0.9843359494074629,3,3,4,0.0,4 5 3 6
873,0,sigma_1p0__kernel_9__order_2,1.0,9,2,3019,0.050000000000000044,0.2736207842826843,0.0006626893737120554,0.00017932752962224185,0.9802599173840955,3,3,4,0.0,5 4 3 6
874,0,sigma_1p0__kernel_9__order_2,1.0,9,2,3023,0.050000000000000044,0.17744848132133484,0.0007215454024844803,0.0010771260131150484,0.9173263742828766,3,3,4,0.0,2 4 5 6
875,0,sigma_1p0__kernel_9__order_2,1.0,9,2,3026,0.050000000000000044,0.142786905169487,0.000609676072296376,0.0007365446072071791,0.9502293786452585,2,2,3,0.0,1 2 6
876,0,sigma_1p0__kernel_9__order_2,1.0,9,2,3031,0.050000000000000044,0.43021032214164734,0.0004689102992415428,0.00032804207876324654,0.9622324245509013,4,4,5,0.0,2 4 5 3 6
877,0,sigma_1p0__kernel_9__order_2,1.0,9,2,3035,0.050000000000000044,0.2423517256975174,0.0007689863414270803,0.0006882387679070234,0.9495375515022686,3,3,4,0.0,5 4 3 6
878,0,sigma_1p0__kernel_9__order_2,1.0,9,2,3040,0.050000000000000044,0.3965899348258972,0.0006075773853808641,0.0004623690329026431,0.953826961881624,5,5,6,0.0,2 1 4 5 3
879,0,sigma_1p0__kernel_9__order_2,1.0,9,2,3044,0.050000000000000044,0.2813258171081543,0.0006092509283917025,0.0002048807218670845,0.9843359494074629,3,3,4,0.0,4 3 5 6
880,0,sigma_1p0__kernel_9__order_2,1.0,9,2,3047,0.050000000000000044,0.16352729499340057,0.0008203360290887455,0.0005552549264393747,0.9588457210948436,2,2,3,0.0,3 5 6
881,0,sigma_1p0__kernel_9__order_2,1.0,9,2,3051,0.050000000000000044,0.15753860771656036,0.000638488942058757,0.00017175794346258044,0.9811322692954441,3,3,4,0.0,4 3 5 6
882,0,sigma_1p0__kernel_9__order_2,1.0,9,2,3055,0.050000000000000044,0.11969885230064392,0.0007976470224093646,0.00046634438331238925,0.9637108288891392,3,3,4,0.0,4 5 2 6
883,0,sigma_1p0__kernel_9__order_2,1.0,9,2,3060,0.050000000000000044,0.5399646162986755,0.0005413928476627917,0.00040371244540438056,0.9671228918004404,4,4,5,0.0,2 4 5 3 6
884,0,sigma_1p0__kernel_9__order_2,1.0,9,2,3064,0.050000000000000044,0.621910810470581,0.0004807897857972421,0.00011563707084860653,0.9869697132944069,3,3,4,0.0,4 5 3 6
885,0,sigma_1p0__kernel_9__order_2,1.0,9,2,3069,0.050000000000000044,0.46614834666252136,0.0005850399087648839,0.0001355567219434306,0.9772140656406332,4,4,5,0.0,2 3 5 4 6
886,0,sigma_1p0__kernel_9__order_2,1.0,9,2,3071,0.050000000000000044,0.05148378759622574,0.0004485867830226198,0.001311954576522112,0.8983739310439219,1,1,2,0.0,4 6
887,0,sigma_1p0__kernel_9__order_2,1.0,9,2,3076,0.050000000000000044,0.48459553718566895,0.0005108358629513532,0.0004865009104833007,0.9562088372839191,4,4,5,0.0,4 1 5 3 6
888,0,sigma_1p0__kernel_9__order_2,1.0,9,2,3079,0.050000000000000044,0.1479128748178482,0.0004728091977691899,0.0004954457399435341,0.9556699278769963,2,2,3,0.0,4 2 6
889,0,sigma_1p0__kernel_9__order_2,1.0,9,2,3082,0.050000000000000044,0.27460354566574097,0.0005180723965167999,0.0008519789553247392,0.912929202975898,2,2,3,0.0,2 3 6
890,0,sigma_1p0__kernel_9__order_2,1.0,9,2,3086,0.050000000000000044,0.2975843548774719,0.0005860525561729446,0.00011739555338863283,0.9893193590265392,3,3,4,0.0,4 3 5 6
891,0,sigma_1p0__kernel_9__order_2,1.0,9,2,3090,0.050000000000000044,0.5116891264915466,0.0005975349267828278,0.00040857974090613425,0.9488013382473968,3,3,4,0.0,3 5 4 6
892,0,sigma_1p0__kernel_9__order_2,1.0,9,2,3092,0.050000000000000044,0.06885778158903122,0.000588936876738444,0.0009730406454764307,0.927493339335805,1,1,2,0.0,4 6
893,0,sigma_1p0__kernel_9__order_2,1.0,9,2,3094,0.050000000000000044,0.08585478365421295,0.00037231898750178516,0.0004186356964055449,0.9436479770400152,1,1,2,0.0,4 6
894,0,sigma_1p0__kernel_9__order_2,1.0,9,2,3098,0.050000000000000044,0.25167810916900635,0.0005510504124686122,0.0002688246313482523,0.9730571657596389,3,3,4,0.0,4 5 3 6
895,0,sigma_1p0__kernel_9__order_2,1.0,9,2,3102,0.050000000000000044,0.15753860771656036,0.0005041527911089361,0.00017175794346258044,0.9811322692954441,3,3,4,0.0,4 5 3 6
896,0,sigma_1p0__kernel_9__order_2,1.0,9,2,3106,0.050000000000000044,0.25167810916900635,0.0005886589351575822,0.0002688246313482523,0.9730571657596389,3,3,4,0.0,4 5 3 6
897,0,sigma_1p0__kernel_9__order_2,1.0,9,2,3109,0.050000000000000044,0.0997193306684494,0.0005128409247845411,0.0008941222913563251,0.9315180170054101,2,2,3,0.0,1 2 6
898,0,sigma_1p0__kernel_9__order_2,1.0,9,2,3114,0.050000000000000044,0.4542589783668518,0.0005823046551086009,0.00022620128584094346,0.9837157861124747,5,5,6,0.0,2 1 5 4 3
899,0,sigma_1p0__kernel_9__order_2,1.0,9,2,3119,0.050000000000000044,0.46730315685272217,0.0005210385890677572,0.00015950106899254024,0.9843590594783833,5,5,6,0.0,2 1 3 5 4
900,0,sigma_1p0__kernel_9__order_2,1.0,9,2,3123,0.050000000000000044,0.5599575042724609,0.0006617773178732023,0.00040378078119829297,0.96713060346143,3,3,4,0.0,3 5 4 6
901,0,sigma_1p0__kernel_9__order_2,1.0,9,2,3127,0.050000000000000044,0.2423517107963562,0.0004669075642595999,0.0006882387679070234,0.9495375515022686,3,3,4,0.0,4 5 3 6
902,0,sigma_1p0__kernel_9__order_2,1.0,9,2,3131,0.050000000000000044,0.13958822190761566,0.0004534634863375686,0.0003499265876598656,0.9686965808254643,3,3,4,0.0,4 5 3 6
903,0,sigma_1p0__kernel_9__order_2,1.0,9,2,3135,0.050000000000000044,0.15753860771656036,0.0005931488922215067,0.00017175794346258044,0.9811322692954441,3,3,4,0.0,4 5 3 6
904,0,sigma_1p0__kernel_9__order_2,1.0,9,2,3137,0.050000000000000044,0.06885778158903122,0.0005058108799858019,0.0009730406454764307,0.927493339335805,1,1,2,0.0,4 6
905,0,sigma_1p0__kernel_9__order_2,1.0,9,2,3142,0.050000000000000044,0.6026296019554138,0.0005452515906654298,0.00011469401943031698,0.98698817721516,4,4,5,0.0,3 1 5 4 6
906,0,sigma_1p0__kernel_9__order_2,1.0,9,2,3146,0.050000000000000044,0.16481977701187134,0.0006818848341936246,0.0002559213316999376,0.9799899954114034,3,3,4,0.0,4 5 3 6
907,0,sigma_1p0__kernel_9__order_2,1.0,9,2,3151,0.050000000000000044,0.4836863577365875,0.00048549058847129344,0.00022795081895310432,0.9836518599360508,4,4,5,0.0,2 4 5 3 6
908,0,sigma_1p0__kernel_9__order_2,1.0,9,2,3156,0.050000000000000044,0.46614840626716614,0.0005199982377234846,0.0001355567219434306,0.9772140656406332,4,4,5,0.0,2 4 5 3 6
909,0,sigma_1p0__kernel_9__order_2,1.0,9,2,3161,0.050000000000000044,0.46614840626716614,0.00045508850598707795,0.0001355567219434306,0.9772140656406332,4,4,5,0.0,2 3 4 5 6
910,0,sigma_1p0__kernel_9__order_2,1.0,9,2,3165,0.050000000000000044,0.2308134138584137,0.0006135182120488025,0.0002814147446770221,0.9693785427618821,3,3,4,0.0,2 5 4 6
911,0,sigma_1p0__kernel_9__order_2,1.0,9,2,3169,0.050000000000000044,0.2308134138584137,0.0004434136426425539,0.0002814147446770221,0.9693785427618821,3,3,4,0.0,2 4 5 6
912,0,sigma_1p0__kernel_9__order_2,1.0,9,2,3173,0.050000000000000044,0.26265954971313477,0.0004923385276924819,0.00026568223256617785,0.9782780824178181,3,3,4,0.0,4 5 3 6
913,0,sigma_1p0__kernel_9__order_2,1.0,9,2,3177,0.050000000000000044,0.6030303239822388,0.00046232792374212295,0.0003137296298518777,0.9649377163681208,3,3,4,0.0,3 5 4 6
914,0,sigma_1p0__kernel_9__order_2,1.0,9,2,3179,0.050000000000000044,0.08822499215602875,0.0005082353891339153,0.0010199007811024785,0.9173677836353231,1,1,2,0.0,4 6
915,0,sigma_1p0__kernel_9__order_2,1.0,9,2,3181,0.050000000000000044,0.08585478365421295,0.0005504147848114371,0.0004186356964055449,0.9436479770400152,1,1,2,0.0,4 6
916,0,sigma_1p0__kernel_9__order_2,1.0,9,2,3186,0.050000000000000044,0.42420560121536255,0.00046903627808205786,0.00026576308300718665,0.9684869034147149,4,4,5,0.0,2 4 5 3 6
917,0,sigma_1p0__kernel_9__order_2,1.0,9,2,3190,0.050000000000000044,0.2242097705602646,0.00048707114183343947,0.000390827190130949,0.9692392439252556,3,3,4,0.0,2 4 5 6
918,0,sigma_1p0__kernel_9__order_2,1.0,9,2,3195,0.050000000000000044,0.5202905535697937,0.0004751599335577339,0.00040304585127159953,0.9671935243676023,5,5,6,0.0,4 1 2 5 3
919,0,sigma_1p0__kernel_9__order_2,1.0,9,2,3198,0.050000000000000044,0.16950291395187378,0.0004989500254547844,0.0002968789776787162,0.967183250787709,2,2,3,0.0,5 3 6
920,0,sigma_1p0__kernel_9__order_2,1.0,9,2,3200,0.050000000000000044,0.06620339304208755,0.0004379682504804805,0.0010458785109221935,0.8895152893258473,1,1,2,0.0,4 6
921,0,sigma_1p0__kernel_9__order_2,1.0,9,2,3202,0.050000000000000044,0.08822499215602875,0.0005420155939646065,0.0010199007811024785,0.9173677836353231,1,1,2,0.0,4 6
922,0,sigma_1p0__kernel_9__order_2,1.0,9,2,3204,0.050000000000000044,0.06620339304208755,0.0005959916743449867,0.0010458785109221935,0.8895152893258473,1,1,2,0.0,4 6
923,0,sigma_1p0__kernel_9__order_2,1.0,9,2,3208,0.050000000000000044,0.6030303239822388,0.0004425002698553726,0.0003137296298518777,0.9649377163681208,3,3,4,0.0,3 5 4 6
924,0,sigma_1p0__kernel_9__order_2,1.0,9,2,3213,0.050000000000000044,0.4647652208805084,0.0004855160426814109,0.00048601313028484583,0.9562057949487435,5,5,6,0.0,4 1 2 5 3
925,0,sigma_1p0__kernel_9__order_2,1.0,9,2,3217,0.050000000000000044,0.13184279203414917,0.0005080550836282782,0.0003914186963811517,0.962852881049713,3,3,4,0.0,4 3 5 6
926,0,sigma_1p0__kernel_9__order_2,1.0,9,2,3222,0.050000000000000044,0.602629542350769,0.00044909543357789515,0.00011469401943031698,0.98698817721516,4,4,5,0.0,4 1 5 3 6
927,0,sigma_1p0__kernel_9__order_2,1.0,9,2,3225,0.050000000000000044,0.5524270534515381,0.00033228436950594187,0.00019469985272735357,0.974917552186958,2,2,3,0.0,3 5 6
928,0,sigma_1p0__kernel_9__order_2,1.0,9,2,3228,0.050000000000000044,0.16950292885303497,0.00048348027242658037,0.0002968789776787162,0.967183250787709,2,2,3,0.0,3 5 6
929,0,sigma_1p0__kernel_9__order_2,1.0,9,2,3233,0.050000000000000044,0.5836609601974487,0.0004911211668513715,0.0003123465576209128,0.9651136570715309,4,4,5,0.0,4 1 5 3 6
930,0,sigma_1p0__kernel_9__order_2,1.0,9,2,3236,0.050000000000000044,0.16027358174324036,0.0005996224645059556,0.0003168144612573087,0.962523856270044,2,2,3,0.0,3 5 6
931,0,sigma_1p0__kernel_9__order_2,1.0,9,2,3240,0.050000000000000044,0.6219107508659363,0.0004989848384866491,0.00011563707084860653,0.9869697132944069,3,3,4,0.0,4 3 5 6
932,0,sigma_1p0__kernel_9__order_2,1.0,9,2,3243,0.050000000000000044,0.16052131354808807,0.00046624983466851216,0.0006135533330962062,0.9546433615982178,2,2,3,0.0,3 5 6
933,0,sigma_1p0__kernel_9__order_2,1.0,9,2,3246,0.050000000000000044,0.16950292885303497,0.0005416715478835007,0.0002968789776787162,0.967183250787709,2,2,3,0.0,3 5 6
934,0,sigma_1p0__kernel_9__order_2,1.0,9,2,3251,0.050000000000000044,0.6035642027854919,0.0005048926337622106,0.00011355951573932543,0.9870355374287199,4,4,5,0.0,3 2 4 5 6
935,0,sigma_1p0__kernel_9__order_2,1.0,9,2,3255,0.050000000000000044,0.2537424862384796,0.0006931283860467374,0.0003305163118056953,0.9657473915503509,3,3,4,0.0,5 4 3 6
936,0,sigma_1p0__kernel_9__order_2,1.0,9,2,3259,0.050000000000000044,0.5934131145477295,0.000721076357876882,0.0004541786329355091,0.9655303865777468,3,3,4,0.0,3 5 4 6
937,0,sigma_1p0__kernel_9__order_2,1.0,9,2,3262,0.050000000000000044,0.014068245887756348,0.0007660425520346811,0.0007290833164006472,0.9344474175295988,2,2,3,0.0,4 1 6
938,0,sigma_1p0__kernel_9__order_2,1.0,9,2,3266,0.050000000000000044,0.2813258171081543,0.0006922659085830674,0.0002048807218670845,0.9843359494074629,3,3,4,0.0,4 3 5 6
939,0,sigma_1p0__kernel_9__order_2,1.0,9,2,3270,0.050000000000000044,0.5793421268463135,0.0007022017234703526,0.00036204076604917645,0.9700708798045352,3,3,4,0.0,4 3 5 6
940,0,sigma_1p0__kernel_9__order_2,1.0,9,2,3273,0.050000000000000044,0.07960246503353119,0.0007410036826816698,0.0002772131119854748,0.9761993671533753,2,2,3,0.0,3 5 6
941,0,sigma_1p0__kernel_9__order_2,1.0,9,2,3276,0.050000000000000044,0.148762509226799,0.0005108739521043996,0.0005902164848521352,0.9453008105617358,2,2,3,0.0,3 5 6
942,0,sigma_1p0__kernel_9__order_2,1.0,9,2,3280,0.050000000000000044,0.5062942504882812,0.000620053724560421,0.0002349590213270858,0.976496011798362,3,3,4,0.0,5 3 4 6
943,0,sigma_1p0__kernel_9__order_2,1.0,9,2,3284,0.050000000000000044,0.5074523687362671,0.0006242562376428396,0.00028734508669003844,0.9792653489835764,3,3,4,0.0,5 3 4 6
944,0,sigma_1p0__kernel_9__order_2,1.0,9,2,3289,0.050000000000000044,0.4717112183570862,0.0005804302403703332,0.0004084963002242148,0.9487925082197087,5,5,6,0.0,4 3 1 2 5
945,0,sigma_1p0__kernel_9__order_2,1.0,9,2,3293,0.050000000000000044,0.26265949010849,0.0005140196008142084,0.00026568223256617785,0.9782780824178181,3,3,4,0.0,3 4 5 6
946,0,sigma_1p0__kernel_9__order_2,1.0,9,2,3297,0.050000000000000044,0.26265954971313477,0.000528949974977877,0.00026568223256617785,0.9782780824178181,3,3,4,0.0,3 5 4 6
947,0,sigma_1p0__kernel_9__order_2,1.0,9,2,3302,0.050000000000000044,0.5832987427711487,0.0004789708007592708,0.0003123176866210997,0.9648182590389082,4,4,5,0.0,3 2 4 5 6
948,0,sigma_1p0__kernel_9__order_2,1.0,9,2,3306,0.050000000000000044,0.621910810470581,0.0005063215721747838,0.00011563707084860653,0.9869697132944069,3,3,4,0.0,3 5 4 6
949,0,sigma_1p0__kernel_9__order_2,1.0,9,2,3310,0.050000000000000044,0.2423517107963562,0.0005255057112663053,0.0006882387679070234,0.9495375515022686,3,3,4,0.0,4 3 5 6
950,0,sigma_1p0__kernel_9__order_2,1.0,9,2,3314,0.050000000000000044,0.6030303239822388,0.0004569857264868915,0.0003137296298518777,0.9649377163681208,3,3,4,0.0,4 3 5 6
951,0,sigma_1p0__kernel_9__order_2,1.0,9,2,3318,0.050000000000000044,0.13184280693531036,0.0004559864610200748,0.0003914186963811517,0.962852881049713,3,3,4,0.0,3 4 5 6
952,0,sigma_1p0__kernel_9__order_2,1.0,9,2,3322,0.050000000000000044,0.16888204216957092,0.0004490386345423758,0.0003634778840932995,0.975528885525132,3,3,4,0.0,3 4 5 6
953,0,sigma_1p0__kernel_9__order_2,1.0,9,2,3326,0.050000000000000044,0.13958819210529327,0.00046530881809303537,0.0003499265876598656,0.9686965808254643,3,3,4,0.0,3 4 5 6
954,0,sigma_1p0__kernel_9__order_2,1.0,9,2,3329,0.050000000000000044,0.07960246503353119,0.00045853902702219784,0.0002772131119854748,0.9761993671533753,2,2,3,0.0,3 5 6
955,0,sigma_1p0__kernel_9__order_2,1.0,9,2,3332,0.050000000000000044,0.07960246503353119,0.000606313900789246,0.0002772131119854748,0.9761993671533753,2,2,3,0.0,3 5 6
956,0,sigma_1p0__kernel_9__order_2,1.0,9,2,3336,0.050000000000000044,0.45421579480171204,0.0005019106538384221,0.0002658700686879456,0.9685054444104397,3,3,4,0.0,5 3 4 6
957,0,sigma_1p0__kernel_9__order_2,1.0,9,2,3340,0.050000000000000044,0.2811933755874634,0.00046123315405566245,0.0003074454143643379,0.9758183664501635,3,3,4,0.0,5 3 4 6
958,0,sigma_1p0__kernel_9__order_2,1.0,9,2,3344,0.050000000000000044,0.4599292576313019,0.0005158482526894659,0.00033009552862495184,0.9623021453477256,3,3,4,0.0,5 3 4 6
959,0,sigma_1p0__kernel_9__order_2,1.0,9,2,3348,0.050000000000000044,0.5599575042724609,0.0003360502887517214,0.00040378078119829297,0.96713060346143,3,3,4,0.0,3 5 4 6
960,0,sigma_1p0__kernel_9__order_2,1.0,9,2,3352,0.050000000000000044,0.4599292576313019,0.0004164261117693968,0.00033009552862495184,0.9623021453477256,3,3,4,0.0,5 3 4 6
961,0,sigma_1p0__kernel_9__order_2,1.0,9,2,3356,0.050000000000000044,0.13958819210529327,0.000494045641971752,0.0003499265876598656,0.9686965808254643,3,3,4,0.0,3 4 5 6
962,0,sigma_1p0__kernel_9__order_2,1.0,9,2,3360,0.050000000000000044,0.4962378442287445,0.0004145447601331398,0.0001359974849037826,0.9773213869928605,3,3,4,0.0,5 3 4 6
963,0,sigma_1p0__kernel_9__order_2,1.0,9,2,3363,0.050000000000000044,0.07632233947515488,0.0005580598372034729,0.0003549546527210623,0.9567700723688894,2,2,3,0.0,3 5 6
964,0,sigma_1p0__kernel_9__order_2,1.0,9,2,3367,0.050000000000000044,0.27362072467803955,0.00047269831702578813,0.00017932752962224185,0.9802599173840955,3,3,4,0.0,3 5 4 6
965,0,sigma_1p0__kernel_9__order_2,1.0,9,2,3370,0.050000000000000044,0.158042773604393,0.0003878704155795276,0.0004597074002958834,0.9592404986923289,2,2,3,0.0,3 5 6
966,0,sigma_1p0__kernel_9__order_2,1.0,9,2,3374,0.050000000000000044,0.2975843548774719,0.0005392865714384243,0.00011739555338863283,0.9893193590265392,3,3,4,0.0,4 3 5 6
967,0,sigma_1p0__kernel_9__order_2,1.0,9,2,3378,0.050000000000000044,0.15753862261772156,0.00045984393364051357,0.00017175794346258044,0.9811322692954441,3,3,4,0.0,3 4 5 6
968,0,sigma_1p0__kernel_9__order_2,1.0,9,2,3382,0.050000000000000044,0.4962378442287445,0.0003698173022712581,0.0001359974849037826,0.9773213869928605,3,3,4,0.0,5 3 4 6
969,0,sigma_1p0__kernel_9__order_2,1.0,9,2,3386,0.050000000000000044,0.11032409965991974,0.00043022475438192487,0.0005707488162443042,0.9589119981287776,3,3,4,0.0,3 5 2 6
970,0,sigma_1p0__kernel_9__order_2,1.0,9,2,3388,0.050000000000000044,0.1065979078412056,0.0005994819803163409,0.0006766733131371439,0.9350880353349426,1,1,2,0.0,3 6
971,0,sigma_1p0__kernel_9__order_2,1.0,9,2,3391,0.050000000000000044,0.0729357898235321,0.0005479612154886127,0.000244210590608418,0.9645484778210609,2,2,3,0.0,3 5 6
972,0,sigma_1p0__kernel_9__order_2,1.0,9,2,3394,0.050000000000000044,0.1463838368654251,0.00039665204045983654,0.0006467477069236338,0.9534898369653897,2,2,3,0.0,3 1 6
973,0,sigma_1p0__kernel_9__order_2,1.0,9,2,3398,0.050000000000000044,0.27362072467803955,0.0002925370499724522,0.00017932752962224185,0.9802599173840955,3,3,4,0.0,5 3 4 6
974,0,sigma_1p0__kernel_9__order_2,1.0,9,2,3402,0.050000000000000044,0.26265954971313477,0.0004930719442199916,0.00026568223256617785,0.9782780824178181,3,3,4,0.0,5 4 3 6
975,0,sigma_1p0__kernel_9__order_2,1.0,9,2,3406,0.050000000000000044,0.6030303239822388,0.0004347184512880631,0.0003137296298518777,0.9649377163681208,3,3,4,0.0,3 5 4 6
976,0,sigma_1p0__kernel_9__order_2,1.0,9,2,3411,0.050000000000000044,0.42420563101768494,0.00045531230280175804,0.00026576308300718665,0.9684869034147149,4,4,5,0.0,2 3 4 5 6
977,0,sigma_1p0__kernel_9__order_2,1.0,9,2,3416,0.050000000000000044,0.49645063281059265,0.0004658032790757716,0.00016091778525151312,0.9841738597497646,4,4,5,0.0,2 3 4 5 6
978,0,sigma_1p0__kernel_9__order_2,1.0,9,2,3419,0.050000000000000044,0.16052131354808807,0.0002839351072907448,0.0006135533330962062,0.9546433615982178,2,2,3,0.0,3 5 6
979,0,sigma_1p0__kernel_9__order_2,1.0,9,2,3423,0.050000000000000044,0.5257713794708252,0.000351364076777827,0.00016244305879808962,0.9840680202746079,3,3,4,0.0,5 3 4 6
980,0,sigma_1p0__kernel_9__order_2,1.0,9,2,3427,0.050000000000000044,0.27362072467803955,0.0003747732989722863,0.00017932752962224185,0.9802599173840955,3,3,4,0.0,5 3 4 6
981,0,sigma_1p0__kernel_9__order_2,1.0,9,2,3431,0.050000000000000044,0.25167810916900635,0.00037930190592305735,0.0002688246313482523,0.9730571657596389,3,3,4,0.0,5 3 4 6
982,0,sigma_1p0__kernel_9__order_2,1.0,9,2,3435,0.050000000000000044,0.5074523687362671,0.00030838435850455426,0.00028734508669003844,0.9792653489835764,3,3,4,0.0,5 3 4 6
983,0,sigma_1p0__kernel_9__order_2,1.0,9,2,3439,0.050000000000000044,0.2813258171081543,0.00030605185020249337,0.0002048807218670845,0.9843359494074629,3,3,4,0.0,4 3 5 6
984,0,sigma_1p0__kernel_9__order_2,1.0,9,2,3444,0.050000000000000044,0.49645060300827026,0.0003183949942467734,0.00016091778525151312,0.9841738597497646,4,4,5,0.0,2 3 5 4 6
985,0,sigma_1p0__kernel_9__order_2,1.0,9,2,3449,0.050000000000000044,0.47761237621307373,0.00035524689592421056,0.00022937111498322338,0.9765678144876229,4,4,5,0.0,2 3 5 4 6
986,0,sigma_1p0__kernel_9__order_2,1.0,9,2,3454,0.050000000000000044,0.24814116954803467,0.00038234738167375326,0.00011533001088537276,0.9893625811468832,4,4,5,0.0,5 1 3 4 6
987,0,sigma_1p0__kernel_9__order_2,1.0,9,2,3457,0.050000000000000044,0.07632233947515488,0.00038281697197817266,0.0003549546527210623,0.9567700723688894,2,2,3,0.0,3 5 6
988,0,sigma_1p0__kernel_9__order_2,1.0,9,2,3460,0.050000000000000044,0.16052131354808807,0.0004326784595226248,0.0006135533330962062,0.9546433615982178,2,2,3,0.0,3 5 6
989,0,sigma_1p0__kernel_9__order_2,1.0,9,2,3464,0.050000000000000044,0.16299965977668762,0.00034716621303232387,0.00029329670360311866,0.978404005805604,3,3,4,0.0,3 4 5 6
990,0,sigma_1p0__kernel_9__order_2,1.0,9,2,3468,0.050000000000000044,0.16299965977668762,0.0003976844673161395,0.00029329670360311866,0.978404005805604,3,3,4,0.0,3 4 5 6
991,0,sigma_1p0__kernel_9__order_2,1.0,9,2,3470,0.050000000000000044,0.06620339304208755,0.00043134851148352027,0.0010458785109221935,0.8895152893258473,1,1,2,0.0,4 6
992,0,sigma_1p0__kernel_9__order_2,1.0,9,2,3474,0.050000000000000044,0.45421579480171204,0.0004113020913791843,0.0002658700686879456,0.9685054444104397,3,3,4,0.0,5 3 4 6
993,0,sigma_1p0__kernel_9__order_2,1.0,9,2,3478,0.050000000000000044,0.2537424862384796,0.0004523209572653286,0.0003305163118056953,0.9657473915503509,3,3,4,0.0,5 3 4 6
994,0,sigma_1p0__kernel_9__order_2,1.0,9,2,3482,0.050000000000000044,0.26265954971313477,0.00044530387822305784,0.00026568223256617785,0.9782780824178181,3,3,4,0.0,5 3 4 6
995,0,sigma_1p0__kernel_9__order_2,1.0,9,2,3486,0.050000000000000044,0.26265954971313477,0.0004408944660099223,0.00026568223256617785,0.9782780824178181,3,3,4,0.0,5 3 4 6
996,0,sigma_1p0__kernel_9__order_2,1.0,9,2,3489,0.050000000000000044,0.07632233947515488,0.0004123265001301964,0.0003549546527210623,0.9567700723688894,2,2,3,0.0,3 5 6
997,0,sigma_1p0__kernel_9__order_2,1.0,9,2,3493,0.050000000000000044,0.621910810470581,0.0004009483818663284,0.00011563707084860653,0.9869697132944069,3,3,4,0.0,3 5 4 6
998,0,sigma_1p0__kernel_9__order_2,1.0,9,2,3498,0.050000000000000044,0.2318192571401596,0.0003332489461172372,0.0003047949285246432,0.9760491947392079,4,4,5,0.0,1 4 5 3 6
999,0,sigma_1p0__kernel_9__order_2,1.0,9,2,3502,0.050000000000000044,0.5062942504882812,0.0005176527993171476,0.0002349590213270858,0.976496011798362,3,3,4,0.0,5 3 4 6
1000,0,sigma_1p0__kernel_9__order_2,1.0,9,2,3505,0.050000000000000044,0.058370791375637054,0.0007148916289831201,0.0004879920743405819,0.9443934640972282,2,2,3,0.0,5 3 6
1001,0,sigma_1p0__kernel_9__order_2,1.0,9,2,3509,0.050000000000000044,0.26265949010849,0.0005493373319040984,0.00026568223256617785,0.9782780824178181,3,3,4,0.0,3 4 5 6
1002,0,sigma_1p0__kernel_9__order_2,1.0,9,2,3513,0.050000000000000044,0.5116891264915466,0.0005463216220960021,0.00040857974090613425,0.9488013382473968,3,3,4,0.0,3 4 5 6
1003,0,sigma_1p0__kernel_9__order_2,1.0,9,2,3517,0.050000000000000044,0.6219107508659363,0.0005057340604253113,0.00011563707084860653,0.9869697132944069,3,3,4,0.0,3 4 5 6
1004,0,sigma_1p0__kernel_9__order_2,1.0,9,2,3519,0.050000000000000044,0.06620339304208755,0.0005027846927987412,0.0010458785109221935,0.8895152893258473,1,1,2,0.0,4 6
1005,0,sigma_1p0__kernel_9__order_2,1.0,9,2,3523,0.050000000000000044,0.2811933755874634,0.0004362436447991058,0.0003074454143643379,0.9758183664501635,3,3,4,0.0,4 5 3 6
1006,0,sigma_1p0__kernel_9__order_2,1.0,9,2,3525,0.050000000000000044,0.08822499215602875,0.0004981273086741567,0.0010199007811024785,0.9173677836353231,1,1,2,0.0,4 6
1007,0,sigma_1p0__kernel_9__order_2,1.0,9,2,3530,0.050000000000000044,0.4917108118534088,0.000375513598555699,0.0004085330874659121,0.9488037567536981,4,4,5,0.0,3 5 1 4 6
1008,0,sigma_1p0__kernel_9__order_2,1.0,9,2,3534,0.050000000000000044,0.5133083462715149,0.00041543540282873437,0.00022969531710259616,0.9836593969292079,3,3,4,0.0,3 5 4 6
1009,0,sigma_1p0__kernel_9__order_2,1.0,9,2,3538,0.050000000000000044,0.2975843548774719,0.000389925146009773,0.00011739555338863283,0.9893193590265392,3,3,4,0.0,4 3 5 6
1010,0,sigma_1p0__kernel_9__order_2,1.0,9,2,3542,0.050000000000000044,0.5827685594558716,0.000407875904784305,0.00026917693321593106,0.9711808926745913,3,3,4,0.0,3 5 4 6
1011,0,sigma_1p0__kernel_9__order_2,1.0,9,2,3546,0.050000000000000044,0.45421576499938965,0.0003777614183491096,0.0002658700686879456,0.9685054444104397,3,3,4,0.0,5 4 3 6
1012,0,sigma_1p0__kernel_9__order_2,1.0,9,2,3550,0.050000000000000044,0.25167810916900635,0.00041224361484637484,0.0002688246313482523,0.9730571657596389,3,3,4,0.0,4 3 5 6
1013,0,sigma_1p0__kernel_9__order_2,1.0,9,2,3554,0.050000000000000044,0.45535826683044434,0.0004745555197587237,0.00046948809176683426,0.9537005855587801,3,3,4,0.0,3 5 4 6
1014,0,sigma_1p0__kernel_9__order_2,1.0,9,2,3558,0.050000000000000044,0.6219107508659363,0.0004324913752498105,0.00011563707084860653,0.9869697132944069,3,3,4,0.0,3 4 5 6
1015,0,sigma_1p0__kernel_9__order_2,1.0,9,2,3560,0.050000000000000044,0.08822499215602875,0.00040291986078955233,0.0010199007811024785,0.9173677836353231,1,1,2,0.0,4 6
1016,0,sigma_1p0__kernel_9__order_2,1.0,9,2,3562,0.050000000000000044,0.05148378759622574,0.00030804905691184103,0.001311954576522112,0.8983739310439219,1,1,2,0.0,4 6
1017,0,sigma_1p0__kernel_9__order_2,1.0,9,2,3566,0.050000000000000044,0.2813257873058319,0.00040132893627742305,0.0002048807218670845,0.9843359494074629,3,3,4,0.0,3 4 5 6
1018,0,sigma_1p0__kernel_9__order_2,1.0,9,2,3568,0.050000000000000044,0.06620339304208755,0.0003422023291932419,0.0010458785109221935,0.8895152893258473,1,1,2,0.0,4 6
1019,0,sigma_1p0__kernel_9__order_2,1.0,9,2,3572,0.050000000000000044,0.25167810916900635,0.00032793142599985003,0.0002688246313482523,0.9730571657596389,3,3,4,0.0,4 3 5 6
1020,0,sigma_1p0__kernel_9__order_2,1.0,9,2,3574,0.050000000000000044,0.05148378759622574,0.00047260726569220424,0.001311954576522112,0.8983739310439219,1,1,2,0.0,4 6
1021,0,sigma_1p0__kernel_9__order_2,1.0,9,2,3578,0.050000000000000044,0.5045946836471558,0.00040736523806117475,0.0004865041410084814,0.9562090784311295,3,3,4,0.0,3 5 4 6
1022,0,sigma_1p0__kernel_9__order_2,1.0,9,2,3581,0.050000000000000044,0.16052131354808807,0.0003366796493840714,0.0006135533330962062,0.9546433615982178,2,2,3,0.0,3 5 6
1023,0,sigma_1p0__kernel_9__order_2,1.0,9,2,3586,0.050000000000000044,0.48476216197013855,0.00043527290399651973,0.0004860204935539514,0.956205478781894,4,4,5,0.0,3 2 4 5 6
1024,0,sigma_1p0__kernel_9__order_2,1.0,9,2,3590,0.050000000000000044,0.2813258171081543,0.00036083437589695677,0.0002048807218670845,0.9843359494074629,3,3,4,0.0,4 3 5 6
1025,0,sigma_1p0__kernel_9__order_2,1.0,9,2,3592,0.050000000000000044,0.06620339304208755,0.0003089308156631887,0.0010458785109221935,0.8895152893258473,1,1,2,0.0,4 6
1026,0,sigma_1p0__kernel_9__order_2,1.0,9,2,3594,0.050000000000000044,0.06885778158903122,0.0004691021895268932,0.0009730406454764307,0.927493339335805,1,1,2,0.0,4 6
1027,0,sigma_1p0__kernel_9__order_2,1.0,9,2,3597,0.050000000000000044,0.4471445679664612,0.0003717982811698069,0.00047694897511973977,0.959780734125414,2,2,3,0.0,3 4 6
1028,0,sigma_1p0__kernel_9__order_2,1.0,9,2,3600,0.050000000000000044,0.158042773604393,0.0002754161396296695,0.0004597074002958834,0.9592404986923289,2,2,3,0.0,3 5 6
1029,0,sigma_1p0__kernel_9__order_2,1.0,9,2,3605,0.050000000000000044,0.5402342081069946,0.00028915345028508456,0.0004032488795928657,0.9671964041188837,4,4,5,0.0,3 1 4 5 6
1030,0,sigma_1p0__kernel_9__order_2,1.0,9,2,3610,0.050000000000000044,0.4257511496543884,0.000337957707233727,0.000464441574877128,0.9535418546157275,4,4,5,0.0,3 2 4 5 6
1031,0,sigma_1p0__kernel_9__order_2,1.0,9,2,3614,0.050000000000000044,0.2811933755874634,0.00031882053372100927,0.0003074454143643379,0.9758183664501635,3,3,4,0.0,4 3 5 6
1032,0,sigma_1p0__kernel_9__order_2,1.0,9,2,3616,0.050000000000000044,0.08822499215602875,0.00048580372822470963,0.0010199007811024785,0.9173677836353231,1,1,2,0.0,4 6
1033,0,sigma_1p0__kernel_9__order_2,1.0,9,2,3619,0.050000000000000044,0.158042773604393,0.00029003675444982946,0.0004597074002958834,0.9592404986923289,2,2,3,0.0,3 5 6
1034,0,sigma_1p0__kernel_9__order_2,1.0,9,2,3623,0.050000000000000044,0.2811933755874634,0.00033420730323996395,0.0003074454143643379,0.9758183664501635,3,3,4,0.0,4 3 5 6
1035,0,sigma_1p0__kernel_9__order_2,1.0,9,2,3627,0.050000000000000044,0.5062942504882812,0.00034994840098079294,0.0002349590213270858,0.976496011798362,3,3,4,0.0,3 5 4 6
1036,0,sigma_1p0__kernel_9__order_2,1.0,9,2,3630,0.050000000000000044,0.17979587614536285,0.0003219145874027163,0.0007011665729805827,0.9514408477279718,2,2,3,0.0,3 5 6
1037,0,sigma_1p0__kernel_9__order_2,1.0,9,2,3634,0.050000000000000044,0.27362072467803955,0.0002501237431715708,0.00017932752962224185,0.9802599173840955,3,3,4,0.0,4 3 5 6
1038,0,sigma_1p0__kernel_9__order_2,1.0,9,2,3638,0.050000000000000044,0.2813257873058319,0.0002678694436326623,0.0002048807218670845,0.9843359494074629,3,3,4,0.0,3 4 5 6
1039,0,sigma_1p0__kernel_9__order_2,1.0,9,2,3641,0.050000000000000044,0.158042773604393,0.00030882681797568995,0.0004597074002958834,0.9592404986923289,2,2,3,0.0,3 5 6
1040,0,sigma_1p0__kernel_9__order_2,1.0,9,2,3645,0.050000000000000044,0.6219107508659363,0.0003365603515703697,0.00011563707084860653,0.9869697132944069,3,3,4,0.0,3 4 5 6
1041,0,sigma_1p0__kernel_9__order_2,1.0,9,2,3647,0.050000000000000044,0.07216545939445496,0.0003054590051760897,0.0009983577765524387,0.9042346423821841,1,1,2,0.0,4 6
1042,0,sigma_1p0__kernel_9__order_2,1.0,9,2,3652,0.050000000000000044,0.40064191818237305,0.0003229122434277087,0.0003261989331804216,0.9622534799802601,5,5,6,0.0,3 5 2 1 4
1043,0,sigma_1p0__kernel_9__order_2,1.0,9,2,3656,0.050000000000000044,0.25167810916900635,0.0002824223192874342,0.0002688246313482523,0.9730571657596389,3,3,4,0.0,5 3 4 6
1044,0,sigma_1p0__kernel_9__order_2,1.0,9,2,3660,0.050000000000000044,0.26265954971313477,0.00026722371694631875,0.00026568223256617785,0.9782780824178181,3,3,4,0.0,5 3 4 6
1045,0,sigma_1p0__kernel_9__order_2,1.0,9,2,3665,0.050000000000000044,0.5399646162986755,0.0002802288276143372,0.00040371244540438056,0.9671228918004404,4,4,5,0.0,3 2 4 5 6
1046,0,sigma_1p0__kernel_9__order_2,1.0,9,2,3670,0.050000000000000044,0.5607198476791382,0.00035778004676103594,0.00035798409953713417,0.970142106026163,4,4,5,0.0,3 1 4 5 6
1047,0,sigma_1p0__kernel_9__order_2,1.0,9,2,3674,0.050000000000000044,0.2423517107963562,0.00027760765806306154,0.0006882387679070234,0.9495375515022686,3,3,4,0.0,5 3 4 6
1048,0,sigma_1p0__kernel_9__order_2,1.0,9,2,3679,0.050000000000000044,0.5632835626602173,0.0003017703304067254,0.00026843766681849957,0.9713118144717426,4,4,5,0.0,3 5 1 4 6
1049,0,sigma_1p0__kernel_9__order_2,1.0,9,2,3682,0.050000000000000044,0.16052131354808807,0.0002872150410742809,0.0006135533330962062,0.9546433615982178,2,2,3,0.0,3 5 6
1050,0,sigma_1p0__kernel_9__order_2,1.0,9,2,3687,0.050000000000000044,0.231388121843338,0.00027551751409191636,0.00030644790967926383,0.975877346964852,4,4,5,0.0,4 3 5 2 6
1051,0,sigma_1p0__kernel_9__order_2,1.0,9,2,3692,0.050000000000000044,0.4257511496543884,0.0003213030810002238,0.000464441574877128,0.9535418546157275,4,4,5,0.0,3 2 4 5 6
1052,0,sigma_1p0__kernel_9__order_2,1.0,9,2,3695,0.050000000000000044,0.17979587614536285,0.0002922297377760212,0.0007011665729805827,0.9514408477279718,2,2,3,0.0,3 5 6
1053,0,sigma_1p0__kernel_9__order_2,1.0,9,2,3700,0.050000000000000044,0.47984907031059265,0.0002958785800728947,0.000276587757980451,0.9795012027025223,4,4,5,0.0,5 3 4 2 6
1054,0,sigma_1p0__kernel_9__order_2,1.0,9,2,3704,0.050000000000000044,0.11032409965991974,0.00038185290031833574,0.0005707488162443042,0.9589119981287776,3,3,4,0.0,3 5 2 6
1055,0,sigma_1p0__kernel_9__order_2,1.0,9,2,3708,0.050000000000000044,0.5062942504882812,0.0003896387279382907,0.0002349590213270858,0.976496011798362,3,3,4,0.0,3 5 4 6
1056,0,sigma_1p0__kernel_9__order_2,1.0,9,2,3712,0.050000000000000044,0.5257713794708252,0.000370079796994105,0.00016244305879808962,0.9840680202746079,3,3,4,0.0,3 5 4 6
1057,0,sigma_1p0__kernel_9__order_2,1.0,9,2,3715,0.050000000000000044,0.14607757329940796,0.00044509756844490767,0.00037195117329247296,0.9613045964846287,2,2,3,0.0,3 1 6
1058,0,sigma_1p0__kernel_9__order_2,1.0,9,2,3718,0.050000000000000044,0.14686039090156555,0.00033539431751705706,0.0005567030166275799,0.9459672033007165,2,2,3,0.0,5 3 6
1059,0,sigma_1p0__kernel_9__order_2,1.0,9,2,3721,0.050000000000000044,0.16950291395187378,0.0004166558210272342,0.0002968789776787162,0.967183250787709,2,2,3,0.0,5 3 6
1060,0,sigma_1p0__kernel_9__order_2,1.0,9,2,3725,0.050000000000000044,0.25167810916900635,0.000392533911508508,0.0002688246313482523,0.9730571657596389,3,3,4,0.0,3 4 5 6
1061,0,sigma_1p0__kernel_9__order_2,1.0,9,2,3729,0.050000000000000044,0.5133083462715149,0.00034987992694368586,0.00022969531710259616,0.9836593969292079,3,3,4,0.0,3 5 4 6
1062,0,sigma_1p0__kernel_9__order_2,1.0,9,2,3731,0.050000000000000044,0.042731307446956635,0.0003745139401871711,0.0010006569791585207,0.9216949270299539,1,1,2,0.0,4 6
1063,0,sigma_1p0__kernel_9__order_2,1.0,9,2,3733,0.050000000000000044,0.07216545939445496,0.0002770534192677587,0.0009983577765524387,0.9042346423821841,1,1,2,0.0,4 6
1064,0,sigma_1p0__kernel_9__order_2,1.0,9,2,3736,0.050000000000000044,0.16027358174324036,0.0003315184051947047,0.0003168144612573087,0.962523856270044,2,2,3,0.0,3 5 6
1065,0,sigma_1p0__kernel_9__order_2,1.0,9,2,3740,0.050000000000000044,0.4599292576313019,0.00025545782045810483,0.00033009552862495184,0.9623021453477256,3,3,4,0.0,3 4 5 6
1066,0,sigma_1p0__kernel_9__order_2,1.0,9,2,3742,0.050000000000000044,0.06885778158903122,0.00034466281067579985,0.0009730406454764307,0.927493339335805,1,1,2,0.0,4 6
1067,0,sigma_1p0__kernel_9__order_2,1.0,9,2,3746,0.050000000000000044,0.27362072467803955,0.0002918428144766949,0.00017932752962224185,0.9802599173840955,3,3,4,0.0,4 3 5 6
1068,0,sigma_1p0__kernel_9__order_2,1.0,9,2,3750,0.050000000000000044,0.5133083462715149,0.0003701947171066422,0.00022969531710259616,0.9836593969292079,3,3,4,0.0,3 5 4 6
1069,0,sigma_1p0__kernel_9__order_2,1.0,9,2,3753,0.050000000000000044,0.16027358174324036,0.00048293432337231934,0.0003168144612573087,0.962523856270044,2,2,3,0.0,3 5 6
1070,0,sigma_1p0__kernel_9__order_2,1.0,9,2,3758,0.050000000000000044,0.5202906131744385,0.0004978108801878989,0.00040304585127159953,0.9671935243676023,5,5,6,0.0,3 2 4 1 5
1071,0,sigma_1p0__kernel_9__order_2,1.0,9,2,3762,0.050000000000000044,0.27362072467803955,0.00040377907134825364,0.00017932752962224185,0.9802599173840955,3,3,4,0.0,4 3 5 6
1072,0,sigma_1p0__kernel_9__order_2,1.0,9,2,3767,0.050000000000000044,0.6035642027854919,0.00043871020316146316,0.00011355951573932543,0.9870355374287199,4,4,5,0.0,3 2 4 5 6
1073,0,sigma_1p0__kernel_9__order_2,1.0,9,2,3772,0.050000000000000044,0.5832987427711487,0.0004588697338476777,0.0003123176866210997,0.9648182590389082,4,4,5,0.0,3 2 4 5 6
1074,0,sigma_1p0__kernel_9__order_2,1.0,9,2,3776,0.050000000000000044,0.2811933755874634,0.0003627232799772173,0.0003074454143643379,0.9758183664501635,3,3,4,0.0,4 3 5 6
1075,0,sigma_1p0__kernel_9__order_2,1.0,9,2,3780,0.050000000000000044,0.2811933755874634,0.0004159078307566233,0.0003074454143643379,0.9758183664501635,3,3,4,0.0,4 3 5 6
1076,0,sigma_1p0__kernel_9__order_2,1.0,9,2,3784,0.050000000000000044,0.2813258171081543,0.00039218159508891404,0.0002048807218670845,0.9843359494074629,3,3,4,0.0,4 3 5 6
1077,0,sigma_1p0__kernel_9__order_2,1.0,9,2,3788,0.050000000000000044,0.5827685594558716,0.0003794707008637488,0.00026917693321593106,0.9711808926745913,3,3,4,0.0,3 5 4 6
1078,0,sigma_1p0__kernel_9__order_2,1.0,9,2,3792,0.050000000000000044,0.621910810470581,0.0004542806855170056,0.00011563707084860653,0.9869697132944069,3,3,4,0.0,3 5 4 6
1079,0,sigma_1p0__kernel_9__order_2,1.0,9,2,3796,0.050000000000000044,0.5116891264915466,0.00044603223796002567,0.00040857974090613425,0.9488013382473968,3,3,4,0.0,3 5 4 6
1080,0,sigma_1p0__kernel_9__order_2,1.0,9,2,3800,0.050000000000000044,0.11659692227840424,0.00043579674820648506,0.0002816234191413969,0.9684781731060937,3,3,4,0.0,3 5 1 6
1081,0,sigma_1p0__kernel_9__order_2,1.0,9,2,3805,0.050000000000000044,0.48476216197013855,0.00043775180238299073,0.0004860204935539514,0.956205478781894,4,4,5,0.0,3 2 4 5 6
1082,0,sigma_1p0__kernel_9__order_2,1.0,9,2,3808,0.050000000000000044,0.0729357898235321,0.0004046811761024098,0.000244210590608418,0.9645484778210609,2,2,3,0.0,5 3 6
1083,0,sigma_1p0__kernel_9__order_2,1.0,9,2,3813,0.050000000000000044,0.47761237621307373,0.00034593501477502285,0.00022937111498322338,0.9765678144876229,4,4,5,0.0,2 3 4 5 6
1084,0,sigma_1p0__kernel_9__order_2,1.0,9,2,3818,0.050000000000000044,0.4962446391582489,0.00037716630031354726,0.00016172637697309256,0.9841781721387267,4,4,5,0.0,5 4 1 3 6
1085,0,sigma_1p0__kernel_9__order_2,1.0,9,2,3822,0.050000000000000044,0.5074523687362671,0.0004290544311515987,0.00028734508669003844,0.9792653489835764,3,3,4,0.0,5 3 4 6
1086,0,sigma_1p0__kernel_9__order_2,1.0,9,2,3826,0.050000000000000044,0.2813258171081543,0.0004025006201118231,0.0002048807218670845,0.9843359494074629,3,3,4,0.0,4 3 5 6
1087,0,sigma_1p0__kernel_9__order_2,1.0,9,2,3831,0.050000000000000044,0.46614834666252136,0.0003511631162837148,0.0001355567219434306,0.9772140656406332,4,4,5,0.0,3 2 5 4 6
1088,0,sigma_1p0__kernel_9__order_2,1.0,9,2,3835,0.050000000000000044,0.2736207842826843,0.00034192154271295294,0.00017932752962224185,0.9802599173840955,3,3,4,0.0,5 4 3 6
1089,0,sigma_1p0__kernel_9__order_2,1.0,9,2,3839,0.050000000000000044,0.45421579480171204,0.0004015825325041078,0.0002658700686879456,0.9685054444104397,3,3,4,0.0,5 3 4 6
1090,0,sigma_1p0__kernel_9__order_2,1.0,9,2,3842,0.050000000000000044,0.14686039090156555,0.0003106652487379809,0.0005567030166275799,0.9459672033007165,2,2,3,0.0,3 5 6
1091,0,sigma_1p0__kernel_9__order_2,1.0,9,2,3845,0.050000000000000044,0.07632233947515488,0.0004030996933579445,0.0003549546527210623,0.9567700723688894,2,2,3,0.0,3 5 6
1092,0,sigma_1p0__kernel_9__order_2,1.0,9,2,3848,0.050000000000000044,0.38329851627349854,0.00032418233846935135,0.0008532454958185554,0.9306720203047842,2,2,3,0.0,3 2 6
1093,0,sigma_1p0__kernel_9__order_2,1.0,9,2,3853,0.050000000000000044,0.5739725232124329,0.00043031264212913813,0.0004525361873675138,0.9656771898942952,4,4,5,0.0,3 2 4 5 6
1094,0,sigma_1p0__kernel_9__order_2,1.0,9,2,3857,0.050000000000000044,0.45992928743362427,0.0003863556921714917,0.00033009552862495184,0.9623021453477256,3,3,4,0.0,5 4 3 6
1095,0,sigma_1p0__kernel_9__order_2,1.0,9,2,3862,0.050000000000000044,0.47761237621307373,0.00046877033892087636,0.00022937111498322338,0.9765678144876229,4,4,5,0.0,2 3 4 5 6
1096,0,sigma_1p0__kernel_9__order_2,1.0,9,2,3865,0.050000000000000044,0.148762509226799,0.00032581304549239576,0.0005902164848521352,0.9453008105617358,2,2,3,0.0,3 5 6
1097,0,sigma_1p0__kernel_9__order_2,1.0,9,2,3868,0.050000000000000044,0.148762509226799,0.0004636662973401447,0.0005902164848521352,0.9453008105617358,2,2,3,0.0,3 5 6
1098,0,sigma_1p0__kernel_9__order_2,1.0,9,2,3872,0.050000000000000044,0.26265954971313477,0.0004081837432750035,0.00026568223256617785,0.9782780824178181,3,3,4,0.0,4 5 3 6
1099,0,sigma_1p0__kernel_9__order_2,1.0,9,2,3874,0.050000000000000044,0.042731307446956635,0.0004894109297310933,0.0010006569791585207,0.9216949270299539,1,1,2,0.0,4 6
1100,0,sigma_1p0__kernel_9__order_2,1.0,9,2,3876,0.050000000000000044,0.06620339304208755,0.00033179641468450427,0.0010458785109221935,0.8895152893258473,1,1,2,0.0,4 6
1101,0,sigma_1p0__kernel_9__order_2,1.0,9,2,3878,0.050000000000000044,0.042731307446956635,0.000322813204547856,0.0010006569791585207,0.9216949270299539,1,1,2,0.0,4 6
1102,0,sigma_1p0__kernel_9__order_2,1.0,9,2,3883,0.050000000000000044,0.23138810694217682,0.00030249211413320155,0.00030644790967926383,0.975877346964852,4,4,5,0.0,4 5 3 2 6
1103,0,sigma_1p0__kernel_9__order_2,1.0,9,2,3887,0.050000000000000044,0.26265949010849,0.000390631532354746,0.00026568223256617785,0.9782780824178181,3,3,4,0.0,4 3 5 6
1104,0,sigma_1p0__kernel_9__order_2,1.0,9,2,3891,0.050000000000000044,0.253742516040802,0.00034291141491848975,0.0003305163118056953,0.9657473915503509,3,3,4,0.0,4 3 5 6
1105,0,sigma_1p0__kernel_9__order_2,1.0,9,2,3896,0.050000000000000044,0.43019652366638184,0.0004126916581299156,0.00032918446231633425,0.9623376832528574,4,4,5,0.0,3 5 1 4 6
1106,0,sigma_1p0__kernel_9__order_2,1.0,9,2,3901,0.050000000000000044,0.46730318665504456,0.00035883277014363556,0.00015950106899254024,0.9843590594783833,5,5,6,0.0,2 3 4 1 5
1107,0,sigma_1p0__kernel_9__order_2,1.0,9,2,3904,0.050000000000000044,0.148762509226799,0.0003593686269596219,0.0005902164848521352,0.9453008105617358,2,2,3,0.0,3 5 6
1108,0,sigma_1p0__kernel_9__order_2,1.0,9,2,3908,0.050000000000000044,0.45535826683044434,0.0003962735572713427,0.00046948809176683426,0.9537005855587801,3,3,4,0.0,5 3 4 6
1109,0,sigma_1p0__kernel_9__order_2,1.0,9,2,3913,0.050000000000000044,0.5414643287658691,0.0003475483797956258,0.00035670067882165313,0.9703575982208342,5,5,6,0.0,3 2 4 1 5
1110,0,sigma_1p0__kernel_9__order_2,1.0,9,2,3916,0.050000000000000044,0.158042773604393,0.00035115311038680375,0.0004597074002958834,0.9592404986923289,2,2,3,0.0,3 5 6
1111,0,sigma_1p0__kernel_9__order_2,1.0,9,2,3920,0.050000000000000044,0.2975843548774719,0.0004548889191937633,0.00011739555338863283,0.9893193590265392,3,3,4,0.0,4 3 5 6
1112,0,sigma_1p0__kernel_9__order_2,1.0,9,2,3925,0.050000000000000044,0.4836863577365875,0.0003960805479437113,0.00022795081895310432,0.9836518599360508,4,4,5,0.0,2 3 4 5 6
1113,0,sigma_1p0__kernel_9__order_2,1.0,9,2,3930,0.050000000000000044,0.49645063281059265,0.00041601737029850483,0.00016091778525151312,0.9841738597497646,4,4,5,0.0,2 3 4 5 6
1114,0,sigma_1p0__kernel_9__order_2,1.0,9,2,3932,0.050000000000000044,0.08585478365421295,0.0003664063988253474,0.0004186356964055449,0.9436479770400152,1,1,2,0.0,4 6
1115,0,sigma_1p0__kernel_9__order_2,1.0,9,2,3937,0.050000000000000044,0.48476216197013855,0.00040223331889137625,0.0004860204935539514,0.956205478781894,4,4,5,0.0,3 2 4 5 6
1116,0,sigma_1p0__kernel_9__order_2,1.0,9,2,3941,0.050000000000000044,0.5133084058761597,0.0004203087228233926,0.00022969531710259616,0.9836593969292079,3,3,4,0.0,5 4 3 6
1117,0,sigma_1p0__kernel_9__order_2,1.0,9,2,3945,0.050000000000000044,0.26265954971313477,0.000430337997386232,0.00026568223256617785,0.9782780824178181,3,3,4,0.0,4 5 3 6
1118,0,sigma_1p0__kernel_9__order_2,1.0,9,2,3948,0.050000000000000044,0.158042773604393,0.00036986775618667406,0.0004597074002958834,0.9592404986923289,2,2,3,0.0,3 5 6
1119,0,sigma_1p0__kernel_9__order_2,1.0,9,2,3952,0.050000000000000044,0.26265949010849,0.00038118869269965217,0.00026568223256617785,0.9782780824178181,3,3,4,0.0,4 3 5 6
1120,0,sigma_1p0__kernel_9__order_2,1.0,9,2,3956,0.050000000000000044,0.26265949010849,0.0003468648865236901,0.00026568223256617785,0.9782780824178181,3,3,4,0.0,4 3 5 6
1121,0,sigma_1p0__kernel_9__order_2,1.0,9,2,3959,0.050000000000000044,0.17979587614536285,0.00034622076782397926,0.0007011665729805827,0.9514408477279718,2,2,3,0.0,3 5 6
1122,0,sigma_1p0__kernel_9__order_2,1.0,9,2,3962,0.050000000000000044,0.16950292885303497,0.000458044601449122,0.0002968789776787162,0.967183250787709,2,2,3,0.0,3 5 6
1123,0,sigma_1p0__kernel_9__order_2,1.0,9,2,3965,0.050000000000000044,0.16950292885303497,0.0003489009104669094,0.0002968789776787162,0.967183250787709,2,2,3,0.0,3 5 6
1124,0,sigma_1p0__kernel_9__order_2,1.0,9,2,3968,0.050000000000000044,0.05051891505718231,0.0003827370625610153,0.0006870934157632291,0.9247663637510236,2,2,3,0.0,3 5 6
1125,0,sigma_1p0__kernel_9__order_2,1.0,9,2,3971,0.050000000000000044,0.17979587614536285,0.0003722259134519845,0.0007011665729805827,0.9514408477279718,2,2,3,0.0,3 5 6
1126,0,sigma_1p0__kernel_9__order_2,1.0,9,2,3976,0.050000000000000044,0.5399646162986755,0.0003340753086376935,0.00040371244540438056,0.9671228918004404,4,4,5,0.0,3 2 4 5 6
1127,0,sigma_1p0__kernel_9__order_2,1.0,9,2,3979,0.050000000000000044,0.046418145298957825,0.0002735682452718417,0.0007575950585305691,0.9282478330818567,2,2,3,0.0,5 3 6
1128,0,sigma_1p0__kernel_9__order_2,1.0,9,2,3984,0.050000000000000044,0.5414643287658691,0.0003176405385602266,0.00035670067882165313,0.9703575982208342,5,5,6,0.0,3 1 4 2 5
1129,0,sigma_1p0__kernel_9__order_2,1.0,9,2,3987,0.050000000000000044,0.0692678764462471,0.0002998721320182085,0.0006569871911779046,0.9474752098676282,2,2,3,0.0,3 5 6
1130,0,sigma_1p0__kernel_9__order_2,1.0,9,2,3992,0.050000000000000044,0.5739725232124329,0.00028125456010457127,0.0004525361873675138,0.9656771898942952,4,4,5,0.0,3 2 4 5 6
1131,0,sigma_1p0__kernel_9__order_2,1.0,9,2,3994,0.050000000000000044,0.042731307446956635,0.00029529992025345564,0.0010006569791585207,0.9216949270299539,1,1,2,0.0,4 6
1132,0,sigma_1p0__kernel_9__order_2,1.0,9,2,3999,0.050000000000000044,0.4916952848434448,0.00037627574638463555,0.00040852715028449893,0.948789707846789,4,4,5,0.0,3 2 5 4 6
1133,0,sigma_1p0__kernel_9__order_2,1.0,9,2,4001,0.050000000000000044,0.06620339304208755,0.0007066872203722596,0.0010458785109221935,0.8895152893258473,1,1,2,0.0,4 6
1134,0,sigma_1p0__kernel_9__order_2,1.0,9,2,4005,0.050000000000000044,0.2975843548774719,0.00042922083230223507,0.00011739555338863283,0.9893193590265392,3,3,4,0.0,4 3 5 6
1135,0,sigma_1p0__kernel_9__order_2,1.0,9,2,4009,0.050000000000000044,0.26265949010849,0.0006673441312159412,0.00026568223256617785,0.9782780824178181,3,3,4,0.0,4 3 5 6
1136,0,sigma_1p0__kernel_9__order_2,1.0,9,2,4014,0.050000000000000044,0.5399646162986755,0.0004872849909588695,0.00040371244540438056,0.9671228918004404,4,4,5,0.0,5 3 2 4 6
1137,0,sigma_1p0__kernel_9__order_2,1.0,9,2,4019,0.050000000000000044,0.5598862767219543,0.0006461905897594989,0.0003612028667703271,0.9702479499131973,4,4,5,0.0,2 3 4 5 6
1138,0,sigma_1p0__kernel_9__order_2,1.0,9,2,4022,0.050000000000000044,0.07960246503353119,0.0006815317901782691,0.0002772131119854748,0.9761993671533753,2,2,3,0.0,3 5 6
1139,0,sigma_1p0__kernel_9__order_2,1.0,9,2,4027,0.050000000000000044,0.4257511496543884,0.0005040595366153866,0.000464441574877128,0.9535418546157275,4,4,5,0.0,2 3 4 5 6
1140,0,sigma_1p0__kernel_9__order_2,1.0,9,2,4032,0.050000000000000044,0.5629134178161621,0.000587501039262861,0.0002687380474526435,0.9711584980188737,4,4,5,0.0,3 2 4 5 6
1141,0,sigma_1p0__kernel_9__order_2,1.0,9,2,4037,0.050000000000000044,0.19236789643764496,0.0005308067135047168,0.0006882375455461442,0.9495521441155184,4,4,5,0.0,2 3 4 5 6
1142,0,sigma_1p0__kernel_9__order_2,1.0,9,2,4040,0.050000000000000044,0.2885228395462036,0.0004925152267484615,0.0004324982000980526,0.9319460070409616,2,2,3,0.0,2 3 6
1143,0,sigma_1p0__kernel_9__order_2,1.0,9,2,4044,0.050000000000000044,0.2423517256975174,0.0005096607128507458,0.0006882387679070234,0.9495375515022686,3,3,4,0.0,5 4 3 6
1144,0,sigma_1p0__kernel_9__order_2,1.0,9,2,4049,0.050000000000000044,0.19236789643764496,0.000539852335350588,0.0006882375455461442,0.9495521441155184,4,4,5,0.0,2 3 4 5 6
1145,0,sigma_1p0__kernel_9__order_2,1.0,9,2,4054,0.050000000000000044,0.5642457008361816,0.0004776865302119404,0.000310016970615834,0.9650295623771926,5,5,6,0.0,2 3 4 1 5
1146,0,sigma_1p0__kernel_9__order_2,1.0,9,2,4059,0.050000000000000044,0.4488770663738251,0.00047760786255821583,0.00022662525589112192,0.9768648725556703,5,5,6,0.0,2 1 3 4 5
1147,0,sigma_1p0__kernel_9__order_2,1.0,9,2,4063,0.050000000000000044,0.5133084058761597,0.0005954184307483956,0.00022969531710259616,0.9836593969292079,3,3,4,0.0,5 4 3 6
1148,0,sigma_1p0__kernel_9__order_2,1.0,9,2,4067,0.050000000000000044,0.4962378740310669,0.0004574880003929138,0.0001359974849037826,0.9773213869928605,3,3,4,0.0,5 4 3 6
1149,0,sigma_1p0__kernel_9__order_2,1.0,9,2,4071,0.050000000000000044,0.2537424862384796,0.0005065121076768264,0.0003305163118056953,0.9657473915503509,3,3,4,0.0,5 4 3 6
1150,0,sigma_1p0__kernel_9__order_2,1.0,9,2,4076,0.050000000000000044,0.47761237621307373,0.00040633746539242566,0.00022937111498322338,0.9765678144876229,4,4,5,0.0,2 3 4 5 6
1151,0,sigma_1p0__kernel_9__order_2,1.0,9,2,4079,0.050000000000000044,0.07960246503353119,0.0005088058048083136,0.0002772131119854748,0.9761993671533753,2,2,3,0.0,3 5 6
1152,0,sigma_1p0__kernel_9__order_2,1.0,9,2,4084,0.050000000000000044,0.43021032214164734,0.00046575276646763084,0.00032804207876324654,0.9622324245509013,4,4,5,0.0,2 4 5 3 6
1153,0,sigma_1p0__kernel_9__order_2,1.0,9,2,4088,0.050000000000000044,0.2811933755874634,0.0005476903897942975,0.0003074454143643379,0.9758183664501635,3,3,4,0.0,4 5 3 6
1154,0,sigma_1p0__kernel_9__order_2,1.0,9,2,4090,0.050000000000000044,0.08822499215602875,0.0005209852388361469,0.0010199007811024785,0.9173677836353231,1,1,2,0.0,4 6
1155,0,sigma_1p0__kernel_9__order_2,1.0,9,2,4092,0.050000000000000044,0.042731307446956635,0.00044111625174991786,0.0010006569791585207,0.9216949270299539,1,1,2,0.0,4 6
1156,0,sigma_1p0__kernel_9__order_2,1.0,9,2,4096,0.050000000000000044,0.253742516040802,0.0005527462344616652,0.0003305163118056953,0.9657473915503509,3,3,4,0.0,4 5 3 6
1157,0,sigma_1p0__kernel_9__order_2,1.0,9,2,4100,0.050000000000000044,0.45421576499938965,0.0004981906531611457,0.0002658700686879456,0.9685054444104397,3,3,4,0.0,5 4 3 6
1158,0,sigma_1p0__kernel_9__order_2,1.0,9,2,4105,0.050000000000000044,0.42420563101768494,0.0004192891123238951,0.00026576308300718665,0.9684869034147149,4,4,5,0.0,2 3 4 5 6
1159,0,sigma_1p0__kernel_9__order_2,1.0,9,2,4109,0.050000000000000044,0.4206498861312866,0.000401459721615538,0.00022932587307877839,0.9627374834984577,3,3,4,0.0,1 3 5 6
1160,0,sigma_1p0__kernel_9__order_2,1.0,9,2,4113,0.050000000000000044,0.16299965977668762,0.0005533760413527489,0.00029329670360311866,0.978404005805604,3,3,4,0.0,3 4 5 6
1161,0,sigma_1p0__kernel_9__order_2,1.0,9,2,4117,0.050000000000000044,0.15600349009037018,0.0005106450407765806,0.00016633210179861635,0.9804948296721285,3,3,4,0.0,3 4 5 6
1162,0,sigma_1p0__kernel_9__order_2,1.0,9,2,4121,0.050000000000000044,0.11698247492313385,0.0004603536945069209,0.000392761779949069,0.9659067900512505,3,3,4,0.0,3 5 1 6
1163,0,sigma_1p0__kernel_9__order_2,1.0,9,2,4124,0.050000000000000044,0.16027358174324036,0.0004911258001811802,0.0003168144612573087,0.962523856270044,2,2,3,0.0,3 5 6
1164,0,sigma_1p0__kernel_9__order_2,1.0,9,2,4127,0.050000000000000044,0.158042773604393,0.0005054393162329992,0.0004597074002958834,0.9592404986923289,2,2,3,0.0,3 5 6
1165,0,sigma_1p0__kernel_9__order_2,1.0,9,2,4132,0.050000000000000044,0.4836863577365875,0.0005719796405173838,0.00022795081895310432,0.9836518599360508,4,4,5,0.0,2 3 4 5 6
1166,0,sigma_1p0__kernel_9__order_2,1.0,9,2,4136,0.050000000000000044,0.5116891264915466,0.0004578416992444545,0.00040857974090613425,0.9488013382473968,3,3,4,0.0,3 5 4 6
1167,0,sigma_1p0__kernel_9__order_2,1.0,9,2,4140,0.050000000000000044,0.2537424862384796,0.00044558818626683205,0.0003305163118056953,0.9657473915503509,3,3,4,0.0,5 4 3 6
1168,0,sigma_1p0__kernel_9__order_2,1.0,9,2,4144,0.050000000000000044,0.2736207842826843,0.00045459028478944674,0.00017932752962224185,0.9802599173840955,3,3,4,0.0,5 4 3 6
1169,0,sigma_1p0__kernel_9__order_2,1.0,9,2,4146,0.050000000000000044,0.07216545939445496,0.00044248721678741276,0.0009983577765524387,0.9042346423821841,1,1,2,0.0,4 6
1170,0,sigma_1p0__kernel_9__order_2,1.0,9,2,4149,0.050000000000000044,0.148762509226799,0.0004754283290822059,0.0005902164848521352,0.9453008105617358,2,2,3,0.0,3 5 6
1171,0,sigma_1p0__kernel_9__order_2,1.0,9,2,4153,0.050000000000000044,0.5257713794708252,0.0003806693057413213,0.00016244305879808962,0.9840680202746079,3,3,4,0.0,5 3 4 6
1172,0,sigma_1p0__kernel_9__order_2,1.0,9,2,4156,0.050000000000000044,0.16027358174324036,0.0006736141901152829,0.0003168144612573087,0.962523856270044,2,2,3,0.0,3 5 6
1173,0,sigma_1p0__kernel_9__order_2,1.0,9,2,4159,0.050000000000000044,0.158042773604393,0.00040386155402908724,0.0004597074002958834,0.9592404986923289,2,2,3,0.0,3 5 6
1174,0,sigma_1p0__kernel_9__order_2,1.0,9,2,4163,0.050000000000000044,0.2736207842826843,0.0003671216618386097,0.00017932752962224185,0.9802599173840955,3,3,4,0.0,5 4 3 6
1175,0,sigma_1p0__kernel_9__order_2,1.0,9,2,4165,0.050000000000000044,0.08585478365421295,0.00036242678470443934,0.0004186356964055449,0.9436479770400152,1,1,2,0.0,4 6
1176,0,sigma_1p0__kernel_9__order_2,1.0,9,2,4170,0.050000000000000044,0.5598862767219543,0.0005606830934993922,0.0003612028667703271,0.9702479499131973,4,4,5,0.0,3 2 4 5 6
1177,0,sigma_1p0__kernel_9__order_2,1.0,9,2,4174,0.050000000000000044,0.25167810916900635,0.0005048846724093892,0.0002688246313482523,0.9730571657596389,3,3,4,0.0,4 5 3 6
1178,0,sigma_1p0__kernel_9__order_2,1.0,9,2,4179,0.050000000000000044,0.4917108118534088,0.0005616716400254518,0.0004085330874659121,0.9488037567536981,4,4,5,0.0,4 5 1 3 6
1179,0,sigma_1p0__kernel_9__order_2,1.0,9,2,4182,0.050000000000000044,0.148762509226799,0.0004163166837921987,0.0005902164848521352,0.9453008105617358,2,2,3,0.0,3 5 6
1180,0,sigma_1p0__kernel_9__order_2,1.0,9,2,4187,0.050000000000000044,0.49645063281059265,0.00043724509887397287,0.00016091778525151312,0.9841738597497646,4,4,5,0.0,2 3 4 5 6
1181,0,sigma_1p0__kernel_9__order_2,1.0,9,2,4190,0.050000000000000044,0.17979587614536285,0.0003180521889589727,0.0007011665729805827,0.9514408477279718,2,2,3,0.0,3 5 6
1182,0,sigma_1p0__kernel_9__order_2,1.0,9,2,4193,0.050000000000000044,0.0692678764462471,0.0004318937911496808,0.0006569871911779046,0.9474752098676282,2,2,3,0.0,3 5 6
1183,0,sigma_1p0__kernel_9__order_2,1.0,9,2,4196,0.050000000000000044,0.0729357898235321,0.0004355176448977242,0.000244210590608418,0.9645484778210609,2,2,3,0.0,3 5 6
1184,0,sigma_1p0__kernel_9__order_2,1.0,9,2,4201,0.050000000000000044,0.19236789643764496,0.0004941017832607031,0.0006882375455461442,0.9495521441155184,4,4,5,0.0,2 3 4 5 6
1185,0,sigma_1p0__kernel_9__order_2,1.0,9,2,4204,0.050000000000000044,0.16052131354808807,0.0004604686206827561,0.0006135533330962062,0.9546433615982178,2,2,3,0.0,3 5 6
1186,0,sigma_1p0__kernel_9__order_2,1.0,9,2,4207,0.050000000000000044,0.05051891505718231,0.0004128598375245929,0.0006870934157632291,0.9247663637510236,2,2,3,0.0,3 5 6
1187,0,sigma_1p0__kernel_9__order_2,1.0,9,2,4212,0.050000000000000044,0.555174708366394,0.0003715359314810485,0.00044878676999360323,0.9659557233738417,5,5,6,0.0,3 5 1 4 2
1188,0,sigma_1p0__kernel_9__order_2,1.0,9,2,4217,0.050000000000000044,0.19236789643764496,0.0004787558689713478,0.0006882375455461442,0.9495521441155184,4,4,5,0.0,2 3 4 5 6
1189,0,sigma_1p0__kernel_9__order_2,1.0,9,2,4222,0.050000000000000044,0.43021029233932495,0.00037854555994272233,0.00032804207876324654,0.9622324245509013,4,4,5,0.0,2 4 3 5 6
1190,0,sigma_1p0__kernel_9__order_2,1.0,9,2,4226,0.050000000000000044,0.16888204216957092,0.00045701207272941247,0.0003634778840932995,0.975528885525132,3,3,4,0.0,3 4 5 6
1191,0,sigma_1p0__kernel_9__order_2,1.0,9,2,4229,0.050000000000000044,0.07632233947515488,0.00031998239379997057,0.0003549546527210623,0.9567700723688894,2,2,3,0.0,3 5 6
1192,0,sigma_1p0__kernel_9__order_2,1.0,9,2,4231,0.050000000000000044,0.16514042019844055,0.0004621642146958038,0.0007811702089384198,0.9221345090731429,1,1,2,0.0,2 6
1193,0,sigma_1p0__kernel_9__order_2,1.0,9,2,4233,0.050000000000000044,0.1315479278564453,0.000326385154039599,0.002093450864776969,0.8546566895777349,1,1,2,0.0,2 6
1194,0,sigma_1p0__kernel_9__order_2,1.0,9,2,4236,0.050000000000000044,0.14686039090156555,0.000425022910349071,0.0005567030166275799,0.9459672033007165,2,2,3,0.0,3 5 6
1195,0,sigma_1p0__kernel_9__order_2,1.0,9,2,4240,0.050000000000000044,0.5133084058761597,0.0004737028357340023,0.00022969531710259616,0.9836593969292079,3,3,4,0.0,5 4 3 6
1196,0,sigma_1p0__kernel_9__order_2,1.0,9,2,4244,0.050000000000000044,0.5257713794708252,0.0003337717935210094,0.00016244305879808962,0.9840680202746079,3,3,4,0.0,3 5 4 6
1197,0,sigma_1p0__kernel_9__order_2,1.0,9,2,4249,0.050000000000000044,0.5399646162986755,0.00045253665884956715,0.00040371244540438056,0.9671228918004404,4,4,5,0.0,3 2 4 5 6
1198,0,sigma_1p0__kernel_9__order_2,1.0,9,2,4252,0.050000000000000044,0.05051891505718231,0.0006615547172259539,0.0006870934157632291,0.9247663637510236,2,2,3,0.0,3 5 6
1199,0,sigma_1p0__kernel_9__order_2,1.0,9,2,4257,0.050000000000000044,0.23296567797660828,0.0007937856891658158,0.0001988169242395088,0.9846306668769449,4,4,5,0.0,2 3 4 5 6
1200,0,sigma_1p0__kernel_9__order_2,1.0,9,2,4262,0.050000000000000044,0.48371177911758423,0.0008074568933807314,0.00022842769976705313,0.9837014776312355,4,4,5,0.0,1 4 5 3 6
1201,0,sigma_1p0__kernel_9__order_2,1.0,9,2,4265,0.050000000000000044,0.16052131354808807,0.0007569891070791831,0.0006135533330962062,0.9546433615982178,2,2,3,0.0,3 5 6
1202,0,sigma_1p0__kernel_9__order_2,1.0,9,2,4270,0.050000000000000044,0.5435150861740112,0.0006703530321829021,0.00026785070076584816,0.9713053481296751,5,5,6,0.0,3 1 4 2 5
1203,0,sigma_1p0__kernel_9__order_2,1.0,9,2,4275,0.050000000000000044,0.4361606240272522,0.0005584557249676437,0.00013534293975681067,0.9771839583316966,5,5,6,0.0,3 5 1 2 4
1204,0,sigma_1p0__kernel_9__order_2,1.0,9,2,4278,0.050000000000000044,0.14686039090156555,0.0004187597951386124,0.0005567030166275799,0.9459672033007165,2,2,3,0.0,3 5 6
1205,0,sigma_1p0__kernel_9__order_2,1.0,9,2,4281,0.050000000000000044,0.04641816020011902,0.0004624089439554761,0.0007575950585305691,0.9282478330818567,2,2,3,0.0,3 5 6
1206,0,sigma_1p0__kernel_9__order_2,1.0,9,2,4285,0.050000000000000044,0.16481977701187134,0.0004492642838158645,0.0002559213316999376,0.9799899954114034,3,3,4,0.0,3 5 4 6
1207,0,sigma_1p0__kernel_9__order_2,1.0,9,2,4290,0.050000000000000044,0.5414643287658691,0.0004259144188836217,0.00035670067882165313,0.9703575982208342,5,5,6,0.0,2 3 4 1 5
1208,0,sigma_1p0__kernel_9__order_2,1.0,9,2,4294,0.050000000000000044,0.15966123342514038,0.0003908758517354727,0.0002310934942215681,0.9801104172054284,3,3,4,0.0,3 4 5 6
1209,0,sigma_1p0__kernel_9__order_2,1.0,9,2,4298,0.050000000000000044,0.13958820700645447,0.00041863245132844895,0.0003499265876598656,0.9686965808254643,3,3,4,0.0,3 5 4 6
1210,0,sigma_1p0__kernel_9__order_2,1.0,9,2,4301,0.050000000000000044,0.16352729499340057,0.0004234602286790808,0.0005552549264393747,0.9588457210948436,2,2,3,0.0,5 3 6
1211,0,sigma_1p0__kernel_9__order_2,1.0,9,2,4306,0.050000000000000044,0.5414643287658691,0.00040726574370637537,0.00035670067882165313,0.9703575982208342,5,5,6,0.0,4 1 2 5 3
1212,0,sigma_1p0__kernel_9__order_2,1.0,9,2,4309,0.050000000000000044,0.2388460338115692,0.00036697419030436623,0.00038220136775635183,0.9587915606008274,2,2,3,0.0,4 3 6
1213,0,sigma_1p0__kernel_9__order_2,1.0,9,2,4313,0.050000000000000044,0.45421576499938965,0.0005005400016671047,0.0002658700686879456,0.9685054444104397,3,3,4,0.0,3 5 4 6
1214,0,sigma_1p0__kernel_9__order_2,1.0,9,2,4317,0.050000000000000044,0.5934131145477295,0.00029157382232369855,0.0004541786329355091,0.9655303865777468,3,3,4,0.0,4 3 5 6
1215,0,sigma_1p0__kernel_9__order_2,1.0,9,2,4319,0.050000000000000044,0.042731307446956635,0.000334291165927425,0.0010006569791585207,0.9216949270299539,1,1,2,0.0,4 6
1216,0,sigma_1p0__kernel_9__order_2,1.0,9,2,4322,0.050000000000000044,0.158042773604393,0.00036586485415076214,0.0004597074002958834,0.9592404986923289,2,2,3,0.0,3 5 6
1217,0,sigma_1p0__kernel_9__order_2,1.0,9,2,4324,0.050000000000000044,0.06885778158903122,0.00045542477164417505,0.0009730406454764307,0.927493339335805,1,1,2,0.0,4 6
1218,0,sigma_1p0__kernel_9__order_2,1.0,9,2,4329,0.050000000000000044,0.5629134178161621,0.00045128193451091645,0.0002687380474526435,0.9711584980188737,4,4,5,0.0,3 2 4 5 6
1219,0,sigma_1p0__kernel_9__order_2,1.0,9,2,4333,0.050000000000000044,0.253742516040802,0.0003538158052833751,0.0003305163118056953,0.9657473915503509,3,3,4,0.0,4 3 5 6
1220,0,sigma_1p0__kernel_9__order_2,1.0,9,2,4338,0.050000000000000044,0.6035642027854919,0.00034709136234596373,0.00011355951573932543,0.9870355374287199,4,4,5,0.0,3 2 5 4 6
1221,0,sigma_1p0__kernel_9__order_2,1.0,9,2,4340,0.050000000000000044,0.07216545939445496,0.0003719569358509034,0.0009983577765524387,0.9042346423821841,1,1,2,0.0,4 6
1222,0,sigma_1p0__kernel_9__order_2,1.0,9,2,4344,0.050000000000000044,0.2537424862384796,0.00041686996701173484,0.0003305163118056953,0.9657473915503509,3,3,4,0.0,3 5 4 6
1223,0,sigma_1p0__kernel_9__order_2,1.0,9,2,4348,0.050000000000000044,0.15966123342514038,0.00027781926473835483,0.0002310934942215681,0.9801104172054284,3,3,4,0.0,5 3 4 6
1224,0,sigma_1p0__kernel_9__order_2,1.0,9,2,4352,0.050000000000000044,0.45421576499938965,0.0003171677089994773,0.0002658700686879456,0.9685054444104397,3,3,4,0.0,4 5 3 6
1225,0,sigma_1p0__kernel_9__order_2,1.0,9,2,4354,0.050000000000000044,0.08822499215602875,0.000317935788189061,0.0010199007811024785,0.9173677836353231,1,1,2,0.0,4 6
1226,0,sigma_1p0__kernel_9__order_2,1.0,9,2,4359,0.050000000000000044,0.5739725232124329,0.0003008997591678053,0.0004525361873675138,0.9656771898942952,4,4,5,0.0,4 3 2 5 6
1227,0,sigma_1p0__kernel_9__order_2,1.0,9,2,4364,0.050000000000000044,0.5598862767219543,0.00031148791895247997,0.0003612028667703271,0.9702479499131973,4,4,5,0.0,3 2 4 5 6
1228,0,sigma_1p0__kernel_9__order_2,1.0,9,2,4368,0.050000000000000044,0.2811933755874634,0.0003200698811269831,0.0003074454143643379,0.9758183664501635,3,3,4,0.0,4 3 5 6
1229,0,sigma_1p0__kernel_9__order_2,1.0,9,2,4372,0.050000000000000044,0.27362072467803955,0.00030497476109303534,0.00017932752962224185,0.9802599173840955,3,3,4,0.0,4 3 5 6
1230,0,sigma_1p0__kernel_9__order_2,1.0,9,2,4376,0.050000000000000044,0.16299967467784882,0.00035985881913802586,0.00029329670360311866,0.978404005805604,3,3,4,0.0,3 5 4 6
1231,0,sigma_1p0__kernel_9__order_2,1.0,9,2,4378,0.050000000000000044,0.08585478365421295,0.00036114528484176844,0.0004186356964055449,0.9436479770400152,1,1,2,0.0,4 6
1232,0,sigma_1p0__kernel_9__order_2,1.0,9,2,4382,0.050000000000000044,0.45421576499938965,0.0003108703895122744,0.0002658700686879456,0.9685054444104397,3,3,4,0.0,3 5 4 6
1233,0,sigma_1p0__kernel_9__order_2,1.0,9,2,4385,0.050000000000000044,0.0692678838968277,0.0002910387799299012,0.0006569871911779046,0.9474752098676282,2,2,3,0.0,5 3 6
1234,0,sigma_1p0__kernel_9__order_2,1.0,9,2,4388,0.050000000000000044,0.14686039090156555,0.00031587688135914505,0.0005567030166275799,0.9459672033007165,2,2,3,0.0,5 3 6
1235,0,sigma_1p0__kernel_9__order_2,1.0,9,2,4392,0.050000000000000044,0.26265954971313477,0.0002930293412646279,0.00026568223256617785,0.9782780824178181,3,3,4,0.0,3 5 4 6
1236,0,sigma_1p0__kernel_9__order_2,1.0,9,2,4397,0.050000000000000044,0.4257511496543884,0.00030635414877906443,0.000464441574877128,0.9535418546157275,4,4,5,0.0,2 3 5 4 6
1237,0,sigma_1p0__kernel_9__order_2,1.0,9,2,4400,0.050000000000000044,0.148762509226799,0.0003160687823158999,0.0005902164848521352,0.9453008105617358,2,2,3,0.0,3 5 6
1238,0,sigma_1p0__kernel_9__order_2,1.0,9,2,4405,0.050000000000000044,0.5598862767219543,0.00032113338529597967,0.0003612028667703271,0.9702479499131973,4,4,5,0.0,3 2 4 5 6
1239,0,sigma_1p0__kernel_9__order_2,1.0,9,2,4410,0.050000000000000044,0.5832987427711487,0.00030423665011767296,0.0003123176866210997,0.9648182590389082,4,4,5,0.0,3 2 4 5 6
1240,0,sigma_1p0__kernel_9__order_2,1.0,9,2,4414,0.050000000000000044,0.13184280693531036,0.00032940531673375517,0.0003914186963811517,0.962852881049713,3,3,4,0.0,3 5 4 6
1241,0,sigma_1p0__kernel_9__order_2,1.0,9,2,4419,0.050000000000000044,0.4257511496543884,0.0003472711454378441,0.000464441574877128,0.9535418546157275,4,4,5,0.0,2 3 5 4 6
1242,0,sigma_1p0__kernel_9__order_2,1.0,9,2,4422,0.050000000000000044,0.1580427587032318,0.0002879000482304643,0.0004597074002958834,0.9592404986923289,2,2,3,0.0,5 3 6
1243,0,sigma_1p0__kernel_9__order_2,1.0,9,2,4426,0.050000000000000044,0.26265954971313477,0.0003077818146266509,0.00026568223256617785,0.9782780824178181,3,3,4,0.0,5 3 4 6
1244,0,sigma_1p0__kernel_9__order_2,1.0,9,2,4430,0.050000000000000044,0.2811933755874634,0.000355645184754394,0.0003074454143643379,0.9758183664501635,3,3,4,0.0,3 5 4 6
1245,0,sigma_1p0__kernel_9__order_2,1.0,9,2,4434,0.050000000000000044,0.2423517107963562,0.0003189216222381219,0.0006882387679070234,0.9495375515022686,3,3,4,0.0,3 5 4 6
1246,0,sigma_1p0__kernel_9__order_2,1.0,9,2,4438,0.050000000000000044,0.5793421268463135,0.0003505057829897851,0.00036204076604917645,0.9700708798045352,3,3,4,0.0,4 3 5 6
1247,0,sigma_1p0__kernel_9__order_2,1.0,9,2,4442,0.050000000000000044,0.5257713794708252,0.00036000717227580026,0.00016244305879808962,0.9840680202746079,3,3,4,0.0,3 5 4 6
1248,0,sigma_1p0__kernel_9__order_2,1.0,9,2,4445,0.050000000000000044,0.1580427587032318,0.0003015328450904538,0.0004597074002958834,0.9592404986923289,2,2,3,0.0,5 3 6
1249,0,sigma_1p0__kernel_9__order_2,1.0,9,2,4449,0.050000000000000044,0.45421576499938965,0.0004207818928989582,0.0002658700686879456,0.9685054444104397,3,3,4,0.0,3 5 4 6
1250,0,sigma_1p0__kernel_9__order_2,1.0,9,2,4452,0.050000000000000044,0.148762509226799,0.00034512382505151135,0.0005902164848521352,0.9453008105617358,2,2,3,0.0,3 5 6
1251,0,sigma_1p0__kernel_9__order_2,1.0,9,2,4453,0.050000000000000044,0.0,0.0004114271723665297,0.0021252217702567577,0.8223969706984217,0,0,1,0.0,6
1252,0,sigma_1p0__kernel_9__order_2,1.0,9,2,4458,0.050000000000000044,0.5202905535697937,0.0003522945364238694,0.00040304585127159953,0.9671935243676023,5,5,6,0.0,3 5 1 2 4
1253,0,sigma_1p0__kernel_9__order_2,1.0,9,2,4463,0.050000000000000044,0.602629542350769,0.0003464190464001149,0.00011469401943031698,0.98698817721516,4,4,5,0.0,3 5 1 4 6
1254,0,sigma_1p0__kernel_9__order_2,1.0,9,2,4466,0.050000000000000044,0.16352729499340057,0.0003752205811906606,0.0005552549264393747,0.9588457210948436,2,2,3,0.0,3 5 6
1255,0,sigma_1p0__kernel_9__order_2,1.0,9,2,4470,0.050000000000000044,0.5133083462715149,0.0002586893897387199,0.00022969531710259616,0.9836593969292079,3,3,4,0.0,3 5 4 6
1256,0,sigma_1p0__kernel_9__order_2,1.0,9,2,4474,0.050000000000000044,0.4962378442287445,0.0002841219029505737,0.0001359974849037826,0.9773213869928605,3,3,4,0.0,4 5 3 6
1257,0,sigma_1p0__kernel_9__order_2,1.0,9,2,4477,0.050000000000000044,0.05513451248407364,0.00026035528571810573,0.0006530879763886333,0.9352612300342952,2,2,3,0.0,5 3 6
1258,0,sigma_1p0__kernel_9__order_2,1.0,9,2,4480,0.050000000000000044,0.05513451248407364,0.0003459310391917825,0.0006530879763886333,0.9352612300342952,2,2,3,0.0,5 3 6
1259,0,sigma_1p0__kernel_9__order_2,1.0,9,2,4483,0.050000000000000044,0.05513451248407364,0.0002499457768863067,0.0006530879763886333,0.9352612300342952,2,2,3,0.0,5 3 6
1260,0,sigma_1p0__kernel_9__order_2,1.0,9,2,4486,0.050000000000000044,0.17979587614536285,0.000287206251717483,0.0007011665729805827,0.9514408477279718,2,2,3,0.0,3 5 6
1261,0,sigma_1p0__kernel_9__order_2,1.0,9,2,4491,0.050000000000000044,0.48476216197013855,0.0002874546276871115,0.0004860204935539514,0.956205478781894,4,4,5,0.0,3 2 4 5 6
1262,0,sigma_1p0__kernel_9__order_2,1.0,9,2,4495,0.050000000000000044,0.5133083462715149,0.0002827927528414875,0.00022969531710259616,0.9836593969292079,3,3,4,0.0,4 5 3 6
1263,0,sigma_1p0__kernel_9__order_2,1.0,9,2,4499,0.050000000000000044,0.15600349009037018,0.00031779854180058464,0.00016633210179861635,0.9804948296721285,3,3,4,0.0,3 4 5 6
1264,0,sigma_1p0__kernel_9__order_2,1.0,9,2,4501,0.050000000000000044,0.08822499215602875,0.0005340445059118792,0.0010199007811024785,0.9173677836353231,1,1,2,0.0,4 6
1265,0,sigma_1p0__kernel_9__order_2,1.0,9,2,4505,0.050000000000000044,0.5133083462715149,0.0005849031585967168,0.00022969531710259616,0.9836593969292079,3,3,4,0.0,3 5 4 6
1266,0,sigma_1p0__kernel_9__order_2,1.0,9,2,4510,0.050000000000000044,0.48459550738334656,0.0006264687399379909,0.0004865009104833007,0.9562088372839191,4,4,5,0.0,3 5 1 4 6
1267,0,sigma_1p0__kernel_9__order_2,1.0,9,2,4513,0.050000000000000044,0.14686039090156555,0.0005272723501548171,0.0005567030166275799,0.9459672033007165,2,2,3,0.0,3 5 6
1268,0,sigma_1p0__kernel_9__order_2,1.0,9,2,4517,0.050000000000000044,0.621910810470581,0.0006792746862629429,0.00011563707084860653,0.9869697132944069,3,3,4,0.0,3 5 4 6
1269,0,sigma_1p0__kernel_9__order_2,1.0,9,2,4519,0.050000000000000044,0.06620339304208755,0.0005996846302878112,0.0010458785109221935,0.8895152893258473,1,1,2,0.0,4 6
1270,0,sigma_1p0__kernel_9__order_2,1.0,9,2,4524,0.050000000000000044,0.4257511496543884,0.0005014956928789616,0.000464441574877128,0.9535418546157275,4,4,5,0.0,2 3 5 4 6
1271,0,sigma_1p0__kernel_9__order_2,1.0,9,2,4529,0.050000000000000044,0.5598862767219543,0.0006648575770668685,0.0003612028667703271,0.9702479499131973,4,4,5,0.0,3 2 4 5 6
1272,0,sigma_1p0__kernel_9__order_2,1.0,9,2,4532,0.050000000000000044,0.148762509226799,0.0004253271520913889,0.0005902164848521352,0.9453008105617358,2,2,3,0.0,5 3 6
1273,0,sigma_1p0__kernel_9__order_2,1.0,9,2,4536,0.050000000000000044,0.5062942504882812,0.0005277341842884198,0.0002349590213270858,0.976496011798362,3,3,4,0.0,3 5 4 6
1274,0,sigma_1p0__kernel_9__order_2,1.0,9,2,4540,0.050000000000000044,0.2975843548774719,0.00042584981565596536,0.00011739555338863283,0.9893193590265392,3,3,4,0.0,5 3 4 6
1275,0,sigma_1p0__kernel_9__order_2,1.0,9,2,4543,0.050000000000000044,0.04641816020011902,0.0005239905634274086,0.0007575950585305691,0.9282478330818567,2,2,3,0.0,3 5 6
1276,0,sigma_1p0__kernel_9__order_2,1.0,9,2,4547,0.050000000000000044,0.2423517107963562,0.00040128410910256207,0.0006882387679070234,0.9495375515022686,3,3,4,0.0,5 3 4 6
1277,0,sigma_1p0__kernel_9__order_2,1.0,9,2,4551,0.050000000000000044,0.4599292576313019,0.0005031616528867744,0.00033009552862495184,0.9623021453477256,3,3,4,0.0,5 3 4 6
1278,0,sigma_1p0__kernel_9__order_2,1.0,9,2,4555,0.050000000000000044,0.506294310092926,0.00042799175571417436,0.0002349590213270858,0.976496011798362,3,3,4,0.0,5 4 3 6
1279,0,sigma_1p0__kernel_9__order_2,1.0,9,2,4559,0.050000000000000044,0.25167810916900635,0.0003963122726418078,0.0002688246313482523,0.9730571657596389,3,3,4,0.0,5 3 4 6
1280,0,sigma_1p0__kernel_9__order_2,1.0,9,2,4562,0.050000000000000044,0.17979587614536285,0.00043553625194666285,0.0007011665729805827,0.9514408477279718,2,2,3,0.0,5 3 6
1281,0,sigma_1p0__kernel_9__order_2,1.0,9,2,4565,0.050000000000000044,0.148762509226799,0.00040356126070643467,0.0005902164848521352,0.9453008105617358,2,2,3,0.0,3 5 6
1282,0,sigma_1p0__kernel_9__order_2,1.0,9,2,4570,0.050000000000000044,0.5739725232124329,0.00042880031396634876,0.0004525361873675138,0.9656771898942952,4,4,5,0.0,3 2 4 5 6
1283,0,sigma_1p0__kernel_9__order_2,1.0,9,2,4574,0.050000000000000044,0.27362072467803955,0.0004743636673083529,0.00017932752962224185,0.9802599173840955,3,3,4,0.0,3 4 5 6
1284,0,sigma_1p0__kernel_9__order_2,1.0,9,2,4579,0.050000000000000044,0.4257511496543884,0.00048513642977923157,0.000464441574877128,0.9535418546157275,4,4,5,0.0,2 4 5 3 6
1285,0,sigma_1p0__kernel_9__order_2,1.0,9,2,4583,0.050000000000000044,0.4962378442287445,0.000507559729157947,0.0001359974849037826,0.9773213869928605,3,3,4,0.0,5 3 4 6
1286,0,sigma_1p0__kernel_9__order_2,1.0,9,2,4585,0.050000000000000044,0.09472252428531647,0.00047735206317156553,0.0005082559073343873,0.9629806053340789,1,1,2,0.0,4 6
1287,0,sigma_1p0__kernel_9__order_2,1.0,9,2,4587,0.050000000000000044,0.06885778158903122,0.0005352646694518626,0.0009730406454764307,0.927493339335805,1,1,2,0.0,4 6
1288,0,sigma_1p0__kernel_9__order_2,1.0,9,2,4591,0.050000000000000044,0.2423517107963562,0.00041611801862018183,0.0006882387679070234,0.9495375515022686,3,3,4,0.0,5 3 4 6
1289,0,sigma_1p0__kernel_9__order_2,1.0,9,2,4596,0.050000000000000044,0.4257511496543884,0.0003860072058159858,0.000464441574877128,0.9535418546157275,4,4,5,0.0,2 3 4 5 6
1290,0,sigma_1p0__kernel_9__order_2,1.0,9,2,4598,0.050000000000000044,0.06620339304208755,0.0006882745219627395,0.0010458785109221935,0.8895152893258473,1,1,2,0.0,4 6
1291,0,sigma_1p0__kernel_9__order_2,1.0,9,2,4600,0.050000000000000044,0.08585478365421295,0.0004237960238242522,0.0004186356964055449,0.9436479770400152,1,1,2,0.0,4 6
1292,0,sigma_1p0__kernel_9__order_2,1.0,9,2,4601,0.050000000000000044,0.0,0.000370938767446205,0.0020724181085824966,0.849481851597816,0,0,1,0.0,6
1293,0,sigma_1p0__kernel_9__order_2,1.0,9,2,4605,0.050000000000000044,0.2537424862384796,0.0005174342804821208,0.0003305163118056953,0.9657473915503509,3,3,4,0.0,5 3 4 6
1294,0,sigma_1p0__kernel_9__order_2,1.0,9,2,4608,0.050000000000000044,0.16027358174324036,0.0004980972541185716,0.0003168144612573087,0.962523856270044,2,2,3,0.0,3 5 6
1295,0,sigma_1p0__kernel_9__order_2,1.0,9,2,4612,0.050000000000000044,0.45421579480171204,0.00039416045910911635,0.0002658700686879456,0.9685054444104397,3,3,4,0.0,5 3 4 6
1296,0,sigma_1p0__kernel_9__order_2,1.0,9,2,4616,0.050000000000000044,0.6219107508659363,0.000398166426748503,0.00011563707084860653,0.9869697132944069,3,3,4,0.0,4 3 5 6
1297,0,sigma_1p0__kernel_9__order_2,1.0,9,2,4618,0.050000000000000044,0.05148378759622574,0.0004326956259319559,0.001311954576522112,0.8983739310439219,1,1,2,0.0,4 6
1298,0,sigma_1p0__kernel_9__order_2,1.0,9,2,4623,0.050000000000000044,0.49645060300827026,0.00037441815074998883,0.00016091778525151312,0.9841738597497646,4,4,5,0.0,2 4 5 3 6
1299,0,sigma_1p0__kernel_9__order_2,1.0,9,2,4626,0.050000000000000044,0.16352729499340057,0.0005472684861160815,0.0005552549264393747,0.9588457210948436,2,2,3,0.0,3 5 6
1300,0,sigma_1p0__kernel_9__order_2,1.0,9,2,4630,0.050000000000000044,0.45421579480171204,0.00037676276406273246,0.0002658700686879456,0.9685054444104397,3,3,4,0.0,5 3 4 6
1301,0,sigma_1p0__kernel_9__order_2,1.0,9,2,4632,0.050000000000000044,0.05148378759622574,0.0004108071298105642,0.001311954576522112,0.8983739310439219,1,1,2,0.0,4 6
1302,0,sigma_1p0__kernel_9__order_2,1.0,9,2,4636,0.050000000000000044,0.25167810916900635,0.0003957364824600518,0.0002688246313482523,0.9730571657596389,3,3,4,0.0,5 3 4 6
1303,0,sigma_1p0__kernel_9__order_2,1.0,9,2,4640,0.050000000000000044,0.26265954971313477,0.0003467624119366519,0.00026568223256617785,0.9782780824178181,3,3,4,0.0,3 5 4 6
1304,0,sigma_1p0__kernel_9__order_2,1.0,9,2,4644,0.050000000000000044,0.19836415350437164,0.00046058585576247424,0.0009411564678885043,0.9269770302330271,3,3,4,0.0,1 3 5 6
1305,0,sigma_1p0__kernel_9__order_2,1.0,9,2,4646,0.050000000000000044,0.06620339304208755,0.0004276585386833176,0.0010458785109221935,0.8895152893258473,1,1,2,0.0,4 6
1306,0,sigma_1p0__kernel_9__order_2,1.0,9,2,4648,0.050000000000000044,0.09472252428531647,0.00032412905420642346,0.0005082559073343873,0.9629806053340789,1,1,2,0.0,4 6
1307,0,sigma_1p0__kernel_9__order_2,1.0,9,2,4653,0.050000000000000044,0.24814359843730927,0.000373845174908638,0.00011450669262558222,0.9892929023957848,4,4,5,0.0,2 3 4 5 6
1308,0,sigma_1p0__kernel_9__order_2,1.0,9,2,4658,0.050000000000000044,0.5399646162986755,0.00040863699978217484,0.00040371244540438056,0.9671228918004404,4,4,5,0.0,3 2 4 5 6
1309,0,sigma_1p0__kernel_9__order_2,1.0,9,2,4662,0.050000000000000044,0.5074523687362671,0.0004304613612475805,0.00028734508669003844,0.9792653489835764,3,3,4,0.0,3 5 4 6
1310,0,sigma_1p0__kernel_9__order_2,1.0,9,2,4665,0.050000000000000044,0.03960850089788437,0.00036955027220149833,0.0003551239497028291,0.9538300437996702,2,2,3,0.0,4 2 6
1311,0,sigma_1p0__kernel_9__order_2,1.0,9,2,4667,0.050000000000000044,0.042731307446956635,0.0005040444375481457,0.0010006569791585207,0.9216949270299539,1,1,2,0.0,4 6
1312,0,sigma_1p0__kernel_9__order_2,1.0,9,2,4669,0.050000000000000044,0.06620339304208755,0.0005026048747822642,0.0010458785109221935,0.8895152893258473,1,1,2,0.0,4 6
1313,0,sigma_1p0__kernel_9__order_2,1.0,9,2,4671,0.050000000000000044,0.05148378759622574,0.00037477369187399745,0.001311954576522112,0.8983739310439219,1,1,2,0.0,4 6
1314,0,sigma_1p0__kernel_9__order_2,1.0,9,2,4676,0.050000000000000044,0.4916952848434448,0.0003589317842852324,0.00040852715028449893,0.948789707846789,4,4,5,0.0,3 2 5 4 6
1315,0,sigma_1p0__kernel_9__order_2,1.0,9,2,4680,0.050000000000000044,0.2537424862384796,0.0005045318248448893,0.0003305163118056953,0.9657473915503509,3,3,4,0.0,5 3 4 6
1316,0,sigma_1p0__kernel_9__order_2,1.0,9,2,4685,0.050000000000000044,0.5629134178161621,0.0004345078195910901,0.0002687380474526435,0.9711584980188737,4,4,5,0.0,3 2 4 5 6
1317,0,sigma_1p0__kernel_9__order_2,1.0,9,2,4690,0.050000000000000044,0.5832988023757935,0.0003789107606280595,0.0003123176866210997,0.9648182590389082,4,4,5,0.0,3 2 5 4 6
1318,0,sigma_1p0__kernel_9__order_2,1.0,9,2,4694,0.050000000000000044,0.4599292576313019,0.0003338065362186171,0.00033009552862495184,0.9623021453477256,3,3,4,0.0,5 3 4 6
1319,0,sigma_1p0__kernel_9__order_2,1.0,9,2,4698,0.050000000000000044,0.27362072467803955,0.0003832776710623875,0.00017932752962224185,0.9802599173840955,3,3,4,0.0,5 3 4 6
1320,0,sigma_1p0__kernel_9__order_2,1.0,9,2,4703,0.050000000000000044,0.15879014134407043,0.0005361731920856983,0.0004818716843146831,0.9493924068568295,4,4,5,0.0,5 1 3 2 6
1321,0,sigma_1p0__kernel_9__order_2,1.0,9,2,4707,0.050000000000000044,0.2537424862384796,0.0003599107076297514,0.0003305163118056953,0.9657473915503509,3,3,4,0.0,5 3 4 6
1322,0,sigma_1p0__kernel_9__order_2,1.0,9,2,4709,0.050000000000000044,0.05148378759622574,0.00040004501352086663,0.001311954576522112,0.8983739310439219,1,1,2,0.0,4 6
1323,0,sigma_1p0__kernel_9__order_2,1.0,9,2,4711,0.050000000000000044,0.042731307446956635,0.0003388998156879097,0.0010006569791585207,0.9216949270299539,1,1,2,0.0,4 6
1324,0,sigma_1p0__kernel_9__order_2,1.0,9,2,4716,0.050000000000000044,0.5836609601974487,0.00045137596898712216,0.0003123465576209128,0.9651136570715309,4,4,5,0.0,3 5 1 4 6
1325,0,sigma_1p0__kernel_9__order_2,1.0,9,2,4721,0.050000000000000044,0.4789198040962219,0.00043852775706909597,0.00028237898368388414,0.9795094902818751,4,4,5,0.0,1 4 5 3 6
1326,0,sigma_1p0__kernel_9__order_2,1.0,9,2,4724,0.050000000000000044,0.16027358174324036,0.00032205778794984025,0.0003168144612573087,0.962523856270044,2,2,3,0.0,3 5 6
1327,0,sigma_1p0__kernel_9__order_2,1.0,9,2,4728,0.050000000000000044,0.4962378740310669,0.00037629230064339936,0.0001359974849037826,0.9773213869928605,3,3,4,0.0,5 4 3 6
1328,0,sigma_1p0__kernel_9__order_2,1.0,9,2,4732,0.050000000000000044,0.25167807936668396,0.00041741050517885014,0.0002688246313482523,0.9730571657596389,3,3,4,0.0,5 4 3 6
1329,0,sigma_1p0__kernel_9__order_2,1.0,9,2,4736,0.050000000000000044,0.2813257873058319,0.00045689827675232664,0.0002048807218670845,0.9843359494074629,3,3,4,0.0,5 3 4 6
1330,0,sigma_1p0__kernel_9__order_2,1.0,9,2,4741,0.050000000000000044,0.5598862767219543,0.0003739795298315585,0.0003612028667703271,0.9702479499131973,4,4,5,0.0,3 2 5 4 6
1331,0,sigma_1p0__kernel_9__order_2,1.0,9,2,4745,0.050000000000000044,0.2423517107963562,0.00042880366527242586,0.0006882387679070234,0.9495375515022686,3,3,4,0.0,5 3 4 6
1332,0,sigma_1p0__kernel_9__order_2,1.0,9,2,4749,0.050000000000000044,0.4962378442287445,0.0004346307468949817,0.0001359974849037826,0.9773213869928605,3,3,4,0.0,3 5 4 6
1333,0,sigma_1p0__kernel_9__order_2,1.0,9,2,4753,0.050000000000000044,0.253742516040802,0.0005314545705914497,0.0003305163118056953,0.9657473915503509,3,3,4,0.0,4 5 3 6
1334,0,sigma_1p0__kernel_9__order_2,1.0,9,2,4757,0.050000000000000044,0.45421579480171204,0.000589702496654354,0.0002658700686879456,0.9685054444104397,3,3,4,0.0,5 3 4 6
1335,0,sigma_1p0__kernel_9__order_2,1.0,9,2,4762,0.050000000000000044,0.5629134178161621,0.0005434712569694966,0.0002687380474526435,0.9711584980188737,4,4,5,0.0,2 3 4 5 6
1336,0,sigma_1p0__kernel_9__order_2,1.0,9,2,4766,0.050000000000000044,0.45535826683044434,0.000490749574964866,0.00046948809176683426,0.9537005855587801,3,3,4,0.0,5 3 4 6
1337,0,sigma_1p0__kernel_9__order_2,1.0,9,2,4769,0.050000000000000044,0.16352729499340057,0.0004752080033843716,0.0005552549264393747,0.9588457210948436,2,2,3,0.0,3 5 6
1338,0,sigma_1p0__kernel_9__order_2,1.0,9,2,4773,0.050000000000000044,0.4599292576313019,0.000432698470831383,0.00033009552862495184,0.9623021453477256,3,3,4,0.0,5 3 4 6
1339,0,sigma_1p0__kernel_9__order_2,1.0,9,2,4775,0.050000000000000044,0.042731307446956635,0.0003715284838108346,0.0010006569791585207,0.9216949270299539,1,1,2,0.0,4 6
1340,0,sigma_1p0__kernel_9__order_2,1.0,9,2,4779,0.050000000000000044,0.2537424862384796,0.0004316236954764463,0.0003305163118056953,0.9657473915503509,3,3,4,0.0,5 3 4 6
1341,0,sigma_1p0__kernel_9__order_2,1.0,9,2,4784,0.050000000000000044,0.4361605942249298,0.00038503663963638244,0.00013534293975681067,0.9771839583316966,5,5,6,0.0,2 3 4 1 5
1342,0,sigma_1p0__kernel_9__order_2,1.0,9,2,4786,0.050000000000000044,0.05148378759622574,0.0004336139827501029,0.001311954576522112,0.8983739310439219,1,1,2,0.0,4 6
1343,0,sigma_1p0__kernel_9__order_2,1.0,9,2,4790,0.050000000000000044,0.6219107508659363,0.0003940468668588437,0.00011563707084860653,0.9869697132944069,3,3,4,0.0,3 4 5 6
1344,0,sigma_1p0__kernel_9__order_2,1.0,9,2,4794,0.050000000000000044,0.2423517107963562,0.0003685303599922918,0.0006882387679070234,0.9495375515022686,3,3,4,0.0,5 3 4 6
1345,0,sigma_1p0__kernel_9__order_2,1.0,9,2,4796,0.050000000000000044,0.09472252428531647,0.00026707403594627976,0.0005082559073343873,0.9629806053340789,1,1,2,0.0,4 6
1346,0,sigma_1p0__kernel_9__order_2,1.0,9,2,4798,0.050000000000000044,0.05148378759622574,0.00023008989228401333,0.001311954576522112,0.8983739310439219,1,1,2,0.0,4 6
1347,0,sigma_1p0__kernel_9__order_2,1.0,9,2,4801,0.050000000000000044,0.0692678764462471,0.0003014986189858367,0.0006569871911779046,0.9474752098676282,2,2,3,0.0,3 5 6
1348,0,sigma_1p0__kernel_9__order_2,1.0,9,2,4805,0.050000000000000044,0.5045946836471558,0.0003604533885663841,0.0004865041410084814,0.9562090784311295,3,3,4,0.0,3 5 4 6
1349,0,sigma_1p0__kernel_9__order_2,1.0,9,2,4809,0.050000000000000044,0.2813257873058319,0.0003084235213464126,0.0002048807218670845,0.9843359494074629,3,3,4,0.0,5 3 4 6
1350,0,sigma_1p0__kernel_9__order_2,1.0,9,2,4814,0.050000000000000044,0.5836609601974487,0.0003810418304055929,0.0003123465576209128,0.9651136570715309,4,4,5,0.0,3 5 1 4 6
1351,0,sigma_1p0__kernel_9__order_2,1.0,9,2,4818,0.050000000000000044,0.2811933755874634,0.0003502119434415363,0.0003074454143643379,0.9758183664501635,3,3,4,0.0,5 3 4 6
1352,0,sigma_1p0__kernel_9__order_2,1.0,9,2,4823,0.050000000000000044,0.48459550738334656,0.00043634713510982693,0.0004865009104833007,0.9562088372839191,4,4,5,0.0,3 5 1 4 6
1353,0,sigma_1p0__kernel_9__order_2,1.0,9,2,4827,0.050000000000000044,0.45992928743362427,0.000311863943352364,0.00033009552862495184,0.9623021453477256,3,3,4,0.0,3 5 4 6
1354,0,sigma_1p0__kernel_9__order_2,1.0,9,2,4830,0.050000000000000044,0.1580427587032318,0.00027325971556516987,0.0004597074002958834,0.9592404986923289,2,2,3,0.0,5 3 6
1355,0,sigma_1p0__kernel_9__order_2,1.0,9,2,4833,0.050000000000000044,0.058370791375637054,0.0003194052066343526,0.0004879920743405819,0.9443934640972282,2,2,3,0.0,5 3 6
1356,0,sigma_1p0__kernel_9__order_2,1.0,9,2,4838,0.050000000000000044,0.47761237621307373,0.0003158741455990821,0.00022937111498322338,0.9765678144876229,4,4,5,0.0,2 4 3 5 6
1357,0,sigma_1p0__kernel_9__order_2,1.0,9,2,4842,0.050000000000000044,0.2537424862384796,0.00034165721444878727,0.0003305163118056953,0.9657473915503509,3,3,4,0.0,5 3 4 6
1358,0,sigma_1p0__kernel_9__order_2,1.0,9,2,4846,0.050000000000000044,0.27362072467803955,0.000402565834519919,0.00017932752962224185,0.9802599173840955,3,3,4,0.0,3 4 5 6
1359,0,sigma_1p0__kernel_9__order_2,1.0,9,2,4849,0.050000000000000044,0.17979587614536285,0.00046251432892555994,0.0007011665729805827,0.9514408477279718,2,2,3,0.0,3 5 6
1360,0,sigma_1p0__kernel_9__order_2,1.0,9,2,4852,0.050000000000000044,0.16027358174324036,0.0003513004242752989,0.0003168144612573087,0.962523856270044,2,2,3,0.0,3 5 6
1361,0,sigma_1p0__kernel_9__order_2,1.0,9,2,4855,0.050000000000000044,0.07632232457399368,0.0003140458817748974,0.0003549546527210623,0.9567700723688894,2,2,3,0.0,5 3 6
1362,0,sigma_1p0__kernel_9__order_2,1.0,9,2,4859,0.050000000000000044,0.5074523687362671,0.0003682481255964376,0.00028734508669003844,0.9792653489835764,3,3,4,0.0,3 5 4 6
1363,0,sigma_1p0__kernel_9__order_2,1.0,9,2,4863,0.050000000000000044,0.2975843548774719,0.00035283742181491107,0.00011739555338863283,0.9893193590265392,3,3,4,0.0,3 4 5 6
1364,0,sigma_1p0__kernel_9__order_2,1.0,9,2,4868,0.050000000000000044,0.4257511496543884,0.0003133836085908115,0.000464441574877128,0.9535418546157275,4,4,5,0.0,2 4 3 5 6
1365,0,sigma_1p0__kernel_9__order_2,1.0,9,2,4873,0.050000000000000044,0.5632835626602173,0.0003673554805573076,0.00026843766681849957,0.9713118144717426,4,4,5,0.0,5 3 1 4 6
1366,0,sigma_1p0__kernel_9__order_2,1.0,9,2,4876,0.050000000000000044,0.148762509226799,0.00036880293434175354,0.0005902164848521352,0.9453008105617358,2,2,3,0.0,5 3 6
1367,0,sigma_1p0__kernel_9__order_2,1.0,9,2,4880,0.050000000000000044,0.2423517107963562,0.0003746938018593937,0.0006882387679070234,0.9495375515022686,3,3,4,0.0,5 3 4 6
1368,0,sigma_1p0__kernel_9__order_2,1.0,9,2,4884,0.050000000000000044,0.25167810916900635,0.00028514180303318426,0.0002688246313482523,0.9730571657596389,3,3,4,0.0,5 3 4 6
1369,0,sigma_1p0__kernel_9__order_2,1.0,9,2,4888,0.050000000000000044,0.2813257873058319,0.00031464837229577824,0.0002048807218670845,0.9843359494074629,3,3,4,0.0,3 4 5 6
1370,0,sigma_1p0__kernel_9__order_2,1.0,9,2,4893,0.050000000000000044,0.560719907283783,0.00025862102047540246,0.00035798409953713417,0.970142106026163,4,4,5,0.0,4 5 1 3 6
1371,0,sigma_1p0__kernel_9__order_2,1.0,9,2,4896,0.050000000000000044,0.148762509226799,0.0003246012590049456,0.0005902164848521352,0.9453008105617358,2,2,3,0.0,5 3 6
1372,0,sigma_1p0__kernel_9__order_2,1.0,9,2,4901,0.050000000000000044,0.4917108118534088,0.00038815952721051874,0.0004085330874659121,0.9488037567536981,4,4,5,0.0,5 1 3 4 6
1373,0,sigma_1p0__kernel_9__order_2,1.0,9,2,4906,0.050000000000000044,0.5836609601974487,0.0003239537589251995,0.0003123465576209128,0.9651136570715309,4,4,5,0.0,3 5 1 4 6
1374,0,sigma_1p0__kernel_9__order_2,1.0,9,2,4909,0.050000000000000044,0.148762509226799,0.000469178727750356,0.0005902164848521352,0.9453008105617358,2,2,3,0.0,3 5 6
1375,0,sigma_1p0__kernel_9__order_2,1.0,9,2,4913,0.050000000000000044,0.45421576499938965,0.00025395158081664704,0.0002658700686879456,0.9685054444104397,3,3,4,0.0,3 5 4 6
1376,0,sigma_1p0__kernel_9__order_2,1.0,9,2,4916,0.050000000000000044,0.03960850089788437,0.00034877633637127775,0.0003551239497028291,0.9538300437996702,2,2,3,0.0,4 2 6
1377,0,sigma_1p0__kernel_9__order_2,1.0,9,2,4918,0.050000000000000044,0.06885778158903122,0.00041501104715280235,0.0009730406454764307,0.927493339335805,1,1,2,0.0,4 6
1378,0,sigma_1p0__kernel_9__order_2,1.0,9,2,4920,0.050000000000000044,0.06620339304208755,0.0002480668044881895,0.0010458785109221935,0.8895152893258473,1,1,2,0.0,4 6
1379,0,sigma_1p0__kernel_9__order_2,1.0,9,2,4924,0.050000000000000044,0.621910810470581,0.0003291345201432705,0.00011563707084860653,0.9869697132944069,3,3,4,0.0,3 5 4 6
1380,0,sigma_1p0__kernel_9__order_2,1.0,9,2,4928,0.050000000000000044,0.2813257873058319,0.00032641093275742605,0.0002048807218670845,0.9843359494074629,3,3,4,0.0,5 3 4 6
1381,0,sigma_1p0__kernel_9__order_2,1.0,9,2,4930,0.050000000000000044,0.05148378759622574,0.00036488677142187953,0.001311954576522112,0.8983739310439219,1,1,2,0.0,4 6
1382,0,sigma_1p0__kernel_9__order_2,1.0,9,2,4934,0.050000000000000044,0.5599575042724609,0.00035185970045858994,0.00040378078119829297,0.96713060346143,3,3,4,0.0,3 5 4 6
1383,0,sigma_1p0__kernel_9__order_2,1.0,9,2,4936,0.050000000000000044,0.06885778158903122,0.00029449089197441936,0.0009730406454764307,0.927493339335805,1,1,2,0.0,4 6
1384,0,sigma_1p0__kernel_9__order_2,1.0,9,2,4940,0.050000000000000044,0.45535826683044434,0.0003607908947742544,0.00046948809176683426,0.9537005855587801,3,3,4,0.0,5 3 4 6
1385,0,sigma_1p0__kernel_9__order_2,1.0,9,2,4944,0.050000000000000044,0.4599292576313019,0.0003337220477988012,0.00033009552862495184,0.9623021453477256,3,3,4,0.0,5 3 4 6
1386,0,sigma_1p0__kernel_9__order_2,1.0,9,2,4948,0.050000000000000044,0.2423517256975174,0.00039805148844607174,0.0006882387679070234,0.9495375515022686,3,3,4,0.0,5 4 3 6
1387,0,sigma_1p0__kernel_9__order_2,1.0,9,2,4952,0.050000000000000044,0.25167810916900635,0.00036836612707702443,0.0002688246313482523,0.9730571657596389,3,3,4,0.0,5 3 4 6
1388,0,sigma_1p0__kernel_9__order_2,1.0,9,2,4954,0.050000000000000044,0.08585478365421295,0.000322413383400999,0.0004186356964055449,0.9436479770400152,1,1,2,0.0,4 6
1389,0,sigma_1p0__kernel_9__order_2,1.0,9,2,4956,0.050000000000000044,0.06885778158903122,0.00038626677996944636,0.0009730406454764307,0.927493339335805,1,1,2,0.0,4 6
1390,0,sigma_1p0__kernel_9__order_2,1.0,9,2,4959,0.050000000000000044,0.1580427587032318,0.00032449870680769283,0.0004597074002958834,0.9592404986923289,2,2,3,0.0,5 3 6
1391,0,sigma_1p0__kernel_9__order_2,1.0,9,2,4962,0.050000000000000044,0.1988016963005066,0.0003320882484937708,0.0012815024238079786,0.9053522946222217,2,2,3,0.0,5 4 6
1392,0,sigma_1p0__kernel_9__order_2,1.0,9,2,4967,0.050000000000000044,0.4836863875389099,0.00031711875344626607,0.00022795081895310432,0.9836518599360508,4,4,5,0.0,2 4 3 5 6
1393,0,sigma_1p0__kernel_9__order_2,1.0,9,2,4971,0.050000000000000044,0.5133083462715149,0.00027461884019430727,0.00022969531710259616,0.9836593969292079,3,3,4,0.0,5 3 4 6
1394,0,sigma_1p0__kernel_9__order_2,1.0,9,2,4974,0.050000000000000044,0.17979587614536285,0.0003100862280310442,0.0007011665729805827,0.9514408477279718,2,2,3,0.0,5 3 6
1395,0,sigma_1p0__kernel_9__order_2,1.0,9,2,4978,0.050000000000000044,0.4962378740310669,0.000299856168567203,0.0001359974849037826,0.9773213869928605,3,3,4,0.0,5 4 3 6
1396,0,sigma_1p0__kernel_9__order_2,1.0,9,2,4982,0.050000000000000044,0.2811933755874634,0.000294916499115061,0.0003074454143643379,0.9758183664501635,3,3,4,0.0,5 3 4 6
1397,0,sigma_1p0__kernel_9__order_2,1.0,9,2,4986,0.050000000000000044,0.45992928743362427,0.00043520105100469664,0.00033009552862495184,0.9623021453477256,3,3,4,0.0,3 5 4 6
1398,0,sigma_1p0__kernel_9__order_2,1.0,9,2,4988,0.050000000000000044,0.042731307446956635,0.0002918766549555585,0.0010006569791585207,0.9216949270299539,1,1,2,0.0,4 6
1399,0,sigma_1p0__kernel_9__order_2,1.0,9,2,4992,0.050000000000000044,0.2537424862384796,0.00030944397803978063,0.0003305163118056953,0.9657473915503509,3,3,4,0.0,5 3 4 6
1400,0,sigma_1p0__kernel_9__order_2,1.0,9,2,4996,0.050000000000000044,0.2811933755874634,0.0003737917650141753,0.0003074454143643379,0.9758183664501635,3,3,4,0.0,3 4 5 6
1401,0,sigma_1p0__kernel_9__order_2,1.0,9,2,4998,0.050000000000000044,0.08585478365421295,0.000324679771438241,0.0004186356964055449,0.9436479770400152,1,1,2,0.0,4 6
1402,0,sigma_1p0__kernel_9__order_2,1.0,9,2,5001,0.050000000000000044,0.058370791375637054,0.0003901774374147256,0.0004879920743405819,0.9443934640972282,2,2,3,0.0,5 3 6
1403,0,sigma_1p0__kernel_9__order_2,1.0,9,2,5006,0.050000000000000044,0.5598862767219543,0.00033663965296000243,0.0003612028667703271,0.9702479499131973,4,4,5,0.0,3 5 2 4 6
1404,0,sigma_1p0__kernel_9__order_2,1.0,9,2,5010,0.050000000000000044,0.5827685594558716,0.00044177605013828725,0.00026917693321593106,0.9711808926745913,3,3,4,0.0,3 5 4 6
1405,0,sigma_1p0__kernel_9__order_2,1.0,9,2,5012,0.050000000000000044,0.08585478365421295,0.0003153346915496513,0.0004186356964055449,0.9436479770400152,1,1,2,0.0,4 6
1406,0,sigma_1p0__kernel_9__order_2,1.0,9,2,5015,0.050000000000000044,0.14686039090156555,0.0005155010730959475,0.0005567030166275799,0.9459672033007165,2,2,3,0.0,3 5 6
1407,0,sigma_1p0__kernel_9__order_2,1.0,9,2,5017,0.050000000000000044,0.07216545939445496,0.00046416037366725504,0.0009983577765524387,0.9042346423821841,1,1,2,0.0,4 6
1408,0,sigma_1p0__kernel_9__order_2,1.0,9,2,5021,0.050000000000000044,0.45421579480171204,0.00036256812745705247,0.0002658700686879456,0.9685054444104397,3,3,4,0.0,5 3 4 6
1409,0,sigma_1p0__kernel_9__order_2,1.0,9,2,5025,0.050000000000000044,0.5062942504882812,0.0004475397363421507,0.0002349590213270858,0.976496011798362,3,3,4,0.0,5 3 4 6
1410,0,sigma_1p0__kernel_9__order_2,1.0,9,2,5029,0.050000000000000044,0.25167810916900635,0.0003815844356722664,0.0002688246313482523,0.9730571657596389,3,3,4,0.0,3 4 5 6
1411,0,sigma_1p0__kernel_9__order_2,1.0,9,2,5033,0.050000000000000044,0.5599575042724609,0.0004178929084446281,0.00040378078119829297,0.96713060346143,3,3,4,0.0,3 5 4 6
1412,0,sigma_1p0__kernel_9__order_2,1.0,9,2,5037,0.050000000000000044,0.621910810470581,0.0004161397046118509,0.00011563707084860653,0.9869697132944069,3,3,4,0.0,3 5 4 6
1413,0,sigma_1p0__kernel_9__order_2,1.0,9,2,5040,0.050000000000000044,0.14686039090156555,0.0003521195224796732,0.0005567030166275799,0.9459672033007165,2,2,3,0.0,3 5 6
1414,0,sigma_1p0__kernel_9__order_2,1.0,9,2,5042,0.050000000000000044,0.08822499215602875,0.0004415377043187618,0.0010199007811024785,0.9173677836353231,1,1,2,0.0,4 6
1415,0,sigma_1p0__kernel_9__order_2,1.0,9,2,5046,0.050000000000000044,0.45992928743362427,0.00031880065944278613,0.00033009552862495184,0.9623021453477256,3,3,4,0.0,4 3 5 6
1416,0,sigma_1p0__kernel_9__order_2,1.0,9,2,5050,0.050000000000000044,0.6219107508659363,0.00028643191762967035,0.00011563707084860653,0.9869697132944069,3,3,4,0.0,3 4 5 6
1417,0,sigma_1p0__kernel_9__order_2,1.0,9,2,5052,0.050000000000000044,0.08585478365421295,0.0003496639401419088,0.0004186356964055449,0.9436479770400152,1,1,2,0.0,4 6
1418,0,sigma_1p0__kernel_9__order_2,1.0,9,2,5056,0.050000000000000044,0.26265949010849,0.00038317558937706053,0.00026568223256617785,0.9782780824178181,3,3,4,0.0,3 4 5 6
1419,0,sigma_1p0__kernel_9__order_2,1.0,9,2,5059,0.050000000000000044,0.158042773604393,0.00031790284750362235,0.0004597074002958834,0.9592404986923289,2,2,3,0.0,3 5 6
1420,0,sigma_1p0__kernel_9__order_2,1.0,9,2,5063,0.050000000000000044,0.27362072467803955,0.0002791732404148206,0.00017932752962224185,0.9802599173840955,3,3,4,0.0,4 3 5 6
1421,0,sigma_1p0__kernel_9__order_2,1.0,9,2,5066,0.050000000000000044,0.14686039090156555,0.00034499198469954234,0.0005567030166275799,0.9459672033007165,2,2,3,0.0,3 5 6
1422,0,sigma_1p0__kernel_9__order_2,1.0,9,2,5069,0.050000000000000044,0.048571377992630005,0.00036373928499718505,0.0003186540270689875,0.9556260139777742,2,2,3,0.0,4 1 6
1423,0,sigma_1p0__kernel_9__order_2,1.0,9,2,5073,0.050000000000000044,0.5116891264915466,0.0003086455326410942,0.00040857974090613425,0.9488013382473968,3,3,4,0.0,3 5 4 6
1424,0,sigma_1p0__kernel_9__order_2,1.0,9,2,5077,0.050000000000000044,0.2423517107963562,0.00036750430444953963,0.0006882387679070234,0.9495375515022686,3,3,4,0.0,5 3 4 6
1425,0,sigma_1p0__kernel_9__order_2,1.0,9,2,5079,0.050000000000000044,0.09472252428531647,0.0002570039141573943,0.0005082559073343873,0.9629806053340789,1,1,2,0.0,4 6
1426,0,sigma_1p0__kernel_9__order_2,1.0,9,2,5081,0.050000000000000044,0.06885778158903122,0.00028203307010699064,0.0009730406454764307,0.927493339335805,1,1,2,0.0,4 6
1427,0,sigma_1p0__kernel_9__order_2,1.0,9,2,5083,0.050000000000000044,0.06885778158903122,0.00036098533018957824,0.0009730406454764307,0.927493339335805,1,1,2,0.0,4 6
1428,0,sigma_1p0__kernel_9__order_2,1.0,9,2,5087,0.050000000000000044,0.2813258171081543,0.00035898812348023057,0.0002048807218670845,0.9843359494074629,3,3,4,0.0,4 3 5 6
1429,0,sigma_1p0__kernel_9__order_2,1.0,9,2,5092,0.050000000000000044,0.48371174931526184,0.00031357925035990775,0.00022842769976705313,0.9837014776312355,4,4,5,0.0,3 5 4 1 6
1430,0,sigma_1p0__kernel_9__order_2,1.0,9,2,5094,0.050000000000000044,0.05148378759622574,0.00028725773154292256,0.001311954576522112,0.8983739310439219,1,1,2,0.0,4 6
1431,0,sigma_1p0__kernel_9__order_2,1.0,9,2,5096,0.050000000000000044,0.08822499215602875,0.00026023756072390825,0.0010199007811024785,0.9173677836353231,1,1,2,0.0,4 6
1432,0,sigma_1p0__kernel_9__order_2,1.0,9,2,5099,0.050000000000000044,0.14686039090156555,0.0002996227509963016,0.0005567030166275799,0.9459672033007165,2,2,3,0.0,3 5 6
1433,0,sigma_1p0__kernel_9__order_2,1.0,9,2,5103,0.050000000000000044,0.2811933755874634,0.00025709046894917265,0.0003074454143643379,0.9758183664501635,3,3,4,0.0,4 3 5 6
1434,0,sigma_1p0__kernel_9__order_2,1.0,9,2,5105,0.050000000000000044,0.07216545939445496,0.0003125901712337509,0.0009983577765524387,0.9042346423821841,1,1,2,0.0,4 6
1435,0,sigma_1p0__kernel_9__order_2,1.0,9,2,5109,0.050000000000000044,0.5257713794708252,0.00033501655707368627,0.00016244305879808962,0.9840680202746079,3,3,4,0.0,4 3 5 6
1436,0,sigma_1p0__kernel_9__order_2,1.0,9,2,5111,0.050000000000000044,0.08822499215602875,0.0002552830192144029,0.0010199007811024785,0.9173677836353231,1,1,2,0.0,4 6
1437,0,sigma_1p0__kernel_9__order_2,1.0,9,2,5114,0.050000000000000044,0.148762509226799,0.0002791673371878763,0.0005902164848521352,0.9453008105617358,2,2,3,0.0,3 5 6
1438,0,sigma_1p0__kernel_9__order_2,1.0,9,2,5116,0.050000000000000044,0.09472252428531647,0.00044878601329401135,0.0005082559073343873,0.9629806053340789,1,1,2,0.0,4 6
1439,0,sigma_1p0__kernel_9__order_2,1.0,9,2,5119,0.050000000000000044,0.14686039090156555,0.0003806159656960517,0.0005567030166275799,0.9459672033007165,2,2,3,0.0,3 5 6
1440,0,sigma_1p0__kernel_9__order_2,1.0,9,2,5124,0.050000000000000044,0.5739725232124329,0.0003402740810997784,0.0004525361873675138,0.9656771898942952,4,4,5,0.0,3 2 4 5 6
1441,0,sigma_1p0__kernel_9__order_2,1.0,9,2,5128,0.050000000000000044,0.5934131145477295,0.00038507606950588524,0.0004541786329355091,0.9655303865777468,3,3,4,0.0,3 5 4 6
1442,0,sigma_1p0__kernel_9__order_2,1.0,9,2,5132,0.050000000000000044,0.5934131145477295,0.00032084606937132776,0.0004541786329355091,0.9655303865777468,3,3,4,0.0,3 4 5 6
1443,0,sigma_1p0__kernel_9__order_2,1.0,9,2,5135,0.050000000000000044,-0.006926033645868301,0.00030847854213789105,0.0012458970304578543,0.9067299050964441,2,2,3,0.0,4 1 6
1444,0,sigma_1p0__kernel_9__order_2,1.0,9,2,5138,0.050000000000000044,0.16052131354808807,0.00025223559835770476,0.0006135533330962062,0.9546433615982178,2,2,3,0.0,3 5 6
1445,0,sigma_1p0__kernel_9__order_2,1.0,9,2,5140,0.050000000000000044,0.07216545939445496,0.0003058583533857018,0.0009983577765524387,0.9042346423821841,1,1,2,0.0,4 6
1446,0,sigma_1p0__kernel_9__order_2,1.0,9,2,5144,0.050000000000000044,0.5133083462715149,0.0003710432647494599,0.00022969531710259616,0.9836593969292079,3,3,4,0.0,3 5 4 6
1447,0,sigma_1p0__kernel_9__order_2,1.0,9,2,5148,0.050000000000000044,0.2975843548774719,0.0002869410782295745,0.00011739555338863283,0.9893193590265392,3,3,4,0.0,4 3 5 6
1448,0,sigma_1p0__kernel_9__order_2,1.0,9,2,5151,0.050000000000000044,0.40549975633621216,0.00045151071390137076,0.0003888272913172841,0.9510824595280124,2,2,3,0.0,3 5 6
1449,0,sigma_1p0__kernel_9__order_2,1.0,9,2,5154,0.050000000000000044,0.14686039090156555,0.0003054188855458051,0.0005567030166275799,0.9459672033007165,2,2,3,0.0,3 5 6
1450,0,sigma_1p0__kernel_9__order_2,1.0,9,2,5158,0.050000000000000044,0.5599575042724609,0.0003041063391719945,0.00040378078119829297,0.96713060346143,3,3,4,0.0,3 5 4 6
1451,0,sigma_1p0__kernel_9__order_2,1.0,9,2,5161,0.050000000000000044,0.16027358174324036,0.000361815308375905,0.0003168144612573087,0.962523856270044,2,2,3,0.0,3 5 6
1452,0,sigma_1p0__kernel_9__order_2,1.0,9,2,5165,0.050000000000000044,0.16888204216957092,0.0002705580700421706,0.0003634778840932995,0.975528885525132,3,3,4,0.0,3 5 4 6
1453,0,sigma_1p0__kernel_9__order_2,1.0,9,2,5168,0.050000000000000044,0.158042773604393,0.00026175694074481726,0.0004597074002958834,0.9592404986923289,2,2,3,0.0,3 5 6
1454,0,sigma_1p0__kernel_9__order_2,1.0,9,2,5170,0.050000000000000044,0.08585478365421295,0.00023832422448322177,0.0004186356964055449,0.9436479770400152,1,1,2,0.0,4 6
1455,0,sigma_1p0__kernel_9__order_2,1.0,9,2,5172,0.050000000000000044,0.042731307446956635,0.00022440547036239877,0.0010006569791585207,0.9216949270299539,1,1,2,0.0,4 6
1456,0,sigma_1p0__kernel_9__order_2,1.0,9,2,5177,0.050000000000000044,0.5414643287658691,0.00030147993820719423,0.00035670067882165313,0.9703575982208342,5,5,6,0.0,3 2 5 4 1
1457,0,sigma_1p0__kernel_9__order_2,1.0,9,2,5179,0.050000000000000044,0.06885778158903122,0.00032003383967094123,0.0009730406454764307,0.927493339335805,1,1,2,0.0,4 6
1458,0,sigma_1p0__kernel_9__order_2,1.0,9,2,5183,0.050000000000000044,0.2813258171081543,0.0003482678803266026,0.0002048807218670845,0.9843359494074629,3,3,4,0.0,4 3 5 6
1459,0,sigma_1p0__kernel_9__order_2,1.0,9,2,5185,0.050000000000000044,0.06885778158903122,0.00031159566424321383,0.0009730406454764307,0.927493339335805,1,1,2,0.0,4 6
1460,0,sigma_1p0__kernel_9__order_2,1.0,9,2,5189,0.050000000000000044,0.45421576499938965,0.00033138861908810213,0.0002658700686879456,0.9685054444104397,3,3,4,0.0,3 5 4 6
1461,0,sigma_1p0__kernel_9__order_2,1.0,9,2,5193,0.050000000000000044,0.6030303239822388,0.0003141883571515791,0.0003137296298518777,0.9649377163681208,3,3,4,0.0,3 5 4 6
1462,0,sigma_1p0__kernel_9__order_2,1.0,9,2,5196,0.050000000000000044,0.16027358174324036,0.00027269086179633933,0.0003168144612573087,0.962523856270044,2,2,3,0.0,3 5 6
1463,0,sigma_1p0__kernel_9__order_2,1.0,9,2,5201,0.050000000000000044,0.5598862767219543,0.00027854695508722216,0.0003612028667703271,0.9702479499131973,4,4,5,0.0,3 2 4 5 6
1464,0,sigma_1p0__kernel_9__order_2,1.0,9,2,5205,0.050000000000000044,0.2423517107963562,0.0003285327475168742,0.0006882387679070234,0.9495375515022686,3,3,4,0.0,5 3 4 6
1465,0,sigma_1p0__kernel_9__order_2,1.0,9,2,5208,0.050000000000000044,0.14686039090156555,0.00038276391569525003,0.0005567030166275799,0.9459672033007165,2,2,3,0.0,3 5 6
1466,0,sigma_1p0__kernel_9__order_2,1.0,9,2,5211,0.050000000000000044,0.148762509226799,0.0003457634593360126,0.0005902164848521352,0.9453008105617358,2,2,3,0.0,3 5 6
1467,0,sigma_1p0__kernel_9__order_2,1.0,9,2,5215,0.050000000000000044,0.5045946836471558,0.00031824715551920235,0.0004865041410084814,0.9562090784311295,3,3,4,0.0,3 5 4 6
1468,0,sigma_1p0__kernel_9__order_2,1.0,9,2,5219,0.050000000000000044,0.26265949010849,0.00029952931799925864,0.00026568223256617785,0.9782780824178181,3,3,4,0.0,4 3 5 6
1469,0,sigma_1p0__kernel_9__order_2,1.0,9,2,5224,0.050000000000000044,0.4916953146457672,0.00029896278283558786,0.00040852715028449893,0.948789707846789,4,4,5,0.0,3 4 2 5 6
1470,0,sigma_1p0__kernel_9__order_2,1.0,9,2,5226,0.050000000000000044,0.042731307446956635,0.0001820912293624133,0.0010006569791585207,0.9216949270299539,1,1,2,0.0,4 6
1471,0,sigma_1p0__kernel_9__order_2,1.0,9,2,5230,0.050000000000000044,0.2813257873058319,0.00023852490267017856,0.0002048807218670845,0.9843359494074629,3,3,4,0.0,3 4 5 6
1472,0,sigma_1p0__kernel_9__order_2,1.0,9,2,5234,0.050000000000000044,0.2537424862384796,0.0002911317424150184,0.0003305163118056953,0.9657473915503509,3,3,4,0.0,5 4 3 6
1473,0,sigma_1p0__kernel_9__order_2,1.0,9,2,5238,0.050000000000000044,0.2537424862384796,0.00033501905272714794,0.0003305163118056953,0.9657473915503509,3,3,4,0.0,5 4 3 6
1474,0,sigma_1p0__kernel_9__order_2,1.0,9,2,5241,0.050000000000000044,0.07632233947515488,0.0002972066674071054,0.0003549546527210623,0.9567700723688894,2,2,3,0.0,3 5 6
1475,0,sigma_1p0__kernel_9__order_2,1.0,9,2,5244,0.050000000000000044,0.148762509226799,0.00023913454788271338,0.0005902164848521352,0.9453008105617358,2,2,3,0.0,3 5 6
1476,0,sigma_1p0__kernel_9__order_2,1.0,9,2,5248,0.050000000000000044,0.2537424862384796,0.00024590194516349584,0.0003305163118056953,0.9657473915503509,3,3,4,0.0,5 4 3 6
1477,0,sigma_1p0__kernel_9__order_2,1.0,9,2,5251,0.050000000000000044,0.148762509226799,0.00032849247024084133,0.0005902164848521352,0.9453008105617358,2,2,3,0.0,3 5 6
1478,0,sigma_1p0__kernel_9__order_2,1.0,9,2,5256,0.050000000000000044,0.584675133228302,0.0006455746362917126,0.00011217205610591918,0.9870819063163966,5,5,6,0.0,3 2 4 1 5
1479,0,sigma_1p0__kernel_9__order_2,1.0,9,2,5260,0.050000000000000044,0.45421576499938965,0.00043224521505180746,0.0002658700686879456,0.9685054444104397,3,3,4,0.0,5 4 3 6
1480,0,sigma_1p0__kernel_9__order_2,1.0,9,2,5263,0.050000000000000044,0.16027358174324036,0.0004636890177304546,0.0003168144612573087,0.962523856270044,2,2,3,0.0,3 5 6
1481,0,sigma_1p0__kernel_9__order_2,1.0,9,2,5265,0.050000000000000044,0.09472252428531647,0.0003700970992213115,0.0005082559073343873,0.9629806053340789,1,1,2,0.0,4 6
1482,0,sigma_1p0__kernel_9__order_2,1.0,9,2,5269,0.050000000000000044,0.5133083462715149,0.00035275641130283475,0.00022969531710259616,0.9836593969292079,3,3,4,0.0,4 3 5 6
1483,0,sigma_1p0__kernel_9__order_2,1.0,9,2,5273,0.050000000000000044,0.25167810916900635,0.0004405184954521246,0.0002688246313482523,0.9730571657596389,3,3,4,0.0,4 3 5 6
1484,0,sigma_1p0__kernel_9__order_2,1.0,9,2,5277,0.050000000000000044,0.26265954971313477,0.0004076185214216821,0.00026568223256617785,0.9782780824178181,3,3,4,0.0,4 5 3 6
1485,0,sigma_1p0__kernel_9__order_2,1.0,9,2,5280,0.050000000000000044,0.0729357898235321,0.00034189158274481696,0.000244210590608418,0.9645484778210609,2,2,3,0.0,3 5 6
1486,0,sigma_1p0__kernel_9__order_2,1.0,9,2,5283,0.050000000000000044,0.16950292885303497,0.0003699900019758691,0.0002968789776787162,0.967183250787709,2,2,3,0.0,3 5 6
1487,0,sigma_1p0__kernel_9__order_2,1.0,9,2,5287,0.050000000000000044,0.2813258171081543,0.00034795353712979704,0.0002048807218670845,0.9843359494074629,3,3,4,0.0,4 5 3 6
1488,0,sigma_1p0__kernel_9__order_2,1.0,9,2,5292,0.050000000000000044,0.6035642027854919,0.0003772861498873681,0.00011355951573932543,0.9870355374287199,4,4,5,0.0,3 2 4 5 6
1489,0,sigma_1p0__kernel_9__order_2,1.0,9,2,5296,0.050000000000000044,0.25167810916900635,0.00041379906178917736,0.0002688246313482523,0.9730571657596389,3,3,4,0.0,4 3 5 6
1490,0,sigma_1p0__kernel_9__order_2,1.0,9,2,5300,0.050000000000000044,0.5045947432518005,0.00031038636006996967,0.0004865041410084814,0.9562090784311295,3,3,4,0.0,4 3 5 6
1491,0,sigma_1p0__kernel_9__order_2,1.0,9,2,5303,0.050000000000000044,0.158042773604393,0.0004898922246259948,0.0004597074002958834,0.9592404986923289,2,2,3,0.0,3 5 6
1492,0,sigma_1p0__kernel_9__order_2,1.0,9,2,5305,0.050000000000000044,0.042731307446956635,0.0003733002959052101,0.0010006569791585207,0.9216949270299539,1,1,2,0.0,4 6
1493,0,sigma_1p0__kernel_9__order_2,1.0,9,2,5309,0.050000000000000044,0.27362075448036194,0.0003733321027539205,0.00017932752962224185,0.9802599173840955,3,3,4,0.0,4 5 3 6
1494,0,sigma_1p0__kernel_9__order_2,1.0,9,2,5311,0.050000000000000044,0.09472252428531647,0.00043680614908225834,0.0005082559073343873,0.9629806053340789,1,1,2,0.0,4 6
1495,0,sigma_1p0__kernel_9__order_2,1.0,9,2,5315,0.050000000000000044,0.45421573519706726,0.00038139383832458407,0.0002658700686879456,0.9685054444104397,3,3,4,0.0,4 3 5 6
1496,0,sigma_1p0__kernel_9__order_2,1.0,9,2,5319,0.050000000000000044,0.5934131145477295,0.0002848981639544945,0.0004541786329355091,0.9655303865777468,3,3,4,0.0,4 3 5 6
1497,0,sigma_1p0__kernel_9__order_2,1.0,9,2,5323,0.050000000000000044,0.45421573519706726,0.00030742501985514536,0.0002658700686879456,0.9685054444104397,3,3,4,0.0,4 3 5 6
1498,0,sigma_1p0__kernel_9__order_2,1.0,9,2,5325,0.050000000000000044,0.06885778158903122,0.0004445780359674245,0.0009730406454764307,0.927493339335805,1,1,2,0.0,4 6
1499,0,sigma_1p0__kernel_9__order_2,1.0,9,2,5328,0.050000000000000044,0.16950292885303497,0.0003378076362423599,0.0002968789776787162,0.967183250787709,2,2,3,0.0,3 5 6
1500,0,sigma_1p0__kernel_9__order_2,1.0,9,2,5333,0.050000000000000044,0.48368632793426514,0.0002685519953956828,0.00022795081895310432,0.9836518599360508,4,4,5,0.0,4 5 2 3 6
1501,0,sigma_1p0__kernel_9__order_2,1.0,9,2,5336,0.050000000000000044,0.17979587614536285,0.00033444461102286976,0.0007011665729805827,0.9514408477279718,2,2,3,0.0,3 5 6
1502,0,sigma_1p0__kernel_9__order_2,1.0,9,2,5341,0.050000000000000044,0.4257511496543884,0.00033035569358617065,0.000464441574877128,0.9535418546157275,4,4,5,0.0,4 5 2 3 6
1503,0,sigma_1p0__kernel_9__order_2,1.0,9,2,5346,0.050000000000000044,0.48368632793426514,0.0003268073603976518,0.00022795081895310432,0.9836518599360508,4,4,5,0.0,4 5 2 3 6
1504,0,sigma_1p0__kernel_9__order_2,1.0,9,2,5349,0.050000000000000044,0.17979587614536285,0.00038444238210407394,0.0007011665729805827,0.9514408477279718,2,2,3,0.0,3 5 6
1505,0,sigma_1p0__kernel_9__order_2,1.0,9,2,5353,0.050000000000000044,0.5257713794708252,0.0003152733188471757,0.00016244305879808962,0.9840680202746079,3,3,4,0.0,4 3 5 6
1506,0,sigma_1p0__kernel_9__order_2,1.0,9,2,5356,0.050000000000000044,0.17979587614536285,0.0002896856264366458,0.0007011665729805827,0.9514408477279718,2,2,3,0.0,3 5 6
1507,0,sigma_1p0__kernel_9__order_2,1.0,9,2,5358,0.050000000000000044,0.042731307446956635,0.00038102328835520893,0.0010006569791585207,0.9216949270299539,1,1,2,0.0,4 6
1508,0,sigma_1p0__kernel_9__order_2,1.0,9,2,5360,0.050000000000000044,0.06885778158903122,0.00036983328755013645,0.0009730406454764307,0.927493339335805,1,1,2,0.0,4 6
1509,0,sigma_1p0__kernel_9__order_2,1.0,9,2,5362,0.050000000000000044,0.09472252428531647,0.00029185140738263726,0.0005082559073343873,0.9629806053340789,1,1,2,0.0,4 6
1510,0,sigma_1p0__kernel_9__order_2,1.0,9,2,5367,0.050000000000000044,0.5414643287658691,0.0003302212222479284,0.00035670067882165313,0.9703575982208342,5,5,6,0.0,3 2 4 1 5
1511,0,sigma_1p0__kernel_9__order_2,1.0,9,2,5371,0.050000000000000044,0.2975843548774719,0.00028860371094197035,0.00011739555338863283,0.9893193590265392,3,3,4,0.0,4 5 3 6
1512,0,sigma_1p0__kernel_9__order_2,1.0,9,2,5374,0.050000000000000044,0.148762509226799,0.0002851534227374941,0.0005902164848521352,0.9453008105617358,2,2,3,0.0,3 5 6
1513,0,sigma_1p0__kernel_9__order_2,1.0,9,2,5377,0.050000000000000044,0.05051891505718231,0.0003950598669083168,0.0006870934157632291,0.9247663637510236,2,2,3,0.0,5 3 6
1514,0,sigma_1p0__kernel_9__order_2,1.0,9,2,5381,0.050000000000000044,0.2423517107963562,0.0004178839808446355,0.0006882387679070234,0.9495375515022686,3,3,4,0.0,4 5 3 6
1515,0,sigma_1p0__kernel_9__order_2,1.0,9,2,5385,0.050000000000000044,0.5062942504882812,0.00037239977245917544,0.0002349590213270858,0.976496011798362,3,3,4,0.0,3 5 4 6
1516,0,sigma_1p0__kernel_9__order_2,1.0,9,2,5389,0.050000000000000044,0.5074523687362671,0.0003142096975352615,0.00028734508669003844,0.9792653489835764,3,3,4,0.0,4 3 5 6
1517,0,sigma_1p0__kernel_9__order_2,1.0,9,2,5393,0.050000000000000044,0.2811933755874634,0.0003084202471654862,0.0003074454143643379,0.9758183664501635,3,3,4,0.0,4 5 3 6
1518,0,sigma_1p0__kernel_9__order_2,1.0,9,2,5397,0.050000000000000044,0.13184279203414917,0.0003423152993491385,0.0003914186963811517,0.962852881049713,3,3,4,0.0,4 3 5 6
1519,0,sigma_1p0__kernel_9__order_2,1.0,9,2,5401,0.050000000000000044,0.5599574446678162,0.0003282079705968499,0.00040378078119829297,0.96713060346143,3,3,4,0.0,3 4 5 6
1520,0,sigma_1p0__kernel_9__order_2,1.0,9,2,5403,0.050000000000000044,0.06885778158903122,0.00030591824906878173,0.0009730406454764307,0.927493339335805,1,1,2,0.0,4 6
1521,0,sigma_1p0__kernel_9__order_2,1.0,9,2,5406,0.050000000000000044,0.07632232457399368,0.00035840304917655885,0.0003549546527210623,0.9567700723688894,2,2,3,0.0,5 3 6
1522,0,sigma_1p0__kernel_9__order_2,1.0,9,2,5410,0.050000000000000044,0.5257713794708252,0.0002947691064036917,0.00016244305879808962,0.9840680202746079,3,3,4,0.0,4 3 5 6
1523,0,sigma_1p0__kernel_9__order_2,1.0,9,2,5413,0.050000000000000044,0.05051891505718231,0.0003091865898265193,0.0006870934157632291,0.9247663637510236,2,2,3,0.0,5 3 6
1524,0,sigma_1p0__kernel_9__order_2,1.0,9,2,5418,0.050000000000000044,0.5399646162986755,0.00028337182011455296,0.00040371244540438056,0.9671228918004404,4,4,5,0.0,3 2 4 5 6
1525,0,sigma_1p0__kernel_9__order_2,1.0,9,2,5423,0.050000000000000044,0.584675133228302,0.0003601521719247103,0.00011217205610591918,0.9870819063163966,5,5,6,0.0,4 2 3 1 5
1526,0,sigma_1p0__kernel_9__order_2,1.0,9,2,5426,0.050000000000000044,0.07632232457399368,0.0002660916167466591,0.0003549546527210623,0.9567700723688894,2,2,3,0.0,5 3 6
1527,0,sigma_1p0__kernel_9__order_2,1.0,9,2,5430,0.050000000000000044,0.27362075448036194,0.0003814242299995385,0.00017932752962224185,0.9802599173840955,3,3,4,0.0,4 5 3 6
1528,0,sigma_1p0__kernel_9__order_2,1.0,9,2,5433,0.050000000000000044,0.05513451248407364,0.00034770518929387134,0.0006530879763886333,0.9352612300342952,2,2,3,0.0,5 3 6
1529,0,sigma_1p0__kernel_9__order_2,1.0,9,2,5437,0.050000000000000044,0.25167810916900635,0.00030264988890849054,0.0002688246313482523,0.9730571657596389,3,3,4,0.0,4 5 3 6
1530,0,sigma_1p0__kernel_9__order_2,1.0,9,2,5441,0.050000000000000044,0.45992928743362427,0.00033608950616326183,0.00033009552862495184,0.9623021453477256,3,3,4,0.0,4 3 5 6
1531,0,sigma_1p0__kernel_9__order_2,1.0,9,2,5445,0.050000000000000044,0.5133083462715149,0.00035475810727803037,0.00022969531710259616,0.9836593969292079,3,3,4,0.0,4 3 5 6
1532,0,sigma_1p0__kernel_9__order_2,1.0,9,2,5447,0.050000000000000044,0.09472252428531647,0.00031548285915050656,0.0005082559073343873,0.9629806053340789,1,1,2,0.0,4 6
1533,0,sigma_1p0__kernel_9__order_2,1.0,9,2,5452,0.050000000000000044,0.4917108118534088,0.0003500554244965315,0.0004085330874659121,0.9488037567536981,4,4,5,0.0,3 5 1 4 6
1534,0,sigma_1p0__kernel_9__order_2,1.0,9,2,5457,0.050000000000000044,0.4916952848434448,0.0003547966625774279,0.00040852715028449893,0.948789707846789,4,4,5,0.0,3 2 5 4 6
1535,0,sigma_1p0__kernel_9__order_2,1.0,9,2,5460,0.050000000000000044,0.16052131354808807,0.0003775297470080356,0.0006135533330962062,0.9546433615982178,2,2,3,0.0,3 5 6
1536,0,sigma_1p0__kernel_9__order_2,1.0,9,2,5462,0.050000000000000044,0.04057063162326813,0.0003294564812676981,0.001167015521787107,0.8816713038721209,1,1,2,0.0,5 6
1537,0,sigma_1p0__kernel_9__order_2,1.0,9,2,5467,0.050000000000000044,0.4257511496543884,0.0002724300051340833,0.000464441574877128,0.9535418546157275,4,4,5,0.0,4 5 2 3 6
1538,0,sigma_1p0__kernel_9__order_2,1.0,9,2,5470,0.050000000000000044,0.17979587614536285,0.00034762672536696,0.0007011665729805827,0.9514408477279718,2,2,3,0.0,3 5 6
1539,0,sigma_1p0__kernel_9__order_2,1.0,9,2,5473,0.050000000000000044,0.16352729499340057,0.0002860288902108247,0.0005552549264393747,0.9588457210948436,2,2,3,0.0,3 5 6
1540,0,sigma_1p0__kernel_9__order_2,1.0,9,2,5478,0.050000000000000044,0.5846751928329468,0.00031514842994511126,0.00011217205610591918,0.9870819063163966,5,5,6,0.0,4 3 1 2 5
1541,0,sigma_1p0__kernel_9__order_2,1.0,9,2,5481,0.050000000000000044,0.16352729499340057,0.00031775129415715736,0.0005552549264393747,0.9588457210948436,2,2,3,0.0,3 5 6
1542,0,sigma_1p0__kernel_9__order_2,1.0,9,2,5485,0.050000000000000044,0.45992928743362427,0.0003342474956298247,0.00033009552862495184,0.9623021453477256,3,3,4,0.0,4 5 3 6
1543,0,sigma_1p0__kernel_9__order_2,1.0,9,2,5489,0.050000000000000044,0.2813258171081543,0.000333931042405311,0.0002048807218670845,0.9843359494074629,3,3,4,0.0,4 5 3 6
1544,0,sigma_1p0__kernel_9__order_2,1.0,9,2,5493,0.050000000000000044,0.27362072467803955,0.0002997012925334275,0.00017932752962224185,0.9802599173840955,3,3,4,0.0,4 3 5 6
1545,0,sigma_1p0__kernel_9__order_2,1.0,9,2,5498,0.050000000000000044,0.584675133228302,0.00035035420442000034,0.00011217205610591918,0.9870819063163966,5,5,6,0.0,3 2 4 1 5
1546,0,sigma_1p0__kernel_9__order_2,1.0,9,2,5502,0.050000000000000044,0.4962378442287445,0.0005402765891631134,0.0001359974849037826,0.9773213869928605,3,3,4,0.0,4 3 5 6
1547,0,sigma_1p0__kernel_9__order_2,1.0,9,2,5506,0.050000000000000044,0.09833239018917084,0.0006804819131502882,0.0005130328354425728,0.9510404960862522,3,3,4,0.0,3 5 1 6
1548,0,sigma_1p0__kernel_9__order_2,1.0,9,2,5509,0.050000000000000044,0.148762509226799,0.00043336572707630694,0.0005902164848521352,0.9453008105617358,2,2,3,0.0,3 5 6
1549,0,sigma_1p0__kernel_9__order_2,1.0,9,2,5514,0.050000000000000044,0.584675133228302,0.0005292138026561588,0.00011217205610591918,0.9870819063163966,5,5,6,0.0,3 2 4 1 5
1550,0,sigma_1p0__kernel_9__order_2,1.0,9,2,5518,0.050000000000000044,0.27362072467803955,0.00043964514770777896,0.00017932752962224185,0.9802599173840955,3,3,4,0.0,3 4 5 6
1551,0,sigma_1p0__kernel_9__order_2,1.0,9,2,5523,0.050000000000000044,0.555174708366394,0.0004381125385407358,0.00044878676999360323,0.9659557233738417,5,5,6,0.0,4 5 2 1 3
1552,0,sigma_1p0__kernel_9__order_2,1.0,9,2,5527,0.050000000000000044,0.5062942504882812,0.0004937311459798366,0.0002349590213270858,0.976496011798362,3,3,4,0.0,5 3 4 6
1553,0,sigma_1p0__kernel_9__order_2,1.0,9,2,5529,0.050000000000000044,0.08822499215602875,0.0003968680102843791,0.0010199007811024785,0.9173677836353231,1,1,2,0.0,4 6
1554,0,sigma_1p0__kernel_9__order_2,1.0,9,2,5532,0.050000000000000044,0.16052132844924927,0.0004552094421039025,0.0006135533330962062,0.9546433615982178,2,2,3,0.0,5 3 6
1555,0,sigma_1p0__kernel_9__order_2,1.0,9,2,5534,0.050000000000000044,0.08822499215602875,0.000371628615539521,0.0010199007811024785,0.9173677836353231,1,1,2,0.0,4 6
1556,0,sigma_1p0__kernel_9__order_2,1.0,9,2,5539,0.050000000000000044,0.5435150861740112,0.00035824819642584773,0.00026785070076584816,0.9713053481296751,5,5,6,0.0,4 3 2 1 5
1557,0,sigma_1p0__kernel_9__order_2,1.0,9,2,5544,0.050000000000000044,0.5598863363265991,0.00040696562500670553,0.0003612028667703271,0.9702479499131973,4,4,5,0.0,4 3 2 5 6
1558,0,sigma_1p0__kernel_9__order_2,1.0,9,2,5548,0.050000000000000044,0.5934131145477295,0.00031140432110987604,0.0004541786329355091,0.9655303865777468,3,3,4,0.0,4 3 5 6
1559,0,sigma_1p0__kernel_9__order_2,1.0,9,2,5552,0.050000000000000044,0.5074523687362671,0.0003369522964931093,0.00028734508669003844,0.9792653489835764,3,3,4,0.0,4 5 3 6
1560,0,sigma_1p0__kernel_9__order_2,1.0,9,2,5557,0.050000000000000044,0.5202905535697937,0.000314107519807294,0.00040304585127159953,0.9671935243676023,5,5,6,0.0,4 3 1 2 5
1561,0,sigma_1p0__kernel_9__order_2,1.0,9,2,5562,0.050000000000000044,0.231819286942482,0.0002580642292741686,0.0003047949285246432,0.9760491947392079,4,4,5,0.0,1 3 5 4 6
1562,0,sigma_1p0__kernel_9__order_2,1.0,9,2,5567,0.050000000000000044,0.46614837646484375,0.00032811319106258453,0.0001355567219434306,0.9772140656406332,4,4,5,0.0,4 5 2 3 6
1563,0,sigma_1p0__kernel_9__order_2,1.0,9,2,5570,0.050000000000000044,0.16352729499340057,0.00026483144029043615,0.0005552549264393747,0.9588457210948436,2,2,3,0.0,3 5 6
1564,0,sigma_1p0__kernel_9__order_2,1.0,9,2,5573,0.050000000000000044,0.4965992569923401,0.0003443302072507019,0.00044704164611175656,0.9507218798917058,2,2,3,0.0,4 3 6
1565,0,sigma_1p0__kernel_9__order_2,1.0,9,2,5577,0.050000000000000044,0.2811933755874634,0.0003625977478804998,0.0003074454143643379,0.9758183664501635,3,3,4,0.0,4 3 5 6
1566,0,sigma_1p0__kernel_9__order_2,1.0,9,2,5579,0.050000000000000044,0.08822499215602875,0.00041066910489462316,0.0010199007811024785,0.9173677836353231,1,1,2,0.0,4 6
1567,0,sigma_1p0__kernel_9__order_2,1.0,9,2,5581,0.050000000000000044,0.08585478365421295,0.0003026989143108949,0.0004186356964055449,0.9436479770400152,1,1,2,0.0,4 6
1568,0,sigma_1p0__kernel_9__order_2,1.0,9,2,5586,0.050000000000000044,0.4257511496543884,0.0003176848054863513,0.000464441574877128,0.9535418546157275,4,4,5,0.0,4 5 2 3 6
1569,0,sigma_1p0__kernel_9__order_2,1.0,9,2,5590,0.050000000000000044,0.6219107508659363,0.0003395145722606685,0.00011563707084860653,0.9869697132944069,3,3,4,0.0,4 3 5 6
1570,0,sigma_1p0__kernel_9__order_2,1.0,9,2,5594,0.050000000000000044,0.5133083462715149,0.0002849389857146889,0.00022969531710259616,0.9836593969292079,3,3,4,0.0,3 5 4 6
1571,0,sigma_1p0__kernel_9__order_2,1.0,9,2,5596,0.050000000000000044,0.06620339304208755,0.0002944924926850945,0.0010458785109221935,0.8895152893258473,1,1,2,0.0,4 6
1572,0,sigma_1p0__kernel_9__order_2,1.0,9,2,5600,0.050000000000000044,0.45421576499938965,0.0003178314655087888,0.0002658700686879456,0.9685054444104397,3,3,4,0.0,4 5 3 6
1573,0,sigma_1p0__kernel_9__order_2,1.0,9,2,5605,0.050000000000000044,0.5414643883705139,0.0002892773482017219,0.00035670067882165313,0.9703575982208342,5,5,6,0.0,4 3 1 2 5
1574,0,sigma_1p0__kernel_9__order_2,1.0,9,2,5607,0.050000000000000044,0.08822499215602875,0.0002603337197797373,0.0010199007811024785,0.9173677836353231,1,1,2,0.0,4 6
1575,0,sigma_1p0__kernel_9__order_2,1.0,9,2,5610,0.050000000000000044,0.16027361154556274,0.0002854193541376541,0.0003168144612573087,0.962523856270044,2,2,3,0.0,5 3 6
1576,0,sigma_1p0__kernel_9__order_2,1.0,9,2,5614,0.050000000000000044,0.4962378442287445,0.00035470275906845927,0.0001359974849037826,0.9773213869928605,3,3,4,0.0,5 3 4 6
1577,0,sigma_1p0__kernel_9__order_2,1.0,9,2,5617,0.050000000000000044,0.16950292885303497,0.000317507961881347,0.0002968789776787162,0.967183250787709,2,2,3,0.0,3 5 6
1578,0,sigma_1p0__kernel_9__order_2,1.0,9,2,5622,0.050000000000000044,0.231819286942482,0.00035018708440475165,0.0003047949285246432,0.9760491947392079,4,4,5,0.0,1 3 5 4 6
1579,0,sigma_1p0__kernel_9__order_2,1.0,9,2,5627,0.050000000000000044,0.5435150861740112,0.0004225396376568824,0.00026785070076584816,0.9713053481296751,5,5,6,0.0,2 4 3 1 5
1580,0,sigma_1p0__kernel_9__order_2,1.0,9,2,5631,0.050000000000000044,0.4599292576313019,0.00028629223379539326,0.00033009552862495184,0.9623021453477256,3,3,4,0.0,5 3 4 6
1581,0,sigma_1p0__kernel_9__order_2,1.0,9,2,5635,0.050000000000000044,0.2811933755874634,0.0003504415071802214,0.0003074454143643379,0.9758183664501635,3,3,4,0.0,4 3 5 6
1582,0,sigma_1p0__kernel_9__order_2,1.0,9,2,5637,0.050000000000000044,0.042731307446956635,0.000372874055756256,0.0010006569791585207,0.9216949270299539,1,1,2,0.0,4 6
1583,0,sigma_1p0__kernel_9__order_2,1.0,9,2,5641,0.050000000000000044,0.2813258171081543,0.00036353473842609674,0.0002048807218670845,0.9843359494074629,3,3,4,0.0,4 3 5 6
1584,0,sigma_1p0__kernel_9__order_2,1.0,9,2,5646,0.050000000000000044,0.46614837646484375,0.0002587993920315057,0.0001355567219434306,0.9772140656406332,4,4,5,0.0,4 5 2 3 6
1585,0,sigma_1p0__kernel_9__order_2,1.0,9,2,5651,0.050000000000000044,0.5414643883705139,0.00030136018176563084,0.00035670067882165313,0.9703575982208342,5,5,6,0.0,4 3 2 1 5
1586,0,sigma_1p0__kernel_9__order_2,1.0,9,2,5656,0.050000000000000044,0.4717111885547638,0.0002682834572624415,0.0004084963002242148,0.9487925082197087,5,5,6,0.0,4 3 2 1 5
1587,0,sigma_1p0__kernel_9__order_2,1.0,9,2,5659,0.050000000000000044,0.16052131354808807,0.0002837360661942512,0.0006135533330962062,0.9546433615982178,2,2,3,0.0,3 5 6
1588,0,sigma_1p0__kernel_9__order_2,1.0,9,2,5662,0.050000000000000044,0.158042773604393,0.0003182119592869033,0.0004597074002958834,0.9592404986923289,2,2,3,0.0,3 5 6
1589,0,sigma_1p0__kernel_9__order_2,1.0,9,2,5665,0.050000000000000044,0.16950291395187378,0.00024397512121746937,0.0002968789776787162,0.967183250787709,2,2,3,0.0,5 3 6
1590,0,sigma_1p0__kernel_9__order_2,1.0,9,2,5669,0.050000000000000044,0.09833239018917084,0.00034094998773070984,0.0005130328354425728,0.9510404960862522,3,3,4,0.0,5 3 1 6
1591,0,sigma_1p0__kernel_9__order_2,1.0,9,2,5674,0.050000000000000044,0.5414643883705139,0.0002995185554027557,0.00035670067882165313,0.9703575982208342,5,5,6,0.0,2 4 3 1 5
1592,0,sigma_1p0__kernel_9__order_2,1.0,9,2,5679,0.050000000000000044,0.4361605942249298,0.00032822889916133134,0.00013534293975681067,0.9771839583316966,5,5,6,0.0,2 4 1 3 5
1593,0,sigma_1p0__kernel_9__order_2,1.0,9,2,5683,0.050000000000000044,0.2813258171081543,0.0003660378934000619,0.0002048807218670845,0.9843359494074629,3,3,4,0.0,4 5 3 6
1594,0,sigma_1p0__kernel_9__order_2,1.0,9,2,5687,0.050000000000000044,0.506294310092926,0.0002548706434026826,0.0002349590213270858,0.976496011798362,3,3,4,0.0,4 5 3 6
1595,0,sigma_1p0__kernel_9__order_2,1.0,9,2,5690,0.050000000000000044,0.158042773604393,0.0003532945605305334,0.0004597074002958834,0.9592404986923289,2,2,3,0.0,3 5 6
1596,0,sigma_1p0__kernel_9__order_2,1.0,9,2,5694,0.050000000000000044,0.2537424862384796,0.0002971918656839989,0.0003305163118056953,0.9657473915503509,3,3,4,0.0,5 3 4 6
1597,0,sigma_1p0__kernel_9__order_2,1.0,9,2,5696,0.050000000000000044,0.08585478365421295,0.0002980148419737816,0.0004186356964055449,0.9436479770400152,1,1,2,0.0,4 6
1598,0,sigma_1p0__kernel_9__order_2,1.0,9,2,5700,0.050000000000000044,0.2811933755874634,0.0002981340730912052,0.0003074454143643379,0.9758183664501635,3,3,4,0.0,4 5 3 6
1599,0,sigma_1p0__kernel_9__order_2,1.0,9,2,5701,0.050000000000000044,0.0,0.00021751729946117848,0.0015325190033763647,0.8707035052081776,0,0,1,0.0,6
1600,0,sigma_1p0__kernel_9__order_2,1.0,9,2,5703,0.050000000000000044,0.042731307446956635,0.0002602141030365601,0.0010006569791585207,0.9216949270299539,1,1,2,0.0,4 6
1601,0,sigma_1p0__kernel_9__order_2,1.0,9,2,5705,0.050000000000000044,0.042731307446956635,0.0002715261798584834,0.0010006569791585207,0.9216949270299539,1,1,2,0.0,4 6
1602,0,sigma_1p0__kernel_9__order_2,1.0,9,2,5708,0.050000000000000044,0.03960850089788437,0.00031122688475685817,0.0003551239497028291,0.9538300437996702,2,2,3,0.0,4 2 6
1603,0,sigma_1p0__kernel_9__order_2,1.0,9,2,5712,0.050000000000000044,0.2813258171081543,0.0003347138554090634,0.0002048807218670845,0.9843359494074629,3,3,4,0.0,4 5 3 6
1604,0,sigma_1p0__kernel_9__order_2,1.0,9,2,5715,0.050000000000000044,0.16052131354808807,0.0003096184809692204,0.0006135533330962062,0.9546433615982178,2,2,3,0.0,3 5 6
1605,0,sigma_1p0__kernel_9__order_2,1.0,9,2,5718,0.050000000000000044,0.38108617067337036,0.0002522078430047259,0.000587556860409677,0.9414025662770311,2,2,3,0.0,4 5 6
1606,0,sigma_1p0__kernel_9__order_2,1.0,9,2,5722,0.050000000000000044,0.6219107508659363,0.00028774157908628695,0.00011563707084860653,0.9869697132944069,3,3,4,0.0,4 3 5 6
1607,0,sigma_1p0__kernel_9__order_2,1.0,9,2,5724,0.050000000000000044,0.09472252428531647,0.00043431877566035837,0.0005082559073343873,0.9629806053340789,1,1,2,0.0,4 6
1608,0,sigma_1p0__kernel_9__order_2,1.0,9,2,5727,0.050000000000000044,0.16352729499340057,0.0003011221900427093,0.0005552549264393747,0.9588457210948436,2,2,3,0.0,3 5 6
1609,0,sigma_1p0__kernel_9__order_2,1.0,9,2,5731,0.050000000000000044,0.25167810916900635,0.0002618125072331168,0.0002688246313482523,0.9730571657596389,3,3,4,0.0,4 5 3 6
1610,0,sigma_1p0__kernel_9__order_2,1.0,9,2,5735,0.050000000000000044,0.16888204216957092,0.00037685011920984834,0.0003634778840932995,0.975528885525132,3,3,4,0.0,3 4 5 6
1611,0,sigma_1p0__kernel_9__order_2,1.0,9,2,5739,0.050000000000000044,0.6219107508659363,0.0003146648814436048,0.00011563707084860653,0.9869697132944069,3,3,4,0.0,4 3 5 6
1612,0,sigma_1p0__kernel_9__order_2,1.0,9,2,5743,0.050000000000000044,0.5116891264915466,0.00028563760861288756,0.00040857974090613425,0.9488013382473968,3,3,4,0.0,3 5 4 6
1613,0,sigma_1p0__kernel_9__order_2,1.0,9,2,5747,0.050000000000000044,0.2813257873058319,0.00031039470923133194,0.0002048807218670845,0.9843359494074629,3,3,4,0.0,3 4 5 6
1614,0,sigma_1p0__kernel_9__order_2,1.0,9,2,5752,0.050000000000000044,0.42420563101768494,0.000556496437638998,0.00026576308300718665,0.9684869034147149,4,4,5,0.0,4 2 3 5 6
1615,0,sigma_1p0__kernel_9__order_2,1.0,9,2,5757,0.050000000000000044,0.4257511794567108,0.0006642393302172423,0.000464441574877128,0.9535418546157275,4,4,5,0.0,4 2 3 5 6
1616,0,sigma_1p0__kernel_9__order_2,1.0,9,2,5762,0.050000000000000044,0.47984904050827026,0.0005200969346333296,0.000276587757980451,0.9795012027025223,4,4,5,0.0,2 3 5 4 6
1617,0,sigma_1p0__kernel_9__order_2,1.0,9,2,5767,0.050000000000000044,0.4257511496543884,0.0005090278922580182,0.000464441574877128,0.9535418546157275,4,4,5,0.0,2 3 5 4 6
1618,0,sigma_1p0__kernel_9__order_2,1.0,9,2,5771,0.050000000000000044,0.26265949010849,0.00042448762542335317,0.00026568223256617785,0.9782780824178181,3,3,4,0.0,4 3 5 6
1619,0,sigma_1p0__kernel_9__order_2,1.0,9,2,5775,0.050000000000000044,0.2811933755874634,0.0005026180078857578,0.0003074454143643379,0.9758183664501635,3,3,4,0.0,4 3 5 6
1620,0,sigma_1p0__kernel_9__order_2,1.0,9,2,5778,0.050000000000000044,0.158042773604393,0.00040987832471728325,0.0004597074002958834,0.9592404986923289,2,2,3,0.0,3 5 6
1621,0,sigma_1p0__kernel_9__order_2,1.0,9,2,5783,0.050000000000000044,0.5435150861740112,0.00045231286203488706,0.00026785070076584816,0.9713053481296751,5,5,6,0.0,3 1 4 2 5
1622,0,sigma_1p0__kernel_9__order_2,1.0,9,2,5788,0.050000000000000044,0.5846751928329468,0.00037765613524243236,0.00011217205610591918,0.9870819063163966,5,5,6,0.0,3 1 4 2 5
1623,0,sigma_1p0__kernel_9__order_2,1.0,9,2,5793,0.050000000000000044,0.46614834666252136,0.000489527964964509,0.0001355567219434306,0.9772140656406332,4,4,5,0.0,2 3 5 4 6
1624,0,sigma_1p0__kernel_9__order_2,1.0,9,2,5797,0.050000000000000044,0.2423517107963562,0.0004141622921451926,0.0006882387679070234,0.9495375515022686,3,3,4,0.0,4 5 3 6
1625,0,sigma_1p0__kernel_9__order_2,1.0,9,2,5800,0.050000000000000044,0.07960246503353119,0.0004001121366551767,0.0002772131119854748,0.9761993671533753,2,2,3,0.0,3 5 6
1626,0,sigma_1p0__kernel_9__order_2,1.0,9,2,5803,0.050000000000000044,0.07632233947515488,0.00040972659674783546,0.0003549546527210623,0.9567700723688894,2,2,3,0.0,3 5 6
1627,0,sigma_1p0__kernel_9__order_2,1.0,9,2,5808,0.050000000000000044,0.4647652506828308,0.0003705339040607214,0.00048601313028484583,0.9562057949487435,5,5,6,0.0,3 1 4 2 5
1628,0,sigma_1p0__kernel_9__order_2,1.0,9,2,5811,0.050000000000000044,0.3551775813102722,0.0004521807422861457,0.0006763997953385115,0.9215292584120023,2,2,3,0.0,2 3 6
1629,0,sigma_1p0__kernel_9__order_2,1.0,9,2,5814,0.050000000000000044,0.058370791375637054,0.00040149129442094517,0.0004879920743405819,0.9443934640972282,2,2,3,0.0,3 5 6
1630,0,sigma_1p0__kernel_9__order_2,1.0,9,2,5819,0.050000000000000044,0.46614840626716614,0.00036768500867765395,0.0001355567219434306,0.9772140656406332,4,4,5,0.0,2 3 4 5 6
1631,0,sigma_1p0__kernel_9__order_2,1.0,9,2,5822,0.050000000000000044,0.05513450503349304,0.0004203644154282908,0.0006530879763886333,0.9352612300342952,2,2,3,0.0,3 5 6
1632,0,sigma_1p0__kernel_9__order_2,1.0,9,2,5827,0.050000000000000044,0.47984904050827026,0.00037935497821308675,0.000276587757980451,0.9795012027025223,4,4,5,0.0,2 3 4 5 6
1633,0,sigma_1p0__kernel_9__order_2,1.0,9,2,5829,0.050000000000000044,0.09472252428531647,0.0003703257971210405,0.0005082559073343873,0.9629806053340789,1,1,2,0.0,4 6
1634,0,sigma_1p0__kernel_9__order_2,1.0,9,2,5833,0.050000000000000044,0.253742516040802,0.0003578881296562031,0.0003305163118056953,0.9657473915503509,3,3,4,0.0,4 5 3 6
1635,0,sigma_1p0__kernel_9__order_2,1.0,9,2,5837,0.050000000000000044,0.6030303239822388,0.00037258886732161045,0.0003137296298518777,0.9649377163681208,3,3,4,0.0,3 4 5 6
1636,0,sigma_1p0__kernel_9__order_2,1.0,9,2,5839,0.050000000000000044,0.08585478365421295,0.0003628663835115731,0.0004186356964055449,0.9436479770400152,1,1,2,0.0,4 6
1637,0,sigma_1p0__kernel_9__order_2,1.0,9,2,5844,0.050000000000000044,0.5402342081069946,0.0004544800613075495,0.0004032488795928657,0.9671964041188837,4,4,5,0.0,4 5 1 3 6
1638,0,sigma_1p0__kernel_9__order_2,1.0,9,2,5848,0.050000000000000044,0.2811933755874634,0.0003574182992451824,0.0003074454143643379,0.9758183664501635,3,3,4,0.0,4 3 5 6
1639,0,sigma_1p0__kernel_9__order_2,1.0,9,2,5853,0.050000000000000044,0.4257511496543884,0.0002788376878015697,0.000464441574877128,0.9535418546157275,4,4,5,0.0,2 3 4 5 6
1640,0,sigma_1p0__kernel_9__order_2,1.0,9,2,5855,0.050000000000000044,0.06620339304208755,0.00026969346072291955,0.0010458785109221935,0.8895152893258473,1,1,2,0.0,4 6
1641,0,sigma_1p0__kernel_9__order_2,1.0,9,2,5859,0.050000000000000044,0.41737183928489685,0.0003575499140424654,0.00023401893849950284,0.9622105270730471,3,3,4,0.0,2 3 5 6
1642,0,sigma_1p0__kernel_9__order_2,1.0,9,2,5863,0.050000000000000044,0.2736207842826843,0.00040283979615196586,0.00017932752962224185,0.9802599173840955,3,3,4,0.0,5 4 3 6
1643,0,sigma_1p0__kernel_9__order_2,1.0,9,2,5867,0.050000000000000044,0.5045946836471558,0.00039026024751365185,0.0004865041410084814,0.9562090784311295,3,3,4,0.0,5 4 3 6
1644,0,sigma_1p0__kernel_9__order_2,1.0,9,2,5871,0.050000000000000044,0.253742516040802,0.000349991001712624,0.0003305163118056953,0.9657473915503509,3,3,4,0.0,4 3 5 6
1645,0,sigma_1p0__kernel_9__order_2,1.0,9,2,5875,0.050000000000000044,0.5599574446678162,0.0003213354357285425,0.00040378078119829297,0.96713060346143,3,3,4,0.0,3 4 5 6
1646,0,sigma_1p0__kernel_9__order_2,1.0,9,2,5879,0.050000000000000044,0.5133083462715149,0.0004253157749189995,0.00022969531710259616,0.9836593969292079,3,3,4,0.0,3 5 4 6
1647,0,sigma_1p0__kernel_9__order_2,1.0,9,2,5884,0.050000000000000044,0.5414643287658691,0.0003261986974393949,0.00035670067882165313,0.9703575982208342,5,5,6,0.0,3 2 4 1 5
1648,0,sigma_1p0__kernel_9__order_2,1.0,9,2,5886,0.050000000000000044,0.09472252428531647,0.00028566730907186866,0.0005082559073343873,0.9629806053340789,1,1,2,0.0,4 6
1649,0,sigma_1p0__kernel_9__order_2,1.0,9,2,5888,0.050000000000000044,0.06620339304208755,0.0004741487209685147,0.0010458785109221935,0.8895152893258473,1,1,2,0.0,4 6
1650,0,sigma_1p0__kernel_9__order_2,1.0,9,2,5892,0.050000000000000044,0.15600349009037018,0.0003245032421546057,0.00016633210179861635,0.9804948296721285,3,3,4,0.0,4 3 5 6
1651,0,sigma_1p0__kernel_9__order_2,1.0,9,2,5897,0.050000000000000044,0.23187503218650818,0.00036814663326367736,0.0002024635614361614,0.9844085022753966,4,4,5,0.0,3 5 4 1 6
1652,0,sigma_1p0__kernel_9__order_2,1.0,9,2,5902,0.050000000000000044,0.47761237621307373,0.0002803744224365801,0.00022937111498322338,0.9765678144876229,4,4,5,0.0,2 3 4 5 6
1653,0,sigma_1p0__kernel_9__order_2,1.0,9,2,5906,0.050000000000000044,0.26265954971313477,0.00036297932092566043,0.00026568223256617785,0.9782780824178181,3,3,4,0.0,3 5 4 6
1654,0,sigma_1p0__kernel_9__order_2,1.0,9,2,5910,0.050000000000000044,0.5793420672416687,0.0003654878819361329,0.00036204076604917645,0.9700708798045352,3,3,4,0.0,3 4 5 6
1655,0,sigma_1p0__kernel_9__order_2,1.0,9,2,5914,0.050000000000000044,0.2423517107963562,0.0003450535805313848,0.0006882387679070234,0.9495375515022686,3,3,4,0.0,3 5 4 6
1656,0,sigma_1p0__kernel_9__order_2,1.0,9,2,5919,0.050000000000000044,0.5598862767219543,0.0003485598514089361,0.0003612028667703271,0.9702479499131973,4,4,5,0.0,2 5 3 4 6
1657,0,sigma_1p0__kernel_9__order_2,1.0,9,2,5924,0.050000000000000044,0.5088254809379578,0.00026181538996752354,0.0004697590775322169,0.9594676684893836,4,4,5,0.0,2 3 4 1 6
1658,0,sigma_1p0__kernel_9__order_2,1.0,9,2,5926,0.050000000000000044,0.07216545939445496,0.0003159345214953646,0.0009983577765524387,0.9042346423821841,1,1,2,0.0,4 6
1659,0,sigma_1p0__kernel_9__order_2,1.0,9,2,5930,0.050000000000000044,0.2423517256975174,0.00034396438422845677,0.0006882387679070234,0.9495375515022686,3,3,4,0.0,5 4 3 6
1660,0,sigma_1p0__kernel_9__order_2,1.0,9,2,5934,0.050000000000000044,0.2537424862384796,0.00038442596996901557,0.0003305163118056953,0.9657473915503509,3,3,4,0.0,3 5 4 6
1661,0,sigma_1p0__kernel_9__order_2,1.0,9,2,5938,0.050000000000000044,0.2811933755874634,0.00044404649815987796,0.0003074454143643379,0.9758183664501635,3,3,4,0.0,3 4 5 6
1662,0,sigma_1p0__kernel_9__order_2,1.0,9,2,5940,0.050000000000000044,0.09472252428531647,0.0002960300917038694,0.0005082559073343873,0.9629806053340789,1,1,2,0.0,4 6
1663,0,sigma_1p0__kernel_9__order_2,1.0,9,2,5944,0.050000000000000044,0.25167810916900635,0.000356088305125013,0.0002688246313482523,0.9730571657596389,3,3,4,0.0,3 4 5 6
1664,0,sigma_1p0__kernel_9__order_2,1.0,9,2,5946,0.050000000000000044,0.06620339304208755,0.00030673519358970225,0.0010458785109221935,0.8895152893258473,1,1,2,0.0,4 6
1665,0,sigma_1p0__kernel_9__order_2,1.0,9,2,5950,0.050000000000000044,0.45992928743362427,0.0003206296169082634,0.00033009552862495184,0.9623021453477256,3,3,4,0.0,4 5 3 6
1666,0,sigma_1p0__kernel_9__order_2,1.0,9,2,5955,0.050000000000000044,0.4257511496543884,0.00033325438271276654,0.000464441574877128,0.9535418546157275,4,4,5,0.0,2 3 4 5 6
1667,0,sigma_1p0__kernel_9__order_2,1.0,9,2,5960,0.050000000000000044,0.47761237621307373,0.0003224868210963905,0.00022937111498322338,0.9765678144876229,4,4,5,0.0,2 3 4 5 6
1668,0,sigma_1p0__kernel_9__order_2,1.0,9,2,5965,0.050000000000000044,0.48459550738334656,0.0003160443913657218,0.0004865009104833007,0.9562088372839191,4,4,5,0.0,3 1 5 4 6
1669,0,sigma_1p0__kernel_9__order_2,1.0,9,2,5970,0.050000000000000044,0.5632835626602173,0.0003593630623072386,0.00026843766681849957,0.9713118144717426,4,4,5,0.0,3 1 4 5 6
1670,0,sigma_1p0__kernel_9__order_2,1.0,9,2,5975,0.050000000000000044,0.5846751928329468,0.0002853899437468499,0.00011217205610591918,0.9870819063163966,5,5,6,0.0,3 1 4 2 5
1671,0,sigma_1p0__kernel_9__order_2,1.0,9,2,5980,0.050000000000000044,0.4964505434036255,0.0004053244076203555,0.00016091778525151312,0.9841738597497646,4,4,5,0.0,2 4 3 5 6
1672,0,sigma_1p0__kernel_9__order_2,1.0,9,2,5983,0.050000000000000044,0.17979587614536285,0.0003043813824964066,0.0007011665729805827,0.9514408477279718,2,2,3,0.0,3 5 6
1673,0,sigma_1p0__kernel_9__order_2,1.0,9,2,5988,0.050000000000000044,0.43616053462028503,0.0003145697875879705,0.00013534293975681067,0.9771839583316966,5,5,6,0.0,2 3 5 4 1
1674,0,sigma_1p0__kernel_9__order_2,1.0,9,2,5993,0.050000000000000044,0.5629134178161621,0.0003221656195819378,0.0002687380474526435,0.9711584980188737,4,4,5,0.0,3 2 4 5 6
1675,0,sigma_1p0__kernel_9__order_2,1.0,9,2,5997,0.050000000000000044,0.2537424862384796,0.0002621921776153613,0.0003305163118056953,0.9657473915503509,3,3,4,0.0,3 5 4 6
1676,0,sigma_1p0__kernel_9__order_2,1.0,9,2,6001,0.050000000000000044,0.26265949010849,0.00047848095709923655,0.00026568223256617785,0.9782780824178181,3,3,4,0.0,4 3 5 6
1677,0,sigma_1p0__kernel_9__order_2,1.0,9,2,6006,0.050000000000000044,0.5632835626602173,0.0009547726600430906,0.00026843766681849957,0.9713118144717426,4,4,5,0.0,4 3 1 5 6
1678,0,sigma_1p0__kernel_9__order_2,1.0,9,2,6011,0.050000000000000044,0.602629542350769,0.0008121322258375585,0.00011469401943031698,0.98698817721516,4,4,5,0.0,4 3 5 1 6
1679,0,sigma_1p0__kernel_9__order_2,1.0,9,2,6014,0.050000000000000044,0.046418145298957825,0.0006133943097665906,0.0007575950585305691,0.9282478330818567,2,2,3,0.0,5 3 6
1680,0,sigma_1p0__kernel_9__order_2,1.0,9,2,6017,0.050000000000000044,0.17979587614536285,0.000605921697570011,0.0007011665729805827,0.9514408477279718,2,2,3,0.0,5 3 6
1681,0,sigma_1p0__kernel_9__order_2,1.0,9,2,6020,0.050000000000000044,0.1580427587032318,0.0007175029410670201,0.0004597074002958834,0.9592404986923289,2,2,3,0.0,5 3 6
1682,0,sigma_1p0__kernel_9__order_2,1.0,9,2,6024,0.050000000000000044,0.25167810916900635,0.0007185525901149958,0.0002688246313482523,0.9730571657596389,3,3,4,0.0,4 5 3 6
1683,0,sigma_1p0__kernel_9__order_2,1.0,9,2,6029,0.050000000000000044,0.4488770663738251,0.0006907555041834712,0.00022662525589112192,0.9768648725556703,5,5,6,0.0,2 4 1 3 5
1684,0,sigma_1p0__kernel_9__order_2,1.0,9,2,6033,0.050000000000000044,0.2975843548774719,0.0007731951045570895,0.00011739555338863283,0.9893193590265392,3,3,4,0.0,5 4 3 6
1685,0,sigma_1p0__kernel_9__order_2,1.0,9,2,6036,0.050000000000000044,0.17979587614536285,0.0006178233888931572,0.0007011665729805827,0.9514408477279718,2,2,3,0.0,3 5 6
1686,0,sigma_1p0__kernel_9__order_2,1.0,9,2,6040,0.050000000000000044,0.4599292576313019,0.0005803429376101121,0.00033009552862495184,0.9623021453477256,3,3,4,0.0,5 3 4 6
1687,0,sigma_1p0__kernel_9__order_2,1.0,9,2,6044,0.050000000000000044,0.2811933755874634,0.0005105441814521328,0.0003074454143643379,0.9758183664501635,3,3,4,0.0,4 5 3 6
1688,0,sigma_1p0__kernel_9__order_2,1.0,9,2,6045,0.050000000000000044,0.0,0.000870722986292094,0.003308313898742199,0.7732636727288578,0,0,1,0.0,6
1689,0,sigma_1p0__kernel_9__order_2,1.0,9,2,6049,0.050000000000000044,0.15966123342514038,0.0005467715236591175,0.0002310934942215681,0.9801104172054284,3,3,4,0.0,3 4 5 6
1690,0,sigma_1p0__kernel_9__order_2,1.0,9,2,6053,0.050000000000000044,0.5045947432518005,0.0006061541134840809,0.0004865041410084814,0.9562090784311295,3,3,4,0.0,4 3 5 6
1691,0,sigma_1p0__kernel_9__order_2,1.0,9,2,6057,0.050000000000000044,0.15600349009037018,0.0005052519773016684,0.00016633210179861635,0.9804948296721285,3,3,4,0.0,5 3 4 6
1692,0,sigma_1p0__kernel_9__order_2,1.0,9,2,6060,0.050000000000000044,0.07960245758295059,0.0006252032471820712,0.0002772131119854748,0.9761993671533753,2,2,3,0.0,5 3 6
1693,0,sigma_1p0__kernel_9__order_2,1.0,9,2,6064,0.050000000000000044,0.6030303239822388,0.0003740286520041991,0.0003137296298518777,0.9649377163681208,3,3,4,0.0,4 3 5 6
1694,0,sigma_1p0__kernel_9__order_2,1.0,9,2,6067,0.050000000000000044,0.05513451248407364,0.0005451717491572102,0.0006530879763886333,0.9352612300342952,2,2,3,0.0,5 3 6
1695,0,sigma_1p0__kernel_9__order_2,1.0,9,2,6071,0.050000000000000044,0.11640074849128723,0.0006343055138131604,0.0005311418790370226,0.9606085801486027,3,3,4,0.0,5 3 1 6
1696,0,sigma_1p0__kernel_9__order_2,1.0,9,2,6074,0.050000000000000044,0.17979587614536285,0.0005258761423950394,0.0007011665729805827,0.9514408477279718,2,2,3,0.0,5 3 6
1697,0,sigma_1p0__kernel_9__order_2,1.0,9,2,6078,0.050000000000000044,0.5074523687362671,0.0005539996418519877,0.00028734508669003844,0.9792653489835764,3,3,4,0.0,5 3 4 6
1698,0,sigma_1p0__kernel_9__order_2,1.0,9,2,6082,0.050000000000000044,0.25167807936668396,0.000521006848430261,0.0002688246313482523,0.9730571657596389,3,3,4,0.0,5 4 3 6
1699,0,sigma_1p0__kernel_9__order_2,1.0,9,2,6086,0.050000000000000044,0.13184280693531036,0.0005937706227996387,0.0003914186963811517,0.962852881049713,3,3,4,0.0,3 4 5 6
1700,0,sigma_1p0__kernel_9__order_2,1.0,9,2,6089,0.050000000000000044,0.058370791375637054,0.0006218835866699616,0.0004879920743405819,0.9443934640972282,2,2,3,0.0,5 3 6
1701,0,sigma_1p0__kernel_9__order_2,1.0,9,2,6093,0.050000000000000044,0.2736207842826843,0.0005997835542075336,0.00017932752962224185,0.9802599173840955,3,3,4,0.0,5 4 3 6
1702,0,sigma_1p0__kernel_9__order_2,1.0,9,2,6097,0.050000000000000044,0.5827685594558716,0.00044519185757962987,0.00026917693321593106,0.9711808926745913,3,3,4,0.0,5 4 3 6
1703,0,sigma_1p0__kernel_9__order_2,1.0,9,2,6101,0.050000000000000044,0.2975843548774719,0.0007141739333746955,0.00011739555338863283,0.9893193590265392,3,3,4,0.0,4 5 3 6
1704,0,sigma_1p0__kernel_9__order_2,1.0,9,2,6105,0.050000000000000044,0.15966123342514038,0.0005177557759452611,0.0002310934942215681,0.9801104172054284,3,3,4,0.0,3 4 5 6
1705,0,sigma_1p0__kernel_9__order_2,1.0,9,2,6110,0.050000000000000044,0.40064191818237305,0.00043174780439585446,0.0003261989331804216,0.9622534799802601,5,5,6,0.0,2 4 3 1 5
1706,0,sigma_1p0__kernel_9__order_2,1.0,9,2,6113,0.050000000000000044,0.17979587614536285,0.0005073031837431093,0.0007011665729805827,0.9514408477279718,2,2,3,0.0,3 5 6
1707,0,sigma_1p0__kernel_9__order_2,1.0,9,2,6116,0.050000000000000044,0.16027361154556274,0.0004998734996964534,0.0003168144612573087,0.962523856270044,2,2,3,0.0,5 3 6
1708,0,sigma_1p0__kernel_9__order_2,1.0,9,2,6120,0.050000000000000044,0.5074523687362671,0.0006240028378670104,0.00028734508669003844,0.9792653489835764,3,3,4,0.0,3 5 4 6
1709,0,sigma_1p0__kernel_9__order_2,1.0,9,2,6124,0.050000000000000044,0.45992928743362427,0.0004977755015715957,0.00033009552862495184,0.9623021453477256,3,3,4,0.0,5 4 3 6
1710,0,sigma_1p0__kernel_9__order_2,1.0,9,2,6127,0.050000000000000044,0.0729357898235321,0.0005369846961305788,0.000244210590608418,0.9645484778210609,2,2,3,0.0,5 3 6
1711,0,sigma_1p0__kernel_9__order_2,1.0,9,2,6130,0.050000000000000044,0.16352729499340057,0.00046206913733234006,0.0005552549264393747,0.9588457210948436,2,2,3,0.0,5 3 6
1712,0,sigma_1p0__kernel_9__order_2,1.0,9,2,6134,0.050000000000000044,0.5827685594558716,0.0004971793241566047,0.00026917693321593106,0.9711808926745913,3,3,4,0.0,4 3 5 6
1713,0,sigma_1p0__kernel_9__order_2,1.0,9,2,6138,0.050000000000000044,0.5133083462715149,0.0004920428546029143,0.00022969531710259616,0.9836593969292079,3,3,4,0.0,4 3 5 6
1714,0,sigma_1p0__kernel_9__order_2,1.0,9,2,6143,0.050000000000000044,0.09713603556156158,0.0005595453665591776,0.00016243787831626832,0.980755518949131,4,4,5,0.0,3 4 5 1 6
1715,0,sigma_1p0__kernel_9__order_2,1.0,9,2,6146,0.050000000000000044,0.16052132844924927,0.0005776558343010644,0.0006135533330962062,0.9546433615982178,2,2,3,0.0,5 3 6
1716,0,sigma_1p0__kernel_9__order_2,1.0,9,2,6150,0.050000000000000044,0.5257713794708252,0.0005699677640222944,0.00016244305879808962,0.9840680202746079,3,3,4,0.0,5 3 4 6
1717,0,sigma_1p0__kernel_9__order_2,1.0,9,2,6153,0.050000000000000044,0.05513451248407364,0.0004350304661784321,0.0006530879763886333,0.9352612300342952,2,2,3,0.0,5 3 6
1718,0,sigma_1p0__kernel_9__order_2,1.0,9,2,6157,0.050000000000000044,0.15600350499153137,0.000654368799587246,0.00016633210179861635,0.9804948296721285,3,3,4,0.0,3 5 4 6
1719,0,sigma_1p0__kernel_9__order_2,1.0,9,2,6162,0.050000000000000044,0.4517238736152649,0.0005383790703490376,0.0002711522101890296,0.9798690636291232,5,5,6,0.0,2 4 3 1 5
1720,0,sigma_1p0__kernel_9__order_2,1.0,9,2,6166,0.050000000000000044,0.5133083462715149,0.0005353764718165621,0.00022969531710259616,0.9836593969292079,3,3,4,0.0,3 4 5 6
1721,0,sigma_1p0__kernel_9__order_2,1.0,9,2,6170,0.050000000000000044,0.45421579480171204,0.000487638171762228,0.0002658700686879456,0.9685054444104397,3,3,4,0.0,5 3 4 6
1722,0,sigma_1p0__kernel_9__order_2,1.0,9,2,6174,0.050000000000000044,0.5062942504882812,0.0006143754726508632,0.0002349590213270858,0.976496011798362,3,3,4,0.0,5 3 4 6
1723,0,sigma_1p0__kernel_9__order_2,1.0,9,2,6179,0.050000000000000044,0.39463871717453003,0.0005531769944354892,0.0002648760564625263,0.9685548641912719,5,5,6,0.0,2 4 3 1 5
1724,0,sigma_1p0__kernel_9__order_2,1.0,9,2,6182,0.050000000000000044,0.16950291395187378,0.0005170906855103871,0.0002968789776787162,0.967183250787709,2,2,3,0.0,5 3 6
1725,0,sigma_1p0__kernel_9__order_2,1.0,9,2,6185,0.050000000000000044,0.1397106647491455,0.0003441879040716837,0.00041267520282417536,0.9604629713169318,2,2,3,0.0,1 2 6
1726,0,sigma_1p0__kernel_9__order_2,1.0,9,2,6186,0.050000000000000044,0.0,0.0004326029447838664,0.0015070094959810376,0.8746289871278685,0,0,1,0.0,6
1727,0,sigma_1p0__kernel_9__order_2,1.0,9,2,6190,0.050000000000000044,0.2423517256975174,0.00039558287244290113,0.0006882387679070234,0.9495375515022686,3,3,4,0.0,5 4 3 6
1728,0,sigma_1p0__kernel_9__order_2,1.0,9,2,6195,0.050000000000000044,0.5846751928329468,0.0003808516077697277,0.00011217205610591918,0.9870819063163966,5,5,6,0.0,3 1 4 2 5
1729,0,sigma_1p0__kernel_9__order_2,1.0,9,2,6199,0.050000000000000044,0.2813258171081543,0.00046139294863678515,0.0002048807218670845,0.9843359494074629,3,3,4,0.0,4 5 3 6
1730,0,sigma_1p0__kernel_9__order_2,1.0,9,2,6201,0.050000000000000044,0.043971702456474304,0.000579359446419403,0.001179925980977714,0.873603786949808,1,1,2,0.0,5 6
1731,0,sigma_1p0__kernel_9__order_2,1.0,9,2,6204,0.050000000000000044,0.1580427587032318,0.0005384426816211393,0.0004597074002958834,0.9592404986923289,2,2,3,0.0,5 3 6
1732,0,sigma_1p0__kernel_9__order_2,1.0,9,2,6207,0.050000000000000044,0.05051891505718231,0.00047149494639597833,0.0006870934157632291,0.9247663637510236,2,2,3,0.0,5 3 6
1733,0,sigma_1p0__kernel_9__order_2,1.0,9,2,6211,0.050000000000000044,0.2813258171081543,0.0004233842628309503,0.0002048807218670845,0.9843359494074629,3,3,4,0.0,4 5 3 6
1734,0,sigma_1p0__kernel_9__order_2,1.0,9,2,6215,0.050000000000000044,0.2975843548774719,0.0005963252333458513,0.00011739555338863283,0.9893193590265392,3,3,4,0.0,4 5 3 6
1735,0,sigma_1p0__kernel_9__order_2,1.0,9,2,6219,0.050000000000000044,0.5934131145477295,0.00041932227759389207,0.0004541786329355091,0.9655303865777468,3,3,4,0.0,3 5 4 6
1736,0,sigma_1p0__kernel_9__order_2,1.0,9,2,6222,0.050000000000000044,0.14686039090156555,0.0004988991325565925,0.0005567030166275799,0.9459672033007165,2,2,3,0.0,5 3 6
1737,0,sigma_1p0__kernel_9__order_2,1.0,9,2,6225,0.050000000000000044,0.05513451248407364,0.0003794832543159525,0.0006530879763886333,0.9352612300342952,2,2,3,0.0,5 3 6
1738,0,sigma_1p0__kernel_9__order_2,1.0,9,2,6229,0.050000000000000044,0.2423517256975174,0.00042106319597223774,0.0006882387679070234,0.9495375515022686,3,3,4,0.0,5 4 3 6
1739,0,sigma_1p0__kernel_9__order_2,1.0,9,2,6233,0.050000000000000044,0.26265954971313477,0.00040352140786126256,0.00026568223256617785,0.9782780824178181,3,3,4,0.0,5 4 3 6
1740,0,sigma_1p0__kernel_9__order_2,1.0,9,2,6235,0.050000000000000044,0.09472252428531647,0.0004997835785616189,0.0005082559073343873,0.9629806053340789,1,1,2,0.0,4 6
1741,0,sigma_1p0__kernel_9__order_2,1.0,9,2,6240,0.050000000000000044,0.47984904050827026,0.0005496049183420837,0.000276587757980451,0.9795012027025223,4,4,5,0.0,5 4 2 3 6
1742,0,sigma_1p0__kernel_9__order_2,1.0,9,2,6243,0.050000000000000044,0.058370791375637054,0.0004253387839222948,0.0004879920743405819,0.9443934640972282,2,2,3,0.0,5 3 6
1743,0,sigma_1p0__kernel_9__order_2,1.0,9,2,6247,0.050000000000000044,0.5074523687362671,0.0005551063659368083,0.00028734508669003844,0.9792653489835764,3,3,4,0.0,3 4 5 6
1744,0,sigma_1p0__kernel_9__order_2,1.0,9,2,6250,0.050000000000000044,0.17979587614536285,0.00041165440537345904,0.0007011665729805827,0.9514408477279718,2,2,3,0.0,3 5 6
1745,0,sigma_1p0__kernel_9__order_2,1.0,9,2,6253,0.050000000000000044,0.17979587614536285,0.0010304228635504842,0.0007011665729805827,0.9514408477279718,2,2,3,0.0,3 5 6
1746,0,sigma_1p0__kernel_9__order_2,1.0,9,2,6257,0.050000000000000044,0.45535826683044434,0.0006963022606214508,0.00046948809176683426,0.9537005855587801,3,3,4,0.0,5 3 4 6
1747,0,sigma_1p0__kernel_9__order_2,1.0,9,2,6261,0.050000000000000044,0.16481979191303253,0.0005250952162896283,0.0002559213316999376,0.9799899954114034,3,3,4,0.0,4 3 5 6
1748,0,sigma_1p0__kernel_9__order_2,1.0,9,2,6266,0.050000000000000044,0.5435150861740112,0.0006946229375898838,0.00026785070076584816,0.9713053481296751,5,5,6,0.0,4 3 2 1 5
1749,0,sigma_1p0__kernel_9__order_2,1.0,9,2,6269,0.050000000000000044,0.17979587614536285,0.0005509796610567719,0.0007011665729805827,0.9514408477279718,2,2,3,0.0,5 3 6
1750,0,sigma_1p0__kernel_9__order_2,1.0,9,2,6272,0.050000000000000044,0.1580427587032318,0.0004503597350170215,0.0004597074002958834,0.9592404986923289,2,2,3,0.0,5 3 6
1751,0,sigma_1p0__kernel_9__order_2,1.0,9,2,6276,0.050000000000000044,0.5045947432518005,0.0005030504398746416,0.0004865041410084814,0.9562090784311295,3,3,4,0.0,3 4 5 6
1752,0,sigma_1p0__kernel_9__order_2,1.0,9,2,6280,0.050000000000000044,0.2537424862384796,0.00047141949471551925,0.0003305163118056953,0.9657473915503509,3,3,4,0.0,5 4 3 6
1753,0,sigma_1p0__kernel_9__order_2,1.0,9,2,6283,0.050000000000000044,0.0729357898235321,0.0005934192255760232,0.000244210590608418,0.9645484778210609,2,2,3,0.0,5 3 6
1754,0,sigma_1p0__kernel_9__order_2,1.0,9,2,6286,0.050000000000000044,0.05051891505718231,0.00041050263098441064,0.0006870934157632291,0.9247663637510236,2,2,3,0.0,5 3 6
1755,0,sigma_1p0__kernel_9__order_2,1.0,9,2,6291,0.050000000000000044,0.46624407172203064,0.00036510589998215435,0.00013587935245595872,0.9773045430285469,4,4,5,0.0,4 1 5 3 6
1756,0,sigma_1p0__kernel_9__order_2,1.0,9,2,6292,0.050000000000000044,0.0,0.0007180320681072772,0.0007940625073388219,0.8700849804207771,0,0,1,0.0,6
1757,0,sigma_1p0__kernel_9__order_2,1.0,9,2,6295,0.050000000000000044,0.05051891505718231,0.00043666240526363254,0.0006870934157632291,0.9247663637510236,2,2,3,0.0,5 3 6
1758,0,sigma_1p0__kernel_9__order_2,1.0,9,2,6299,0.050000000000000044,0.2975843548774719,0.00047946743870852515,0.00011739555338863283,0.9893193590265392,3,3,4,0.0,4 5 3 6
1759,0,sigma_1p0__kernel_9__order_2,1.0,9,2,6304,0.050000000000000044,0.5414643287658691,0.00040247184806503357,0.00035670067882165313,0.9703575982208342,5,5,6,0.0,3 4 2 1 5
1760,0,sigma_1p0__kernel_9__order_2,1.0,9,2,6309,0.050000000000000044,0.42420560121536255,0.00035153043572790923,0.00026576308300718665,0.9684869034147149,4,4,5,0.0,4 2 5 3 6
1761,0,sigma_1p0__kernel_9__order_2,1.0,9,2,6312,0.050000000000000044,0.158042773604393,0.00039884672150947154,0.0004597074002958834,0.9592404986923289,2,2,3,0.0,3 5 6
1762,0,sigma_1p0__kernel_9__order_2,1.0,9,2,6315,0.050000000000000044,0.14686039090156555,0.0003290389528653274,0.0005567030166275799,0.9459672033007165,2,2,3,0.0,3 5 6
1763,0,sigma_1p0__kernel_9__order_2,1.0,9,2,6317,0.050000000000000044,0.042731307446956635,0.00037997099570930004,0.0010006569791585207,0.9216949270299539,1,1,2,0.0,4 6
1764,0,sigma_1p0__kernel_9__order_2,1.0,9,2,6320,0.050000000000000044,0.14686039090156555,0.0004014394556482633,0.0005567030166275799,0.9459672033007165,2,2,3,0.0,3 5 6
1765,0,sigma_1p0__kernel_9__order_2,1.0,9,2,6323,0.050000000000000044,0.16950292885303497,0.00043137260945513844,0.0002968789776787162,0.967183250787709,2,2,3,0.0,3 5 6
1766,0,sigma_1p0__kernel_9__order_2,1.0,9,2,6326,0.050000000000000044,0.16352729499340057,0.0003394894495916863,0.0005552549264393747,0.9588457210948436,2,2,3,0.0,3 5 6
1767,0,sigma_1p0__kernel_9__order_2,1.0,9,2,6330,0.050000000000000044,0.1298958659172058,0.00033819509189925157,0.0006489359075203538,0.957294055560823,3,3,4,0.0,3 5 1 6
1768,0,sigma_1p0__kernel_9__order_2,1.0,9,2,6332,0.050000000000000044,0.06885778158903122,0.0003007787890965119,0.0009730406454764307,0.927493339335805,1,1,2,0.0,4 6
1769,0,sigma_1p0__kernel_9__order_2,1.0,9,2,6334,0.050000000000000044,0.042731307446956635,0.0004257944383425638,0.0010006569791585207,0.9216949270299539,1,1,2,0.0,4 6
1770,0,sigma_1p0__kernel_9__order_2,1.0,9,2,6338,0.050000000000000044,0.27362075448036194,0.0004058801059727557,0.00017932752962224185,0.9802599173840955,3,3,4,0.0,4 5 3 6
1771,0,sigma_1p0__kernel_9__order_2,1.0,9,2,6342,0.050000000000000044,0.45535826683044434,0.0003881078591803089,0.00046948809176683426,0.9537005855587801,3,3,4,0.0,4 5 3 6
1772,0,sigma_1p0__kernel_9__order_2,1.0,9,2,6346,0.050000000000000044,0.2813258171081543,0.0003894204055541195,0.0002048807218670845,0.9843359494074629,3,3,4,0.0,4 5 3 6
1773,0,sigma_1p0__kernel_9__order_2,1.0,9,2,6349,0.050000000000000044,0.05051891505718231,0.000343863347855707,0.0006870934157632291,0.9247663637510236,2,2,3,0.0,5 3 6
1774,0,sigma_1p0__kernel_9__order_2,1.0,9,2,6353,0.050000000000000044,0.2813258171081543,0.0004153287154622376,0.0002048807218670845,0.9843359494074629,3,3,4,0.0,4 3 5 6
1775,0,sigma_1p0__kernel_9__order_2,1.0,9,2,6355,0.050000000000000044,0.05148378759622574,0.0004372506227809936,0.001311954576522112,0.8983739310439219,1,1,2,0.0,4 6
1776,0,sigma_1p0__kernel_9__order_2,1.0,9,2,6357,0.050000000000000044,0.06620339304208755,0.0004507874546106905,0.0010458785109221935,0.8895152893258473,1,1,2,0.0,4 6
1777,0,sigma_1p0__kernel_9__order_2,1.0,9,2,6359,0.050000000000000044,0.06885778158903122,0.00036195617576595396,0.0009730406454764307,0.927493339335805,1,1,2,0.0,4 6
1778,0,sigma_1p0__kernel_9__order_2,1.0,9,2,6363,0.050000000000000044,0.4962378740310669,0.0004555993800750002,0.0001359974849037826,0.9773213869928605,3,3,4,0.0,5 4 3 6
1779,0,sigma_1p0__kernel_9__order_2,1.0,9,2,6366,0.050000000000000044,0.0729357898235321,0.00040183727590677637,0.000244210590608418,0.9645484778210609,2,2,3,0.0,5 3 6
1780,0,sigma_1p0__kernel_9__order_2,1.0,9,2,6369,0.050000000000000044,0.058370791375637054,0.0002916844775124143,0.0004879920743405819,0.9443934640972282,2,2,3,0.0,5 3 6
1781,0,sigma_1p0__kernel_9__order_2,1.0,9,2,6373,0.050000000000000044,0.2811933755874634,0.0003511650284053758,0.0003074454143643379,0.9758183664501635,3,3,4,0.0,4 5 3 6
1782,0,sigma_1p0__kernel_9__order_2,1.0,9,2,6377,0.050000000000000044,0.2813258171081543,0.00034836788836400956,0.0002048807218670845,0.9843359494074629,3,3,4,0.0,5 4 3 6
1783,0,sigma_1p0__kernel_9__order_2,1.0,9,2,6380,0.050000000000000044,0.16950292885303497,0.000374278926756233,0.0002968789776787162,0.967183250787709,2,2,3,0.0,3 5 6
1784,0,sigma_1p0__kernel_9__order_2,1.0,9,2,6385,0.050000000000000044,0.4917108118534088,0.000346253122552298,0.0004085330874659121,0.9488037567536981,4,4,5,0.0,3 4 5 1 6
1785,0,sigma_1p0__kernel_9__order_2,1.0,9,2,6389,0.050000000000000044,0.5827685594558716,0.0004449107946129516,0.00026917693321593106,0.9711808926745913,3,3,4,0.0,3 4 5 6
1786,0,sigma_1p0__kernel_9__order_2,1.0,9,2,6393,0.050000000000000044,0.2811933755874634,0.0004476311296457425,0.0003074454143643379,0.9758183664501635,3,3,4,0.0,4 5 3 6
1787,0,sigma_1p0__kernel_9__order_2,1.0,9,2,6396,0.050000000000000044,0.16052131354808807,0.0005194395683550587,0.0006135533330962062,0.9546433615982178,2,2,3,0.0,3 5 6
1788,0,sigma_1p0__kernel_9__order_2,1.0,9,2,6400,0.050000000000000044,0.4599292576313019,0.0004024876616313122,0.00033009552862495184,0.9623021453477256,3,3,4,0.0,3 4 5 6
1789,0,sigma_1p0__kernel_9__order_2,1.0,9,2,6403,0.050000000000000044,0.05051891505718231,0.00031419053266290575,0.0006870934157632291,0.9247663637510236,2,2,3,0.0,5 3 6
1790,0,sigma_1p0__kernel_9__order_2,1.0,9,2,6407,0.050000000000000044,0.2975843548774719,0.00038513009712914936,0.00011739555338863283,0.9893193590265392,3,3,4,0.0,4 5 3 6
1791,0,sigma_1p0__kernel_9__order_2,1.0,9,2,6409,0.050000000000000044,0.3879518210887909,0.0002905790170188993,0.0006683328538201749,0.9274111683087315,1,1,2,0.0,4 6
1792,0,sigma_1p0__kernel_9__order_2,1.0,9,2,6411,0.050000000000000044,0.08585478365421295,0.0003383241128176451,0.0004186356964055449,0.9436479770400152,1,1,2,0.0,4 6
1793,0,sigma_1p0__kernel_9__order_2,1.0,9,2,6415,0.050000000000000044,0.25167810916900635,0.00037691737088607624,0.0002688246313482523,0.9730571657596389,3,3,4,0.0,4 5 3 6
1794,0,sigma_1p0__kernel_9__order_2,1.0,9,2,6420,0.050000000000000044,0.584675133228302,0.0004204083204967901,0.00011217205610591918,0.9870819063163966,5,5,6,0.0,4 3 2 1 5
1795,0,sigma_1p0__kernel_9__order_2,1.0,9,2,6424,0.050000000000000044,0.27362075448036194,0.0003382273716852069,0.00017932752962224185,0.9802599173840955,3,3,4,0.0,4 5 3 6
1796,0,sigma_1p0__kernel_9__order_2,1.0,9,2,6428,0.050000000000000044,0.25167807936668396,0.00034998374030692503,0.0002688246313482523,0.9730571657596389,3,3,4,0.0,5 4 3 6
1797,0,sigma_1p0__kernel_9__order_2,1.0,9,2,6433,0.050000000000000044,0.4647652506828308,0.00032981018885038795,0.00048601313028484583,0.9562057949487435,5,5,6,0.0,3 2 4 1 5
1798,0,sigma_1p0__kernel_9__order_2,1.0,9,2,6437,0.050000000000000044,0.2736207842826843,0.00027316538034938276,0.00017932752962224185,0.9802599173840955,3,3,4,0.0,5 4 3 6
1799,0,sigma_1p0__kernel_9__order_2,1.0,9,2,6441,0.050000000000000044,0.16481979191303253,0.0003271467321610544,0.0002559213316999376,0.9799899954114034,3,3,4,0.0,3 4 5 6
1800,0,sigma_1p0__kernel_9__order_2,1.0,9,2,6445,0.050000000000000044,0.16888204216957092,0.0002628589063533582,0.0003634778840932995,0.975528885525132,3,3,4,0.0,3 4 5 6
1801,0,sigma_1p0__kernel_9__order_2,1.0,9,2,6449,0.050000000000000044,0.45535826683044434,0.00024944783945102245,0.00046948809176683426,0.9537005855587801,3,3,4,0.0,4 5 3 6
1802,0,sigma_1p0__kernel_9__order_2,1.0,9,2,6452,0.050000000000000044,0.0692678838968277,0.0003488686876759554,0.0006569871911779046,0.9474752098676282,2,2,3,0.0,5 3 6
1803,0,sigma_1p0__kernel_9__order_2,1.0,9,2,6456,0.050000000000000044,0.05980046093463898,0.0003445194597588852,0.00010492635192349553,0.9911175728304916,3,3,4,0.0,5 3 4 6
1804,0,sigma_1p0__kernel_9__order_2,1.0,9,2,6460,0.050000000000000044,0.26265954971313477,0.00029286676726769656,0.00026568223256617785,0.9782780824178181,3,3,4,0.0,4 5 3 6
1805,0,sigma_1p0__kernel_9__order_2,1.0,9,2,6464,0.050000000000000044,0.253742516040802,0.0004426990053616464,0.0003305163118056953,0.9657473915503509,3,3,4,0.0,4 3 5 6
1806,0,sigma_1p0__kernel_9__order_2,1.0,9,2,6467,0.050000000000000044,0.05513450503349304,0.00028514503113304573,0.0006530879763886333,0.9352612300342952,2,2,3,0.0,3 5 6
1807,0,sigma_1p0__kernel_9__order_2,1.0,9,2,6472,0.050000000000000044,0.231388121843338,0.0002737886388786137,0.00030644790967926383,0.975877346964852,4,4,5,0.0,4 3 2 5 6
1808,0,sigma_1p0__kernel_9__order_2,1.0,9,2,6477,0.050000000000000044,0.4789198637008667,0.0004524075658991933,0.00028237898368388414,0.9795094902818751,4,4,5,0.0,4 1 5 3 6
1809,0,sigma_1p0__kernel_9__order_2,1.0,9,2,6481,0.050000000000000044,0.25167807936668396,0.0004070327486260794,0.0002688246313482523,0.9730571657596389,3,3,4,0.0,5 4 3 6
1810,0,sigma_1p0__kernel_9__order_2,1.0,9,2,6484,0.050000000000000044,0.17979587614536285,0.0003290444437880069,0.0007011665729805827,0.9514408477279718,2,2,3,0.0,3 5 6
1811,0,sigma_1p0__kernel_9__order_2,1.0,9,2,6488,0.050000000000000044,0.27362075448036194,0.00035039727663388476,0.00017932752962224185,0.9802599173840955,3,3,4,0.0,4 5 3 6
1812,0,sigma_1p0__kernel_9__order_2,1.0,9,2,6492,0.050000000000000044,0.16888204216957092,0.0003332871929160319,0.0003634778840932995,0.975528885525132,3,3,4,0.0,3 4 5 6
1813,0,sigma_1p0__kernel_9__order_2,1.0,9,2,6497,0.050000000000000044,0.42462190985679626,0.00039107712218537926,0.0002650593232829124,0.968571965036721,4,4,5,0.0,4 1 5 3 6
1814,0,sigma_1p0__kernel_9__order_2,1.0,9,2,6501,0.050000000000000044,0.2242097705602646,0.0004431544366525486,0.000390827190130949,0.9692392439252556,3,3,4,0.0,4 5 2 6
1815,0,sigma_1p0__kernel_9__order_2,1.0,9,2,6505,0.050000000000000044,0.5074523687362671,0.0006462693418143317,0.00028734508669003844,0.9792653489835764,3,3,4,0.0,3 4 5 6
1816,0,sigma_1p0__kernel_9__order_2,1.0,9,2,6510,0.050000000000000044,0.5399646162986755,0.00040910308598540723,0.00040371244540438056,0.9671228918004404,4,4,5,0.0,4 3 2 5 6
1817,0,sigma_1p0__kernel_9__order_2,1.0,9,2,6515,0.050000000000000044,0.2318192571401596,0.0005265722807962448,0.0003047949285246432,0.9760491947392079,4,4,5,0.0,4 1 5 3 6
1818,0,sigma_1p0__kernel_9__order_2,1.0,9,2,6519,0.050000000000000044,0.45421576499938965,0.0003987518066423945,0.0002658700686879456,0.9685054444104397,3,3,4,0.0,4 5 3 6
1819,0,sigma_1p0__kernel_9__order_2,1.0,9,2,6522,0.050000000000000044,0.05051891505718231,0.0004227396469408025,0.0006870934157632291,0.9247663637510236,2,2,3,0.0,5 3 6
1820,0,sigma_1p0__kernel_9__order_2,1.0,9,2,6527,0.050000000000000044,0.43019649386405945,0.0003758935316000134,0.00032918446231633425,0.9623376832528574,4,4,5,0.0,4 1 5 3 6
1821,0,sigma_1p0__kernel_9__order_2,1.0,9,2,6529,0.050000000000000044,0.08822499215602875,0.0003674941399367526,0.0010199007811024785,0.9173677836353231,1,1,2,0.0,4 6
1822,0,sigma_1p0__kernel_9__order_2,1.0,9,2,6531,0.050000000000000044,0.05148378759622574,0.0003741153050214052,0.001311954576522112,0.8983739310439219,1,1,2,0.0,4 6
1823,0,sigma_1p0__kernel_9__order_2,1.0,9,2,6535,0.050000000000000044,0.5599574446678162,0.0004261097783455625,0.00040378078119829297,0.96713060346143,3,3,4,0.0,4 3 5 6
1824,0,sigma_1p0__kernel_9__order_2,1.0,9,2,6538,0.050000000000000044,0.16950292885303497,0.00033275615229892236,0.0002968789776787162,0.967183250787709,2,2,3,0.0,3 5 6
1825,0,sigma_1p0__kernel_9__order_2,1.0,9,2,6541,0.050000000000000044,0.14686039090156555,0.00037007438368164003,0.0005567030166275799,0.9459672033007165,2,2,3,0.0,3 5 6
1826,0,sigma_1p0__kernel_9__order_2,1.0,9,2,6543,0.050000000000000044,0.07216545939445496,0.00034442791366018355,0.0009983577765524387,0.9042346423821841,1,1,2,0.0,4 6
1827,0,sigma_1p0__kernel_9__order_2,1.0,9,2,6545,0.050000000000000044,0.05148378759622574,0.00033155884011648595,0.001311954576522112,0.8983739310439219,1,1,2,0.0,4 6
1828,0,sigma_1p0__kernel_9__order_2,1.0,9,2,6550,0.050000000000000044,0.43021029233932495,0.0003197745914803818,0.00032804207876324654,0.9622324245509013,4,4,5,0.0,4 5 2 3 6
1829,0,sigma_1p0__kernel_9__order_2,1.0,9,2,6554,0.050000000000000044,0.26265954971313477,0.00037424008041853085,0.00026568223256617785,0.9782780824178181,3,3,4,0.0,4 5 3 6
1830,0,sigma_1p0__kernel_9__order_2,1.0,9,2,6558,0.050000000000000044,0.2811933755874634,0.00034530913399066776,0.0003074454143643379,0.9758183664501635,3,3,4,0.0,4 5 3 6
1831,0,sigma_1p0__kernel_9__order_2,1.0,9,2,6562,0.050000000000000044,0.2975843548774719,0.00038323951594065875,0.00011739555338863283,0.9893193590265392,3,3,4,0.0,4 5 3 6
1832,0,sigma_1p0__kernel_9__order_2,1.0,9,2,6566,0.050000000000000044,0.26265954971313477,0.0003153379511786625,0.00026568223256617785,0.9782780824178181,3,3,4,0.0,4 5 3 6
1833,0,sigma_1p0__kernel_9__order_2,1.0,9,2,6570,0.050000000000000044,0.15600349009037018,0.00034708514431258664,0.00016633210179861635,0.9804948296721285,3,3,4,0.0,3 4 5 6
1834,0,sigma_1p0__kernel_9__order_2,1.0,9,2,6574,0.050000000000000044,0.4962378442287445,0.00034049323585350066,0.0001359974849037826,0.9773213869928605,3,3,4,0.0,4 5 3 6
1835,0,sigma_1p0__kernel_9__order_2,1.0,9,2,6578,0.050000000000000044,0.5133083462715149,0.0004002163768745959,0.00022969531710259616,0.9836593969292079,3,3,4,0.0,4 5 3 6
1836,0,sigma_1p0__kernel_9__order_2,1.0,9,2,6582,0.050000000000000044,0.2423517256975174,0.0004524205141933635,0.0006882387679070234,0.9495375515022686,3,3,4,0.0,5 4 3 6
1837,0,sigma_1p0__kernel_9__order_2,1.0,9,2,6584,0.050000000000000044,0.08822499215602875,0.0005600418080575764,0.0010199007811024785,0.9173677836353231,1,1,2,0.0,4 6
1838,0,sigma_1p0__kernel_9__order_2,1.0,9,2,6588,0.050000000000000044,0.27362075448036194,0.000347618231899105,0.00017932752962224185,0.9802599173840955,3,3,4,0.0,4 5 3 6
1839,0,sigma_1p0__kernel_9__order_2,1.0,9,2,6592,0.050000000000000044,0.16888204216957092,0.00037421170418383554,0.0003634778840932995,0.975528885525132,3,3,4,0.0,3 4 5 6
1840,0,sigma_1p0__kernel_9__order_2,1.0,9,2,6596,0.050000000000000044,0.5045947432518005,0.00030741176669835113,0.0004865041410084814,0.9562090784311295,3,3,4,0.0,3 4 5 6
1841,0,sigma_1p0__kernel_9__order_2,1.0,9,2,6600,0.050000000000000044,0.5116891264915466,0.00028980231581954286,0.00040857974090613425,0.9488013382473968,3,3,4,0.0,3 5 4 6
1842,0,sigma_1p0__kernel_9__order_2,1.0,9,2,6604,0.050000000000000044,0.5074523687362671,0.0003369253026903607,0.00028734508669003844,0.9792653489835764,3,3,4,0.0,3 4 5 6
1843,0,sigma_1p0__kernel_9__order_2,1.0,9,2,6609,0.050000000000000044,0.5435150861740112,0.0003034641849808395,0.00026785070076584816,0.9713053481296751,5,5,6,0.0,4 3 2 1 5
1844,0,sigma_1p0__kernel_9__order_2,1.0,9,2,6613,0.050000000000000044,0.5827685594558716,0.0004296822808100842,0.00026917693321593106,0.9711808926745913,3,3,4,0.0,4 5 3 6
1845,0,sigma_1p0__kernel_9__order_2,1.0,9,2,6617,0.050000000000000044,0.27362075448036194,0.00038265654438873753,0.00017932752962224185,0.9802599173840955,3,3,4,0.0,4 5 3 6
1846,0,sigma_1p0__kernel_9__order_2,1.0,9,2,6621,0.050000000000000044,0.25167807936668396,0.00026906638959189877,0.0002688246313482523,0.9730571657596389,3,3,4,0.0,5 4 3 6
1847,0,sigma_1p0__kernel_9__order_2,1.0,9,2,6625,0.050000000000000044,0.2423517256975174,0.00034379299177089706,0.0006882387679070234,0.9495375515022686,3,3,4,0.0,5 4 3 6
1848,0,sigma_1p0__kernel_9__order_2,1.0,9,2,6628,0.050000000000000044,0.16052131354808807,0.00036575399766055244,0.0006135533330962062,0.9546433615982178,2,2,3,0.0,3 5 6
1849,0,sigma_1p0__kernel_9__order_2,1.0,9,2,6631,0.050000000000000044,0.07960246503353119,0.00032795339939184487,0.0002772131119854748,0.9761993671533753,2,2,3,0.0,3 5 6
1850,0,sigma_1p0__kernel_9__order_2,1.0,9,2,6635,0.050000000000000044,0.5116891264915466,0.0003996490268036723,0.00040857974090613425,0.9488013382473968,3,3,4,0.0,3 4 5 6
1851,0,sigma_1p0__kernel_9__order_2,1.0,9,2,6639,0.050000000000000044,0.16888204216957092,0.0002900430845329538,0.0003634778840932995,0.975528885525132,3,3,4,0.0,3 4 5 6
1852,0,sigma_1p0__kernel_9__order_2,1.0,9,2,6643,0.050000000000000044,0.45535826683044434,0.00028901990299345925,0.00046948809176683426,0.9537005855587801,3,3,4,0.0,4 5 3 6
1853,0,sigma_1p0__kernel_9__order_2,1.0,9,2,6647,0.050000000000000044,0.16481979191303253,0.0002560454231570475,0.0002559213316999376,0.9799899954114034,3,3,4,0.0,3 4 5 6
1854,0,sigma_1p0__kernel_9__order_2,1.0,9,2,6649,0.050000000000000044,0.09472252428531647,0.0002828387659974396,0.0005082559073343873,0.9629806053340789,1,1,2,0.0,4 6
1855,0,sigma_1p0__kernel_9__order_2,1.0,9,2,6651,0.050000000000000044,0.042731307446956635,0.0002792425802908838,0.0010006569791585207,0.9216949270299539,1,1,2,0.0,4 6
1856,0,sigma_1p0__kernel_9__order_2,1.0,9,2,6653,0.050000000000000044,0.06885778158903122,0.0002701902267290279,0.0009730406454764307,0.927493339335805,1,1,2,0.0,4 6
1857,0,sigma_1p0__kernel_9__order_2,1.0,9,2,6656,0.050000000000000044,0.158042773604393,0.0003321691183373332,0.0004597074002958834,0.9592404986923289,2,2,3,0.0,3 5 6
1858,0,sigma_1p0__kernel_9__order_2,1.0,9,2,6660,0.050000000000000044,0.45421576499938965,0.0003358117610332556,0.0002658700686879456,0.9685054444104397,3,3,4,0.0,3 5 4 6
1859,0,sigma_1p0__kernel_9__order_2,1.0,9,2,6664,0.050000000000000044,0.5257713794708252,0.00038756341382395476,0.00016244305879808962,0.9840680202746079,3,3,4,0.0,3 4 5 6
1860,0,sigma_1p0__kernel_9__order_2,1.0,9,2,6666,0.050000000000000044,0.09472252428531647,0.0002790085272863507,0.0005082559073343873,0.9629806053340789,1,1,2,0.0,4 6
1861,0,sigma_1p0__kernel_9__order_2,1.0,9,2,6671,0.050000000000000044,0.584675133228302,0.00031779077253304424,0.00011217205610591918,0.9870819063163966,5,5,6,0.0,4 3 2 1 5
1862,0,sigma_1p0__kernel_9__order_2,1.0,9,2,6675,0.050000000000000044,0.45992928743362427,0.0003121641057077795,0.00033009552862495184,0.9623021453477256,3,3,4,0.0,4 5 3 6
1863,0,sigma_1p0__kernel_9__order_2,1.0,9,2,6679,0.050000000000000044,0.5133083462715149,0.0003511862378218211,0.00022969531710259616,0.9836593969292079,3,3,4,0.0,4 5 3 6
1864,0,sigma_1p0__kernel_9__order_2,1.0,9,2,6682,0.050000000000000044,0.1112212985754013,0.0003444682903743039,0.0007096658227965236,0.9318866512154569,2,2,3,0.0,2 5 6
1865,0,sigma_1p0__kernel_9__order_2,1.0,9,2,6684,0.050000000000000044,0.042731307446956635,0.00032685672340448946,0.0010006569791585207,0.9216949270299539,1,1,2,0.0,4 6
1866,0,sigma_1p0__kernel_9__order_2,1.0,9,2,6689,0.050000000000000044,0.24814115464687347,0.00029044110560789705,0.00011533001088537276,0.9893625811468832,4,4,5,0.0,4 3 1 5 6
1867,0,sigma_1p0__kernel_9__order_2,1.0,9,2,6691,0.050000000000000044,0.06620339304208755,0.00020801182836294174,0.0010458785109221935,0.8895152893258473,1,1,2,0.0,4 6
1868,0,sigma_1p0__kernel_9__order_2,1.0,9,2,6695,0.050000000000000044,0.2811933755874634,0.00025215099594788626,0.0003074454143643379,0.9758183664501635,3,3,4,0.0,4 5 3 6
1869,0,sigma_1p0__kernel_9__order_2,1.0,9,2,6697,0.050000000000000044,0.06620339304208755,0.00029749727400485426,0.0010458785109221935,0.8895152893258473,1,1,2,0.0,4 6
1870,0,sigma_1p0__kernel_9__order_2,1.0,9,2,6700,0.050000000000000044,0.1389610916376114,0.0003808174515143037,0.0005109061021357775,0.951294681298747,2,2,3,0.0,5 2 6
1871,0,sigma_1p0__kernel_9__order_2,1.0,9,2,6703,0.050000000000000044,0.16027361154556274,0.00025902752531692386,0.0003168144612573087,0.962523856270044,2,2,3,0.0,5 3 6
1872,0,sigma_1p0__kernel_9__order_2,1.0,9,2,6708,0.050000000000000044,0.5632836222648621,0.00028120502829551695,0.00026843766681849957,0.9713118144717426,4,4,5,0.0,4 5 1 3 6
1873,0,sigma_1p0__kernel_9__order_2,1.0,9,2,6710,0.050000000000000044,0.06620339304208755,0.0003214445459889248,0.0010458785109221935,0.8895152893258473,1,1,2,0.0,4 6
1874,0,sigma_1p0__kernel_9__order_2,1.0,9,2,6714,0.050000000000000044,0.5599574446678162,0.0002665784668351989,0.00040378078119829297,0.96713060346143,3,3,4,0.0,3 4 5 6
1875,0,sigma_1p0__kernel_9__order_2,1.0,9,2,6718,0.050000000000000044,0.5074523687362671,0.0003823280203505419,0.00028734508669003844,0.9792653489835764,3,3,4,0.0,4 5 3 6
1876,0,sigma_1p0__kernel_9__order_2,1.0,9,2,6722,0.050000000000000044,0.45992928743362427,0.0003029300132766366,0.00033009552862495184,0.9623021453477256,3,3,4,0.0,4 5 3 6
1877,0,sigma_1p0__kernel_9__order_2,1.0,9,2,6724,0.050000000000000044,0.06885778158903122,0.00031260831747204065,0.0009730406454764307,0.927493339335805,1,1,2,0.0,4 6
1878,0,sigma_1p0__kernel_9__order_2,1.0,9,2,6727,0.050000000000000044,0.16352729499340057,0.0003330476659660538,0.0005552549264393747,0.9588457210948436,2,2,3,0.0,3 5 6
1879,0,sigma_1p0__kernel_9__order_2,1.0,9,2,6732,0.050000000000000044,0.5202906131744385,0.000321933621307835,0.00040304585127159953,0.9671935243676023,5,5,6,0.0,3 2 4 1 5
1880,0,sigma_1p0__kernel_9__order_2,1.0,9,2,6736,0.050000000000000044,0.13958819210529327,0.000300679006613791,0.0003499265876598656,0.9686965808254643,3,3,4,0.0,3 4 5 6
1881,0,sigma_1p0__kernel_9__order_2,1.0,9,2,6740,0.050000000000000044,0.4599292576313019,0.0002593488898128271,0.00033009552862495184,0.9623021453477256,3,3,4,0.0,3 4 5 6
1882,0,sigma_1p0__kernel_9__order_2,1.0,9,2,6743,0.050000000000000044,0.16352729499340057,0.00026269021327607334,0.0005552549264393747,0.9588457210948436,2,2,3,0.0,3 5 6
1883,0,sigma_1p0__kernel_9__order_2,1.0,9,2,6747,0.050000000000000044,0.2975843548774719,0.0003162797002005391,0.00011739555338863283,0.9893193590265392,3,3,4,0.0,4 5 3 6
1884,0,sigma_1p0__kernel_9__order_2,1.0,9,2,6750,0.050000000000000044,0.17979587614536285,0.0002752184906663994,0.0007011665729805827,0.9514408477279718,2,2,3,0.0,3 5 6
1885,0,sigma_1p0__kernel_9__order_2,1.0,9,2,6753,0.050000000000000044,0.05051891505718231,0.0010459230203802388,0.0006870934157632291,0.9247663637510236,2,2,3,0.0,5 3 6
1886,0,sigma_1p0__kernel_9__order_2,1.0,9,2,6757,0.050000000000000044,0.5116891264915466,0.0007826271175872535,0.00040857974090613425,0.9488013382473968,3,3,4,0.0,3 5 4 6
1887,0,sigma_1p0__kernel_9__order_2,1.0,9,2,6761,0.050000000000000044,0.15966123342514038,0.0006698132056044415,0.0002310934942215681,0.9801104172054284,3,3,4,0.0,3 4 5 6
1888,0,sigma_1p0__kernel_9__order_2,1.0,9,2,6765,0.050000000000000044,0.5934131145477295,0.0005157372070243582,0.0004541786329355091,0.9655303865777468,3,3,4,0.0,4 5 3 6
1889,0,sigma_1p0__kernel_9__order_2,1.0,9,2,6767,0.050000000000000044,0.07216545939445496,0.0006944510387256742,0.0009983577765524387,0.9042346423821841,1,1,2,0.0,4 6
1890,0,sigma_1p0__kernel_9__order_2,1.0,9,2,6769,0.050000000000000044,0.08585478365421295,0.0006031388766132295,0.0004186356964055449,0.9436479770400152,1,1,2,0.0,4 6
1891,0,sigma_1p0__kernel_9__order_2,1.0,9,2,6771,0.050000000000000044,0.04922189936041832,0.0007021772325970232,0.0013013510033488274,0.894707900085503,1,1,2,0.0,5 6
1892,0,sigma_1p0__kernel_9__order_2,1.0,9,2,6775,0.050000000000000044,0.4962378442287445,0.0004361317405709997,0.0001359974849037826,0.9773213869928605,3,3,4,0.0,3 4 5 6
1893,0,sigma_1p0__kernel_9__order_2,1.0,9,2,6779,0.050000000000000044,0.11640073359012604,0.0005259639656287618,0.0005311418790370226,0.9606085801486027,3,3,4,0.0,3 5 1 6
1894,0,sigma_1p0__kernel_9__order_2,1.0,9,2,6783,0.050000000000000044,0.26265949010849,0.00043819697020808235,0.00026568223256617785,0.9782780824178181,3,3,4,0.0,3 4 5 6
1895,0,sigma_1p0__kernel_9__order_2,1.0,9,2,6787,0.050000000000000044,0.6030303239822388,0.00047285457549151033,0.0003137296298518777,0.9649377163681208,3,3,4,0.0,3 5 4 6
1896,0,sigma_1p0__kernel_9__order_2,1.0,9,2,6791,0.050000000000000044,0.2813258171081543,0.0005012435431126505,0.0002048807218670845,0.9843359494074629,3,3,4,0.0,4 3 5 6
1897,0,sigma_1p0__kernel_9__order_2,1.0,9,2,6795,0.050000000000000044,0.2813258171081543,0.0004149495725869201,0.0002048807218670845,0.9843359494074629,3,3,4,0.0,4 5 3 6
1898,0,sigma_1p0__kernel_9__order_2,1.0,9,2,6799,0.050000000000000044,0.15600349009037018,0.00040413318492937833,0.00016633210179861635,0.9804948296721285,3,3,4,0.0,3 4 5 6
1899,0,sigma_1p0__kernel_9__order_2,1.0,9,2,6803,0.050000000000000044,0.5133083462715149,0.00033770537265809253,0.00022969531710259616,0.9836593969292079,3,3,4,0.0,3 5 4 6
1900,0,sigma_1p0__kernel_9__order_2,1.0,9,2,6807,0.050000000000000044,0.5116891264915466,0.0003669114739750512,0.00040857974090613425,0.9488013382473968,3,3,4,0.0,3 5 4 6
1901,0,sigma_1p0__kernel_9__order_2,1.0,9,2,6811,0.050000000000000044,0.5827685594558716,0.0004257911496097222,0.00026917693321593106,0.9711808926745913,3,3,4,0.0,4 3 5 6
1902,0,sigma_1p0__kernel_9__order_2,1.0,9,2,6815,0.050000000000000044,0.16888204216957092,0.0003871640728903003,0.0003634778840932995,0.975528885525132,3,3,4,0.0,3 4 5 6
1903,0,sigma_1p0__kernel_9__order_2,1.0,9,2,6816,0.050000000000000044,0.0,0.00048194831470027566,0.0016718236729502678,0.8375962150773736,0,0,1,0.0,6
1904,0,sigma_1p0__kernel_9__order_2,1.0,9,2,6820,0.050000000000000044,0.5934131145477295,0.0003374105326656718,0.0004541786329355091,0.9655303865777468,3,3,4,0.0,4 3 5 6
1905,0,sigma_1p0__kernel_9__order_2,1.0,9,2,6822,0.050000000000000044,0.07216545939445496,0.00032552135235164315,0.0009983577765524387,0.9042346423821841,1,1,2,0.0,4 6
1906,0,sigma_1p0__kernel_9__order_2,1.0,9,2,6825,0.050000000000000044,0.12610960006713867,0.0004474637486661474,0.0007065960671752691,0.9436821180365882,2,2,3,0.0,2 5 6
1907,0,sigma_1p0__kernel_9__order_2,1.0,9,2,6830,0.050000000000000044,0.584675133228302,0.0003213748277630657,0.00011217205610591918,0.9870819063163966,5,5,6,0.0,4 3 2 1 5
1908,0,sigma_1p0__kernel_9__order_2,1.0,9,2,6834,0.050000000000000044,0.2537424862384796,0.0003604852536227554,0.0003305163118056953,0.9657473915503509,3,3,4,0.0,5 4 3 6
1909,0,sigma_1p0__kernel_9__order_2,1.0,9,2,6836,0.050000000000000044,0.05148378759622574,0.0003359881229698658,0.001311954576522112,0.8983739310439219,1,1,2,0.0,4 6
1910,0,sigma_1p0__kernel_9__order_2,1.0,9,2,6840,0.050000000000000044,0.25167807936668396,0.0003385621639608871,0.0002688246313482523,0.9730571657596389,3,3,4,0.0,5 4 3 6
1911,0,sigma_1p0__kernel_9__order_2,1.0,9,2,6844,0.050000000000000044,0.5232651829719543,0.00040627487032907084,0.00036429509054869413,0.9585428547986764,3,3,4,0.0,4 5 2 6
1912,0,sigma_1p0__kernel_9__order_2,1.0,9,2,6849,0.050000000000000044,0.04167082905769348,0.0003656047920230776,0.000223468552576378,0.9807782768140083,5,5,6,0.0,3 4 2 5 1
1913,0,sigma_1p0__kernel_9__order_2,1.0,9,2,6851,0.050000000000000044,0.05148378759622574,0.000502666225656867,0.001311954576522112,0.8983739310439219,1,1,2,0.0,4 6
1914,0,sigma_1p0__kernel_9__order_2,1.0,9,2,6855,0.050000000000000044,0.4962378442287445,0.0003829890629276633,0.0001359974849037826,0.9773213869928605,3,3,4,0.0,4 5 3 6
1915,0,sigma_1p0__kernel_9__order_2,1.0,9,2,6857,0.050000000000000044,0.06885778158903122,0.0005092445644550025,0.0009730406454764307,0.927493339335805,1,1,2,0.0,4 6
1916,0,sigma_1p0__kernel_9__order_2,1.0,9,2,6861,0.050000000000000044,0.5045946836471558,0.00033273921872023493,0.0004865041410084814,0.9562090784311295,3,3,4,0.0,4 5 3 6
1917,0,sigma_1p0__kernel_9__order_2,1.0,9,2,6865,0.050000000000000044,0.6030303239822388,0.0003021168267878238,0.0003137296298518777,0.9649377163681208,3,3,4,0.0,4 5 3 6
1918,0,sigma_1p0__kernel_9__order_2,1.0,9,2,6867,0.050000000000000044,0.05148378759622574,0.0003260338999098167,0.001311954576522112,0.8983739310439219,1,1,2,0.0,4 6
1919,0,sigma_1p0__kernel_9__order_2,1.0,9,2,6871,0.050000000000000044,0.5074523687362671,0.00036081928556086496,0.00028734508669003844,0.9792653489835764,3,3,4,0.0,4 5 3 6
1920,0,sigma_1p0__kernel_9__order_2,1.0,9,2,6875,0.050000000000000044,0.2813257873058319,0.00035273461253382266,0.0002048807218670845,0.9843359494074629,3,3,4,0.0,3 4 5 6
1921,0,sigma_1p0__kernel_9__order_2,1.0,9,2,6879,0.050000000000000044,0.5133083462715149,0.0003944214549846947,0.00022969531710259616,0.9836593969292079,3,3,4,0.0,3 5 4 6
1922,0,sigma_1p0__kernel_9__order_2,1.0,9,2,6882,0.050000000000000044,0.148762509226799,0.0003800204140134156,0.0005902164848521352,0.9453008105617358,2,2,3,0.0,3 5 6
1923,0,sigma_1p0__kernel_9__order_2,1.0,9,2,6886,0.050000000000000044,0.45421573519706726,0.0003385390737093985,0.0002658700686879456,0.9685054444104397,3,3,4,0.0,3 4 5 6
1924,0,sigma_1p0__kernel_9__order_2,1.0,9,2,6890,0.050000000000000044,0.2975843548774719,0.0004024916052003391,0.00011739555338863283,0.9893193590265392,3,3,4,0.0,3 4 5 6
1925,0,sigma_1p0__kernel_9__order_2,1.0,9,2,6892,0.050000000000000044,0.08822499215602875,0.0004532368329819292,0.0010199007811024785,0.9173677836353231,1,1,2,0.0,4 6
1926,0,sigma_1p0__kernel_9__order_2,1.0,9,2,6894,0.050000000000000044,0.09472252428531647,0.0003883089666487649,0.0005082559073343873,0.9629806053340789,1,1,2,0.0,4 6
1927,0,sigma_1p0__kernel_9__order_2,1.0,9,2,6896,0.050000000000000044,0.05148378759622574,0.000309483140881639,0.001311954576522112,0.8983739310439219,1,1,2,0.0,4 6
1928,0,sigma_1p0__kernel_9__order_2,1.0,9,2,6900,0.050000000000000044,0.26265954971313477,0.00041171066550305113,0.00026568223256617785,0.9782780824178181,3,3,4,0.0,4 5 3 6
1929,0,sigma_1p0__kernel_9__order_2,1.0,9,2,6905,0.050000000000000044,0.4647652506828308,0.0003012278873939067,0.00048601313028484583,0.9562057949487435,5,5,6,0.0,3 5 1 2 4
1930,0,sigma_1p0__kernel_9__order_2,1.0,9,2,6910,0.050000000000000044,0.5742695331573486,0.00034588490962050855,0.00045150649384595454,0.9657286060763596,4,4,5,0.0,3 5 1 4 6
1931,0,sigma_1p0__kernel_9__order_2,1.0,9,2,6914,0.050000000000000044,0.45992928743362427,0.00036073397495783865,0.00033009552862495184,0.9623021453477256,3,3,4,0.0,3 5 4 6
1932,0,sigma_1p0__kernel_9__order_2,1.0,9,2,6918,0.050000000000000044,0.15600349009037018,0.0003690664452733472,0.00016633210179861635,0.9804948296721285,3,3,4,0.0,3 4 5 6
1933,0,sigma_1p0__kernel_9__order_2,1.0,9,2,6920,0.050000000000000044,0.07216545939445496,0.00031649800075683743,0.0009983577765524387,0.9042346423821841,1,1,2,0.0,4 6
1934,0,sigma_1p0__kernel_9__order_2,1.0,9,2,6925,0.050000000000000044,0.5202905535697937,0.00031199805671349167,0.00040304585127159953,0.9671935243676023,5,5,6,0.0,4 3 1 2 5
1935,0,sigma_1p0__kernel_9__order_2,1.0,9,2,6929,0.050000000000000044,0.5934131145477295,0.00042421332182129845,0.0004541786329355091,0.9655303865777468,3,3,4,0.0,3 5 4 6
1936,0,sigma_1p0__kernel_9__order_2,1.0,9,2,6931,0.050000000000000044,0.09472252428531647,0.00035474804462864995,0.0005082559073343873,0.9629806053340789,1,1,2,0.0,4 6
1937,0,sigma_1p0__kernel_9__order_2,1.0,9,2,6935,0.050000000000000044,0.27362072467803955,0.00034026053617708385,0.00017932752962224185,0.9802599173840955,3,3,4,0.0,3 4 5 6
1938,0,sigma_1p0__kernel_9__order_2,1.0,9,2,6939,0.050000000000000044,0.16481979191303253,0.0003458486607996747,0.0002559213316999376,0.9799899954114034,3,3,4,0.0,3 4 5 6
1939,0,sigma_1p0__kernel_9__order_2,1.0,9,2,6944,0.050000000000000044,0.4962446391582489,0.0003423005575314164,0.00016172637697309256,0.9841781721387267,4,4,5,0.0,4 5 1 3 6
1940,0,sigma_1p0__kernel_9__order_2,1.0,9,2,6946,0.050000000000000044,0.08822499215602875,0.0002664044513949193,0.0010199007811024785,0.9173677836353231,1,1,2,0.0,4 6
1941,0,sigma_1p0__kernel_9__order_2,1.0,9,2,6949,0.050000000000000044,0.16052131354808807,0.00027014766722762335,0.0006135533330962062,0.9546433615982178,2,2,3,0.0,3 5 6
1942,0,sigma_1p0__kernel_9__order_2,1.0,9,2,6953,0.050000000000000044,0.15600349009037018,0.0003876601767842658,0.00016633210179861635,0.9804948296721285,3,3,4,0.0,3 4 5 6
1943,0,sigma_1p0__kernel_9__order_2,1.0,9,2,6956,0.050000000000000044,0.058370791375637054,0.00037285089880848926,0.0004879920743405819,0.9443934640972282,2,2,3,0.0,3 5 6
1944,0,sigma_1p0__kernel_9__order_2,1.0,9,2,6961,0.050000000000000044,0.42582324147224426,0.0003142978006508201,0.00046869658399373293,0.9538842547733634,4,4,5,0.0,3 1 5 4 6
1945,0,sigma_1p0__kernel_9__order_2,1.0,9,2,6964,0.050000000000000044,0.16352729499340057,0.0003219567685543249,0.0005552549264393747,0.9588457210948436,2,2,3,0.0,3 5 6
1946,0,sigma_1p0__kernel_9__order_2,1.0,9,2,6968,0.050000000000000044,0.26265954971313477,0.0003043477699975483,0.00026568223256617785,0.9782780824178181,3,3,4,0.0,4 5 3 6
1947,0,sigma_1p0__kernel_9__order_2,1.0,9,2,6972,0.050000000000000044,0.2813258171081543,0.00041626265010563657,0.0002048807218670845,0.9843359494074629,3,3,4,0.0,4 5 3 6
1948,0,sigma_1p0__kernel_9__order_2,1.0,9,2,6975,0.050000000000000044,0.17979587614536285,0.0003511160903144628,0.0007011665729805827,0.9514408477279718,2,2,3,0.0,3 5 6
1949,0,sigma_1p0__kernel_9__order_2,1.0,9,2,6979,0.050000000000000044,0.45992928743362427,0.0003050664236070588,0.00033009552862495184,0.9623021453477256,3,3,4,0.0,3 5 4 6
1950,0,sigma_1p0__kernel_9__order_2,1.0,9,2,6983,0.050000000000000044,0.13958819210529327,0.00029283766707521863,0.0003499265876598656,0.9686965808254643,3,3,4,0.0,3 4 5 6
1951,0,sigma_1p0__kernel_9__order_2,1.0,9,2,6986,0.050000000000000044,0.08370336890220642,0.00029951328663931537,0.00027555262204259634,0.9783169940273487,2,2,3,0.0,4 3 6
1952,0,sigma_1p0__kernel_9__order_2,1.0,9,2,6991,0.050000000000000044,0.4517238140106201,0.0003489178081508726,0.0002711522101890296,0.9798690636291232,5,5,6,0.0,4 2 1 3 5
1953,0,sigma_1p0__kernel_9__order_2,1.0,9,2,6996,0.050000000000000044,0.4257511496543884,0.00038270403747446834,0.000464441574877128,0.9535418546157275,4,4,5,0.0,4 5 2 3 6
1954,0,sigma_1p0__kernel_9__order_2,1.0,9,2,7000,0.050000000000000044,0.15966124832630157,0.00026022244128398597,0.0002310934942215681,0.9801104172054284,3,3,4,0.0,3 5 4 6
1955,0,sigma_1p0__kernel_9__order_2,1.0,9,2,7004,0.050000000000000044,0.45535826683044434,0.0005185044719837606,0.00046948809176683426,0.9537005855587801,3,3,4,0.0,4 5 3 6
1956,0,sigma_1p0__kernel_9__order_2,1.0,9,2,7007,0.050000000000000044,0.0692678764462471,0.000629361835308373,0.0006569871911779046,0.9474752098676282,2,2,3,0.0,3 5 6
1957,0,sigma_1p0__kernel_9__order_2,1.0,9,2,7012,0.050000000000000044,0.4916953146457672,0.0005624923505820334,0.00040852715028449893,0.948789707846789,4,4,5,0.0,3 2 4 5 6
1958,0,sigma_1p0__kernel_9__order_2,1.0,9,2,7015,0.050000000000000044,0.16352729499340057,0.00048272338851044577,0.0005552549264393747,0.9588457210948436,2,2,3,0.0,5 3 6
1959,0,sigma_1p0__kernel_9__order_2,1.0,9,2,7019,0.050000000000000044,0.2811933755874634,0.0003825845633400604,0.0003074454143643379,0.9758183664501635,3,3,4,0.0,5 4 3 6
1960,0,sigma_1p0__kernel_9__order_2,1.0,9,2,7023,0.050000000000000044,0.4962378442287445,0.0004502056981436908,0.0001359974849037826,0.9773213869928605,3,3,4,0.0,5 3 4 6
1961,0,sigma_1p0__kernel_9__order_2,1.0,9,2,7027,0.050000000000000044,0.26265949010849,0.00046552288404200226,0.00026568223256617785,0.9782780824178181,3,3,4,0.0,4 3 5 6
1962,0,sigma_1p0__kernel_9__order_2,1.0,9,2,7029,0.050000000000000044,0.07216545939445496,0.0004220716655254364,0.0009983577765524387,0.9042346423821841,1,1,2,0.0,4 6
1963,0,sigma_1p0__kernel_9__order_2,1.0,9,2,7034,0.050000000000000044,0.5414643883705139,0.0003922884410712868,0.00035670067882165313,0.9703575982208342,5,5,6,0.0,4 3 1 2 5
1964,0,sigma_1p0__kernel_9__order_2,1.0,9,2,7036,0.050000000000000044,0.06885778158903122,0.00037617025373037905,0.0009730406454764307,0.927493339335805,1,1,2,0.0,4 6
1965,0,sigma_1p0__kernel_9__order_2,1.0,9,2,7041,0.050000000000000044,0.20373810827732086,0.00044039760250598193,0.00033044180599972606,0.9657350972064468,4,4,5,0.0,5 3 4 1 6
1966,0,sigma_1p0__kernel_9__order_2,1.0,9,2,7043,0.050000000000000044,0.08585478365421295,0.00036317601916380227,0.0004186356964055449,0.9436479770400152,1,1,2,0.0,4 6
1967,0,sigma_1p0__kernel_9__order_2,1.0,9,2,7046,0.050000000000000044,0.17979587614536285,0.0003901648451574147,0.0007011665729805827,0.9514408477279718,2,2,3,0.0,3 5 6
1968,0,sigma_1p0__kernel_9__order_2,1.0,9,2,7051,0.050000000000000044,0.5739725232124329,0.0003449258394539356,0.0004525361873675138,0.9656771898942952,4,4,5,0.0,4 3 5 2 6
1969,0,sigma_1p0__kernel_9__order_2,1.0,9,2,7055,0.050000000000000044,0.506294310092926,0.00039728312549414113,0.0002349590213270858,0.976496011798362,3,3,4,0.0,3 4 5 6
1970,0,sigma_1p0__kernel_9__order_2,1.0,9,2,7059,0.050000000000000044,0.4599292576313019,0.0004173055131104775,0.00033009552862495184,0.9623021453477256,3,3,4,0.0,3 4 5 6
1971,0,sigma_1p0__kernel_9__order_2,1.0,9,2,7064,0.050000000000000044,0.4717111885547638,0.00033910112688317895,0.0004084963002242148,0.9487925082197087,5,5,6,0.0,4 5 2 1 3
1972,0,sigma_1p0__kernel_9__order_2,1.0,9,2,7067,0.050000000000000044,0.16027358174324036,0.0003241835705315073,0.0003168144612573087,0.962523856270044,2,2,3,0.0,3 5 6
1973,0,sigma_1p0__kernel_9__order_2,1.0,9,2,7071,0.050000000000000044,0.2813257873058319,0.00043708661542041227,0.0002048807218670845,0.9843359494074629,3,3,4,0.0,3 4 5 6
1974,0,sigma_1p0__kernel_9__order_2,1.0,9,2,7075,0.050000000000000044,0.5133083462715149,0.00040831463411450386,0.00022969531710259616,0.9836593969292079,3,3,4,0.0,3 4 5 6
1975,0,sigma_1p0__kernel_9__order_2,1.0,9,2,7078,0.050000000000000044,0.148762509226799,0.0003531248124393945,0.0005902164848521352,0.9453008105617358,2,2,3,0.0,3 5 6
1976,0,sigma_1p0__kernel_9__order_2,1.0,9,2,7082,0.050000000000000044,0.6030303239822388,0.00035739056329475716,0.0003137296298518777,0.9649377163681208,3,3,4,0.0,4 3 5 6
1977,0,sigma_1p0__kernel_9__order_2,1.0,9,2,7086,0.050000000000000044,0.5045947432518005,0.00040830518992152065,0.0004865041410084814,0.9562090784311295,3,3,4,0.0,4 3 5 6
1978,0,sigma_1p0__kernel_9__order_2,1.0,9,2,7089,0.050000000000000044,0.16352729499340057,0.00039178357110358775,0.0005552549264393747,0.9588457210948436,2,2,3,0.0,3 5 6
1979,0,sigma_1p0__kernel_9__order_2,1.0,9,2,7092,0.050000000000000044,0.17979587614536285,0.00033925693909016746,0.0007011665729805827,0.9514408477279718,2,2,3,0.0,3 5 6
1980,0,sigma_1p0__kernel_9__order_2,1.0,9,2,7095,0.050000000000000044,0.16027358174324036,0.0003170980974876632,0.0003168144612573087,0.962523856270044,2,2,3,0.0,3 5 6
1981,0,sigma_1p0__kernel_9__order_2,1.0,9,2,7099,0.050000000000000044,0.2736207842826843,0.0003087773875449784,0.00017932752962224185,0.9802599173840955,3,3,4,0.0,5 4 3 6
1982,0,sigma_1p0__kernel_9__order_2,1.0,9,2,7103,0.050000000000000044,0.15600349009037018,0.0003777032470679842,0.00016633210179861635,0.9804948296721285,3,3,4,0.0,3 4 5 6
1983,0,sigma_1p0__kernel_9__order_2,1.0,9,2,7107,0.050000000000000044,0.6219107508659363,0.0003559285614755936,0.00011563707084860653,0.9869697132944069,3,3,4,0.0,4 3 5 6
1984,0,sigma_1p0__kernel_9__order_2,1.0,9,2,7111,0.050000000000000044,0.5074523687362671,0.0003753184573724866,0.00028734508669003844,0.9792653489835764,3,3,4,0.0,3 4 5 6
1985,0,sigma_1p0__kernel_9__order_2,1.0,9,2,7114,0.050000000000000044,0.5041700005531311,0.0003325932193547487,0.0005766323301941156,0.9523650183299208,2,2,3,0.0,4 3 6
1986,0,sigma_1p0__kernel_9__order_2,1.0,9,2,7118,0.050000000000000044,0.26265949010849,0.0004098338831681758,0.00026568223256617785,0.9782780824178181,3,3,4,0.0,4 3 5 6
1987,0,sigma_1p0__kernel_9__order_2,1.0,9,2,7122,0.050000000000000044,0.16481979191303253,0.00033163379703182727,0.0002559213316999376,0.9799899954114034,3,3,4,0.0,3 4 5 6
1988,0,sigma_1p0__kernel_9__order_2,1.0,9,2,7127,0.050000000000000044,0.5435150861740112,0.0003142887057038024,0.00026785070076584816,0.9713053481296751,5,5,6,0.0,3 1 2 4 5
1989,0,sigma_1p0__kernel_9__order_2,1.0,9,2,7131,0.050000000000000044,0.5599574446678162,0.0002694322647585068,0.00040378078119829297,0.96713060346143,3,3,4,0.0,4 3 5 6
1990,0,sigma_1p0__kernel_9__order_2,1.0,9,2,7135,0.050000000000000044,0.26265949010849,0.0003107833326794207,0.00026568223256617785,0.9782780824178181,3,3,4,0.0,4 3 5 6
1991,0,sigma_1p0__kernel_9__order_2,1.0,9,2,7139,0.050000000000000044,0.2736207842826843,0.00035949483572039753,0.00017932752962224185,0.9802599173840955,3,3,4,0.0,5 4 3 6
1992,0,sigma_1p0__kernel_9__order_2,1.0,9,2,7141,0.050000000000000044,0.08585478365421295,0.0003831798385363072,0.0004186356964055449,0.9436479770400152,1,1,2,0.0,4 6
1993,0,sigma_1p0__kernel_9__order_2,1.0,9,2,7144,0.050000000000000044,0.148762509226799,0.00030844502422648173,0.0005902164848521352,0.9453008105617358,2,2,3,0.0,3 5 6
1994,0,sigma_1p0__kernel_9__order_2,1.0,9,2,7149,0.050000000000000044,0.4916953146457672,0.000280216327519156,0.00040852715028449893,0.948789707846789,4,4,5,0.0,4 5 2 3 6
1995,0,sigma_1p0__kernel_9__order_2,1.0,9,2,7154,0.050000000000000044,0.4916953146457672,0.0002834094048012048,0.00040852715028449893,0.948789707846789,4,4,5,0.0,3 2 4 5 6
1996,0,sigma_1p0__kernel_9__order_2,1.0,9,2,7158,0.050000000000000044,0.45421573519706726,0.000295978370559169,0.0002658700686879456,0.9685054444104397,3,3,4,0.0,3 4 5 6
1997,0,sigma_1p0__kernel_9__order_2,1.0,9,2,7163,0.050000000000000044,0.5836609601974487,0.0003408197895623744,0.0003123465576209128,0.9651136570715309,4,4,5,0.0,4 5 1 3 6
1998,0,sigma_1p0__kernel_9__order_2,1.0,9,2,7168,0.050000000000000044,0.5202905535697937,0.00031329008634202183,0.00040304585127159953,0.9671935243676023,5,5,6,0.0,4 3 2 1 5
1999,0,sigma_1p0__kernel_9__order_2,1.0,9,2,7172,0.050000000000000044,0.5133083462715149,0.0003489947921480052,0.00022969531710259616,0.9836593969292079,3,3,4,0.0,4 3 5 6
2000,0,sigma_1p0__kernel_9__order_2,1.0,9,2,7176,0.050000000000000044,0.45421573519706726,0.00026131300546694547,0.0002658700686879456,0.9685054444104397,3,3,4,0.0,3 4 5 6
2001,0,sigma_1p0__kernel_9__order_2,1.0,9,2,7179,0.050000000000000044,0.148762509226799,0.00038970426733916,0.0005902164848521352,0.9453008105617358,2,2,3,0.0,3 5 6
2002,0,sigma_1p0__kernel_9__order_2,1.0,9,2,7183,0.050000000000000044,0.5827685594558716,0.00032904463296290487,0.00026917693321593106,0.9711808926745913,3,3,4,0.0,4 3 5 6
2003,0,sigma_1p0__kernel_9__order_2,1.0,9,2,7187,0.050000000000000044,0.2813258171081543,0.00032037954224506393,0.0002048807218670845,0.9843359494074629,3,3,4,0.0,5 4 3 6
2004,0,sigma_1p0__kernel_9__order_2,1.0,9,2,7189,0.050000000000000044,0.06885778158903122,0.00031272681371774524,0.0009730406454764307,0.927493339335805,1,1,2,0.0,4 6
2005,0,sigma_1p0__kernel_9__order_2,1.0,9,2,7192,0.050000000000000044,0.17979587614536285,0.0002578759740572423,0.0007011665729805827,0.9514408477279718,2,2,3,0.0,3 5 6
2006,0,sigma_1p0__kernel_9__order_2,1.0,9,2,7196,0.050000000000000044,0.25167807936668396,0.00034642509126570076,0.0002688246313482523,0.9730571657596389,3,3,4,0.0,5 4 3 6
2007,0,sigma_1p0__kernel_9__order_2,1.0,9,2,7200,0.050000000000000044,0.5074523687362671,0.0003167996765114367,0.00028734508669003844,0.9792653489835764,3,3,4,0.0,4 5 3 6
2008,0,sigma_1p0__kernel_9__order_2,1.0,9,2,7204,0.050000000000000044,0.2811933755874634,0.00028746481257257983,0.0003074454143643379,0.9758183664501635,3,3,4,0.0,4 3 5 6
2009,0,sigma_1p0__kernel_9__order_2,1.0,9,2,7208,0.050000000000000044,0.26265949010849,0.0002548373522586189,0.00026568223256617785,0.9782780824178181,3,3,4,0.0,4 3 5 6
2010,0,sigma_1p0__kernel_9__order_2,1.0,9,2,7212,0.050000000000000044,0.16299965977668762,0.00023265038907993585,0.00029329670360311866,0.978404005805604,3,3,4,0.0,3 4 5 6
2011,0,sigma_1p0__kernel_9__order_2,1.0,9,2,7214,0.050000000000000044,0.05148378759622574,0.00029962166445329785,0.001311954576522112,0.8983739310439219,1,1,2,0.0,4 6
2012,0,sigma_1p0__kernel_9__order_2,1.0,9,2,7216,0.050000000000000044,0.08585478365421295,0.00031729259353596717,0.0004186356964055449,0.9436479770400152,1,1,2,0.0,4 6
2013,0,sigma_1p0__kernel_9__order_2,1.0,9,2,7219,0.050000000000000044,0.148762509226799,0.00037042203863772255,0.0005902164848521352,0.9453008105617358,2,2,3,0.0,3 5 6
2014,0,sigma_1p0__kernel_9__order_2,1.0,9,2,7223,0.050000000000000044,0.4599292576313019,0.00023149792468757369,0.00033009552862495184,0.9623021453477256,3,3,4,0.0,5 3 4 6
2015,0,sigma_1p0__kernel_9__order_2,1.0,9,2,7226,0.050000000000000044,0.16052131354808807,0.0002964841793679322,0.0006135533330962062,0.9546433615982178,2,2,3,0.0,3 5 6
2016,0,sigma_1p0__kernel_9__order_2,1.0,9,2,7230,0.050000000000000044,0.5133083462715149,0.0003836114992736839,0.00022969531710259616,0.9836593969292079,3,3,4,0.0,3 4 5 6
2017,0,sigma_1p0__kernel_9__order_2,1.0,9,2,7235,0.050000000000000044,0.19243645668029785,0.0003208904468920082,0.0006874401587992907,0.9495596571888566,4,4,5,0.0,5 4 3 1 6
2018,0,sigma_1p0__kernel_9__order_2,1.0,9,2,7240,0.050000000000000044,0.48476219177246094,0.0003988748183473945,0.0004860204935539514,0.956205478781894,4,4,5,0.0,3 4 2 5 6
2019,0,sigma_1p0__kernel_9__order_2,1.0,9,2,7244,0.050000000000000044,0.5133083462715149,0.00033569497463759035,0.00022969531710259616,0.9836593969292079,3,3,4,0.0,3 4 5 6
2020,0,sigma_1p0__kernel_9__order_2,1.0,9,2,7249,0.050000000000000044,0.48371174931526184,0.00030570460949093104,0.00022842769976705313,0.9837014776312355,4,4,5,0.0,3 1 5 4 6
2021,0,sigma_1p0__kernel_9__order_2,1.0,9,2,7252,0.050000000000000044,0.16950292885303497,0.00038735287186379236,0.0002968789776787162,0.967183250787709,2,2,3,0.0,3 5 6
2022,0,sigma_1p0__kernel_9__order_2,1.0,9,2,7253,0.050000000000000044,0.0,0.0003516071883495897,0.001856160582974553,0.8008199268320795,0,0,1,0.0,6
2023,0,sigma_1p0__kernel_9__order_2,1.0,9,2,7257,0.050000000000000044,0.4599292576313019,0.0004600421598297544,0.00033009552862495184,0.9623021453477256,3,3,4,0.0,3 4 5 6
2024,0,sigma_1p0__kernel_9__order_2,1.0,9,2,7262,0.050000000000000044,0.48476219177246094,0.00044905589311383665,0.0004860204935539514,0.956205478781894,4,4,5,0.0,3 4 2 5 6
2025,0,sigma_1p0__kernel_9__order_2,1.0,9,2,7267,0.050000000000000044,0.6035641431808472,0.000621783098904416,0.00011355951573932543,0.9870355374287199,4,4,5,0.0,3 4 2 5 6
2026,0,sigma_1p0__kernel_9__order_2,1.0,9,2,7272,0.050000000000000044,0.2129918932914734,0.0005558550066780299,0.00026344420621171594,0.9782822229207342,4,4,5,0.0,4 3 5 2 6
2027,0,sigma_1p0__kernel_9__order_2,1.0,9,2,7276,0.050000000000000044,0.5133083462715149,0.00045446398144122213,0.00022969531710259616,0.9836593969292079,3,3,4,0.0,3 4 5 6
2028,0,sigma_1p0__kernel_9__order_2,1.0,9,2,7281,0.050000000000000044,0.5846751928329468,0.0003810254740528762,0.00011217205610591918,0.9870819063163966,5,5,6,0.0,3 2 1 4 5
2029,0,sigma_1p0__kernel_9__order_2,1.0,9,2,7284,0.050000000000000044,0.148762509226799,0.0002990314387716353,0.0005902164848521352,0.9453008105617358,2,2,3,0.0,3 5 6
2030,0,sigma_1p0__kernel_9__order_2,1.0,9,2,7289,0.050000000000000044,0.5832988023757935,0.0003900073410477489,0.0003123176866210997,0.9648182590389082,4,4,5,0.0,3 4 2 5 6
2031,0,sigma_1p0__kernel_9__order_2,1.0,9,2,7294,0.050000000000000044,0.5598863363265991,0.0005119972105603665,0.0003612028667703271,0.9702479499131973,4,4,5,0.0,4 3 2 5 6
2032,0,sigma_1p0__kernel_9__order_2,1.0,9,2,7296,0.050000000000000044,0.07216545939445496,0.00025812690728344023,0.0009983577765524387,0.9042346423821841,1,1,2,0.0,4 6
2033,0,sigma_1p0__kernel_9__order_2,1.0,9,2,7298,0.050000000000000044,0.05148378759622574,0.00037138513289391994,0.001311954576522112,0.8983739310439219,1,1,2,0.0,4 6
2034,0,sigma_1p0__kernel_9__order_2,1.0,9,2,7303,0.050000000000000044,0.5598862767219543,0.0003416263265535235,0.0003612028667703271,0.9702479499131973,4,4,5,0.0,3 2 4 5 6
2035,0,sigma_1p0__kernel_9__order_2,1.0,9,2,7306,0.050000000000000044,0.07960246503353119,0.00035115680657327175,0.0002772131119854748,0.9761993671533753,2,2,3,0.0,3 5 6
2036,0,sigma_1p0__kernel_9__order_2,1.0,9,2,7311,0.050000000000000044,0.4717111885547638,0.00040941056213341656,0.0004084963002242148,0.9487925082197087,5,5,6,0.0,3 5 1 2 4
2037,0,sigma_1p0__kernel_9__order_2,1.0,9,2,7316,0.050000000000000044,0.12710735201835632,0.00032423038501292465,0.001248108921572566,0.928735353415843,4,4,5,0.0,2 3 4 1 6
2038,0,sigma_1p0__kernel_9__order_2,1.0,9,2,7319,0.050000000000000044,0.04641816020011902,0.0004442152373182277,0.0007575950585305691,0.9282478330818567,2,2,3,0.0,3 5 6
2039,0,sigma_1p0__kernel_9__order_2,1.0,9,2,7323,0.050000000000000044,0.2423517107963562,0.0003953227278543636,0.0006882387679070234,0.9495375515022686,3,3,4,0.0,3 4 5 6
2040,0,sigma_1p0__kernel_9__order_2,1.0,9,2,7326,0.050000000000000044,0.158042773604393,0.00030831101078850526,0.0004597074002958834,0.9592404986923289,2,2,3,0.0,3 5 6
2041,0,sigma_1p0__kernel_9__order_2,1.0,9,2,7329,0.050000000000000044,0.05513450503349304,0.0003188941821766396,0.0006530879763886333,0.9352612300342952,2,2,3,0.0,3 5 6
2042,0,sigma_1p0__kernel_9__order_2,1.0,9,2,7332,0.050000000000000044,0.148762509226799,0.00031806616849886876,0.0005902164848521352,0.9453008105617358,2,2,3,0.0,3 5 6
2043,0,sigma_1p0__kernel_9__order_2,1.0,9,2,7337,0.050000000000000044,0.5629134178161621,0.00033204823557753116,0.0002687380474526435,0.9711584980188737,4,4,5,0.0,3 2 4 5 6
2044,0,sigma_1p0__kernel_9__order_2,1.0,9,2,7341,0.050000000000000044,0.26265954971313477,0.0003590722117223777,0.00026568223256617785,0.9782780824178181,3,3,4,0.0,4 5 3 6
2045,0,sigma_1p0__kernel_9__order_2,1.0,9,2,7346,0.050000000000000044,0.555174708366394,0.00037517709424719217,0.00044878676999360323,0.9659557233738417,5,5,6,0.0,3 4 2 1 5
2046,0,sigma_1p0__kernel_9__order_2,1.0,9,2,7351,0.050000000000000044,0.5642457008361816,0.00038860480999574064,0.000310016970615834,0.9650295623771926,5,5,6,0.0,3 5 1 2 4
2047,0,sigma_1p0__kernel_9__order_2,1.0,9,2,7353,0.050000000000000044,0.09472252428531647,0.0003185222594765946,0.0005082559073343873,0.9629806053340789,1,1,2,0.0,4 6
2048,0,sigma_1p0__kernel_9__order_2,1.0,9,2,7355,0.050000000000000044,0.06885778158903122,0.0002917706442531198,0.0009730406454764307,0.927493339335805,1,1,2,0.0,4 6
2049,0,sigma_1p0__kernel_9__order_2,1.0,9,2,7359,0.050000000000000044,0.00013793259859085083,0.0003410155914025381,0.0004398133896756917,0.951486042684097,3,3,4,0.0,5 3 2 6
2050,0,sigma_1p0__kernel_9__order_2,1.0,9,2,7363,0.050000000000000044,0.253742516040802,0.00035771841794485226,0.0003305163118056953,0.9657473915503509,3,3,4,0.0,4 5 3 6
2051,0,sigma_1p0__kernel_9__order_2,1.0,9,2,7367,0.050000000000000044,0.2811933755874634,0.00040910315146902576,0.0003074454143643379,0.9758183664501635,3,3,4,0.0,4 3 5 6
2052,0,sigma_1p0__kernel_9__order_2,1.0,9,2,7371,0.050000000000000044,0.45421576499938965,0.0004012113276985474,0.0002658700686879456,0.9685054444104397,3,3,4,0.0,3 5 4 6
2053,0,sigma_1p0__kernel_9__order_2,1.0,9,2,7374,0.050000000000000044,0.058370791375637054,0.0003058472842288514,0.0004879920743405819,0.9443934640972282,2,2,3,0.0,5 3 6
2054,0,sigma_1p0__kernel_9__order_2,1.0,9,2,7379,0.050000000000000044,0.5414643883705139,0.0003324836608953774,0.00035670067882165313,0.9703575982208342,5,5,6,0.0,3 2 1 4 5
2055,0,sigma_1p0__kernel_9__order_2,1.0,9,2,7381,0.050000000000000044,0.07216545939445496,0.0002642670879140496,0.0009983577765524387,0.9042346423821841,1,1,2,0.0,4 6
2056,0,sigma_1p0__kernel_9__order_2,1.0,9,2,7385,0.050000000000000044,0.5934131145477295,0.00039098592242226005,0.0004541786329355091,0.9655303865777468,3,3,4,0.0,4 5 3 6
2057,0,sigma_1p0__kernel_9__order_2,1.0,9,2,7389,0.050000000000000044,0.5257713794708252,0.0003753927303478122,0.00016244305879808962,0.9840680202746079,3,3,4,0.0,3 4 5 6
2058,0,sigma_1p0__kernel_9__order_2,1.0,9,2,7393,0.050000000000000044,0.2813257873058319,0.00043964653741568327,0.0002048807218670845,0.9843359494074629,3,3,4,0.0,3 4 5 6
2059,0,sigma_1p0__kernel_9__order_2,1.0,9,2,7398,0.050000000000000044,0.5435150861740112,0.00034477481385692955,0.00026785070076584816,0.9713053481296751,5,5,6,0.0,2 3 4 1 5
2060,0,sigma_1p0__kernel_9__order_2,1.0,9,2,7402,0.050000000000000044,0.26265954971313477,0.0003132133060717024,0.00026568223256617785,0.9782780824178181,3,3,4,0.0,4 5 3 6
2061,0,sigma_1p0__kernel_9__order_2,1.0,9,2,7407,0.050000000000000044,0.5632835626602173,0.0003559469536412507,0.00026843766681849957,0.9713118144717426,4,4,5,0.0,3 5 1 4 6
2062,0,sigma_1p0__kernel_9__order_2,1.0,9,2,7411,0.050000000000000044,0.2813258171081543,0.00035242146987002343,0.0002048807218670845,0.9843359494074629,3,3,4,0.0,4 3 5 6
2063,0,sigma_1p0__kernel_9__order_2,1.0,9,2,7416,0.050000000000000044,0.584675133228302,0.00030976369162090124,0.00011217205610591918,0.9870819063163966,5,5,6,0.0,4 3 2 1 5
2064,0,sigma_1p0__kernel_9__order_2,1.0,9,2,7419,0.050000000000000044,0.16052131354808807,0.00031146834468624246,0.0006135533330962062,0.9546433615982178,2,2,3,0.0,3 5 6
2065,0,sigma_1p0__kernel_9__order_2,1.0,9,2,7423,0.050000000000000044,0.2813257873058319,0.0003731566248461604,0.0002048807218670845,0.9843359494074629,3,3,4,0.0,3 4 5 6
2066,0,sigma_1p0__kernel_9__order_2,1.0,9,2,7426,0.050000000000000044,0.05051891505718231,0.00038162040679405135,0.0006870934157632291,0.9247663637510236,2,2,3,0.0,5 3 6
2067,0,sigma_1p0__kernel_9__order_2,1.0,9,2,7430,0.050000000000000044,0.2813257873058319,0.0003717027066159062,0.0002048807218670845,0.9843359494074629,3,3,4,0.0,3 4 5 6
2068,0,sigma_1p0__kernel_9__order_2,1.0,9,2,7434,0.050000000000000044,0.2813258171081543,0.0003202541920472868,0.0002048807218670845,0.9843359494074629,3,3,4,0.0,4 3 5 6
2069,0,sigma_1p0__kernel_9__order_2,1.0,9,2,7438,0.050000000000000044,0.4962378442287445,0.0003536203512339853,0.0001359974849037826,0.9773213869928605,3,3,4,0.0,3 4 5 6
2070,0,sigma_1p0__kernel_9__order_2,1.0,9,2,7442,0.050000000000000044,0.45421576499938965,0.0002881517430068925,0.0002658700686879456,0.9685054444104397,3,3,4,0.0,3 5 4 6
2071,0,sigma_1p0__kernel_9__order_2,1.0,9,2,7445,0.050000000000000044,0.16950291395187378,0.00042827387612002593,0.0002968789776787162,0.967183250787709,2,2,3,0.0,5 3 6
2072,0,sigma_1p0__kernel_9__order_2,1.0,9,2,7449,0.050000000000000044,0.5133083462715149,0.00034201434755232185,0.00022969531710259616,0.9836593969292079,3,3,4,0.0,3 5 4 6
2073,0,sigma_1p0__kernel_9__order_2,1.0,9,2,7453,0.050000000000000044,0.45535826683044434,0.0003741996188182384,0.00046948809176683426,0.9537005855587801,3,3,4,0.0,3 5 4 6
2074,0,sigma_1p0__kernel_9__order_2,1.0,9,2,7458,0.050000000000000044,0.4962446689605713,0.0002671149792149663,0.00016172637697309256,0.9841781721387267,4,4,5,0.0,3 4 1 5 6
2075,0,sigma_1p0__kernel_9__order_2,1.0,9,2,7462,0.050000000000000044,0.2975843548774719,0.00033831922337412834,0.00011739555338863283,0.9893193590265392,3,3,4,0.0,3 4 5 6
2076,0,sigma_1p0__kernel_9__order_2,1.0,9,2,7466,0.050000000000000044,0.26265954971313477,0.0004208441823720932,0.00026568223256617785,0.9782780824178181,3,3,4,0.0,4 5 3 6
2077,0,sigma_1p0__kernel_9__order_2,1.0,9,2,7470,0.050000000000000044,0.2423517107963562,0.00033556016569491476,0.0006882387679070234,0.9495375515022686,3,3,4,0.0,3 4 5 6
2078,0,sigma_1p0__kernel_9__order_2,1.0,9,2,7473,0.050000000000000044,0.16027358174324036,0.00041112253287186223,0.0003168144612573087,0.962523856270044,2,2,3,0.0,3 5 6
2079,0,sigma_1p0__kernel_9__order_2,1.0,9,2,7478,0.050000000000000044,0.5414643287658691,0.0002561795001383871,0.00035670067882165313,0.9703575982208342,5,5,6,0.0,3 2 4 1 5
2080,0,sigma_1p0__kernel_9__order_2,1.0,9,2,7482,0.050000000000000044,0.2811933755874634,0.00029379265470197424,0.0003074454143643379,0.9758183664501635,3,3,4,0.0,3 4 5 6
2081,0,sigma_1p0__kernel_9__order_2,1.0,9,2,7485,0.050000000000000044,0.16352729499340057,0.00031716735490287345,0.0005552549264393747,0.9588457210948436,2,2,3,0.0,3 5 6
2082,0,sigma_1p0__kernel_9__order_2,1.0,9,2,7488,0.050000000000000044,0.44184863567352295,0.00030696220831790316,0.000642152619548142,0.9369364166798404,2,2,3,0.0,3 5 6
2083,0,sigma_1p0__kernel_9__order_2,1.0,9,2,7490,0.050000000000000044,0.29964733123779297,0.0003420469583943486,0.0010754086542874575,0.9119814913033305,1,1,2,0.0,3 6
2084,0,sigma_1p0__kernel_9__order_2,1.0,9,2,7494,0.050000000000000044,0.6219107508659363,0.00037732495547970757,0.00011563707084860653,0.9869697132944069,3,3,4,0.0,3 4 5 6
2085,0,sigma_1p0__kernel_9__order_2,1.0,9,2,7497,0.050000000000000044,0.0729357898235321,0.0003946296831903358,0.000244210590608418,0.9645484778210609,2,2,3,0.0,3 5 6
2086,0,sigma_1p0__kernel_9__order_2,1.0,9,2,7502,0.050000000000000044,0.4717111885547638,0.0005272233102004975,0.0004084963002242148,0.9487925082197087,5,5,6,0.0,3 2 4 1 5
2087,0,sigma_1p0__kernel_9__order_2,1.0,9,2,7507,0.050000000000000044,0.2238551825284958,0.001097883377224207,0.00017819899949245155,0.9802539548997221,4,4,5,0.0,4 2 3 5 6
2088,0,sigma_1p0__kernel_9__order_2,1.0,9,2,7512,0.050000000000000044,0.47984904050827026,0.000821566372178495,0.000276587757980451,0.9795012027025223,4,4,5,0.0,2 5 3 4 6
2089,0,sigma_1p0__kernel_9__order_2,1.0,9,2,7516,0.050000000000000044,0.26265954971313477,0.0006679544894723222,0.00026568223256617785,0.9782780824178181,3,3,4,0.0,5 3 4 6
2090,0,sigma_1p0__kernel_9__order_2,1.0,9,2,7519,0.050000000000000044,0.16352729499340057,0.0005694023372295002,0.0005552549264393747,0.9588457210948436,2,2,3,0.0,5 3 6
2091,0,sigma_1p0__kernel_9__order_2,1.0,9,2,7523,0.050000000000000044,0.15753862261772156,0.0005888203959329985,0.00017175794346258044,0.9811322692954441,3,3,4,0.0,5 4 3 6
2092,0,sigma_1p0__kernel_9__order_2,1.0,9,2,7527,0.050000000000000044,0.27362075448036194,0.0006139295146567747,0.00017932752962224185,0.9802599173840955,3,3,4,0.0,4 5 3 6
2093,0,sigma_1p0__kernel_9__order_2,1.0,9,2,7530,0.050000000000000044,0.16950292885303497,0.0005656273084847877,0.0002968789776787162,0.967183250787709,2,2,3,0.0,3 5 6
2094,0,sigma_1p0__kernel_9__order_2,1.0,9,2,7533,0.050000000000000044,0.158042773604393,0.000609576750624304,0.0004597074002958834,0.9592404986923289,2,2,3,0.0,3 5 6
2095,0,sigma_1p0__kernel_9__order_2,1.0,9,2,7537,0.050000000000000044,0.5062942504882812,0.0007081757357809693,0.0002349590213270858,0.976496011798362,3,3,4,0.0,3 5 4 6
2096,0,sigma_1p0__kernel_9__order_2,1.0,9,2,7541,0.050000000000000044,0.2423517256975174,0.00042955237586284056,0.0006882387679070234,0.9495375515022686,3,3,4,0.0,5 4 3 6
2097,0,sigma_1p0__kernel_9__order_2,1.0,9,2,7543,0.050000000000000044,0.08822499215602875,0.0006437651172745973,0.0010199007811024785,0.9173677836353231,1,1,2,0.0,4 6
2098,0,sigma_1p0__kernel_9__order_2,1.0,9,2,7548,0.050000000000000044,0.5739725232124329,0.0005060144874732941,0.0004525361873675138,0.9656771898942952,4,4,5,0.0,3 2 4 5 6
2099,0,sigma_1p0__kernel_9__order_2,1.0,9,2,7552,0.050000000000000044,0.49341028928756714,0.0004887934410362504,0.0005579609423875809,0.9545055962877523,3,3,4,0.0,3 2 4 6
2100,0,sigma_1p0__kernel_9__order_2,1.0,9,2,7556,0.050000000000000044,0.4599292576313019,0.0004369906600913964,0.00033009552862495184,0.9623021453477256,3,3,4,0.0,3 4 5 6
2101,0,sigma_1p0__kernel_9__order_2,1.0,9,2,7560,0.050000000000000044,0.2813258171081543,0.00043907613144256175,0.0002048807218670845,0.9843359494074629,3,3,4,0.0,5 4 3 6
2102,0,sigma_1p0__kernel_9__order_2,1.0,9,2,7564,0.050000000000000044,0.2813258171081543,0.0003842853257083334,0.0002048807218670845,0.9843359494074629,3,3,4,0.0,5 4 3 6
2103,0,sigma_1p0__kernel_9__order_2,1.0,9,2,7567,0.050000000000000044,0.14686039090156555,0.00045410500024445355,0.0005567030166275799,0.9459672033007165,2,2,3,0.0,3 5 6
2104,0,sigma_1p0__kernel_9__order_2,1.0,9,2,7572,0.050000000000000044,0.20172783732414246,0.00046805305173620583,0.0002679729659575969,0.9730112660193415,4,4,5,0.0,5 4 3 2 6
2105,0,sigma_1p0__kernel_9__order_2,1.0,9,2,7576,0.050000000000000044,0.5133083462715149,0.00042077829857589677,0.00022969531710259616,0.9836593969292079,3,3,4,0.0,3 5 4 6
2106,0,sigma_1p0__kernel_9__order_2,1.0,9,2,7581,0.050000000000000044,0.3965899348258972,0.0005111778213176876,0.0004623690329026431,0.953826961881624,5,5,6,0.0,2 1 5 4 3
2107,0,sigma_1p0__kernel_9__order_2,1.0,9,2,7584,0.050000000000000044,0.158042773604393,0.00048376747872680426,0.0004597074002958834,0.9592404986923289,2,2,3,0.0,3 5 6
2108,0,sigma_1p0__kernel_9__order_2,1.0,9,2,7586,0.050000000000000044,0.06885778158903122,0.000432910630479455,0.0009730406454764307,0.927493339335805,1,1,2,0.0,4 6
2109,0,sigma_1p0__kernel_9__order_2,1.0,9,2,7588,0.050000000000000044,0.042731307446956635,0.00035789262619800866,0.0010006569791585207,0.9216949270299539,1,1,2,0.0,4 6
2110,0,sigma_1p0__kernel_9__order_2,1.0,9,2,7593,0.050000000000000044,0.2318192571401596,0.00045456168008968235,0.0003047949285246432,0.9760491947392079,4,4,5,0.0,4 5 1 3 6
2111,0,sigma_1p0__kernel_9__order_2,1.0,9,2,7596,0.050000000000000044,0.17979587614536285,0.0004480417604402949,0.0007011665729805827,0.9514408477279718,2,2,3,0.0,3 5 6
2112,0,sigma_1p0__kernel_9__order_2,1.0,9,2,7599,0.050000000000000044,0.058370791375637054,0.00033250171691179276,0.0004879920743405819,0.9443934640972282,2,2,3,0.0,3 5 6
2113,0,sigma_1p0__kernel_9__order_2,1.0,9,2,7602,0.050000000000000044,0.16052131354808807,0.00040127755103943247,0.0006135533330962062,0.9546433615982178,2,2,3,0.0,3 5 6
2114,0,sigma_1p0__kernel_9__order_2,1.0,9,2,7605,0.050000000000000044,0.4351603388786316,0.0004862243464837472,0.00046005219337530434,0.9631423900406653,2,2,3,0.0,3 5 6
2115,0,sigma_1p0__kernel_9__order_2,1.0,9,2,7609,0.050000000000000044,0.5793420672416687,0.00039180009480332956,0.00036204076604917645,0.9700708798045352,3,3,4,0.0,3 4 5 6
2116,0,sigma_1p0__kernel_9__order_2,1.0,9,2,7612,0.050000000000000044,0.0692678764462471,0.0004760944478524228,0.0006569871911779046,0.9474752098676282,2,2,3,0.0,3 5 6
2117,0,sigma_1p0__kernel_9__order_2,1.0,9,2,7616,0.050000000000000044,0.16299965977668762,0.0003690635348903015,0.00029329670360311866,0.978404005805604,3,3,4,0.0,3 4 5 6
2118,0,sigma_1p0__kernel_9__order_2,1.0,9,2,7620,0.050000000000000044,0.5934131145477295,0.0003994200815213844,0.0004541786329355091,0.9655303865777468,3,3,4,0.0,3 4 5 6
2119,0,sigma_1p0__kernel_9__order_2,1.0,9,2,7624,0.050000000000000044,0.2537424862384796,0.00040603366505820304,0.0003305163118056953,0.9657473915503509,3,3,4,0.0,5 4 3 6
2120,0,sigma_1p0__kernel_9__order_2,1.0,9,2,7627,0.050000000000000044,0.17979587614536285,0.00041601165624645847,0.0007011665729805827,0.9514408477279718,2,2,3,0.0,3 5 6
2121,0,sigma_1p0__kernel_9__order_2,1.0,9,2,7631,0.050000000000000044,0.25167807936668396,0.00046950121031841263,0.0002688246313482523,0.9730571657596389,3,3,4,0.0,5 4 3 6
2122,0,sigma_1p0__kernel_9__order_2,1.0,9,2,7635,0.050000000000000044,0.5827685594558716,0.00040610611176816747,0.00026917693321593106,0.9711808926745913,3,3,4,0.0,3 4 5 6
2123,0,sigma_1p0__kernel_9__order_2,1.0,9,2,7639,0.050000000000000044,0.45992928743362427,0.0004244282827130519,0.00033009552862495184,0.9623021453477256,3,3,4,0.0,3 5 4 6
2124,0,sigma_1p0__kernel_9__order_2,1.0,9,2,7644,0.050000000000000044,0.4257511496543884,0.00039921857533045115,0.000464441574877128,0.9535418546157275,4,4,5,0.0,2 4 3 5 6
2125,0,sigma_1p0__kernel_9__order_2,1.0,9,2,7648,0.050000000000000044,0.2811933755874634,0.00036700676719192415,0.0003074454143643379,0.9758183664501635,3,3,4,0.0,4 5 3 6
2126,0,sigma_1p0__kernel_9__order_2,1.0,9,2,7651,0.050000000000000044,0.0729357898235321,0.0003738619658785562,0.000244210590608418,0.9645484778210609,2,2,3,0.0,3 5 6
2127,0,sigma_1p0__kernel_9__order_2,1.0,9,2,7656,0.050000000000000044,0.46614837646484375,0.00041014106827788057,0.0001355567219434306,0.9772140656406332,4,4,5,0.0,3 5 4 2 6
2128,0,sigma_1p0__kernel_9__order_2,1.0,9,2,7660,0.050000000000000044,0.4962378442287445,0.0004928144990117289,0.0001359974849037826,0.9773213869928605,3,3,4,0.0,3 5 4 6
2129,0,sigma_1p0__kernel_9__order_2,1.0,9,2,7662,0.050000000000000044,0.06620339304208755,0.0004014298610854894,0.0010458785109221935,0.8895152893258473,1,1,2,0.0,4 6
2130,0,sigma_1p0__kernel_9__order_2,1.0,9,2,7664,0.050000000000000044,0.08822499215602875,0.0003407276526559144,0.0010199007811024785,0.9173677836353231,1,1,2,0.0,4 6
2131,0,sigma_1p0__kernel_9__order_2,1.0,9,2,7668,0.050000000000000044,0.5827685594558716,0.0004343524924479425,0.00026917693321593106,0.9711808926745913,3,3,4,0.0,3 4 5 6
2132,0,sigma_1p0__kernel_9__order_2,1.0,9,2,7671,0.050000000000000044,0.0692678838968277,0.00039765332864287,0.0006569871911779046,0.9474752098676282,2,2,3,0.0,5 3 6
2133,0,sigma_1p0__kernel_9__order_2,1.0,9,2,7676,0.050000000000000044,0.4542590081691742,0.0003616773581597954,0.00022620128584094346,0.9837157861124747,5,5,6,0.0,2 4 1 5 3
2134,0,sigma_1p0__kernel_9__order_2,1.0,9,2,7679,0.050000000000000044,0.07960246503353119,0.00046739182046925026,0.0002772131119854748,0.9761993671533753,2,2,3,0.0,3 5 6
2135,0,sigma_1p0__kernel_9__order_2,1.0,9,2,7683,0.050000000000000044,0.6219107508659363,0.00048415077617391944,0.00011563707084860653,0.9869697132944069,3,3,4,0.0,3 4 5 6
2136,0,sigma_1p0__kernel_9__order_2,1.0,9,2,7687,0.050000000000000044,0.45421579480171204,0.0003302994737168774,0.0002658700686879456,0.9685054444104397,3,3,4,0.0,5 3 4 6
2137,0,sigma_1p0__kernel_9__order_2,1.0,9,2,7690,0.050000000000000044,0.2528998553752899,0.00035557371059743065,0.0006789679755456746,0.9499137441004215,2,2,3,0.0,4 5 6
2138,0,sigma_1p0__kernel_9__order_2,1.0,9,2,7692,0.050000000000000044,0.08585478365421295,0.0004033149452880025,0.0004186356964055449,0.9436479770400152,1,1,2,0.0,4 6
2139,0,sigma_1p0__kernel_9__order_2,1.0,9,2,7694,0.050000000000000044,0.05148378759622574,0.0003845534520223737,0.001311954576522112,0.8983739310439219,1,1,2,0.0,4 6
2140,0,sigma_1p0__kernel_9__order_2,1.0,9,2,7698,0.050000000000000044,0.2423517256975174,0.00035638457484310493,0.0006882387679070234,0.9495375515022686,3,3,4,0.0,5 4 3 6
2141,0,sigma_1p0__kernel_9__order_2,1.0,9,2,7703,0.050000000000000044,0.21299192309379578,0.0003386499418411404,0.00026344420621171594,0.9782822229207342,4,4,5,0.0,4 5 3 2 6
2142,0,sigma_1p0__kernel_9__order_2,1.0,9,2,7707,0.050000000000000044,0.5793420672416687,0.0004176964284852147,0.00036204076604917645,0.9700708798045352,3,3,4,0.0,3 4 5 6
2143,0,sigma_1p0__kernel_9__order_2,1.0,9,2,7711,0.050000000000000044,0.6030303239822388,0.00032574009674135596,0.0003137296298518777,0.9649377163681208,3,3,4,0.0,3 5 4 6
2144,0,sigma_1p0__kernel_9__order_2,1.0,9,2,7713,0.050000000000000044,0.08585478365421295,0.0003176438622176647,0.0004186356964055449,0.9436479770400152,1,1,2,0.0,4 6
2145,0,sigma_1p0__kernel_9__order_2,1.0,9,2,7716,0.050000000000000044,0.046418145298957825,0.0003113862961375465,0.0007575950585305691,0.9282478330818567,2,2,3,0.0,5 3 6
2146,0,sigma_1p0__kernel_9__order_2,1.0,9,2,7719,0.050000000000000044,0.07960246503353119,0.00038498824384684366,0.0002772131119854748,0.9761993671533753,2,2,3,0.0,3 5 6
2147,0,sigma_1p0__kernel_9__order_2,1.0,9,2,7723,0.050000000000000044,0.506294310092926,0.000396518807974644,0.0002349590213270858,0.976496011798362,3,3,4,0.0,3 4 5 6
2148,0,sigma_1p0__kernel_9__order_2,1.0,9,2,7727,0.050000000000000044,0.5793420672416687,0.00035242908052168787,0.00036204076604917645,0.9700708798045352,3,3,4,0.0,3 4 5 6
2149,0,sigma_1p0__kernel_9__order_2,1.0,9,2,7731,0.050000000000000044,0.2975843548774719,0.0004433653593878262,0.00011739555338863283,0.9893193590265392,3,3,4,0.0,5 4 3 6
2150,0,sigma_1p0__kernel_9__order_2,1.0,9,2,7733,0.050000000000000044,0.08585478365421295,0.00047527748392894864,0.0004186356964055449,0.9436479770400152,1,1,2,0.0,4 6
2151,0,sigma_1p0__kernel_9__order_2,1.0,9,2,7735,0.050000000000000044,0.07216545939445496,0.00031536753522232175,0.0009983577765524387,0.9042346423821841,1,1,2,0.0,4 6
2152,0,sigma_1p0__kernel_9__order_2,1.0,9,2,7739,0.050000000000000044,0.2813258171081543,0.00031500613840762526,0.0002048807218670845,0.9843359494074629,3,3,4,0.0,4 5 3 6
2153,0,sigma_1p0__kernel_9__order_2,1.0,9,2,7743,0.050000000000000044,0.2537424862384796,0.00030791245808359236,0.0003305163118056953,0.9657473915503509,3,3,4,0.0,5 4 3 6
2154,0,sigma_1p0__kernel_9__order_2,1.0,9,2,7747,0.050000000000000044,0.13184279203414917,0.0003915714187314734,0.0003914186963811517,0.962852881049713,3,3,4,0.0,4 3 5 6
2155,0,sigma_1p0__kernel_9__order_2,1.0,9,2,7750,0.050000000000000044,0.05513451248407364,0.00028627495824669796,0.0006530879763886333,0.9352612300342952,2,2,3,0.0,5 3 6
2156,0,sigma_1p0__kernel_9__order_2,1.0,9,2,7754,0.050000000000000044,0.5133083462715149,0.0007139621011447161,0.00022969531710259616,0.9836593969292079,3,3,4,0.0,3 4 5 6
2157,0,sigma_1p0__kernel_9__order_2,1.0,9,2,7758,0.050000000000000044,0.26265954971313477,0.000704741629306227,0.00026568223256617785,0.9782780824178181,3,3,4,0.0,4 5 3 6
2158,0,sigma_1p0__kernel_9__order_2,1.0,9,2,7762,0.050000000000000044,0.506294310092926,0.0006153511785669252,0.0002349590213270858,0.976496011798362,3,3,4,0.0,4 5 3 6
2159,0,sigma_1p0__kernel_9__order_2,1.0,9,2,7764,0.050000000000000044,0.09472252428531647,0.0005214675329625607,0.0005082559073343873,0.9629806053340789,1,1,2,0.0,4 6
2160,0,sigma_1p0__kernel_9__order_2,1.0,9,2,7766,0.050000000000000044,0.06885778158903122,0.0004343448090367019,0.0009730406454764307,0.927493339335805,1,1,2,0.0,4 6
2161,0,sigma_1p0__kernel_9__order_2,1.0,9,2,7770,0.050000000000000044,0.5133083462715149,0.0006227743870113045,0.00022969531710259616,0.9836593969292079,3,3,4,0.0,4 5 3 6
2162,0,sigma_1p0__kernel_9__order_2,1.0,9,2,7773,0.050000000000000044,0.16052131354808807,0.0006554065815483531,0.0006135533330962062,0.9546433615982178,2,2,3,0.0,3 5 6
2163,0,sigma_1p0__kernel_9__order_2,1.0,9,2,7777,0.050000000000000044,0.45535826683044434,0.0004309935902711004,0.00046948809176683426,0.9537005855587801,3,3,4,0.0,4 5 3 6
2164,0,sigma_1p0__kernel_9__order_2,1.0,9,2,7782,0.050000000000000044,0.5414643883705139,0.000491520541254431,0.00035670067882165313,0.9703575982208342,5,5,6,0.0,4 3 2 1 5
2165,0,sigma_1p0__kernel_9__order_2,1.0,9,2,7783,0.050000000000000044,0.0,0.0005378993228077888,0.0015417041722685099,0.8229836673164623,0,0,1,0.0,6
2166,0,sigma_1p0__kernel_9__order_2,1.0,9,2,7787,0.050000000000000044,0.4962378442287445,0.0003679006258607842,0.0001359974849037826,0.9773213869928605,3,3,4,0.0,4 5 3 6
2167,0,sigma_1p0__kernel_9__order_2,1.0,9,2,7791,0.050000000000000044,0.4962378442287445,0.0005286388550302945,0.0001359974849037826,0.9773213869928605,3,3,4,0.0,5 3 4 6
2168,0,sigma_1p0__kernel_9__order_2,1.0,9,2,7794,0.050000000000000044,0.0729357898235321,0.00045571348164230585,0.000244210590608418,0.9645484778210609,2,2,3,0.0,5 3 6
2169,0,sigma_1p0__kernel_9__order_2,1.0,9,2,7797,0.050000000000000044,0.14686039090156555,0.0005624655944605669,0.0005567030166275799,0.9459672033007165,2,2,3,0.0,3 5 6
2170,0,sigma_1p0__kernel_9__order_2,1.0,9,2,7801,0.050000000000000044,0.2423517256975174,0.00046434700198005885,0.0006882387679070234,0.9495375515022686,3,3,4,0.0,5 4 3 6
2171,0,sigma_1p0__kernel_9__order_2,1.0,9,2,7805,0.050000000000000044,0.506294310092926,0.0006166947932797484,0.0002349590213270858,0.976496011798362,3,3,4,0.0,4 5 3 6
2172,0,sigma_1p0__kernel_9__order_2,1.0,9,2,7808,0.050000000000000044,0.45210686326026917,0.0003959816046214352,0.00054370571160689,0.9630684083445036,2,2,3,0.0,4 3 6
2173,0,sigma_1p0__kernel_9__order_2,1.0,9,2,7810,0.050000000000000044,0.34668493270874023,0.00047917530173435807,0.0013296640245243907,0.8959374416189868,1,1,2,0.0,4 6
2174,0,sigma_1p0__kernel_9__order_2,1.0,9,2,7811,0.050000000000000044,0.0,0.0004699347773566842,0.002130668144673109,0.8688772391266545,0,0,1,0.0,6
2175,0,sigma_1p0__kernel_9__order_2,1.0,9,2,7816,0.050000000000000044,0.2318192720413208,0.0005840981961227953,0.0003047949285246432,0.9760491947392079,4,4,5,0.0,4 3 5 1 6
2176,0,sigma_1p0__kernel_9__order_2,1.0,9,2,7818,0.050000000000000044,0.09472252428531647,0.0004400098987389356,0.0005082559073343873,0.9629806053340789,1,1,2,0.0,4 6
2177,0,sigma_1p0__kernel_9__order_2,1.0,9,2,7821,0.050000000000000044,0.05051891505718231,0.00046053660723070305,0.0006870934157632291,0.9247663637510236,2,2,3,0.0,5 3 6
2178,0,sigma_1p0__kernel_9__order_2,1.0,9,2,7825,0.050000000000000044,0.2423517107963562,0.000511693833686877,0.0006882387679070234,0.9495375515022686,3,3,4,0.0,5 3 4 6
2179,0,sigma_1p0__kernel_9__order_2,1.0,9,2,7829,0.050000000000000044,0.45992928743362427,0.0005053374479757622,0.00033009552862495184,0.9623021453477256,3,3,4,0.0,4 5 3 6
2180,0,sigma_1p0__kernel_9__order_2,1.0,9,2,7831,0.050000000000000044,0.08822499215602875,0.00046025225310586393,0.0010199007811024785,0.9173677836353231,1,1,2,0.0,4 6
2181,0,sigma_1p0__kernel_9__order_2,1.0,9,2,7833,0.050000000000000044,0.08822499215602875,0.0003153911966364831,0.0010199007811024785,0.9173677836353231,1,1,2,0.0,4 6
2182,0,sigma_1p0__kernel_9__order_2,1.0,9,2,7836,0.050000000000000044,0.4440065026283264,0.0004548525418310116,0.00039500228012911975,0.9647165368024291,2,2,3,0.0,4 5 6
2183,0,sigma_1p0__kernel_9__order_2,1.0,9,2,7838,0.050000000000000044,0.06885778158903122,0.0003651238657766953,0.0009730406454764307,0.927493339335805,1,1,2,0.0,4 6
2184,0,sigma_1p0__kernel_9__order_2,1.0,9,2,7843,0.050000000000000044,0.10998545587062836,0.0004034549696370959,0.00035960436798632145,0.9762636047835582,4,4,5,0.0,4 3 5 1 6
2185,0,sigma_1p0__kernel_9__order_2,1.0,9,2,7848,0.050000000000000044,0.42462190985679626,0.0005159934109542519,0.0002650593232829124,0.968571965036721,4,4,5,0.0,4 1 5 3 6
2186,0,sigma_1p0__kernel_9__order_2,1.0,9,2,7852,0.050000000000000044,0.45992928743362427,0.0005052412743680179,0.00033009552862495184,0.9623021453477256,3,3,4,0.0,4 5 3 6
2187,0,sigma_1p0__kernel_9__order_2,1.0,9,2,7857,0.050000000000000044,0.4917108118534088,0.00048170636873692276,0.0004085330874659121,0.9488037567536981,4,4,5,0.0,3 5 1 4 6
2188,0,sigma_1p0__kernel_9__order_2,1.0,9,2,7860,0.050000000000000044,0.13858801126480103,0.00046246636581296724,0.001098372507840395,0.9371302295099683,2,2,3,0.0,2 5 6
2189,0,sigma_1p0__kernel_9__order_2,1.0,9,2,7864,0.050000000000000044,0.2811933755874634,0.0004138799704378471,0.0003074454143643379,0.9758183664501635,3,3,4,0.0,4 3 5 6
2190,0,sigma_1p0__kernel_9__order_2,1.0,9,2,7869,0.050000000000000044,0.5435150861740112,0.00046452522510662673,0.00026785070076584816,0.9713053481296751,5,5,6,0.0,2 3 4 1 5
2191,0,sigma_1p0__kernel_9__order_2,1.0,9,2,7874,0.050000000000000044,0.5414643883705139,0.0004901911481283606,0.00035670067882165313,0.9703575982208342,5,5,6,0.0,4 3 2 1 5
2192,0,sigma_1p0__kernel_9__order_2,1.0,9,2,7878,0.050000000000000044,0.5793421268463135,0.0006169634361867793,0.00036204076604917645,0.9700708798045352,3,3,4,0.0,4 3 5 6
2193,0,sigma_1p0__kernel_9__order_2,1.0,9,2,7880,0.050000000000000044,0.09472252428531647,0.00047225017624441534,0.0005082559073343873,0.9629806053340789,1,1,2,0.0,4 6
2194,0,sigma_1p0__kernel_9__order_2,1.0,9,2,7885,0.050000000000000044,0.4542589485645294,0.0004343781853094697,0.00022620128584094346,0.9837157861124747,5,5,6,0.0,4 1 5 2 3
2195,0,sigma_1p0__kernel_9__order_2,1.0,9,2,7889,0.050000000000000044,0.16299965977668762,0.0005199468687351327,0.00029329670360311866,0.978404005805604,3,3,4,0.0,3 4 5 6
2196,0,sigma_1p0__kernel_9__order_2,1.0,9,2,7891,0.050000000000000044,0.08585478365421295,0.0004994901828467846,0.0004186356964055449,0.9436479770400152,1,1,2,0.0,4 6
2197,0,sigma_1p0__kernel_9__order_2,1.0,9,2,7895,0.050000000000000044,0.253742516040802,0.0004575074854074046,0.0003305163118056953,0.9657473915503509,3,3,4,0.0,4 3 5 6
2198,0,sigma_1p0__kernel_9__order_2,1.0,9,2,7899,0.050000000000000044,0.5257713794708252,0.0003533629569574259,0.00016244305879808962,0.9840680202746079,3,3,4,0.0,4 3 5 6
2199,0,sigma_1p0__kernel_9__order_2,1.0,9,2,7903,0.050000000000000044,0.45535826683044434,0.0004830150865018368,0.00046948809176683426,0.9537005855587801,3,3,4,0.0,5 3 4 6
2200,0,sigma_1p0__kernel_9__order_2,1.0,9,2,7907,0.050000000000000044,0.25167810916900635,0.0003166805545333773,0.0002688246313482523,0.9730571657596389,3,3,4,0.0,5 3 4 6
2201,0,sigma_1p0__kernel_9__order_2,1.0,9,2,7910,0.050000000000000044,0.059378549456596375,0.000555720025052627,0.00037747513852082193,0.9724228940594069,2,2,3,0.0,1 3 6
2202,0,sigma_1p0__kernel_9__order_2,1.0,9,2,7914,0.050000000000000044,0.5934131145477295,0.00041980334208346903,0.0004541786329355091,0.9655303865777468,3,3,4,0.0,4 5 3 6
2203,0,sigma_1p0__kernel_9__order_2,1.0,9,2,7916,0.050000000000000044,0.09472252428531647,0.0003656600893009454,0.0005082559073343873,0.9629806053340789,1,1,2,0.0,4 6
2204,0,sigma_1p0__kernel_9__order_2,1.0,9,2,7920,0.050000000000000044,0.26265949010849,0.0004545666524791159,0.00026568223256617785,0.9782780824178181,3,3,4,0.0,4 3 5 6
2205,0,sigma_1p0__kernel_9__order_2,1.0,9,2,7922,0.050000000000000044,0.06620339304208755,0.0004953349125571549,0.0010458785109221935,0.8895152893258473,1,1,2,0.0,4 6
2206,0,sigma_1p0__kernel_9__order_2,1.0,9,2,7927,0.050000000000000044,0.4917108118534088,0.0005217751255258918,0.0004085330874659121,0.9488037567536981,4,4,5,0.0,3 5 1 4 6
2207,0,sigma_1p0__kernel_9__order_2,1.0,9,2,7929,0.050000000000000044,0.042731307446956635,0.0005051127227488905,0.0010006569791585207,0.9216949270299539,1,1,2,0.0,4 6
2208,0,sigma_1p0__kernel_9__order_2,1.0,9,2,7934,0.050000000000000044,0.5598863363265991,0.0004520692164078355,0.0003612028667703271,0.9702479499131973,4,4,5,0.0,4 3 2 5 6
2209,0,sigma_1p0__kernel_9__order_2,1.0,9,2,7938,0.050000000000000044,0.5074523687362671,0.00042380878585390747,0.00028734508669003844,0.9792653489835764,3,3,4,0.0,4 3 5 6
2210,0,sigma_1p0__kernel_9__order_2,1.0,9,2,7940,0.050000000000000044,0.09472252428531647,0.00039057311369106174,0.0005082559073343873,0.9629806053340789,1,1,2,0.0,4 6
2211,0,sigma_1p0__kernel_9__order_2,1.0,9,2,7944,0.050000000000000044,0.26265949010849,0.0004720249999081716,0.00026568223256617785,0.9782780824178181,3,3,4,0.0,4 3 5 6
2212,0,sigma_1p0__kernel_9__order_2,1.0,9,2,7948,0.050000000000000044,0.45535826683044434,0.0004331205491325818,0.00046948809176683426,0.9537005855587801,3,3,4,0.0,4 5 3 6
2213,0,sigma_1p0__kernel_9__order_2,1.0,9,2,7950,0.050000000000000044,0.06620339304208755,0.0005126761097926646,0.0010458785109221935,0.8895152893258473,1,1,2,0.0,4 6
2214,0,sigma_1p0__kernel_9__order_2,1.0,9,2,7954,0.050000000000000044,0.6030303239822388,0.0005774914025096223,0.0003137296298518777,0.9649377163681208,3,3,4,0.0,4 5 3 6
2215,0,sigma_1p0__kernel_9__order_2,1.0,9,2,7958,0.050000000000000044,0.2975843548774719,0.0004110722438781522,0.00011739555338863283,0.9893193590265392,3,3,4,0.0,5 3 4 6
2216,0,sigma_1p0__kernel_9__order_2,1.0,9,2,7961,0.050000000000000044,0.16052131354808807,0.0006064735935069621,0.0006135533330962062,0.9546433615982178,2,2,3,0.0,3 5 6
2217,0,sigma_1p0__kernel_9__order_2,1.0,9,2,7963,0.050000000000000044,0.05148378759622574,0.00048343326488975435,0.001311954576522112,0.8983739310439219,1,1,2,0.0,4 6
2218,0,sigma_1p0__kernel_9__order_2,1.0,9,2,7967,0.050000000000000044,0.5793421268463135,0.0005741914428654127,0.00036204076604917645,0.9700708798045352,3,3,4,0.0,4 5 3 6
2219,0,sigma_1p0__kernel_9__order_2,1.0,9,2,7971,0.050000000000000044,0.5599574446678162,0.0003680767986224964,0.00040378078119829297,0.96713060346143,3,3,4,0.0,4 3 5 6
2220,0,sigma_1p0__kernel_9__order_2,1.0,9,2,7975,0.050000000000000044,0.6030303239822388,0.00046239086805144325,0.0003137296298518777,0.9649377163681208,3,3,4,0.0,4 3 5 6
2221,0,sigma_1p0__kernel_9__order_2,1.0,9,2,7980,0.050000000000000044,0.5742695331573486,0.000362505586235784,0.00045150649384595454,0.9657286060763596,4,4,5,0.0,4 3 1 5 6
2222,0,sigma_1p0__kernel_9__order_2,1.0,9,2,7982,0.050000000000000044,0.06885778158903122,0.00035346824734006077,0.0009730406454764307,0.927493339335805,1,1,2,0.0,4 6
2223,0,sigma_1p0__kernel_9__order_2,1.0,9,2,7986,0.050000000000000044,0.2975843548774719,0.0004426246596267447,0.00011739555338863283,0.9893193590265392,3,3,4,0.0,4 5 3 6
2224,0,sigma_1p0__kernel_9__order_2,1.0,9,2,7990,0.050000000000000044,0.45421576499938965,0.00039411807665601373,0.0002658700686879456,0.9685054444104397,3,3,4,0.0,4 5 3 6
2225,0,sigma_1p0__kernel_9__order_2,1.0,9,2,7993,0.050000000000000044,0.31887176632881165,0.0004094044561497867,0.0010612314799800515,0.9100430138480011,2,2,3,0.0,4 5 6
2226,0,sigma_1p0__kernel_9__order_2,1.0,9,2,7995,0.050000000000000044,0.08585478365421295,0.0003374453663127497,0.0004186356964055449,0.9436479770400152,1,1,2,0.0,4 6
2227,0,sigma_1p0__kernel_9__order_2,1.0,9,2,7999,0.050000000000000044,0.25167810916900635,0.0003496297067613341,0.0002688246313482523,0.9730571657596389,3,3,4,0.0,4 3 5 6
2228,0,sigma_1p0__kernel_9__order_2,1.0,9,2,8002,0.050000000000000044,0.148762509226799,0.0005726347638604542,0.0005902164848521352,0.9453008105617358,2,2,3,0.0,3 5 6
2229,0,sigma_1p0__kernel_9__order_2,1.0,9,2,8006,0.050000000000000044,0.25167810916900635,0.0005276548399706371,0.0002688246313482523,0.9730571657596389,3,3,4,0.0,4 3 5 6
2230,0,sigma_1p0__kernel_9__order_2,1.0,9,2,8010,0.050000000000000044,0.5062942504882812,0.0005342483127606101,0.0002349590213270858,0.976496011798362,3,3,4,0.0,3 5 4 6
2231,0,sigma_1p0__kernel_9__order_2,1.0,9,2,8015,0.050000000000000044,0.5402342081069946,0.00039733521407470107,0.0004032488795928657,0.9671964041188837,4,4,5,0.0,3 5 1 4 6
2232,0,sigma_1p0__kernel_9__order_2,1.0,9,2,8019,0.050000000000000044,0.5116891264915466,0.0004463601653696969,0.00040857974090613425,0.9488013382473968,3,3,4,0.0,5 3 4 6
2233,0,sigma_1p0__kernel_9__order_2,1.0,9,2,8024,0.050000000000000044,0.5435150861740112,0.00039794499753043056,0.00026785070076584816,0.9713053481296751,5,5,6,0.0,4 3 2 1 5
2234,0,sigma_1p0__kernel_9__order_2,1.0,9,2,8029,0.050000000000000044,0.5399646162986755,0.00032899649813771247,0.00040371244540438056,0.9671228918004404,4,4,5,0.0,4 2 5 3 6
2235,0,sigma_1p0__kernel_9__order_2,1.0,9,2,8032,0.050000000000000044,0.16950292885303497,0.00048175805325930315,0.0002968789776787162,0.967183250787709,2,2,3,0.0,3 5 6
2236,0,sigma_1p0__kernel_9__order_2,1.0,9,2,8036,0.050000000000000044,0.25167810916900635,0.0003500695893308148,0.0002688246313482523,0.9730571657596389,3,3,4,0.0,5 3 4 6
2237,0,sigma_1p0__kernel_9__order_2,1.0,9,2,8039,0.050000000000000044,0.158042773604393,0.00035215520377581316,0.0004597074002958834,0.9592404986923289,2,2,3,0.0,3 5 6
2238,0,sigma_1p0__kernel_9__order_2,1.0,9,2,8043,0.050000000000000044,0.4962378442287445,0.0003526774817146361,0.0001359974849037826,0.9773213869928605,3,3,4,0.0,3 5 4 6
2239,0,sigma_1p0__kernel_9__order_2,1.0,9,2,8047,0.050000000000000044,0.5133083462715149,0.00037991478166077286,0.00022969531710259616,0.9836593969292079,3,3,4,0.0,3 5 4 6
2240,0,sigma_1p0__kernel_9__order_2,1.0,9,2,8049,0.050000000000000044,0.06885778158903122,0.00042986273183487356,0.0009730406454764307,0.927493339335805,1,1,2,0.0,4 6
2241,0,sigma_1p0__kernel_9__order_2,1.0,9,2,8051,0.050000000000000044,0.08585478365421295,0.00041380434413440526,0.0004186356964055449,0.9436479770400152,1,1,2,0.0,4 6
2242,0,sigma_1p0__kernel_9__order_2,1.0,9,2,8055,0.050000000000000044,0.2423517107963562,0.00034442236938048154,0.0006882387679070234,0.9495375515022686,3,3,4,0.0,5 3 4 6
2243,0,sigma_1p0__kernel_9__order_2,1.0,9,2,8058,0.050000000000000044,0.07350464165210724,0.00036866250350916135,0.0002482387935742736,0.9657002167596829,2,2,3,0.0,4 5 6
2244,0,sigma_1p0__kernel_9__order_2,1.0,9,2,8063,0.050000000000000044,0.21361280977725983,0.0003373927029315382,0.0002612602838780731,0.9784177513029005,4,4,5,0.0,1 4 5 3 6
2245,0,sigma_1p0__kernel_9__order_2,1.0,9,2,8066,0.050000000000000044,0.14686039090156555,0.0003318331534198175,0.0005567030166275799,0.9459672033007165,2,2,3,0.0,3 5 6
2246,0,sigma_1p0__kernel_9__order_2,1.0,9,2,8070,0.050000000000000044,0.45421579480171204,0.00038004163798177615,0.0002658700686879456,0.9685054444104397,3,3,4,0.0,5 3 4 6
2247,0,sigma_1p0__kernel_9__order_2,1.0,9,2,8073,0.050000000000000044,0.4959481358528137,0.0002945441034777711,0.00044584256829693913,0.9500090408091313,2,2,3,0.0,3 5 6
2248,0,sigma_1p0__kernel_9__order_2,1.0,9,2,8076,0.050000000000000044,0.17979587614536285,0.0003199738372738163,0.0007011665729805827,0.9514408477279718,2,2,3,0.0,3 5 6
2249,0,sigma_1p0__kernel_9__order_2,1.0,9,2,8080,0.050000000000000044,0.25167810916900635,0.00036625041684601456,0.0002688246313482523,0.9730571657596389,3,3,4,0.0,3 4 5 6
2250,0,sigma_1p0__kernel_9__order_2,1.0,9,2,8083,0.050000000000000044,0.16352729499340057,0.00033594612614251673,0.0005552549264393747,0.9588457210948436,2,2,3,0.0,3 5 6
2251,0,sigma_1p0__kernel_9__order_2,1.0,9,2,8087,0.050000000000000044,0.4962378442287445,0.0004043272419949062,0.0001359974849037826,0.9773213869928605,3,3,4,0.0,3 5 4 6
2252,0,sigma_1p0__kernel_9__order_2,1.0,9,2,8090,0.050000000000000044,0.16352729499340057,0.00037159381705957156,0.0005552549264393747,0.9588457210948436,2,2,3,0.0,3 5 6
2253,0,sigma_1p0__kernel_9__order_2,1.0,9,2,8093,0.050000000000000044,0.046418145298957825,0.00039849805762059987,0.0007575950585305691,0.9282478330818567,2,2,3,0.0,5 3 6
2254,0,sigma_1p0__kernel_9__order_2,1.0,9,2,8096,0.050000000000000044,0.17979587614536285,0.0003354204527568072,0.0007011665729805827,0.9514408477279718,2,2,3,0.0,3 5 6
2255,0,sigma_1p0__kernel_9__order_2,1.0,9,2,8098,0.050000000000000044,0.06885778158903122,0.00041011578286997974,0.0009730406454764307,0.927493339335805,1,1,2,0.0,4 6
2256,0,sigma_1p0__kernel_9__order_2,1.0,9,2,8102,0.050000000000000044,0.45421579480171204,0.00034499646062613465,0.0002658700686879456,0.9685054444104397,3,3,4,0.0,5 3 4 6
2257,0,sigma_1p0__kernel_9__order_2,1.0,9,2,8106,0.050000000000000044,0.2975843548774719,0.0003481747626210563,0.00011739555338863283,0.9893193590265392,3,3,4,0.0,5 4 3 6
2258,0,sigma_1p0__kernel_9__order_2,1.0,9,2,8111,0.050000000000000044,0.5742695331573486,0.0003865448059514165,0.00045150649384595454,0.9657286060763596,4,4,5,0.0,4 3 1 5 6
2259,0,sigma_1p0__kernel_9__order_2,1.0,9,2,8113,0.050000000000000044,0.07216545939445496,0.0003675699990708381,0.0009983577765524387,0.9042346423821841,1,1,2,0.0,4 6
2260,0,sigma_1p0__kernel_9__order_2,1.0,9,2,8115,0.050000000000000044,0.09472252428531647,0.0003902985918102786,0.0005082559073343873,0.9629806053340789,1,1,2,0.0,4 6
2261,0,sigma_1p0__kernel_9__order_2,1.0,9,2,8119,0.050000000000000044,0.2813257873058319,0.00029119016835466027,0.0002048807218670845,0.9843359494074629,3,3,4,0.0,3 4 5 6
2262,0,sigma_1p0__kernel_9__order_2,1.0,9,2,8123,0.050000000000000044,0.5074523687362671,0.00030211562261683866,0.00028734508669003844,0.9792653489835764,3,3,4,0.0,3 4 5 6
2263,0,sigma_1p0__kernel_9__order_2,1.0,9,2,8127,0.050000000000000044,0.26265954971313477,0.00029280453600222245,0.00026568223256617785,0.9782780824178181,3,3,4,0.0,4 5 3 6
2264,0,sigma_1p0__kernel_9__order_2,1.0,9,2,8131,0.050000000000000044,0.16481979191303253,0.0002921291161328554,0.0002559213316999376,0.9799899954114034,3,3,4,0.0,3 4 5 6
2265,0,sigma_1p0__kernel_9__order_2,1.0,9,2,8133,0.050000000000000044,0.05148378759622574,0.0003998793399659917,0.001311954576522112,0.8983739310439219,1,1,2,0.0,4 6
2266,0,sigma_1p0__kernel_9__order_2,1.0,9,2,8135,0.050000000000000044,0.042731307446956635,0.00033579701266717166,0.0010006569791585207,0.9216949270299539,1,1,2,0.0,4 6
2267,0,sigma_1p0__kernel_9__order_2,1.0,9,2,8139,0.050000000000000044,0.5257713794708252,0.00041811545816017315,0.00016244305879808962,0.9840680202746079,3,3,4,0.0,3 4 5 6
2268,0,sigma_1p0__kernel_9__order_2,1.0,9,2,8142,0.050000000000000044,0.14686039090156555,0.0002852591375509898,0.0005567030166275799,0.9459672033007165,2,2,3,0.0,3 5 6
2269,0,sigma_1p0__kernel_9__order_2,1.0,9,2,8145,0.050000000000000044,0.046418145298957825,0.00030261043381566804,0.0007575950585305691,0.9282478330818567,2,2,3,0.0,5 3 6
2270,0,sigma_1p0__kernel_9__order_2,1.0,9,2,8147,0.050000000000000044,0.07216545939445496,0.00032275906414724886,0.0009983577765524387,0.9042346423821841,1,1,2,0.0,4 6
2271,0,sigma_1p0__kernel_9__order_2,1.0,9,2,8150,0.050000000000000044,0.16052131354808807,0.0003089397117340316,0.0006135533330962062,0.9546433615982178,2,2,3,0.0,3 5 6
2272,0,sigma_1p0__kernel_9__order_2,1.0,9,2,8155,0.050000000000000044,0.5632835626602173,0.0003649014019174501,0.00026843766681849957,0.9713118144717426,4,4,5,0.0,4 3 1 5 6
2273,0,sigma_1p0__kernel_9__order_2,1.0,9,2,8159,0.050000000000000044,0.5045946836471558,0.00034482645423850045,0.0004865041410084814,0.9562090784311295,3,3,4,0.0,5 4 3 6
2274,0,sigma_1p0__kernel_9__order_2,1.0,9,2,8162,0.050000000000000044,0.16052131354808807,0.00039040533010847867,0.0006135533330962062,0.9546433615982178,2,2,3,0.0,3 5 6
2275,0,sigma_1p0__kernel_9__order_2,1.0,9,2,8166,0.050000000000000044,0.5934131145477295,0.0003485167835606262,0.0004541786329355091,0.9655303865777468,3,3,4,0.0,3 5 4 6
2276,0,sigma_1p0__kernel_9__order_2,1.0,9,2,8170,0.050000000000000044,0.5116890668869019,0.00026454472390469164,0.00040857974090613425,0.9488013382473968,3,3,4,0.0,5 4 3 6
2277,0,sigma_1p0__kernel_9__order_2,1.0,9,2,8172,0.050000000000000044,0.042731307446956635,0.0002269029209855944,0.0010006569791585207,0.9216949270299539,1,1,2,0.0,4 6
2278,0,sigma_1p0__kernel_9__order_2,1.0,9,2,8174,0.050000000000000044,0.08585478365421295,0.0004429715481819585,0.0004186356964055449,0.9436479770400152,1,1,2,0.0,4 6
2279,0,sigma_1p0__kernel_9__order_2,1.0,9,2,8178,0.050000000000000044,0.5074523687362671,0.00036928263580193743,0.00028734508669003844,0.9792653489835764,3,3,4,0.0,3 4 5 6
2280,0,sigma_1p0__kernel_9__order_2,1.0,9,2,8181,0.050000000000000044,0.01933283358812332,0.00031798507552593946,0.0009232949814759195,0.9097620966034752,2,2,3,0.0,5 2 6
2281,0,sigma_1p0__kernel_9__order_2,1.0,9,2,8185,0.050000000000000044,0.26265954971313477,0.000290112839138601,0.00026568223256617785,0.9782780824178181,3,3,4,0.0,5 4 3 6
2282,0,sigma_1p0__kernel_9__order_2,1.0,9,2,8190,0.050000000000000044,0.48459553718566895,0.00038216551183722913,0.0004865009104833007,0.9562088372839191,4,4,5,0.0,4 3 1 5 6
2283,0,sigma_1p0__kernel_9__order_2,1.0,9,2,8193,0.050000000000000044,0.11319142580032349,0.00032399721870509285,0.0006818970432505012,0.9482707950185794,2,2,3,0.0,1 3 6
2284,0,sigma_1p0__kernel_9__order_2,1.0,9,2,8194,0.050000000000000044,0.0,0.0003275346534792334,0.0017653151880949736,0.843665886736795,0,0,1,0.0,6
2285,0,sigma_1p0__kernel_9__order_2,1.0,9,2,8198,0.050000000000000044,0.5074523687362671,0.00027925286485697143,0.00028734508669003844,0.9792653489835764,3,3,4,0.0,3 4 5 6
2286,0,sigma_1p0__kernel_9__order_2,1.0,9,2,8200,0.050000000000000044,0.06885778158903122,0.00027423834399087355,0.0009730406454764307,0.927493339335805,1,1,2,0.0,4 6
2287,0,sigma_1p0__kernel_9__order_2,1.0,9,2,8203,0.050000000000000044,0.07632232457399368,0.00035148096503689885,0.0003549546527210623,0.9567700723688894,2,2,3,0.0,5 3 6
2288,0,sigma_1p0__kernel_9__order_2,1.0,9,2,8206,0.050000000000000044,0.16352729499340057,0.0002908384194597602,0.0005552549264393747,0.9588457210948436,2,2,3,0.0,3 5 6
2289,0,sigma_1p0__kernel_9__order_2,1.0,9,2,8210,0.050000000000000044,0.5257713794708252,0.00029513552362914197,0.00016244305879808962,0.9840680202746079,3,3,4,0.0,3 4 5 6
2290,0,sigma_1p0__kernel_9__order_2,1.0,9,2,8212,0.050000000000000044,0.042731307446956635,0.0003118667518720031,0.0010006569791585207,0.9216949270299539,1,1,2,0.0,4 6
2291,0,sigma_1p0__kernel_9__order_2,1.0,9,2,8217,0.050000000000000044,0.5629134178161621,0.00028626079438254237,0.0002687380474526435,0.9711584980188737,4,4,5,0.0,3 2 4 5 6
2292,0,sigma_1p0__kernel_9__order_2,1.0,9,2,8221,0.050000000000000044,0.16888204216957092,0.00030730066282558255,0.0003634778840932995,0.975528885525132,3,3,4,0.0,3 4 5 6
2293,0,sigma_1p0__kernel_9__order_2,1.0,9,2,8225,0.050000000000000044,0.16481979191303253,0.0002806182892527431,0.0002559213316999376,0.9799899954114034,3,3,4,0.0,3 4 5 6
2294,0,sigma_1p0__kernel_9__order_2,1.0,9,2,8230,0.050000000000000044,0.22412048280239105,0.0003001520235557109,0.00017749413382261992,0.9803130662646787,4,4,5,0.0,5 1 4 3 6
2295,0,sigma_1p0__kernel_9__order_2,1.0,9,2,8234,0.050000000000000044,0.5133083462715149,0.0002890993928303942,0.00022969531710259616,0.9836593969292079,3,3,4,0.0,3 4 5 6
2296,0,sigma_1p0__kernel_9__order_2,1.0,9,2,8238,0.050000000000000044,0.2975843548774719,0.0003146113085676916,0.00011739555338863283,0.9893193590265392,3,3,4,0.0,3 4 5 6
2297,0,sigma_1p0__kernel_9__order_2,1.0,9,2,8243,0.050000000000000044,0.42582324147224426,0.00033079443965107204,0.00046869658399373293,0.9538842547733634,4,4,5,0.0,5 3 4 1 6
2298,0,sigma_1p0__kernel_9__order_2,1.0,9,2,8248,0.050000000000000044,0.5632836222648621,0.00029277741559781135,0.00026843766681849957,0.9713118144717426,4,4,5,0.0,4 5 1 3 6
2299,0,sigma_1p0__kernel_9__order_2,1.0,9,2,8251,0.050000000000000044,0.148762509226799,0.00027172721456736326,0.0005902164848521352,0.9453008105617358,2,2,3,0.0,3 5 6
2300,0,sigma_1p0__kernel_9__order_2,1.0,9,2,8254,0.050000000000000044,0.16027358174324036,0.0005143183613351235,0.0003168144612573087,0.962523856270044,2,2,3,0.0,3 5 6
2301,0,sigma_1p0__kernel_9__order_2,1.0,9,2,8258,0.050000000000000044,0.45535826683044434,0.000494395149871707,0.00046948809176683426,0.9537005855587801,3,3,4,0.0,3 4 5 6
2302,0,sigma_1p0__kernel_9__order_2,1.0,9,2,8262,0.050000000000000044,0.45421573519706726,0.000501388763950672,0.0002658700686879456,0.9685054444104397,3,3,4,0.0,3 4 5 6
2303,0,sigma_1p0__kernel_9__order_2,1.0,9,2,8264,0.050000000000000044,0.08822499215602875,0.00036483322037383914,0.0010199007811024785,0.9173677836353231,1,1,2,0.0,4 6
2304,0,sigma_1p0__kernel_9__order_2,1.0,9,2,8268,0.050000000000000044,0.5934131145477295,0.000520843212143518,0.0004541786329355091,0.9655303865777468,3,3,4,0.0,4 5 3 6
2305,0,sigma_1p0__kernel_9__order_2,1.0,9,2,8270,0.050000000000000044,0.07216545939445496,0.00034011839306913316,0.0009983577765524387,0.9042346423821841,1,1,2,0.0,4 6
2306,0,sigma_1p0__kernel_9__order_2,1.0,9,2,8274,0.050000000000000044,0.2975843548774719,0.00041575935028959066,0.00011739555338863283,0.9893193590265392,3,3,4,0.0,4 3 5 6
2307,0,sigma_1p0__kernel_9__order_2,1.0,9,2,8278,0.050000000000000044,0.2813258171081543,0.00039109861972974613,0.0002048807218670845,0.9843359494074629,3,3,4,0.0,4 3 5 6
2308,0,sigma_1p0__kernel_9__order_2,1.0,9,2,8282,0.050000000000000044,0.4962378442287445,0.000332377810991602,0.0001359974849037826,0.9773213869928605,3,3,4,0.0,4 5 3 6
2309,0,sigma_1p0__kernel_9__order_2,1.0,9,2,8286,0.050000000000000044,0.2975843548774719,0.0003131219345959835,0.00011739555338863283,0.9893193590265392,3,3,4,0.0,4 3 5 6
2310,0,sigma_1p0__kernel_9__order_2,1.0,9,2,8289,0.050000000000000044,0.16052131354808807,0.0003967725400192042,0.0006135533330962062,0.9546433615982178,2,2,3,0.0,3 5 6
2311,0,sigma_1p0__kernel_9__order_2,1.0,9,2,8293,0.050000000000000044,0.5045947432518005,0.0003146775416098535,0.0004865041410084814,0.9562090784311295,3,3,4,0.0,4 3 5 6
2312,0,sigma_1p0__kernel_9__order_2,1.0,9,2,8297,0.050000000000000044,0.5827685594558716,0.0003874213216477074,0.00026917693321593106,0.9711808926745913,3,3,4,0.0,4 3 5 6
2313,0,sigma_1p0__kernel_9__order_2,1.0,9,2,8299,0.050000000000000044,0.06885778158903122,0.00027144378691446036,0.0009730406454764307,0.927493339335805,1,1,2,0.0,4 6
2314,0,sigma_1p0__kernel_9__order_2,1.0,9,2,8303,0.050000000000000044,0.5599574446678162,0.00035442466469248757,0.00040378078119829297,0.96713060346143,3,3,4,0.0,4 3 5 6
2315,0,sigma_1p0__kernel_9__order_2,1.0,9,2,8305,0.050000000000000044,0.08822499215602875,0.0003420589564484544,0.0010199007811024785,0.9173677836353231,1,1,2,0.0,4 6
2316,0,sigma_1p0__kernel_9__order_2,1.0,9,2,8309,0.050000000000000044,0.2975843548774719,0.00032947834552032873,0.00011739555338863283,0.9893193590265392,3,3,4,0.0,4 3 5 6
2317,0,sigma_1p0__kernel_9__order_2,1.0,9,2,8313,0.050000000000000044,0.5133083462715149,0.00030260109997470863,0.00022969531710259616,0.9836593969292079,3,3,4,0.0,4 5 3 6
2318,0,sigma_1p0__kernel_9__order_2,1.0,9,2,8316,0.050000000000000044,0.16052131354808807,0.0005308833497110754,0.0006135533330962062,0.9546433615982178,2,2,3,0.0,3 5 6
2319,0,sigma_1p0__kernel_9__order_2,1.0,9,2,8320,0.050000000000000044,0.5074523687362671,0.00036244177317712456,0.00028734508669003844,0.9792653489835764,3,3,4,0.0,4 3 5 6
2320,0,sigma_1p0__kernel_9__order_2,1.0,9,2,8324,0.050000000000000044,0.5116891264915466,0.00035260149888927117,0.00040857974090613425,0.9488013382473968,3,3,4,0.0,3 5 4 6
2321,0,sigma_1p0__kernel_9__order_2,1.0,9,2,8326,0.050000000000000044,0.08822499215602875,0.0003119467874057591,0.0010199007811024785,0.9173677836353231,1,1,2,0.0,4 6
2322,0,sigma_1p0__kernel_9__order_2,1.0,9,2,8330,0.050000000000000044,0.15600349009037018,0.0003189343406120315,0.00016633210179861635,0.9804948296721285,3,3,4,0.0,4 3 5 6
2323,0,sigma_1p0__kernel_9__order_2,1.0,9,2,8332,0.050000000000000044,0.08822499215602875,0.0002995335089508444,0.0010199007811024785,0.9173677836353231,1,1,2,0.0,4 6
2324,0,sigma_1p0__kernel_9__order_2,1.0,9,2,8334,0.050000000000000044,0.06885778158903122,0.00039011205080896616,0.0009730406454764307,0.927493339335805,1,1,2,0.0,4 6
2325,0,sigma_1p0__kernel_9__order_2,1.0,9,2,8338,0.050000000000000044,0.5257713794708252,0.0005232808543951251,0.00016244305879808962,0.9840680202746079,3,3,4,0.0,4 5 3 6
2326,0,sigma_1p0__kernel_9__order_2,1.0,9,2,8342,0.050000000000000044,0.45992928743362427,0.00038686163316015154,0.00033009552862495184,0.9623021453477256,3,3,4,0.0,4 5 3 6
2327,0,sigma_1p0__kernel_9__order_2,1.0,9,2,8345,0.050000000000000044,0.1580427587032318,0.0005793867555136482,0.0004597074002958834,0.9592404986923289,2,2,3,0.0,5 3 6
2328,0,sigma_1p0__kernel_9__order_2,1.0,9,2,8350,0.050000000000000044,0.23296569287776947,0.00039575543778482827,0.0001988169242395088,0.9846306668769449,4,4,5,0.0,4 5 3 2 6
2329,0,sigma_1p0__kernel_9__order_2,1.0,9,2,8354,0.050000000000000044,0.6030303239822388,0.0003329097817186266,0.0003137296298518777,0.9649377163681208,3,3,4,0.0,3 5 4 6
2330,0,sigma_1p0__kernel_9__order_2,1.0,9,2,8357,0.050000000000000044,0.03553807735443115,0.0003903268564802905,0.0007937612244859338,0.9251901235931977,2,2,3,0.0,4 1 6
2331,0,sigma_1p0__kernel_9__order_2,1.0,9,2,8361,0.050000000000000044,0.2975843548774719,0.0004128058280912228,0.00011739555338863283,0.9893193590265392,3,3,4,0.0,4 5 3 6
2332,0,sigma_1p0__kernel_9__order_2,1.0,9,2,8364,0.050000000000000044,0.14686039090156555,0.0003721831793275972,0.0005567030166275799,0.9459672033007165,2,2,3,0.0,3 5 6
2333,0,sigma_1p0__kernel_9__order_2,1.0,9,2,8367,0.050000000000000044,0.0692678838968277,0.000351963157299906,0.0006569871911779046,0.9474752098676282,2,2,3,0.0,5 3 6
2334,0,sigma_1p0__kernel_9__order_2,1.0,9,2,8371,0.050000000000000044,0.506294310092926,0.00029631154757225886,0.0002349590213270858,0.976496011798362,3,3,4,0.0,4 5 3 6
2335,0,sigma_1p0__kernel_9__order_2,1.0,9,2,8372,0.050000000000000044,0.0,0.0002030690957326442,0.0021252217702567577,0.8223969706984217,0,0,1,0.0,6
2336,0,sigma_1p0__kernel_9__order_2,1.0,9,2,8375,0.050000000000000044,0.046418145298957825,0.0004072031782319148,0.0007575950585305691,0.9282478330818567,2,2,3,0.0,5 3 6
2337,0,sigma_1p0__kernel_9__order_2,1.0,9,2,8380,0.050000000000000044,0.22412048280239105,0.0002957143122330308,0.00017749413382261992,0.9803130662646787,4,4,5,0.0,4 5 1 3 6
2338,0,sigma_1p0__kernel_9__order_2,1.0,9,2,8385,0.050000000000000044,0.4517238140106201,0.0002854536927770823,0.0002711522101890296,0.9798690636291232,5,5,6,0.0,4 2 1 3 5
2339,0,sigma_1p0__kernel_9__order_2,1.0,9,2,8390,0.050000000000000044,0.0967952311038971,0.00029145289154257624,0.00016328564379364252,0.9806482662910797,4,4,5,0.0,4 3 5 2 6
2340,0,sigma_1p0__kernel_9__order_2,1.0,9,2,8393,0.050000000000000044,0.07960246503353119,0.00031604966109928984,0.0002772131119854748,0.9761993671533753,2,2,3,0.0,3 5 6
2341,0,sigma_1p0__kernel_9__order_2,1.0,9,2,8395,0.050000000000000044,0.34668493270874023,0.00038473636959679425,0.0013296640245243907,0.8959374416189868,1,1,2,0.0,4 6
2342,0,sigma_1p0__kernel_9__order_2,1.0,9,2,8399,0.050000000000000044,0.2423517256975174,0.00029592407008749433,0.0006882387679070234,0.9495375515022686,3,3,4,0.0,5 4 3 6
2343,0,sigma_1p0__kernel_9__order_2,1.0,9,2,8404,0.050000000000000044,0.5742694735527039,0.00032606322201900184,0.00045150649384595454,0.9657286060763596,4,4,5,0.0,4 5 1 3 6
2344,0,sigma_1p0__kernel_9__order_2,1.0,9,2,8407,0.050000000000000044,0.16027358174324036,0.00025138930262376863,0.0003168144612573087,0.962523856270044,2,2,3,0.0,3 5 6
2345,0,sigma_1p0__kernel_9__order_2,1.0,9,2,8411,0.050000000000000044,0.2975843548774719,0.0003948344492528122,0.00011739555338863283,0.9893193590265392,3,3,4,0.0,4 5 3 6
2346,0,sigma_1p0__kernel_9__order_2,1.0,9,2,8414,0.050000000000000044,0.05513451248407364,0.00036304219005008537,0.0006530879763886333,0.9352612300342952,2,2,3,0.0,5 3 6
2347,0,sigma_1p0__kernel_9__order_2,1.0,9,2,8418,0.050000000000000044,0.25167807936668396,0.00038132753979880363,0.0002688246313482523,0.9730571657596389,3,3,4,0.0,5 4 3 6
2348,0,sigma_1p0__kernel_9__order_2,1.0,9,2,8420,0.050000000000000044,0.07216545939445496,0.0003492955875117332,0.0009983577765524387,0.9042346423821841,1,1,2,0.0,4 6
2349,0,sigma_1p0__kernel_9__order_2,1.0,9,2,8424,0.050000000000000044,0.15753862261772156,0.0003621222494984977,0.00017175794346258044,0.9811322692954441,3,3,4,0.0,3 4 5 6
2350,0,sigma_1p0__kernel_9__order_2,1.0,9,2,8426,0.050000000000000044,0.09472252428531647,0.0002511070924811065,0.0005082559073343873,0.9629806053340789,1,1,2,0.0,4 6
2351,0,sigma_1p0__kernel_9__order_2,1.0,9,2,8429,0.050000000000000044,0.148762509226799,0.00035254528241542477,0.0005902164848521352,0.9453008105617358,2,2,3,0.0,3 5 6
2352,0,sigma_1p0__kernel_9__order_2,1.0,9,2,8433,0.050000000000000044,0.5257713794708252,0.0003470950832706876,0.00016244305879808962,0.9840680202746079,3,3,4,0.0,4 5 3 6
2353,0,sigma_1p0__kernel_9__order_2,1.0,9,2,8437,0.050000000000000044,0.45535826683044434,0.00033413937489967793,0.00046948809176683426,0.9537005855587801,3,3,4,0.0,5 4 3 6
2354,0,sigma_1p0__kernel_9__order_2,1.0,9,2,8440,0.050000000000000044,0.05513451248407364,0.0002938586597641309,0.0006530879763886333,0.9352612300342952,2,2,3,0.0,5 3 6
2355,0,sigma_1p0__kernel_9__order_2,1.0,9,2,8444,0.050000000000000044,0.01940794289112091,0.00037911631807219237,0.0004502757510636002,0.9575773105113884,3,3,4,0.0,5 3 4 6
2356,0,sigma_1p0__kernel_9__order_2,1.0,9,2,8449,0.050000000000000044,0.5402342081069946,0.00030970138031989337,0.0004032488795928657,0.9671964041188837,4,4,5,0.0,4 3 1 5 6
2357,0,sigma_1p0__kernel_9__order_2,1.0,9,2,8453,0.050000000000000044,0.6219107508659363,0.00027738061180571094,0.00011563707084860653,0.9869697132944069,3,3,4,0.0,4 3 5 6
2358,0,sigma_1p0__kernel_9__order_2,1.0,9,2,8457,0.050000000000000044,0.5133084058761597,0.00034572793083498254,0.00022969531710259616,0.9836593969292079,3,3,4,0.0,5 4 3 6
2359,0,sigma_1p0__kernel_9__order_2,1.0,9,2,8461,0.050000000000000044,0.6030303239822388,0.0004910014758934267,0.0003137296298518777,0.9649377163681208,3,3,4,0.0,3 5 4 6
2360,0,sigma_1p0__kernel_9__order_2,1.0,9,2,8465,0.050000000000000044,0.15600350499153137,0.0002734377594606485,0.00016633210179861635,0.9804948296721285,3,3,4,0.0,4 5 3 6
2361,0,sigma_1p0__kernel_9__order_2,1.0,9,2,8467,0.050000000000000044,0.07216545939445496,0.00042316250619478524,0.0009983577765524387,0.9042346423821841,1,1,2,0.0,4 6
2362,0,sigma_1p0__kernel_9__order_2,1.0,9,2,8469,0.050000000000000044,0.0975203663110733,0.00039195051067508757,0.0012585811782628298,0.912362789976611,1,1,2,0.0,4 6
2363,0,sigma_1p0__kernel_9__order_2,1.0,9,2,8474,0.050000000000000044,0.5414643883705139,0.00028673725319094956,0.00035670067882165313,0.9703575982208342,5,5,6,0.0,4 1 5 2 3
2364,0,sigma_1p0__kernel_9__order_2,1.0,9,2,8479,0.050000000000000044,0.5832986831665039,0.00028708093450404706,0.0003123176866210997,0.9648182590389082,4,4,5,0.0,5 4 2 3 6
2365,0,sigma_1p0__kernel_9__order_2,1.0,9,2,8481,0.050000000000000044,0.07216545939445496,0.0003821083373622969,0.0009983577765524387,0.9042346423821841,1,1,2,0.0,4 6
2366,0,sigma_1p0__kernel_9__order_2,1.0,9,2,8485,0.050000000000000044,0.5133083462715149,0.0003431788136367686,0.00022969531710259616,0.9836593969292079,3,3,4,0.0,4 5 3 6
2367,0,sigma_1p0__kernel_9__order_2,1.0,9,2,8487,0.050000000000000044,0.09472252428531647,0.0003337496455060318,0.0005082559073343873,0.9629806053340789,1,1,2,0.0,4 6
2368,0,sigma_1p0__kernel_9__order_2,1.0,9,2,8492,0.050000000000000044,0.46614837646484375,0.00038090363377705214,0.0001355567219434306,0.9772140656406332,4,4,5,0.0,4 5 3 2 6
2369,0,sigma_1p0__kernel_9__order_2,1.0,9,2,8495,0.050000000000000044,0.16027358174324036,0.0003610140411183238,0.0003168144612573087,0.962523856270044,2,2,3,0.0,3 5 6
2370,0,sigma_1p0__kernel_9__order_2,1.0,9,2,8498,0.050000000000000044,0.058370791375637054,0.0002441939771718656,0.0004879920743405819,0.9443934640972282,2,2,3,0.0,3 5 6
2371,0,sigma_1p0__kernel_9__order_2,1.0,9,2,8501,0.050000000000000044,0.05051891505718231,0.0005043068764886508,0.0006870934157632291,0.9247663637510236,2,2,3,0.0,5 3 6
2372,0,sigma_1p0__kernel_9__order_2,1.0,9,2,8505,0.050000000000000044,0.5827685594558716,0.0009136488515650854,0.00026917693321593106,0.9711808926745913,3,3,4,0.0,3 5 4 6
2373,0,sigma_1p0__kernel_9__order_2,1.0,9,2,8506,0.050000000000000044,0.0,0.0006937998696230352,0.001669246586970985,0.8368215547358522,0,0,1,0.0,6
2374,0,sigma_1p0__kernel_9__order_2,1.0,9,2,8509,0.050000000000000044,0.05051891505718231,0.0005519085486109058,0.0006870934157632291,0.9247663637510236,2,2,3,0.0,5 3 6
2375,0,sigma_1p0__kernel_9__order_2,1.0,9,2,8513,0.050000000000000044,0.27362075448036194,0.0004691166031989269,0.00017932752962224185,0.9802599173840955,3,3,4,0.0,4 5 3 6
2376,0,sigma_1p0__kernel_9__order_2,1.0,9,2,8518,0.050000000000000044,0.4789198637008667,0.0006080909864977002,0.00028237898368388414,0.9795094902818751,4,4,5,0.0,4 1 5 3 6
2377,0,sigma_1p0__kernel_9__order_2,1.0,9,2,8520,0.050000000000000044,0.07216545939445496,0.0003030153748113662,0.0009983577765524387,0.9042346423821841,1,1,2,0.0,4 6
2378,0,sigma_1p0__kernel_9__order_2,1.0,9,2,8523,0.050000000000000044,0.16052131354808807,0.00047152553452178836,0.0006135533330962062,0.9546433615982178,2,2,3,0.0,3 5 6
2379,0,sigma_1p0__kernel_9__order_2,1.0,9,2,8527,0.050000000000000044,0.5827685594558716,0.0004699078999692574,0.00026917693321593106,0.9711808926745913,3,3,4,0.0,4 3 5 6
2380,0,sigma_1p0__kernel_9__order_2,1.0,9,2,8529,0.050000000000000044,0.08822499215602875,0.00040812337829265743,0.0010199007811024785,0.9173677836353231,1,1,2,0.0,4 6
2381,0,sigma_1p0__kernel_9__order_2,1.0,9,2,8532,0.050000000000000044,0.07960245758295059,0.0005385151307564229,0.0002772131119854748,0.9761993671533753,2,2,3,0.0,5 3 6
2382,0,sigma_1p0__kernel_9__order_2,1.0,9,2,8536,0.050000000000000044,0.6030303239822388,0.00035329006641404703,0.0003137296298518777,0.9649377163681208,3,3,4,0.0,4 5 3 6
2383,0,sigma_1p0__kernel_9__order_2,1.0,9,2,8538,0.050000000000000044,0.038031309843063354,0.0006581728812307119,0.000922714767511934,0.9105157326556982,1,1,2,0.0,1 6
2384,0,sigma_1p0__kernel_9__order_2,1.0,9,2,8542,0.050000000000000044,0.2975843548774719,0.00039843039121478796,0.00011739555338863283,0.9893193590265392,3,3,4,0.0,4 5 3 6
2385,0,sigma_1p0__kernel_9__order_2,1.0,9,2,8544,0.050000000000000044,0.012598544359207153,0.00036885000008624047,0.0015796693041920662,0.8745768114428316,1,1,2,0.0,1 6
2386,0,sigma_1p0__kernel_9__order_2,1.0,9,2,8548,0.050000000000000044,0.506294310092926,0.000369131907064002,0.0002349590213270858,0.976496011798362,3,3,4,0.0,4 5 3 6
2387,0,sigma_1p0__kernel_9__order_2,1.0,9,2,8553,0.050000000000000044,0.5742695331573486,0.000473578623495996,0.00045150649384595454,0.9657286060763596,4,4,5,0.0,4 3 1 5 6
2388,0,sigma_1p0__kernel_9__order_2,1.0,9,2,8556,0.050000000000000044,0.14686039090156555,0.0003015397621008257,0.0005567030166275799,0.9459672033007165,2,2,3,0.0,3 5 6
2389,0,sigma_1p0__kernel_9__order_2,1.0,9,2,8560,0.050000000000000044,0.5116890668869019,0.000425961465225555,0.00040857974090613425,0.9488013382473968,3,3,4,0.0,4 5 3 6
2390,0,sigma_1p0__kernel_9__order_2,1.0,9,2,8562,0.050000000000000044,0.09472252428531647,0.00031100856722332537,0.0005082559073343873,0.9629806053340789,1,1,2,0.0,4 6
2391,0,sigma_1p0__kernel_9__order_2,1.0,9,2,8566,0.050000000000000044,0.45992928743362427,0.00043218764767516404,0.00033009552862495184,0.9623021453477256,3,3,4,0.0,4 5 3 6
2392,0,sigma_1p0__kernel_9__order_2,1.0,9,2,8571,0.050000000000000044,0.3965899348258972,0.0003932280349545181,0.0004623690329026431,0.953826961881624,5,5,6,0.0,4 1 5 3 2
2393,0,sigma_1p0__kernel_9__order_2,1.0,9,2,8575,0.050000000000000044,0.16299965977668762,0.0003665256008389406,0.00029329670360311866,0.978404005805604,3,3,4,0.0,3 4 5 6
2394,0,sigma_1p0__kernel_9__order_2,1.0,9,2,8577,0.050000000000000044,0.08585478365421295,0.0003959681635024026,0.0004186356964055449,0.9436479770400152,1,1,2,0.0,4 6
2395,0,sigma_1p0__kernel_9__order_2,1.0,9,2,8579,0.050000000000000044,0.09472252428531647,0.00038478161150123924,0.0005082559073343873,0.9629806053340789,1,1,2,0.0,4 6
2396,0,sigma_1p0__kernel_9__order_2,1.0,9,2,8584,0.050000000000000044,0.602629542350769,0.00036584247136488556,0.00011469401943031698,0.98698817721516,4,4,5,0.0,4 3 1 5 6
2397,0,sigma_1p0__kernel_9__order_2,1.0,9,2,8587,0.050000000000000044,0.17979587614536285,0.0004303202440496534,0.0007011665729805827,0.9514408477279718,2,2,3,0.0,3 5 6
2398,0,sigma_1p0__kernel_9__order_2,1.0,9,2,8591,0.050000000000000044,0.25167807936668396,0.00041595268703531474,0.0002688246313482523,0.9730571657596389,3,3,4,0.0,5 4 3 6
2399,0,sigma_1p0__kernel_9__order_2,1.0,9,2,8595,0.050000000000000044,0.15600350499153137,0.0004035954552819021,0.00016633210179861635,0.9804948296721285,3,3,4,0.0,4 5 3 6
2400,0,sigma_1p0__kernel_9__order_2,1.0,9,2,8600,0.050000000000000044,0.5598863363265991,0.00044950618757866323,0.0003612028667703271,0.9702479499131973,4,4,5,0.0,4 3 2 5 6
2401,0,sigma_1p0__kernel_9__order_2,1.0,9,2,8604,0.050000000000000044,0.2423517107963562,0.00048662970948498696,0.0006882387679070234,0.9495375515022686,3,3,4,0.0,4 3 5 6
2402,0,sigma_1p0__kernel_9__order_2,1.0,9,2,8609,0.050000000000000044,0.49645063281059265,0.0004138274292927235,0.00016091778525151312,0.9841738597497646,4,4,5,0.0,4 3 2 5 6
2403,0,sigma_1p0__kernel_9__order_2,1.0,9,2,8613,0.050000000000000044,0.45535826683044434,0.0003887356579070911,0.00046948809176683426,0.9537005855587801,3,3,4,0.0,4 5 3 6
2404,0,sigma_1p0__kernel_9__order_2,1.0,9,2,8617,0.050000000000000044,0.4962378442287445,0.00031554575616610236,0.0001359974849037826,0.9773213869928605,3,3,4,0.0,4 5 3 6
2405,0,sigma_1p0__kernel_9__order_2,1.0,9,2,8621,0.050000000000000044,0.5116890668869019,0.00039973045932129025,0.00040857974090613425,0.9488013382473968,3,3,4,0.0,4 5 3 6
2406,0,sigma_1p0__kernel_9__order_2,1.0,9,2,8625,0.050000000000000044,0.16481979191303253,0.0003725057758856565,0.0002559213316999376,0.9799899954114034,3,3,4,0.0,3 4 5 6
2407,0,sigma_1p0__kernel_9__order_2,1.0,9,2,8628,0.050000000000000044,0.14686039090156555,0.00036635115975514054,0.0005567030166275799,0.9459672033007165,2,2,3,0.0,3 5 6
2408,0,sigma_1p0__kernel_9__order_2,1.0,9,2,8632,0.050000000000000044,0.5257713794708252,0.000269865329755703,0.00016244305879808962,0.9840680202746079,3,3,4,0.0,4 3 5 6
2409,0,sigma_1p0__kernel_9__order_2,1.0,9,2,8635,0.050000000000000044,0.158042773604393,0.0002964411590558787,0.0004597074002958834,0.9592404986923289,2,2,3,0.0,3 5 6
2410,0,sigma_1p0__kernel_9__order_2,1.0,9,2,8639,0.050000000000000044,0.2975843548774719,0.0002802401904773433,0.00011739555338863283,0.9893193590265392,3,3,4,0.0,4 5 3 6
2411,0,sigma_1p0__kernel_9__order_2,1.0,9,2,8643,0.050000000000000044,0.16299965977668762,0.00030321335361804813,0.00029329670360311866,0.978404005805604,3,3,4,0.0,3 4 5 6
2412,0,sigma_1p0__kernel_9__order_2,1.0,9,2,8646,0.050000000000000044,0.158042773604393,0.000398566141181315,0.0004597074002958834,0.9592404986923289,2,2,3,0.0,3 5 6
2413,0,sigma_1p0__kernel_9__order_2,1.0,9,2,8649,0.050000000000000044,0.158042773604393,0.00033406377770006657,0.0004597074002958834,0.9592404986923289,2,2,3,0.0,3 5 6
2414,0,sigma_1p0__kernel_9__order_2,1.0,9,2,8652,0.050000000000000044,0.16027358174324036,0.00039004095015116036,0.0003168144612573087,0.962523856270044,2,2,3,0.0,3 5 6
2415,0,sigma_1p0__kernel_9__order_2,1.0,9,2,8655,0.050000000000000044,0.16052131354808807,0.00045950838830322027,0.0006135533330962062,0.9546433615982178,2,2,3,0.0,3 5 6
2416,0,sigma_1p0__kernel_9__order_2,1.0,9,2,8659,0.050000000000000044,0.45992928743362427,0.0004289439966669306,0.00033009552862495184,0.9623021453477256,3,3,4,0.0,4 5 3 6
2417,0,sigma_1p0__kernel_9__order_2,1.0,9,2,8662,0.050000000000000044,0.05513451248407364,0.00036604250393187005,0.0006530879763886333,0.9352612300342952,2,2,3,0.0,5 3 6
2418,0,sigma_1p0__kernel_9__order_2,1.0,9,2,8666,0.050000000000000044,0.6030303239822388,0.00035085414128843695,0.0003137296298518777,0.9649377163681208,3,3,4,0.0,4 5 3 6
2419,0,sigma_1p0__kernel_9__order_2,1.0,9,2,8669,0.050000000000000044,0.16052131354808807,0.0004205617491000642,0.0006135533330962062,0.9546433615982178,2,2,3,0.0,3 5 6
2420,0,sigma_1p0__kernel_9__order_2,1.0,9,2,8673,0.050000000000000044,0.45535826683044434,0.00037628972495440394,0.00046948809176683426,0.9537005855587801,3,3,4,0.0,4 5 3 6
2421,0,sigma_1p0__kernel_9__order_2,1.0,9,2,8677,0.050000000000000044,0.5599574446678162,0.0003677153872558847,0.00040378078119829297,0.96713060346143,3,3,4,0.0,4 3 5 6
2422,0,sigma_1p0__kernel_9__order_2,1.0,9,2,8681,0.050000000000000044,0.2975843548774719,0.00035760411265073344,0.00011739555338863283,0.9893193590265392,3,3,4,0.0,4 5 3 6
2423,0,sigma_1p0__kernel_9__order_2,1.0,9,2,8686,0.050000000000000044,0.24814359843730927,0.0004925022542010993,0.00011450669262558222,0.9892929023957848,4,4,5,0.0,4 5 3 2 6
2424,0,sigma_1p0__kernel_9__order_2,1.0,9,2,8689,0.050000000000000044,0.05051891505718231,0.00031857331244585413,0.0006870934157632291,0.9247663637510236,2,2,3,0.0,5 3 6
2425,0,sigma_1p0__kernel_9__order_2,1.0,9,2,8692,0.050000000000000044,0.158042773604393,0.000367353786714375,0.0004597074002958834,0.9592404986923289,2,2,3,0.0,3 5 6
2426,0,sigma_1p0__kernel_9__order_2,1.0,9,2,8696,0.050000000000000044,0.15966123342514038,0.0004081569131813012,0.0002310934942215681,0.9801104172054284,3,3,4,0.0,3 4 5 6
2427,0,sigma_1p0__kernel_9__order_2,1.0,9,2,8700,0.050000000000000044,0.2813258171081543,0.000261055349255912,0.0002048807218670845,0.9843359494074629,3,3,4,0.0,4 5 3 6
2428,0,sigma_1p0__kernel_9__order_2,1.0,9,2,8703,0.050000000000000044,0.16052131354808807,0.00031374209599259,0.0006135533330962062,0.9546433615982178,2,2,3,0.0,3 5 6
2429,0,sigma_1p0__kernel_9__order_2,1.0,9,2,8707,0.050000000000000044,0.27362075448036194,0.00036334149262984283,0.00017932752962224185,0.9802599173840955,3,3,4,0.0,4 5 3 6
2430,0,sigma_1p0__kernel_9__order_2,1.0,9,2,8711,0.050000000000000044,0.5045947432518005,0.00028974725864827633,0.0004865041410084814,0.9562090784311295,3,3,4,0.0,4 3 5 6
2431,0,sigma_1p0__kernel_9__order_2,1.0,9,2,8715,0.050000000000000044,0.15966123342514038,0.00030053365480853245,0.0002310934942215681,0.9801104172054284,3,3,4,0.0,3 4 5 6
2432,0,sigma_1p0__kernel_9__order_2,1.0,9,2,8719,0.050000000000000044,0.25167810916900635,0.0004304200119804591,0.0002688246313482523,0.9730571657596389,3,3,4,0.0,4 5 3 6
2433,0,sigma_1p0__kernel_9__order_2,1.0,9,2,8721,0.050000000000000044,0.08585478365421295,0.00037587981205433607,0.0004186356964055449,0.9436479770400152,1,1,2,0.0,4 6
2434,0,sigma_1p0__kernel_9__order_2,1.0,9,2,8726,0.050000000000000044,0.4789198040962219,0.00038216080865822734,0.00028237898368388414,0.9795094902818751,4,4,5,0.0,1 4 5 3 6
2435,0,sigma_1p0__kernel_9__order_2,1.0,9,2,8730,0.050000000000000044,0.26265954971313477,0.0003028880964848213,0.00026568223256617785,0.9782780824178181,3,3,4,0.0,4 5 3 6
2436,0,sigma_1p0__kernel_9__order_2,1.0,9,2,8735,0.050000000000000044,0.47984904050827026,0.0003090834361501038,0.000276587757980451,0.9795012027025223,4,4,5,0.0,4 2 3 5 6
2437,0,sigma_1p0__kernel_9__order_2,1.0,9,2,8739,0.050000000000000044,0.12408103048801422,0.0003712748621182982,0.0005098858382552862,0.9648449044058921,3,3,4,0.0,3 4 1 6
2438,0,sigma_1p0__kernel_9__order_2,1.0,9,2,8742,0.050000000000000044,0.046418145298957825,0.000306138254624481,0.0007575950585305691,0.9282478330818567,2,2,3,0.0,5 3 6
2439,0,sigma_1p0__kernel_9__order_2,1.0,9,2,8746,0.050000000000000044,0.5257713794708252,0.00030470277124550194,0.00016244305879808962,0.9840680202746079,3,3,4,0.0,4 5 3 6
2440,0,sigma_1p0__kernel_9__order_2,1.0,9,2,8751,0.050000000000000044,0.5399646162986755,0.0004643849038984627,0.00040371244540438056,0.9671228918004404,4,4,5,0.0,4 3 2 5 6
2441,0,sigma_1p0__kernel_9__order_2,1.0,9,2,8754,0.050000000000000044,0.16027358174324036,0.0006977917122033735,0.0003168144612573087,0.962523856270044,2,2,3,0.0,3 5 6
2442,0,sigma_1p0__kernel_9__order_2,1.0,9,2,8758,0.050000000000000044,0.5116890668869019,0.0007155724597396329,0.00040857974090613425,0.9488013382473968,3,3,4,0.0,4 5 3 6
2443,0,sigma_1p0__kernel_9__order_2,1.0,9,2,8762,0.050000000000000044,0.2423517107963562,0.0005238580051809549,0.0006882387679070234,0.9495375515022686,3,3,4,0.0,3 4 5 6
2444,0,sigma_1p0__kernel_9__order_2,1.0,9,2,8766,0.050000000000000044,0.5257713794708252,0.000532831676537171,0.00016244305879808962,0.9840680202746079,3,3,4,0.0,3 4 5 6
2445,0,sigma_1p0__kernel_9__order_2,1.0,9,2,8771,0.050000000000000044,0.4962446689605713,0.0004628027090802789,0.00016172637697309256,0.9841781721387267,4,4,5,0.0,3 4 5 1 6
2446,0,sigma_1p0__kernel_9__order_2,1.0,9,2,8775,0.050000000000000044,0.15600350499153137,0.000533898564754054,0.00016633210179861635,0.9804948296721285,3,3,4,0.0,4 5 3 6
2447,0,sigma_1p0__kernel_9__order_2,1.0,9,2,8780,0.050000000000000044,0.46624407172203064,0.0005504922359250486,0.00013587935245595872,0.9773045430285469,4,4,5,0.0,4 5 3 1 6
2448,0,sigma_1p0__kernel_9__order_2,1.0,9,2,8784,0.050000000000000044,0.5133083462715149,0.0005480897816596553,0.00022969531710259616,0.9836593969292079,3,3,4,0.0,4 5 3 6
2449,0,sigma_1p0__kernel_9__order_2,1.0,9,2,8789,0.050000000000000044,0.4789198040962219,0.00038636476965621115,0.00028237898368388414,0.9795094902818751,4,4,5,0.0,1 4 5 3 6
2450,0,sigma_1p0__kernel_9__order_2,1.0,9,2,8792,0.050000000000000044,0.14686039090156555,0.0004556292454556872,0.0005567030166275799,0.9459672033007165,2,2,3,0.0,5 3 6
2451,0,sigma_1p0__kernel_9__order_2,1.0,9,2,8796,0.050000000000000044,0.2423517107963562,0.00042402484541526064,0.0006882387679070234,0.9495375515022686,3,3,4,0.0,3 4 5 6
2452,0,sigma_1p0__kernel_9__order_2,1.0,9,2,8799,0.050000000000000044,0.16352729499340057,0.00037426204653456807,0.0005552549264393747,0.9588457210948436,2,2,3,0.0,3 5 6
2453,0,sigma_1p0__kernel_9__order_2,1.0,9,2,8801,0.050000000000000044,0.042731307446956635,0.0003641964722191915,0.0010006569791585207,0.9216949270299539,1,1,2,0.0,4 6
2454,0,sigma_1p0__kernel_9__order_2,1.0,9,2,8805,0.050000000000000044,0.2811933755874634,0.00040505253127776086,0.0003074454143643379,0.9758183664501635,3,3,4,0.0,4 3 5 6
2455,0,sigma_1p0__kernel_9__order_2,1.0,9,2,8808,0.050000000000000044,0.16052131354808807,0.00027509236921711516,0.0006135533330962062,0.9546433615982178,2,2,3,0.0,3 5 6
2456,0,sigma_1p0__kernel_9__order_2,1.0,9,2,8810,0.050000000000000044,0.06885778158903122,0.0004384399071568623,0.0009730406454764307,0.927493339335805,1,1,2,0.0,4 6
2457,0,sigma_1p0__kernel_9__order_2,1.0,9,2,8814,0.050000000000000044,0.45421573519706726,0.0003465578847681172,0.0002658700686879456,0.9685054444104397,3,3,4,0.0,4 3 5 6
2458,0,sigma_1p0__kernel_9__order_2,1.0,9,2,8819,0.050000000000000044,0.4962446689605713,0.00043884036131203175,0.00016172637697309256,0.9841781721387267,4,4,5,0.0,3 4 5 1 6
2459,0,sigma_1p0__kernel_9__order_2,1.0,9,2,8823,0.050000000000000044,0.2423517107963562,0.000517766093253158,0.0006882387679070234,0.9495375515022686,3,3,4,0.0,3 4 5 6
2460,0,sigma_1p0__kernel_9__order_2,1.0,9,2,8826,0.050000000000000044,0.16052131354808807,0.0004421108460519463,0.0006135533330962062,0.9546433615982178,2,2,3,0.0,3 5 6
2461,0,sigma_1p0__kernel_9__order_2,1.0,9,2,8830,0.050000000000000044,0.27362072467803955,0.0003924433476640843,0.00017932752962224185,0.9802599173840955,3,3,4,0.0,3 4 5 6
2462,0,sigma_1p0__kernel_9__order_2,1.0,9,2,8832,0.050000000000000044,0.17441236972808838,0.00034524551301728934,0.0006397951510734856,0.945779772012469,1,1,2,0.0,3 6
2463,0,sigma_1p0__kernel_9__order_2,1.0,9,2,8837,0.050000000000000044,0.6035642027854919,0.00030683158547617495,0.00011355951573932543,0.9870355374287199,4,4,5,0.0,4 5 2 3 6
2464,0,sigma_1p0__kernel_9__order_2,1.0,9,2,8842,0.050000000000000044,0.5832986831665039,0.0004338401427958161,0.0003123176866210997,0.9648182590389082,4,4,5,0.0,4 5 2 3 6
2465,0,sigma_1p0__kernel_9__order_2,1.0,9,2,8846,0.050000000000000044,0.25167810916900635,0.00045312944712350145,0.0002688246313482523,0.9730571657596389,3,3,4,0.0,3 4 5 6
2466,0,sigma_1p0__kernel_9__order_2,1.0,9,2,8851,0.050000000000000044,0.47984904050827026,0.00042730525601655247,0.000276587757980451,0.9795012027025223,4,4,5,0.0,4 2 3 5 6
2467,0,sigma_1p0__kernel_9__order_2,1.0,9,2,8856,0.050000000000000044,0.48476216197013855,0.00041799094760790466,0.0004860204935539514,0.956205478781894,4,4,5,0.0,4 5 2 3 6
2468,0,sigma_1p0__kernel_9__order_2,1.0,9,2,8860,0.050000000000000044,0.26265954971313477,0.0003768686583498493,0.00026568223256617785,0.9782780824178181,3,3,4,0.0,5 4 3 6
2469,0,sigma_1p0__kernel_9__order_2,1.0,9,2,8865,0.050000000000000044,0.5402342081069946,0.00039835218340158465,0.0004032488795928657,0.9671964041188837,4,4,5,0.0,4 3 1 5 6
2470,0,sigma_1p0__kernel_9__order_2,1.0,9,2,8867,0.050000000000000044,0.038031309843063354,0.00046691769966855645,0.000922714767511934,0.9105157326556982,1,1,2,0.0,1 6
2471,0,sigma_1p0__kernel_9__order_2,1.0,9,2,8870,0.050000000000000044,0.17979587614536285,0.0003441290949316074,0.0007011665729805827,0.9514408477279718,2,2,3,0.0,3 5 6
2472,0,sigma_1p0__kernel_9__order_2,1.0,9,2,8873,0.050000000000000044,0.16027358174324036,0.000292606089108934,0.0003168144612573087,0.962523856270044,2,2,3,0.0,3 5 6
2473,0,sigma_1p0__kernel_9__order_2,1.0,9,2,8876,0.050000000000000044,0.14686039090156555,0.0005058157063710192,0.0005567030166275799,0.9459672033007165,2,2,3,0.0,3 5 6
2474,0,sigma_1p0__kernel_9__order_2,1.0,9,2,8881,0.050000000000000044,0.20172785222530365,0.0003493653843179345,0.0002679729659575969,0.9730112660193415,4,4,5,0.0,4 5 3 2 6
2475,0,sigma_1p0__kernel_9__order_2,1.0,9,2,8885,0.050000000000000044,0.5257713794708252,0.00028447425211197697,0.00016244305879808962,0.9840680202746079,3,3,4,0.0,4 5 3 6
2476,0,sigma_1p0__kernel_9__order_2,1.0,9,2,8890,0.050000000000000044,0.602629542350769,0.00033720708452165125,0.00011469401943031698,0.98698817721516,4,4,5,0.0,4 3 1 5 6
2477,0,sigma_1p0__kernel_9__order_2,1.0,9,2,8894,0.050000000000000044,0.5133084058761597,0.0003633326050476171,0.00022969531710259616,0.9836593969292079,3,3,4,0.0,5 4 3 6
2478,0,sigma_1p0__kernel_9__order_2,1.0,9,2,8898,0.050000000000000044,0.5133083462715149,0.0004120665689697489,0.00022969531710259616,0.9836593969292079,3,3,4,0.0,4 5 3 6
2479,0,sigma_1p0__kernel_9__order_2,1.0,9,2,8902,0.050000000000000044,0.13958822190761566,0.0003540760153555311,0.0003499265876598656,0.9686965808254643,3,3,4,0.0,4 5 3 6
2480,0,sigma_1p0__kernel_9__order_2,1.0,9,2,8906,0.050000000000000044,0.5045946836471558,0.00031544638477498665,0.0004865041410084814,0.9562090784311295,3,3,4,0.0,4 5 3 6
2481,0,sigma_1p0__kernel_9__order_2,1.0,9,2,8909,0.050000000000000044,0.014068245887756348,0.0003329638954407225,0.0007290833164006472,0.9344474175295988,2,2,3,0.0,4 1 6
2482,0,sigma_1p0__kernel_9__order_2,1.0,9,2,8913,0.050000000000000044,0.27362072467803955,0.00033253907167818397,0.00017932752962224185,0.9802599173840955,3,3,4,0.0,3 4 5 6
2483,0,sigma_1p0__kernel_9__order_2,1.0,9,2,8917,0.050000000000000044,0.4962378442287445,0.00033368718868587166,0.0001359974849037826,0.9773213869928605,3,3,4,0.0,3 5 4 6
2484,0,sigma_1p0__kernel_9__order_2,1.0,9,2,8921,0.050000000000000044,0.253742516040802,0.0003739071180461906,0.0003305163118056953,0.9657473915503509,3,3,4,0.0,3 4 5 6
2485,0,sigma_1p0__kernel_9__order_2,1.0,9,2,8924,0.050000000000000044,0.16052131354808807,0.00030503232846967876,0.0006135533330962062,0.9546433615982178,2,2,3,0.0,3 5 6
2486,0,sigma_1p0__kernel_9__order_2,1.0,9,2,8928,0.050000000000000044,0.15966123342514038,0.00035712317912839353,0.0002310934942215681,0.9801104172054284,3,3,4,0.0,4 5 3 6
2487,0,sigma_1p0__kernel_9__order_2,1.0,9,2,8931,0.050000000000000044,0.16027358174324036,0.00033170874424589175,0.0003168144612573087,0.962523856270044,2,2,3,0.0,3 5 6
2488,0,sigma_1p0__kernel_9__order_2,1.0,9,2,8935,0.050000000000000044,0.2975843548774719,0.00028651107641053386,0.00011739555338863283,0.9893193590265392,3,3,4,0.0,4 5 3 6
2489,0,sigma_1p0__kernel_9__order_2,1.0,9,2,8939,0.050000000000000044,0.5827685594558716,0.00034681855322560295,0.00026917693321593106,0.9711808926745913,3,3,4,0.0,4 5 3 6
2490,0,sigma_1p0__kernel_9__order_2,1.0,9,2,8943,0.050000000000000044,0.253742516040802,0.00034812827652785927,0.0003305163118056953,0.9657473915503509,3,3,4,0.0,3 4 5 6
2491,0,sigma_1p0__kernel_9__order_2,1.0,9,2,8947,0.050000000000000044,0.15753862261772156,0.0002701983648876194,0.00017175794346258044,0.9811322692954441,3,3,4,0.0,3 4 5 6
2492,0,sigma_1p0__kernel_9__order_2,1.0,9,2,8951,0.050000000000000044,0.4962378442287445,0.00025147754422505386,0.0001359974849037826,0.9773213869928605,3,3,4,0.0,4 3 5 6
2493,0,sigma_1p0__kernel_9__order_2,1.0,9,2,8955,0.050000000000000044,0.45992928743362427,0.0003250786830903962,0.00033009552862495184,0.9623021453477256,3,3,4,0.0,3 5 4 6
2494,0,sigma_1p0__kernel_9__order_2,1.0,9,2,8959,0.050000000000000044,0.5045946836471558,0.00030396392685361207,0.0004865041410084814,0.9562090784311295,3,3,4,0.0,4 5 3 6
2495,0,sigma_1p0__kernel_9__order_2,1.0,9,2,8963,0.050000000000000044,0.6219107508659363,0.0003667038763524033,0.00011563707084860653,0.9869697132944069,3,3,4,0.0,4 3 5 6
2496,0,sigma_1p0__kernel_9__order_2,1.0,9,2,8965,0.050000000000000044,0.042731307446956635,0.00035495897463988513,0.0010006569791585207,0.9216949270299539,1,1,2,0.0,4 6
2497,0,sigma_1p0__kernel_9__order_2,1.0,9,2,8968,0.050000000000000044,0.16027358174324036,0.0003366019130529215,0.0003168144612573087,0.962523856270044,2,2,3,0.0,3 5 6
2498,0,sigma_1p0__kernel_9__order_2,1.0,9,2,8972,0.050000000000000044,0.5116891264915466,0.0003320018950034864,0.00040857974090613425,0.9488013382473968,3,3,4,0.0,4 3 5 6
2499,0,sigma_1p0__kernel_9__order_2,1.0,9,2,8974,0.050000000000000044,0.05148378759622574,0.0003486186033114791,0.001311954576522112,0.8983739310439219,1,1,2,0.0,4 6
2500,0,sigma_1p0__kernel_9__order_2,1.0,9,2,8979,0.050000000000000044,0.48459553718566895,0.00034538425970822575,0.0004865009104833007,0.9562088372839191,4,4,5,0.0,4 3 1 5 6
2501,0,sigma_1p0__kernel_9__order_2,1.0,9,2,8983,0.050000000000000044,0.26265954971313477,0.0003155570011585951,0.00026568223256617785,0.9782780824178181,3,3,4,0.0,4 5 3 6
2502,0,sigma_1p0__kernel_9__order_2,1.0,9,2,8987,0.050000000000000044,0.506294310092926,0.00033800277014961466,0.0002349590213270858,0.976496011798362,3,3,4,0.0,4 5 3 6
2503,0,sigma_1p0__kernel_9__order_2,1.0,9,2,8990,0.050000000000000044,0.16052131354808807,0.0003502165588239829,0.0006135533330962062,0.9546433615982178,2,2,3,0.0,3 5 6
2504,0,sigma_1p0__kernel_9__order_2,1.0,9,2,8995,0.050000000000000044,0.560719907283783,0.0002914323355071247,0.00035798409953713417,0.970142106026163,4,4,5,0.0,4 3 1 5 6
2505,0,sigma_1p0__kernel_9__order_2,1.0,9,2,8999,0.050000000000000044,0.5257713794708252,0.000406857408961514,0.00016244305879808962,0.9840680202746079,3,3,4,0.0,3 4 5 6
2506,0,sigma_1p0__kernel_9__order_2,1.0,9,2,9002,0.050000000000000044,0.16027358174324036,0.0003360247646924108,0.0003168144612573087,0.962523856270044,2,2,3,0.0,3 5 6
2507,0,sigma_1p0__kernel_9__order_2,1.0,9,2,9004,0.050000000000000044,0.05148378759622574,0.00045655992289539427,0.001311954576522112,0.8983739310439219,1,1,2,0.0,4 6
2508,0,sigma_1p0__kernel_9__order_2,1.0,9,2,9009,0.050000000000000044,0.5399646162986755,0.0004010240256320685,0.00040371244540438056,0.9671228918004404,4,4,5,0.0,4 5 2 3 6
2509,0,sigma_1p0__kernel_9__order_2,1.0,9,2,9011,0.050000000000000044,0.07216545939445496,0.0003103226190432906,0.0009983577765524387,0.9042346423821841,1,1,2,0.0,4 6
2510,0,sigma_1p0__kernel_9__order_2,1.0,9,2,9015,0.050000000000000044,0.5074523687362671,0.0003378120527486317,0.00028734508669003844,0.9792653489835764,3,3,4,0.0,3 4 5 6
2511,0,sigma_1p0__kernel_9__order_2,1.0,9,2,9019,0.050000000000000044,0.5045947432518005,0.0002796434891934041,0.0004865041410084814,0.9562090784311295,3,3,4,0.0,3 4 5 6
2512,0,sigma_1p0__kernel_9__order_2,1.0,9,2,9024,0.050000000000000044,0.5629134178161621,0.0003625593613833189,0.0002687380474526435,0.9711584980188737,4,4,5,0.0,3 4 5 2 6
2513,0,sigma_1p0__kernel_9__order_2,1.0,9,2,9027,0.050000000000000044,0.158042773604393,0.00030343010924601305,0.0004597074002958834,0.9592404986923289,2,2,3,0.0,3 5 6
2514,0,sigma_1p0__kernel_9__order_2,1.0,9,2,9029,0.050000000000000044,0.08822499215602875,0.0003464446490397677,0.0010199007811024785,0.9173677836353231,1,1,2,0.0,4 6
2515,0,sigma_1p0__kernel_9__order_2,1.0,9,2,9034,0.050000000000000044,0.4789198040962219,0.0003329996194224805,0.00028237898368388414,0.9795094902818751,4,4,5,0.0,1 4 5 3 6
2516,0,sigma_1p0__kernel_9__order_2,1.0,9,2,9039,0.050000000000000044,0.4962446391582489,0.0003063014126382768,0.00016172637697309256,0.9841781721387267,4,4,5,0.0,1 4 5 3 6
2517,0,sigma_1p0__kernel_9__order_2,1.0,9,2,9043,0.050000000000000044,0.6030303239822388,0.00033046828320948407,0.0003137296298518777,0.9649377163681208,3,3,4,0.0,5 3 4 6
2518,0,sigma_1p0__kernel_9__order_2,1.0,9,2,9045,0.050000000000000044,0.03473334386944771,0.00045270443661138415,0.001161402789875865,0.9107482112882112,1,1,2,0.0,2 6
2519,0,sigma_1p0__kernel_9__order_2,1.0,9,2,9049,0.050000000000000044,0.2423517256975174,0.0003477458158158697,0.0006882387679070234,0.9495375515022686,3,3,4,0.0,5 4 3 6
2520,0,sigma_1p0__kernel_9__order_2,1.0,9,2,9051,0.050000000000000044,0.05148378759622574,0.00038282347668427974,0.001311954576522112,0.8983739310439219,1,1,2,0.0,4 6
2521,0,sigma_1p0__kernel_9__order_2,1.0,9,2,9053,0.050000000000000044,0.09472252428531647,0.0003284038102719933,0.0005082559073343873,0.9629806053340789,1,1,2,0.0,4 6
2522,0,sigma_1p0__kernel_9__order_2,1.0,9,2,9056,0.050000000000000044,0.148762509226799,0.00039081142070547986,0.0005902164848521352,0.9453008105617358,2,2,3,0.0,3 5 6
2523,0,sigma_1p0__kernel_9__order_2,1.0,9,2,9059,0.050000000000000044,0.14686039090156555,0.0003954937565140426,0.0005567030166275799,0.9459672033007165,2,2,3,0.0,3 5 6
2524,0,sigma_1p0__kernel_9__order_2,1.0,9,2,9063,0.050000000000000044,0.5133083462715149,0.0002840673732862342,0.00022969531710259616,0.9836593969292079,3,3,4,0.0,3 4 5 6
2525,0,sigma_1p0__kernel_9__order_2,1.0,9,2,9065,0.050000000000000044,0.08585478365421295,0.00029160531994421035,0.0004186356964055449,0.9436479770400152,1,1,2,0.0,4 6
2526,0,sigma_1p0__kernel_9__order_2,1.0,9,2,9069,0.050000000000000044,0.25167810916900635,0.0003063475087401457,0.0002688246313482523,0.9730571657596389,3,3,4,0.0,3 4 5 6
2527,0,sigma_1p0__kernel_9__order_2,1.0,9,2,9073,0.050000000000000044,0.5062942504882812,0.00037583195080514997,0.0002349590213270858,0.976496011798362,3,3,4,0.0,5 3 4 6
2528,0,sigma_1p0__kernel_9__order_2,1.0,9,2,9077,0.050000000000000044,0.15753862261772156,0.000341749211656861,0.00017175794346258044,0.9811322692954441,3,3,4,0.0,3 4 5 6
2529,0,sigma_1p0__kernel_9__order_2,1.0,9,2,9081,0.050000000000000044,0.5827685594558716,0.00027324067923473194,0.00026917693321593106,0.9711808926745913,3,3,4,0.0,4 3 5 6
2530,0,sigma_1p0__kernel_9__order_2,1.0,9,2,9084,0.050000000000000044,0.16352729499340057,0.00028102983681795496,0.0005552549264393747,0.9588457210948436,2,2,3,0.0,3 5 6
2531,0,sigma_1p0__kernel_9__order_2,1.0,9,2,9086,0.050000000000000044,0.042731307446956635,0.0002685923536773771,0.0010006569791585207,0.9216949270299539,1,1,2,0.0,4 6
2532,0,sigma_1p0__kernel_9__order_2,1.0,9,2,9088,0.050000000000000044,0.06885778158903122,0.0003301043179817498,0.0009730406454764307,0.927493339335805,1,1,2,0.0,4 6
2533,0,sigma_1p0__kernel_9__order_2,1.0,9,2,9091,0.050000000000000044,0.148762509226799,0.0002786458790069446,0.0005902164848521352,0.9453008105617358,2,2,3,0.0,3 5 6
2534,0,sigma_1p0__kernel_9__order_2,1.0,9,2,9095,0.050000000000000044,0.2975843548774719,0.0003159547777613625,0.00011739555338863283,0.9893193590265392,3,3,4,0.0,3 4 5 6
2535,0,sigma_1p0__kernel_9__order_2,1.0,9,2,9100,0.050000000000000044,0.5202905535697937,0.000327382652903907,0.00040304585127159953,0.9671935243676023,5,5,6,0.0,4 3 1 2 5
2536,0,sigma_1p0__kernel_9__order_2,1.0,9,2,9104,0.050000000000000044,0.15966123342514038,0.00028834013937739655,0.0002310934942215681,0.9801104172054284,3,3,4,0.0,3 4 5 6
2537,0,sigma_1p0__kernel_9__order_2,1.0,9,2,9109,0.050000000000000044,0.4789198040962219,0.0002838000626070425,0.00028237898368388414,0.9795094902818751,4,4,5,0.0,1 4 5 3 6
2538,0,sigma_1p0__kernel_9__order_2,1.0,9,2,9113,0.050000000000000044,0.4962378442287445,0.00028384762845234945,0.0001359974849037826,0.9773213869928605,3,3,4,0.0,5 3 4 6
2539,0,sigma_1p0__kernel_9__order_2,1.0,9,2,9115,0.050000000000000044,0.042731307446956635,0.0003625626559369266,0.0010006569791585207,0.9216949270299539,1,1,2,0.0,4 6
2540,0,sigma_1p0__kernel_9__order_2,1.0,9,2,9120,0.050000000000000044,0.5846751928329468,0.00029334072896745054,0.00011217205610591918,0.9870819063163966,5,5,6,0.0,3 4 1 2 5
2541,0,sigma_1p0__kernel_9__order_2,1.0,9,2,9122,0.050000000000000044,0.05148378759622574,0.0002902751002693549,0.001311954576522112,0.8983739310439219,1,1,2,0.0,4 6
2542,0,sigma_1p0__kernel_9__order_2,1.0,9,2,9125,0.050000000000000044,0.16352729499340057,0.0003122942822907741,0.0005552549264393747,0.9588457210948436,2,2,3,0.0,3 5 6
2543,0,sigma_1p0__kernel_9__order_2,1.0,9,2,9129,0.050000000000000044,0.2242097556591034,0.0002456317888572812,0.000390827190130949,0.9692392439252556,3,3,4,0.0,4 2 5 6
2544,0,sigma_1p0__kernel_9__order_2,1.0,9,2,9134,0.050000000000000044,0.5435150861740112,0.0003013874258613214,0.00026785070076584816,0.9713053481296751,5,5,6,0.0,5 3 1 2 4
2545,0,sigma_1p0__kernel_9__order_2,1.0,9,2,9136,0.050000000000000044,0.06885778158903122,0.0003525479551171884,0.0009730406454764307,0.927493339335805,1,1,2,0.0,4 6
2546,0,sigma_1p0__kernel_9__order_2,1.0,9,2,9139,0.050000000000000044,0.16027358174324036,0.00029970583273097873,0.0003168144612573087,0.962523856270044,2,2,3,0.0,3 5 6
2547,0,sigma_1p0__kernel_9__order_2,1.0,9,2,9144,0.050000000000000044,0.5836609601974487,0.00034487114753574134,0.0003123465576209128,0.9651136570715309,4,4,5,0.0,5 3 1 4 6
2548,0,sigma_1p0__kernel_9__order_2,1.0,9,2,9149,0.050000000000000044,0.5435150861740112,0.00030214202124625447,0.00026785070076584816,0.9713053481296751,5,5,6,0.0,3 4 2 1 5
2549,0,sigma_1p0__kernel_9__order_2,1.0,9,2,9154,0.050000000000000044,0.4542589783668518,0.00033196049625985327,0.00022620128584094346,0.9837157861124747,5,5,6,0.0,1 4 2 3 5
2550,0,sigma_1p0__kernel_9__order_2,1.0,9,2,9158,0.050000000000000044,0.16299967467784882,0.00024440114430035464,0.00029329670360311866,0.978404005805604,3,3,4,0.0,3 5 4 6
2551,0,sigma_1p0__kernel_9__order_2,1.0,9,2,9163,0.050000000000000044,0.4517238140106201,0.0003344155440572649,0.0002711522101890296,0.9798690636291232,5,5,6,0.0,1 4 2 3 5
2552,0,sigma_1p0__kernel_9__order_2,1.0,9,2,9167,0.050000000000000044,0.27362075448036194,0.00032951209868770093,0.00017932752962224185,0.9802599173840955,3,3,4,0.0,4 5 3 6
2553,0,sigma_1p0__kernel_9__order_2,1.0,9,2,9171,0.050000000000000044,0.15966123342514038,0.00026959511524182744,0.0002310934942215681,0.9801104172054284,3,3,4,0.0,4 3 5 6
2554,0,sigma_1p0__kernel_9__order_2,1.0,9,2,9175,0.050000000000000044,0.5934131145477295,0.0002681737532839179,0.0004541786329355091,0.9655303865777468,3,3,4,0.0,4 5 3 6
2555,0,sigma_1p0__kernel_9__order_2,1.0,9,2,9178,0.050000000000000044,0.05051891505718231,0.00031838894938118756,0.0006870934157632291,0.9247663637510236,2,2,3,0.0,5 3 6
2556,0,sigma_1p0__kernel_9__order_2,1.0,9,2,9182,0.050000000000000044,0.27362072467803955,0.00027963623870164156,0.00017932752962224185,0.9802599173840955,3,3,4,0.0,3 4 5 6
2557,0,sigma_1p0__kernel_9__order_2,1.0,9,2,9187,0.050000000000000044,0.5414643287658691,0.0003029317915206775,0.00035670067882165313,0.9703575982208342,5,5,6,0.0,3 4 1 2 5
2558,0,sigma_1p0__kernel_9__order_2,1.0,9,2,9190,0.050000000000000044,0.17979587614536285,0.000261986002442427,0.0007011665729805827,0.9514408477279718,2,2,3,0.0,3 5 6
2559,0,sigma_1p0__kernel_9__order_2,1.0,9,2,9194,0.050000000000000044,0.2423517107963562,0.0003234933756175451,0.0006882387679070234,0.9495375515022686,3,3,4,0.0,4 5 3 6
2560,0,sigma_1p0__kernel_9__order_2,1.0,9,2,9198,0.050000000000000044,0.2975843548774719,0.0003414245948079042,0.00011739555338863283,0.9893193590265392,3,3,4,0.0,4 5 3 6
2561,0,sigma_1p0__kernel_9__order_2,1.0,9,2,9200,0.050000000000000044,0.08822499215602875,0.00035685033071786165,0.0010199007811024785,0.9173677836353231,1,1,2,0.0,4 6
2562,0,sigma_1p0__kernel_9__order_2,1.0,9,2,9203,0.050000000000000044,0.158042773604393,0.0002759562194114551,0.0004597074002958834,0.9592404986923289,2,2,3,0.0,3 5 6
2563,0,sigma_1p0__kernel_9__order_2,1.0,9,2,9206,0.050000000000000044,0.158042773604393,0.0002962195430882275,0.0004597074002958834,0.9592404986923289,2,2,3,0.0,3 5 6
2564,0,sigma_1p0__kernel_9__order_2,1.0,9,2,9209,0.050000000000000044,0.14686039090156555,0.00028767064213752747,0.0005567030166275799,0.9459672033007165,2,2,3,0.0,3 5 6
2565,0,sigma_1p0__kernel_9__order_2,1.0,9,2,9210,0.050000000000000044,0.0,0.00034542568027973175,0.003263943362981081,0.8303306931906627,0,0,1,0.0,6
2566,0,sigma_1p0__kernel_9__order_2,1.0,9,2,9214,0.050000000000000044,0.5062942504882812,0.00029536400688812137,0.0002349590213270858,0.976496011798362,3,3,4,0.0,5 3 4 6
2567,0,sigma_1p0__kernel_9__order_2,1.0,9,2,9216,0.050000000000000044,0.042731307446956635,0.00033869195613078773,0.0010006569791585207,0.9216949270299539,1,1,2,0.0,4 6
2568,0,sigma_1p0__kernel_9__order_2,1.0,9,2,9218,0.050000000000000044,0.08822499215602875,0.0003488242073217407,0.0010199007811024785,0.9173677836353231,1,1,2,0.0,4 6
2569,0,sigma_1p0__kernel_9__order_2,1.0,9,2,9221,0.050000000000000044,0.1112212985754013,0.0003548766738579919,0.0007096658227965236,0.9318866512154569,2,2,3,0.0,2 5 6
2570,0,sigma_1p0__kernel_9__order_2,1.0,9,2,9225,0.050000000000000044,0.39641088247299194,0.0003287184299551882,0.0006113826530054212,0.9576066435978047,3,3,4,0.0,1 4 5 6
2571,0,sigma_1p0__kernel_9__order_2,1.0,9,2,9229,0.050000000000000044,0.5045946836471558,0.0003204862841812428,0.0004865041410084814,0.9562090784311295,3,3,4,0.0,5 4 3 6
2572,0,sigma_1p0__kernel_9__order_2,1.0,9,2,9233,0.050000000000000044,0.2736207842826843,0.00032656754046911374,0.00017932752962224185,0.9802599173840955,3,3,4,0.0,5 4 3 6
2573,0,sigma_1p0__kernel_9__order_2,1.0,9,2,9236,0.050000000000000044,0.07960245758295059,0.00034264698236559826,0.0002772131119854748,0.9761993671533753,2,2,3,0.0,5 3 6
2574,0,sigma_1p0__kernel_9__order_2,1.0,9,2,9241,0.050000000000000044,0.5742695331573486,0.0002957337041152641,0.00045150649384595454,0.9657286060763596,4,4,5,0.0,3 5 1 4 6
2575,0,sigma_1p0__kernel_9__order_2,1.0,9,2,9244,0.050000000000000044,0.17979587614536285,0.0003185164144573112,0.0007011665729805827,0.9514408477279718,2,2,3,0.0,3 5 6
2576,0,sigma_1p0__kernel_9__order_2,1.0,9,2,9246,0.050000000000000044,0.042731307446956635,0.0002606162743177265,0.0010006569791585207,0.9216949270299539,1,1,2,0.0,4 6
2577,0,sigma_1p0__kernel_9__order_2,1.0,9,2,9251,0.050000000000000044,0.5399646162986755,0.0002603252971312031,0.00040371244540438056,0.9671228918004404,4,4,5,0.0,4 3 2 5 6
2578,0,sigma_1p0__kernel_9__order_2,1.0,9,2,9254,0.050000000000000044,0.158042773604393,0.00046317508288969594,0.0004597074002958834,0.9592404986923289,2,2,3,0.0,3 5 6
2579,0,sigma_1p0__kernel_9__order_2,1.0,9,2,9258,0.050000000000000044,0.2813258171081543,0.00045170944940764457,0.0002048807218670845,0.9843359494074629,3,3,4,0.0,4 5 3 6
2580,0,sigma_1p0__kernel_9__order_2,1.0,9,2,9262,0.050000000000000044,0.2423517256975174,0.0004871683049714193,0.0006882387679070234,0.9495375515022686,3,3,4,0.0,5 4 3 6
2581,0,sigma_1p0__kernel_9__order_2,1.0,9,2,9264,0.050000000000000044,0.08822499215602875,0.00030309809517348185,0.0010199007811024785,0.9173677836353231,1,1,2,0.0,4 6
2582,0,sigma_1p0__kernel_9__order_2,1.0,9,2,9268,0.050000000000000044,0.26265954971313477,0.0004051098076160997,0.00026568223256617785,0.9782780824178181,3,3,4,0.0,3 5 4 6
2583,0,sigma_1p0__kernel_9__order_2,1.0,9,2,9272,0.050000000000000044,0.5116891264915466,0.00035367857344681397,0.00040857974090613425,0.9488013382473968,3,3,4,0.0,3 5 4 6
2584,0,sigma_1p0__kernel_9__order_2,1.0,9,2,9276,0.050000000000000044,0.5045947432518005,0.00039561915036756545,0.0004865041410084814,0.9562090784311295,3,3,4,0.0,3 4 5 6
2585,0,sigma_1p0__kernel_9__order_2,1.0,9,2,9280,0.050000000000000044,0.45992928743362427,0.0004015038794022985,0.00033009552862495184,0.9623021453477256,3,3,4,0.0,4 3 5 6
2586,0,sigma_1p0__kernel_9__order_2,1.0,9,2,9284,0.050000000000000044,0.45535826683044434,0.00025396437195013277,0.00046948809176683426,0.9537005855587801,3,3,4,0.0,5 3 4 6
2587,0,sigma_1p0__kernel_9__order_2,1.0,9,2,9287,0.050000000000000044,0.16027361154556274,0.0002630065961663301,0.0003168144612573087,0.962523856270044,2,2,3,0.0,5 3 6
2588,0,sigma_1p0__kernel_9__order_2,1.0,9,2,9289,0.050000000000000044,0.05148378759622574,0.0002793446183204651,0.001311954576522112,0.8983739310439219,1,1,2,0.0,4 6
2589,0,sigma_1p0__kernel_9__order_2,1.0,9,2,9293,0.050000000000000044,0.2423517107963562,0.0003653597450465895,0.0006882387679070234,0.9495375515022686,3,3,4,0.0,5 3 4 6
2590,0,sigma_1p0__kernel_9__order_2,1.0,9,2,9297,0.050000000000000044,0.5116891264915466,0.0003557725576683879,0.00040857974090613425,0.9488013382473968,3,3,4,0.0,3 5 4 6
2591,0,sigma_1p0__kernel_9__order_2,1.0,9,2,9301,0.050000000000000044,0.0972796231508255,0.0003248308312322479,0.0005524569423869252,0.9488942149880383,3,3,4,0.0,3 5 1 6
2592,0,sigma_1p0__kernel_9__order_2,1.0,9,2,9306,0.050000000000000044,0.560719907283783,0.00030179827590473,0.00035798409953713417,0.970142106026163,4,4,5,0.0,4 3 1 5 6
2593,0,sigma_1p0__kernel_9__order_2,1.0,9,2,9309,0.050000000000000044,0.16027358174324036,0.00036646441246072453,0.0003168144612573087,0.962523856270044,2,2,3,0.0,3 5 6
2594,0,sigma_1p0__kernel_9__order_2,1.0,9,2,9312,0.050000000000000044,0.22891384363174438,0.00036768907254251343,0.0005448100855574012,0.9590105209920409,2,2,3,0.0,4 5 6
2595,0,sigma_1p0__kernel_9__order_2,1.0,9,2,9316,0.050000000000000044,0.4962378442287445,0.0002735739981289953,0.0001359974849037826,0.9773213869928605,3,3,4,0.0,3 4 5 6
2596,0,sigma_1p0__kernel_9__order_2,1.0,9,2,9319,0.050000000000000044,0.17979587614536285,0.00037810089997947216,0.0007011665729805827,0.9514408477279718,2,2,3,0.0,3 5 6
2597,0,sigma_1p0__kernel_9__order_2,1.0,9,2,9323,0.050000000000000044,0.6030303239822388,0.00034245957067469135,0.0003137296298518777,0.9649377163681208,3,3,4,0.0,4 3 5 6
2598,0,sigma_1p0__kernel_9__order_2,1.0,9,2,9325,0.050000000000000044,0.08585478365421295,0.0003074042615480721,0.0004186356964055449,0.9436479770400152,1,1,2,0.0,4 6
2599,0,sigma_1p0__kernel_9__order_2,1.0,9,2,9329,0.050000000000000044,0.6219107508659363,0.0003471903910394758,0.00011563707084860653,0.9869697132944069,3,3,4,0.0,4 3 5 6
2600,0,sigma_1p0__kernel_9__order_2,1.0,9,2,9331,0.050000000000000044,0.08585478365421295,0.00026675264234654605,0.0004186356964055449,0.9436479770400152,1,1,2,0.0,4 6
2601,0,sigma_1p0__kernel_9__order_2,1.0,9,2,9335,0.050000000000000044,0.2423517107963562,0.00027020931156584993,0.0006882387679070234,0.9495375515022686,3,3,4,0.0,5 3 4 6
2602,0,sigma_1p0__kernel_9__order_2,1.0,9,2,9338,0.050000000000000044,0.17979587614536285,0.00039686956733930856,0.0007011665729805827,0.9514408477279718,2,2,3,0.0,3 5 6
2603,0,sigma_1p0__kernel_9__order_2,1.0,9,2,9343,0.050000000000000044,0.4257511496543884,0.00033067197655327617,0.000464441574877128,0.9535418546157275,4,4,5,0.0,2 5 3 4 6
2604,0,sigma_1p0__kernel_9__order_2,1.0,9,2,9348,0.050000000000000044,0.47984904050827026,0.0003922587784472853,0.000276587757980451,0.9795012027025223,4,4,5,0.0,4 2 5 3 6
2605,0,sigma_1p0__kernel_9__order_2,1.0,9,2,9350,0.050000000000000044,0.042731307446956635,0.00034804921597242355,0.0010006569791585207,0.9216949270299539,1,1,2,0.0,4 6
2606,0,sigma_1p0__kernel_9__order_2,1.0,9,2,9354,0.050000000000000044,0.27362075448036194,0.0003466803318588063,0.00017932752962224185,0.9802599173840955,3,3,4,0.0,4 5 3 6
2607,0,sigma_1p0__kernel_9__order_2,1.0,9,2,9358,0.050000000000000044,0.5257713794708252,0.00035284890327602625,0.00016244305879808962,0.9840680202746079,3,3,4,0.0,4 5 3 6
2608,0,sigma_1p0__kernel_9__order_2,1.0,9,2,9360,0.050000000000000044,0.09472252428531647,0.0004618264501914382,0.0005082559073343873,0.9629806053340789,1,1,2,0.0,4 6
2609,0,sigma_1p0__kernel_9__order_2,1.0,9,2,9364,0.050000000000000044,0.25167810916900635,0.0002989631029777229,0.0002688246313482523,0.9730571657596389,3,3,4,0.0,4 5 3 6
2610,0,sigma_1p0__kernel_9__order_2,1.0,9,2,9369,0.050000000000000044,0.5607198476791382,0.0003144164016703144,0.00035798409953713417,0.970142106026163,4,4,5,0.0,4 1 3 5 6
2611,0,sigma_1p0__kernel_9__order_2,1.0,9,2,9371,0.050000000000000044,0.07216545939445496,0.0003776067460421473,0.0009983577765524387,0.9042346423821841,1,1,2,0.0,4 6
2612,0,sigma_1p0__kernel_9__order_2,1.0,9,2,9375,0.050000000000000044,0.5116891264915466,0.0003487546491669491,0.00040857974090613425,0.9488013382473968,3,3,4,0.0,5 3 4 6
2613,0,sigma_1p0__kernel_9__order_2,1.0,9,2,9379,0.050000000000000044,0.27362075448036194,0.0003152071367367171,0.00017932752962224185,0.9802599173840955,3,3,4,0.0,4 5 3 6
2614,0,sigma_1p0__kernel_9__order_2,1.0,9,2,9383,0.050000000000000044,0.2423517107963562,0.00036146123602520674,0.0006882387679070234,0.9495375515022686,3,3,4,0.0,5 3 4 6
2615,0,sigma_1p0__kernel_9__order_2,1.0,9,2,9387,0.050000000000000044,0.27362075448036194,0.0003232716626371257,0.00017932752962224185,0.9802599173840955,3,3,4,0.0,4 5 3 6
2616,0,sigma_1p0__kernel_9__order_2,1.0,9,2,9389,0.050000000000000044,0.33238309621810913,0.00021740172087447718,0.0006683264509774745,0.9379482086167608,1,1,2,0.0,4 6
2617,0,sigma_1p0__kernel_9__order_2,1.0,9,2,9394,0.050000000000000044,0.4962446391582489,0.00032914846087805927,0.00016172637697309256,0.9841781721387267,4,4,5,0.0,1 4 5 3 6
2618,0,sigma_1p0__kernel_9__order_2,1.0,9,2,9399,0.050000000000000044,0.5629134774208069,0.0003516607277560979,0.0002687380474526435,0.9711584980188737,4,4,5,0.0,4 3 5 2 6
2619,0,sigma_1p0__kernel_9__order_2,1.0,9,2,9401,0.050000000000000044,0.05148378759622574,0.00034793675877153873,0.001311954576522112,0.8983739310439219,1,1,2,0.0,4 6
2620,0,sigma_1p0__kernel_9__order_2,1.0,9,2,9405,0.050000000000000044,0.2813258171081543,0.00036513582745101303,0.0002048807218670845,0.9843359494074629,3,3,4,0.0,4 5 3 6
2621,0,sigma_1p0__kernel_9__order_2,1.0,9,2,9407,0.050000000000000044,0.05325761064887047,0.0004382450133562088,0.0004993918118998408,0.928627906989541,1,1,2,0.0,2 6
2622,0,sigma_1p0__kernel_9__order_2,1.0,9,2,9411,0.050000000000000044,0.4962378442287445,0.0003166998030792456,0.0001359974849037826,0.9773213869928605,3,3,4,0.0,4 5 3 6
2623,0,sigma_1p0__kernel_9__order_2,1.0,9,2,9413,0.050000000000000044,0.07216545939445496,0.00035244523314759135,0.0009983577765524387,0.9042346423821841,1,1,2,0.0,4 6
2624,0,sigma_1p0__kernel_9__order_2,1.0,9,2,9415,0.050000000000000044,0.06620339304208755,0.0003415732062421739,0.0010458785109221935,0.8895152893258473,1,1,2,0.0,4 6
2625,0,sigma_1p0__kernel_9__order_2,1.0,9,2,9420,0.050000000000000044,0.20204563438892365,0.00027035113598685714,0.00026787116075865924,0.9731621545751653,4,4,5,0.0,4 5 3 1 6
2626,0,sigma_1p0__kernel_9__order_2,1.0,9,2,9425,0.050000000000000044,0.47984904050827026,0.00031482158519793304,0.000276587757980451,0.9795012027025223,4,4,5,0.0,4 2 5 3 6
2627,0,sigma_1p0__kernel_9__order_2,1.0,9,2,9429,0.050000000000000044,0.5116891264915466,0.0002971999056171626,0.00040857974090613425,0.9488013382473968,3,3,4,0.0,5 3 4 6
2628,0,sigma_1p0__kernel_9__order_2,1.0,9,2,9432,0.050000000000000044,0.1580427587032318,0.00022556028852704912,0.0004597074002958834,0.9592404986923289,2,2,3,0.0,5 3 6
2629,0,sigma_1p0__kernel_9__order_2,1.0,9,2,9436,0.050000000000000044,0.2813257873058319,0.00024804718486848287,0.0002048807218670845,0.9843359494074629,3,3,4,0.0,5 3 4 6
2630,0,sigma_1p0__kernel_9__order_2,1.0,9,2,9440,0.050000000000000044,0.26265954971313477,0.00023534773572464474,0.00026568223256617785,0.9782780824178181,3,3,4,0.0,4 5 3 6
2631,0,sigma_1p0__kernel_9__order_2,1.0,9,2,9444,0.050000000000000044,0.45535826683044434,0.000352440431015566,0.00046948809176683426,0.9537005855587801,3,3,4,0.0,3 4 5 6
2632,0,sigma_1p0__kernel_9__order_2,1.0,9,2,9448,0.050000000000000044,0.45992928743362427,0.00028134032618254423,0.00033009552862495184,0.9623021453477256,3,3,4,0.0,4 3 5 6
2633,0,sigma_1p0__kernel_9__order_2,1.0,9,2,9452,0.050000000000000044,0.26265954971313477,0.00028290961563470773,0.00026568223256617785,0.9782780824178181,3,3,4,0.0,4 5 3 6
2634,0,sigma_1p0__kernel_9__order_2,1.0,9,2,9456,0.050000000000000044,0.2423517107963562,0.0002813228820741642,0.0006882387679070234,0.9495375515022686,3,3,4,0.0,5 3 4 6
2635,0,sigma_1p0__kernel_9__order_2,1.0,9,2,9459,0.050000000000000044,0.16052131354808807,0.0003157930914312601,0.0006135533330962062,0.9546433615982178,2,2,3,0.0,3 5 6
2636,0,sigma_1p0__kernel_9__order_2,1.0,9,2,9463,0.050000000000000044,0.4962378442287445,0.0002559885288064834,0.0001359974849037826,0.9773213869928605,3,3,4,0.0,3 5 4 6
2637,0,sigma_1p0__kernel_9__order_2,1.0,9,2,9466,0.050000000000000044,0.16950292885303497,0.00024168033269234002,0.0002968789776787162,0.967183250787709,2,2,3,0.0,3 5 6
2638,0,sigma_1p0__kernel_9__order_2,1.0,9,2,9470,0.050000000000000044,0.45535826683044434,0.00027826105724670924,0.00046948809176683426,0.9537005855587801,3,3,4,0.0,4 5 3 6
2639,0,sigma_1p0__kernel_9__order_2,1.0,9,2,9474,0.050000000000000044,0.4962378442287445,0.00023713260452495888,0.0001359974849037826,0.9773213869928605,3,3,4,0.0,4 5 3 6
2640,0,sigma_1p0__kernel_9__order_2,1.0,9,2,9479,0.050000000000000044,0.4917108118534088,0.00038101148675195873,0.0004085330874659121,0.9488037567536981,4,4,5,0.0,5 1 3 4 6
2641,0,sigma_1p0__kernel_9__order_2,1.0,9,2,9482,0.050000000000000044,0.16027361154556274,0.0004013432383847733,0.0003168144612573087,0.962523856270044,2,2,3,0.0,5 3 6
2642,0,sigma_1p0__kernel_9__order_2,1.0,9,2,9486,0.050000000000000044,0.6030303239822388,0.0002751328647718765,0.0003137296298518777,0.9649377163681208,3,3,4,0.0,5 3 4 6
2643,0,sigma_1p0__kernel_9__order_2,1.0,9,2,9490,0.050000000000000044,0.5045946836471558,0.00027518655042513274,0.0004865041410084814,0.9562090784311295,3,3,4,0.0,5 3 4 6
2644,0,sigma_1p0__kernel_9__order_2,1.0,9,2,9494,0.050000000000000044,0.506294310092926,0.0002650589849508833,0.0002349590213270858,0.976496011798362,3,3,4,0.0,3 4 5 6
2645,0,sigma_1p0__kernel_9__order_2,1.0,9,2,9497,0.050000000000000044,0.16352729499340057,0.00022210865669573346,0.0005552549264393747,0.9588457210948436,2,2,3,0.0,3 5 6
2646,0,sigma_1p0__kernel_9__order_2,1.0,9,2,9501,0.050000000000000044,0.5116891264915466,0.0003776034100155812,0.00040857974090613425,0.9488013382473968,3,3,4,0.0,5 3 4 6
2647,0,sigma_1p0__kernel_9__order_2,1.0,9,2,9503,0.050000000000000044,0.05148378759622574,0.0007246438472066075,0.001311954576522112,0.8983739310439219,1,1,2,0.0,4 6
2648,0,sigma_1p0__kernel_9__order_2,1.0,9,2,9507,0.050000000000000044,0.5599574446678162,0.0007598847878398374,0.00040378078119829297,0.96713060346143,3,3,4,0.0,4 3 5 6
2649,0,sigma_1p0__kernel_9__order_2,1.0,9,2,9509,0.050000000000000044,0.09472252428531647,0.0005702557682525367,0.0005082559073343873,0.9629806053340789,1,1,2,0.0,4 6
2650,0,sigma_1p0__kernel_9__order_2,1.0,9,2,9514,0.050000000000000044,0.5739725232124329,0.0004613900324329734,0.0004525361873675138,0.9656771898942952,4,4,5,0.0,5 2 3 4 6
2651,0,sigma_1p0__kernel_9__order_2,1.0,9,2,9518,0.050000000000000044,0.45535826683044434,0.0005429076554719359,0.00046948809176683426,0.9537005855587801,3,3,4,0.0,5 3 4 6
2652,0,sigma_1p0__kernel_9__order_2,1.0,9,2,9522,0.050000000000000044,0.4962378442287445,0.0003838061893475242,0.0001359974849037826,0.9773213869928605,3,3,4,0.0,5 3 4 6
2653,0,sigma_1p0__kernel_9__order_2,1.0,9,2,9525,0.050000000000000044,0.058370791375637054,0.0004496475448831916,0.0004879920743405819,0.9443934640972282,2,2,3,0.0,3 5 6
2654,0,sigma_1p0__kernel_9__order_2,1.0,9,2,9530,0.050000000000000044,0.42582324147224426,0.00031784393067937346,0.00046869658399373293,0.9538842547733634,4,4,5,0.0,5 3 4 1 6
2655,0,sigma_1p0__kernel_9__order_2,1.0,9,2,9533,0.050000000000000044,0.1580427587032318,0.00040913874787899357,0.0004597074002958834,0.9592404986923289,2,2,3,0.0,5 3 6
2656,0,sigma_1p0__kernel_9__order_2,1.0,9,2,9537,0.050000000000000044,0.5827685594558716,0.00034641129605006427,0.00026917693321593106,0.9711808926745913,3,3,4,0.0,3 4 5 6
2657,0,sigma_1p0__kernel_9__order_2,1.0,9,2,9541,0.050000000000000044,0.45535826683044434,0.0003275063500041142,0.00046948809176683426,0.9537005855587801,3,3,4,0.0,3 4 5 6
2658,0,sigma_1p0__kernel_9__order_2,1.0,9,2,9545,0.050000000000000044,0.5045947432518005,0.00034005666384473443,0.0004865041410084814,0.9562090784311295,3,3,4,0.0,3 4 5 6
2659,0,sigma_1p0__kernel_9__order_2,1.0,9,2,9549,0.050000000000000044,0.45535826683044434,0.00032387358805863187,0.00046948809176683426,0.9537005855587801,3,3,4,0.0,5 3 4 6
2660,0,sigma_1p0__kernel_9__order_2,1.0,9,2,9551,0.050000000000000044,0.042731307446956635,0.00034602008236106485,0.0010006569791585207,0.9216949270299539,1,1,2,0.0,4 6
2661,0,sigma_1p0__kernel_9__order_2,1.0,9,2,9554,0.050000000000000044,0.16052132844924927,0.000321005917309473,0.0006135533330962062,0.9546433615982178,2,2,3,0.0,5 3 6
2662,0,sigma_1p0__kernel_9__order_2,1.0,9,2,9556,0.050000000000000044,0.14879290759563446,0.00025948875554604456,0.001985838869586587,0.8728841755906835,1,1,2,0.0,1 6
2663,0,sigma_1p0__kernel_9__order_2,1.0,9,2,9559,0.050000000000000044,0.17979587614536285,0.0002925556036643684,0.0007011665729805827,0.9514408477279718,2,2,3,0.0,3 5 6
2664,0,sigma_1p0__kernel_9__order_2,1.0,9,2,9563,0.050000000000000044,0.5045947432518005,0.00037047318619443104,0.0004865041410084814,0.9562090784311295,3,3,4,0.0,3 4 5 6
2665,0,sigma_1p0__kernel_9__order_2,1.0,9,2,9567,0.050000000000000044,0.506294310092926,0.00030128052821964957,0.0002349590213270858,0.976496011798362,3,3,4,0.0,3 4 5 6
2666,0,sigma_1p0__kernel_9__order_2,1.0,9,2,9570,0.050000000000000044,0.16950292885303497,0.00030499011821423966,0.0002968789776787162,0.967183250787709,2,2,3,0.0,3 5 6
2667,0,sigma_1p0__kernel_9__order_2,1.0,9,2,9573,0.050000000000000044,0.158042773604393,0.0002723249781411141,0.0004597074002958834,0.9592404986923289,2,2,3,0.0,3 5 6
2668,0,sigma_1p0__kernel_9__order_2,1.0,9,2,9577,0.050000000000000044,0.26265954971313477,0.0003559356919140555,0.00026568223256617785,0.9782780824178181,3,3,4,0.0,4 5 3 6
2669,0,sigma_1p0__kernel_9__order_2,1.0,9,2,9582,0.050000000000000044,0.48459550738334656,0.0003205641551176086,0.0004865009104833007,0.9562088372839191,4,4,5,0.0,3 5 1 4 6
2670,0,sigma_1p0__kernel_9__order_2,1.0,9,2,9586,0.050000000000000044,0.45421576499938965,0.0003834544331766665,0.0002658700686879456,0.9685054444104397,3,3,4,0.0,3 5 4 6
2671,0,sigma_1p0__kernel_9__order_2,1.0,9,2,9589,0.050000000000000044,0.17979587614536285,0.0002708164489983271,0.0007011665729805827,0.9514408477279718,2,2,3,0.0,3 5 6
2672,0,sigma_1p0__kernel_9__order_2,1.0,9,2,9592,0.050000000000000044,0.148762509226799,0.00033671177516225725,0.0005902164848521352,0.9453008105617358,2,2,3,0.0,5 3 6
2673,0,sigma_1p0__kernel_9__order_2,1.0,9,2,9597,0.050000000000000044,0.4717111885547638,0.0003767028421862051,0.0004084963002242148,0.9487925082197087,5,5,6,0.0,5 3 1 4 2
2674,0,sigma_1p0__kernel_9__order_2,1.0,9,2,9600,0.050000000000000044,0.0692678838968277,0.00033545534824952483,0.0006569871911779046,0.9474752098676282,2,2,3,0.0,5 3 6
2675,0,sigma_1p0__kernel_9__order_2,1.0,9,2,9603,0.050000000000000044,0.16950291395187378,0.0003821420735524346,0.0002968789776787162,0.967183250787709,2,2,3,0.0,5 3 6
2676,0,sigma_1p0__kernel_9__order_2,1.0,9,2,9608,0.050000000000000044,0.42462193965911865,0.0003320360439829528,0.0002650593232829124,0.968571965036721,4,4,5,0.0,5 3 4 1 6
2677,0,sigma_1p0__kernel_9__order_2,1.0,9,2,9610,0.050000000000000044,0.08822499215602875,0.0003004818281624466,0.0010199007811024785,0.9173677836353231,1,1,2,0.0,4 6
2678,0,sigma_1p0__kernel_9__order_2,1.0,9,2,9614,0.050000000000000044,0.45421579480171204,0.0004313532444939483,0.0002658700686879456,0.9685054444104397,3,3,4,0.0,5 3 4 6
2679,0,sigma_1p0__kernel_9__order_2,1.0,9,2,9619,0.050000000000000044,0.45172378420829773,0.00023932830663397908,0.0002711522101890296,0.9798690636291232,5,5,6,0.0,1 3 2 5 4
2680,0,sigma_1p0__kernel_9__order_2,1.0,9,2,9623,0.050000000000000044,0.2813257873058319,0.00031896447762846947,0.0002048807218670845,0.9843359494074629,3,3,4,0.0,5 3 4 6
2681,0,sigma_1p0__kernel_9__order_2,1.0,9,2,9628,0.050000000000000044,0.5632835626602173,0.00034991406719200315,0.00026843766681849957,0.9713118144717426,4,4,5,0.0,3 5 1 4 6
2682,0,sigma_1p0__kernel_9__order_2,1.0,9,2,9632,0.050000000000000044,0.45535826683044434,0.0002863332047127187,0.00046948809176683426,0.9537005855587801,3,3,4,0.0,5 3 4 6
2683,0,sigma_1p0__kernel_9__order_2,1.0,9,2,9636,0.050000000000000044,0.2537424862384796,0.0003392210492165759,0.0003305163118056953,0.9657473915503509,3,3,4,0.0,5 3 4 6
2684,0,sigma_1p0__kernel_9__order_2,1.0,9,2,9641,0.050000000000000044,0.5202905535697937,0.00027103864122182133,0.00040304585127159953,0.9671935243676023,5,5,6,0.0,3 4 1 2 5
2685,0,sigma_1p0__kernel_9__order_2,1.0,9,2,9644,0.050000000000000044,0.16027358174324036,0.0002989431280487527,0.0003168144612573087,0.962523856270044,2,2,3,0.0,3 5 6
2686,0,sigma_1p0__kernel_9__order_2,1.0,9,2,9648,0.050000000000000044,0.45421579480171204,0.0003639355782070197,0.0002658700686879456,0.9685054444104397,3,3,4,0.0,5 3 4 6
2687,0,sigma_1p0__kernel_9__order_2,1.0,9,2,9652,0.050000000000000044,0.2975843548774719,0.00031909527751849964,0.00011739555338863283,0.9893193590265392,3,3,4,0.0,5 3 4 6
2688,0,sigma_1p0__kernel_9__order_2,1.0,9,2,9655,0.050000000000000044,0.16352729499340057,0.0003424608924736579,0.0005552549264393747,0.9588457210948436,2,2,3,0.0,5 3 6
2689,0,sigma_1p0__kernel_9__order_2,1.0,9,2,9659,0.050000000000000044,0.5116891264915466,0.00031574719469062984,0.00040857974090613425,0.9488013382473968,3,3,4,0.0,3 5 4 6
2690,0,sigma_1p0__kernel_9__order_2,1.0,9,2,9663,0.050000000000000044,0.5827685594558716,0.00032898937206482515,0.00026917693321593106,0.9711808926745913,3,3,4,0.0,4 5 3 6
2691,0,sigma_1p0__kernel_9__order_2,1.0,9,2,9666,0.050000000000000044,0.16352729499340057,0.0003006465267390013,0.0005552549264393747,0.9588457210948436,2,2,3,0.0,3 5 6
2692,0,sigma_1p0__kernel_9__order_2,1.0,9,2,9671,0.050000000000000044,0.5414643287658691,0.00031126886897254736,0.00035670067882165313,0.9703575982208342,5,5,6,0.0,1 4 2 3 5
2693,0,sigma_1p0__kernel_9__order_2,1.0,9,2,9673,0.050000000000000044,0.07216545939445496,0.0004096473130630329,0.0009983577765524387,0.9042346423821841,1,1,2,0.0,4 6
2694,0,sigma_1p0__kernel_9__order_2,1.0,9,2,9675,0.050000000000000044,0.09472252428531647,0.00018956218991661444,0.0005082559073343873,0.9629806053340789,1,1,2,0.0,4 6
2695,0,sigma_1p0__kernel_9__order_2,1.0,9,2,9679,0.050000000000000044,0.5934131145477295,0.0003062585892621428,0.0004541786329355091,0.9655303865777468,3,3,4,0.0,3 5 4 6
2696,0,sigma_1p0__kernel_9__order_2,1.0,9,2,9684,0.050000000000000044,0.4789198040962219,0.00027908977936021986,0.00028237898368388414,0.9795094902818751,4,4,5,0.0,1 4 5 3 6
2697,0,sigma_1p0__kernel_9__order_2,1.0,9,2,9687,0.050000000000000044,0.046418145298957825,0.0003142525771788011,0.0007575950585305691,0.9282478330818567,2,2,3,0.0,5 3 6
2698,0,sigma_1p0__kernel_9__order_2,1.0,9,2,9691,0.050000000000000044,0.26265954971313477,0.0002843878246494569,0.00026568223256617785,0.9782780824178181,3,3,4,0.0,5 3 4 6
2699,0,sigma_1p0__kernel_9__order_2,1.0,9,2,9695,0.050000000000000044,0.45535826683044434,0.0002950125781353563,0.00046948809176683426,0.9537005855587801,3,3,4,0.0,5 3 4 6
2700,0,sigma_1p0__kernel_9__order_2,1.0,9,2,9700,0.050000000000000044,0.5642457008361816,0.0003513821982778609,0.000310016970615834,0.9650295623771926,5,5,6,0.0,3 1 2 4 5
2701,0,sigma_1p0__kernel_9__order_2,1.0,9,2,9705,0.050000000000000044,0.4916952848434448,0.000297524849884212,0.00040852715028449893,0.948789707846789,4,4,5,0.0,5 3 2 4 6
2702,0,sigma_1p0__kernel_9__order_2,1.0,9,2,9709,0.050000000000000044,0.26265954971313477,0.00026610272470861673,0.00026568223256617785,0.9782780824178181,3,3,4,0.0,5 4 3 6
2703,0,sigma_1p0__kernel_9__order_2,1.0,9,2,9711,0.050000000000000044,0.06885778158903122,0.0003546049483702518,0.0009730406454764307,0.927493339335805,1,1,2,0.0,4 6
2704,0,sigma_1p0__kernel_9__order_2,1.0,9,2,9716,0.050000000000000044,0.48459550738334656,0.00033400942047592255,0.0004865009104833007,0.9562088372839191,4,4,5,0.0,3 5 1 4 6
2705,0,sigma_1p0__kernel_9__order_2,1.0,9,2,9721,0.050000000000000044,0.4789198040962219,0.00027340984088368713,0.00028237898368388414,0.9795094902818751,4,4,5,0.0,1 4 5 3 6
2706,0,sigma_1p0__kernel_9__order_2,1.0,9,2,9725,0.050000000000000044,0.5062942504882812,0.00019150176376570016,0.0002349590213270858,0.976496011798362,3,3,4,0.0,3 5 4 6
2707,0,sigma_1p0__kernel_9__order_2,1.0,9,2,9728,0.050000000000000044,0.14686039090156555,0.0002658850959657381,0.0005567030166275799,0.9459672033007165,2,2,3,0.0,3 5 6
2708,0,sigma_1p0__kernel_9__order_2,1.0,9,2,9732,0.050000000000000044,0.2811933755874634,0.00027385020803194493,0.0003074454143643379,0.9758183664501635,3,3,4,0.0,5 3 4 6
2709,0,sigma_1p0__kernel_9__order_2,1.0,9,2,9736,0.050000000000000044,0.6219107508659363,0.00027324653638061136,0.00011563707084860653,0.9869697132944069,3,3,4,0.0,3 4 5 6
2710,0,sigma_1p0__kernel_9__order_2,1.0,9,2,9740,0.050000000000000044,0.23772618174552917,0.00024869400294846855,0.00033741473453119397,0.9745578110466105,3,3,4,0.0,5 4 2 6
2711,0,sigma_1p0__kernel_9__order_2,1.0,9,2,9742,0.050000000000000044,0.09472252428531647,0.0003708387812366709,0.0005082559073343873,0.9629806053340789,1,1,2,0.0,4 6
2712,0,sigma_1p0__kernel_9__order_2,1.0,9,2,9747,0.050000000000000044,0.5414643287658691,0.00031165558903012425,0.00035670067882165313,0.9703575982208342,5,5,6,0.0,3 4 2 1 5
2713,0,sigma_1p0__kernel_9__order_2,1.0,9,2,9751,0.050000000000000044,0.5934131145477295,0.00029258687573019415,0.0004541786329355091,0.9655303865777468,3,3,4,0.0,3 4 5 6
2714,0,sigma_1p0__kernel_9__order_2,1.0,9,2,9755,0.050000000000000044,0.2423517107963562,0.0004321707456256263,0.0006882387679070234,0.9495375515022686,3,3,4,0.0,5 3 4 6
2715,0,sigma_1p0__kernel_9__order_2,1.0,9,2,9760,0.050000000000000044,0.5414643287658691,0.0003960298548918217,0.00035670067882165313,0.9703575982208342,5,5,6,0.0,3 4 1 2 5
2716,0,sigma_1p0__kernel_9__order_2,1.0,9,2,9764,0.050000000000000044,0.15753862261772156,0.0004776486457558349,0.00017175794346258044,0.9811322692954441,3,3,4,0.0,3 4 5 6
2717,0,sigma_1p0__kernel_9__order_2,1.0,9,2,9768,0.050000000000000044,0.15600349009037018,0.00046847785415593535,0.00016633210179861635,0.9804948296721285,3,3,4,0.0,3 4 5 6
2718,0,sigma_1p0__kernel_9__order_2,1.0,9,2,9772,0.050000000000000044,0.13958819210529327,0.00045027399755781516,0.0003499265876598656,0.9686965808254643,3,3,4,0.0,3 4 5 6
2719,0,sigma_1p0__kernel_9__order_2,1.0,9,2,9776,0.050000000000000044,0.2811933755874634,0.00044102354877395555,0.0003074454143643379,0.9758183664501635,3,3,4,0.0,4 5 3 6
2720,0,sigma_1p0__kernel_9__order_2,1.0,9,2,9780,0.050000000000000044,0.4962378442287445,0.00035258804564364254,0.0001359974849037826,0.9773213869928605,3,3,4,0.0,3 4 5 6
2721,0,sigma_1p0__kernel_9__order_2,1.0,9,2,9784,0.050000000000000044,0.45535826683044434,0.00035765946086030453,0.00046948809176683426,0.9537005855587801,3,3,4,0.0,5 3 4 6
2722,0,sigma_1p0__kernel_9__order_2,1.0,9,2,9788,0.050000000000000044,0.25167810916900635,0.00038028304697945714,0.0002688246313482523,0.9730571657596389,3,3,4,0.0,4 3 5 6
2723,0,sigma_1p0__kernel_9__order_2,1.0,9,2,9792,0.050000000000000044,0.27362072467803955,0.00047286622429965064,0.00017932752962224185,0.9802599173840955,3,3,4,0.0,5 3 4 6
2724,0,sigma_1p0__kernel_9__order_2,1.0,9,2,9795,0.050000000000000044,0.16027358174324036,0.0003658087128618111,0.0003168144612573087,0.962523856270044,2,2,3,0.0,3 5 6
2725,0,sigma_1p0__kernel_9__order_2,1.0,9,2,9798,0.050000000000000044,0.0729357898235321,0.0004106315124469499,0.000244210590608418,0.9645484778210609,2,2,3,0.0,5 3 6
2726,0,sigma_1p0__kernel_9__order_2,1.0,9,2,9802,0.050000000000000044,0.5133083462715149,0.0003624709934229031,0.00022969531710259616,0.9836593969292079,3,3,4,0.0,4 3 5 6
2727,0,sigma_1p0__kernel_9__order_2,1.0,9,2,9805,0.050000000000000044,0.05051891505718231,0.0003652130738676836,0.0006870934157632291,0.9247663637510236,2,2,3,0.0,5 3 6
2728,0,sigma_1p0__kernel_9__order_2,1.0,9,2,9810,0.050000000000000044,0.560719907283783,0.00038254279352258893,0.00035798409953713417,0.970142106026163,4,4,5,0.0,4 1 5 3 6
2729,0,sigma_1p0__kernel_9__order_2,1.0,9,2,9814,0.050000000000000044,0.27362072467803955,0.0002988045016536489,0.00017932752962224185,0.9802599173840955,3,3,4,0.0,4 3 5 6
2730,0,sigma_1p0__kernel_9__order_2,1.0,9,2,9817,0.050000000000000044,0.046418145298957825,0.00038674837560392916,0.0007575950585305691,0.9282478330818567,2,2,3,0.0,5 3 6
2731,0,sigma_1p0__kernel_9__order_2,1.0,9,2,9821,0.050000000000000044,0.2736207842826843,0.0003429660282563418,0.00017932752962224185,0.9802599173840955,3,3,4,0.0,5 4 3 6
2732,0,sigma_1p0__kernel_9__order_2,1.0,9,2,9824,0.050000000000000044,0.0729357898235321,0.0003261748352088034,0.000244210590608418,0.9645484778210609,2,2,3,0.0,5 3 6
2733,0,sigma_1p0__kernel_9__order_2,1.0,9,2,9828,0.050000000000000044,0.2537424862384796,0.00038975755887804553,0.0003305163118056953,0.9657473915503509,3,3,4,0.0,5 3 4 6
2734,0,sigma_1p0__kernel_9__order_2,1.0,9,2,9831,0.050000000000000044,0.0729357898235321,0.00031729241406234604,0.000244210590608418,0.9645484778210609,2,2,3,0.0,3 5 6
2735,0,sigma_1p0__kernel_9__order_2,1.0,9,2,9835,0.050000000000000044,0.15966123342514038,0.0003439295687712729,0.0002310934942215681,0.9801104172054284,3,3,4,0.0,3 4 5 6
2736,0,sigma_1p0__kernel_9__order_2,1.0,9,2,9837,0.050000000000000044,0.15118815004825592,0.000410800232202746,0.0008677939767949283,0.9223440661760629,1,1,2,0.0,5 6
2737,0,sigma_1p0__kernel_9__order_2,1.0,9,2,9840,0.050000000000000044,0.16052131354808807,0.0003672291156059752,0.0006135533330962062,0.9546433615982178,2,2,3,0.0,3 5 6
2738,0,sigma_1p0__kernel_9__order_2,1.0,9,2,9845,0.050000000000000044,0.48476213216781616,0.0003904019889887422,0.0004860204935539514,0.956205478781894,4,4,5,0.0,5 3 2 4 6
2739,0,sigma_1p0__kernel_9__order_2,1.0,9,2,9850,0.050000000000000044,0.5399646162986755,0.00038164512370713054,0.00040371244540438056,0.9671228918004404,4,4,5,0.0,4 3 2 5 6
2740,0,sigma_1p0__kernel_9__order_2,1.0,9,2,9853,0.050000000000000044,0.148762509226799,0.00032580437740155804,0.0005902164848521352,0.9453008105617358,2,2,3,0.0,3 5 6
2741,0,sigma_1p0__kernel_9__order_2,1.0,9,2,9856,0.050000000000000044,0.0729357898235321,0.00035410911853735644,0.000244210590608418,0.9645484778210609,2,2,3,0.0,5 3 6
2742,0,sigma_1p0__kernel_9__order_2,1.0,9,2,9859,0.050000000000000044,0.16027358174324036,0.00039013845768446725,0.0003168144612573087,0.962523856270044,2,2,3,0.0,3 5 6
2743,0,sigma_1p0__kernel_9__order_2,1.0,9,2,9863,0.050000000000000044,0.2423517107963562,0.0004209279104543384,0.0006882387679070234,0.9495375515022686,3,3,4,0.0,5 3 4 6
2744,0,sigma_1p0__kernel_9__order_2,1.0,9,2,9865,0.050000000000000044,0.05148378759622574,0.00041083747055381536,0.001311954576522112,0.8983739310439219,1,1,2,0.0,4 6
2745,0,sigma_1p0__kernel_9__order_2,1.0,9,2,9869,0.050000000000000044,0.4599292576313019,0.0003584210717235692,0.00033009552862495184,0.9623021453477256,3,3,4,0.0,5 3 4 6
2746,0,sigma_1p0__kernel_9__order_2,1.0,9,2,9873,0.050000000000000044,0.5045946836471558,0.0003205805187462829,0.0004865041410084814,0.9562090784311295,3,3,4,0.0,5 4 3 6
2747,0,sigma_1p0__kernel_9__order_2,1.0,9,2,9877,0.050000000000000044,0.6219107508659363,0.0003044634031539317,0.00011563707084860653,0.9869697132944069,3,3,4,0.0,4 3 5 6
2748,0,sigma_1p0__kernel_9__order_2,1.0,9,2,9879,0.050000000000000044,0.09472252428531647,0.000333617179421708,0.0005082559073343873,0.9629806053340789,1,1,2,0.0,4 6
2749,0,sigma_1p0__kernel_9__order_2,1.0,9,2,9883,0.050000000000000044,0.5116890668869019,0.0004309343494242057,0.00040857974090613425,0.9488013382473968,3,3,4,0.0,4 5 3 6
2750,0,sigma_1p0__kernel_9__order_2,1.0,9,2,9887,0.050000000000000044,0.5074523687362671,0.00038519775989698246,0.00028734508669003844,0.9792653489835764,3,3,4,0.0,4 5 3 6
2751,0,sigma_1p0__kernel_9__order_2,1.0,9,2,9891,0.050000000000000044,0.2423517107963562,0.0003146568742522504,0.0006882387679070234,0.9495375515022686,3,3,4,0.0,5 3 4 6
2752,0,sigma_1p0__kernel_9__order_2,1.0,9,2,9894,0.050000000000000044,0.158042773604393,0.0003225155523978174,0.0004597074002958834,0.9592404986923289,2,2,3,0.0,3 5 6
2753,0,sigma_1p0__kernel_9__order_2,1.0,9,2,9895,0.050000000000000044,0.0,0.0002581118606030941,0.0012056378182023764,0.8928408563695184,0,0,1,0.0,6
2754,0,sigma_1p0__kernel_9__order_2,1.0,9,2,9898,0.050000000000000044,0.05513451248407364,0.00044580290947730344,0.0006530879763886333,0.9352612300342952,2,2,3,0.0,5 3 6
2755,0,sigma_1p0__kernel_9__order_2,1.0,9,2,9901,0.050000000000000044,0.16352729499340057,0.0003834578092209995,0.0005552549264393747,0.9588457210948436,2,2,3,0.0,3 5 6
2756,0,sigma_1p0__kernel_9__order_2,1.0,9,2,9905,0.050000000000000044,0.5133083462715149,0.00036821613321080804,0.00022969531710259616,0.9836593969292079,3,3,4,0.0,4 3 5 6
2757,0,sigma_1p0__kernel_9__order_2,1.0,9,2,9909,0.050000000000000044,0.5045947432518005,0.0003406258183531463,0.0004865041410084814,0.9562090784311295,3,3,4,0.0,3 4 5 6
2758,0,sigma_1p0__kernel_9__order_2,1.0,9,2,9912,0.050000000000000044,0.07632233947515488,0.00027677232477193076,0.0003549546527210623,0.9567700723688894,2,2,3,0.0,3 5 6
2759,0,sigma_1p0__kernel_9__order_2,1.0,9,2,9915,0.050000000000000044,0.07960246503353119,0.00040531466947868466,0.0002772131119854748,0.9761993671533753,2,2,3,0.0,3 5 6
2760,0,sigma_1p0__kernel_9__order_2,1.0,9,2,9919,0.050000000000000044,0.5045946836471558,0.0003355084772920236,0.0004865041410084814,0.9562090784311295,3,3,4,0.0,4 5 3 6
2761,0,sigma_1p0__kernel_9__order_2,1.0,9,2,9923,0.050000000000000044,0.5045946836471558,0.0003359306720085442,0.0004865041410084814,0.9562090784311295,3,3,4,0.0,4 5 3 6
2762,0,sigma_1p0__kernel_9__order_2,1.0,9,2,9927,0.050000000000000044,0.5934131145477295,0.0003032844324479811,0.0004541786329355091,0.9655303865777468,3,3,4,0.0,4 5 3 6
2763,0,sigma_1p0__kernel_9__order_2,1.0,9,2,9931,0.050000000000000044,0.5827685594558716,0.0003706094285007566,0.00026917693321593106,0.9711808926745913,3,3,4,0.0,4 5 3 6
2764,0,sigma_1p0__kernel_9__order_2,1.0,9,2,9935,0.050000000000000044,0.25167807936668396,0.0004620952677214518,0.0002688246313482523,0.9730571657596389,3,3,4,0.0,5 4 3 6
2765,0,sigma_1p0__kernel_9__order_2,1.0,9,2,9939,0.050000000000000044,0.25167810916900635,0.0003217140329070389,0.0002688246313482523,0.9730571657596389,3,3,4,0.0,5 3 4 6
2766,0,sigma_1p0__kernel_9__order_2,1.0,9,2,9942,0.050000000000000044,0.14686039090156555,0.00039710259685913724,0.0005567030166275799,0.9459672033007165,2,2,3,0.0,3 5 6
2767,0,sigma_1p0__kernel_9__order_2,1.0,9,2,9946,0.050000000000000044,0.6219107508659363,0.0002870324424293358,0.00011563707084860653,0.9869697132944069,3,3,4,0.0,4 3 5 6
2768,0,sigma_1p0__kernel_9__order_2,1.0,9,2,9949,0.050000000000000044,0.06418649107217789,0.0004783177961750577,0.000685150153003633,0.9438122881578633,2,2,3,0.0,5 4 6
2769,0,sigma_1p0__kernel_9__order_2,1.0,9,2,9953,0.050000000000000044,0.6030303239822388,0.0003157822065986693,0.0003137296298518777,0.9649377163681208,3,3,4,0.0,4 3 5 6
2770,0,sigma_1p0__kernel_9__order_2,1.0,9,2,9955,0.050000000000000044,0.06885778158903122,0.0003458253340795636,0.0009730406454764307,0.927493339335805,1,1,2,0.0,4 6
2771,0,sigma_1p0__kernel_9__order_2,1.0,9,2,9959,0.050000000000000044,0.2423517107963562,0.00041343725024489686,0.0006882387679070234,0.9495375515022686,3,3,4,0.0,5 3 4 6
2772,0,sigma_1p0__kernel_9__order_2,1.0,9,2,9962,0.050000000000000044,0.046418145298957825,0.0003506392434549828,0.0007575950585305691,0.9282478330818567,2,2,3,0.0,5 3 6
2773,0,sigma_1p0__kernel_9__order_2,1.0,9,2,9967,0.050000000000000044,0.5414643883705139,0.0003283345373347402,0.00035670067882165313,0.9703575982208342,5,5,6,0.0,4 2 3 1 5
2774,0,sigma_1p0__kernel_9__order_2,1.0,9,2,9971,0.050000000000000044,0.2811933755874634,0.0003311554901301861,0.0003074454143643379,0.9758183664501635,3,3,4,0.0,4 5 3 6
2775,0,sigma_1p0__kernel_9__order_2,1.0,9,2,9975,0.050000000000000044,0.26265949010849,0.00035847594699589536,0.00026568223256617785,0.9782780824178181,3,3,4,0.0,4 3 5 6
2776,0,sigma_1p0__kernel_9__order_2,1.0,9,2,9980,0.050000000000000044,0.20373810827732086,0.00031752610520925374,0.00033044180599972606,0.9657350972064468,4,4,5,0.0,5 4 1 3 6
2777,0,sigma_1p0__kernel_9__order_2,1.0,9,2,9984,0.050000000000000044,0.5045947432518005,0.0003450264484854415,0.0004865041410084814,0.9562090784311295,3,3,4,0.0,4 3 5 6
2778,0,sigma_1p0__kernel_9__order_2,1.0,9,2,9988,0.050000000000000044,0.2308134287595749,0.0003260457087890245,0.0002814147446770221,0.9693785427618821,3,3,4,0.0,4 5 2 6
2779,0,sigma_1p0__kernel_9__order_2,1.0,9,2,9991,0.050000000000000044,0.17979587614536285,0.00039237427214781445,0.0007011665729805827,0.9514408477279718,2,2,3,0.0,3 5 6
2780,0,sigma_1p0__kernel_9__order_2,1.0,9,2,9992,0.050000000000000044,0.0,0.0004036013560835272,0.0019371160306036472,0.8608352722739635,0,0,1,0.0,6
2781,0,sigma_1p0__kernel_9__order_2,1.0,9,2,9995,0.050000000000000044,0.16950292885303497,0.00029282109850707155,0.0002968789776787162,0.967183250787709,2,2,3,0.0,3 5 6
2782,0,sigma_1p0__kernel_9__order_2,1.0,9,2,9997,0.050000000000000044,0.07216545939445496,0.0005388529680203646,0.0009983577765524387,0.9042346423821841,1,1,2,0.0,4 6
2783,0,sigma_1p0__kernel_9__order_2,1.0,9,2,10002,0.050000000000000044,0.5414643287658691,0.0004185723955743015,0.00035670067882165313,0.9703575982208342,5,5,6,0.0,3 4 2 1 5
2784,0,sigma_1p0__kernel_9__order_2,1.0,9,2,10006,0.050000000000000044,0.2736207842826843,0.0005521034181583673,0.00017932752962224185,0.9802599173840955,3,3,4,0.0,5 4 3 6
2785,0,sigma_1p0__kernel_9__order_2,1.0,9,2,10009,0.050000000000000044,0.16352729499340057,0.0003369399831475069,0.0005552549264393747,0.9588457210948436,2,2,3,0.0,3 5 6
2786,0,sigma_1p0__kernel_9__order_2,1.0,9,2,10011,0.050000000000000044,0.07216545939445496,0.000320702965836972,0.0009983577765524387,0.9042346423821841,1,1,2,0.0,4 6
2787,0,sigma_1p0__kernel_9__order_2,1.0,9,2,10013,0.050000000000000044,0.05148378759622574,0.00044753329711966217,0.001311954576522112,0.8983739310439219,1,1,2,0.0,4 6
2788,0,sigma_1p0__kernel_9__order_2,1.0,9,2,10017,0.050000000000000044,0.253742516040802,0.00043642673699650913,0.0003305163118056953,0.9657473915503509,3,3,4,0.0,3 4 5 6
2789,0,sigma_1p0__kernel_9__order_2,1.0,9,2,10021,0.050000000000000044,0.4841911494731903,0.0003270868837716989,0.00043372379150241613,0.9520311661410134,3,3,4,0.0,3 2 4 6
2790,0,sigma_1p0__kernel_9__order_2,1.0,9,2,10024,0.050000000000000044,0.17979587614536285,0.0004091005345496039,0.0007011665729805827,0.9514408477279718,2,2,3,0.0,3 5 6
2791,0,sigma_1p0__kernel_9__order_2,1.0,9,2,10026,0.050000000000000044,0.054702822118997574,0.00042243457573931664,0.00048586566117592156,0.9276666167977307,1,1,2,0.0,3 6
2792,0,sigma_1p0__kernel_9__order_2,1.0,9,2,10029,0.050000000000000044,0.07632233947515488,0.0003480667752834658,0.0003549546527210623,0.9567700723688894,2,2,3,0.0,3 5 6
2793,0,sigma_1p0__kernel_9__order_2,1.0,9,2,10033,0.050000000000000044,0.13958819210529327,0.0003964844363508746,0.0003499265876598656,0.9686965808254643,3,3,4,0.0,3 4 5 6
2794,0,sigma_1p0__kernel_9__order_2,1.0,9,2,10036,0.050000000000000044,0.4503912329673767,0.00035451125586405396,0.0005463688867166638,0.9281530880970563,2,2,3,0.0,3 5 6
2795,0,sigma_1p0__kernel_9__order_2,1.0,9,2,10039,0.050000000000000044,0.04641816020011902,0.00037221034290269017,0.0007575950585305691,0.9282478330818567,2,2,3,0.0,3 5 6
2796,0,sigma_1p0__kernel_9__order_2,1.0,9,2,10042,0.050000000000000044,0.14686039090156555,0.0003546691732481122,0.0005567030166275799,0.9459672033007165,2,2,3,0.0,3 5 6
2797,0,sigma_1p0__kernel_9__order_2,1.0,9,2,10045,0.050000000000000044,0.04641816020011902,0.00026695948812024045,0.0007575950585305691,0.9282478330818567,2,2,3,0.0,3 5 6
2798,0,sigma_1p0__kernel_9__order_2,1.0,9,2,10048,0.050000000000000044,0.05513450503349304,0.00036874950941031176,0.0006530879763886333,0.9352612300342952,2,2,3,0.0,3 5 6
2799,0,sigma_1p0__kernel_9__order_2,1.0,9,2,10052,0.050000000000000044,0.0972796231508255,0.00038362513441825286,0.0005524569423869252,0.9488942149880383,3,3,4,0.0,3 5 1 6
2800,0,sigma_1p0__kernel_9__order_2,1.0,9,2,10054,0.050000000000000044,0.06620339304208755,0.00039090943755581975,0.0010458785109221935,0.8895152893258473,1,1,2,0.0,4 6
2801,0,sigma_1p0__kernel_9__order_2,1.0,9,2,10058,0.050000000000000044,0.2975843548774719,0.00032378437026636675,0.00011739555338863283,0.9893193590265392,3,3,4,0.0,3 4 5 6
2802,0,sigma_1p0__kernel_9__order_2,1.0,9,2,10060,0.050000000000000044,0.08585478365421295,0.0002951650239992887,0.0004186356964055449,0.9436479770400152,1,1,2,0.0,4 6
2803,0,sigma_1p0__kernel_9__order_2,1.0,9,2,10062,0.050000000000000044,0.09472252428531647,0.0005072113126516342,0.0005082559073343873,0.9629806053340789,1,1,2,0.0,4 6
2804,0,sigma_1p0__kernel_9__order_2,1.0,9,2,10066,0.050000000000000044,0.4599292576313019,0.0003628964041126892,0.00033009552862495184,0.9623021453477256,3,3,4,0.0,5 3 4 6
2805,0,sigma_1p0__kernel_9__order_2,1.0,9,2,10070,0.050000000000000044,0.27362072467803955,0.00036973084206692874,0.00017932752962224185,0.9802599173840955,3,3,4,0.0,3 4 5 6
2806,0,sigma_1p0__kernel_9__order_2,1.0,9,2,10074,0.050000000000000044,0.253742516040802,0.0003878207062371075,0.0003305163118056953,0.9657473915503509,3,3,4,0.0,3 4 5 6
2807,0,sigma_1p0__kernel_9__order_2,1.0,9,2,10079,0.050000000000000044,0.43019652366638184,0.00037986206589266656,0.00032918446231633425,0.9623376832528574,4,4,5,0.0,3 5 4 1 6
2808,0,sigma_1p0__kernel_9__order_2,1.0,9,2,10084,0.050000000000000044,0.23296567797660828,0.00032370781409554186,0.0001988169242395088,0.9846306668769449,4,4,5,0.0,2 4 3 5 6
2809,0,sigma_1p0__kernel_9__order_2,1.0,9,2,10086,0.050000000000000044,0.08585478365421295,0.00020130322081968188,0.0004186356964055449,0.9436479770400152,1,1,2,0.0,4 6
2810,0,sigma_1p0__kernel_9__order_2,1.0,9,2,10088,0.050000000000000044,0.05148378759622574,0.00018921896116808057,0.001311954576522112,0.8983739310439219,1,1,2,0.0,4 6
2811,0,sigma_1p0__kernel_9__order_2,1.0,9,2,10093,0.050000000000000044,0.5846752524375916,0.00030305791296996175,0.00011217205610591918,0.9870819063163966,5,5,6,0.0,3 1 5 2 4
2812,0,sigma_1p0__kernel_9__order_2,1.0,9,2,10097,0.050000000000000044,0.5133083462715149,0.00026706278731580824,0.00022969531710259616,0.9836593969292079,3,3,4,0.0,3 4 5 6
2813,0,sigma_1p0__kernel_9__order_2,1.0,9,2,10101,0.050000000000000044,0.45535826683044434,0.0003074819323956035,0.00046948809176683426,0.9537005855587801,3,3,4,0.0,3 5 4 6
2814,0,sigma_1p0__kernel_9__order_2,1.0,9,2,10104,0.050000000000000044,0.158042773604393,0.00024464157468173653,0.0004597074002958834,0.9592404986923289,2,2,3,0.0,3 5 6
2815,0,sigma_1p0__kernel_9__order_2,1.0,9,2,10107,0.050000000000000044,0.148762509226799,0.0003539642590718965,0.0005902164848521352,0.9453008105617358,2,2,3,0.0,3 5 6
2816,0,sigma_1p0__kernel_9__order_2,1.0,9,2,10110,0.050000000000000044,0.17979587614536285,0.0003023123766373222,0.0007011665729805827,0.9514408477279718,2,2,3,0.0,3 5 6
2817,0,sigma_1p0__kernel_9__order_2,1.0,9,2,10113,0.050000000000000044,0.17979587614536285,0.00022923653887119144,0.0007011665729805827,0.9514408477279718,2,2,3,0.0,3 5 6
2818,0,sigma_1p0__kernel_9__order_2,1.0,9,2,10118,0.050000000000000044,0.5414643883705139,0.00025075620505958794,0.00035670067882165313,0.9703575982208342,5,5,6,0.0,4 3 2 1 5
2819,0,sigma_1p0__kernel_9__order_2,1.0,9,2,10123,0.050000000000000044,0.47984907031059265,0.0002968217508168891,0.000276587757980451,0.9795012027025223,4,4,5,0.0,2 4 3 5 6
2820,0,sigma_1p0__kernel_9__order_2,1.0,9,2,10126,0.050000000000000044,0.0729357898235321,0.00036995947205772,0.000244210590608418,0.9645484778210609,2,2,3,0.0,5 3 6
2821,0,sigma_1p0__kernel_9__order_2,1.0,9,2,10130,0.050000000000000044,0.5045946836471558,0.0003698467480717227,0.0004865041410084814,0.9562090784311295,3,3,4,0.0,3 5 4 6
2822,0,sigma_1p0__kernel_9__order_2,1.0,9,2,10134,0.050000000000000044,0.2813258171081543,0.0002778159760055132,0.0002048807218670845,0.9843359494074629,3,3,4,0.0,4 5 3 6
2823,0,sigma_1p0__kernel_9__order_2,1.0,9,2,10136,0.050000000000000044,0.09472252428531647,0.00032427156111225486,0.0005082559073343873,0.9629806053340789,1,1,2,0.0,4 6
2824,0,sigma_1p0__kernel_9__order_2,1.0,9,2,10139,0.050000000000000044,0.04641816020011902,0.00031417182375056046,0.0007575950585305691,0.9282478330818567,2,2,3,0.0,3 5 6
2825,0,sigma_1p0__kernel_9__order_2,1.0,9,2,10144,0.050000000000000044,0.560719907283783,0.0003366969816852361,0.00035798409953713417,0.970142106026163,4,4,5,0.0,4 1 5 3 6
2826,0,sigma_1p0__kernel_9__order_2,1.0,9,2,10147,0.050000000000000044,0.05051891505718231,0.0003516048212380459,0.0006870934157632291,0.9247663637510236,2,2,3,0.0,5 3 6
2827,0,sigma_1p0__kernel_9__order_2,1.0,9,2,10149,0.050000000000000044,0.34668493270874023,0.00032881947117857635,0.0013296640245243907,0.8959374416189868,1,1,2,0.0,4 6
2828,0,sigma_1p0__kernel_9__order_2,1.0,9,2,10151,0.050000000000000044,0.08822499215602875,0.00023118816898204386,0.0010199007811024785,0.9173677836353231,1,1,2,0.0,4 6
2829,0,sigma_1p0__kernel_9__order_2,1.0,9,2,10156,0.050000000000000044,0.5399646162986755,0.00026899073855020107,0.00040371244540438056,0.9671228918004404,4,4,5,0.0,4 3 2 5 6
2830,0,sigma_1p0__kernel_9__order_2,1.0,9,2,10159,0.050000000000000044,0.3786160945892334,0.00023453694787652543,0.0003682529495563358,0.9565913310622205,2,2,3,0.0,3 2 6
2831,0,sigma_1p0__kernel_9__order_2,1.0,9,2,10163,0.050000000000000044,0.45992928743362427,0.00048550588689977303,0.00033009552862495184,0.9623021453477256,3,3,4,0.0,3 5 4 6
2832,0,sigma_1p0__kernel_9__order_2,1.0,9,2,10165,0.050000000000000044,0.06885778158903122,0.0002514884399715811,0.0009730406454764307,0.927493339335805,1,1,2,0.0,4 6
2833,0,sigma_1p0__kernel_9__order_2,1.0,9,2,10169,0.050000000000000044,0.2813258171081543,0.00028308825858402997,0.0002048807218670845,0.9843359494074629,3,3,4,0.0,4 3 5 6
2834,0,sigma_1p0__kernel_9__order_2,1.0,9,2,10171,0.050000000000000044,0.08585478365421295,0.0003023631143150851,0.0004186356964055449,0.9436479770400152,1,1,2,0.0,4 6
2835,0,sigma_1p0__kernel_9__order_2,1.0,9,2,10176,0.050000000000000044,0.48459550738334656,0.0003126615134533495,0.0004865009104833007,0.9562088372839191,4,4,5,0.0,3 5 1 4 6
2836,0,sigma_1p0__kernel_9__order_2,1.0,9,2,10177,0.050000000000000044,0.0,0.000353284296579659,0.0021252217702567577,0.8223969706984217,0,0,1,0.0,6
2837,0,sigma_1p0__kernel_9__order_2,1.0,9,2,10180,0.050000000000000044,0.14686039090156555,0.0003537720476742834,0.0005567030166275799,0.9459672033007165,2,2,3,0.0,3 5 6
2838,0,sigma_1p0__kernel_9__order_2,1.0,9,2,10184,0.050000000000000044,0.15600349009037018,0.0003560395198292099,0.00016633210179861635,0.9804948296721285,3,3,4,0.0,3 4 5 6
2839,0,sigma_1p0__kernel_9__order_2,1.0,9,2,10188,0.050000000000000044,0.4962378442287445,0.00040988586260937154,0.0001359974849037826,0.9773213869928605,3,3,4,0.0,3 4 5 6
2840,0,sigma_1p0__kernel_9__order_2,1.0,9,2,10192,0.050000000000000044,0.4962378442287445,0.00027966199559159577,0.0001359974849037826,0.9773213869928605,3,3,4,0.0,3 4 5 6
2841,0,sigma_1p0__kernel_9__order_2,1.0,9,2,10196,0.050000000000000044,0.2811933755874634,0.00022324671226670034,0.0003074454143643379,0.9758183664501635,3,3,4,0.0,4 3 5 6
2842,0,sigma_1p0__kernel_9__order_2,1.0,9,2,10200,0.050000000000000044,0.27362075448036194,0.0003141572160529904,0.00017932752962224185,0.9802599173840955,3,3,4,0.0,4 5 3 6
2843,0,sigma_1p0__kernel_9__order_2,1.0,9,2,10204,0.050000000000000044,0.16888204216957092,0.0004258474145899527,0.0003634778840932995,0.975528885525132,3,3,4,0.0,4 3 5 6
2844,0,sigma_1p0__kernel_9__order_2,1.0,9,2,10209,0.050000000000000044,0.5399645566940308,0.0003506327630020678,0.00040371244540438056,0.9671228918004404,4,4,5,0.0,4 3 5 2 6
2845,0,sigma_1p0__kernel_9__order_2,1.0,9,2,10212,0.050000000000000044,0.04398521035909653,0.0003955930199784537,0.0006520855240523815,0.9439901752700846,2,2,3,0.0,4 1 6
2846,0,sigma_1p0__kernel_9__order_2,1.0,9,2,10214,0.050000000000000044,0.042731307446956635,0.0002203746189479716,0.0010006569791585207,0.9216949270299539,1,1,2,0.0,4 6
2847,0,sigma_1p0__kernel_9__order_2,1.0,9,2,10217,0.050000000000000044,0.16352729499340057,0.0003446703291653345,0.0005552549264393747,0.9588457210948436,2,2,3,0.0,3 5 6
2848,0,sigma_1p0__kernel_9__order_2,1.0,9,2,10220,0.050000000000000044,0.14686039090156555,0.0004122298560105264,0.0005567030166275799,0.9459672033007165,2,2,3,0.0,3 5 6
2849,0,sigma_1p0__kernel_9__order_2,1.0,9,2,10222,0.050000000000000044,0.09472252428531647,0.00023715638963039964,0.0005082559073343873,0.9629806053340789,1,1,2,0.0,4 6
2850,0,sigma_1p0__kernel_9__order_2,1.0,9,2,10227,0.050000000000000044,0.4789198040962219,0.0003701254143379629,0.00028237898368388414,0.9795094902818751,4,4,5,0.0,1 4 5 3 6
2851,0,sigma_1p0__kernel_9__order_2,1.0,9,2,10232,0.050000000000000044,0.4517238140106201,0.00031003441254142674,0.0002711522101890296,0.9798690636291232,5,5,6,0.0,3 1 2 5 4
2852,0,sigma_1p0__kernel_9__order_2,1.0,9,2,10235,0.050000000000000044,0.05513451248407364,0.0003930034290533513,0.0006530879763886333,0.9352612300342952,2,2,3,0.0,5 3 6
2853,0,sigma_1p0__kernel_9__order_2,1.0,9,2,10240,0.050000000000000044,0.5739725232124329,0.00040296700317412617,0.0004525361873675138,0.9656771898942952,4,4,5,0.0,3 2 4 5 6
2854,0,sigma_1p0__kernel_9__order_2,1.0,9,2,10244,0.050000000000000044,0.13958820700645447,0.0004654513322748244,0.0003499265876598656,0.9686965808254643,3,3,4,0.0,3 5 4 6
2855,0,sigma_1p0__kernel_9__order_2,1.0,9,2,10246,0.050000000000000044,0.09472252428531647,0.00040522329800296575,0.0005082559073343873,0.9629806053340789,1,1,2,0.0,4 6
2856,0,sigma_1p0__kernel_9__order_2,1.0,9,2,10250,0.050000000000000044,0.5074523687362671,0.00033684177469694987,0.00028734508669003844,0.9792653489835764,3,3,4,0.0,3 5 4 6
2857,0,sigma_1p0__kernel_9__order_2,1.0,9,2,10254,0.050000000000000044,0.4962378442287445,0.0004046428293804638,0.0001359974849037826,0.9773213869928605,3,3,4,0.0,5 3 4 6
2858,0,sigma_1p0__kernel_9__order_2,1.0,9,2,10256,0.050000000000000044,0.08822499215602875,0.0004260535060893744,0.0010199007811024785,0.9173677836353231,1,1,2,0.0,4 6
2859,0,sigma_1p0__kernel_9__order_2,1.0,9,2,10261,0.050000000000000044,0.584675133228302,0.0003954439423978329,0.00011217205610591918,0.9870819063163966,5,5,6,0.0,4 3 2 1 5
2860,0,sigma_1p0__kernel_9__order_2,1.0,9,2,10265,0.050000000000000044,0.5257713794708252,0.00035080263478448614,0.00016244305879808962,0.9840680202746079,3,3,4,0.0,4 3 5 6
2861,0,sigma_1p0__kernel_9__order_2,1.0,9,2,10268,0.050000000000000044,0.14686039090156555,0.00048312952276319265,0.0005567030166275799,0.9459672033007165,2,2,3,0.0,3 5 6
2862,0,sigma_1p0__kernel_9__order_2,1.0,9,2,10272,0.050000000000000044,0.5257713794708252,0.0003104207062278874,0.00016244305879808962,0.9840680202746079,3,3,4,0.0,4 3 5 6
2863,0,sigma_1p0__kernel_9__order_2,1.0,9,2,10275,0.050000000000000044,0.148762509226799,0.00032651209039613605,0.0005902164848521352,0.9453008105617358,2,2,3,0.0,3 5 6
2864,0,sigma_1p0__kernel_9__order_2,1.0,9,2,10279,0.050000000000000044,0.5045946836471558,0.000346780194377061,0.0004865041410084814,0.9562090784311295,3,3,4,0.0,4 5 3 6
2865,0,sigma_1p0__kernel_9__order_2,1.0,9,2,10283,0.050000000000000044,0.4962378442287445,0.0003753405726456549,0.0001359974849037826,0.9773213869928605,3,3,4,0.0,4 5 3 6
2866,0,sigma_1p0__kernel_9__order_2,1.0,9,2,10286,0.050000000000000044,0.14686039090156555,0.0003544316083813707,0.0005567030166275799,0.9459672033007165,2,2,3,0.0,3 5 6
2867,0,sigma_1p0__kernel_9__order_2,1.0,9,2,10288,0.050000000000000044,0.07216545939445496,0.0002953425428131595,0.0009983577765524387,0.9042346423821841,1,1,2,0.0,4 6
2868,0,sigma_1p0__kernel_9__order_2,1.0,9,2,10293,0.050000000000000044,0.5742694735527039,0.00029603162547573445,0.00045150649384595454,0.9657286060763596,4,4,5,0.0,4 5 1 3 6
2869,0,sigma_1p0__kernel_9__order_2,1.0,9,2,10297,0.050000000000000044,0.2975843548774719,0.0002152393826690968,0.00011739555338863283,0.9893193590265392,3,3,4,0.0,4 5 3 6
2870,0,sigma_1p0__kernel_9__order_2,1.0,9,2,10302,0.050000000000000044,0.48459550738334656,0.0002701248042285442,0.0004865009104833007,0.9562088372839191,4,4,5,0.0,4 5 3 1 6
2871,0,sigma_1p0__kernel_9__order_2,1.0,9,2,10306,0.050000000000000044,0.6219107508659363,0.00032039898360380903,0.00011563707084860653,0.9869697132944069,3,3,4,0.0,4 3 5 6
2872,0,sigma_1p0__kernel_9__order_2,1.0,9,2,10309,0.050000000000000044,0.158042773604393,0.00024930590006988496,0.0004597074002958834,0.9592404986923289,2,2,3,0.0,3 5 6
2873,0,sigma_1p0__kernel_9__order_2,1.0,9,2,10313,0.050000000000000044,0.2813258171081543,0.00029732352413702756,0.0002048807218670845,0.9843359494074629,3,3,4,0.0,4 5 3 6
2874,0,sigma_1p0__kernel_9__order_2,1.0,9,2,10316,0.050000000000000044,0.046418145298957825,0.0002969704655697569,0.0007575950585305691,0.9282478330818567,2,2,3,0.0,5 3 6
2875,0,sigma_1p0__kernel_9__order_2,1.0,9,2,10318,0.050000000000000044,0.09472252428531647,0.00023765910736983642,0.0005082559073343873,0.9629806053340789,1,1,2,0.0,4 6
2876,0,sigma_1p0__kernel_9__order_2,1.0,9,2,10323,0.050000000000000044,0.5832988023757935,0.0002945612708572298,0.0003123176866210997,0.9648182590389082,4,4,5,0.0,3 5 2 4 6
2877,0,sigma_1p0__kernel_9__order_2,1.0,9,2,10325,0.050000000000000044,0.06885778158903122,0.00020880503143416718,0.0009730406454764307,0.927493339335805,1,1,2,0.0,4 6
2878,0,sigma_1p0__kernel_9__order_2,1.0,9,2,10328,0.050000000000000044,0.17979587614536285,0.0003018793552958717,0.0007011665729805827,0.9514408477279718,2,2,3,0.0,3 5 6
2879,0,sigma_1p0__kernel_9__order_2,1.0,9,2,10333,0.050000000000000044,0.4257511496543884,0.00033308315905742345,0.000464441574877128,0.9535418546157275,4,4,5,0.0,2 4 5 3 6
2880,0,sigma_1p0__kernel_9__order_2,1.0,9,2,10338,0.050000000000000044,0.4257511496543884,0.0002713484049309045,0.000464441574877128,0.9535418546157275,4,4,5,0.0,2 4 3 5 6
2881,0,sigma_1p0__kernel_9__order_2,1.0,9,2,10340,0.050000000000000044,0.08585478365421295,0.00029532968619605526,0.0004186356964055449,0.9436479770400152,1,1,2,0.0,4 6
2882,0,sigma_1p0__kernel_9__order_2,1.0,9,2,10342,0.050000000000000044,0.08585478365421295,0.000342656800057739,0.0004186356964055449,0.9436479770400152,1,1,2,0.0,4 6
2883,0,sigma_1p0__kernel_9__order_2,1.0,9,2,10347,0.050000000000000044,0.5632835626602173,0.00026964827557094393,0.00026843766681849957,0.9713118144717426,4,4,5,0.0,4 3 1 5 6
2884,0,sigma_1p0__kernel_9__order_2,1.0,9,2,10352,0.050000000000000044,0.5435150861740112,0.00024263292434625327,0.00026785070076584816,0.9713053481296751,5,5,6,0.0,4 3 1 5 2
2885,0,sigma_1p0__kernel_9__order_2,1.0,9,2,10357,0.050000000000000044,0.5629134774208069,0.00025891807163134215,0.0002687380474526435,0.9711584980188737,4,4,5,0.0,4 5 2 3 6
2886,0,sigma_1p0__kernel_9__order_2,1.0,9,2,10362,0.050000000000000044,0.6035642027854919,0.0002841225708834827,0.00011355951573932543,0.9870355374287199,4,4,5,0.0,4 5 2 3 6
2887,0,sigma_1p0__kernel_9__order_2,1.0,9,2,10364,0.050000000000000044,0.042731307446956635,0.00029486989660654217,0.0010006569791585207,0.9216949270299539,1,1,2,0.0,4 6
2888,0,sigma_1p0__kernel_9__order_2,1.0,9,2,10366,0.050000000000000044,0.042731307446956635,0.0002154313842765987,0.0010006569791585207,0.9216949270299539,1,1,2,0.0,4 6
2889,0,sigma_1p0__kernel_9__order_2,1.0,9,2,10368,0.050000000000000044,0.06885778158903122,0.00027672444412019104,0.0009730406454764307,0.927493339335805,1,1,2,0.0,4 6
2890,0,sigma_1p0__kernel_9__order_2,1.0,9,2,10372,0.050000000000000044,0.27362075448036194,0.0002716772287385538,0.00017932752962224185,0.9802599173840955,3,3,4,0.0,4 5 3 6
2891,0,sigma_1p0__kernel_9__order_2,1.0,9,2,10376,0.050000000000000044,0.2811933755874634,0.0002821657762979157,0.0003074454143643379,0.9758183664501635,3,3,4,0.0,4 3 5 6
2892,0,sigma_1p0__kernel_9__order_2,1.0,9,2,10381,0.050000000000000044,0.5414643883705139,0.0002519325818866491,0.00035670067882165313,0.9703575982208342,5,5,6,0.0,4 3 1 2 5
2893,0,sigma_1p0__kernel_9__order_2,1.0,9,2,10385,0.050000000000000044,0.11698247492313385,0.0002586622940725647,0.000392761779949069,0.9659067900512505,3,3,4,0.0,3 5 1 6
2894,0,sigma_1p0__kernel_9__order_2,1.0,9,2,10390,0.050000000000000044,0.5435150861740112,0.0003443007299210876,0.00026785070076584816,0.9713053481296751,5,5,6,0.0,4 3 1 2 5
2895,0,sigma_1p0__kernel_9__order_2,1.0,9,2,10392,0.050000000000000044,0.05148378759622574,0.00030731267179362476,0.001311954576522112,0.8983739310439219,1,1,2,0.0,4 6
2896,0,sigma_1p0__kernel_9__order_2,1.0,9,2,10396,0.050000000000000044,0.253742516040802,0.0003589327243389562,0.0003305163118056953,0.9657473915503509,3,3,4,0.0,4 3 5 6
2897,0,sigma_1p0__kernel_9__order_2,1.0,9,2,10400,0.050000000000000044,0.2813258171081543,0.00025312157958978787,0.0002048807218670845,0.9843359494074629,3,3,4,0.0,4 3 5 6
2898,0,sigma_1p0__kernel_9__order_2,1.0,9,2,10404,0.050000000000000044,0.2811933755874634,0.00031824823963688686,0.0003074454143643379,0.9758183664501635,3,3,4,0.0,4 3 5 6
2899,0,sigma_1p0__kernel_9__order_2,1.0,9,2,10406,0.050000000000000044,0.08822499215602875,0.00028677767841145396,0.0010199007811024785,0.9173677836353231,1,1,2,0.0,4 6
2900,0,sigma_1p0__kernel_9__order_2,1.0,9,2,10410,0.050000000000000044,0.2975843548774719,0.00030234923906391487,0.00011739555338863283,0.9893193590265392,3,3,4,0.0,4 5 3 6
2901,0,sigma_1p0__kernel_9__order_2,1.0,9,2,10412,0.050000000000000044,0.09472252428531647,0.0003621277282945812,0.0005082559073343873,0.9629806053340789,1,1,2,0.0,4 6
2902,0,sigma_1p0__kernel_9__order_2,1.0,9,2,10415,0.050000000000000044,0.16352729499340057,0.0002699154623163243,0.0005552549264393747,0.9588457210948436,2,2,3,0.0,3 5 6
2903,0,sigma_1p0__kernel_9__order_2,1.0,9,2,10417,0.050000000000000044,0.06885778158903122,0.00018207132234238088,0.0009730406454764307,0.927493339335805,1,1,2,0.0,4 6
2904,0,sigma_1p0__kernel_9__order_2,1.0,9,2,10422,0.050000000000000044,0.5202905535697937,0.0002579573163529858,0.00040304585127159953,0.9671935243676023,5,5,6,0.0,4 3 2 1 5
2905,0,sigma_1p0__kernel_9__order_2,1.0,9,2,10427,0.050000000000000044,0.47984904050827026,0.0002935108816018328,0.000276587757980451,0.9795012027025223,4,4,5,0.0,2 4 5 3 6
2906,0,sigma_1p0__kernel_9__order_2,1.0,9,2,10431,0.050000000000000044,0.5257713794708252,0.0003251578891649842,0.00016244305879808962,0.9840680202746079,3,3,4,0.0,4 3 5 6
2907,0,sigma_1p0__kernel_9__order_2,1.0,9,2,10436,0.050000000000000044,0.4717111885547638,0.00031661161337979136,0.0004084963002242148,0.9487925082197087,5,5,6,0.0,3 5 2 1 4
2908,0,sigma_1p0__kernel_9__order_2,1.0,9,2,10441,0.050000000000000044,0.5836609601974487,0.00029668973584193734,0.0003123465576209128,0.9651136570715309,4,4,5,0.0,5 3 4 1 6
2909,0,sigma_1p0__kernel_9__order_2,1.0,9,2,10446,0.050000000000000044,0.4789198637008667,0.0003110871330136433,0.00028237898368388414,0.9795094902818751,4,4,5,0.0,4 1 5 3 6
2910,0,sigma_1p0__kernel_9__order_2,1.0,9,2,10448,0.050000000000000044,0.042731307446956635,0.0002714728470891714,0.0010006569791585207,0.9216949270299539,1,1,2,0.0,4 6
2911,0,sigma_1p0__kernel_9__order_2,1.0,9,2,10451,0.050000000000000044,0.148762509226799,0.0002540852437959984,0.0005902164848521352,0.9453008105617358,2,2,3,0.0,3 5 6
2912,0,sigma_1p0__kernel_9__order_2,1.0,9,2,10455,0.050000000000000044,0.253742516040802,0.0002346234214201104,0.0003305163118056953,0.9657473915503509,3,3,4,0.0,4 5 3 6
2913,0,sigma_1p0__kernel_9__order_2,1.0,9,2,10457,0.050000000000000044,0.07321496307849884,0.00024914334062486887,0.0005412086029537022,0.9536299603801845,1,1,2,0.0,2 6
2914,0,sigma_1p0__kernel_9__order_2,1.0,9,2,10460,0.050000000000000044,0.16352729499340057,0.00028251734329387546,0.0005552549264393747,0.9588457210948436,2,2,3,0.0,3 5 6
2915,0,sigma_1p0__kernel_9__order_2,1.0,9,2,10465,0.050000000000000044,0.4916952848434448,0.00024021434364840388,0.00040852715028449893,0.948789707846789,4,4,5,0.0,3 5 2 4 6
2916,0,sigma_1p0__kernel_9__order_2,1.0,9,2,10469,0.050000000000000044,0.45992928743362427,0.0002923591964645311,0.00033009552862495184,0.9623021453477256,3,3,4,0.0,4 5 3 6
2917,0,sigma_1p0__kernel_9__order_2,1.0,9,2,10474,0.050000000000000044,0.22412049770355225,0.00024206945963669568,0.00017749413382261992,0.9803130662646787,4,4,5,0.0,1 3 5 4 6
2918,0,sigma_1p0__kernel_9__order_2,1.0,9,2,10479,0.050000000000000044,0.5414643883705139,0.000273126142565161,0.00035670067882165313,0.9703575982208342,5,5,6,0.0,4 3 2 1 5
2919,0,sigma_1p0__kernel_9__order_2,1.0,9,2,10483,0.050000000000000044,0.4962378442287445,0.00024573857081122696,0.0001359974849037826,0.9773213869928605,3,3,4,0.0,4 5 3 6
2920,0,sigma_1p0__kernel_9__order_2,1.0,9,2,10488,0.050000000000000044,0.5846751928329468,0.00026932664623018353,0.00011217205610591918,0.9870819063163966,5,5,6,0.0,4 1 3 2 5
2921,0,sigma_1p0__kernel_9__order_2,1.0,9,2,10493,0.050000000000000044,0.5414643287658691,0.00026713289262261244,0.00035670067882165313,0.9703575982208342,5,5,6,0.0,4 1 2 3 5
2922,0,sigma_1p0__kernel_9__order_2,1.0,9,2,10498,0.050000000000000044,0.5632835626602173,0.00022833886614535004,0.00026843766681849957,0.9713118144717426,4,4,5,0.0,4 3 1 5 6
2923,0,sigma_1p0__kernel_9__order_2,1.0,9,2,10502,0.050000000000000044,0.45421576499938965,0.00046018415014259517,0.0002658700686879456,0.9685054444104397,3,3,4,0.0,4 5 3 6
2924,0,sigma_1p0__kernel_9__order_2,1.0,9,2,10506,0.050000000000000044,0.16481979191303253,0.00047039407945703715,0.0002559213316999376,0.9799899954114034,3,3,4,0.0,4 3 5 6
2925,0,sigma_1p0__kernel_9__order_2,1.0,9,2,10510,0.050000000000000044,0.15600349009037018,0.00050129480951,0.00016633210179861635,0.9804948296721285,3,3,4,0.0,4 3 5 6
2926,0,sigma_1p0__kernel_9__order_2,1.0,9,2,10512,0.050000000000000044,0.042731307446956635,0.0004031678254250437,0.0010006569791585207,0.9216949270299539,1,1,2,0.0,4 6
2927,0,sigma_1p0__kernel_9__order_2,1.0,9,2,10517,0.050000000000000044,0.5739725232124329,0.00043976306915283203,0.0004525361873675138,0.9656771898942952,4,4,5,0.0,2 4 3 5 6
2928,0,sigma_1p0__kernel_9__order_2,1.0,9,2,10522,0.050000000000000044,0.4917108118534088,0.00047670123167335986,0.0004085330874659121,0.9488037567536981,4,4,5,0.0,5 3 1 4 6
2929,0,sigma_1p0__kernel_9__order_2,1.0,9,2,10527,0.050000000000000044,0.4917108118534088,0.00043224369292147455,0.0004085330874659121,0.9488037567536981,4,4,5,0.0,5 3 1 4 6
2930,0,sigma_1p0__kernel_9__order_2,1.0,9,2,10532,0.050000000000000044,0.5202905535697937,0.0004248795041348785,0.00040304585127159953,0.9671935243676023,5,5,6,0.0,4 1 2 3 5
2931,0,sigma_1p0__kernel_9__order_2,1.0,9,2,10536,0.050000000000000044,0.17744846642017365,0.00039507958717877045,0.0010771260131150484,0.9173263742828766,3,3,4,0.0,2 5 4 6
2932,0,sigma_1p0__kernel_9__order_2,1.0,9,2,10538,0.050000000000000044,0.09472252428531647,0.000509715435327962,0.0005082559073343873,0.9629806053340789,1,1,2,0.0,4 6
2933,0,sigma_1p0__kernel_9__order_2,1.0,9,2,10542,0.050000000000000044,0.15600349009037018,0.0005164032845641486,0.00016633210179861635,0.9804948296721285,3,3,4,0.0,3 4 5 6
2934,0,sigma_1p0__kernel_9__order_2,1.0,9,2,10545,0.050000000000000044,0.133186936378479,0.0005930871605717888,0.00040230699232779443,0.95709592752451,2,2,3,0.0,1 2 6
2935,0,sigma_1p0__kernel_9__order_2,1.0,9,2,10550,0.050000000000000044,0.48371177911758423,0.0004971234127879142,0.00022842769976705313,0.9837014776312355,4,4,5,0.0,1 3 5 4 6
2936,0,sigma_1p0__kernel_9__order_2,1.0,9,2,10553,0.050000000000000044,0.0692678838968277,0.0005227240811412533,0.0006569871911779046,0.9474752098676282,2,2,3,0.0,5 3 6
2937,0,sigma_1p0__kernel_9__order_2,1.0,9,2,10556,0.050000000000000044,0.046418145298957825,0.0005184659773173431,0.0007575950585305691,0.9282478330818567,2,2,3,0.0,5 3 6
2938,0,sigma_1p0__kernel_9__order_2,1.0,9,2,10560,0.050000000000000044,0.4962378442287445,0.0004940507424180396,0.0001359974849037826,0.9773213869928605,3,3,4,0.0,3 5 4 6
2939,0,sigma_1p0__kernel_9__order_2,1.0,9,2,10564,0.050000000000000044,0.2242097705602646,0.00048779763164930046,0.000390827190130949,0.9692392439252556,3,3,4,0.0,2 4 5 6
2940,0,sigma_1p0__kernel_9__order_2,1.0,9,2,10569,0.050000000000000044,0.2318192571401596,0.000456451257923618,0.0003047949285246432,0.9760491947392079,4,4,5,0.0,4 5 3 1 6
2941,0,sigma_1p0__kernel_9__order_2,1.0,9,2,10574,0.050000000000000044,0.49645060300827026,0.0003829212684649974,0.00016091778525151312,0.9841738597497646,4,4,5,0.0,2 4 5 3 6
2942,0,sigma_1p0__kernel_9__order_2,1.0,9,2,10579,0.050000000000000044,0.43021029233932495,0.00037174488534219563,0.00032804207876324654,0.9622324245509013,4,4,5,0.0,5 3 4 2 6
2943,0,sigma_1p0__kernel_9__order_2,1.0,9,2,10582,0.050000000000000044,0.0692678838968277,0.0003457864416607966,0.0006569871911779046,0.9474752098676282,2,2,3,0.0,5 3 6
2944,0,sigma_1p0__kernel_9__order_2,1.0,9,2,10584,0.050000000000000044,0.09472252428531647,0.0003717267682077363,0.0005082559073343873,0.9629806053340789,1,1,2,0.0,4 6
2945,0,sigma_1p0__kernel_9__order_2,1.0,9,2,10586,0.050000000000000044,0.06885778158903122,0.0004016087914351374,0.0009730406454764307,0.927493339335805,1,1,2,0.0,4 6
2946,0,sigma_1p0__kernel_9__order_2,1.0,9,2,10590,0.050000000000000044,0.6219107508659363,0.00040470164822181687,0.00011563707084860653,0.9869697132944069,3,3,4,0.0,4 3 5 6
2947,0,sigma_1p0__kernel_9__order_2,1.0,9,2,10592,0.050000000000000044,0.169204980134964,0.0002378133503952995,0.0009302761754952371,0.8960213103773478,1,1,2,0.0,5 6
2948,0,sigma_1p0__kernel_9__order_2,1.0,9,2,10596,0.050000000000000044,0.45421576499938965,0.00037823909951839596,0.0002658700686879456,0.9685054444104397,3,3,4,0.0,4 5 3 6
2949,0,sigma_1p0__kernel_9__order_2,1.0,9,2,10598,0.050000000000000044,0.08822499215602875,0.00029664298926945776,0.0010199007811024785,0.9173677836353231,1,1,2,0.0,4 6
2950,0,sigma_1p0__kernel_9__order_2,1.0,9,2,10601,0.050000000000000044,0.158042773604393,0.0003866600066733857,0.0004597074002958834,0.9592404986923289,2,2,3,0.0,3 5 6
2951,0,sigma_1p0__kernel_9__order_2,1.0,9,2,10604,0.050000000000000044,0.16027358174324036,0.0004078936084018399,0.0003168144612573087,0.962523856270044,2,2,3,0.0,3 5 6
2952,0,sigma_1p0__kernel_9__order_2,1.0,9,2,10606,0.050000000000000044,0.07216545939445496,0.00040783340227790177,0.0009983577765524387,0.9042346423821841,1,1,2,0.0,4 6
2953,0,sigma_1p0__kernel_9__order_2,1.0,9,2,10611,0.050000000000000044,0.5435150861740112,0.000363189639756456,0.00026785070076584816,0.9713053481296751,5,5,6,0.0,2 1 4 3 5
2954,0,sigma_1p0__kernel_9__order_2,1.0,9,2,10613,0.050000000000000044,0.09472252428531647,0.00033567234640941024,0.0005082559073343873,0.9629806053340789,1,1,2,0.0,4 6
2955,0,sigma_1p0__kernel_9__order_2,1.0,9,2,10617,0.050000000000000044,0.26265954971313477,0.0003611330612329766,0.00026568223256617785,0.9782780824178181,3,3,4,0.0,4 5 3 6
2956,0,sigma_1p0__kernel_9__order_2,1.0,9,2,10622,0.050000000000000044,0.4916953146457672,0.0004182965320069343,0.00040852715028449893,0.948789707846789,4,4,5,0.0,2 3 4 5 6
2957,0,sigma_1p0__kernel_9__order_2,1.0,9,2,10625,0.050000000000000044,0.023771829903125763,0.0003507569490466267,0.0009790431940928102,0.9205209356372762,2,2,3,0.0,5 1 6
2958,0,sigma_1p0__kernel_9__order_2,1.0,9,2,10628,0.050000000000000044,0.0729357898235321,0.00038152360745395225,0.000244210590608418,0.9645484778210609,2,2,3,0.0,5 3 6
2959,0,sigma_1p0__kernel_9__order_2,1.0,9,2,10631,0.050000000000000044,0.16352729499340057,0.00041108878212980926,0.0005552549264393747,0.9588457210948436,2,2,3,0.0,3 5 6
2960,0,sigma_1p0__kernel_9__order_2,1.0,9,2,10634,0.050000000000000044,0.16027361154556274,0.0004476505273487419,0.0003168144612573087,0.962523856270044,2,2,3,0.0,5 3 6
2961,0,sigma_1p0__kernel_9__order_2,1.0,9,2,10638,0.050000000000000044,0.45421576499938965,0.00040445284685119987,0.0002658700686879456,0.9685054444104397,3,3,4,0.0,5 4 3 6
2962,0,sigma_1p0__kernel_9__order_2,1.0,9,2,10643,0.050000000000000044,0.19243644177913666,0.00031792367808520795,0.0006874401587992907,0.9495596571888566,4,4,5,0.0,5 3 1 4 6
2963,0,sigma_1p0__kernel_9__order_2,1.0,9,2,10646,0.050000000000000044,0.058370791375637054,0.0005584182993819317,0.0004879920743405819,0.9443934640972282,2,2,3,0.0,3 5 6
2964,0,sigma_1p0__kernel_9__order_2,1.0,9,2,10650,0.050000000000000044,0.26265954971313477,0.0004020146661787294,0.00026568223256617785,0.9782780824178181,3,3,4,0.0,4 5 3 6
2965,0,sigma_1p0__kernel_9__order_2,1.0,9,2,10652,0.050000000000000044,0.07216545939445496,0.00034143488301197067,0.0009983577765524387,0.9042346423821841,1,1,2,0.0,4 6
2966,0,sigma_1p0__kernel_9__order_2,1.0,9,2,10656,0.050000000000000044,0.2811933755874634,0.00028203229885548353,0.0003074454143643379,0.9758183664501635,3,3,4,0.0,4 5 3 6
2967,0,sigma_1p0__kernel_9__order_2,1.0,9,2,10661,0.050000000000000044,0.43021029233932495,0.00045943603035993876,0.00032804207876324654,0.9622324245509013,4,4,5,0.0,2 4 3 5 6
2968,0,sigma_1p0__kernel_9__order_2,1.0,9,2,10666,0.050000000000000044,0.5836609601974487,0.000384885910898447,0.0003123465576209128,0.9651136570715309,4,4,5,0.0,5 4 3 1 6
2969,0,sigma_1p0__kernel_9__order_2,1.0,9,2,10669,0.050000000000000044,0.04641816020011902,0.0005171837110538036,0.0007575950585305691,0.9282478330818567,2,2,3,0.0,3 5 6
2970,0,sigma_1p0__kernel_9__order_2,1.0,9,2,10673,0.050000000000000044,0.5257713794708252,0.0003898346039932221,0.00016244305879808962,0.9840680202746079,3,3,4,0.0,4 3 5 6
2971,0,sigma_1p0__kernel_9__order_2,1.0,9,2,10678,0.050000000000000044,0.560719907283783,0.0004214598098769784,0.00035798409953713417,0.970142106026163,4,4,5,0.0,4 3 1 5 6
2972,0,sigma_1p0__kernel_9__order_2,1.0,9,2,10680,0.050000000000000044,0.07216545939445496,0.0003422432564548217,0.0009983577765524387,0.9042346423821841,1,1,2,0.0,4 6
2973,0,sigma_1p0__kernel_9__order_2,1.0,9,2,10684,0.050000000000000044,0.4962378442287445,0.00030156368302414194,0.0001359974849037826,0.9773213869928605,3,3,4,0.0,3 4 5 6
2974,0,sigma_1p0__kernel_9__order_2,1.0,9,2,10688,0.050000000000000044,0.2736207842826843,0.00039017006201902404,0.00017932752962224185,0.9802599173840955,3,3,4,0.0,5 4 3 6
2975,0,sigma_1p0__kernel_9__order_2,1.0,9,2,10690,0.050000000000000044,0.05148378759622574,0.00047012891445774585,0.001311954576522112,0.8983739310439219,1,1,2,0.0,4 6
2976,0,sigma_1p0__kernel_9__order_2,1.0,9,2,10694,0.050000000000000044,0.5116890668869019,0.00030800268723396584,0.00040857974090613425,0.9488013382473968,3,3,4,0.0,5 4 3 6
2977,0,sigma_1p0__kernel_9__order_2,1.0,9,2,10696,0.050000000000000044,0.05148378759622574,0.000378991273464635,0.001311954576522112,0.8983739310439219,1,1,2,0.0,4 6
2978,0,sigma_1p0__kernel_9__order_2,1.0,9,2,10701,0.050000000000000044,0.21361282467842102,0.0004240127862431109,0.0002612602838780731,0.9784177513029005,4,4,5,0.0,1 3 4 5 6
2979,0,sigma_1p0__kernel_9__order_2,1.0,9,2,10705,0.050000000000000044,0.2813257873058319,0.0004119339573662728,0.0002048807218670845,0.9843359494074629,3,3,4,0.0,3 4 5 6
2980,0,sigma_1p0__kernel_9__order_2,1.0,9,2,10708,0.050000000000000044,0.16052131354808807,0.00030750482498357695,0.0006135533330962062,0.9546433615982178,2,2,3,0.0,3 5 6
2981,0,sigma_1p0__kernel_9__order_2,1.0,9,2,10712,0.050000000000000044,0.27362072467803955,0.0003530004687490873,0.00017932752962224185,0.9802599173840955,3,3,4,0.0,5 3 4 6
2982,0,sigma_1p0__kernel_9__order_2,1.0,9,2,10714,0.050000000000000044,0.09472252428531647,0.00033327443088637665,0.0005082559073343873,0.9629806053340789,1,1,2,0.0,4 6
2983,0,sigma_1p0__kernel_9__order_2,1.0,9,2,10716,0.050000000000000044,0.042731307446956635,0.00042751801083795726,0.0010006569791585207,0.9216949270299539,1,1,2,0.0,4 6
2984,0,sigma_1p0__kernel_9__order_2,1.0,9,2,10721,0.050000000000000044,0.22412046790122986,0.0003350703103933483,0.00017749413382261992,0.9803130662646787,4,4,5,0.0,5 3 1 4 6
2985,0,sigma_1p0__kernel_9__order_2,1.0,9,2,10726,0.050000000000000044,0.5435150861740112,0.00042462748242542145,0.00026785070076584816,0.9713053481296751,5,5,6,0.0,2 1 3 4 5
2986,0,sigma_1p0__kernel_9__order_2,1.0,9,2,10731,0.050000000000000044,0.4488770663738251,0.0003503308456856757,0.00022662525589112192,0.9768648725556703,5,5,6,0.0,2 1 3 4 5
2987,0,sigma_1p0__kernel_9__order_2,1.0,9,2,10734,0.050000000000000044,0.1366858184337616,0.00029681083591034013,0.000570008996874094,0.9543576448730566,2,2,3,0.0,1 2 6
2988,0,sigma_1p0__kernel_9__order_2,1.0,9,2,10736,0.050000000000000044,0.05148378759622574,0.0002814974868670106,0.001311954576522112,0.8983739310439219,1,1,2,0.0,4 6
2989,0,sigma_1p0__kernel_9__order_2,1.0,9,2,10740,0.050000000000000044,0.5599574446678162,0.0003861006407532841,0.00040378078119829297,0.96713060346143,3,3,4,0.0,4 3 5 6
2990,0,sigma_1p0__kernel_9__order_2,1.0,9,2,10744,0.050000000000000044,0.45992928743362427,0.0003804429725278169,0.00033009552862495184,0.9623021453477256,3,3,4,0.0,4 5 3 6
2991,0,sigma_1p0__kernel_9__order_2,1.0,9,2,10749,0.050000000000000044,0.602629542350769,0.0003847583429887891,0.00011469401943031698,0.98698817721516,4,4,5,0.0,4 1 5 3 6
2992,0,sigma_1p0__kernel_9__order_2,1.0,9,2,10753,0.050000000000000044,0.13184279203414917,0.00043127807293785736,0.0003914186963811517,0.962852881049713,3,3,4,0.0,4 3 5 6
2993,0,sigma_1p0__kernel_9__order_2,1.0,9,2,10755,0.050000000000000044,0.06885778158903122,0.0006044396141078323,0.0009730406454764307,0.927493339335805,1,1,2,0.0,4 6
2994,0,sigma_1p0__kernel_9__order_2,1.0,9,2,10759,0.050000000000000044,0.16481979191303253,0.0005540826314245351,0.0002559213316999376,0.9799899954114034,3,3,4,0.0,3 4 5 6
2995,0,sigma_1p0__kernel_9__order_2,1.0,9,2,10761,0.050000000000000044,0.06620339304208755,0.00041046016849577427,0.0010458785109221935,0.8895152893258473,1,1,2,0.0,4 6
2996,0,sigma_1p0__kernel_9__order_2,1.0,9,2,10763,0.050000000000000044,0.07216545939445496,0.0004203098505968228,0.0009983577765524387,0.9042346423821841,1,1,2,0.0,4 6
2997,0,sigma_1p0__kernel_9__order_2,1.0,9,2,10768,0.050000000000000044,0.2238551825284958,0.0004090300644747913,0.00017819899949245155,0.9802539548997221,4,4,5,0.0,2 5 3 4 6
2998,0,sigma_1p0__kernel_9__order_2,1.0,9,2,10771,0.050000000000000044,0.17979587614536285,0.00045742302124078077,0.0007011665729805827,0.9514408477279718,2,2,3,0.0,5 3 6
2999,0,sigma_1p0__kernel_9__order_2,1.0,9,2,10775,0.050000000000000044,0.5934131145477295,0.00042501286225160584,0.0004541786329355091,0.9655303865777468,3,3,4,0.0,4 5 3 6
3000,0,sigma_1p0__kernel_9__order_2,1.0,9,2,10779,0.050000000000000044,0.45421576499938965,0.00038289960502879694,0.0002658700686879456,0.9685054444104397,3,3,4,0.0,5 4 3 6
