method,image_id,repeat,k_budget,k,k_total,k_effective,cost,k_norm,k_norm_effective,mse,ssim,edge_corr,obj_mse,obj_ssim,obj_cost,obj_k,selected_indices,selected_labels,selected_detail_indices,selected_detail_labels,preference_id,preference_name,preference,actions
random,0,0,1,1,2,1,0.1111111111111111,0.1111111111111111,0.1111111111111111,0.00139342388138175,0.859390801892978,0.8071723835312289,0.9986065761186182,0.859390801892978,0.8888888888888888,0.8888888888888888,0 8,H00 H21,8,H21,,,,
random,0,1,1,1,2,1,0.1111111111111111,0.1111111111111111,0.1111111111111111,0.0013500030618160963,0.8538485623488599,0.7718255013753809,0.9986499969381839,0.8538485623488599,0.8888888888888888,0.8888888888888888,0 1,H00 H01,1,H01,,,,
random,0,2,1,1,2,1,0.1111111111111111,0.1111111111111111,0.1111111111111111,0.0013097102055326104,0.858990595801141,0.772151728277313,0.9986902897944674,0.858990595801141,0.8888888888888888,0.8888888888888888,0 2,H00 H10,2,H10,,,,
random,0,3,1,1,2,1,0.1111111111111111,0.1111111111111111,0.1111111111111111,0.0012686650734394789,0.8618702577265349,0.8013060196825826,0.9987313349265605,0.8618702577265349,0.8888888888888888,0.8888888888888888,0 3,H00 H02,3,H02,,,,
random,0,4,1,1,2,1,0.1111111111111111,0.1111111111111111,0.1111111111111111,0.0013097102055326104,0.858990595801141,0.772151728277313,0.9986902897944674,0.858990595801141,0.8888888888888888,0.8888888888888888,0 2,H00 H10,2,H10,,,,
random,0,5,1,1,2,1,0.1111111111111111,0.1111111111111111,0.1111111111111111,0.00139342388138175,0.859390801892978,0.8071723835312289,0.9986065761186182,0.859390801892978,0.8888888888888888,0.8888888888888888,0 8,H00 H21,8,H21,,,,
random,0,6,1,1,2,1,0.1111111111111111,0.1111111111111111,0.1111111111111111,0.00139342388138175,0.859390801892978,0.8071723835312289,0.9986065761186182,0.859390801892978,0.8888888888888888,0.8888888888888888,0 8,H00 H21,8,H21,,,,
random,0,7,1,1,2,1,0.1111111111111111,0.1111111111111111,0.1111111111111111,0.0016078795306384563,0.8251462621873469,0.742230319479797,0.9983921204693615,0.8251462621873469,0.8888888888888888,0.8888888888888888,0 6,H00 H03,6,H03,,,,
random,0,8,1,1,2,1,0.1111111111111111,0.1111111111111111,0.1111111111111111,0.0013500030618160963,0.8538485623488599,0.7718255013753809,0.9986499969381839,0.8538485623488599,0.8888888888888888,0.8888888888888888,0 1,H00 H01,1,H01,,,,
random,0,9,1,1,2,1,0.1111111111111111,0.1111111111111111,0.1111111111111111,0.0013500030618160963,0.8538485623488599,0.7718255013753809,0.9986499969381839,0.8538485623488599,0.8888888888888888,0.8888888888888888,0 1,H00 H01,1,H01,,,,
random,0,10,1,1,2,1,0.1111111111111111,0.1111111111111111,0.1111111111111111,0.0012686650734394789,0.8618702577265349,0.8013060196825826,0.9987313349265605,0.8618702577265349,0.8888888888888888,0.8888888888888888,0 3,H00 H02,3,H02,,,,
random,0,11,1,1,2,1,0.1111111111111111,0.1111111111111111,0.1111111111111111,0.0011978161055594683,0.8766530596791776,0.8163550715430379,0.9988021838944405,0.8766530596791776,0.8888888888888888,0.8888888888888888,0 4,H00 H11,4,H11,,,,
random,0,12,1,1,2,1,0.1111111111111111,0.1111111111111111,0.1111111111111111,0.0016078795306384563,0.8251462621873469,0.742230319479797,0.9983921204693615,0.8251462621873469,0.8888888888888888,0.8888888888888888,0 6,H00 H03,6,H03,,,,
random,0,13,1,1,2,1,0.1111111111111111,0.1111111111111111,0.1111111111111111,0.001269235392101109,0.8708982327321764,0.81743051555029,0.9987307646078989,0.8708982327321764,0.8888888888888888,0.8888888888888888,0 5,H00 H20,5,H20,,,,
random,0,14,1,1,2,1,0.1111111111111111,0.1111111111111111,0.1111111111111111,0.0012686650734394789,0.8618702577265349,0.8013060196825826,0.9987313349265605,0.8618702577265349,0.8888888888888888,0.8888888888888888,0 3,H00 H02,3,H02,,,,
random,0,15,1,1,2,1,0.1111111111111111,0.1111111111111111,0.1111111111111111,0.0013097102055326104,0.858990595801141,0.772151728277313,0.9986902897944674,0.858990595801141,0.8888888888888888,0.8888888888888888,0 2,H00 H10,2,H10,,,,
random,0,16,1,1,2,1,0.1111111111111111,0.1111111111111111,0.1111111111111111,0.0013310210779309273,0.8583298615987249,0.8025208146376361,0.9986689789220691,0.8583298615987249,0.8888888888888888,0.8888888888888888,0 7,H00 H12,7,H12,,,,
random,0,17,1,1,2,1,0.1111111111111111,0.1111111111111111,0.1111111111111111,0.0013310210779309273,0.8583298615987249,0.8025208146376361,0.9986689789220691,0.8583298615987249,0.8888888888888888,0.8888888888888888,0 7,H00 H12,7,H12,,,,
random,0,18,1,1,2,1,0.1111111111111111,0.1111111111111111,0.1111111111111111,0.0013500030618160963,0.8538485623488599,0.7718255013753809,0.9986499969381839,0.8538485623488599,0.8888888888888888,0.8888888888888888,0 1,H00 H01,1,H01,,,,
random,0,19,1,1,2,1,0.1111111111111111,0.1111111111111111,0.1111111111111111,0.0013097102055326104,0.858990595801141,0.772151728277313,0.9986902897944674,0.858990595801141,0.8888888888888888,0.8888888888888888,0 2,H00 H10,2,H10,,,,
random,0,0,3,3,4,3,0.3333333333333333,0.3333333333333333,0.3333333333333333,0.0007599033415317535,0.9197560866827347,0.8761439422308731,0.9992400966584682,0.9197560866827347,0.6666666666666667,0.6666666666666667,0 4 8 9,H00 H11 H21 H30,4 8 9,H11 H21 H30,,,,
random,0,1,3,3,4,3,0.3333333333333333,0.3333333333333333,0.3333333333333333,0.0009136174339801073,0.8999731311581223,0.851359130270974,0.9990863825660199,0.8999731311581223,0.6666666666666667,0.6666666666666667,0 4 6 9,H00 H11 H03 H30,4 6 9,H11 H03 H30,,,,
random,0,2,3,3,4,3,0.3333333333333333,0.3333333333333333,0.3333333333333333,0.0010144554544240236,0.8943275831258821,0.849223909119745,0.998985544545576,0.8943275831258821,0.6666666666666667,0.6666666666666667,0 6 8 9,H00 H03 H21 H30,6 8 9,H03 H21 H30,,,,
random,0,3,3,3,4,3,0.3333333333333333,0.3333333333333333,0.3333333333333333,0.0006822654977440834,0.9269674478118684,0.9019706907613688,0.9993177345022559,0.9269674478118684,0.6666666666666667,0.6666666666666667,0 5 6 7,H00 H20 H03 H12,5 6 7,H20 H03 H12,,,,
random,0,4,3,3,4,3,0.3333333333333333,0.3333333333333333,0.3333333333333333,0.0008387003326788545,0.9068676650825352,0.8555417541724428,0.9991612996673211,0.9068676650825352,0.6666666666666667,0.6666666666666667,0 1 7 9,H00 H01 H12 H30,1 7 9,H01 H12 H30,,,,
random,0,5,3,3,4,3,0.3333333333333333,0.3333333333333333,0.3333333333333333,0.000991792301647365,0.8930770037573952,0.8453581554339799,0.9990082076983526,0.8930770037573952,0.6666666666666667,0.6666666666666667,0 2 3 9,H00 H10 H02 H30,2 3 9,H10 H02 H30,,,,
random,0,6,3,3,4,3,0.3333333333333333,0.3333333333333333,0.3333333333333333,0.0007458014297299087,0.920612473195855,0.9003083000565012,0.9992541985702701,0.920612473195855,0.6666666666666667,0.6666666666666667,0 3 5 8,H00 H02 H20 H21,3 5 8,H02 H20 H21,,,,
random,0,7,3,3,4,3,0.3333333333333333,0.3333333333333333,0.3333333333333333,0.000990554690361023,0.8943117869559423,0.8363727268347342,0.999009445309639,0.8943117869559423,0.6666666666666667,0.6666666666666667,0 1 4 6,H00 H01 H11 H03,1 4 6,H01 H11 H03,,,,
random,0,8,3,3,4,3,0.3333333333333333,0.3333333333333333,0.3333333333333333,0.0006690307054668665,0.9280488719271139,0.8937590340788018,0.9993309692945331,0.9280488719271139,0.6666666666666667,0.6666666666666667,0 3 4 9,H00 H02 H11 H30,3 4 9,H02 H11 H30,,,,
random,0,9,3,3,4,3,0.3333333333333333,0.3333333333333333,0.3333333333333333,0.0008564235176891088,0.9081694614961655,0.865574429374936,0.9991435764823109,0.9081694614961655,0.6666666666666667,0.6666666666666667,0 5 8 9,H00 H20 H21 H30,5 8 9,H20 H21 H30,,,,
random,0,10,3,3,4,3,0.3333333333333333,0.3333333333333333,0.3333333333333333,0.0006857823464088142,0.9260739519146761,0.8987537629465167,0.9993142176535912,0.9260739519146761,0.6666666666666667,0.6666666666666667,0 3 5 6,H00 H02 H20 H03,3 5 6,H02 H20 H03,,,,
random,0,11,3,3,4,3,0.3333333333333333,0.3333333333333333,0.3333333333333333,0.0008902731351554394,0.8986945983540714,0.8462242617350215,0.9991097268648446,0.8986945983540714,0.6666666666666667,0.6666666666666667,0 3 6 7,H00 H02 H03 H12,3 6 7,H02 H03 H12,,,,
random,0,12,3,3,4,3,0.3333333333333333,0.3333333333333333,0.3333333333333333,0.0007296726107597351,0.9201313155602473,0.8908378634700469,0.9992703273892403,0.9201313155602473,0.6666666666666667,0.6666666666666667,0 3 7 8,H00 H02 H12 H21,3 7 8,H02 H12 H21,,,,
random,0,13,3,3,4,3,0.3333333333333333,0.3333333333333333,0.3333333333333333,0.000742518634069711,0.92075121528541,0.8773339904939192,0.9992574813659303,0.92075121528541,0.6666666666666667,0.6666666666666667,0 2 5 8,H00 H10 H20 H21,2 5 8,H10 H20 H21,,,,
random,0,14,3,3,4,3,0.3333333333333333,0.3333333333333333,0.3333333333333333,0.0007296726107597351,0.9201313155602473,0.8908378634700469,0.9992703273892403,0.9201313155602473,0.6666666666666667,0.6666666666666667,0 3 7 8,H00 H02 H12 H21,3 7 8,H02 H12 H21,,,,
random,0,15,3,3,4,3,0.3333333333333333,0.3333333333333333,0.3333333333333333,0.0009815044468268752,0.8980759942946196,0.8515518435771151,0.9990184955531731,0.8980759942946196,0.6666666666666667,0.6666666666666667,0 1 5 8,H00 H01 H20 H21,1 5 8,H01 H20 H21,,,,
random,0,16,3,3,4,3,0.3333333333333333,0.3333333333333333,0.3333333333333333,0.0008579033892601728,0.9092382717696013,0.8623088476430516,0.9991420966107398,0.9092382717696013,0.6666666666666667,0.6666666666666667,0 4 7 9,H00 H11 H12 H30,4 7 9,H11 H12 H30,,,,
random,0,17,3,3,4,3,0.3333333333333333,0.3333333333333333,0.3333333333333333,0.0007468840340152383,0.920307109900944,0.8981790300885912,0.9992531159659848,0.920307109900944,0.6666666666666667,0.6666666666666667,0 3 5 7,H00 H02 H20 H12,3 5 7,H02 H20 H12,,,,
random,0,18,3,3,4,3,0.3333333333333333,0.3333333333333333,0.3333333333333333,0.0007054575835354626,0.9239596728762605,0.8910986232351701,0.9992945424164645,0.9239596728762605,0.6666666666666667,0.6666666666666667,0 2 3 5,H00 H10 H02 H20,2 3 5,H10 H02 H20,,,,
random,0,19,3,3,4,3,0.3333333333333333,0.3333333333333333,0.3333333333333333,0.0008491916814818978,0.9026077517023693,0.8443343641527118,0.9991508083185181,0.9026077517023693,0.6666666666666667,0.6666666666666667,0 2 3 6,H00 H10 H02 H03,2 3 6,H10 H02 H03,,,,
random,0,0,5,5,6,5,0.5555555555555556,0.5555555555555556,0.5555555555555556,0.0007831276743672788,0.9123903787146709,0.8495242836908022,0.9992168723256327,0.9123903787146709,0.4444444444444444,0.4444444444444444,0 1 2 4 6 9,H00 H01 H10 H11 H03 H30,1 2 4 6 9,H01 H10 H11 H03 H30,,,,
random,0,1,5,5,6,5,0.5555555555555556,0.5555555555555556,0.5555555555555556,0.0005834466428495944,0.9363577524100416,0.9133165330071845,0.9994165533571504,0.9363577524100416,0.4444444444444444,0.4444444444444444,0 2 3 5 8 9,H00 H10 H02 H20 H21 H30,2 3 5 8 9,H10 H02 H20 H21 H30,,,,
random,0,2,5,5,6,5,0.5555555555555556,0.5555555555555556,0.5555555555555556,0.0005122972070239484,0.944620340885362,0.9177665522026528,0.999487702792976,0.944620340885362,0.4444444444444444,0.4444444444444444,0 4 5 7 8 9,H00 H11 H20 H12 H21 H30,4 5 7 8 9,H11 H20 H12 H21 H30,,,,
random,0,3,5,5,6,5,0.5555555555555556,0.5555555555555556,0.5555555555555556,0.000607092515565455,0.9337127327600075,0.8983418867018668,0.9993929074844345,0.9337127327600075,0.4444444444444444,0.4444444444444444,0 1 4 5 6 9,H00 H01 H11 H20 H03 H30,1 4 5 6 9,H01 H11 H20 H03 H30,,,,
random,0,4,5,5,6,5,0.5555555555555556,0.5555555555555556,0.5555555555555556,0.0005456847138702869,0.9411356690983143,0.9143641089217658,0.9994543152861297,0.9411356690983143,0.4444444444444444,0.4444444444444444,0 2 4 5 7 9,H00 H10 H11 H20 H12 H30,2 4 5 7 9,H10 H11 H20 H12 H30,,,,
random,0,5,5,5,6,5,0.5555555555555556,0.5555555555555556,0.5555555555555556,0.0005977615946903825,0.9337930872274494,0.9046515690185479,0.9994022384053096,0.9337930872274494,0.4444444444444444,0.4444444444444444,0 2 3 5 6 9,H00 H10 H02 H20 H03 H30,2 3 5 6 9,H10 H02 H20 H03 H30,,,,
random,0,6,5,5,6,5,0.5555555555555556,0.5555555555555556,0.5555555555555556,0.0006174222216941416,0.9344778824043898,0.8951722093115133,0.9993825777783059,0.9344778824043898,0.4444444444444444,0.4444444444444444,0 4 6 7 8 9,H00 H11 H03 H12 H21 H30,4 6 7 8 9,H11 H03 H12 H21 H30,,,,
random,0,7,5,5,6,5,0.5555555555555556,0.5555555555555556,0.5555555555555556,0.0006228562560863793,0.9328665169184046,0.9057107446101313,0.9993771437439136,0.9328665169184046,0.4444444444444444,0.4444444444444444,0 1 2 5 7 8,H00 H01 H10 H20 H12 H21,1 2 5 7 8,H01 H10 H20 H12 H21,,,,
random,0,8,5,5,6,5,0.5555555555555556,0.5555555555555556,0.5555555555555556,0.0005823975661769509,0.9363862644796848,0.8975194345132876,0.999417602433823,0.9363862644796848,0.4444444444444444,0.4444444444444444,0 1 2 4 5 8,H00 H01 H10 H11 H20 H21,1 2 4 5 8,H01 H10 H11 H20 H21,,,,
random,0,9,5,5,6,5,0.5555555555555556,0.5555555555555556,0.5555555555555556,0.0005360759678296745,0.9403579690439381,0.9040877868259085,0.9994639240321703,0.9403579690439381,0.4444444444444444,0.4444444444444444,0 3 4 6 7 8,H00 H02 H11 H03 H12 H21,3 4 6 7 8,H02 H11 H03 H12 H21,,,,
random,0,10,5,5,6,5,0.5555555555555556,0.5555555555555556,0.5555555555555556,0.0006888803909532726,0.9258905045519827,0.8722010903099479,0.9993111196090467,0.9258905045519827,0.4444444444444444,0.4444444444444444,0 1 2 4 6 8,H00 H01 H10 H11 H03 H21,1 2 4 6 8,H01 H10 H11 H03 H21,,,,
random,0,11,5,5,6,5,0.5555555555555556,0.5555555555555556,0.5555555555555556,0.0006851836806163192,0.9235461959427091,0.8756827259905925,0.9993148163193837,0.9235461959427091,0.4444444444444444,0.4444444444444444,0 1 2 4 6 7,H00 H01 H10 H11 H03 H12,1 2 4 6 7,H01 H10 H11 H03 H12,,,,
random,0,12,5,5,6,5,0.5555555555555556,0.5555555555555556,0.5555555555555556,0.0006805455777794123,0.9253919619832113,0.893144532755281,0.9993194544222206,0.9253919619832113,0.4444444444444444,0.4444444444444444,0 1 3 6 8 9,H00 H01 H02 H03 H21 H30,1 3 6 8 9,H01 H02 H03 H21 H30,,,,
random,0,13,5,5,6,5,0.5555555555555556,0.5555555555555556,0.5555555555555556,0.000590659212321043,0.9338720963911268,0.9052427664671938,0.999409340787679,0.9338720963911268,0.4444444444444444,0.4444444444444444,0 1 3 5 6 9,H00 H01 H02 H20 H03 H30,1 3 5 6 9,H01 H02 H20 H03 H30,,,,
random,0,14,5,5,6,5,0.5555555555555556,0.5555555555555556,0.5555555555555556,0.0006263586692512035,0.9321791213205113,0.9075910771059427,0.9993736413307488,0.9321791213205113,0.4444444444444444,0.4444444444444444,0 1 5 7 8 9,H00 H01 H20 H12 H21 H30,1 5 7 8 9,H01 H20 H12 H21 H30,,,,
random,0,15,5,5,6,5,0.5555555555555556,0.5555555555555556,0.5555555555555556,0.0006227170233614743,0.9288749426745064,0.8851841940805013,0.9993772829766385,0.9288749426745064,0.4444444444444444,0.4444444444444444,0 2 3 4 6 7,H00 H10 H02 H11 H03 H12,2 3 4 6 7,H10 H02 H11 H03 H12,,,,
random,0,16,5,5,6,5,0.5555555555555556,0.5555555555555556,0.5555555555555556,0.000688315718434751,0.9286623092171128,0.8957567224968646,0.9993116842815652,0.9286623092171128,0.4444444444444444,0.4444444444444444,0 1 4 5 6 8,H00 H01 H11 H20 H03 H21,1 4 5 6 8,H01 H11 H20 H03 H21,,,,
random,0,17,5,5,6,5,0.5555555555555556,0.5555555555555556,0.5555555555555556,0.0006888803909532726,0.9258905045519827,0.8722010903099479,0.9993111196090467,0.9258905045519827,0.4444444444444444,0.4444444444444444,0 1 2 4 6 8,H00 H01 H10 H11 H03 H21,1 2 4 6 8,H01 H10 H11 H03 H21,,,,
random,0,18,5,5,6,5,0.5555555555555556,0.5555555555555556,0.5555555555555556,0.0004482701770029962,0.9510431366393456,0.9320100970521271,0.999551729822997,0.9510431366393456,0.4444444444444444,0.4444444444444444,0 2 3 4 5 9,H00 H10 H02 H11 H20 H30,2 3 4 5 9,H10 H02 H11 H20 H30,,,,
random,0,19,5,5,6,5,0.5555555555555556,0.5555555555555556,0.5555555555555556,0.000659673591144383,0.9275401898180262,0.8890792871452353,0.9993403264088556,0.9275401898180262,0.4444444444444444,0.4444444444444444,0 2 3 6 7 8,H00 H10 H02 H03 H12 H21,2 3 6 7 8,H10 H02 H03 H12 H21,,,,
random,1,0,1,1,2,1,0.1111111111111111,0.1111111111111111,0.1111111111111111,0.0017631888622418046,0.8140770433809471,0.7438014382666791,0.9982368111377582,0.8140770433809471,0.8888888888888888,0.8888888888888888,0 6,H00 H03,6,H03,,,,
random,1,1,1,1,2,1,0.1111111111111111,0.1111111111111111,0.1111111111111111,0.0013425296638160944,0.843259224537472,0.8380359047632274,0.9986574703361839,0.843259224537472,0.8888888888888888,0.8888888888888888,0 5,H00 H20,5,H20,,,,
random,1,2,1,1,2,1,0.1111111111111111,0.1111111111111111,0.1111111111111111,0.0017631888622418046,0.8140770433809471,0.7438014382666791,0.9982368111377582,0.8140770433809471,0.8888888888888888,0.8888888888888888,0 6,H00 H03,6,H03,,,,
random,1,3,1,1,2,1,0.1111111111111111,0.1111111111111111,0.1111111111111111,0.0017303198110312223,0.7993426178101678,0.7586679052058662,0.9982696801889688,0.7993426178101678,0.8888888888888888,0.8888888888888888,0 9,H00 H30,9,H30,,,,
random,1,4,1,1,2,1,0.1111111111111111,0.1111111111111111,0.1111111111111111,0.0017303198110312223,0.7993426178101678,0.7586679052058662,0.9982696801889688,0.7993426178101678,0.8888888888888888,0.8888888888888888,0 9,H00 H30,9,H30,,,,
random,1,5,1,1,2,1,0.1111111111111111,0.1111111111111111,0.1111111111111111,0.001306024263612926,0.8438215882658037,0.7922651487183493,0.9986939757363871,0.8438215882658037,0.8888888888888888,0.8888888888888888,0 2,H00 H10,2,H10,,,,
random,1,6,1,1,2,1,0.1111111111111111,0.1111111111111111,0.1111111111111111,0.0014833483146503568,0.8354249614136965,0.8336392377893007,0.9985166516853496,0.8354249614136965,0.8888888888888888,0.8888888888888888,0 8,H00 H21,8,H21,,,,
random,1,7,1,1,2,1,0.1111111111111111,0.1111111111111111,0.1111111111111111,0.0012973537668585777,0.8603952150220465,0.8194322261065989,0.9987026462331414,0.8603952150220465,0.8888888888888888,0.8888888888888888,0 4,H00 H11,4,H11,,,,
random,1,8,1,1,2,1,0.1111111111111111,0.1111111111111111,0.1111111111111111,0.0014833483146503568,0.8354249614136965,0.8336392377893007,0.9985166516853496,0.8354249614136965,0.8888888888888888,0.8888888888888888,0 8,H00 H21,8,H21,,,,
random,1,9,1,1,2,1,0.1111111111111111,0.1111111111111111,0.1111111111111111,0.0014765099622309208,0.8367333410177092,0.7704234680829325,0.9985234900377691,0.8367333410177092,0.8888888888888888,0.8888888888888888,0 7,H00 H12,7,H12,,,,
random,1,10,1,1,2,1,0.1111111111111111,0.1111111111111111,0.1111111111111111,0.0016813874244689941,0.8275364751636308,0.7554568585282166,0.998318612575531,0.8275364751636308,0.8888888888888888,0.8888888888888888,0 1,H00 H01,1,H01,,,,
random,1,11,1,1,2,1,0.1111111111111111,0.1111111111111111,0.1111111111111111,0.0014833483146503568,0.8354249614136965,0.8336392377893007,0.9985166516853496,0.8354249614136965,0.8888888888888888,0.8888888888888888,0 8,H00 H21,8,H21,,,,
random,1,12,1,1,2,1,0.1111111111111111,0.1111111111111111,0.1111111111111111,0.0017303198110312223,0.7993426178101678,0.7586679052058662,0.9982696801889688,0.7993426178101678,0.8888888888888888,0.8888888888888888,0 9,H00 H30,9,H30,,,,
random,1,13,1,1,2,1,0.1111111111111111,0.1111111111111111,0.1111111111111111,0.0017303198110312223,0.7993426178101678,0.7586679052058662,0.9982696801889688,0.7993426178101678,0.8888888888888888,0.8888888888888888,0 9,H00 H30,9,H30,,,,
random,1,14,1,1,2,1,0.1111111111111111,0.1111111111111111,0.1111111111111111,0.0016813874244689941,0.8275364751636308,0.7554568585282166,0.998318612575531,0.8275364751636308,0.8888888888888888,0.8888888888888888,0 1,H00 H01,1,H01,,,,
random,1,15,1,1,2,1,0.1111111111111111,0.1111111111111111,0.1111111111111111,0.001306024263612926,0.8438215882658037,0.7922651487183493,0.9986939757363871,0.8438215882658037,0.8888888888888888,0.8888888888888888,0 2,H00 H10,2,H10,,,,
random,1,16,1,1,2,1,0.1111111111111111,0.1111111111111111,0.1111111111111111,0.0017631888622418046,0.8140770433809471,0.7438014382666791,0.9982368111377582,0.8140770433809471,0.8888888888888888,0.8888888888888888,0 6,H00 H03,6,H03,,,,
random,1,17,1,1,2,1,0.1111111111111111,0.1111111111111111,0.1111111111111111,0.0013425296638160944,0.843259224537472,0.8380359047632274,0.9986574703361839,0.843259224537472,0.8888888888888888,0.8888888888888888,0 5,H00 H20,5,H20,,,,
random,1,18,1,1,2,1,0.1111111111111111,0.1111111111111111,0.1111111111111111,0.0016813874244689941,0.8275364751636308,0.7554568585282166,0.998318612575531,0.8275364751636308,0.8888888888888888,0.8888888888888888,0 1,H00 H01,1,H01,,,,
random,1,19,1,1,2,1,0.1111111111111111,0.1111111111111111,0.1111111111111111,0.0014833483146503568,0.8354249614136965,0.8336392377893007,0.9985166516853496,0.8354249614136965,0.8888888888888888,0.8888888888888888,0 8,H00 H21,8,H21,,,,
random,1,0,3,3,4,3,0.3333333333333333,0.3333333333333333,0.3333333333333333,0.0008718967437744141,0.899851934725195,0.8826041967678825,0.9991281032562256,0.899851934725195,0.6666666666666667,0.6666666666666667,0 1 2 8,H00 H01 H10 H21,1 2 8,H01 H10 H21,,,,
random,1,1,3,3,4,3,0.3333333333333333,0.3333333333333333,0.3333333333333333,0.0008543955045752227,0.9033012884656825,0.8891160876584852,0.9991456044954248,0.9033012884656825,0.6666666666666667,0.6666666666666667,0 2 7 8,H00 H10 H12 H21,2 7 8,H10 H12 H21,,,,
random,1,2,3,3,4,3,0.3333333333333333,0.3333333333333333,0.3333333333333333,0.0006958564044907689,0.924362313166243,0.916551136933011,0.9993041435955092,0.924362313166243,0.6666666666666667,0.6666666666666667,0 3 4 5,H00 H02 H11 H20,3 4 5,H02 H11 H20,,,,
random,1,3,3,3,4,3,0.3333333333333333,0.3333333333333333,0.3333333333333333,0.0011048571905121207,0.8841204385269836,0.8515476613148572,0.9988951428094879,0.8841204385269836,0.6666666666666667,0.6666666666666667,0 1 4 8,H00 H01 H11 H21,1 4 8,H01 H11 H21,,,,
random,1,4,3,3,4,3,0.3333333333333333,0.3333333333333333,0.3333333333333333,0.0009375874069519341,0.8876051271996516,0.8667844278970829,0.9990624125930481,0.8876051271996516,0.6666666666666667,0.6666666666666667,0 2 5 9,H00 H10 H20 H30,2 5 9,H10 H20 H30,,,,
random,1,5,3,3,4,3,0.3333333333333333,0.3333333333333333,0.3333333333333333,0.0011744913645088673,0.8651231375038978,0.8120386585130662,0.9988255086354911,0.8651231375038978,0.6666666666666667,0.6666666666666667,0 2 3 9,H00 H10 H02 H30,2 3 9,H10 H02 H30,,,,
random,1,6,3,3,4,3,0.3333333333333333,0.3333333333333333,0.3333333333333333,0.0007712193764746189,0.9155904386064102,0.8942816130387479,0.9992287806235254,0.9155904386064102,0.6666666666666667,0.6666666666666667,0 3 4 8,H00 H02 H11 H21,3 4 8,H02 H11 H21,,,,
random,1,7,3,3,4,3,0.3333333333333333,0.3333333333333333,0.3333333333333333,0.0008363393135368824,0.9075419107954794,0.8991150512429802,0.9991636606864631,0.9075419107954794,0.6666666666666667,0.6666666666666667,0 4 5 6,H00 H11 H20 H03,4 5 6,H11 H20 H03,,,,
random,1,8,3,3,4,3,0.3333333333333333,0.3333333333333333,0.3333333333333333,0.0009375874069519341,0.8876051271996516,0.8667844278970829,0.9990624125930481,0.8876051271996516,0.6666666666666667,0.6666666666666667,0 2 5 9,H00 H10 H20 H30,2 5 9,H10 H20 H30,,,,
random,1,9,3,3,4,3,0.3333333333333333,0.3333333333333333,0.3333333333333333,0.0011048571905121207,0.8841204385269836,0.8515476613148572,0.9988951428094879,0.8841204385269836,0.6666666666666667,0.6666666666666667,0 1 4 8,H00 H01 H11 H21,1 4 8,H01 H11 H21,,,,
random,1,10,3,3,4,3,0.3333333333333333,0.3333333333333333,0.3333333333333333,0.0008007795549929142,0.9032617753790193,0.8968104497587378,0.9991992204450071,0.9032617753790193,0.6666666666666667,0.6666666666666667,0 2 5 8,H00 H10 H20 H21,2 5 8,H10 H20 H21,,,,
random,1,11,3,3,4,3,0.3333333333333333,0.3333333333333333,0.3333333333333333,0.0011607613414525986,0.8626242331035355,0.8111362391070001,0.9988392386585474,0.8626242331035355,0.6666666666666667,0.6666666666666667,0 2 3 7,H00 H10 H02 H12,2 3 7,H10 H02 H12,,,,
random,1,12,3,3,4,3,0.3333333333333333,0.3333333333333333,0.3333333333333333,0.0009375874069519341,0.8876051271996516,0.8667844278970829,0.9990624125930481,0.8876051271996516,0.6666666666666667,0.6666666666666667,0 2 5 9,H00 H10 H20 H30,2 5 9,H10 H20 H30,,,,
random,1,13,3,3,4,3,0.3333333333333333,0.3333333333333333,0.3333333333333333,0.0009256257908418775,0.8968143324222633,0.8882292548756681,0.9990743742091581,0.8968143324222633,0.6666666666666667,0.6666666666666667,0 7 8 9,H00 H12 H21 H30,7 8 9,H12 H21 H30,,,,
random,1,14,3,3,4,3,0.3333333333333333,0.3333333333333333,0.3333333333333333,0.0009375874069519341,0.8876051271996516,0.8667844278970829,0.9990624125930481,0.8876051271996516,0.6666666666666667,0.6666666666666667,0 2 5 9,H00 H10 H20 H30,2 5 9,H10 H20 H30,,,,
random,1,15,3,3,4,3,0.3333333333333333,0.3333333333333333,0.3333333333333333,0.0009051520610228181,0.9003900466099222,0.8813979426334769,0.9990948479389772,0.9003900466099222,0.6666666666666667,0.6666666666666667,0 3 5 7,H00 H02 H20 H12,3 5 7,H02 H20 H12,,,,
random,1,16,3,3,4,3,0.3333333333333333,0.3333333333333333,0.3333333333333333,0.0011655110865831375,0.8729925818838773,0.8062410614892341,0.9988344889134169,0.8729925818838773,0.6666666666666667,0.6666666666666667,0 3 6 7,H00 H02 H03 H12,3 6 7,H02 H03 H12,,,,
random,1,17,3,3,4,3,0.3333333333333333,0.3333333333333333,0.3333333333333333,0.0008205912890844047,0.9039642715408034,0.8859308692609803,0.9991794087109156,0.9039642715408034,0.6666666666666667,0.6666666666666667,0 1 2 5,H00 H01 H10 H20,1 2 5,H01 H10 H20,,,,
random,1,18,3,3,4,3,0.3333333333333333,0.3333333333333333,0.3333333333333333,0.0011995942331850529,0.8758875093534677,0.8262079389047357,0.998800405766815,0.8758875093534677,0.6666666666666667,0.6666666666666667,0 1 4 6,H00 H01 H11 H03,1 4 6,H01 H11 H03,,,,
random,1,19,3,3,4,3,0.3333333333333333,0.3333333333333333,0.3333333333333333,0.0008804688113741577,0.9001440954628299,0.868249166599941,0.9991195311886258,0.9001440954628299,0.6666666666666667,0.6666666666666667,0 2 3 4,H00 H10 H02 H11,2 3 4,H10 H02 H11,,,,
random,1,0,5,5,6,5,0.5555555555555556,0.5555555555555556,0.5555555555555556,0.0008317052852362394,0.9090404922893441,0.8762180995766314,0.9991682947147638,0.9090404922893441,0.4444444444444444,0.4444444444444444,0 1 3 4 7 9,H00 H01 H02 H11 H12 H30,1 3 4 7 9,H01 H02 H11 H12 H30,,,,
random,1,1,5,5,6,5,0.5555555555555556,0.5555555555555556,0.5555555555555556,0.000762337411288172,0.9149080958398996,0.9103174077322378,0.9992376625887118,0.9149080958398996,0.4444444444444444,0.4444444444444444,0 1 5 7 8 9,H00 H01 H20 H12 H21 H30,1 5 7 8 9,H01 H20 H12 H21 H30,,,,
random,1,2,5,5,6,5,0.5555555555555556,0.5555555555555556,0.5555555555555556,0.0007737285923212767,0.9114080189985271,0.9008452439668515,0.9992262714076787,0.9114080189985271,0.4444444444444444,0.4444444444444444,0 2 3 6 8 9,H00 H10 H02 H03 H21 H30,2 3 6 8 9,H10 H02 H03 H21 H30,,,,
random,1,3,5,5,6,5,0.5555555555555556,0.5555555555555556,0.5555555555555556,0.0007388540543615818,0.9144678294711817,0.903749736143605,0.9992611459456384,0.9144678294711817,0.4444444444444444,0.4444444444444444,0 1 4 5 6 9,H00 H01 H11 H20 H03 H30,1 4 5 6 9,H01 H11 H20 H03 H30,,,,
random,1,4,5,5,6,5,0.5555555555555556,0.5555555555555556,0.5555555555555556,0.0006083064945414662,0.9331706460392575,0.9218789141729044,0.9993916935054585,0.9331706460392575,0.4444444444444444,0.4444444444444444,0 3 4 5 6 9,H00 H02 H11 H20 H03 H30,3 4 5 6 9,H02 H11 H20 H03 H30,,,,
random,1,5,5,5,6,5,0.5555555555555556,0.5555555555555556,0.5555555555555556,0.0008329817210324109,0.9082414193674656,0.8779714302703073,0.9991670182789676,0.9082414193674656,0.4444444444444444,0.4444444444444444,0 2 3 4 6 9,H00 H10 H02 H11 H03 H30,2 3 4 6 9,H10 H02 H11 H03 H30,,,,
random,1,6,5,5,6,5,0.5555555555555556,0.5555555555555556,0.5555555555555556,0.0008177016861736774,0.9045030543941663,0.886948390126083,0.9991822983138263,0.9045030543941663,0.4444444444444444,0.4444444444444444,0 1 2 5 6 9,H00 H01 H10 H20 H03 H30,1 2 5 6 9,H01 H10 H20 H03 H30,,,,
random,1,7,5,5,6,5,0.5555555555555556,0.5555555555555556,0.5555555555555556,0.0006546353688463569,0.927558018428392,0.9173239229600304,0.9993453646311536,0.927558018428392,0.4444444444444444,0.4444444444444444,0 2 3 4 5 7,H00 H10 H02 H11 H20 H12,2 3 4 5 7,H10 H02 H11 H20 H12,,,,
random,1,8,5,5,6,5,0.5555555555555556,0.5555555555555556,0.5555555555555556,0.0008324853261001408,0.9086265562813148,0.8781060105123928,0.9991675146738999,0.9086265562813148,0.4444444444444444,0.4444444444444444,0 1 3 4 6 9,H00 H01 H02 H11 H03 H30,1 3 4 6 9,H01 H02 H11 H03 H30,,,,
random,1,9,5,5,6,5,0.5555555555555556,0.5555555555555556,0.5555555555555556,0.0007047380786389112,0.9185201040204442,0.9169559262985006,0.9992952619213611,0.9185201040204442,0.4444444444444444,0.4444444444444444,0 2 3 5 8 9,H00 H10 H02 H20 H21 H30,2 3 5 8 9,H10 H02 H20 H21 H30,,,,
random,1,10,5,5,6,5,0.5555555555555556,0.5555555555555556,0.5555555555555556,0.0007533708703704178,0.918374893763828,0.8945859782934102,0.9992466291296296,0.918374893763828,0.4444444444444444,0.4444444444444444,0 2 4 6 7 8,H00 H10 H11 H03 H12 H21,2 4 6 7 8,H10 H11 H03 H12 H21,,,,
random,1,11,5,5,6,5,0.5555555555555556,0.5555555555555556,0.5555555555555556,0.0007123756222426891,0.9166569114528712,0.9132980735769183,0.9992876243777573,0.9166569114528712,0.4444444444444444,0.4444444444444444,0 2 3 5 7 8,H00 H10 H02 H20 H12 H21,2 3 5 7 8,H10 H02 H20 H12 H21,,,,
random,1,12,5,5,6,5,0.5555555555555556,0.5555555555555556,0.5555555555555556,0.0007558236829936504,0.9183690342144082,0.8945250548694309,0.9992441763170063,0.9183690342144082,0.4444444444444444,0.4444444444444444,0 4 6 7 8 9,H00 H11 H03 H12 H21 H30,4 6 7 8 9,H11 H03 H12 H21 H30,,,,
random,1,13,5,5,6,5,0.5555555555555556,0.5555555555555556,0.5555555555555556,0.000634743133559823,0.9299564163480729,0.919041635238651,0.9993652568664402,0.9299564163480729,0.4444444444444444,0.4444444444444444,0 4 5 6 7 8,H00 H11 H20 H03 H12 H21,4 5 6 7 8,H11 H20 H03 H12 H21,,,,
random,1,14,5,5,6,5,0.5555555555555556,0.5555555555555556,0.5555555555555556,0.0007563067483715713,0.9176423053980299,0.9010422552785318,0.9992436932516284,0.9176423053980299,0.4444444444444444,0.4444444444444444,0 1 3 5 6 7,H00 H01 H02 H20 H03 H12,1 3 5 6 7,H01 H02 H20 H03 H12,,,,
random,1,15,5,5,6,5,0.5555555555555556,0.5555555555555556,0.5555555555555556,0.0007709736237302423,0.9110510655890321,0.9010628664461824,0.9992290263762698,0.9110510655890321,0.4444444444444444,0.4444444444444444,0 2 3 7 8 9,H00 H10 H02 H12 H21 H30,2 3 7 8 9,H10 H02 H12 H21 H30,,,,
random,1,16,5,5,6,5,0.5555555555555556,0.5555555555555556,0.5555555555555556,0.0008400192018598318,0.9054851132964408,0.886368654008727,0.9991599807981402,0.9054851132964408,0.4444444444444444,0.4444444444444444,0 1 2 7 8 9,H00 H01 H10 H12 H21 H30,1 2 7 8 9,H01 H10 H12 H21 H30,,,,
random,1,17,5,5,6,5,0.5555555555555556,0.5555555555555556,0.5555555555555556,0.0006452732486650348,0.928918454366405,0.9146787721956927,0.999354726751335,0.928918454366405,0.4444444444444444,0.4444444444444444,0 4 5 6 7 9,H00 H11 H20 H03 H12 H30,4 5 6 7 9,H11 H20 H03 H12 H30,,,,
random,1,18,5,5,6,5,0.5555555555555556,0.5555555555555556,0.5555555555555556,0.000779803900513798,0.9148079165026067,0.8987631434633677,0.9992201960994862,0.9148079165026067,0.4444444444444444,0.4444444444444444,0 1 5 6 7 9,H00 H01 H20 H03 H12 H30,1 5 6 7 9,H01 H20 H03 H12 H30,,,,
random,1,19,5,5,6,5,0.5555555555555556,0.5555555555555556,0.5555555555555556,0.0007240831619128585,0.9194195698082943,0.917061522524976,0.9992759168380871,0.9194195698082943,0.4444444444444444,0.4444444444444444,0 3 5 6 7 8,H00 H02 H20 H03 H12 H21,3 5 6 7 8,H02 H20 H03 H12 H21,,,,
random,2,0,1,1,2,1,0.1111111111111111,0.1111111111111111,0.1111111111111111,0.001924615353345871,0.8473481196781685,0.8038445318655341,0.9980753846466541,0.8473481196781685,0.8888888888888888,0.8888888888888888,0 3,H00 H02,3,H02,,,,
random,2,1,1,1,2,1,0.1111111111111111,0.1111111111111111,0.1111111111111111,0.0018652157159522176,0.85566512718088,0.8441736277601063,0.9981347842840478,0.85566512718088,0.8888888888888888,0.8888888888888888,0 5,H00 H20,5,H20,,,,
random,2,2,1,1,2,1,0.1111111111111111,0.1111111111111111,0.1111111111111111,0.002040333580225706,0.8487431673459293,0.8142503258792364,0.9979596664197743,0.8487431673459293,0.8888888888888888,0.8888888888888888,0 7,H00 H12,7,H12,,,,
random,2,3,1,1,2,1,0.1111111111111111,0.1111111111111111,0.1111111111111111,0.001924615353345871,0.8473481196781685,0.8038445318655341,0.9980753846466541,0.8473481196781685,0.8888888888888888,0.8888888888888888,0 3,H00 H02,3,H02,,,,
random,2,4,1,1,2,1,0.1111111111111111,0.1111111111111111,0.1111111111111111,0.001979915890842676,0.84921199316325,0.854120023197297,0.9980200841091573,0.84921199316325,0.8888888888888888,0.8888888888888888,0 8,H00 H21,8,H21,,,,
random,2,5,1,1,2,1,0.1111111111111111,0.1111111111111111,0.1111111111111111,0.0021134645212441683,0.8512975246873634,0.7906227055825796,0.9978865354787558,0.8512975246873634,0.8888888888888888,0.8888888888888888,0 2,H00 H10,2,H10,,,,
random,2,6,1,1,2,1,0.1111111111111111,0.1111111111111111,0.1111111111111111,0.002040333580225706,0.8487431673459293,0.8142503258792364,0.9979596664197743,0.8487431673459293,0.8888888888888888,0.8888888888888888,0 7,H00 H12,7,H12,,,,
random,2,7,1,1,2,1,0.1111111111111111,0.1111111111111111,0.1111111111111111,0.002488808473572135,0.8171775240592845,0.7617351984726299,0.9975111915264279,0.8171775240592845,0.8888888888888888,0.8888888888888888,0 9,H00 H30,9,H30,,,,
random,2,8,1,1,2,1,0.1111111111111111,0.1111111111111111,0.1111111111111111,0.002040333580225706,0.8487431673459293,0.8142503258792364,0.9979596664197743,0.8487431673459293,0.8888888888888888,0.8888888888888888,0 7,H00 H12,7,H12,,,,
random,2,9,1,1,2,1,0.1111111111111111,0.1111111111111111,0.1111111111111111,0.002292333636432886,0.8314072733277657,0.7621516192445523,0.9977076663635671,0.8314072733277657,0.8888888888888888,0.8888888888888888,0 1,H00 H01,1,H01,,,,
random,2,10,1,1,2,1,0.1111111111111111,0.1111111111111111,0.1111111111111111,0.002040333580225706,0.8487431673459293,0.8142503258792364,0.9979596664197743,0.8487431673459293,0.8888888888888888,0.8888888888888888,0 7,H00 H12,7,H12,,,,
random,2,11,1,1,2,1,0.1111111111111111,0.1111111111111111,0.1111111111111111,0.002040333580225706,0.8487431673459293,0.8142503258792364,0.9979596664197743,0.8487431673459293,0.8888888888888888,0.8888888888888888,0 7,H00 H12,7,H12,,,,
random,2,12,1,1,2,1,0.1111111111111111,0.1111111111111111,0.1111111111111111,0.0021134645212441683,0.8512975246873634,0.7906227055825796,0.9978865354787558,0.8512975246873634,0.8888888888888888,0.8888888888888888,0 2,H00 H10,2,H10,,,,
random,2,13,1,1,2,1,0.1111111111111111,0.1111111111111111,0.1111111111111111,0.001979915890842676,0.84921199316325,0.854120023197297,0.9980200841091573,0.84921199316325,0.8888888888888888,0.8888888888888888,0 8,H00 H21,8,H21,,,,
random,2,14,1,1,2,1,0.1111111111111111,0.1111111111111111,0.1111111111111111,0.002488808473572135,0.8171775240592845,0.7617351984726299,0.9975111915264279,0.8171775240592845,0.8888888888888888,0.8888888888888888,0 9,H00 H30,9,H30,,,,
random,2,15,1,1,2,1,0.1111111111111111,0.1111111111111111,0.1111111111111111,0.001924615353345871,0.8473481196781685,0.8038445318655341,0.9980753846466541,0.8473481196781685,0.8888888888888888,0.8888888888888888,0 3,H00 H02,3,H02,,,,
random,2,16,1,1,2,1,0.1111111111111111,0.1111111111111111,0.1111111111111111,0.001979915890842676,0.84921199316325,0.854120023197297,0.9980200841091573,0.84921199316325,0.8888888888888888,0.8888888888888888,0 8,H00 H21,8,H21,,,,
random,2,17,1,1,2,1,0.1111111111111111,0.1111111111111111,0.1111111111111111,0.002292333636432886,0.8314072733277657,0.7621516192445523,0.9977076663635671,0.8314072733277657,0.8888888888888888,0.8888888888888888,0 1,H00 H01,1,H01,,,,
random,2,18,1,1,2,1,0.1111111111111111,0.1111111111111111,0.1111111111111111,0.002040333580225706,0.8487431673459293,0.8142503258792364,0.9979596664197743,0.8487431673459293,0.8888888888888888,0.8888888888888888,0 7,H00 H12,7,H12,,,,
random,2,19,1,1,2,1,0.1111111111111111,0.1111111111111111,0.1111111111111111,0.0018813424976542592,0.8687248382092798,0.8392101241978032,0.9981186575023457,0.8687248382092798,0.8888888888888888,0.8888888888888888,0 4,H00 H11,4,H11,,,,
random,2,0,3,3,4,3,0.3333333333333333,0.3333333333333333,0.3333333333333333,0.0009185853996314108,0.9281791187955707,0.9200636554805455,0.9990814146003686,0.9281791187955707,0.6666666666666667,0.6666666666666667,0 2 3 8,H00 H10 H02 H21,2 3 8,H10 H02 H21,,,,
random,2,1,3,3,4,3,0.3333333333333333,0.3333333333333333,0.3333333333333333,0.0015129082603380084,0.8834491379638773,0.8588709161965759,0.998487091739662,0.8834491379638773,0.6666666666666667,0.6666666666666667,0 2 3 9,H00 H10 H02 H30,2 3 9,H10 H02 H30,,,,
random,2,2,3,3,4,3,0.3333333333333333,0.3333333333333333,0.3333333333333333,0.000989809399470687,0.9211250531723043,0.9219510821201259,0.9990101906005293,0.9211250531723043,0.6666666666666667,0.6666666666666667,0 3 5 8,H00 H02 H20 H21,3 5 8,H02 H20 H21,,,,
random,2,3,3,3,4,3,0.3333333333333333,0.3333333333333333,0.3333333333333333,0.0009202147484757006,0.9213260778986742,0.9291302991061774,0.9990797852515243,0.9213260778986742,0.6666666666666667,0.6666666666666667,0 3 5 7,H00 H02 H20 H12,3 5 7,H02 H20 H12,,,,
random,2,4,3,3,4,3,0.3333333333333333,0.3333333333333333,0.3333333333333333,0.0015432111686095595,0.8840598724383804,0.8776643344110755,0.9984567888313904,0.8840598724383804,0.6666666666666667,0.6666666666666667,0 1 8 9,H00 H01 H21 H30,1 8 9,H01 H21 H30,,,,
random,2,5,3,3,4,3,0.3333333333333333,0.3333333333333333,0.3333333333333333,0.0015310540329664946,0.8835286835206321,0.8800424783752071,0.9984689459670335,0.8835286835206321,0.6666666666666667,0.6666666666666667,0 1 5 6,H00 H01 H20 H03,1 5 6,H01 H20 H03,,,,
random,2,6,3,3,4,3,0.3333333333333333,0.3333333333333333,0.3333333333333333,0.0009401680435985327,0.9238294773733998,0.9189903373922451,0.9990598319564015,0.9238294773733998,0.6666666666666667,0.6666666666666667,0 2 3 5,H00 H10 H02 H20,2 3 5,H10 H02 H20,,,,
random,2,7,3,3,4,3,0.3333333333333333,0.3333333333333333,0.3333333333333333,0.0012656970648095012,0.8969721108958497,0.8875183075151865,0.9987343029351905,0.8969721108958497,0.6666666666666667,0.6666666666666667,0 1 5 9,H00 H01 H20 H30,1 5 9,H01 H20 H30,,,,
random,2,8,3,3,4,3,0.3333333333333333,0.3333333333333333,0.3333333333333333,0.0008714161813259125,0.9349319519171675,0.9254556175987733,0.9991285838186741,0.9349319519171675,0.6666666666666667,0.6666666666666667,0 4 5 7,H00 H11 H20 H12,4 5 7,H11 H20 H12,,,,
random,2,9,3,3,4,3,0.3333333333333333,0.3333333333333333,0.3333333333333333,0.0013586393324658275,0.8939401294314053,0.8593075367981703,0.9986413606675342,0.8939401294314053,0.6666666666666667,0.6666666666666667,0 2 3 6,H00 H10 H02 H03,2 3 6,H10 H02 H03,,,,
random,2,10,3,3,4,3,0.3333333333333333,0.3333333333333333,0.3333333333333333,0.001069297781214118,0.9199785259502467,0.9013284309930175,0.9989307022187859,0.9199785259502467,0.6666666666666667,0.6666666666666667,0 2 4 5,H00 H10 H11 H20,2 4 5,H10 H11 H20,,,,
random,2,11,3,3,4,3,0.3333333333333333,0.3333333333333333,0.3333333333333333,0.0011135657550767064,0.9151580972014511,0.9147095482860713,0.9988864342449233,0.9151580972014511,0.6666666666666667,0.6666666666666667,0 2 7 8,H00 H10 H12 H21,2 7 8,H10 H12 H21,,,,
random,2,12,3,3,4,3,0.3333333333333333,0.3333333333333333,0.3333333333333333,0.0014382561203092337,0.8987463318856874,0.8861054220210103,0.9985617438796908,0.8987463318856874,0.6666666666666667,0.6666666666666667,0 4 6 8,H00 H11 H03 H21,4 6 8,H11 H03 H21,,,,
random,2,13,3,3,4,3,0.3333333333333333,0.3333333333333333,0.3333333333333333,0.0010785420890897512,0.9199191486190531,0.9053952429662735,0.9989214579109102,0.9199191486190531,0.6666666666666667,0.6666666666666667,0 3 4 9,H00 H02 H11 H30,3 4 9,H02 H11 H30,,,,
random,2,14,3,3,4,3,0.3333333333333333,0.3333333333333333,0.3333333333333333,0.0013298456324264407,0.9077382103786953,0.8667797204035742,0.9986701543675736,0.9077382103786953,0.6666666666666667,0.6666666666666667,0 1 2 4,H00 H01 H10 H11,1 2 4,H01 H10 H11,,,,
random,2,15,3,3,4,3,0.3333333333333333,0.3333333333333333,0.3333333333333333,0.001425496768206358,0.885327396420463,0.8539829542540547,0.9985745032317936,0.885327396420463,0.6666666666666667,0.6666666666666667,0 3 6 9,H00 H02 H03 H30,3 6 9,H02 H03 H30,,,,
random,2,16,3,3,4,3,0.3333333333333333,0.3333333333333333,0.3333333333333333,0.0019620521925389767,0.8608778241654143,0.815272395984687,0.998037947807461,0.8608778241654143,0.6666666666666667,0.6666666666666667,0 2 7 9,H00 H10 H12 H30,2 7 9,H10 H12 H30,,,,
random,2,17,3,3,4,3,0.3333333333333333,0.3333333333333333,0.3333333333333333,0.0014551799977198243,0.8956203353940094,0.8467608473954666,0.9985448200022802,0.8956203353940094,0.6666666666666667,0.6666666666666667,0 1 7 9,H00 H01 H12 H30,1 7 9,H01 H12 H30,,,,
random,2,18,3,3,4,3,0.3333333333333333,0.3333333333333333,0.3333333333333333,0.0011624365579336882,0.9138990543720696,0.8816226240021506,0.9988375634420663,0.9138990543720696,0.6666666666666667,0.6666666666666667,0 1 3 4,H00 H01 H02 H11,1 3 4,H01 H02 H11,,,,
random,2,19,3,3,4,3,0.3333333333333333,0.3333333333333333,0.3333333333333333,0.0009376324014738202,0.920956580705861,0.9285691642118427,0.9990623675985262,0.920956580705861,0.6666666666666667,0.6666666666666667,0 5 7 8,H00 H20 H12 H21,5 7 8,H20 H12 H21,,,,
random,2,0,5,5,6,5,0.5555555555555556,0.5555555555555556,0.5555555555555556,0.000905982218682766,0.9253622445053068,0.9318743809681204,0.9990940177813172,0.9253622445053068,0.4444444444444444,0.4444444444444444,0 5 6 7 8 9,H00 H20 H03 H12 H21 H30,5 6 7 8 9,H20 H03 H12 H21 H30,,,,
random,2,1,5,5,6,5,0.5555555555555556,0.5555555555555556,0.5555555555555556,0.0008305017254315317,0.9322219230721879,0.9261372985234267,0.9991694982745685,0.9322219230721879,0.4444444444444444,0.4444444444444444,0 2 3 5 6 9,H00 H10 H02 H20 H03 H30,2 3 5 6 9,H10 H02 H20 H03 H30,,,,
random,2,2,5,5,6,5,0.5555555555555556,0.5555555555555556,0.5555555555555556,0.0010763532482087612,0.9198055313047416,0.9055366513128186,0.9989236467517912,0.9198055313047416,0.4444444444444444,0.4444444444444444,0 2 3 4 7 9,H00 H10 H02 H11 H12 H30,2 3 4 7 9,H10 H02 H11 H12 H30,,,,
random,2,3,5,5,6,5,0.5555555555555556,0.5555555555555556,0.5555555555555556,0.000900339218787849,0.9265665707226032,0.9281569915416168,0.9990996607812122,0.9265665707226032,0.4444444444444444,0.4444444444444444,0 1 2 5 6 7,H00 H01 H10 H20 H03 H12,1 2 5 6 7,H01 H10 H20 H03 H12,,,,
random,2,4,5,5,6,5,0.5555555555555556,0.5555555555555556,0.5555555555555556,0.0009618927142582834,0.9318674192204629,0.9165304683602004,0.9990381072857417,0.9318674192204629,0.4444444444444444,0.4444444444444444,0 1 2 4 7 8,H00 H01 H10 H11 H12 H21,1 2 4 7 8,H01 H10 H11 H12 H21,,,,
random,2,5,5,5,6,5,0.5555555555555556,0.5555555555555556,0.5555555555555556,0.0007683677831664681,0.9441354884616543,0.9360899688129899,0.9992316322168335,0.9441354884616543,0.4444444444444444,0.4444444444444444,0 4 5 6 7 8,H00 H11 H20 H03 H12 H21,4 5 6 7 8,H11 H20 H03 H12 H21,,,,
random,2,6,5,5,6,5,0.5555555555555556,0.5555555555555556,0.5555555555555556,0.001141530810855329,0.9110712795634616,0.8973139068301003,0.9988584691891447,0.9110712795634616,0.4444444444444444,0.4444444444444444,0 2 5 6 8 9,H00 H10 H20 H03 H21 H30,2 5 6 8 9,H10 H20 H03 H21 H30,,,,
random,2,7,5,5,6,5,0.5555555555555556,0.5555555555555556,0.5555555555555556,0.0009699920192360878,0.9275654441235182,0.9129630129515017,0.9990300079807639,0.9275654441235182,0.4444444444444444,0.4444444444444444,0 1 2 4 5 6,H00 H01 H10 H11 H20 H03,1 2 4 5 6,H01 H10 H11 H20 H03,,,,
random,2,8,5,5,6,5,0.5555555555555556,0.5555555555555556,0.5555555555555556,0.0007405250798910856,0.9456190614120572,0.9399194887123091,0.9992594749201089,0.9456190614120572,0.4444444444444444,0.4444444444444444,0 3 4 5 6 8,H00 H02 H11 H20 H03 H21,3 4 5 6 8,H02 H11 H20 H03 H21,,,,
random,2,9,5,5,6,5,0.5555555555555556,0.5555555555555556,0.5555555555555556,0.0007151586469262838,0.9441254687330527,0.9437906946270936,0.9992848413530737,0.9441254687330527,0.4444444444444444,0.4444444444444444,0 2 3 4 5 7,H00 H10 H02 H11 H20 H12,2 3 4 5 7,H10 H02 H11 H20 H12,,,,
random,2,10,5,5,6,5,0.5555555555555556,0.5555555555555556,0.5555555555555556,0.0009041522862389684,0.9265799982723526,0.9253876040010467,0.999095847713761,0.9265799982723526,0.4444444444444444,0.4444444444444444,0 1 2 3 7 8,H00 H01 H10 H02 H12 H21,1 2 3 7 8,H01 H10 H02 H12 H21,,,,
random,2,11,5,5,6,5,0.5555555555555556,0.5555555555555556,0.5555555555555556,0.0014084724243730307,0.9013388418857181,0.8473488626100364,0.998591527575627,0.9013388418857181,0.4444444444444444,0.4444444444444444,0 1 2 6 7 9,H00 H01 H10 H03 H12 H30,1 2 6 7 9,H01 H10 H03 H12 H30,,,,
random,2,12,5,5,6,5,0.5555555555555556,0.5555555555555556,0.5555555555555556,0.0006894622929394245,0.9479708621958348,0.9405119251484628,0.9993105377070606,0.9479708621958348,0.4444444444444444,0.4444444444444444,0 2 3 4 5 6,H00 H10 H02 H11 H20 H03,2 3 4 5 6,H10 H02 H11 H20 H03,,,,
random,2,13,5,5,6,5,0.5555555555555556,0.5555555555555556,0.5555555555555556,0.0008056274964474142,0.9377528897682637,0.9288385435749219,0.9991943725035526,0.9377528897682637,0.4444444444444444,0.4444444444444444,0 3 4 6 7 8,H00 H02 H11 H03 H12 H21,3 4 6 7 8,H02 H11 H03 H12 H21,,,,
random,2,14,5,5,6,5,0.5555555555555556,0.5555555555555556,0.5555555555555556,0.0008996374090202153,0.9261678678119792,0.9288262807179019,0.9991003625909798,0.9261678678119792,0.4444444444444444,0.4444444444444444,0 1 2 5 7 8,H00 H01 H10 H20 H12 H21,1 2 5 7 8,H01 H10 H20 H12 H21,,,,
random,2,15,5,5,6,5,0.5555555555555556,0.5555555555555556,0.5555555555555556,0.0009744769195094705,0.9273818706103581,0.911640785080182,0.9990255230804905,0.9273818706103581,0.4444444444444444,0.4444444444444444,0 2 4 5 8 9,H00 H10 H11 H20 H21 H30,2 4 5 8 9,H10 H11 H20 H21 H30,,,,
random,2,16,5,5,6,5,0.5555555555555556,0.5555555555555556,0.5555555555555556,0.0014084724243730307,0.9013388418857181,0.8473488626100364,0.998591527575627,0.9013388418857181,0.4444444444444444,0.4444444444444444,0 1 2 6 7 9,H00 H01 H10 H03 H12 H30,1 2 6 7 9,H01 H10 H03 H12 H30,,,,
random,2,17,5,5,6,5,0.5555555555555556,0.5555555555555556,0.5555555555555556,0.0014084724243730307,0.9013388418857181,0.8473488626100364,0.998591527575627,0.9013388418857181,0.4444444444444444,0.4444444444444444,0 1 2 6 7 9,H00 H01 H10 H03 H12 H30,1 2 6 7 9,H01 H10 H03 H12 H30,,,,
random,2,18,5,5,6,5,0.5555555555555556,0.5555555555555556,0.5555555555555556,0.0008036671206355095,0.9336805051097405,0.9332745204515038,0.9991963328793645,0.9336805051097405,0.4444444444444444,0.4444444444444444,0 3 5 6 8 9,H00 H02 H20 H03 H21 H30,3 5 6 8 9,H02 H20 H03 H21 H30,,,,
random,2,19,5,5,6,5,0.5555555555555556,0.5555555555555556,0.5555555555555556,0.0007723124581389129,0.9437843600418706,0.9346474612706124,0.9992276875418611,0.9437843600418706,0.4444444444444444,0.4444444444444444,0 1 4 5 6 7,H00 H01 H11 H20 H03 H12,1 4 5 6 7,H01 H11 H20 H03 H12,,,,
random,3,0,1,1,2,1,0.1111111111111111,0.1111111111111111,0.1111111111111111,0.0022067949175834656,0.8521983018997662,0.7900274724671775,0.9977932050824165,0.8521983018997662,0.8888888888888888,0.8888888888888888,0 1,H00 H01,1,H01,,,,
random,3,1,1,1,2,1,0.1111111111111111,0.1111111111111111,0.1111111111111111,0.0016947006806731224,0.8747000688250651,0.8487108145276184,0.9983052993193269,0.8747000688250651,0.8888888888888888,0.8888888888888888,0 4,H00 H11,4,H11,,,,
random,3,2,1,1,2,1,0.1111111111111111,0.1111111111111111,0.1111111111111111,0.0022067949175834656,0.8521983018997662,0.7900274724671775,0.9977932050824165,0.8521983018997662,0.8888888888888888,0.8888888888888888,0 1,H00 H01,1,H01,,,,
random,3,3,1,1,2,1,0.1111111111111111,0.1111111111111111,0.1111111111111111,0.0019927709363400936,0.8405733305393905,0.8542024583593774,0.9980072290636599,0.8405733305393905,0.8888888888888888,0.8888888888888888,0 8,H00 H21,8,H21,,,,
random,3,4,1,1,2,1,0.1111111111111111,0.1111111111111111,0.1111111111111111,0.0022067949175834656,0.8521983018997662,0.7900274724671775,0.9977932050824165,0.8521983018997662,0.8888888888888888,0.8888888888888888,0 1,H00 H01,1,H01,,,,
random,3,5,1,1,2,1,0.1111111111111111,0.1111111111111111,0.1111111111111111,0.0018998910672962666,0.8532582272008044,0.8280004140732055,0.9981001089327037,0.8532582272008044,0.8888888888888888,0.8888888888888888,0 7,H00 H12,7,H12,,,,
random,3,6,1,1,2,1,0.1111111111111111,0.1111111111111111,0.1111111111111111,0.001734972232952714,0.8457694459223719,0.8741866310218239,0.9982650277670473,0.8457694459223719,0.8888888888888888,0.8888888888888888,0 5,H00 H20,5,H20,,,,
random,3,7,1,1,2,1,0.1111111111111111,0.1111111111111111,0.1111111111111111,0.002427296247333288,0.8328002954608408,0.7708106359846115,0.9975727037526667,0.8328002954608408,0.8888888888888888,0.8888888888888888,0 6,H00 H03,6,H03,,,,
random,3,8,1,1,2,1,0.1111111111111111,0.1111111111111111,0.1111111111111111,0.001734972232952714,0.8457694459223719,0.8741866310218239,0.9982650277670473,0.8457694459223719,0.8888888888888888,0.8888888888888888,0 5,H00 H20,5,H20,,,,
random,3,9,1,1,2,1,0.1111111111111111,0.1111111111111111,0.1111111111111111,0.0022067949175834656,0.8521983018997662,0.7900274724671775,0.9977932050824165,0.8521983018997662,0.8888888888888888,0.8888888888888888,0 1,H00 H01,1,H01,,,,
random,3,10,1,1,2,1,0.1111111111111111,0.1111111111111111,0.1111111111111111,0.0022067949175834656,0.8521983018997662,0.7900274724671775,0.9977932050824165,0.8521983018997662,0.8888888888888888,0.8888888888888888,0 1,H00 H01,1,H01,,,,
random,3,11,1,1,2,1,0.1111111111111111,0.1111111111111111,0.1111111111111111,0.0019927709363400936,0.8405733305393905,0.8542024583593774,0.9980072290636599,0.8405733305393905,0.8888888888888888,0.8888888888888888,0 8,H00 H21,8,H21,,,,
random,3,12,1,1,2,1,0.1111111111111111,0.1111111111111111,0.1111111111111111,0.0021347063593566418,0.8208709509996752,0.8113598652978975,0.9978652936406434,0.8208709509996752,0.8888888888888888,0.8888888888888888,0 9,H00 H30,9,H30,,,,
random,3,13,1,1,2,1,0.1111111111111111,0.1111111111111111,0.1111111111111111,0.002427296247333288,0.8328002954608408,0.7708106359846115,0.9975727037526667,0.8328002954608408,0.8888888888888888,0.8888888888888888,0 6,H00 H03,6,H03,,,,
random,3,14,1,1,2,1,0.1111111111111111,0.1111111111111111,0.1111111111111111,0.0016828636871650815,0.8686051399942031,0.8285270683274996,0.9983171363128349,0.8686051399942031,0.8888888888888888,0.8888888888888888,0 2,H00 H10,2,H10,,,,
random,3,15,1,1,2,1,0.1111111111111111,0.1111111111111111,0.1111111111111111,0.001863179262727499,0.8543418682225749,0.8358619941667824,0.9981368207372725,0.8543418682225749,0.8888888888888888,0.8888888888888888,0 3,H00 H02,3,H02,,,,
random,3,16,1,1,2,1,0.1111111111111111,0.1111111111111111,0.1111111111111111,0.002427296247333288,0.8328002954608408,0.7708106359846115,0.9975727037526667,0.8328002954608408,0.8888888888888888,0.8888888888888888,0 6,H00 H03,6,H03,,,,
random,3,17,1,1,2,1,0.1111111111111111,0.1111111111111111,0.1111111111111111,0.0019927709363400936,0.8405733305393905,0.8542024583593774,0.9980072290636599,0.8405733305393905,0.8888888888888888,0.8888888888888888,0 8,H00 H21,8,H21,,,,
random,3,18,1,1,2,1,0.1111111111111111,0.1111111111111111,0.1111111111111111,0.0022067949175834656,0.8521983018997662,0.7900274724671775,0.9977932050824165,0.8521983018997662,0.8888888888888888,0.8888888888888888,0 1,H00 H01,1,H01,,,,
random,3,19,1,1,2,1,0.1111111111111111,0.1111111111111111,0.1111111111111111,0.0022067949175834656,0.8521983018997662,0.7900274724671775,0.9977932050824165,0.8521983018997662,0.8888888888888888,0.8888888888888888,0 1,H00 H01,1,H01,,,,
random,3,0,3,3,4,3,0.3333333333333333,0.3333333333333333,0.3333333333333333,0.0009649675339460373,0.9149681416901624,0.9103938475961417,0.999035032466054,0.9149681416901624,0.6666666666666667,0.6666666666666667,0 2 5 6,H00 H10 H20 H03,2 5 6,H10 H20 H03,,,,
random,3,1,3,3,4,3,0.3333333333333333,0.3333333333333333,0.3333333333333333,0.0013036067830398679,0.9017833107539788,0.864794353538247,0.9986963932169601,0.9017833107539788,0.6666666666666667,0.6666666666666667,0 1 2 7,H00 H01 H10 H12,1 2 7,H01 H10 H12,,,,
random,3,2,3,3,4,3,0.3333333333333333,0.3333333333333333,0.3333333333333333,0.0015808544121682644,0.8904267600056461,0.8526715742330523,0.9984191455878317,0.8904267600056461,0.6666666666666667,0.6666666666666667,0 1 4 6,H00 H01 H11 H03,1 4 6,H01 H11 H03,,,,
random,3,3,3,3,4,3,0.3333333333333333,0.3333333333333333,0.3333333333333333,0.0012981692561879754,0.8992530599360518,0.868898931512393,0.998701830743812,0.8992530599360518,0.6666666666666667,0.6666666666666667,0 1 3 7,H00 H01 H02 H12,1 3 7,H01 H02 H12,,,,
random,3,4,3,3,4,3,0.3333333333333333,0.3333333333333333,0.3333333333333333,0.001036193105392158,0.9155851775131384,0.8990496719901344,0.9989638068946078,0.9155851775131384,0.6666666666666667,0.6666666666666667,0 2 3 4,H00 H10 H02 H11,2 3 4,H10 H02 H11,,,,
random,3,5,3,3,4,3,0.3333333333333333,0.3333333333333333,0.3333333333333333,0.0014485875144600868,0.8890330323353676,0.8546404992686483,0.9985514124855399,0.8890330323353676,0.6666666666666667,0.6666666666666667,0 1 3 6,H00 H01 H02 H03,1 3 6,H01 H02 H03,,,,
random,3,6,3,3,4,3,0.3333333333333333,0.3333333333333333,0.3333333333333333,0.0014485875144600868,0.8890330323353676,0.8546404992686483,0.9985514124855399,0.8890330323353676,0.6666666666666667,0.6666666666666667,0 1 3 6,H00 H01 H02 H03,1 3 6,H01 H02 H03,,,,
random,3,7,3,3,4,3,0.3333333333333333,0.3333333333333333,0.3333333333333333,0.0013683816650882363,0.8966744608211461,0.8635012808085203,0.9986316183349118,0.8966744608211461,0.6666666666666667,0.6666666666666667,0 1 7 9,H00 H01 H12 H30,1 7 9,H01 H12 H30,,,,
random,3,8,3,3,4,3,0.3333333333333333,0.3333333333333333,0.3333333333333333,0.0012523634359240532,0.8989677133656568,0.8846516135893668,0.998747636564076,0.8989677133656568,0.6666666666666667,0.6666666666666667,0 4 6 9,H00 H11 H03 H30,4 6 9,H11 H03 H30,,,,
random,3,9,3,3,4,3,0.3333333333333333,0.3333333333333333,0.3333333333333333,0.0009085736237466335,0.9283513185367714,0.916876999252898,0.9990914263762534,0.9283513185367714,0.6666666666666667,0.6666666666666667,0 3 4 8,H00 H02 H11 H21,3 4 8,H02 H11 H21,,,,
random,3,10,3,3,4,3,0.3333333333333333,0.3333333333333333,0.3333333333333333,0.001081076916307211,0.904077275790159,0.9134689224276746,0.9989189230836928,0.904077275790159,0.6666666666666667,0.6666666666666667,0 3 7 8,H00 H02 H12 H21,3 7 8,H02 H12 H21,,,,
random,3,11,3,3,4,3,0.3333333333333333,0.3333333333333333,0.3333333333333333,0.001081076916307211,0.904077275790159,0.9134689224276746,0.9989189230836928,0.904077275790159,0.6666666666666667,0.6666666666666667,0 3 7 8,H00 H02 H12 H21,3 7 8,H02 H12 H21,,,,
random,3,12,3,3,4,3,0.3333333333333333,0.3333333333333333,0.3333333333333333,0.001081076916307211,0.904077275790159,0.9134689224276746,0.9989189230836928,0.904077275790159,0.6666666666666667,0.6666666666666667,0 3 7 8,H00 H02 H12 H21,3 7 8,H02 H12 H21,,,,
random,3,13,3,3,4,3,0.3333333333333333,0.3333333333333333,0.3333333333333333,0.001055390341207385,0.9130759969902946,0.9007924439636079,0.9989446096587926,0.9130759969902946,0.6666666666666667,0.6666666666666667,0 1 2 8,H00 H01 H10 H21,1 2 8,H01 H10 H21,,,,
random,3,14,3,3,4,3,0.3333333333333333,0.3333333333333333,0.3333333333333333,0.0011804414680227637,0.900552396045712,0.9055336962077566,0.9988195585319772,0.900552396045712,0.6666666666666667,0.6666666666666667,0 1 3 8,H00 H01 H02 H21,1 3 8,H01 H02 H21,,,,
random,3,15,3,3,4,3,0.3333333333333333,0.3333333333333333,0.3333333333333333,0.0012981692561879754,0.8992530599360518,0.868898931512393,0.998701830743812,0.8992530599360518,0.6666666666666667,0.6666666666666667,0 1 3 7,H00 H01 H02 H12,1 3 7,H01 H02 H12,,,,
random,3,16,3,3,4,3,0.3333333333333333,0.3333333333333333,0.3333333333333333,0.001055390341207385,0.9130759969902946,0.9007924439636079,0.9989446096587926,0.9130759969902946,0.6666666666666667,0.6666666666666667,0 1 2 8,H00 H01 H10 H21,1 2 8,H01 H10 H21,,,,
random,3,17,3,3,4,3,0.3333333333333333,0.3333333333333333,0.3333333333333333,0.0009085736237466335,0.9283513185367714,0.916876999252898,0.9990914263762534,0.9283513185367714,0.6666666666666667,0.6666666666666667,0 3 4 8,H00 H02 H11 H21,3 4 8,H02 H11 H21,,,,
random,3,18,3,3,4,3,0.3333333333333333,0.3333333333333333,0.3333333333333333,0.0009314176859334111,0.9181540517687939,0.9236178809545988,0.9990685823140666,0.9181540517687939,0.6666666666666667,0.6666666666666667,0 5 6 7,H00 H20 H03 H12,5 6 7,H20 H03 H12,,,,
random,3,19,3,3,4,3,0.3333333333333333,0.3333333333333333,0.3333333333333333,0.0009353666100651026,0.9198694070546437,0.9275662942239091,0.9990646333899349,0.9198694070546437,0.6666666666666667,0.6666666666666667,0 1 3 5,H00 H01 H02 H20,1 3 5,H01 H02 H20,,,,
random,3,0,5,5,6,5,0.5555555555555556,0.5555555555555556,0.5555555555555556,0.0008868735749274492,0.9179863232884481,0.9260150954867606,0.9991131264250726,0.9179863232884481,0.4444444444444444,0.4444444444444444,0 2 5 7 8 9,H00 H10 H20 H12 H21 H30,2 5 7 8 9,H10 H20 H12 H21 H30,,,,
random,3,1,5,5,6,5,0.5555555555555556,0.5555555555555556,0.5555555555555556,0.0006828501936979592,0.9414764568652608,0.9434504242731027,0.999317149806302,0.9414764568652608,0.4444444444444444,0.4444444444444444,0 2 3 4 5 7,H00 H10 H02 H11 H20 H12,2 3 4 5 7,H10 H02 H11 H20 H12,,,,
random,3,2,5,5,6,5,0.5555555555555556,0.5555555555555556,0.5555555555555556,0.0009794671786949039,0.9230988146681848,0.9006698608140585,0.9990205328213051,0.9230988146681848,0.4444444444444444,0.4444444444444444,0 2 3 4 6 7,H00 H10 H02 H11 H03 H12,2 3 4 6 7,H10 H02 H11 H03 H12,,,,
random,3,3,5,5,6,5,0.5555555555555556,0.5555555555555556,0.5555555555555556,0.0009344187565147877,0.9253875213574427,0.9108539236052474,0.9990655812434852,0.9253875213574427,0.4444444444444444,0.4444444444444444,0 1 3 4 6 9,H00 H01 H02 H11 H03 H30,1 3 4 6 9,H01 H02 H11 H03 H30,,,,
random,3,4,5,5,6,5,0.5555555555555556,0.5555555555555556,0.5555555555555556,0.0008366162655875087,0.928267262796301,0.9282596319917019,0.9991633837344125,0.928267262796301,0.4444444444444444,0.4444444444444444,0 2 3 5 6 7,H00 H10 H02 H20 H03 H12,2 3 5 6 7,H10 H02 H20 H03 H12,,,,
random,3,5,5,5,6,5,0.5555555555555556,0.5555555555555556,0.5555555555555556,0.000888578244484961,0.9196392938264343,0.9224558259693855,0.999111421755515,0.9196392938264343,0.4444444444444444,0.4444444444444444,0 2 5 6 8 9,H00 H10 H20 H03 H21 H30,2 5 6 8 9,H10 H20 H03 H21 H30,,,,
random,3,6,5,5,6,5,0.5555555555555556,0.5555555555555556,0.5555555555555556,0.0008554493542760611,0.9265487826430415,0.9244771273510196,0.9991445506457239,0.9265487826430415,0.4444444444444444,0.4444444444444444,0 1 2 5 6 7,H00 H01 H10 H20 H03 H12,1 2 5 6 7,H01 H10 H20 H03 H12,,,,
random,3,7,5,5,6,5,0.5555555555555556,0.5555555555555556,0.5555555555555556,0.0009368075989186764,0.9247337923198052,0.9107917202290658,0.9990631924010813,0.9247337923198052,0.4444444444444444,0.4444444444444444,0 1 3 4 7 9,H00 H01 H02 H11 H12 H30,1 3 4 7 9,H01 H02 H11 H12 H30,,,,
random,3,8,5,5,6,5,0.5555555555555556,0.5555555555555556,0.5555555555555556,0.0006769399042241275,0.9431797075533839,0.939533230478319,0.9993230600957759,0.9431797075533839,0.4444444444444444,0.4444444444444444,0 1 4 5 6 7,H00 H01 H11 H20 H03 H12,1 4 5 6 7,H01 H11 H20 H03 H12,,,,
random,3,9,5,5,6,5,0.5555555555555556,0.5555555555555556,0.5555555555555556,0.0007734961109235883,0.9319572691117965,0.92915594806429,0.9992265038890764,0.9319572691117965,0.4444444444444444,0.4444444444444444,0 2 4 5 6 9,H00 H10 H11 H20 H03 H30,2 4 5 6 9,H10 H11 H20 H03 H30,,,,
random,3,10,5,5,6,5,0.5555555555555556,0.5555555555555556,0.5555555555555556,0.0006801029667258263,0.9428012724190632,0.9398292463748785,0.9993198970332742,0.9428012724190632,0.4444444444444444,0.4444444444444444,0 4 5 6 7 9,H00 H11 H20 H03 H12 H30,4 5 6 7 9,H11 H20 H03 H12 H30,,,,
random,3,11,5,5,6,5,0.5555555555555556,0.5555555555555556,0.5555555555555556,0.0009351341868750751,0.9247214252507927,0.9128320116129748,0.9990648658131249,0.9247214252507927,0.4444444444444444,0.4444444444444444,0 2 3 4 6 9,H00 H10 H02 H11 H03 H30,2 3 4 6 9,H10 H02 H11 H03 H30,,,,
random,3,12,5,5,6,5,0.5555555555555556,0.5555555555555556,0.5555555555555556,0.0008214614354074001,0.9268340323293109,0.939332000728917,0.9991785385645926,0.9268340323293109,0.4444444444444444,0.4444444444444444,0 3 5 6 7 8,H00 H02 H20 H03 H12 H21,3 5 6 7 8,H02 H20 H03 H12 H21,,,,
random,3,13,5,5,6,5,0.5555555555555556,0.5555555555555556,0.5555555555555556,0.0009822893189266324,0.9106229009565219,0.9253845533308913,0.9990177106810734,0.9106229009565219,0.4444444444444444,0.4444444444444444,0 1 3 6 8 9,H00 H01 H02 H03 H21 H30,1 3 6 8 9,H01 H02 H03 H21 H30,,,,
random,3,14,5,5,6,5,0.5555555555555556,0.5555555555555556,0.5555555555555556,0.0007526117842644453,0.9375706883977908,0.9333306903705965,0.9992473882157356,0.9375706883977908,0.4444444444444444,0.4444444444444444,0 1 3 4 8 9,H00 H01 H02 H11 H21 H30,1 3 4 8 9,H01 H02 H11 H21 H30,,,,
random,3,15,5,5,6,5,0.5555555555555556,0.5555555555555556,0.5555555555555556,0.0008925459696911275,0.931300953526701,0.912055877258194,0.9991074540303089,0.931300953526701,0.4444444444444444,0.4444444444444444,0 1 2 4 7 8,H00 H01 H10 H11 H12 H21,1 2 4 7 8,H01 H10 H11 H12 H21,,,,
random,3,16,5,5,6,5,0.5555555555555556,0.5555555555555556,0.5555555555555556,0.0007662386633455753,0.9338464663407182,0.9278629260742196,0.9992337613366544,0.9338464663407182,0.4444444444444444,0.4444444444444444,0 1 2 4 5 8,H00 H01 H10 H11 H20 H21,1 2 4 5 8,H01 H10 H11 H20 H21,,,,
random,3,17,5,5,6,5,0.5555555555555556,0.5555555555555556,0.5555555555555556,0.0009368075989186764,0.9247337923198052,0.9107917202290658,0.9990631924010813,0.9247337923198052,0.4444444444444444,0.4444444444444444,0 1 3 4 7 9,H00 H01 H02 H11 H12 H30,1 3 4 7 9,H01 H02 H11 H12 H30,,,,
random,3,18,5,5,6,5,0.5555555555555556,0.5555555555555556,0.5555555555555556,0.0006773661589249969,0.9443455645360505,0.9465348505087293,0.999322633841075,0.9443455645360505,0.4444444444444444,0.4444444444444444,0 1 3 4 5 6,H00 H01 H02 H11 H20 H03,1 3 4 5 6,H01 H02 H11 H20 H03,,,,
random,3,19,5,5,6,5,0.5555555555555556,0.5555555555555556,0.5555555555555556,0.0006769399042241275,0.9431797075533839,0.939533230478319,0.9993230600957759,0.9431797075533839,0.4444444444444444,0.4444444444444444,0 1 4 5 6 7,H00 H01 H11 H20 H03 H12,1 4 5 6 7,H01 H11 H20 H03 H12,,,,
random,4,0,1,1,2,1,0.1111111111111111,0.1111111111111111,0.1111111111111111,0.002513390500098467,0.8244922838033167,0.6840762328779264,0.9974866094999015,0.8244922838033167,0.8888888888888888,0.8888888888888888,0 2,H00 H10,2,H10,,,,
random,4,1,1,1,2,1,0.1111111111111111,0.1111111111111111,0.1111111111111111,0.002205750672146678,0.8520976116993729,0.7461178577475359,0.9977942493278533,0.8520976116993729,0.8888888888888888,0.8888888888888888,0 4,H00 H11,4,H11,,,,
random,4,2,1,1,2,1,0.1111111111111111,0.1111111111111111,0.1111111111111111,0.0027098250575363636,0.8153226983253972,0.6629160366809539,0.9972901749424636,0.8153226983253972,0.8888888888888888,0.8888888888888888,0 9,H00 H30,9,H30,,,,
random,4,3,1,1,2,1,0.1111111111111111,0.1111111111111111,0.1111111111111111,0.002133503556251526,0.8446450100748775,0.7930895199653047,0.9978664964437485,0.8446450100748775,0.8888888888888888,0.8888888888888888,0 6,H00 H03,6,H03,,,,
random,4,4,1,1,2,1,0.1111111111111111,0.1111111111111111,0.1111111111111111,0.002205750672146678,0.8520976116993729,0.7461178577475359,0.9977942493278533,0.8520976116993729,0.8888888888888888,0.8888888888888888,0 4,H00 H11,4,H11,,,,
random,4,5,1,1,2,1,0.1111111111111111,0.1111111111111111,0.1111111111111111,0.0020075307693332434,0.850029904789576,0.7897505724960114,0.9979924692306668,0.850029904789576,0.8888888888888888,0.8888888888888888,0 8,H00 H21,8,H21,,,,
random,4,6,1,1,2,1,0.1111111111111111,0.1111111111111111,0.1111111111111111,0.0018349484307691455,0.8535695833981249,0.8144474177063051,0.9981650515692309,0.8535695833981249,0.8888888888888888,0.8888888888888888,0 3,H00 H02,3,H02,,,,
random,4,7,1,1,2,1,0.1111111111111111,0.1111111111111111,0.1111111111111111,0.0019866921938955784,0.8434925750872468,0.7659157181296903,0.9980133078061044,0.8434925750872468,0.8888888888888888,0.8888888888888888,0 5,H00 H20,5,H20,,,,
random,4,8,1,1,2,1,0.1111111111111111,0.1111111111111111,0.1111111111111111,0.0027098250575363636,0.8153226983253972,0.6629160366809539,0.9972901749424636,0.8153226983253972,0.8888888888888888,0.8888888888888888,0 9,H00 H30,9,H30,,,,
random,4,9,1,1,2,1,0.1111111111111111,0.1111111111111111,0.1111111111111111,0.0020075307693332434,0.850029904789576,0.7897505724960114,0.9979924692306668,0.850029904789576,0.8888888888888888,0.8888888888888888,0 8,H00 H21,8,H21,,,,
random,4,10,1,1,2,1,0.1111111111111111,0.1111111111111111,0.1111111111111111,0.002133503556251526,0.8446450100748775,0.7930895199653047,0.9978664964437485,0.8446450100748775,0.8888888888888888,0.8888888888888888,0 6,H00 H03,6,H03,,,,
random,4,11,1,1,2,1,0.1111111111111111,0.1111111111111111,0.1111111111111111,0.0020075307693332434,0.850029904789576,0.7897505724960114,0.9979924692306668,0.850029904789576,0.8888888888888888,0.8888888888888888,0 8,H00 H21,8,H21,,,,
random,4,12,1,1,2,1,0.1111111111111111,0.1111111111111111,0.1111111111111111,0.0019866921938955784,0.8434925750872468,0.7659157181296903,0.9980133078061044,0.8434925750872468,0.8888888888888888,0.8888888888888888,0 5,H00 H20,5,H20,,,,
random,4,13,1,1,2,1,0.1111111111111111,0.1111111111111111,0.1111111111111111,0.0020075307693332434,0.850029904789576,0.7897505724960114,0.9979924692306668,0.850029904789576,0.8888888888888888,0.8888888888888888,0 8,H00 H21,8,H21,,,,
random,4,14,1,1,2,1,0.1111111111111111,0.1111111111111111,0.1111111111111111,0.002133503556251526,0.8446450100748775,0.7930895199653047,0.9978664964437485,0.8446450100748775,0.8888888888888888,0.8888888888888888,0 6,H00 H03,6,H03,,,,
random,4,15,1,1,2,1,0.1111111111111111,0.1111111111111111,0.1111111111111111,0.0018349484307691455,0.8535695833981249,0.8144474177063051,0.9981650515692309,0.8535695833981249,0.8888888888888888,0.8888888888888888,0 3,H00 H02,3,H02,,,,
random,4,16,1,1,2,1,0.1111111111111111,0.1111111111111111,0.1111111111111111,0.002014941768720746,0.8583414044129296,0.7639979421512103,0.9979850582312793,0.8583414044129296,0.8888888888888888,0.8888888888888888,0 1,H00 H01,1,H01,,,,
random,4,17,1,1,2,1,0.1111111111111111,0.1111111111111111,0.1111111111111111,0.0019866921938955784,0.8434925750872468,0.7659157181296903,0.9980133078061044,0.8434925750872468,0.8888888888888888,0.8888888888888888,0 5,H00 H20,5,H20,,,,
random,4,18,1,1,2,1,0.1111111111111111,0.1111111111111111,0.1111111111111111,0.0020075307693332434,0.850029904789576,0.7897505724960114,0.9979924692306668,0.850029904789576,0.8888888888888888,0.8888888888888888,0 8,H00 H21,8,H21,,,,
random,4,19,1,1,2,1,0.1111111111111111,0.1111111111111111,0.1111111111111111,0.002513390500098467,0.8244922838033167,0.6840762328779264,0.9974866094999015,0.8244922838033167,0.8888888888888888,0.8888888888888888,0 2,H00 H10,2,H10,,,,
random,4,0,3,3,4,3,0.3333333333333333,0.3333333333333333,0.3333333333333333,0.0010254911612719297,0.9083737322571162,0.9087621637831633,0.9989745088387281,0.9083737322571162,0.6666666666666667,0.6666666666666667,0 3 5 7,H00 H02 H20 H12,3 5 7,H02 H20 H12,,,,
random,4,1,3,3,4,3,0.3333333333333333,0.3333333333333333,0.3333333333333333,0.0014027007855474949,0.897033829166688,0.8192792309330712,0.9985972992144525,0.897033829166688,0.6666666666666667,0.6666666666666667,0 2 4 5,H00 H10 H11 H20,2 4 5,H10 H11 H20,,,,
random,4,2,3,3,4,3,0.3333333333333333,0.3333333333333333,0.3333333333333333,0.0013678211253136396,0.8933618930428688,0.8460820882447414,0.9986321788746864,0.8933618930428688,0.6666666666666667,0.6666666666666667,0 2 5 6,H00 H10 H20 H03,2 5 6,H10 H20 H03,,,,
random,4,3,3,3,4,3,0.3333333333333333,0.3333333333333333,0.3333333333333333,0.0010322933085262775,0.9153966340419086,0.8894220815900689,0.9989677066914737,0.9153966340419086,0.6666666666666667,0.6666666666666667,0 1 3 4,H00 H01 H02 H11,1 3 4,H01 H02 H11,,,,
random,4,4,3,3,4,3,0.3333333333333333,0.3333333333333333,0.3333333333333333,0.001566787250339985,0.8936035655057954,0.8102773826465888,0.99843321274966,0.8936035655057954,0.6666666666666667,0.6666666666666667,0 1 4 9,H00 H01 H11 H30,1 4 9,H01 H11 H30,,,,
random,4,5,3,3,4,3,0.3333333333333333,0.3333333333333333,0.3333333333333333,0.0010659192921593785,0.9085599764579116,0.8921077571170596,0.9989340807078406,0.9085599764579116,0.6666666666666667,0.6666666666666667,0 1 3 5,H00 H01 H02 H20,1 3 5,H01 H02 H20,,,,
random,4,6,3,3,4,3,0.3333333333333333,0.3333333333333333,0.3333333333333333,0.0017878534272313118,0.8659744985118136,0.8086773727134913,0.9982121465727687,0.8659744985118136,0.6666666666666667,0.6666666666666667,0 2 6 9,H00 H10 H03 H30,2 6 9,H10 H03 H30,,,,
random,4,7,3,3,4,3,0.3333333333333333,0.3333333333333333,0.3333333333333333,0.0015622959472239017,0.8811913771415295,0.811397746594053,0.9984377040527761,0.8811913771415295,0.6666666666666667,0.6666666666666667,0 5 8 9,H00 H20 H21 H30,5 8 9,H20 H21 H30,,,,
random,4,8,3,3,4,3,0.3333333333333333,0.3333333333333333,0.3333333333333333,0.0013678211253136396,0.8933618930428688,0.8460820882447414,0.9986321788746864,0.8933618930428688,0.6666666666666667,0.6666666666666667,0 2 5 6,H00 H10 H20 H03,2 5 6,H10 H20 H03,,,,
random,4,9,3,3,4,3,0.3333333333333333,0.3333333333333333,0.3333333333333333,0.0009918935829773545,0.913169676240857,0.9020974696506348,0.9990081064170226,0.913169676240857,0.6666666666666667,0.6666666666666667,0 3 5 9,H00 H02 H20 H30,3 5 9,H02 H20 H30,,,,
random,4,10,3,3,4,3,0.3333333333333333,0.3333333333333333,0.3333333333333333,0.0010322933085262775,0.9153966340419086,0.8894220815900689,0.9989677066914737,0.9153966340419086,0.6666666666666667,0.6666666666666667,0 1 3 4,H00 H01 H02 H11,1 3 4,H01 H02 H11,,,,
random,4,11,3,3,4,3,0.3333333333333333,0.3333333333333333,0.3333333333333333,0.0019479873590171337,0.8745985360844913,0.7687418889353853,0.9980520126409829,0.8745985360844913,0.6666666666666667,0.6666666666666667,0 2 4 7,H00 H10 H11 H12,2 4 7,H10 H11 H12,,,,
random,4,12,3,3,4,3,0.3333333333333333,0.3333333333333333,0.3333333333333333,0.0009172727586701512,0.9233429838197835,0.9084900363025165,0.9990827272413298,0.9233429838197835,0.6666666666666667,0.6666666666666667,0 3 4 8,H00 H02 H11 H21,3 4 8,H02 H11 H21,,,,
random,4,13,3,3,4,3,0.3333333333333333,0.3333333333333333,0.3333333333333333,0.0017177356639876962,0.87951628287964,0.8049092798738036,0.9982822643360123,0.87951628287964,0.6666666666666667,0.6666666666666667,0 1 8 9,H00 H01 H21 H30,1 8 9,H01 H21 H30,,,,
random,4,14,3,3,4,3,0.3333333333333333,0.3333333333333333,0.3333333333333333,0.0012208463158458471,0.9109027125162829,0.875371309683046,0.9987791536841542,0.9109027125162829,0.6666666666666667,0.6666666666666667,0 4 5 6,H00 H11 H20 H03,4 5 6,H11 H20 H03,,,,
random,4,15,3,3,4,3,0.3333333333333333,0.3333333333333333,0.3333333333333333,0.001257576746866107,0.9010469124527309,0.8831154315473149,0.9987424232531339,0.9010469124527309,0.6666666666666667,0.6666666666666667,0 2 3 4,H00 H10 H02 H11,2 3 4,H10 H02 H11,,,,
random,4,16,3,3,4,3,0.3333333333333333,0.3333333333333333,0.3333333333333333,0.0017177356639876962,0.87951628287964,0.8049092798738036,0.9982822643360123,0.87951628287964,0.6666666666666667,0.6666666666666667,0 1 8 9,H00 H01 H21 H30,1 8 9,H01 H21 H30,,,,
random,4,17,3,3,4,3,0.3333333333333333,0.3333333333333333,0.3333333333333333,0.0010659192921593785,0.9085599764579116,0.8921077571170596,0.9989340807078406,0.9085599764579116,0.6666666666666667,0.6666666666666667,0 1 3 5,H00 H01 H02 H20,1 3 5,H01 H02 H20,,,,
random,4,18,3,3,4,3,0.3333333333333333,0.3333333333333333,0.3333333333333333,0.0022941972129046917,0.8472604377817597,0.7419771355085318,0.9977058027870953,0.8472604377817597,0.6666666666666667,0.6666666666666667,0 2 7 9,H00 H10 H12 H30,2 7 9,H10 H12 H30,,,,
random,4,19,3,3,4,3,0.3333333333333333,0.3333333333333333,0.3333333333333333,0.0015556522412225604,0.8854048666361538,0.8131704411129658,0.9984443477587774,0.8854048666361538,0.6666666666666667,0.6666666666666667,0 2 8 9,H00 H10 H21 H30,2 8 9,H10 H21 H30,,,,
random,4,0,5,5,6,5,0.5555555555555556,0.5555555555555556,0.5555555555555556,0.0012083167675882578,0.9096245525070377,0.8621557139386478,0.9987916832324117,0.9096245525070377,0.4444444444444444,0.4444444444444444,0 1 2 5 7 9,H00 H01 H10 H20 H12 H30,1 2 5 7 9,H01 H10 H20 H12 H30,,,,
random,4,1,5,5,6,5,0.5555555555555556,0.5555555555555556,0.5555555555555556,0.0008925374131649733,0.9206202069871066,0.9162191510664074,0.999107462586835,0.9206202069871066,0.4444444444444444,0.4444444444444444,0 2 3 5 7 8,H00 H10 H02 H20 H12 H21,2 3 5 7 8,H10 H02 H20 H12 H21,,,,
random,4,2,5,5,6,5,0.5555555555555556,0.5555555555555556,0.5555555555555556,0.0011890282621607184,0.9125925257146429,0.8747683142576327,0.9988109717378393,0.9125925257146429,0.4444444444444444,0.4444444444444444,0 1 4 5 6 9,H00 H01 H11 H20 H03 H30,1 4 5 6 9,H01 H11 H20 H03 H30,,,,
random,4,3,5,5,6,5,0.5555555555555556,0.5555555555555556,0.5555555555555556,0.0007913487497717142,0.9325363367228956,0.9222235071465528,0.9992086512502283,0.9325363367228956,0.4444444444444444,0.4444444444444444,0 2 3 4 5 8,H00 H10 H02 H11 H20 H21,2 3 4 5 8,H10 H02 H11 H20 H21,,,,
random,4,4,5,5,6,5,0.5555555555555556,0.5555555555555556,0.5555555555555556,0.000966956838965416,0.9154122703565853,0.9091823218122058,0.9990330431610346,0.9154122703565853,0.4444444444444444,0.4444444444444444,0 2 3 5 7 9,H00 H10 H02 H20 H12 H30,2 3 5 7 9,H10 H02 H20 H12 H30,,,,
random,4,5,5,5,6,5,0.5555555555555556,0.5555555555555556,0.5555555555555556,0.0007432899437844753,0.9374748982940928,0.9302515218191733,0.9992567100562155,0.9374748982940928,0.4444444444444444,0.4444444444444444,0 3 4 5 6 7,H00 H02 H11 H20 H03 H12,3 4 5 6 7,H02 H11 H20 H03 H12,,,,
random,4,6,5,5,6,5,0.5555555555555556,0.5555555555555556,0.5555555555555556,0.000992790563032031,0.9197791129102605,0.8927865304766779,0.999007209436968,0.9197791129102605,0.4444444444444444,0.4444444444444444,0 1 2 3 4 9,H00 H01 H10 H02 H11 H30,1 2 3 4 9,H01 H10 H02 H11 H30,,,,
random,4,7,5,5,6,5,0.5555555555555556,0.5555555555555556,0.5555555555555556,0.001119075808674097,0.9198531456619465,0.8649691869086589,0.9988809241913259,0.9198531456619465,0.4444444444444444,0.4444444444444444,0 1 4 5 7 9,H00 H01 H11 H20 H12 H30,1 4 5 7 9,H01 H11 H20 H12 H30,,,,
random,4,8,5,5,6,5,0.5555555555555556,0.5555555555555556,0.5555555555555556,0.0009687839192338288,0.9169217067262364,0.9062990775624421,0.9990312160807662,0.9169217067262364,0.4444444444444444,0.4444444444444444,0 2 3 7 8 9,H00 H10 H02 H12 H21 H30,2 3 7 8 9,H10 H02 H12 H21 H30,,,,
random,4,9,5,5,6,5,0.5555555555555556,0.5555555555555556,0.5555555555555556,0.0010215603979304433,0.9258242539715965,0.8925245191240575,0.9989784396020696,0.9258242539715965,0.4444444444444444,0.4444444444444444,0 1 4 5 6 7,H00 H01 H11 H20 H03 H12,1 4 5 6 7,H01 H11 H20 H03 H12,,,,
random,4,10,5,5,6,5,0.5555555555555556,0.5555555555555556,0.5555555555555556,0.0011304877698421478,0.9118664058171186,0.8886507479921737,0.9988695122301579,0.9118664058171186,0.4444444444444444,0.4444444444444444,0 5 6 7 8 9,H00 H20 H03 H12 H21 H30,5 6 7 8 9,H20 H03 H12 H21 H30,,,,
random,4,11,5,5,6,5,0.5555555555555556,0.5555555555555556,0.5555555555555556,0.0010215603979304433,0.9258242539715965,0.8925245191240575,0.9989784396020696,0.9258242539715965,0.4444444444444444,0.4444444444444444,0 1 4 5 6 7,H00 H01 H11 H20 H03 H12,1 4 5 6 7,H01 H11 H20 H03 H12,,,,
random,4,12,5,5,6,5,0.5555555555555556,0.5555555555555556,0.5555555555555556,0.0011890282621607184,0.9125925257146429,0.8747683142576327,0.9988109717378393,0.9125925257146429,0.4444444444444444,0.4444444444444444,0 1 4 5 6 9,H00 H01 H11 H20 H03 H30,1 4 5 6 9,H01 H11 H20 H03 H30,,,,
random,4,13,5,5,6,5,0.5555555555555556,0.5555555555555556,0.5555555555555556,0.0011173684615641832,0.9206494240624017,0.8658186867453412,0.9988826315384358,0.9206494240624017,0.4444444444444444,0.4444444444444444,0 1 4 5 7 8,H00 H01 H11 H20 H12 H21,1 4 5 7 8,H01 H11 H20 H12 H21,,,,
random,4,14,5,5,6,5,0.5555555555555556,0.5555555555555556,0.5555555555555556,0.0012087628711014986,0.9095407361596575,0.8640167061941839,0.9987912371288985,0.9095407361596575,0.4444444444444444,0.4444444444444444,0 1 5 7 8 9,H00 H01 H20 H12 H21 H30,1 5 7 8 9,H01 H20 H12 H21 H30,,,,
random,4,15,5,5,6,5,0.5555555555555556,0.5555555555555556,0.5555555555555556,0.0011321778874844313,0.9122889066352005,0.8881939021960095,0.9988678221125156,0.9122889066352005,0.4444444444444444,0.4444444444444444,0 2 5 6 7 8,H00 H10 H20 H03 H12 H21,2 5 6 7 8,H10 H20 H03 H12 H21,,,,
random,4,16,5,5,6,5,0.5555555555555556,0.5555555555555556,0.5555555555555556,0.001130998833104968,0.9122311203484728,0.8885156355455834,0.998869001166895,0.9122311203484728,0.4444444444444444,0.4444444444444444,0 2 5 6 7 9,H00 H10 H20 H03 H12 H30,2 5 6 7 9,H10 H20 H03 H12 H30,,,,
random,4,17,5,5,6,5,0.5555555555555556,0.5555555555555556,0.5555555555555556,0.000760287803132087,0.9354208445754545,0.9274567100187886,0.9992397121968679,0.9354208445754545,0.4444444444444444,0.4444444444444444,0 2 3 4 5 6,H00 H10 H02 H11 H20 H03,2 3 4 5 6,H10 H02 H11 H20 H03,,,,
random,4,18,5,5,6,5,0.5555555555555556,0.5555555555555556,0.5555555555555556,0.0008925374131649733,0.9206202069871066,0.9162191510664074,0.999107462586835,0.9206202069871066,0.4444444444444444,0.4444444444444444,0 2 3 5 7 8,H00 H10 H02 H20 H12 H21,2 3 5 7 8,H10 H02 H20 H12 H21,,,,
random,4,19,5,5,6,5,0.5555555555555556,0.5555555555555556,0.5555555555555556,0.0007484247907996178,0.9373638025716425,0.9287554129033221,0.9992515752092004,0.9373638025716425,0.4444444444444444,0.4444444444444444,0 3 4 5 6 9,H00 H02 H11 H20 H03 H30,3 4 5 6 9,H02 H11 H20 H03 H30,,,,
random,5,0,1,1,2,1,0.1111111111111111,0.1111111111111111,0.1111111111111111,0.0023183049634099007,0.8452398459738237,0.7867771887949354,0.9976816950365901,0.8452398459738237,0.8888888888888888,0.8888888888888888,0 6,H00 H03,6,H03,,,,
random,5,1,1,1,2,1,0.1111111111111111,0.1111111111111111,0.1111111111111111,0.0017790698911994696,0.8727750632375939,0.8529332062889512,0.9982209301088005,0.8727750632375939,0.8888888888888888,0.8888888888888888,0 3,H00 H02,3,H02,,,,
random,5,2,1,1,2,1,0.1111111111111111,0.1111111111111111,0.1111111111111111,0.0023624300956726074,0.8354859318945216,0.7734737730033885,0.9976375699043274,0.8354859318945216,0.8888888888888888,0.8888888888888888,0 9,H00 H30,9,H30,,,,
random,5,3,1,1,2,1,0.1111111111111111,0.1111111111111111,0.1111111111111111,0.0019725807942450047,0.86717472835383,0.8506240965737433,0.998027419205755,0.86717472835383,0.8888888888888888,0.8888888888888888,0 8,H00 H21,8,H21,,,,
random,5,4,1,1,2,1,0.1111111111111111,0.1111111111111111,0.1111111111111111,0.0018011964857578278,0.8735911176671738,0.857622743751761,0.9981988035142422,0.8735911176671738,0.8888888888888888,0.8888888888888888,0 5,H00 H20,5,H20,,,,
random,5,5,1,1,2,1,0.1111111111111111,0.1111111111111111,0.1111111111111111,0.001987551338970661,0.8668649963875091,0.8375997083452407,0.9980124486610293,0.8668649963875091,0.8888888888888888,0.8888888888888888,0 7,H00 H12,7,H12,,,,
random,5,6,1,1,2,1,0.1111111111111111,0.1111111111111111,0.1111111111111111,0.0019536111503839493,0.8687228380617166,0.8002531359385622,0.998046388849616,0.8687228380617166,0.8888888888888888,0.8888888888888888,0 2,H00 H10,2,H10,,,,
random,5,7,1,1,2,1,0.1111111111111111,0.1111111111111111,0.1111111111111111,0.0017790698911994696,0.8727750632375939,0.8529332062889512,0.9982209301088005,0.8727750632375939,0.8888888888888888,0.8888888888888888,0 3,H00 H02,3,H02,,,,
random,5,8,1,1,2,1,0.1111111111111111,0.1111111111111111,0.1111111111111111,0.0019536111503839493,0.8687228380617166,0.8002531359385622,0.998046388849616,0.8687228380617166,0.8888888888888888,0.8888888888888888,0 2,H00 H10,2,H10,,,,
random,5,9,1,1,2,1,0.1111111111111111,0.1111111111111111,0.1111111111111111,0.001987551338970661,0.8668649963875091,0.8375997083452407,0.9980124486610293,0.8668649963875091,0.8888888888888888,0.8888888888888888,0 7,H00 H12,7,H12,,,,
random,5,10,1,1,2,1,0.1111111111111111,0.1111111111111111,0.1111111111111111,0.0023624300956726074,0.8354859318945216,0.7734737730033885,0.9976375699043274,0.8354859318945216,0.8888888888888888,0.8888888888888888,0 9,H00 H30,9,H30,,,,
random,5,11,1,1,2,1,0.1111111111111111,0.1111111111111111,0.1111111111111111,0.0019725807942450047,0.86717472835383,0.8506240965737433,0.998027419205755,0.86717472835383,0.8888888888888888,0.8888888888888888,0 8,H00 H21,8,H21,,,,
random,5,12,1,1,2,1,0.1111111111111111,0.1111111111111111,0.1111111111111111,0.0017359612975269556,0.8911569506709556,0.860520270310034,0.998264038702473,0.8911569506709556,0.8888888888888888,0.8888888888888888,0 4,H00 H11,4,H11,,,,
random,5,13,1,1,2,1,0.1111111111111111,0.1111111111111111,0.1111111111111111,0.0019725807942450047,0.86717472835383,0.8506240965737433,0.998027419205755,0.86717472835383,0.8888888888888888,0.8888888888888888,0 8,H00 H21,8,H21,,,,
random,5,14,1,1,2,1,0.1111111111111111,0.1111111111111111,0.1111111111111111,0.0023624300956726074,0.8354859318945216,0.7734737730033885,0.9976375699043274,0.8354859318945216,0.8888888888888888,0.8888888888888888,0 9,H00 H30,9,H30,,,,
random,5,15,1,1,2,1,0.1111111111111111,0.1111111111111111,0.1111111111111111,0.0019519119523465633,0.8756509660881602,0.8119981859102858,0.9980480880476534,0.8756509660881602,0.8888888888888888,0.8888888888888888,0 1,H00 H01,1,H01,,,,
random,5,16,1,1,2,1,0.1111111111111111,0.1111111111111111,0.1111111111111111,0.0017790698911994696,0.8727750632375939,0.8529332062889512,0.9982209301088005,0.8727750632375939,0.8888888888888888,0.8888888888888888,0 3,H00 H02,3,H02,,,,
random,5,17,1,1,2,1,0.1111111111111111,0.1111111111111111,0.1111111111111111,0.0019536111503839493,0.8687228380617166,0.8002531359385622,0.998046388849616,0.8687228380617166,0.8888888888888888,0.8888888888888888,0 2,H00 H10,2,H10,,,,
random,5,18,1,1,2,1,0.1111111111111111,0.1111111111111111,0.1111111111111111,0.0017790698911994696,0.8727750632375939,0.8529332062889512,0.9982209301088005,0.8727750632375939,0.8888888888888888,0.8888888888888888,0 3,H00 H02,3,H02,,,,
random,5,19,1,1,2,1,0.1111111111111111,0.1111111111111111,0.1111111111111111,0.0023624300956726074,0.8354859318945216,0.7734737730033885,0.9976375699043274,0.8354859318945216,0.8888888888888888,0.8888888888888888,0 9,H00 H30,9,H30,,,,
random,5,0,3,3,4,3,0.3333333333333333,0.3333333333333333,0.3333333333333333,0.0008191795786842704,0.938321114330598,0.9232339679048358,0.9991808204213157,0.938321114330598,0.6666666666666667,0.6666666666666667,0 2 3 8,H00 H10 H02 H21,2 3 8,H10 H02 H21,,,,
random,5,1,3,3,4,3,0.3333333333333333,0.3333333333333333,0.3333333333333333,0.0014558954862877727,0.8966303562986865,0.8807407300983385,0.9985441045137122,0.8966303562986865,0.6666666666666667,0.6666666666666667,0 1 5 8,H00 H01 H20 H21,1 5 8,H01 H20 H21,,,,
random,5,2,3,3,4,3,0.3333333333333333,0.3333333333333333,0.3333333333333333,0.001053531188517809,0.9227338334219918,0.9118713532034329,0.9989464688114822,0.9227338334219918,0.6666666666666667,0.6666666666666667,0 7 8 9,H00 H12 H21 H30,7 8 9,H12 H21 H30,,,,
random,5,3,3,3,4,3,0.3333333333333333,0.3333333333333333,0.3333333333333333,0.0014422893291339278,0.8953661632842598,0.8730147457787931,0.9985577106708661,0.8953661632842598,0.6666666666666667,0.6666666666666667,0 2 3 7,H00 H10 H02 H12,2 3 7,H10 H02 H12,,,,
random,5,4,3,3,4,3,0.3333333333333333,0.3333333333333333,0.3333333333333333,0.0010523386299610138,0.9234958795496173,0.91209070468042,0.998947661370039,0.9234958795496173,0.6666666666666667,0.6666666666666667,0 6 7 8,H00 H03 H12 H21,6 7 8,H03 H12 H21,,,,
random,5,5,3,3,4,3,0.3333333333333333,0.3333333333333333,0.3333333333333333,0.0013994548935443163,0.8949548450257634,0.8705677785155034,0.9986005451064557,0.8949548450257634,0.6666666666666667,0.6666666666666667,0 6 8 9,H00 H03 H21 H30,6 8 9,H03 H21 H30,,,,
random,5,6,3,3,4,3,0.3333333333333333,0.3333333333333333,0.3333333333333333,0.0009100023889914155,0.9286935414662685,0.9250975825017516,0.9990899976110086,0.9286935414662685,0.6666666666666667,0.6666666666666667,0 3 7 8,H00 H02 H12 H21,3 7 8,H02 H12 H21,,,,
random,5,7,3,3,4,3,0.3333333333333333,0.3333333333333333,0.3333333333333333,0.0009766711154952645,0.9247631423804338,0.8967621164675774,0.9990233288845047,0.9247631423804338,0.6666666666666667,0.6666666666666667,0 2 5 8,H00 H10 H20 H21,2 5 8,H10 H20 H21,,,,
random,5,8,3,3,4,3,0.3333333333333333,0.3333333333333333,0.3333333333333333,0.0014089527539908886,0.8999733049976202,0.8696745562486949,0.9985910472460091,0.8999733049976202,0.6666666666666667,0.6666666666666667,0 6 7 9,H00 H03 H12 H30,6 7 9,H03 H12 H30,,,,
random,5,9,3,3,4,3,0.3333333333333333,0.3333333333333333,0.3333333333333333,0.0009308581938967109,0.927541392665981,0.9270264253753223,0.9990691418061033,0.927541392665981,0.6666666666666667,0.6666666666666667,0 3 5 7,H00 H02 H20 H12,3 5 7,H02 H20 H12,,,,
random,5,10,3,3,4,3,0.3333333333333333,0.3333333333333333,0.3333333333333333,0.0010599123779684305,0.9269808572800066,0.9129257050905886,0.9989400876220316,0.9269808572800066,0.6666666666666667,0.6666666666666667,0 3 4 7,H00 H02 H11 H12,3 4 7,H02 H11 H12,,,,
random,5,11,3,3,4,3,0.3333333333333333,0.3333333333333333,0.3333333333333333,0.0009421315626241267,0.9347765241770625,0.9227842624872625,0.9990578684373759,0.9347765241770625,0.6666666666666667,0.6666666666666667,0 4 5 6,H00 H11 H20 H03,4 5 6,H11 H20 H03,,,,
random,5,12,3,3,4,3,0.3333333333333333,0.3333333333333333,0.3333333333333333,0.001497038989327848,0.8937188816233566,0.8853942228989166,0.9985029610106722,0.8937188816233566,0.6666666666666667,0.6666666666666667,0 5 6 8,H00 H20 H03 H21,5 6 8,H20 H03 H21,,,,
random,5,13,3,3,4,3,0.3333333333333333,0.3333333333333333,0.3333333333333333,0.0010599123779684305,0.9269808572800066,0.9129257050905886,0.9989400876220316,0.9269808572800066,0.6666666666666667,0.6666666666666667,0 3 4 7,H00 H02 H11 H12,3 4 7,H02 H11 H12,,,,
random,5,14,3,3,4,3,0.3333333333333333,0.3333333333333333,0.3333333333333333,0.001203730353154242,0.916784913428615,0.8705958043196118,0.9987962696468458,0.916784913428615,0.6666666666666667,0.6666666666666667,0 1 3 6,H00 H01 H02 H03,1 3 6,H01 H02 H03,,,,
random,5,15,3,3,4,3,0.3333333333333333,0.3333333333333333,0.3333333333333333,0.0010218231473118067,0.9219069988970666,0.8888395614701773,0.9989781768526882,0.9219069988970666,0.6666666666666667,0.6666666666666667,0 2 5 6,H00 H10 H20 H03,2 5 6,H10 H20 H03,,,,
random,5,16,3,3,4,3,0.3333333333333333,0.3333333333333333,0.3333333333333333,0.0011210591765120625,0.9152839240949162,0.8852394338439719,0.9988789408234879,0.9152839240949162,0.6666666666666667,0.6666666666666667,0 2 3 6,H00 H10 H02 H03,2 3 6,H10 H02 H03,,,,
random,5,17,3,3,4,3,0.3333333333333333,0.3333333333333333,0.3333333333333333,0.000847855000756681,0.9390133087934127,0.9097139190097636,0.9991521449992433,0.9390133087934127,0.6666666666666667,0.6666666666666667,0 2 4 5,H00 H10 H11 H20,2 4 5,H10 H11 H20,,,,
random,5,18,3,3,4,3,0.3333333333333333,0.3333333333333333,0.3333333333333333,0.001171842566691339,0.9177778275876209,0.8562283166907579,0.9988281574333087,0.9177778275876209,0.6666666666666667,0.6666666666666667,0 1 2 9,H00 H01 H10 H30,1 2 9,H01 H10 H30,,,,
random,5,19,3,3,4,3,0.3333333333333333,0.3333333333333333,0.3333333333333333,0.000886306690517813,0.9353153777710748,0.9253427616774866,0.9991136933094822,0.9353153777710748,0.6666666666666667,0.6666666666666667,0 3 5 6,H00 H02 H20 H03,3 5 6,H02 H20 H03,,,,
random,5,0,5,5,6,5,0.5555555555555556,0.5555555555555556,0.5555555555555556,0.0007391604594886303,0.9425973771904085,0.9351347502185341,0.9992608395405114,0.9425973771904085,0.4444444444444444,0.4444444444444444,0 3 5 6 7 9,H00 H02 H20 H03 H12 H30,3 5 6 7 9,H02 H20 H03 H12 H30,,,,
random,5,1,5,5,6,5,0.5555555555555556,0.5555555555555556,0.5555555555555556,0.0006258633220568299,0.9548140611858346,0.9355170585739166,0.9993741366779432,0.9548140611858346,0.4444444444444444,0.4444444444444444,0 2 3 4 8 9,H00 H10 H02 H11 H21 H30,2 3 4 8 9,H10 H02 H11 H21 H30,,,,
random,5,2,5,5,6,5,0.5555555555555556,0.5555555555555556,0.5555555555555556,0.0007461257628165185,0.9426254144427892,0.9293489936919603,0.9992538742371835,0.9426254144427892,0.4444444444444444,0.4444444444444444,0 2 3 5 6 9,H00 H10 H02 H20 H03 H30,2 3 5 6 9,H10 H02 H20 H03 H30,,,,
random,5,3,5,5,6,5,0.5555555555555556,0.5555555555555556,0.5555555555555556,0.0007449092227034271,0.947680086925112,0.9290419637196474,0.9992550907772966,0.947680086925112,0.4444444444444444,0.4444444444444444,0 1 3 4 6 8,H00 H01 H02 H11 H03 H21,1 3 4 6 8,H01 H02 H11 H03 H21,,,,
random,5,4,5,5,6,5,0.5555555555555556,0.5555555555555556,0.5555555555555556,0.0008611372904852033,0.9434301800733514,0.9009507006182031,0.9991388627095148,0.9434301800733514,0.4444444444444444,0.4444444444444444,0 1 2 4 7 9,H00 H01 H10 H11 H12 H30,1 2 4 7 9,H01 H10 H11 H12 H30,,,,
random,5,5,5,5,6,5,0.5555555555555556,0.5555555555555556,0.5555555555555556,0.0008798317285254598,0.9363185030969655,0.925262214136804,0.9991201682714745,0.9363185030969655,0.4444444444444444,0.4444444444444444,0 1 3 5 6 8,H00 H01 H02 H20 H03 H21,1 3 5 6 8,H01 H02 H20 H03 H21,,,,
random,5,6,5,5,6,5,0.5555555555555556,0.5555555555555556,0.5555555555555556,0.0010267228353768587,0.9299496357881782,0.8808065321419208,0.9989732771646231,0.9299496357881782,0.4444444444444444,0.4444444444444444,0 1 2 6 7 9,H00 H01 H10 H03 H12 H30,1 2 6 7 9,H01 H10 H03 H12 H30,,,,
random,5,7,5,5,6,5,0.5555555555555556,0.5555555555555556,0.5555555555555556,0.0008162697777152061,0.9394030857224385,0.9214852193862544,0.9991837302222848,0.9394030857224385,0.4444444444444444,0.4444444444444444,0 1 2 3 8 9,H00 H01 H10 H02 H21 H30,1 2 3 8 9,H01 H10 H02 H21 H30,,,,
random,5,8,5,5,6,5,0.5555555555555556,0.5555555555555556,0.5555555555555556,0.0008500942494720221,0.9392062815595041,0.9029316080044566,0.999149905750528,0.9392062815595041,0.4444444444444444,0.4444444444444444,0 2 4 6 8 9,H00 H10 H11 H03 H21 H30,2 4 6 8 9,H10 H11 H03 H21 H30,,,,
random,5,9,5,5,6,5,0.5555555555555556,0.5555555555555556,0.5555555555555556,0.0007391604594886303,0.9425973771904085,0.9351347502185341,0.9992608395405114,0.9425973771904085,0.4444444444444444,0.4444444444444444,0 3 5 6 7 9,H00 H02 H20 H03 H12 H30,3 5 6 7 9,H02 H20 H03 H12 H30,,,,
random,5,10,5,5,6,5,0.5555555555555556,0.5555555555555556,0.5555555555555556,0.0009000665741041303,0.9314978729743028,0.920511857289878,0.9990999334258959,0.9314978729743028,0.4444444444444444,0.4444444444444444,0 1 3 6 8 9,H00 H01 H02 H03 H21 H30,1 3 6 8 9,H01 H02 H03 H21 H30,,,,
random,5,11,5,5,6,5,0.5555555555555556,0.5555555555555556,0.5555555555555556,0.0005458305822685361,0.959003113980951,0.9473422416119487,0.9994541694177315,0.959003113980951,0.4444444444444444,0.4444444444444444,0 1 3 4 5 7,H00 H01 H02 H11 H20 H12,1 3 4 5 7,H01 H02 H11 H20 H12,,,,
random,5,12,5,5,6,5,0.5555555555555556,0.5555555555555556,0.5555555555555556,0.000747141835745424,0.9396602025036296,0.9408249754871405,0.9992528581642546,0.9396602025036296,0.4444444444444444,0.4444444444444444,0 3 5 7 8 9,H00 H02 H20 H12 H21 H30,3 5 7 8 9,H02 H20 H12 H21 H30,,,,
random,5,13,5,5,6,5,0.5555555555555556,0.5555555555555556,0.5555555555555556,0.0009693994652479887,0.926008485417091,0.897598640677157,0.999030600534752,0.926008485417091,0.4444444444444444,0.4444444444444444,0 2 5 6 8 9,H00 H10 H20 H03 H21 H30,2 5 6 8 9,H10 H20 H03 H21 H30,,,,
random,5,14,5,5,6,5,0.5555555555555556,0.5555555555555556,0.5555555555555556,0.0009269908769056201,0.9293147228950552,0.8975906421227621,0.9990730091230944,0.9293147228950552,0.4444444444444444,0.4444444444444444,0 1 2 5 6 8,H00 H01 H10 H20 H03 H21,1 2 5 6 8,H01 H10 H20 H03 H21,,,,
random,5,15,5,5,6,5,0.5555555555555556,0.5555555555555556,0.5555555555555556,0.0007392331608571112,0.944523611149167,0.9180303194073373,0.9992607668391429,0.944523611149167,0.4444444444444444,0.4444444444444444,0 1 2 4 5 9,H00 H01 H10 H11 H20 H30,1 2 4 5 9,H01 H10 H11 H20 H30,,,,
random,5,16,5,5,6,5,0.5555555555555556,0.5555555555555556,0.5555555555555556,0.0007979899528436363,0.9401897115546515,0.9240781884760488,0.9992020100471564,0.9401897115546515,0.4444444444444444,0.4444444444444444,0 1 2 5 7 8,H00 H01 H10 H20 H12 H21,1 2 5 7 8,H01 H10 H20 H12 H21,,,,
random,5,17,5,5,6,5,0.5555555555555556,0.5555555555555556,0.5555555555555556,0.0008528240723535419,0.939962784889266,0.9036438287224201,0.9991471759276465,0.939962784889266,0.4444444444444444,0.4444444444444444,0 1 2 4 8 9,H00 H01 H10 H11 H21 H30,1 2 4 8 9,H01 H10 H11 H21 H30,,,,
random,5,18,5,5,6,5,0.5555555555555556,0.5555555555555556,0.5555555555555556,0.0007103416137397289,0.9450352379208371,0.9324590200793003,0.9992896583862603,0.9450352379208371,0.4444444444444444,0.4444444444444444,0 1 2 3 5 7,H00 H01 H10 H02 H20 H12,1 2 3 5 7,H01 H10 H02 H20 H12,,,,
random,5,19,5,5,6,5,0.5555555555555556,0.5555555555555556,0.5555555555555556,0.0011189241195097566,0.9155921599297263,0.8858139498871679,0.9988810758804902,0.9155921599297263,0.4444444444444444,0.4444444444444444,0 2 3 6 7 9,H00 H10 H02 H03 H12 H30,2 3 6 7 9,H10 H02 H03 H12 H30,,,,
random,6,0,1,1,2,1,0.1111111111111111,0.1111111111111111,0.1111111111111111,0.0015798253007233143,0.8434021819325321,0.8156463025269328,0.9984201746992767,0.8434021819325321,0.8888888888888888,0.8888888888888888,0 7,H00 H12,7,H12,,,,
random,6,1,1,1,2,1,0.1111111111111111,0.1111111111111111,0.1111111111111111,0.0018523121252655983,0.8031295358904335,0.811740844982704,0.9981476878747344,0.8031295358904335,0.8888888888888888,0.8888888888888888,0 9,H00 H30,9,H30,,,,
random,6,2,1,1,2,1,0.1111111111111111,0.1111111111111111,0.1111111111111111,0.0015798253007233143,0.8434021819325321,0.8156463025269328,0.9984201746992767,0.8434021819325321,0.8888888888888888,0.8888888888888888,0 7,H00 H12,7,H12,,,,
random,6,3,1,1,2,1,0.1111111111111111,0.1111111111111111,0.1111111111111111,0.0017911435570567846,0.8343427604093138,0.8336200956800563,0.9982088564429432,0.8343427604093138,0.8888888888888888,0.8888888888888888,0 4,H00 H11,4,H11,,,,
random,6,4,1,1,2,1,0.1111111111111111,0.1111111111111111,0.1111111111111111,0.0018176211742684245,0.8245031272684635,0.8512730533486946,0.9981823788257316,0.8245031272684635,0.8888888888888888,0.8888888888888888,0 8,H00 H21,8,H21,,,,
random,6,5,1,1,2,1,0.1111111111111111,0.1111111111111111,0.1111111111111111,0.0021586900111287832,0.8058184616978631,0.782418185070466,0.9978413099888712,0.8058184616978631,0.8888888888888888,0.8888888888888888,0 1,H00 H01,1,H01,,,,
random,6,6,1,1,2,1,0.1111111111111111,0.1111111111111111,0.1111111111111111,0.0015798253007233143,0.8434021819325321,0.8156463025269328,0.9984201746992767,0.8434021819325321,0.8888888888888888,0.8888888888888888,0 7,H00 H12,7,H12,,,,
random,6,7,1,1,2,1,0.1111111111111111,0.1111111111111111,0.1111111111111111,0.0018176211742684245,0.8245031272684635,0.8512730533486946,0.9981823788257316,0.8245031272684635,0.8888888888888888,0.8888888888888888,0 8,H00 H21,8,H21,,,,
random,6,8,1,1,2,1,0.1111111111111111,0.1111111111111111,0.1111111111111111,0.0018176211742684245,0.8245031272684635,0.8512730533486946,0.9981823788257316,0.8245031272684635,0.8888888888888888,0.8888888888888888,0 8,H00 H21,8,H21,,,,
random,6,9,1,1,2,1,0.1111111111111111,0.1111111111111111,0.1111111111111111,0.0015047318302094936,0.8414339700295157,0.8224375514178976,0.9984952681697905,0.8414339700295157,0.8888888888888888,0.8888888888888888,0 2,H00 H10,2,H10,,,,
random,6,10,1,1,2,1,0.1111111111111111,0.1111111111111111,0.1111111111111111,0.0014749232213944197,0.8280714772969449,0.8812393093927572,0.9985250767786056,0.8280714772969449,0.8888888888888888,0.8888888888888888,0 5,H00 H20,5,H20,,,,
random,6,11,1,1,2,1,0.1111111111111111,0.1111111111111111,0.1111111111111111,0.0015798253007233143,0.8434021819325321,0.8156463025269328,0.9984201746992767,0.8434021819325321,0.8888888888888888,0.8888888888888888,0 7,H00 H12,7,H12,,,,
random,6,12,1,1,2,1,0.1111111111111111,0.1111111111111111,0.1111111111111111,0.0017911435570567846,0.8343427604093138,0.8336200956800563,0.9982088564429432,0.8343427604093138,0.8888888888888888,0.8888888888888888,0 4,H00 H11,4,H11,,,,
random,6,13,1,1,2,1,0.1111111111111111,0.1111111111111111,0.1111111111111111,0.0018176211742684245,0.8245031272684635,0.8512730533486946,0.9981823788257316,0.8245031272684635,0.8888888888888888,0.8888888888888888,0 8,H00 H21,8,H21,,,,
random,6,14,1,1,2,1,0.1111111111111111,0.1111111111111111,0.1111111111111111,0.0018523121252655983,0.8031295358904335,0.811740844982704,0.9981476878747344,0.8031295358904335,0.8888888888888888,0.8888888888888888,0 9,H00 H30,9,H30,,,,
random,6,15,1,1,2,1,0.1111111111111111,0.1111111111111111,0.1111111111111111,0.0015047318302094936,0.8414339700295157,0.8224375514178976,0.9984952681697905,0.8414339700295157,0.8888888888888888,0.8888888888888888,0 2,H00 H10,2,H10,,,,
random,6,16,1,1,2,1,0.1111111111111111,0.1111111111111111,0.1111111111111111,0.0015047318302094936,0.8414339700295157,0.8224375514178976,0.9984952681697905,0.8414339700295157,0.8888888888888888,0.8888888888888888,0 2,H00 H10,2,H10,,,,
random,6,17,1,1,2,1,0.1111111111111111,0.1111111111111111,0.1111111111111111,0.001564524951390922,0.8433244675929424,0.8150286098948053,0.9984354750486091,0.8433244675929424,0.8888888888888888,0.8888888888888888,0 3,H00 H02,3,H02,,,,
random,6,18,1,1,2,1,0.1111111111111111,0.1111111111111111,0.1111111111111111,0.0017911435570567846,0.8343427604093138,0.8336200956800563,0.9982088564429432,0.8343427604093138,0.8888888888888888,0.8888888888888888,0 4,H00 H11,4,H11,,,,
random,6,19,1,1,2,1,0.1111111111111111,0.1111111111111111,0.1111111111111111,0.00222460157237947,0.7963938657377096,0.7849879417449102,0.9977753984276205,0.7963938657377096,0.8888888888888888,0.8888888888888888,0 6,H00 H03,6,H03,,,,
random,6,0,3,3,4,3,0.3333333333333333,0.3333333333333333,0.3333333333333333,0.0012690708972513676,0.8745039804494197,0.8482452887453156,0.9987309291027486,0.8745039804494197,0.6666666666666667,0.6666666666666667,0 1 3 7,H00 H01 H02 H12,1 3 7,H01 H02 H12,,,,
random,6,1,3,3,4,3,0.3333333333333333,0.3333333333333333,0.3333333333333333,0.0015744653064757586,0.8596905720122291,0.855240472180516,0.9984255346935242,0.8596905720122291,0.6666666666666667,0.6666666666666667,0 4 6 8,H00 H11 H03 H21,4 6 8,H11 H03 H21,,,,
random,6,2,3,3,4,3,0.3333333333333333,0.3333333333333333,0.3333333333333333,0.0010407125810161233,0.8880859602344588,0.8962059474040367,0.9989592874189839,0.8880859602344588,0.6666666666666667,0.6666666666666667,0 1 2 8,H00 H01 H10 H21,1 2 8,H01 H10 H21,,,,
random,6,3,3,3,4,3,0.3333333333333333,0.3333333333333333,0.3333333333333333,0.0012690708972513676,0.8745039804494197,0.8482452887453156,0.9987309291027486,0.8745039804494197,0.6666666666666667,0.6666666666666667,0 1 3 7,H00 H01 H02 H12,1 3 7,H01 H02 H12,,,,
random,6,4,3,3,4,3,0.3333333333333333,0.3333333333333333,0.3333333333333333,0.0012851523933932185,0.8661310932688707,0.8798443338771711,0.9987148476066068,0.8661310932688707,0.6666666666666667,0.6666666666666667,0 4 6 9,H00 H11 H03 H30,4 6 9,H11 H03 H30,,,,
random,6,5,3,3,4,3,0.3333333333333333,0.3333333333333333,0.3333333333333333,0.0013018158497288823,0.8637524685433731,0.8775020160421587,0.9986981841502711,0.8637524685433731,0.6666666666666667,0.6666666666666667,0 1 4 9,H00 H01 H11 H30,1 4 9,H01 H11 H30,,,,
random,6,6,3,3,4,3,0.3333333333333333,0.3333333333333333,0.3333333333333333,0.0011410193983465433,0.8808925454720731,0.8722962054444047,0.9988589806016535,0.8808925454720731,0.6666666666666667,0.6666666666666667,0 1 2 4,H00 H01 H10 H11,1 2 4,H01 H10 H11,,,,
random,6,7,3,3,4,3,0.3333333333333333,0.3333333333333333,0.3333333333333333,0.0016258172690868378,0.8342018606989478,0.8378788061752753,0.9983741827309132,0.8342018606989478,0.6666666666666667,0.6666666666666667,0 1 6 9,H00 H01 H03 H30,1 6 9,H01 H03 H30,,,,
random,6,8,3,3,4,3,0.3333333333333333,0.3333333333333333,0.3333333333333333,0.0012851523933932185,0.8661310932688707,0.8798443338771711,0.9987148476066068,0.8661310932688707,0.6666666666666667,0.6666666666666667,0 4 6 9,H00 H11 H03 H30,4 6 9,H11 H03 H30,,,,
random,6,9,3,3,4,3,0.3333333333333333,0.3333333333333333,0.3333333333333333,0.0013132360763847828,0.8562605884568445,0.8908868031629941,0.9986867639236152,0.8562605884568445,0.6666666666666667,0.6666666666666667,0 1 8 9,H00 H01 H21 H30,1 8 9,H01 H21 H30,,,,
random,6,10,3,3,4,3,0.3333333333333333,0.3333333333333333,0.3333333333333333,0.0011563324369490147,0.878565571847838,0.8950958789401448,0.998843667563051,0.878565571847838,0.6666666666666667,0.6666666666666667,0 4 8 9,H00 H11 H21 H30,4 8 9,H11 H21 H30,,,,
random,6,11,3,3,4,3,0.3333333333333333,0.3333333333333333,0.3333333333333333,0.0018077462445944548,0.8286668308849993,0.8532215235161343,0.9981922537554055,0.8286668308849993,0.6666666666666667,0.6666666666666667,0 1 6 8,H00 H01 H03 H21,1 6 8,H01 H03 H21,,,,
random,6,12,3,3,4,3,0.3333333333333333,0.3333333333333333,0.3333333333333333,0.0010823628399521112,0.8863888359612007,0.8796552188944008,0.9989176371600479,0.8863888359612007,0.6666666666666667,0.6666666666666667,0 3 4 7,H00 H02 H11 H12,3 4 7,H02 H11 H12,,,,
random,6,13,3,3,4,3,0.3333333333333333,0.3333333333333333,0.3333333333333333,0.001291363500058651,0.8514602515718033,0.9121047225388166,0.9987086364999413,0.8514602515718033,0.6666666666666667,0.6666666666666667,0 5 6 8,H00 H20 H03 H21,5 6 8,H20 H03 H21,,,,
random,6,14,3,3,4,3,0.3333333333333333,0.3333333333333333,0.3333333333333333,0.0010398165322840214,0.8871194485854025,0.8959954840007027,0.998960183467716,0.8871194485854025,0.6666666666666667,0.6666666666666667,0 2 6 8,H00 H10 H03 H21,2 6 8,H10 H03 H21,,,,
random,6,15,3,3,4,3,0.3333333333333333,0.3333333333333333,0.3333333333333333,0.0011161320144310594,0.8839916422803676,0.8716801270506764,0.9988838679855689,0.8839916422803676,0.6666666666666667,0.6666666666666667,0 1 3 4,H00 H01 H02 H11,1 3 4,H01 H02 H11,,,,
random,6,16,3,3,4,3,0.3333333333333333,0.3333333333333333,0.3333333333333333,0.0010823628399521112,0.8863888359612007,0.8796552188944008,0.9989176371600479,0.8863888359612007,0.6666666666666667,0.6666666666666667,0 3 4 7,H00 H02 H11 H12,3 4 7,H02 H11 H12,,,,
random,6,17,3,3,4,3,0.3333333333333333,0.3333333333333333,0.3333333333333333,0.0009017822449095547,0.897068816632493,0.9156223168158077,0.9990982177550904,0.897068816632493,0.6666666666666667,0.6666666666666667,0 5 6 7,H00 H20 H03 H12,5 6 7,H20 H03 H12,,,,
random,6,18,3,3,4,3,0.3333333333333333,0.3333333333333333,0.3333333333333333,0.0011724896030500531,0.8748024411667825,0.8791269546205452,0.99882751039695,0.8748024411667825,0.6666666666666667,0.6666666666666667,0 2 4 9,H00 H10 H11 H30,2 4 9,H10 H11 H30,,,,
random,6,19,3,3,4,3,0.3333333333333333,0.3333333333333333,0.3333333333333333,0.0009368323953822255,0.8960685934096256,0.9113126212060065,0.9990631676046178,0.8960685934096256,0.6666666666666667,0.6666666666666667,0 3 5 9,H00 H02 H20 H30,3 5 9,H02 H20 H30,,,,
random,6,0,5,5,6,5,0.5555555555555556,0.5555555555555556,0.5555555555555556,0.0007526124827563763,0.9136772472389246,0.9324531041592141,0.9992473875172436,0.9136772472389246,0.4444444444444444,0.4444444444444444,0 4 5 6 7 9,H00 H11 H20 H03 H12 H30,4 5 6 7 9,H11 H20 H03 H12 H30,,,,
random,6,1,5,5,6,5,0.5555555555555556,0.5555555555555556,0.5555555555555556,0.0010357218561694026,0.890186583448321,0.8828916183864113,0.9989642781438306,0.890186583448321,0.4444444444444444,0.4444444444444444,0 1 2 3 4 6,H00 H01 H10 H02 H11 H03,1 2 3 4 6,H01 H10 H02 H11 H03,,,,
random,6,2,5,5,6,5,0.5555555555555556,0.5555555555555556,0.5555555555555556,0.000787227472756058,0.9080576133005117,0.93556781672733,0.9992127725272439,0.9080576133005117,0.4444444444444444,0.4444444444444444,0 3 5 6 8 9,H00 H02 H20 H03 H21 H30,3 5 6 8 9,H02 H20 H03 H21 H30,,,,
random,6,3,5,5,6,5,0.5555555555555556,0.5555555555555556,0.5555555555555556,0.0007391228573396802,0.9157152694520428,0.9332056455886271,0.9992608771426603,0.9157152694520428,0.4444444444444444,0.4444444444444444,0 1 3 4 5 7,H00 H01 H02 H11 H20 H12,1 3 4 5 7,H01 H02 H11 H20 H12,,,,
random,6,4,5,5,6,5,0.5555555555555556,0.5555555555555556,0.5555555555555556,0.0010293580126017332,0.8925854952011466,0.8824587218705958,0.9989706419873983,0.8925854952011466,0.4444444444444444,0.4444444444444444,0 2 3 4 6 7,H00 H10 H02 H11 H03 H12,2 3 4 6 7,H10 H02 H11 H03 H12,,,,
random,6,5,5,5,6,5,0.5555555555555556,0.5555555555555556,0.5555555555555556,0.0009016374824568629,0.8970884219006892,0.9157421195623461,0.9990983625175431,0.8970884219006892,0.4444444444444444,0.4444444444444444,0 2 5 6 7 9,H00 H10 H20 H03 H12 H30,2 5 6 7 9,H10 H20 H03 H12 H30,,,,
random,6,6,5,5,6,5,0.5555555555555556,0.5555555555555556,0.5555555555555556,0.0010156959760934114,0.8914577927746047,0.8983486431588715,0.9989843040239066,0.8914577927746047,0.4444444444444444,0.4444444444444444,0 1 2 6 7 8,H00 H01 H10 H03 H12 H21,1 2 6 7 8,H01 H10 H03 H12 H21,,,,
random,6,7,5,5,6,5,0.5555555555555556,0.5555555555555556,0.5555555555555556,0.000939752091653645,0.9025299132366384,0.9020748257084547,0.9990602479083464,0.9025299132366384,0.4444444444444444,0.4444444444444444,0 2 4 7 8 9,H00 H10 H11 H12 H21 H30,2 4 7 8 9,H10 H11 H12 H21 H30,,,,
random,6,8,5,5,6,5,0.5555555555555556,0.5555555555555556,0.5555555555555556,0.0008739562472328544,0.8999041618334127,0.9187423852707232,0.9991260437527671,0.8999041618334127,0.4444444444444444,0.4444444444444444,0 1 2 5 7 9,H00 H01 H10 H20 H12 H30,1 2 5 7 9,H01 H10 H20 H12 H30,,,,
random,6,9,5,5,6,5,0.5555555555555556,0.5555555555555556,0.5555555555555556,0.0010222841519862413,0.8736147049207608,0.9180680144716262,0.9989777158480138,0.8736147049207608,0.4444444444444444,0.4444444444444444,0 1 5 6 8 9,H00 H01 H20 H03 H21 H30,1 5 6 8 9,H01 H20 H03 H21 H30,,,,
random,6,10,5,5,6,5,0.5555555555555556,0.5555555555555556,0.5555555555555556,0.0009016374824568629,0.8970884219006892,0.9157421195623461,0.9990983625175431,0.8970884219006892,0.4444444444444444,0.4444444444444444,0 2 5 6 7 9,H00 H10 H20 H03 H12 H30,2 5 6 7 9,H10 H20 H03 H12 H30,,,,
random,6,11,5,5,6,5,0.5555555555555556,0.5555555555555556,0.5555555555555556,0.0008612776291556656,0.9014603537413226,0.9167627467291063,0.9991387223708443,0.9014603537413226,0.4444444444444444,0.4444444444444444,0 1 2 3 5 6,H00 H01 H10 H02 H20 H03,1 2 3 5 6,H01 H10 H02 H20 H03,,,,
random,6,12,5,5,6,5,0.5555555555555556,0.5555555555555556,0.5555555555555556,0.0009398087859153748,0.901860253121283,0.9012136197745128,0.9990601912140846,0.901860253121283,0.4444444444444444,0.4444444444444444,0 1 2 4 7 8,H00 H01 H10 H11 H12 H21,1 2 4 7 8,H01 H10 H11 H12 H21,,,,
random,6,13,5,5,6,5,0.5555555555555556,0.5555555555555556,0.5555555555555556,0.0008857861976139247,0.8958858775061319,0.9207667527068635,0.9991142138023861,0.8958858775061319,0.4444444444444444,0.4444444444444444,0 2 5 6 8 9,H00 H10 H20 H03 H21 H30,2 5 6 8 9,H10 H20 H03 H21 H30,,,,
random,6,14,5,5,6,5,0.5555555555555556,0.5555555555555556,0.5555555555555556,0.0008256236906163394,0.9043895782865186,0.9241551360679712,0.9991743763093837,0.9043895782865186,0.4444444444444444,0.4444444444444444,0 2 4 5 6 9,H00 H10 H11 H20 H03 H30,2 4 5 6 9,H10 H11 H20 H03 H30,,,,
random,6,15,5,5,6,5,0.5555555555555556,0.5555555555555556,0.5555555555555556,0.0010061794891953468,0.8948716270990944,0.8942432279152153,0.9989938205108047,0.8948716270990944,0.4444444444444444,0.4444444444444444,0 2 3 4 6 9,H00 H10 H02 H11 H03 H30,2 3 4 6 9,H10 H02 H11 H03 H30,,,,
random,6,16,5,5,6,5,0.5555555555555556,0.5555555555555556,0.5555555555555556,0.0008481048862449825,0.9036914415648661,0.9205099558880842,0.999151895113755,0.9036914415648661,0.4444444444444444,0.4444444444444444,0 1 2 3 5 9,H00 H01 H10 H02 H20 H30,1 2 3 5 9,H01 H10 H02 H20 H30,,,,
random,6,17,5,5,6,5,0.5555555555555556,0.5555555555555556,0.5555555555555556,0.0007870146073400974,0.9082501890507663,0.9328456681386916,0.9992129853926599,0.9082501890507663,0.4444444444444444,0.4444444444444444,0 2 4 5 7 9,H00 H10 H11 H20 H12 H30,2 4 5 7 9,H10 H11 H20 H12 H30,,,,
random,6,18,5,5,6,5,0.5555555555555556,0.5555555555555556,0.5555555555555556,0.0008326313691213727,0.903018122036165,0.9285461271466954,0.9991673686308786,0.903018122036165,0.4444444444444444,0.4444444444444444,0 1 2 5 7 8,H00 H01 H10 H20 H12 H21,1 2 5 7 8,H01 H10 H20 H12 H21,,,,
random,6,19,5,5,6,5,0.5555555555555556,0.5555555555555556,0.5555555555555556,0.0009427778422832489,0.8949604358227301,0.9055589539813304,0.9990572221577168,0.8949604358227301,0.4444444444444444,0.4444444444444444,0 1 2 3 7 8,H00 H01 H10 H02 H12 H21,1 2 3 7 8,H01 H10 H02 H12 H21,,,,
random,7,0,1,1,2,1,0.1111111111111111,0.1111111111111111,0.1111111111111111,0.0018655662424862385,0.8332781210728876,0.7753871703738023,0.9981344337575138,0.8332781210728876,0.8888888888888888,0.8888888888888888,0 1,H00 H01,1,H01,,,,
random,7,1,1,1,2,1,0.1111111111111111,0.1111111111111111,0.1111111111111111,0.0020557474344968796,0.8110189343493147,0.7904751219724189,0.9979442525655031,0.8110189343493147,0.8888888888888888,0.8888888888888888,0 6,H00 H03,6,H03,,,,
random,7,2,1,1,2,1,0.1111111111111111,0.1111111111111111,0.1111111111111111,0.0017829220741987228,0.8546384580074987,0.7710453014933107,0.9982170779258013,0.8546384580074987,0.8888888888888888,0.8888888888888888,0 2,H00 H10,2,H10,,,,
random,7,3,1,1,2,1,0.1111111111111111,0.1111111111111111,0.1111111111111111,0.0019134170142933726,0.8361368379428292,0.8061846271778103,0.9980865829857066,0.8361368379428292,0.8888888888888888,0.8888888888888888,0 8,H00 H21,8,H21,,,,
random,7,4,1,1,2,1,0.1111111111111111,0.1111111111111111,0.1111111111111111,0.0019191841129213572,0.8576556376705342,0.7755956807294,0.9980808158870786,0.8576556376705342,0.8888888888888888,0.8888888888888888,0 4,H00 H11,4,H11,,,,
random,7,5,1,1,2,1,0.1111111111111111,0.1111111111111111,0.1111111111111111,0.0020557474344968796,0.8110189343493147,0.7904751219724189,0.9979442525655031,0.8110189343493147,0.8888888888888888,0.8888888888888888,0 6,H00 H03,6,H03,,,,
random,7,6,1,1,2,1,0.1111111111111111,0.1111111111111111,0.1111111111111111,0.00148819200694561,0.8582607531758395,0.8444001478464235,0.9985118079930544,0.8582607531758395,0.8888888888888888,0.8888888888888888,0 3,H00 H02,3,H02,,,,
random,7,7,1,1,2,1,0.1111111111111111,0.1111111111111111,0.1111111111111111,0.00148819200694561,0.8582607531758395,0.8444001478464235,0.9985118079930544,0.8582607531758395,0.8888888888888888,0.8888888888888888,0 3,H00 H02,3,H02,,,,
random,7,8,1,1,2,1,0.1111111111111111,0.1111111111111111,0.1111111111111111,0.0018655662424862385,0.8332781210728876,0.7753871703738023,0.9981344337575138,0.8332781210728876,0.8888888888888888,0.8888888888888888,0 1,H00 H01,1,H01,,,,
random,7,9,1,1,2,1,0.1111111111111111,0.1111111111111111,0.1111111111111111,0.0018655662424862385,0.8332781210728876,0.7753871703738023,0.9981344337575138,0.8332781210728876,0.8888888888888888,0.8888888888888888,0 1,H00 H01,1,H01,,,,
random,7,10,1,1,2,1,0.1111111111111111,0.1111111111111111,0.1111111111111111,0.0015914778923615813,0.8542252299724663,0.8350285229212489,0.9984085221076384,0.8542252299724663,0.8888888888888888,0.8888888888888888,0 5,H00 H20,5,H20,,,,
random,7,11,1,1,2,1,0.1111111111111111,0.1111111111111111,0.1111111111111111,0.0015914778923615813,0.8542252299724663,0.8350285229212489,0.9984085221076384,0.8542252299724663,0.8888888888888888,0.8888888888888888,0 5,H00 H20,5,H20,,,,
random,7,12,1,1,2,1,0.1111111111111111,0.1111111111111111,0.1111111111111111,0.0019134170142933726,0.8361368379428292,0.8061846271778103,0.9980865829857066,0.8361368379428292,0.8888888888888888,0.8888888888888888,0 8,H00 H21,8,H21,,,,
random,7,13,1,1,2,1,0.1111111111111111,0.1111111111111111,0.1111111111111111,0.0019134170142933726,0.8361368379428292,0.8061846271778103,0.9980865829857066,0.8361368379428292,0.8888888888888888,0.8888888888888888,0 8,H00 H21,8,H21,,,,
random,7,14,1,1,2,1,0.1111111111111111,0.1111111111111111,0.1111111111111111,0.0018655662424862385,0.8332781210728876,0.7753871703738023,0.9981344337575138,0.8332781210728876,0.8888888888888888,0.8888888888888888,0 1,H00 H01,1,H01,,,,
random,7,15,1,1,2,1,0.1111111111111111,0.1111111111111111,0.1111111111111111,0.0019134170142933726,0.8361368379428292,0.8061846271778103,0.9980865829857066,0.8361368379428292,0.8888888888888888,0.8888888888888888,0 8,H00 H21,8,H21,,,,
random,7,16,1,1,2,1,0.1111111111111111,0.1111111111111111,0.1111111111111111,0.0015914778923615813,0.8542252299724663,0.8350285229212489,0.9984085221076384,0.8542252299724663,0.8888888888888888,0.8888888888888888,0 5,H00 H20,5,H20,,,,
random,7,17,1,1,2,1,0.1111111111111111,0.1111111111111111,0.1111111111111111,0.0020557474344968796,0.8110189343493147,0.7904751219724189,0.9979442525655031,0.8110189343493147,0.8888888888888888,0.8888888888888888,0 6,H00 H03,6,H03,,,,
random,7,18,1,1,2,1,0.1111111111111111,0.1111111111111111,0.1111111111111111,0.0018655662424862385,0.8332781210728876,0.7753871703738023,0.9981344337575138,0.8332781210728876,0.8888888888888888,0.8888888888888888,0 1,H00 H01,1,H01,,,,
random,7,19,1,1,2,1,0.1111111111111111,0.1111111111111111,0.1111111111111111,0.0017829220741987228,0.8546384580074987,0.7710453014933107,0.9982170779258013,0.8546384580074987,0.8888888888888888,0.8888888888888888,0 2,H00 H10,2,H10,,,,
random,7,0,3,3,4,3,0.3333333333333333,0.3333333333333333,0.3333333333333333,0.001807170920073986,0.8413015716035345,0.8088981885886477,0.998192829079926,0.8413015716035345,0.6666666666666667,0.6666666666666667,0 1 6 8,H00 H01 H03 H21,1 6 8,H01 H03 H21,,,,
random,7,1,3,3,4,3,0.3333333333333333,0.3333333333333333,0.3333333333333333,0.0009175454033538699,0.9153436197767502,0.8755051313894187,0.9990824545966461,0.9153436197767502,0.6666666666666667,0.6666666666666667,0 2 4 5,H00 H10 H11 H20,2 4 5,H10 H11 H20,,,,
random,7,2,3,3,4,3,0.3333333333333333,0.3333333333333333,0.3333333333333333,0.0011072664055973291,0.8980231075929688,0.858840117413948,0.9988927335944027,0.8980231075929688,0.6666666666666667,0.6666666666666667,0 2 5 7,H00 H10 H20 H12,2 5 7,H10 H20 H12,,,,
random,7,3,3,3,4,3,0.3333333333333333,0.3333333333333333,0.3333333333333333,0.0012477514101192355,0.8753888656985453,0.8893918564387203,0.9987522485898808,0.8753888656985453,0.6666666666666667,0.6666666666666667,0 5 6 8,H00 H20 H03 H21,5 6 8,H20 H03 H21,,,,
random,7,4,3,3,4,3,0.3333333333333333,0.3333333333333333,0.3333333333333333,0.0009937963914126158,0.905376817468514,0.8918224224607734,0.9990062036085874,0.905376817468514,0.6666666666666667,0.6666666666666667,0 3 4 7,H00 H02 H11 H12,3 4 7,H02 H11 H12,,,,
random,7,5,3,3,4,3,0.3333333333333333,0.3333333333333333,0.3333333333333333,0.0009115631110034883,0.904111913331163,0.8849590086753971,0.9990884368889965,0.904111913331163,0.6666666666666667,0.6666666666666667,0 1 3 7,H00 H01 H02 H12,1 3 7,H01 H02 H12,,,,
random,7,6,3,3,4,3,0.3333333333333333,0.3333333333333333,0.3333333333333333,0.001044474309310317,0.8896065720231865,0.8783617513019312,0.9989555256906897,0.8896065720231865,0.6666666666666667,0.6666666666666667,0 1 5 9,H00 H01 H20 H30,1 5 9,H01 H20 H30,,,,
random,7,7,3,3,4,3,0.3333333333333333,0.3333333333333333,0.3333333333333333,0.0011283238418400288,0.8918629840446036,0.8505790919315893,0.99887167615816,0.8918629840446036,0.6666666666666667,0.6666666666666667,0 2 5 9,H00 H10 H20 H30,2 5 9,H10 H20 H30,,,,
random,7,8,3,3,4,3,0.3333333333333333,0.3333333333333333,0.3333333333333333,0.0007723355665802956,0.9165752400576572,0.9254446216127296,0.9992276644334197,0.9165752400576572,0.6666666666666667,0.6666666666666667,0 3 5 6,H00 H02 H20 H03,3 5 6,H02 H20 H03,,,,
random,7,9,3,3,4,3,0.3333333333333333,0.3333333333333333,0.3333333333333333,0.0011072664055973291,0.8980231075929688,0.858840117413948,0.9988927335944027,0.8980231075929688,0.6666666666666667,0.6666666666666667,0 2 5 7,H00 H10 H20 H12,2 5 7,H10 H20 H12,,,,
random,7,10,3,3,4,3,0.3333333333333333,0.3333333333333333,0.3333333333333333,0.000634961761534214,0.934013288472552,0.9377710369269621,0.9993650382384658,0.934013288472552,0.6666666666666667,0.6666666666666667,0 3 4 5,H00 H02 H11 H20,3 4 5,H02 H11 H20,,,,
random,7,11,3,3,4,3,0.3333333333333333,0.3333333333333333,0.3333333333333333,0.0008798477938398719,0.9198145403656289,0.8824471273094081,0.9991201522061601,0.9198145403656289,0.6666666666666667,0.6666666666666667,0 4 7 8,H00 H11 H12 H21,4 7 8,H11 H12 H21,,,,
random,7,12,3,3,4,3,0.3333333333333333,0.3333333333333333,0.3333333333333333,0.0010735546238720417,0.8938656702292164,0.8683687810102595,0.998926445376128,0.8938656702292164,0.6666666666666667,0.6666666666666667,0 1 3 8,H00 H01 H02 H21,1 3 8,H01 H02 H21,,,,
random,7,13,3,3,4,3,0.3333333333333333,0.3333333333333333,0.3333333333333333,0.0010204437421634793,0.8852699658613071,0.8870709465444111,0.9989795562578365,0.8852699658613071,0.6666666666666667,0.6666666666666667,0 3 6 9,H00 H02 H03 H30,3 6 9,H02 H03 H30,,,,
random,7,14,3,3,4,3,0.3333333333333333,0.3333333333333333,0.3333333333333333,0.0013810835080221295,0.883128233559598,0.8400539407755444,0.9986189164919779,0.883128233559598,0.6666666666666667,0.6666666666666667,0 4 6 8,H00 H11 H03 H21,4 6 8,H11 H03 H21,,,,
random,7,15,3,3,4,3,0.3333333333333333,0.3333333333333333,0.3333333333333333,0.0014052798505872488,0.88230824410499,0.8302282623235769,0.9985947201494128,0.88230824410499,0.6666666666666667,0.6666666666666667,0 1 4 8,H00 H01 H11 H21,1 4 8,H01 H11 H21,,,,
random,7,16,3,3,4,3,0.3333333333333333,0.3333333333333333,0.3333333333333333,0.0012743666302412748,0.8772000548628842,0.861879927975095,0.9987256333697587,0.8772000548628842,0.6666666666666667,0.6666666666666667,0 2 6 7,H00 H10 H03 H12,2 6 7,H10 H03 H12,,,,
random,7,17,3,3,4,3,0.3333333333333333,0.3333333333333333,0.3333333333333333,0.00109452148899436,0.8969348640193305,0.8633186627135975,0.9989054785110056,0.8969348640193305,0.6666666666666667,0.6666666666666667,0 5 7 9,H00 H20 H12 H30,5 7 9,H20 H12 H30,,,,
random,7,18,3,3,4,3,0.3333333333333333,0.3333333333333333,0.3333333333333333,0.001065822783857584,0.893172104726684,0.8734183252187872,0.9989341772161424,0.893172104726684,0.6666666666666667,0.6666666666666667,0 3 6 8,H00 H02 H03 H21,3 6 8,H02 H03 H21,,,,
random,7,19,3,3,4,3,0.3333333333333333,0.3333333333333333,0.3333333333333333,0.0009251432493329048,0.9081470581960912,0.9057381027169911,0.9990748567506671,0.9081470581960912,0.6666666666666667,0.6666666666666667,0 3 4 9,H00 H02 H11 H30,3 4 9,H02 H11 H30,,,,
random,7,0,5,5,6,5,0.5555555555555556,0.5555555555555556,0.5555555555555556,0.0006870599463582039,0.9277866673251607,0.9121582021040301,0.9993129400536418,0.9277866673251607,0.4444444444444444,0.4444444444444444,0 2 3 4 7 8,H00 H10 H02 H11 H12 H21,2 3 4 7 8,H10 H02 H11 H12 H21,,,,
random,7,1,5,5,6,5,0.5555555555555556,0.5555555555555556,0.5555555555555556,0.0008268578094430268,0.9126863297646451,0.9131841363461143,0.999173142190557,0.9126863297646451,0.4444444444444444,0.4444444444444444,0 3 6 7 8 9,H00 H02 H03 H12 H21 H30,3 6 7 8 9,H02 H03 H12 H21 H30,,,,
random,7,2,5,5,6,5,0.5555555555555556,0.5555555555555556,0.5555555555555556,0.0008831513114273548,0.9101670650647915,0.8949550688843456,0.9991168486885726,0.9101670650647915,0.4444444444444444,0.4444444444444444,0 1 2 5 6 9,H00 H01 H10 H20 H03 H30,1 2 5 6 9,H01 H10 H20 H03 H30,,,,
random,7,3,5,5,6,5,0.5555555555555556,0.5555555555555556,0.5555555555555556,0.000669320987071842,0.9255163766151376,0.9301446761695376,0.9993306790129282,0.9255163766151376,0.4444444444444444,0.4444444444444444,0 2 3 5 6 8,H00 H10 H02 H20 H03 H21,2 3 5 6 8,H10 H02 H20 H03 H21,,,,
random,7,4,5,5,6,5,0.5555555555555556,0.5555555555555556,0.5555555555555556,0.000765086617320776,0.9234183798605016,0.9066185792470121,0.9992349133826792,0.9234183798605016,0.4444444444444444,0.4444444444444444,0 2 4 5 6 8,H00 H10 H11 H20 H03 H21,2 4 5 6 8,H10 H11 H20 H03 H21,,,,
random,7,5,5,5,6,5,0.5555555555555556,0.5555555555555556,0.5555555555555556,0.0009000460267998278,0.9126460775755142,0.8974495185036372,0.9990999539732002,0.9126460775755142,0.4444444444444444,0.4444444444444444,0 2 5 7 8 9,H00 H10 H20 H12 H21 H30,2 5 7 8 9,H10 H20 H12 H21 H30,,,,
random,7,6,5,5,6,5,0.5555555555555556,0.5555555555555556,0.5555555555555556,0.0010666247690096498,0.9011445979313791,0.8701973732396925,0.9989333752309904,0.9011445979313791,0.4444444444444444,0.4444444444444444,0 2 4 6 7 9,H00 H10 H11 H03 H12 H30,2 4 6 7 9,H10 H11 H03 H12 H30,,,,
random,7,7,5,5,6,5,0.5555555555555556,0.5555555555555556,0.5555555555555556,0.0006798927206546068,0.9312690126983167,0.9194739124924848,0.9993201072793454,0.9312690126983167,0.4444444444444444,0.4444444444444444,0 4 5 6 7 9,H00 H11 H20 H03 H12 H30,4 5 6 7 9,H11 H20 H03 H12 H30,,,,
random,7,8,5,5,6,5,0.5555555555555556,0.5555555555555556,0.5555555555555556,0.0008164466125890613,0.9139335311586027,0.9028267426700212,0.9991835533874109,0.9139335311586027,0.4444444444444444,0.4444444444444444,0 1 2 3 6 8,H00 H01 H10 H02 H03 H21,1 2 3 6 8,H01 H10 H02 H03 H21,,,,
random,7,9,5,5,6,5,0.5555555555555556,0.5555555555555556,0.5555555555555556,0.000669320987071842,0.9255163766151376,0.9301446761695376,0.9993306790129282,0.9255163766151376,0.4444444444444444,0.4444444444444444,0 2 3 5 6 8,H00 H10 H02 H20 H03 H21,2 3 5 6 8,H10 H02 H20 H03 H21,,,,
random,7,10,5,5,6,5,0.5555555555555556,0.5555555555555556,0.5555555555555556,0.0009742241236381233,0.9113849950898948,0.8636146874224517,0.9990257758763619,0.9113849950898948,0.4444444444444444,0.4444444444444444,0 1 2 4 7 9,H00 H01 H10 H11 H12 H30,1 2 4 7 9,H01 H10 H11 H12 H30,,,,
random,7,11,5,5,6,5,0.5555555555555556,0.5555555555555556,0.5555555555555556,0.0008124535088427365,0.9181285304450358,0.9109968143529038,0.9991875464911573,0.9181285304450358,0.4444444444444444,0.4444444444444444,0 1 2 5 6 7,H00 H01 H10 H20 H03 H12,1 2 5 6 7,H01 H10 H20 H03 H12,,,,
random,7,12,5,5,6,5,0.5555555555555556,0.5555555555555556,0.5555555555555556,0.0008227621437981725,0.9237177270529936,0.8928131751564938,0.9991772378562018,0.9237177270529936,0.4444444444444444,0.4444444444444444,0 2 4 5 7 9,H00 H10 H11 H20 H12 H30,2 4 5 7 9,H10 H11 H20 H12 H30,,,,
random,7,13,5,5,6,5,0.5555555555555556,0.5555555555555556,0.5555555555555556,0.0009511148673482239,0.9131180053675385,0.872968728946061,0.9990488851326518,0.9131180053675385,0.4444444444444444,0.4444444444444444,0 2 4 6 8 9,H00 H10 H11 H03 H21 H30,2 4 6 8 9,H10 H11 H03 H21 H30,,,,
random,7,14,5,5,6,5,0.5555555555555556,0.5555555555555556,0.5555555555555556,0.0006048204959370196,0.9360300224456011,0.9372149521047984,0.999395179504063,0.9360300224456011,0.4444444444444444,0.4444444444444444,0 1 3 4 5 8,H00 H01 H02 H11 H20 H21,1 3 4 5 8,H01 H02 H11 H20 H21,,,,
random,7,15,5,5,6,5,0.5555555555555556,0.5555555555555556,0.5555555555555556,0.000654900330118835,0.9244129317375199,0.9327312466960015,0.9993450996698812,0.9244129317375199,0.4444444444444444,0.4444444444444444,0 1 3 5 6 9,H00 H01 H02 H20 H03 H30,1 3 5 6 9,H01 H02 H20 H03 H30,,,,
random,7,16,5,5,6,5,0.5555555555555556,0.5555555555555556,0.5555555555555556,0.000654900330118835,0.9244129317375199,0.9327312466960015,0.9993450996698812,0.9244129317375199,0.4444444444444444,0.4444444444444444,0 1 3 5 6 9,H00 H01 H02 H20 H03 H30,1 3 5 6 9,H01 H02 H20 H03 H30,,,,
random,7,17,5,5,6,5,0.5555555555555556,0.5555555555555556,0.5555555555555556,0.0006549115641973913,0.9243466923108565,0.932982408608037,0.9993450884358026,0.9243466923108565,0.4444444444444444,0.4444444444444444,0 2 3 5 6 9,H00 H10 H02 H20 H03 H30,2 3 5 6 9,H10 H02 H20 H03 H30,,,,
random,7,18,5,5,6,5,0.5555555555555556,0.5555555555555556,0.5555555555555556,0.0005635398556478322,0.9391158709167442,0.9363870068087878,0.9994364601443522,0.9391158709167442,0.4444444444444444,0.4444444444444444,0 1 3 4 5 7,H00 H01 H02 H11 H20 H12,1 3 4 5 7,H01 H02 H11 H20 H12,,,,
random,7,19,5,5,6,5,0.5555555555555556,0.5555555555555556,0.5555555555555556,0.0008402150706388056,0.9130556168650387,0.9117968442427796,0.9991597849293612,0.9130556168650387,0.4444444444444444,0.4444444444444444,0 2 5 6 7 9,H00 H10 H20 H03 H12 H30,2 5 6 7 9,H10 H20 H03 H12 H30,,,,
random,8,0,1,1,2,1,0.1111111111111111,0.1111111111111111,0.1111111111111111,0.004113696049898863,0.8231794143900691,0.7495952157870305,0.9958863039501011,0.8231794143900691,0.8888888888888888,0.8888888888888888,0 4,H00 H11,4,H11,,,,
random,8,1,1,1,2,1,0.1111111111111111,0.1111111111111111,0.1111111111111111,0.004164720885455608,0.804424555783753,0.7474022205889232,0.9958352791145444,0.804424555783753,0.8888888888888888,0.8888888888888888,0 2,H00 H10,2,H10,,,,
random,8,2,1,1,2,1,0.1111111111111111,0.1111111111111111,0.1111111111111111,0.00393332913517952,0.8170603114954339,0.7862780860731253,0.9960666708648205,0.8170603114954339,0.8888888888888888,0.8888888888888888,0 7,H00 H12,7,H12,,,,
random,8,3,1,1,2,1,0.1111111111111111,0.1111111111111111,0.1111111111111111,0.004164720885455608,0.804424555783753,0.7474022205889232,0.9958352791145444,0.804424555783753,0.8888888888888888,0.8888888888888888,0 2,H00 H10,2,H10,,,,
random,8,4,1,1,2,1,0.1111111111111111,0.1111111111111111,0.1111111111111111,0.004140140488743782,0.8033321848571467,0.7394052450109246,0.9958598595112562,0.8033321848571467,0.8888888888888888,0.8888888888888888,0 1,H00 H01,1,H01,,,,
random,8,5,1,1,2,1,0.1111111111111111,0.1111111111111111,0.1111111111111111,0.004140140488743782,0.8033321848571467,0.7394052450109246,0.9958598595112562,0.8033321848571467,0.8888888888888888,0.8888888888888888,0 1,H00 H01,1,H01,,,,
random,8,6,1,1,2,1,0.1111111111111111,0.1111111111111111,0.1111111111111111,0.004931202158331871,0.7627768044855249,0.7320993787918983,0.9950687978416681,0.7627768044855249,0.8888888888888888,0.8888888888888888,0 6,H00 H03,6,H03,,,,
random,8,7,1,1,2,1,0.1111111111111111,0.1111111111111111,0.1111111111111111,0.00393332913517952,0.8170603114954339,0.7862780860731253,0.9960666708648205,0.8170603114954339,0.8888888888888888,0.8888888888888888,0 7,H00 H12,7,H12,,,,
random,8,8,1,1,2,1,0.1111111111111111,0.1111111111111111,0.1111111111111111,0.004164720885455608,0.804424555783753,0.7474022205889232,0.9958352791145444,0.804424555783753,0.8888888888888888,0.8888888888888888,0 2,H00 H10,2,H10,,,,
random,8,9,1,1,2,1,0.1111111111111111,0.1111111111111111,0.1111111111111111,0.0050783357582986355,0.739741929811112,0.7293482335526285,0.9949216642417014,0.739741929811112,0.8888888888888888,0.8888888888888888,0 9,H00 H30,9,H30,,,,
random,8,10,1,1,2,1,0.1111111111111111,0.1111111111111111,0.1111111111111111,0.003933854401111603,0.808315304449389,0.784610840218465,0.9960661455988884,0.808315304449389,0.8888888888888888,0.8888888888888888,0 8,H00 H21,8,H21,,,,
random,8,11,1,1,2,1,0.1111111111111111,0.1111111111111111,0.1111111111111111,0.004164720885455608,0.804424555783753,0.7474022205889232,0.9958352791145444,0.804424555783753,0.8888888888888888,0.8888888888888888,0 2,H00 H10,2,H10,,,,
random,8,12,1,1,2,1,0.1111111111111111,0.1111111111111111,0.1111111111111111,0.004164720885455608,0.804424555783753,0.7474022205889232,0.9958352791145444,0.804424555783753,0.8888888888888888,0.8888888888888888,0 2,H00 H10,2,H10,,,,
random,8,13,1,1,2,1,0.1111111111111111,0.1111111111111111,0.1111111111111111,0.00393332913517952,0.8170603114954339,0.7862780860731253,0.9960666708648205,0.8170603114954339,0.8888888888888888,0.8888888888888888,0 7,H00 H12,7,H12,,,,
random,8,14,1,1,2,1,0.1111111111111111,0.1111111111111111,0.1111111111111111,0.004931202158331871,0.7627768044855249,0.7320993787918983,0.9950687978416681,0.7627768044855249,0.8888888888888888,0.8888888888888888,0 6,H00 H03,6,H03,,,,
random,8,15,1,1,2,1,0.1111111111111111,0.1111111111111111,0.1111111111111111,0.00393332913517952,0.8170603114954339,0.7862780860731253,0.9960666708648205,0.8170603114954339,0.8888888888888888,0.8888888888888888,0 7,H00 H12,7,H12,,,,
random,8,16,1,1,2,1,0.1111111111111111,0.1111111111111111,0.1111111111111111,0.00393332913517952,0.8170603114954339,0.7862780860731253,0.9960666708648205,0.8170603114954339,0.8888888888888888,0.8888888888888888,0 7,H00 H12,7,H12,,,,
random,8,17,1,1,2,1,0.1111111111111111,0.1111111111111111,0.1111111111111111,0.004164720885455608,0.804424555783753,0.7474022205889232,0.9958352791145444,0.804424555783753,0.8888888888888888,0.8888888888888888,0 2,H00 H10,2,H10,,,,
random,8,18,1,1,2,1,0.1111111111111111,0.1111111111111111,0.1111111111111111,0.003933854401111603,0.808315304449389,0.784610840218465,0.9960661455988884,0.808315304449389,0.8888888888888888,0.8888888888888888,0 8,H00 H21,8,H21,,,,
random,8,19,1,1,2,1,0.1111111111111111,0.1111111111111111,0.1111111111111111,0.003016088390722871,0.81944920127496,0.8173566240258863,0.9969839116092771,0.81944920127496,0.8888888888888888,0.8888888888888888,0 5,H00 H20,5,H20,,,,
random,8,0,3,3,4,3,0.3333333333333333,0.3333333333333333,0.3333333333333333,0.002472522435709834,0.8599782322713935,0.8323035546118319,0.9975274775642902,0.8599782322713935,0.6666666666666667,0.6666666666666667,0 2 5 9,H00 H10 H20 H30,2 5 9,H10 H20 H30,,,,
random,8,1,3,3,4,3,0.3333333333333333,0.3333333333333333,0.3333333333333333,0.002365478780120611,0.8898793883736862,0.8754915384968877,0.9976345212198794,0.8898793883736862,0.6666666666666667,0.6666666666666667,0 2 7 8,H00 H10 H12 H21,2 7 8,H10 H12 H21,,,,
random,8,2,3,3,4,3,0.3333333333333333,0.3333333333333333,0.3333333333333333,0.002371783135458827,0.8884578394957161,0.8784283043588885,0.9976282168645412,0.8884578394957161,0.6666666666666667,0.6666666666666667,0 6 7 8,H00 H03 H12 H21,6 7 8,H03 H12 H21,,,,
random,8,3,3,3,4,3,0.3333333333333333,0.3333333333333333,0.3333333333333333,0.0023644547909498215,0.8628036146020067,0.8589701581244314,0.9976355452090502,0.8628036146020067,0.6666666666666667,0.6666666666666667,0 3 6 9,H00 H02 H03 H30,3 6 9,H02 H03 H30,,,,
random,8,4,3,3,4,3,0.3333333333333333,0.3333333333333333,0.3333333333333333,0.0017480032984167337,0.9071216816248706,0.889508791566985,0.9982519967015833,0.9071216816248706,0.6666666666666667,0.6666666666666667,0 4 5 7,H00 H11 H20 H12,4 5 7,H11 H20 H12,,,,
random,8,5,3,3,4,3,0.3333333333333333,0.3333333333333333,0.3333333333333333,0.0015697551425546408,0.9087668095984441,0.9081748534114322,0.9984302448574454,0.9087668095984441,0.6666666666666667,0.6666666666666667,0 2 3 5,H00 H10 H02 H20,2 3 5,H10 H02 H20,,,,
random,8,6,3,3,4,3,0.3333333333333333,0.3333333333333333,0.3333333333333333,0.0021130219101905823,0.8832234258893058,0.8608316301751796,0.9978869780898094,0.8832234258893058,0.6666666666666667,0.6666666666666667,0 1 3 7,H00 H01 H02 H12,1 3 7,H01 H02 H12,,,,
random,8,7,3,3,4,3,0.3333333333333333,0.3333333333333333,0.3333333333333333,0.002371783135458827,0.8884578394957161,0.8784283043588885,0.9976282168645412,0.8884578394957161,0.6666666666666667,0.6666666666666667,0 6 7 8,H00 H03 H12 H21,6 7 8,H03 H12 H21,,,,
random,8,8,3,3,4,3,0.3333333333333333,0.3333333333333333,0.3333333333333333,0.002614217810332775,0.8766926770828284,0.8403649589710751,0.9973857821896672,0.8766926770828284,0.6666666666666667,0.6666666666666667,0 1 7 9,H00 H01 H12 H30,1 7 9,H01 H12 H30,,,,
random,8,9,3,3,4,3,0.3333333333333333,0.3333333333333333,0.3333333333333333,0.0017710210522636771,0.9010651382162511,0.9032092683551801,0.9982289789477363,0.9010651382162511,0.6666666666666667,0.6666666666666667,0 5 7 8,H00 H20 H12 H21,5 7 8,H20 H12 H21,,,,
random,8,10,3,3,4,3,0.3333333333333333,0.3333333333333333,0.3333333333333333,0.0012282440438866615,0.928728565697721,0.9347217134540052,0.9987717559561133,0.928728565697721,0.6666666666666667,0.6666666666666667,0 3 4 5,H00 H02 H11 H20,3 4 5,H02 H11 H20,,,,
random,8,11,3,3,4,3,0.3333333333333333,0.3333333333333333,0.3333333333333333,0.0025254504289478064,0.8580449720917714,0.8663253724341229,0.9974745495710522,0.8580449720917714,0.6666666666666667,0.6666666666666667,0 3 7 9,H00 H02 H12 H30,3 7 9,H02 H12 H30,,,,
random,8,12,3,3,4,3,0.3333333333333333,0.3333333333333333,0.3333333333333333,0.0017480032984167337,0.9071216816248706,0.889508791566985,0.9982519967015833,0.9071216816248706,0.6666666666666667,0.6666666666666667,0 4 5 7,H00 H11 H20 H12,4 5 7,H11 H20 H12,,,,
random,8,13,3,3,4,3,0.3333333333333333,0.3333333333333333,0.3333333333333333,0.002307857619598508,0.8686048720080702,0.8592417146926336,0.9976921423804015,0.8686048720080702,0.6666666666666667,0.6666666666666667,0 2 3 6,H00 H10 H02 H03,2 3 6,H10 H02 H03,,,,
random,8,14,3,3,4,3,0.3333333333333333,0.3333333333333333,0.3333333333333333,0.0015312127070501447,0.9105220886033724,0.9139840369233825,0.9984687872929499,0.9105220886033724,0.6666666666666667,0.6666666666666667,0 3 5 8,H00 H02 H20 H21,3 5 8,H02 H20 H21,,,,
random,8,15,3,3,4,3,0.3333333333333333,0.3333333333333333,0.3333333333333333,0.0033135779667645693,0.8314341745695363,0.8225950435231169,0.9966864220332354,0.8314341745695363,0.6666666666666667,0.6666666666666667,0 1 8 9,H00 H01 H21 H30,1 8 9,H01 H21 H30,,,,
random,8,16,3,3,4,3,0.3333333333333333,0.3333333333333333,0.3333333333333333,0.002620919607579708,0.8789406178450471,0.8471737274041705,0.9973790803924203,0.8789406178450471,0.6666666666666667,0.6666666666666667,0 2 6 8,H00 H10 H03 H21,2 6 8,H10 H03 H21,,,,
random,8,17,3,3,4,3,0.3333333333333333,0.3333333333333333,0.3333333333333333,0.0032831872813403606,0.8566561369679416,0.7970432817459385,0.9967168127186596,0.8566561369679416,0.6666666666666667,0.6666666666666667,0 2 4 9,H00 H10 H11 H30,2 4 9,H10 H11 H30,,,,
random,8,18,3,3,4,3,0.3333333333333333,0.3333333333333333,0.3333333333333333,0.0030592558905482292,0.8580084899540765,0.8181483299933914,0.9969407441094518,0.8580084899540765,0.6666666666666667,0.6666666666666667,0 1 4 9,H00 H01 H11 H30,1 4 9,H01 H11 H30,,,,
random,8,19,3,3,4,3,0.3333333333333333,0.3333333333333333,0.3333333333333333,0.0025254504289478064,0.8580449720917714,0.8663253724341229,0.9974745495710522,0.8580449720917714,0.6666666666666667,0.6666666666666667,0 3 7 9,H00 H02 H12 H30,3 7 9,H02 H12 H30,,,,
random,8,0,5,5,6,5,0.5555555555555556,0.5555555555555556,0.5555555555555556,0.0012973698321729898,0.9236916138144934,0.9225664583649242,0.998702630167827,0.9236916138144934,0.4444444444444444,0.4444444444444444,0 1 3 5 7 9,H00 H01 H02 H20 H12 H30,1 3 5 7 9,H01 H02 H20 H12 H30,,,,
random,8,1,5,5,6,5,0.5555555555555556,0.5555555555555556,0.5555555555555556,0.0017590841744095087,0.9045546998875603,0.8908476105206896,0.9982409158255905,0.9045546998875603,0.4444444444444444,0.4444444444444444,0 1 2 3 6 8,H00 H01 H10 H02 H03 H21,1 2 3 6 8,H01 H10 H02 H03 H21,,,,
random,8,2,5,5,6,5,0.5555555555555556,0.5555555555555556,0.5555555555555556,0.0019261820707470179,0.8957746821266293,0.8850765534413907,0.998073817929253,0.8957746821266293,0.4444444444444444,0.4444444444444444,0 1 2 5 6 8,H00 H01 H10 H20 H03 H21,1 2 5 6 8,H01 H10 H20 H03 H21,,,,
random,8,3,5,5,6,5,0.5555555555555556,0.5555555555555556,0.5555555555555556,0.0012957172002643347,0.9236190132309509,0.9262543391588571,0.9987042827997357,0.9236190132309509,0.4444444444444444,0.4444444444444444,0 1 3 5 6 7,H00 H01 H02 H20 H03 H12,1 3 5 6 7,H01 H02 H20 H03 H12,,,,
random,8,4,5,5,6,5,0.5555555555555556,0.5555555555555556,0.5555555555555556,0.0010316373081877828,0.9394291352112993,0.9402412346679474,0.9989683626918122,0.9394291352112993,0.4444444444444444,0.4444444444444444,0 3 4 5 8 9,H00 H02 H11 H20 H21 H30,3 4 5 8 9,H02 H11 H20 H21 H30,,,,
random,8,5,5,5,6,5,0.5555555555555556,0.5555555555555556,0.5555555555555556,0.001294502755627036,0.9212184110911082,0.923643385900097,0.998705497244373,0.9212184110911082,0.4444444444444444,0.4444444444444444,0 1 3 5 8 9,H00 H01 H02 H20 H21 H30,1 3 5 8 9,H01 H02 H20 H21 H30,,,,
random,8,6,5,5,6,5,0.5555555555555556,0.5555555555555556,0.5555555555555556,0.0019495883025228977,0.8954777646893979,0.879381746700885,0.9980504116974771,0.8954777646893979,0.4444444444444444,0.4444444444444444,0 1 2 5 8 9,H00 H01 H10 H20 H21 H30,1 2 5 8 9,H01 H10 H20 H21 H30,,,,
random,8,7,5,5,6,5,0.5555555555555556,0.5555555555555556,0.5555555555555556,0.0011729469988495111,0.9314765016350112,0.9361439776171436,0.9988270530011505,0.9314765016350112,0.4444444444444444,0.4444444444444444,0 2 3 4 5 7,H00 H10 H02 H11 H20 H12,2 3 4 5 7,H10 H02 H11 H20 H12,,,,
random,8,8,5,5,6,5,0.5555555555555556,0.5555555555555556,0.5555555555555556,0.002146791433915496,0.9055812946043457,0.8730228106626294,0.9978532085660845,0.9055812946043457,0.4444444444444444,0.4444444444444444,0 4 6 7 8 9,H00 H11 H03 H12 H21 H30,4 6 7 8 9,H11 H03 H12 H21 H30,,,,
random,8,9,5,5,6,5,0.5555555555555556,0.5555555555555556,0.5555555555555556,0.0021500536240637302,0.904672786168196,0.8703241344562712,0.9978499463759363,0.904672786168196,0.4444444444444444,0.4444444444444444,0 2 4 7 8 9,H00 H10 H11 H12 H21 H30,2 4 7 8 9,H10 H11 H12 H21 H30,,,,
random,8,10,5,5,6,5,0.5555555555555556,0.5555555555555556,0.5555555555555556,0.002375716343522072,0.8949172118685333,0.8512002896041263,0.9976242836564779,0.8949172118685333,0.4444444444444444,0.4444444444444444,0 2 4 6 8 9,H00 H10 H11 H03 H21 H30,2 4 6 8 9,H10 H11 H03 H21 H30,,,,
random,8,11,5,5,6,5,0.5555555555555556,0.5555555555555556,0.5555555555555556,0.0014602658338844776,0.9236446214877467,0.9181271069614066,0.9985397341661155,0.9236446214877467,0.4444444444444444,0.4444444444444444,0 4 5 6 7 8,H00 H11 H20 H03 H12 H21,4 5 6 7 8,H11 H20 H03 H12 H21,,,,
random,8,12,5,5,6,5,0.5555555555555556,0.5555555555555556,0.5555555555555556,0.0017724455101415515,0.9032329091011556,0.8881140487314969,0.9982275544898584,0.9032329091011556,0.4444444444444444,0.4444444444444444,0 2 4 5 8 9,H00 H10 H11 H20 H21 H30,2 4 5 8 9,H10 H11 H20 H21 H30,,,,
random,8,13,5,5,6,5,0.5555555555555556,0.5555555555555556,0.5555555555555556,0.001082775415852666,0.9350095047359659,0.9395818010465297,0.9989172245841473,0.9350095047359659,0.4444444444444444,0.4444444444444444,0 2 3 4 5 9,H00 H10 H02 H11 H20 H30,2 3 4 5 9,H10 H02 H11 H20 H30,,,,
random,8,14,5,5,6,5,0.5555555555555556,0.5555555555555556,0.5555555555555556,0.0021456878166645765,0.9070431185835324,0.8722989418924737,0.9978543121833354,0.9070431185835324,0.4444444444444444,0.4444444444444444,0 1 2 4 7 8,H00 H01 H10 H11 H12 H21,1 2 4 7 8,H01 H10 H11 H12 H21,,,,
random,8,15,5,5,6,5,0.5555555555555556,0.5555555555555556,0.5555555555555556,0.002268856391310692,0.8710646185576562,0.8679082627482753,0.9977311436086893,0.8710646185576562,0.4444444444444444,0.4444444444444444,0 2 3 6 7 9,H00 H10 H02 H03 H12 H30,2 3 6 7 9,H10 H02 H03 H12 H30,,,,
random,8,16,5,5,6,5,0.5555555555555556,0.5555555555555556,0.5555555555555556,0.0017232428072020411,0.9061614956427698,0.8981894513862136,0.998276757192798,0.9061614956427698,0.4444444444444444,0.4444444444444444,0 1 2 3 8 9,H00 H01 H10 H02 H21 H30,1 2 3 8 9,H01 H10 H02 H21 H30,,,,
random,8,17,5,5,6,5,0.5555555555555556,0.5555555555555556,0.5555555555555556,0.0016939339693635702,0.9079228105747742,0.9006338571728537,0.9983060660306364,0.9079228105747742,0.4444444444444444,0.4444444444444444,0 2 4 5 6 8,H00 H10 H11 H20 H03 H21,2 4 5 6 8,H10 H11 H20 H03 H21,,,,
random,8,18,5,5,6,5,0.5555555555555556,0.5555555555555556,0.5555555555555556,0.0018190344562754035,0.8992837071595946,0.8942535147380575,0.9981809655437246,0.8992837071595946,0.4444444444444444,0.4444444444444444,0 1 3 6 7 8,H00 H01 H02 H03 H12 H21,1 3 6 7 8,H01 H02 H03 H12 H21,,,,
random,8,19,5,5,6,5,0.5555555555555556,0.5555555555555556,0.5555555555555556,0.0012816238449886441,0.9239347160535817,0.9252929201525771,0.9987183761550114,0.9239347160535817,0.4444444444444444,0.4444444444444444,0 2 3 5 8 9,H00 H10 H02 H20 H21 H30,2 3 5 8 9,H10 H02 H20 H21 H30,,,,
random,9,0,1,1,2,1,0.1111111111111111,0.1111111111111111,0.1111111111111111,0.0009075599955394864,0.9139158351526249,0.8750849008543304,0.9990924400044605,0.9139158351526249,0.8888888888888888,0.8888888888888888,0 3,H00 H02,3,H02,,,,
random,9,1,1,1,2,1,0.1111111111111111,0.1111111111111111,0.1111111111111111,0.0010407974477857351,0.9079279539028048,0.9044450745756268,0.9989592025522143,0.9079279539028048,0.8888888888888888,0.8888888888888888,0 5,H00 H20,5,H20,,,,
random,9,2,1,1,2,1,0.1111111111111111,0.1111111111111111,0.1111111111111111,0.0012225499376654625,0.8973037685875589,0.8344807960083354,0.9987774500623345,0.8973037685875589,0.8888888888888888,0.8888888888888888,0 9,H00 H30,9,H30,,,,
random,9,3,1,1,2,1,0.1111111111111111,0.1111111111111111,0.1111111111111111,0.0010407974477857351,0.9079279539028048,0.9044450745756268,0.9989592025522143,0.9079279539028048,0.8888888888888888,0.8888888888888888,0 5,H00 H20,5,H20,,,,
random,9,4,1,1,2,1,0.1111111111111111,0.1111111111111111,0.1111111111111111,0.0012225499376654625,0.8973037685875589,0.8344807960083354,0.9987774500623345,0.8973037685875589,0.8888888888888888,0.8888888888888888,0 9,H00 H30,9,H30,,,,
random,9,5,1,1,2,1,0.1111111111111111,0.1111111111111111,0.1111111111111111,0.0012225499376654625,0.8973037685875589,0.8344807960083354,0.9987774500623345,0.8973037685875589,0.8888888888888888,0.8888888888888888,0 9,H00 H30,9,H30,,,,
random,9,6,1,1,2,1,0.1111111111111111,0.1111111111111111,0.1111111111111111,0.000836009276099503,0.9240033669124815,0.873383759523798,0.9991639907239005,0.9240033669124815,0.8888888888888888,0.8888888888888888,0 2,H00 H10,2,H10,,,,
random,9,7,1,1,2,1,0.1111111111111111,0.1111111111111111,0.1111111111111111,0.0012225499376654625,0.8973037685875589,0.8344807960083354,0.9987774500623345,0.8973037685875589,0.8888888888888888,0.8888888888888888,0 9,H00 H30,9,H30,,,,
random,9,8,1,1,2,1,0.1111111111111111,0.1111111111111111,0.1111111111111111,0.0010407974477857351,0.9079279539028048,0.9044450745756268,0.9989592025522143,0.9079279539028048,0.8888888888888888,0.8888888888888888,0 5,H00 H20,5,H20,,,,
random,9,9,1,1,2,1,0.1111111111111111,0.1111111111111111,0.1111111111111111,0.000836009276099503,0.9240033669124815,0.873383759523798,0.9991639907239005,0.9240033669124815,0.8888888888888888,0.8888888888888888,0 2,H00 H10,2,H10,,,,
random,9,10,1,1,2,1,0.1111111111111111,0.1111111111111111,0.1111111111111111,0.0012225499376654625,0.8973037685875589,0.8344807960083354,0.9987774500623345,0.8973037685875589,0.8888888888888888,0.8888888888888888,0 9,H00 H30,9,H30,,,,
random,9,11,1,1,2,1,0.1111111111111111,0.1111111111111111,0.1111111111111111,0.000836009276099503,0.9240033669124815,0.873383759523798,0.9991639907239005,0.9240033669124815,0.8888888888888888,0.8888888888888888,0 2,H00 H10,2,H10,,,,
random,9,12,1,1,2,1,0.1111111111111111,0.1111111111111111,0.1111111111111111,0.0013440039474517107,0.9021601968807004,0.8409563143287565,0.9986559960525483,0.9021601968807004,0.8888888888888888,0.8888888888888888,0 6,H00 H03,6,H03,,,,
random,9,13,1,1,2,1,0.1111111111111111,0.1111111111111111,0.1111111111111111,0.0012337591033428907,0.8995879518087426,0.8927707047481539,0.9987662408966571,0.8995879518087426,0.8888888888888888,0.8888888888888888,0 8,H00 H21,8,H21,,,,
random,9,14,1,1,2,1,0.1111111111111111,0.1111111111111111,0.1111111111111111,0.001064859563484788,0.9211689055887329,0.8749879835525162,0.9989351404365152,0.9211689055887329,0.8888888888888888,0.8888888888888888,0 4,H00 H11,4,H11,,,,
random,9,15,1,1,2,1,0.1111111111111111,0.1111111111111111,0.1111111111111111,0.0012225499376654625,0.8973037685875589,0.8344807960083354,0.9987774500623345,0.8973037685875589,0.8888888888888888,0.8888888888888888,0 9,H00 H30,9,H30,,,,
random,9,16,1,1,2,1,0.1111111111111111,0.1111111111111111,0.1111111111111111,0.0012225499376654625,0.8973037685875589,0.8344807960083354,0.9987774500623345,0.8973037685875589,0.8888888888888888,0.8888888888888888,0 9,H00 H30,9,H30,,,,
random,9,17,1,1,2,1,0.1111111111111111,0.1111111111111111,0.1111111111111111,0.0010407974477857351,0.9079279539028048,0.9044450745756268,0.9989592025522143,0.9079279539028048,0.8888888888888888,0.8888888888888888,0 5,H00 H20,5,H20,,,,
random,9,18,1,1,2,1,0.1111111111111111,0.1111111111111111,0.1111111111111111,0.0009075599955394864,0.9139158351526249,0.8750849008543304,0.9990924400044605,0.9139158351526249,0.8888888888888888,0.8888888888888888,0 3,H00 H02,3,H02,,,,
random,9,19,1,1,2,1,0.1111111111111111,0.1111111111111111,0.1111111111111111,0.0009476215345785022,0.913196327242287,0.8647408727606284,0.9990523784654215,0.913196327242287,0.8888888888888888,0.8888888888888888,0 7,H00 H12,7,H12,,,,
random,9,0,3,3,4,3,0.3333333333333333,0.3333333333333333,0.3333333333333333,0.0005858921795152128,0.9420787781813624,0.9306263735672401,0.9994141078204848,0.9420787781813624,0.6666666666666667,0.6666666666666667,0 1 3 8,H00 H01 H02 H21,1 3 8,H01 H02 H21,,,,
random,9,1,3,3,4,3,0.3333333333333333,0.3333333333333333,0.3333333333333333,0.000583337910939008,0.9508211383071156,0.9237854201825396,0.999416662089061,0.9508211383071156,0.6666666666666667,0.6666666666666667,0 1 2 8,H00 H01 H10 H21,1 2 8,H01 H10 H21,,,,
random,9,2,3,3,4,3,0.3333333333333333,0.3333333333333333,0.3333333333333333,0.0007795984856784344,0.9330176207968937,0.9342682642819652,0.9992204015143216,0.9330176207968937,0.6666666666666667,0.6666666666666667,0 1 5 6,H00 H01 H20 H03,1 5 6,H01 H20 H03,,,,
random,9,3,3,3,4,3,0.3333333333333333,0.3333333333333333,0.3333333333333333,0.0005263012717477977,0.9588117659021076,0.925860051881869,0.9994736987282522,0.9588117659021076,0.6666666666666667,0.6666666666666667,0 4 7 8,H00 H11 H12 H21,4 7 8,H11 H12 H21,,,,
random,9,4,3,3,4,3,0.3333333333333333,0.3333333333333333,0.3333333333333333,0.000583337910939008,0.9508211383071156,0.9237854201825396,0.999416662089061,0.9508211383071156,0.6666666666666667,0.6666666666666667,0 1 2 8,H00 H01 H10 H21,1 2 8,H01 H10 H21,,,,
random,9,5,3,3,4,3,0.3333333333333333,0.3333333333333333,0.3333333333333333,0.0007080057403072715,0.9416618939404964,0.939807077326467,0.9992919942596927,0.9416618939404964,0.6666666666666667,0.6666666666666667,0 4 5 8,H00 H11 H20 H21,4 5 8,H11 H20 H21,,,,
random,9,6,3,3,4,3,0.3333333333333333,0.3333333333333333,0.3333333333333333,0.0011321891797706485,0.9165611112408348,0.8972620365049888,0.9988678108202294,0.9165611112408348,0.6666666666666667,0.6666666666666667,0 1 6 8,H00 H01 H03 H21,1 6 8,H01 H03 H21,,,,
random,9,7,3,3,4,3,0.3333333333333333,0.3333333333333333,0.3333333333333333,0.0004908020491711795,0.9527013449709282,0.9354644250012952,0.9995091979508288,0.9527013449709282,0.6666666666666667,0.6666666666666667,0 2 3 5,H00 H10 H02 H20,2 3 5,H10 H02 H20,,,,
random,9,8,3,3,4,3,0.3333333333333333,0.3333333333333333,0.3333333333333333,0.0006479602307081223,0.942522713965454,0.8995957363292771,0.9993520397692919,0.942522713965454,0.6666666666666667,0.6666666666666667,0 1 3 7,H00 H01 H02 H12,1 3 7,H01 H02 H12,,,,
random,9,9,3,3,4,3,0.3333333333333333,0.3333333333333333,0.3333333333333333,0.0004910005955025554,0.9552262123147033,0.9440892753175671,0.9995089994044974,0.9552262123147033,0.6666666666666667,0.6666666666666667,0 1 3 5,H00 H01 H02 H20,1 3 5,H01 H02 H20,,,,
random,9,10,3,3,4,3,0.3333333333333333,0.3333333333333333,0.3333333333333333,0.0006406776374205947,0.9419428721229756,0.9040428879001983,0.9993593223625794,0.9419428721229756,0.6666666666666667,0.6666666666666667,0 1 3 9,H00 H01 H02 H30,1 3 9,H01 H02 H30,,,,
random,9,11,3,3,4,3,0.3333333333333333,0.3333333333333333,0.3333333333333333,0.0007306591724045575,0.941944185383042,0.8897870214394757,0.9992693408275954,0.941944185383042,0.6666666666666667,0.6666666666666667,0 1 6 7,H00 H01 H03 H12,1 6 7,H01 H03 H12,,,,
random,9,12,3,3,4,3,0.3333333333333333,0.3333333333333333,0.3333333333333333,0.0005862178513780236,0.9490857726487903,0.9244788088451926,0.999413782148622,0.9490857726487903,0.6666666666666667,0.6666666666666667,0 2 7 8,H00 H10 H12 H21,2 7 8,H10 H12 H21,,,,
random,9,13,3,3,4,3,0.3333333333333333,0.3333333333333333,0.3333333333333333,0.0006139765027910471,0.9491708279630517,0.9087113698633609,0.999386023497209,0.9491708279630517,0.6666666666666667,0.6666666666666667,0 2 4 7,H00 H10 H11 H12,2 4 7,H10 H11 H12,,,,
random,9,14,3,3,4,3,0.3333333333333333,0.3333333333333333,0.3333333333333333,0.0007306591724045575,0.941944185383042,0.8897870214394757,0.9992693408275954,0.941944185383042,0.6666666666666667,0.6666666666666667,0 1 6 7,H00 H01 H03 H12,1 6 7,H01 H03 H12,,,,
random,9,15,3,3,4,3,0.3333333333333333,0.3333333333333333,0.3333333333333333,0.0004667523317039013,0.9538161026116784,0.9453981053410236,0.9995332476682961,0.9538161026116784,0.6666666666666667,0.6666666666666667,0 2 5 8,H00 H10 H20 H21,2 5 8,H10 H20 H21,,,,
random,9,16,3,3,4,3,0.3333333333333333,0.3333333333333333,0.3333333333333333,0.0007080057403072715,0.9416618939404964,0.939807077326467,0.9992919942596927,0.9416618939404964,0.6666666666666667,0.6666666666666667,0 4 5 8,H00 H11 H20 H21,4 5 8,H11 H20 H21,,,,
random,9,17,3,3,4,3,0.3333333333333333,0.3333333333333333,0.3333333333333333,0.0008031597826629877,0.9326249813477151,0.8781424493306591,0.999196840217337,0.9326249813477151,0.6666666666666667,0.6666666666666667,0 6 7 9,H00 H03 H12 H30,6 7 9,H03 H12 H30,,,,
random,9,18,3,3,4,3,0.3333333333333333,0.3333333333333333,0.3333333333333333,0.0005174658726900816,0.9519206289197545,0.9233748009644305,0.9994825341273099,0.9519206289197545,0.6666666666666667,0.6666666666666667,0 2 3 4,H00 H10 H02 H11,2 3 4,H10 H02 H11,,,,
random,9,19,3,3,4,3,0.3333333333333333,0.3333333333333333,0.3333333333333333,0.0007922612712718546,0.9302633765389463,0.9353047318019838,0.9992077387287281,0.9302633765389463,0.6666666666666667,0.6666666666666667,0 1 5 8,H00 H01 H20 H21,1 5 8,H01 H20 H21,,,,
random,9,0,5,5,6,5,0.5555555555555556,0.5555555555555556,0.5555555555555556,0.0006075361161492765,0.9456985750269946,0.9058733947238987,0.9993924638838507,0.9456985750269946,0.4444444444444444,0.4444444444444444,0 1 2 3 7 9,H00 H01 H10 H02 H12 H30,1 2 3 7 9,H01 H10 H02 H12 H30,,,,
random,9,1,5,5,6,5,0.5555555555555556,0.5555555555555556,0.5555555555555556,0.00038723472971469164,0.9656765185447141,0.9546531745562608,0.9996127652702853,0.9656765185447141,0.4444444444444444,0.4444444444444444,0 2 4 5 7 8,H00 H10 H11 H20 H12 H21,2 4 5 7 8,H10 H11 H20 H12 H21,,,,
random,9,2,5,5,6,5,0.5555555555555556,0.5555555555555556,0.5555555555555556,0.00039688439574092627,0.9590473326452422,0.9543552523350848,0.9996031156042591,0.9590473326452422,0.4444444444444444,0.4444444444444444,0 2 3 5 7 8,H00 H10 H02 H20 H12 H21,2 3 5 7 8,H10 H02 H20 H12 H21,,,,
random,9,3,5,5,6,5,0.5555555555555556,0.5555555555555556,0.5555555555555556,0.0006117106531746686,0.9462644646340687,0.9211436710257261,0.9993882893468253,0.9462644646340687,0.4444444444444444,0.4444444444444444,0 1 6 7 8 9,H00 H01 H03 H12 H21 H30,1 6 7 8 9,H01 H03 H12 H21 H30,,,,
random,9,4,5,5,6,5,0.5555555555555556,0.5555555555555556,0.5555555555555556,0.00039688439574092627,0.9590473326452422,0.9543552523350848,0.9996031156042591,0.9590473326452422,0.4444444444444444,0.4444444444444444,0 2 3 5 7 8,H00 H10 H02 H20 H12 H21,2 3 5 7 8,H10 H02 H20 H12 H21,,,,
random,9,5,5,5,6,5,0.5555555555555556,0.5555555555555556,0.5555555555555556,0.0006704990519210696,0.9450367463311883,0.8904463988112598,0.9993295009480789,0.9450367463311883,0.4444444444444444,0.4444444444444444,0 1 2 6 7 9,H00 H01 H10 H03 H12 H30,1 2 6 7 9,H01 H10 H03 H12 H30,,,,
random,9,6,5,5,6,5,0.5555555555555556,0.5555555555555556,0.5555555555555556,0.00038429105188697577,0.9621142267684732,0.95594053511714,0.999615708948113,0.9621142267684732,0.4444444444444444,0.4444444444444444,0 1 2 3 5 8,H00 H01 H10 H02 H20 H21,1 2 3 5 8,H01 H10 H02 H20 H21,,,,
random,9,7,5,5,6,5,0.5555555555555556,0.5555555555555556,0.5555555555555556,0.00032804819056764245,0.9694257713721425,0.9624441012249849,0.9996719518094324,0.9694257713721425,0.4444444444444444,0.4444444444444444,0 2 3 4 5 9,H00 H10 H02 H11 H20 H30,2 3 4 5 9,H10 H02 H11 H20 H30,,,,
random,9,8,5,5,6,5,0.5555555555555556,0.5555555555555556,0.5555555555555556,0.0004779923474416137,0.9532288441104497,0.9383450443714493,0.9995220076525584,0.9532288441104497,0.4444444444444444,0.4444444444444444,0 1 2 3 6 8,H00 H01 H10 H02 H03 H21,1 2 3 6 8,H01 H10 H02 H03 H21,,,,
random,9,9,5,5,6,5,0.5555555555555556,0.5555555555555556,0.5555555555555556,0.0004131025925744325,0.9605588835268752,0.9490045823007619,0.9995868974074256,0.9605588835268752,0.4444444444444444,0.4444444444444444,0 1 3 5 7 9,H00 H01 H02 H20 H12 H30,1 3 5 7 9,H01 H02 H20 H12 H30,,,,
random,9,10,5,5,6,5,0.5555555555555556,0.5555555555555556,0.5555555555555556,0.0006704990519210696,0.9450367463311883,0.8904463988112598,0.9993295009480789,0.9450367463311883,0.4444444444444444,0.4444444444444444,0 1 2 6 7 9,H00 H01 H10 H03 H12 H30,1 2 6 7 9,H01 H10 H03 H12 H30,,,,
random,9,11,5,5,6,5,0.5555555555555556,0.5555555555555556,0.5555555555555556,0.0005685043870471418,0.9494902210998903,0.9229070392349258,0.9994314956129529,0.9494902210998903,0.4444444444444444,0.4444444444444444,0 2 6 7 8 9,H00 H10 H03 H12 H21 H30,2 6 7 8 9,H10 H03 H12 H21 H30,,,,
random,9,12,5,5,6,5,0.5555555555555556,0.5555555555555556,0.5555555555555556,0.0006437843549065292,0.9385190755394637,0.9016568599857808,0.9993562156450935,0.9385190755394637,0.4444444444444444,0.4444444444444444,0 2 3 6 7 9,H00 H10 H02 H03 H12 H30,2 3 6 7 9,H10 H02 H03 H12 H30,,,,
random,9,13,5,5,6,5,0.5555555555555556,0.5555555555555556,0.5555555555555556,0.0004527077835518867,0.9580349995888654,0.9455396495380209,0.9995472922164481,0.9580349995888654,0.4444444444444444,0.4444444444444444,0 1 5 6 7 9,H00 H01 H20 H03 H12 H30,1 5 6 7 9,H01 H20 H03 H12 H30,,,,
random,9,14,5,5,6,5,0.5555555555555556,0.5555555555555556,0.5555555555555556,0.0005016871728003025,0.9476015816279881,0.9421375602430665,0.9994983128271997,0.9476015816279881,0.4444444444444444,0.4444444444444444,0 3 6 7 8 9,H00 H02 H03 H12 H21 H30,3 6 7 8 9,H02 H03 H12 H21 H30,,,,
random,9,15,5,5,6,5,0.5555555555555556,0.5555555555555556,0.5555555555555556,0.0004527077835518867,0.9580349995888654,0.9455396495380209,0.9995472922164481,0.9580349995888654,0.4444444444444444,0.4444444444444444,0 1 5 6 7 9,H00 H01 H20 H03 H12 H30,1 5 6 7 9,H01 H20 H03 H12 H30,,,,
random,9,16,5,5,6,5,0.5555555555555556,0.5555555555555556,0.5555555555555556,0.00039688439574092627,0.9590473326452422,0.9543552523350848,0.9996031156042591,0.9590473326452422,0.4444444444444444,0.4444444444444444,0 2 3 5 7 8,H00 H10 H02 H20 H12 H21,2 3 5 7 8,H10 H02 H20 H12 H21,,,,
random,9,17,5,5,6,5,0.5555555555555556,0.5555555555555556,0.5555555555555556,0.0004289484932087362,0.961190865134796,0.9463154031436386,0.9995710515067913,0.961190865134796,0.4444444444444444,0.4444444444444444,0 2 4 5 6 9,H00 H10 H11 H20 H03 H30,2 4 5 6 9,H10 H11 H20 H03 H30,,,,
random,9,18,5,5,6,5,0.5555555555555556,0.5555555555555556,0.5555555555555556,0.00041412984137423337,0.960621784535302,0.9486315463939855,0.9995858701586258,0.960621784535302,0.4444444444444444,0.4444444444444444,0 1 3 5 6 9,H00 H01 H02 H20 H03 H30,1 3 5 6 9,H01 H02 H20 H03 H30,,,,
random,9,19,5,5,6,5,0.5555555555555556,0.5555555555555556,0.5555555555555556,0.0004081506922375411,0.9620961106153079,0.9442508992391366,0.9995918493077625,0.9620961106153079,0.4444444444444444,0.4444444444444444,0 2 3 4 8 9,H00 H10 H02 H11 H21 H30,2 3 4 8 9,H10 H02 H11 H21 H30,,,,
top-k energy,0,,1,1,2,1,0.1111111111111111,0.1111111111111111,0.1111111111111111,0.0013097102055326104,0.858990595801141,0.772151728277313,0.9986902897944674,0.858990595801141,0.8888888888888888,0.8888888888888888,0 2,H00 H10,2,H10,,,,
top-k energy,0,,3,3,4,3,0.3333333333333333,0.3333333333333333,0.3333333333333333,0.00090463284868747,0.89823104352574,0.8179176318803564,0.9990953671513125,0.89823104352574,0.6666666666666667,0.6666666666666667,0 1 2 9,H00 H01 H10 H30,1 2 9,H01 H10 H30,,,,
top-k energy,0,,5,5,6,5,0.5555555555555556,0.5555555555555556,0.5555555555555556,0.0008125206222757697,0.9082741255425669,0.8484757893749996,0.9991874793777242,0.9082741255425669,0.4444444444444444,0.4444444444444444,0 1 2 6 7 9,H00 H01 H10 H03 H12 H30,1 2 6 7 9,H01 H10 H03 H12 H30,,,,
top-k energy,1,,1,1,2,1,0.1111111111111111,0.1111111111111111,0.1111111111111111,0.001306024263612926,0.8438215882658037,0.7922651487183493,0.9986939757363871,0.8438215882658037,0.8888888888888888,0.8888888888888888,0 2,H00 H10,2,H10,,,,
top-k energy,1,,3,3,4,3,0.3333333333333333,0.3333333333333333,0.3333333333333333,0.0012876477558165789,0.8474915127550096,0.7888327662060014,0.9987123522441834,0.8474915127550096,0.6666666666666667,0.6666666666666667,0 2 7 9,H00 H10 H12 H30,2 7 9,H10 H12 H30,,,,
top-k energy,1,,5,5,6,5,0.5555555555555556,0.5555555555555556,0.5555555555555556,0.0010583442635834217,0.8826413169396902,0.8199536524355397,0.9989416557364166,0.8826413169396902,0.4444444444444444,0.4444444444444444,0 1 2 6 7 9,H00 H01 H10 H03 H12 H30,1 2 6 7 9,H01 H10 H03 H12 H30,,,,
top-k energy,2,,1,1,2,1,0.1111111111111111,0.1111111111111111,0.1111111111111111,0.0021134645212441683,0.8512975246873634,0.7906227055825796,0.9978865354787558,0.8512975246873634,0.8888888888888888,0.8888888888888888,0 2,H00 H10,2,H10,,,,
top-k energy,2,,3,3,4,3,0.3333333333333333,0.3333333333333333,0.3333333333333333,0.0015627974644303322,0.8888455141871707,0.8316923421798278,0.9984372025355697,0.8888455141871707,0.6666666666666667,0.6666666666666667,0 1 2 9,H00 H01 H10 H30,1 2 9,H01 H10 H30,,,,
top-k energy,2,,5,5,6,5,0.5555555555555556,0.5555555555555556,0.5555555555555556,0.0014084724243730307,0.9013388418857181,0.8473488626100364,0.998591527575627,0.9013388418857181,0.4444444444444444,0.4444444444444444,0 1 2 6 7 9,H00 H01 H10 H03 H12 H30,1 2 6 7 9,H01 H10 H03 H12 H30,,,,
top-k energy,3,,1,1,2,1,0.1111111111111111,0.1111111111111111,0.1111111111111111,0.0021347063593566418,0.8208709509996752,0.8113598652978975,0.9978652936406434,0.8208709509996752,0.8888888888888888,0.8888888888888888,0 9,H00 H30,9,H30,,,,
top-k energy,3,,3,3,4,3,0.3333333333333333,0.3333333333333333,0.3333333333333333,0.0016745049506425858,0.8698222911147031,0.8301226071344793,0.9983254950493574,0.8698222911147031,0.6666666666666667,0.6666666666666667,0 2 7 9,H00 H10 H12 H30,2 7 9,H10 H12 H30,,,,
top-k energy,3,,5,5,6,5,0.5555555555555556,0.5555555555555556,0.5555555555555556,0.0012809373438358307,0.9021711028430182,0.859929981791792,0.9987190626561642,0.9021711028430182,0.4444444444444444,0.4444444444444444,0 1 2 6 7 9,H00 H01 H10 H03 H12 H30,1 2 6 7 9,H01 H10 H03 H12 H30,,,,
top-k energy,4,,1,1,2,1,0.1111111111111111,0.1111111111111111,0.1111111111111111,0.002014941768720746,0.8583414044129296,0.7639979421512103,0.9979850582312793,0.8583414044129296,0.8888888888888888,0.8888888888888888,0 1,H00 H01,1,H01,,,,
top-k energy,4,,3,3,4,3,0.3333333333333333,0.3333333333333333,0.3333333333333333,0.0016532327281311154,0.8828984454061557,0.8013700402976447,0.9983467672718689,0.8828984454061557,0.6666666666666667,0.6666666666666667,0 1 2 6,H00 H01 H10 H03,1 2 6,H01 H10 H03,,,,
top-k energy,4,,5,5,6,5,0.5555555555555556,0.5555555555555556,0.5555555555555556,0.001532101770862937,0.8877662433738799,0.8251808578070768,0.9984678982291371,0.8877662433738799,0.4444444444444444,0.4444444444444444,0 1 2 6 8 9,H00 H01 H10 H03 H21 H30,1 2 6 8 9,H01 H10 H03 H21 H30,,,,
top-k energy,5,,1,1,2,1,0.1111111111111111,0.1111111111111111,0.1111111111111111,0.0023624300956726074,0.8354859318945216,0.7734737730033885,0.9976375699043274,0.8354859318945216,0.8888888888888888,0.8888888888888888,0 9,H00 H30,9,H30,,,,
top-k energy,5,,3,3,4,3,0.3333333333333333,0.3333333333333333,0.3333333333333333,0.001171842566691339,0.9177778275876209,0.8562283166907579,0.9988281574333087,0.9177778275876209,0.6666666666666667,0.6666666666666667,0 1 2 9,H00 H01 H10 H30,1 2 9,H01 H10 H30,,,,
top-k energy,5,,5,5,6,5,0.5555555555555556,0.5555555555555556,0.5555555555555556,0.0010267228353768587,0.9299496357881782,0.8808065321419208,0.9989732771646231,0.9299496357881782,0.4444444444444444,0.4444444444444444,0 1 2 6 7 9,H00 H01 H10 H03 H12 H30,1 2 6 7 9,H01 H10 H03 H12 H30,,,,
top-k energy,6,,1,1,2,1,0.1111111111111111,0.1111111111111111,0.1111111111111111,0.0015047318302094936,0.8414339700295157,0.8224375514178976,0.9984952681697905,0.8414339700295157,0.8888888888888888,0.8888888888888888,0 2,H00 H10,2,H10,,,,
top-k energy,6,,3,3,4,3,0.3333333333333333,0.3333333333333333,0.3333333333333333,0.0015000402927398682,0.8442959335325873,0.8235344349271422,0.9984999597072601,0.8442959335325873,0.6666666666666667,0.6666666666666667,0 2 7 9,H00 H10 H12 H30,2 7 9,H10 H12 H30,,,,
top-k energy,6,,5,5,6,5,0.5555555555555556,0.5555555555555556,0.5555555555555556,0.0012831703061237931,0.8723003294376499,0.8463127295286452,0.9987168296938762,0.8723003294376499,0.4444444444444444,0.4444444444444444,0 1 2 6 7 9,H00 H01 H10 H03 H12 H30,1 2 6 7 9,H01 H10 H03 H12 H30,,,,
top-k energy,7,,1,1,2,1,0.1111111111111111,0.1111111111111111,0.1111111111111111,0.0017829220741987228,0.8546384580074987,0.7710453014933107,0.9982170779258013,0.8546384580074987,0.8888888888888888,0.8888888888888888,0 2,H00 H10,2,H10,,,,
top-k energy,7,,3,3,4,3,0.3333333333333333,0.3333333333333333,0.3333333333333333,0.0011434752959758043,0.8917045949966017,0.839874409749351,0.9988565247040242,0.8917045949966017,0.6666666666666667,0.6666666666666667,0 1 2 9,H00 H01 H10 H30,1 2 9,H01 H10 H30,,,,
top-k energy,7,,5,5,6,5,0.5555555555555556,0.5555555555555556,0.5555555555555556,0.0010636351071298122,0.8991784304646193,0.8602413980776025,0.9989363648928702,0.8991784304646193,0.4444444444444444,0.4444444444444444,0 1 2 6 7 9,H00 H01 H10 H03 H12 H30,1 2 6 7 9,H01 H10 H03 H12 H30,,,,
top-k energy,8,,1,1,2,1,0.1111111111111111,0.1111111111111111,0.1111111111111111,0.004164720885455608,0.804424555783753,0.7474022205889232,0.9958352791145444,0.804424555783753,0.8888888888888888,0.8888888888888888,0 2,H00 H10,2,H10,,,,
top-k energy,8,,3,3,4,3,0.3333333333333333,0.3333333333333333,0.3333333333333333,0.0028173846658319235,0.8635031911195671,0.8184156892029189,0.9971826153341681,0.8635031911195671,0.6666666666666667,0.6666666666666667,0 1 2 9,H00 H01 H10 H30,1 2 9,H01 H10 H30,,,,
top-k energy,8,,5,5,6,5,0.5555555555555556,0.5555555555555556,0.5555555555555556,0.0025868271477520466,0.8789981899342271,0.8403930171964497,0.997413172852248,0.8789981899342271,0.4444444444444444,0.4444444444444444,0 1 2 6 7 9,H00 H01 H10 H03 H12 H30,1 2 6 7 9,H01 H10 H03 H12 H30,,,,
top-k energy,9,,1,1,2,1,0.1111111111111111,0.1111111111111111,0.1111111111111111,0.0012225499376654625,0.8973037685875589,0.8344807960083354,0.9987774500623345,0.8973037685875589,0.8888888888888888,0.8888888888888888,0 9,H00 H30,9,H30,,,,
top-k energy,9,,3,3,4,3,0.3333333333333333,0.3333333333333333,0.3333333333333333,0.0008211910026147962,0.9237316247213113,0.8717692260656928,0.9991788089973852,0.9237316247213113,0.6666666666666667,0.6666666666666667,0 2 7 9,H00 H10 H12 H30,2 7 9,H10 H12 H30,,,,
top-k energy,9,,5,5,6,5,0.5555555555555556,0.5555555555555556,0.5555555555555556,0.0006704990519210696,0.9450367463311883,0.8904463988112598,0.9993295009480789,0.9450367463311883,0.4444444444444444,0.4444444444444444,0 1 2 6 7 9,H00 H01 H10 H03 H12 H30,1 2 6 7 9,H01 H10 H03 H12 H30,,,,
greedy,0,,1,1,2,1,0.1111111111111111,0.1111111111111111,0.1111111111111111,0.0011978161055594683,0.8766530596791776,0.8163550715430379,0.9988021838944405,0.8766530596791776,0.8888888888888888,0.8888888888888888,0 4,H00 H11,4,H11,,,,
greedy,0,,3,3,4,3,0.3333333333333333,0.3333333333333333,0.3333333333333333,0.0005195383564569056,0.9458915895287404,0.9265320591831209,0.9994804616435431,0.9458915895287404,0.6666666666666667,0.6666666666666667,0 3 4 5,H00 H02 H11 H20,3 4 5,H02 H11 H20,,,,
greedy,0,,5,5,6,5,0.5555555555555556,0.5555555555555556,0.5555555555555556,0.0004207561141811311,0.9530456379038258,0.9322987690561144,0.9995792438858189,0.9530456379038258,0.4444444444444444,0.4444444444444444,0 3 4 5 6 9,H00 H02 H11 H20 H03 H30,3 4 5 6 9,H02 H11 H20 H03 H30,,,,
greedy,1,,1,1,2,1,0.1111111111111111,0.1111111111111111,0.1111111111111111,0.0012973537668585777,0.8603952150220465,0.8194322261065989,0.9987026462331414,0.8603952150220465,0.8888888888888888,0.8888888888888888,0 4,H00 H11,4,H11,,,,
greedy,1,,3,3,4,3,0.3333333333333333,0.3333333333333333,0.3333333333333333,0.0006958564044907689,0.924362313166243,0.916551136933011,0.9993041435955092,0.924362313166243,0.6666666666666667,0.6666666666666667,0 3 4 5,H00 H02 H11 H20,3 4 5,H02 H11 H20,,,,
greedy,1,,5,5,6,5,0.5555555555555556,0.5555555555555556,0.5555555555555556,0.0005964280571788549,0.9334936438927894,0.9277237639335278,0.9994035719428211,0.9334936438927894,0.4444444444444444,0.4444444444444444,0 3 4 5 8 9,H00 H02 H11 H20 H21 H30,3 4 5 8 9,H02 H11 H20 H21 H30,,,,
greedy,2,,1,1,2,1,0.1111111111111111,0.1111111111111111,0.1111111111111111,0.0018813424976542592,0.8687248382092798,0.8392101241978032,0.9981186575023457,0.8687248382092798,0.8888888888888888,0.8888888888888888,0 4,H00 H11,4,H11,,,,
greedy,2,,3,3,4,3,0.3333333333333333,0.3333333333333333,0.3333333333333333,0.0008054295904003084,0.9396085455287225,0.9387115997510275,0.9991945704095997,0.9396085455287225,0.6666666666666667,0.6666666666666667,0 3 4 5,H00 H02 H11 H20,3 4 5,H02 H11 H20,,,,
greedy,2,,5,5,6,5,0.5555555555555556,0.5555555555555556,0.5555555555555556,0.0006468939245678484,0.9508999620656196,0.945800267624041,0.9993531060754322,0.9508999620656196,0.4444444444444444,0.4444444444444444,0 3 4 5 6 9,H00 H02 H11 H20 H03 H30,3 4 5 6 9,H02 H11 H20 H03 H30,,,,
greedy,3,,1,1,2,1,0.1111111111111111,0.1111111111111111,0.1111111111111111,0.0016947006806731224,0.8747000688250651,0.8487108145276184,0.9983052993193269,0.8747000688250651,0.8888888888888888,0.8888888888888888,0 4,H00 H11,4,H11,,,,
greedy,3,,3,3,4,3,0.3333333333333333,0.3333333333333333,0.3333333333333333,0.0007401451002806425,0.9370009873979298,0.944731973810927,0.9992598548997194,0.9370009873979298,0.6666666666666667,0.6666666666666667,0 3 4 5,H00 H02 H11 H20,3 4 5,H02 H11 H20,,,,
greedy,3,,5,5,6,5,0.5555555555555556,0.5555555555555556,0.5555555555555556,0.0006017974228598177,0.9497046383467639,0.9486416372261662,0.9993982025771402,0.9497046383467639,0.4444444444444444,0.4444444444444444,0 3 4 5 6 9,H00 H02 H11 H20 H03 H30,3 4 5 6 9,H02 H11 H20 H03 H30,,,,
greedy,4,,1,1,2,1,0.1111111111111111,0.1111111111111111,0.1111111111111111,0.002014941768720746,0.8583414044129296,0.7639979421512103,0.9979850582312793,0.8583414044129296,0.8888888888888888,0.8888888888888888,0 1,H00 H01,1,H01,,,,
greedy,4,,3,3,4,3,0.3333333333333333,0.3333333333333333,0.3333333333333333,0.0012093872064724565,0.9094585439502555,0.8631892483062453,0.9987906127935275,0.9094585439502555,0.6666666666666667,0.6666666666666667,0 1 5 7,H00 H01 H20 H12,1 5 7,H01 H20 H12,,,,
greedy,4,,5,5,6,5,0.5555555555555556,0.5555555555555556,0.5555555555555556,0.0008001571986824274,0.9326038254285397,0.9211357397613548,0.9991998428013176,0.9326038254285397,0.4444444444444444,0.4444444444444444,0 1 3 4 5 7,H00 H01 H02 H11 H20 H12,1 3 4 5 7,H01 H02 H11 H20 H12,,,,
greedy,5,,1,1,2,1,0.1111111111111111,0.1111111111111111,0.1111111111111111,0.0017359612975269556,0.8911569506709556,0.860520270310034,0.998264038702473,0.8911569506709556,0.8888888888888888,0.8888888888888888,0 4,H00 H11,4,H11,,,,
greedy,5,,3,3,4,3,0.3333333333333333,0.3333333333333333,0.3333333333333333,0.0006914775585755706,0.9512588379641067,0.9472546466748477,0.9993085224414244,0.9512588379641067,0.6666666666666667,0.6666666666666667,0 3 4 5,H00 H02 H11 H20,3 4 5,H02 H11 H20,,,,
greedy,5,,5,5,6,5,0.5555555555555556,0.5555555555555556,0.5555555555555556,0.0005187831120565534,0.9620332437945036,0.9514127649675129,0.9994812168879434,0.9620332437945036,0.4444444444444444,0.4444444444444444,0 3 4 5 6 7,H00 H02 H11 H20 H03 H12,3 4 5 6 7,H02 H11 H20 H03 H12,,,,
greedy,6,,1,1,2,1,0.1111111111111111,0.1111111111111111,0.1111111111111111,0.0015798253007233143,0.8434021819325321,0.8156463025269328,0.9984201746992767,0.8434021819325321,0.8888888888888888,0.8888888888888888,0 7,H00 H12,7,H12,,,,
greedy,6,,3,3,4,3,0.3333333333333333,0.3333333333333333,0.3333333333333333,0.0009459014981985092,0.9017608652996535,0.8994331801887496,0.9990540985018015,0.9017608652996535,0.6666666666666667,0.6666666666666667,0 4 7 8,H00 H11 H12 H21,4 7 8,H11 H12 H21,,,,
greedy,6,,5,5,6,5,0.5555555555555556,0.5555555555555556,0.5555555555555556,0.0007183214765973389,0.9174606140158122,0.9374407973100066,0.9992816785234027,0.9174606140158122,0.4444444444444444,0.4444444444444444,0 3 4 5 7 8,H00 H02 H11 H20 H12 H21,3 4 5 7 8,H02 H11 H20 H12 H21,,,,
greedy,7,,1,1,2,1,0.1111111111111111,0.1111111111111111,0.1111111111111111,0.00148819200694561,0.8582607531758395,0.8444001478464235,0.9985118079930544,0.8582607531758395,0.8888888888888888,0.8888888888888888,0 3,H00 H02,3,H02,,,,
greedy,7,,3,3,4,3,0.3333333333333333,0.3333333333333333,0.3333333333333333,0.000634961761534214,0.934013288472552,0.9377710369269621,0.9993650382384658,0.934013288472552,0.6666666666666667,0.6666666666666667,0 3 4 5,H00 H02 H11 H20,3 4 5,H02 H11 H20,,,,
greedy,7,,5,5,6,5,0.5555555555555556,0.5555555555555556,0.5555555555555556,0.0005024517886340618,0.9408218765478497,0.9469387473376346,0.9994975482113659,0.9408218765478497,0.4444444444444444,0.4444444444444444,0 3 4 5 6 9,H00 H02 H11 H20 H03 H30,3 4 5 6 9,H02 H11 H20 H03 H30,,,,
greedy,8,,1,1,2,1,0.1111111111111111,0.1111111111111111,0.1111111111111111,0.0030592367984354496,0.8342604618718876,0.8108903617688267,0.9969407632015646,0.8342604618718876,0.8888888888888888,0.8888888888888888,0 3,H00 H02,3,H02,,,,
greedy,8,,3,3,4,3,0.3333333333333333,0.3333333333333333,0.3333333333333333,0.0012282440438866615,0.928728565697721,0.9347217134540052,0.9987717559561133,0.928728565697721,0.6666666666666667,0.6666666666666667,0 3 4 5,H00 H02 H11 H20,3 4 5,H02 H11 H20,,,,
greedy,8,,5,5,6,5,0.5555555555555556,0.5555555555555556,0.5555555555555556,0.0010105555411428213,0.9399350344000759,0.9427806662506648,0.9989894444588572,0.9399350344000759,0.4444444444444444,0.4444444444444444,0 3 4 5 6 9,H00 H02 H11 H20 H03 H30,3 4 5 6 9,H02 H11 H20 H03 H30,,,,
greedy,9,,1,1,2,1,0.1111111111111111,0.1111111111111111,0.1111111111111111,0.000836009276099503,0.9240033669124815,0.873383759523798,0.9991639907239005,0.9240033669124815,0.8888888888888888,0.8888888888888888,0 2,H00 H10,2,H10,,,,
greedy,9,,3,3,4,3,0.3333333333333333,0.3333333333333333,0.3333333333333333,0.0005423409747891128,0.9567660641957265,0.9239724280797297,0.9994576590252109,0.9567660641957265,0.6666666666666667,0.6666666666666667,0 2 4 8,H00 H10 H11 H21,2 4 8,H10 H11 H21,,,,
greedy,9,,5,5,6,5,0.5555555555555556,0.5555555555555556,0.5555555555555556,0.0003393200458958745,0.9684969041314901,0.9601200048542636,0.9996606799541041,0.9684969041314901,0.4444444444444444,0.4444444444444444,0 2 3 4 5 8,H00 H10 H02 H11 H20 H21,2 3 4 5 8,H10 H02 H11 H20 H21,,,,
Envelope-DQN,0,,6,6,7,6,0.6666666666666666,0.6666666666666666,0.6666666666666666,0.0004176966322120279,0.9534526328588354,0.9332341977200806,0.999582303367788,0.9534526328588354,0.33333333333333337,0.33333333333333337,0 3 4 5 6 7 9,H00 H02 H11 H20 H03 H12 H30,3 4 5 6 7 9,H02 H11 H20 H03 H12 H30,0.0,high_fidelity,0.550 0.250 0.100 0.100,6 9 5 7 4 3 10
Envelope-DQN,1,,5,5,6,5,0.5555555555555556,0.5555555555555556,0.5555555555555556,0.0006182265351526439,0.9304230107209345,0.9230677463818463,0.9993817734648474,0.9304230107209345,0.4444444444444444,0.4444444444444444,0 3 4 5 7 8,H00 H02 H11 H20 H12 H21,3 4 5 7 8,H02 H11 H20 H12 H21,0.0,high_fidelity,0.550 0.250 0.100 0.100,7 8 4 5 3 10
Envelope-DQN,2,,4,4,5,4,0.4444444444444444,0.4444444444444444,0.4444444444444444,0.0006817359244450927,0.947281070912919,0.9452725103245989,0.9993182640755549,0.947281070912919,0.5555555555555556,0.5555555555555556,0 3 4 5 9,H00 H02 H11 H20 H30,3 4 5 9,H02 H11 H20 H30,0.0,high_fidelity,0.550 0.250 0.100 0.100,4 5 3 9 10
Envelope-DQN,3,,3,3,4,3,0.3333333333333333,0.3333333333333333,0.3333333333333333,0.0007401451002806425,0.9370009873979298,0.944731973810927,0.9992598548997194,0.9370009873979298,0.6666666666666667,0.6666666666666667,0 3 4 5,H00 H02 H11 H20,3 4 5,H02 H11 H20,0.0,high_fidelity,0.550 0.250 0.100 0.100,4 5 3 10
Envelope-DQN,4,,3,3,4,3,0.3333333333333333,0.3333333333333333,0.3333333333333333,0.0008675528224557638,0.9271336751729782,0.9201184609418295,0.9991324471775442,0.9271336751729782,0.6666666666666667,0.6666666666666667,0 3 4 5,H00 H02 H11 H20,3 4 5,H02 H11 H20,0.0,high_fidelity,0.550 0.250 0.100 0.100,4 5 3 10
Envelope-DQN,5,,3,3,4,3,0.3333333333333333,0.3333333333333333,0.3333333333333333,0.0006914775585755706,0.9512588379641067,0.9472546466748477,0.9993085224414244,0.9512588379641067,0.6666666666666667,0.6666666666666667,0 3 4 5,H00 H02 H11 H20,3 4 5,H02 H11 H20,0.0,high_fidelity,0.550 0.250 0.100 0.100,4 5 3 10
Envelope-DQN,6,,4,4,5,4,0.4444444444444444,0.4444444444444444,0.4444444444444444,0.0007586352876387537,0.9121018453333948,0.9333178321049302,0.9992413647123612,0.9121018453333948,0.5555555555555556,0.5555555555555556,0 4 5 7 8,H00 H11 H20 H12 H21,4 5 7 8,H11 H20 H12 H21,0.0,high_fidelity,0.550 0.250 0.100 0.100,7 8 4 5 10
Envelope-DQN,7,,3,3,4,3,0.3333333333333333,0.3333333333333333,0.3333333333333333,0.000634961761534214,0.934013288472552,0.9377710369269621,0.9993650382384658,0.934013288472552,0.6666666666666667,0.6666666666666667,0 3 4 5,H00 H02 H11 H20,3 4 5,H02 H11 H20,0.0,high_fidelity,0.550 0.250 0.100 0.100,4 5 3 10
Envelope-DQN,8,,7,7,8,7,0.7777777777777778,0.7777777777777778,0.7777777777777778,0.0010291074868291616,0.9386559858227173,0.940965828163948,0.9989708925131708,0.9386559858227173,0.2222222222222222,0.2222222222222222,0 1 2 3 4 5 8 9,H00 H01 H10 H02 H11 H20 H21 H30,1 2 3 4 5 8 9,H01 H10 H02 H11 H20 H21 H30,0.0,high_fidelity,0.550 0.250 0.100 0.100,1 3 8 9 2 4 5 10
Envelope-DQN,9,,3,3,4,3,0.3333333333333333,0.3333333333333333,0.3333333333333333,0.0004077803750988096,0.9643421330789324,0.9574225397353906,0.9995922196249012,0.9643421330789324,0.6666666666666667,0.6666666666666667,0 3 4 5,H00 H02 H11 H20,3 4 5,H02 H11 H20,0.0,high_fidelity,0.550 0.250 0.100 0.100,4 5 3 10
Envelope-DQN,0,,4,4,5,4,0.4444444444444444,0.4444444444444444,0.4444444444444444,0.000460377981653437,0.9501366310184832,0.9290468575421391,0.9995396220183466,0.9501366310184832,0.5555555555555556,0.5555555555555556,0 3 4 5 6,H00 H02 H11 H20 H03,3 4 5 6,H02 H11 H20 H03,1.0,mse_ssim_balance,0.350 0.350 0.150 0.150,5 6 4 3 10
Envelope-DQN,1,,4,4,5,4,0.4444444444444444,0.4444444444444444,0.4444444444444444,0.0006535856518894434,0.9294967267055432,0.9183665493228343,0.9993464143481106,0.9294967267055432,0.5555555555555556,0.5555555555555556,0 3 4 5 6,H00 H02 H11 H20 H03,3 4 5 6,H02 H11 H20 H03,1.0,mse_ssim_balance,0.350 0.350 0.150 0.150,5 6 4 3 10
Envelope-DQN,2,,4,4,5,4,0.4444444444444444,0.4444444444444444,0.4444444444444444,0.0007428517565131187,0.9452801419247061,0.9394303290694711,0.9992571482434869,0.9452801419247061,0.5555555555555556,0.5555555555555556,0 3 4 5 6,H00 H02 H11 H20 H03,3 4 5 6,H02 H11 H20 H03,1.0,mse_ssim_balance,0.350 0.350 0.150 0.150,5 6 4 3 10
Envelope-DQN,3,,4,4,5,4,0.4444444444444444,0.4444444444444444,0.4444444444444444,0.0006806186283938587,0.9442183203844622,0.9460210153739396,0.9993193813716061,0.9442183203844622,0.5555555555555556,0.5555555555555556,0 3 4 5 6,H00 H02 H11 H20 H03,3 4 5 6,H02 H11 H20 H03,1.0,mse_ssim_balance,0.350 0.350 0.150 0.150,5 6 4 3 10
Envelope-DQN,4,,4,4,5,4,0.4444444444444444,0.4444444444444444,0.4444444444444444,0.0007721214788034558,0.9348805571566297,0.9277149599856945,0.9992278785211965,0.9348805571566297,0.5555555555555556,0.5555555555555556,0 3 4 5 6,H00 H02 H11 H20 H03,3 4 5 6,H02 H11 H20 H03,1.0,mse_ssim_balance,0.350 0.350 0.150 0.150,5 6 4 3 10
Envelope-DQN,5,,4,4,5,4,0.4444444444444444,0.4444444444444444,0.4444444444444444,0.0005902821430936456,0.9586035368452458,0.9485866995252972,0.9994097178569064,0.9586035368452458,0.5555555555555556,0.5555555555555556,0 3 4 5 6,H00 H02 H11 H20 H03,3 4 5 6,H02 H11 H20 H03,1.0,mse_ssim_balance,0.350 0.350 0.150 0.150,5 6 4 3 10
Envelope-DQN,6,,4,4,5,4,0.4444444444444444,0.4444444444444444,0.4444444444444444,0.000765475444495678,0.9139342786706586,0.9336355781660803,0.9992345245555043,0.9139342786706586,0.5555555555555556,0.5555555555555556,0 3 4 5 6,H00 H02 H11 H20 H03,3 4 5 6,H02 H11 H20 H03,1.0,mse_ssim_balance,0.350 0.350 0.150 0.150,5 6 4 3 10
Envelope-DQN,7,,4,4,5,4,0.4444444444444444,0.4444444444444444,0.4444444444444444,0.0005569405620917678,0.9378831401183829,0.9427535186538011,0.9994430594379082,0.9378831401183829,0.5555555555555556,0.5555555555555556,0 3 4 5 6,H00 H02 H11 H20 H03,3 4 5 6,H02 H11 H20 H03,1.0,mse_ssim_balance,0.350 0.350 0.150 0.150,5 6 4 3 10
Envelope-DQN,8,,4,4,5,4,0.4444444444444444,0.4444444444444444,0.4444444444444444,0.0011119727278128266,0.9352658377001317,0.9394095690427584,0.9988880272721872,0.9352658377001317,0.5555555555555556,0.5555555555555556,0 3 4 5 6,H00 H02 H11 H20 H03,3 4 5 6,H02 H11 H20 H03,1.0,mse_ssim_balance,0.350 0.350 0.150 0.150,5 6 4 3 10
Envelope-DQN,9,,4,4,5,4,0.4444444444444444,0.4444444444444444,0.4444444444444444,0.000372959824744612,0.9678535100856661,0.9584881246261813,0.9996270401752554,0.9678535100856661,0.5555555555555556,0.5555555555555556,0 3 4 5 6,H00 H02 H11 H20 H03,3 4 5 6,H02 H11 H20 H03,1.0,mse_ssim_balance,0.350 0.350 0.150 0.150,5 6 4 3 10
Envelope-DQN,0,,3,3,4,3,0.3333333333333333,0.3333333333333333,0.3333333333333333,0.0005195383564569056,0.9458915895287404,0.9265320591831209,0.9994804616435431,0.9458915895287404,0.6666666666666667,0.6666666666666667,0 3 4 5,H00 H02 H11 H20,3 4 5,H02 H11 H20,2.0,general_balance,0.250 0.250 0.250 0.250,4 3 5 10
Envelope-DQN,1,,3,3,4,3,0.3333333333333333,0.3333333333333333,0.3333333333333333,0.0006958564044907689,0.924362313166243,0.916551136933011,0.9993041435955092,0.924362313166243,0.6666666666666667,0.6666666666666667,0 3 4 5,H00 H02 H11 H20,3 4 5,H02 H11 H20,2.0,general_balance,0.250 0.250 0.250 0.250,4 3 5 10
Envelope-DQN,2,,3,3,4,3,0.3333333333333333,0.3333333333333333,0.3333333333333333,0.0008054295904003084,0.9396085455287225,0.9387115997510275,0.9991945704095997,0.9396085455287225,0.6666666666666667,0.6666666666666667,0 3 4 5,H00 H02 H11 H20,3 4 5,H02 H11 H20,2.0,general_balance,0.250 0.250 0.250 0.250,4 3 5 10
Envelope-DQN,3,,3,3,4,3,0.3333333333333333,0.3333333333333333,0.3333333333333333,0.0007401451002806425,0.9370009873979298,0.944731973810927,0.9992598548997194,0.9370009873979298,0.6666666666666667,0.6666666666666667,0 3 4 5,H00 H02 H11 H20,3 4 5,H02 H11 H20,2.0,general_balance,0.250 0.250 0.250 0.250,4 3 5 10
Envelope-DQN,4,,3,3,4,3,0.3333333333333333,0.3333333333333333,0.3333333333333333,0.0008675528224557638,0.9271336751729782,0.9201184609418295,0.9991324471775442,0.9271336751729782,0.6666666666666667,0.6666666666666667,0 3 4 5,H00 H02 H11 H20,3 4 5,H02 H11 H20,2.0,general_balance,0.250 0.250 0.250 0.250,4 3 5 10
Envelope-DQN,5,,3,3,4,3,0.3333333333333333,0.3333333333333333,0.3333333333333333,0.0006914775585755706,0.9512588379641067,0.9472546466748477,0.9993085224414244,0.9512588379641067,0.6666666666666667,0.6666666666666667,0 3 4 5,H00 H02 H11 H20,3 4 5,H02 H11 H20,2.0,general_balance,0.250 0.250 0.250 0.250,4 3 5 10
Envelope-DQN,6,,3,3,4,3,0.3333333333333333,0.3333333333333333,0.3333333333333333,0.0007987199351191521,0.910815195719779,0.9326274427151672,0.9992012800648808,0.910815195719779,0.6666666666666667,0.6666666666666667,0 3 4 5,H00 H02 H11 H20,3 4 5,H02 H11 H20,2.0,general_balance,0.250 0.250 0.250 0.250,4 3 5 10
Envelope-DQN,7,,3,3,4,3,0.3333333333333333,0.3333333333333333,0.3333333333333333,0.000634961761534214,0.934013288472552,0.9377710369269621,0.9993650382384658,0.934013288472552,0.6666666666666667,0.6666666666666667,0 3 4 5,H00 H02 H11 H20,3 4 5,H02 H11 H20,2.0,general_balance,0.250 0.250 0.250 0.250,4 3 5 10
Envelope-DQN,8,,3,3,4,3,0.3333333333333333,0.3333333333333333,0.3333333333333333,0.0017480032984167337,0.9071216816248706,0.889508791566985,0.9982519967015833,0.9071216816248706,0.6666666666666667,0.6666666666666667,0 4 5 7,H00 H11 H20 H12,4 5 7,H11 H20 H12,2.0,general_balance,0.250 0.250 0.250 0.250,5 7 4 10
Envelope-DQN,9,,2,2,3,2,0.2222222222222222,0.2222222222222222,0.2222222222222222,0.0005641941679641604,0.947874285076943,0.9211785649204298,0.9994358058320358,0.947874285076943,0.7777777777777778,0.7777777777777778,0 3 4,H00 H02 H11,3 4,H02 H11,2.0,general_balance,0.250 0.250 0.250 0.250,4 3 10
Envelope-DQN,0,,1,1,2,1,0.1111111111111111,0.1111111111111111,0.1111111111111111,0.0011978161055594683,0.8766530596791776,0.8163550715430379,0.9988021838944405,0.8766530596791776,0.8888888888888888,0.8888888888888888,0 4,H00 H11,4,H11,3.0,compact,0.200 0.200 0.300 0.300,4 10
Envelope-DQN,1,,1,1,2,1,0.1111111111111111,0.1111111111111111,0.1111111111111111,0.0012973537668585777,0.8603952150220465,0.8194322261065989,0.9987026462331414,0.8603952150220465,0.8888888888888888,0.8888888888888888,0 4,H00 H11,4,H11,3.0,compact,0.200 0.200 0.300 0.300,4 10
Envelope-DQN,2,,2,2,3,2,0.2222222222222222,0.2222222222222222,0.2222222222222222,0.0012503177858889103,0.9059180657198823,0.885219254760762,0.9987496822141111,0.9059180657198823,0.7777777777777778,0.7777777777777778,0 3 4,H00 H02 H11,3 4,H02 H11,3.0,compact,0.200 0.200 0.300 0.300,4 3 10
Envelope-DQN,3,,2,2,3,2,0.2222222222222222,0.2222222222222222,0.2222222222222222,0.001116300467401743,0.9102924606196946,0.8973015683758316,0.9988836995325983,0.9102924606196946,0.7777777777777778,0.7777777777777778,0 3 4,H00 H02 H11,3 4,H02 H11,3.0,compact,0.200 0.200 0.300 0.300,4 3 10
Envelope-DQN,4,,1,1,2,1,0.1111111111111111,0.1111111111111111,0.1111111111111111,0.002205750672146678,0.8520976116993729,0.7461178577475359,0.9977942493278533,0.8520976116993729,0.8888888888888888,0.8888888888888888,0 4,H00 H11,4,H11,3.0,compact,0.200 0.200 0.300 0.300,4 10
Envelope-DQN,5,,2,2,3,2,0.2222222222222222,0.2222222222222222,0.2222222222222222,0.001115226885303855,0.9238176877553909,0.909530081882484,0.9988847731146961,0.9238176877553909,0.7777777777777778,0.7777777777777778,0 3 4,H00 H02 H11,3 4,H02 H11,3.0,compact,0.200 0.200 0.300 0.300,4 3 10
Envelope-DQN,6,,1,1,2,1,0.1111111111111111,0.1111111111111111,0.1111111111111111,0.0017911435570567846,0.8343427604093138,0.8336200956800563,0.9982088564429432,0.8343427604093138,0.8888888888888888,0.8888888888888888,0 4,H00 H11,4,H11,3.0,compact,0.200 0.200 0.300 0.300,4 10
Envelope-DQN,7,,1,1,2,1,0.1111111111111111,0.1111111111111111,0.1111111111111111,0.0019191841129213572,0.8576556376705342,0.7755956807294,0.9980808158870786,0.8576556376705342,0.8888888888888888,0.8888888888888888,0 4,H00 H11,4,H11,3.0,compact,0.200 0.200 0.300 0.300,4 10
Envelope-DQN,8,,2,2,3,2,0.2222222222222222,0.2222222222222222,0.2222222222222222,0.0021879877895116806,0.8868179797005533,0.8655033143904854,0.9978120122104883,0.8868179797005533,0.7777777777777778,0.7777777777777778,0 3 4,H00 H02 H11,3 4,H02 H11,3.0,compact,0.200 0.200 0.300 0.300,4 3 10
Envelope-DQN,9,,1,1,2,1,0.1111111111111111,0.1111111111111111,0.1111111111111111,0.001064859563484788,0.9211689055887329,0.8749879835525162,0.9989351404365152,0.9211689055887329,0.8888888888888888,0.8888888888888888,0 4,H00 H11,4,H11,3.0,compact,0.200 0.200 0.300 0.300,4 10
Envelope-DQN,0,,1,1,2,1,0.1111111111111111,0.1111111111111111,0.1111111111111111,0.0011978161055594683,0.8766530596791776,0.8163550715430379,0.9988021838944405,0.8766530596791776,0.8888888888888888,0.8888888888888888,0 4,H00 H11,4,H11,4.0,very_compact,0.150 0.150 0.350 0.350,4 10
Envelope-DQN,1,,1,1,2,1,0.1111111111111111,0.1111111111111111,0.1111111111111111,0.0012973537668585777,0.8603952150220465,0.8194322261065989,0.9987026462331414,0.8603952150220465,0.8888888888888888,0.8888888888888888,0 4,H00 H11,4,H11,4.0,very_compact,0.150 0.150 0.350 0.350,4 10
Envelope-DQN,2,,1,1,2,1,0.1111111111111111,0.1111111111111111,0.1111111111111111,0.0018813424976542592,0.8687248382092798,0.8392101241978032,0.9981186575023457,0.8687248382092798,0.8888888888888888,0.8888888888888888,0 4,H00 H11,4,H11,4.0,very_compact,0.150 0.150 0.350 0.350,4 10
Envelope-DQN,3,,1,1,2,1,0.1111111111111111,0.1111111111111111,0.1111111111111111,0.0016947006806731224,0.8747000688250651,0.8487108145276184,0.9983052993193269,0.8747000688250651,0.8888888888888888,0.8888888888888888,0 4,H00 H11,4,H11,4.0,very_compact,0.150 0.150 0.350 0.350,4 10
Envelope-DQN,4,,1,1,2,1,0.1111111111111111,0.1111111111111111,0.1111111111111111,0.002205750672146678,0.8520976116993729,0.7461178577475359,0.9977942493278533,0.8520976116993729,0.8888888888888888,0.8888888888888888,0 4,H00 H11,4,H11,4.0,very_compact,0.150 0.150 0.350 0.350,4 10
Envelope-DQN,5,,1,1,2,1,0.1111111111111111,0.1111111111111111,0.1111111111111111,0.0017359612975269556,0.8911569506709556,0.860520270310034,0.998264038702473,0.8911569506709556,0.8888888888888888,0.8888888888888888,0 4,H00 H11,4,H11,4.0,very_compact,0.150 0.150 0.350 0.350,4 10
Envelope-DQN,6,,1,1,2,1,0.1111111111111111,0.1111111111111111,0.1111111111111111,0.0017911435570567846,0.8343427604093138,0.8336200956800563,0.9982088564429432,0.8343427604093138,0.8888888888888888,0.8888888888888888,0 4,H00 H11,4,H11,4.0,very_compact,0.150 0.150 0.350 0.350,4 10
Envelope-DQN,7,,1,1,2,1,0.1111111111111111,0.1111111111111111,0.1111111111111111,0.0019191841129213572,0.8576556376705342,0.7755956807294,0.9980808158870786,0.8576556376705342,0.8888888888888888,0.8888888888888888,0 4,H00 H11,4,H11,4.0,very_compact,0.150 0.150 0.350 0.350,4 10
Envelope-DQN,8,,1,1,2,1,0.1111111111111111,0.1111111111111111,0.1111111111111111,0.004113696049898863,0.8231794143900691,0.7495952157870305,0.9958863039501011,0.8231794143900691,0.8888888888888888,0.8888888888888888,0 4,H00 H11,4,H11,4.0,very_compact,0.150 0.150 0.350 0.350,4 10
Envelope-DQN,9,,1,1,2,1,0.1111111111111111,0.1111111111111111,0.1111111111111111,0.001064859563484788,0.9211689055887329,0.8749879835525162,0.9989351404365152,0.9211689055887329,0.8888888888888888,0.8888888888888888,0 4,H00 H11,4,H11,4.0,very_compact,0.150 0.150 0.350 0.350,4 10
