episode,global_step,epsilon,scalar_return,loss,mse,ssim,k,paid_k,total_k,cost,actions
1,2,0.9993666666666666,0.137034073472023,,0.0023083724081516266,0.7861368604387543,1,1,2,0.0,8 10
2,7,0.9977833333333334,0.276503324508667,,0.0006546202348545194,0.937862343988719,4,4,5,0.0,3 4 5 6 10
3,11,0.9965166666666667,0.12872976064682007,,0.000932103197555989,0.9016849774597091,3,3,4,0.0,8 5 9 10
4,19,0.9939833333333333,-0.07930268347263336,,0.0006708232685923576,0.9196443980854275,7,7,8,0.0,2 6 4 7 5 1 9 10
5,28,0.9911333333333333,0.41310742497444153,,0.0011937771923840046,0.8950873853796019,8,8,9,0.0,2 4 1 6 8 9 7 5 10
6,34,0.9892333333333333,0.3607959449291229,,0.0010808901861310005,0.8882790906853114,5,5,6,0.0,9 3 7 5 6 10
7,39,0.98765,0.0077202171087265015,,0.0006354168290272355,0.9272069807178768,4,4,5,0.0,9 2 5 1 10
8,41,0.9870166666666667,0.03811022639274597,,0.0010862683411687613,0.8596572304370411,1,1,2,0.0,9 10
9,47,0.9851166666666666,0.34795984625816345,,0.0012354075442999601,0.9027781299936644,5,5,6,0.0,1 5 9 7 6 10
10,54,0.9829,0.4201754033565521,,0.0008892850019037724,0.9268280611983661,6,6,7,0.0,2 9 5 6 8 4 10
11,63,0.98005,-0.06526971608400345,,0.0003671367885544896,0.9627649622319286,8,8,9,0.0,7 8 3 1 2 5 9 4 10
12,71,0.9775166666666667,0.1128564327955246,,0.001876977039501071,0.8640479710967447,7,7,8,0.0,3 5 8 6 7 2 9 10
13,76,0.9759333333333333,0.32469576597213745,,0.002323491033166647,0.859628489207782,4,4,5,0.0,6 9 2 3 10
14,85,0.9730833333333333,-0.11572947353124619,,0.0004093338211532682,0.951820621344479,9,9,10,0.0,8 2 5 7 4 9 6 3 1
15,88,0.9721333333333333,0.4098464846611023,,0.0018606055527925491,0.8786344346451915,2,2,3,0.0,5 3 10
16,93,0.97055,0.11922511458396912,,0.0028391657397150993,0.8237174460941241,4,4,5,0.0,6 2 9 4 10
17,98,0.9689666666666666,0.14173008501529694,,0.0006569054676219821,0.9461071237691375,4,4,5,0.0,6 1 4 2 10
18,100,0.9683333333333334,0.13972178101539612,,0.0020984108559787273,0.7876977970661412,1,1,2,0.0,3 10
19,104,0.9670666666666666,0.4864680767059326,,0.0005225853528827429,0.9122509674637553,3,3,4,0.0,2 8 4 10
20,106,0.9664333333333334,0.2247912883758545,,0.0023869210854172707,0.8251576587451482,1,1,2,0.0,8 10
21,108,0.9658,0.07571043074131012,,0.001282236771658063,0.8748985216039257,1,1,2,0.0,3 10
22,109,0.9654833333333334,0.0,,0.002152722794562578,0.7677761323276052,0,0,1,0.0,10
23,113,0.9642166666666667,0.07392328977584839,,0.0007304259343072772,0.9236502722525852,3,3,4,0.0,7 5 8 10
24,122,0.9613666666666667,0.15055914223194122,,0.0007560801459476352,0.9140477922792667,8,8,9,0.0,9 8 3 4 5 1 2 7 10
25,128,0.9594666666666667,-0.009706273674964905,0.013539575040340424,0.0005363532109186053,0.9387089015825183,5,5,6,0.0,5 4 1 2 6 10
26,133,0.9578833333333333,0.28772851824760437,0.01225849986076355,0.0013773287646472454,0.8835280305404475,4,4,5,0.0,8 6 4 1 10
27,141,0.95535,0.11021837592124939,0.00723879603901878,0.001317228889092803,0.8726478707528142,7,7,8,0.0,5 2 7 6 8 1 9 10
28,150,0.9525,0.035561636090278625,0.004800211896912919,0.00034341984428465366,0.9514565606923789,8,8,9,0.0,3 4 7 9 6 1 5 8 10
29,159,0.94965,0.48968085646629333,0.0028751681093126535,0.0012561776675283909,0.9210129848168664,9,9,10,0.0,2 8 7 1 3 9 6 4 5
30,162,0.9487,0.3742262125015259,0.0027664063964039087,0.0016878684982657433,0.8941895067868987,2,2,3,0.0,4 8 10
31,168,0.9468,0.4852610230445862,0.0025871758116409183,0.0015348203014582396,0.9009504586316459,5,5,6,0.0,1 3 2 8 5 10
32,177,0.94395,0.0949653834104538,0.0019137141708698538,0.0010372811229899526,0.8981302850276196,9,9,10,0.0,8 5 1 3 2 6 4 7 9
33,183,0.94205,0.031396642327308655,0.001482064990947644,0.00044147498556412756,0.9468933628621765,5,5,6,0.0,7 1 4 5 2 10
34,187,0.9407833333333333,0.2175278216600418,0.0015146299847401679,0.001518807839602232,0.8328084754320161,3,3,4,0.0,2 6 9 10
35,188,0.9404666666666667,0.0,0.0014122232096269727,0.0032532857730984688,0.7553097246470557,0,0,1,0.0,10
36,194,0.9385666666666667,0.13574270904064178,0.0011546544070976477,0.002345854416489601,0.85090268511097,5,5,6,0.0,2 3 8 7 6 10
37,200,0.9366666666666666,-0.01928434520959854,0.001232658183046927,0.001083506504073739,0.8797786947734008,5,5,6,0.0,1 8 9 2 3 10
38,201,0.93635,0.0,0.0015625542728230357,0.0023207482881844044,0.8212330485743944,0,0,1,0.0,10
39,209,0.9338166666666666,0.1980968564748764,0.0010975811019307002,0.0006201176438480616,0.940139065386991,7,7,8,0.0,5 1 6 7 4 8 3 10
40,211,0.9331833333333334,0.14848347008228302,0.0008253424020949751,0.004011116921901703,0.7557830488654358,1,1,2,0.0,9 10
41,218,0.9309666666666667,0.46110379695892334,0.0008730544941499829,0.0009403071599081159,0.9038401189903583,6,6,7,0.0,6 5 3 4 1 2 10
42,225,0.92875,0.08068560063838959,0.0008728922444528767,0.0006310506141744554,0.9295360295901542,6,6,7,0.0,7 2 5 1 6 3 10
43,231,0.92685,0.45229372382164,0.0007798014654933164,0.0008957558311522007,0.9145876676216279,5,5,6,0.0,6 2 4 9 1 10
44,233,0.9262166666666667,0.17001473903656006,0.0007750971126370132,0.0036989019718021154,0.7569942382539708,1,1,2,0.0,2 10
45,242,0.9233666666666667,0.11842170357704163,0.0007276637544338074,0.0002240069443359971,0.9626222297053133,9,9,10,0.0,3 4 6 5 9 2 8 7 1
46,248,0.9214666666666667,0.1492740958929062,0.0006757641773826132,0.00036727669066749513,0.9406293043855679,5,5,6,0.0,8 5 6 1 2 10
47,251,0.9205166666666666,0.3995019793510437,0.0022808540573654077,0.0023240179289132357,0.8663143438246106,2,2,3,0.0,4 5 10
48,255,0.91925,0.09587079286575317,0.0033495714887976646,0.0005140603752806783,0.9366740652943621,3,3,4,0.0,4 2 5 10
49,258,0.9183,0.0866650640964508,0.002356988610699773,0.0038994806818664074,0.8222031855784627,2,2,3,0.0,7 2 10
50,264,0.9164,0.004538334906101227,0.001785862628215303,0.0006244274554774165,0.9231473186920429,5,5,6,0.0,7 4 5 8 3 10
51,273,0.91355,0.5126906037330627,0.0012265525551305877,0.0003397592809051275,0.9383693661864108,9,9,10,0.0,3 1 8 4 7 5 6 2 9
52,275,0.9129166666666667,0.13547374308109283,0.000986379774985835,0.00222787051461637,0.8453399380148521,1,1,2,0.0,7 10
53,277,0.9122833333333333,0.27310502529144287,0.0009799686376936734,0.0026007273700088263,0.7791119686213812,1,1,2,0.0,3 10
54,284,0.9100666666666667,0.18347695469856262,0.0008664039445907942,0.0008773804875090718,0.8974169575377821,6,6,7,0.0,4 2 7 5 6 1 10
55,285,0.9097500000000001,0.0,0.0005819822545163333,0.002575187711045146,0.707858527159511,0,0,1,0.0,10
56,294,0.9069,0.41999781131744385,0.000692068754384915,0.000976661453023553,0.9245425637780416,8,8,9,0.0,7 1 5 4 6 8 9 3 10
57,303,0.90405,0.021535590291023254,0.0006324762814781732,0.0010381053434684873,0.9335120982278967,9,9,10,0.0,5 1 8 2 4 7 3 9 6
58,312,0.9012,0.4899129867553711,0.0005907777037161092,0.0006008654017932713,0.9323195703460544,9,9,10,0.0,7 5 4 2 8 1 6 3 9
59,313,0.9008833333333334,0.0,0.000506581855006516,0.0043410551734268665,0.7631438153090415,0,0,1,0.0,10
60,317,0.8996166666666666,-0.023801658302545547,0.0005663472693413496,0.0013317700941115618,0.8488109467925413,3,3,4,0.0,6 8 1 10
61,319,0.8989833333333334,0.11489591002464294,0.0005077587848063558,0.0037253110203891993,0.7639915611446524,1,1,2,0.0,8 10
62,326,0.8967666666666667,0.19329681992530823,0.0005132072921177107,0.000817429565358907,0.9227090139876648,6,6,7,0.0,6 8 4 7 5 9 10
63,335,0.8939166666666667,0.40502309799194336,0.00047901205834932625,0.0009569015237502754,0.9247751360167789,9,9,10,0.0,8 5 2 3 7 9 6 1 4
64,342,0.8917,0.4570810794830322,0.00047863203716198247,0.0016854428686201572,0.9008454287449046,6,6,7,0.0,9 8 4 7 1 6 10
65,351,0.88885,0.08660620450973511,0.0004954225086193117,0.00158883654512465,0.8845463046066543,9,9,10,0.0,1 4 2 8 9 5 6 7 3
66,352,0.8885333333333334,0.0,0.0006004630122333765,0.0032737974543124437,0.764852500138594,0,0,1,0.0,10
67,361,0.8856833333333334,0.09496539831161499,0.00047874725876479514,0.0010372811229899526,0.8981302850276196,9,9,10,0.0,9 2 5 3 1 6 7 4 8
68,369,0.88315,0.05060599744319916,0.0005032548433518969,0.00040290813194587827,0.9416313531247104,7,7,8,0.0,7 6 8 4 5 9 2 10
69,371,0.8825166666666666,0.26959145069122314,0.00038078219222370535,0.002517158631235361,0.8207732184893063,1,1,2,0.0,7 10
70,376,0.8809333333333333,0.08205913752317429,0.00045647447113879026,0.001474690972827375,0.8888728372469172,4,4,5,0.0,9 7 2 5 10
71,377,0.8806166666666666,0.0,0.00045023710117675364,0.002152722794562578,0.7677761323276052,0,0,1,0.0,10
72,386,0.8777666666666667,-0.13704925775527954,0.0004939795051339186,0.0007509415736421943,0.9156523494495081,9,9,10,0.0,5 9 4 3 2 1 6 7 8
73,391,0.8761833333333333,0.1999514102935791,0.0004644418542739004,0.0004593110643327236,0.9348990311768619,4,4,5,0.0,2 6 5 8 10
74,393,0.87555,0.2391752451658249,0.0005262785998638719,0.002310018287971616,0.8266213543881418,1,1,2,0.0,4 10
75,398,0.8739666666666667,0.14218585193157196,0.00043581010540947316,0.001186132663860917,0.9157821174431925,4,4,5,0.0,2 6 7 5 10
76,399,0.87365,0.0,0.0004191685002297163,0.0031594049651175737,0.6811429803535413,0,0,1,0.0,10
77,405,0.87175,0.04157944768667221,0.000415119924582541,0.0004282312002032995,0.9555074840996693,5,5,6,0.0,7 6 5 9 4 10
78,411,0.86985,0.1659705489873886,0.0003997519233962521,0.0012970182579010725,0.87094312788438,5,5,6,0.0,5 8 3 1 6 10
79,419,0.8673166666666667,0.43591150641441345,0.00041298554788227193,0.0008636314305476844,0.9337622531812625,7,7,8,0.0,1 5 3 4 8 9 7 10
80,428,0.8644666666666667,0.5527865290641785,0.00034796093111961253,0.00047670904314145446,0.9516940403565782,8,8,9,0.0,7 5 6 4 8 3 1 2 10
81,432,0.8632,0.18881168961524963,0.000384289218345657,0.001571137923747301,0.8548085969317966,3,3,4,0.0,2 4 7 10
82,440,0.8606666666666667,0.08902335166931152,0.0003603256664064247,0.00037495786091312766,0.9642713410994669,7,7,8,0.0,6 1 7 5 4 2 8 10
83,449,0.8578166666666667,0.01868419349193573,0.00039190035184017487,0.00042979855788871646,0.9519469536725746,9,9,10,0.0,3 7 8 5 4 9 2 1 6
84,453,0.85655,0.03225592523813248,0.0003847985717584379,0.0010069375857710838,0.8945309283847475,3,3,4,0.0,9 8 6 10
85,459,0.85465,0.3854921758174896,0.00040354673789503676,0.0007483977824449539,0.9395736876861873,5,5,6,0.0,7 9 8 6 1 10
86,467,0.8521166666666666,0.1974094659090042,0.00044186300510773435,0.0003237280179746449,0.9677012771119969,7,7,8,0.0,8 7 9 3 4 6 5 10
87,468,0.8518,0.0,0.000393157999496907,0.0014210209483280778,0.8432332585730749,0,0,1,0.0,10
88,471,0.85085,0.3794107437133789,0.00043245738682647544,0.0022922661155462265,0.8774825342876591,2,2,3,0.0,8 4 10
89,472,0.8505333333333334,0.0,0.000581028638407588,0.002852533245459199,0.7691788236526429,0,0,1,0.0,10
90,475,0.8495833333333334,0.05068318545818329,0.00049306993605569,0.0012384827714413404,0.8876085027954879,2,2,3,0.0,7 3 10
91,482,0.8473666666666666,0.22245019674301147,0.0004006270859723112,0.00033214210998266935,0.9669008846533143,6,6,7,0.0,9 5 2 3 4 6 10
92,484,0.8467333333333333,0.19830937683582306,0.00048479033284820616,0.001677088439464569,0.854843923199687,1,1,2,0.0,4 10
93,493,0.8438833333333333,-0.01163572072982788,0.0003990125777717266,0.0015541984466835856,0.8853870567718386,8,8,9,0.0,1 7 8 4 2 9 3 6 10
94,497,0.8426166666666667,0.21038830280303955,0.0003529358436935581,0.001251491717994213,0.8898002602664951,3,3,4,0.0,7 9 8 10
95,500,0.8416666666666667,0.11493045091629028,0.0003336579878426467,0.0006525320932269096,0.9246124872377455,2,2,3,0.0,7 8 10
96,509,0.8388166666666667,0.05064493417739868,0.0016827749786898494,0.0004367831570561975,0.9511066778484337,8,8,9,0.0,8 6 9 4 3 5 1 2 10
97,517,0.8362833333333333,0.564456045627594,0.000920653241337277,0.00047985248966142535,0.9529805467613529,7,7,8,0.0,9 7 8 6 4 5 3 10
98,519,0.83565,0.19921307265758514,0.0009550637332722545,0.001622155774384737,0.8182138533693574,1,1,2,0.0,3 10
99,525,0.83375,0.20080287754535675,0.0007995136741859218,0.0009439787827432156,0.8908076586376756,5,5,6,0.0,2 4 5 9 6 10
100,528,0.8328,0.07386505603790283,0.0007090192132939895,0.0007097533089108765,0.9232500449939234,2,2,3,0.0,7 4 10
101,532,0.8315333333333333,0.4527943730354309,0.0006785876175854355,0.0009382099960930645,0.9026513690312751,3,3,4,0.0,7 2 5 10
102,536,0.8302666666666667,0.1989022195339203,0.0006571416015503928,0.0006972261471673846,0.9356720983698592,3,3,4,0.0,3 4 5 10
103,538,0.8296333333333333,0.07582038640975952,0.0005033455818193033,0.001557128969579935,0.830267253337377,1,1,2,0.0,9 10
104,547,0.8267833333333333,0.03560861945152283,0.0005282592416430513,0.0003428023774176836,0.9514089614755333,8,8,9,0.0,7 2 9 8 3 1 5 4 10
105,552,0.8252,0.08515039831399918,0.0005545163119677454,0.00040623085806146264,0.9596325283810302,4,4,5,0.0,2 4 5 3 10
106,558,0.8233,0.42579206824302673,0.0005128704409192627,0.001135013997554779,0.8964993772888722,5,5,6,0.0,9 4 6 1 3 10
107,559,0.8229833333333334,0.0,0.0006671946030110121,0.0038122893311083317,0.7455259617759961,0,0,1,0.0,10
108,568,0.8201333333333334,-0.11892557144165039,0.0005216618398359666,0.00030623964266851544,0.9617493655997706,9,9,10,0.0,9 4 3 6 7 8 2 1 5
109,576,0.8176,0.3782886862754822,0.0005074847213109024,0.001182809704914689,0.9065579163812003,7,7,8,0.0,3 6 8 2 7 5 9 10
110,584,0.8150666666666667,0.4579480290412903,0.0004438203395693563,0.0009424294112250209,0.9143822677920747,7,7,8,0.0,4 6 1 7 2 3 8 10
111,589,0.8134833333333333,0.11887539178133011,0.0004734473535791039,0.0005870058084838092,0.9387760378252028,4,4,5,0.0,4 9 6 8 10
112,591,0.81285,0.2976636290550232,0.0004735765978693962,0.0009567101951688528,0.8587379958236969,1,1,2,0.0,7 10
113,599,0.8103166666666667,0.46296602487564087,0.00043881497549591586,0.000349658279446885,0.9654550017715918,7,7,8,0.0,4 9 1 5 3 7 8 10
114,601,0.8096833333333333,0.09980684518814087,0.0004670842317864299,0.0011289275716990232,0.8923991766584402,1,1,2,0.0,4 10
115,606,0.8081,0.14414742588996887,0.00041799304308369755,0.001169756636954844,0.8939754350308006,4,4,5,0.0,1 4 5 7 10
116,613,0.8058833333333333,-0.01553826779127121,0.0004155944459073778,0.0005572407389990985,0.9434807175830201,6,6,7,0.0,5 3 2 7 8 9 10
117,617,0.8046166666666666,0.108040951192379,0.000414029011153616,0.0004871294368058443,0.9462413316709959,3,3,4,0.0,4 3 5 10
118,618,0.8043,0.0,0.00044875871390104294,0.0034688839223235846,0.7994143588891459,0,0,1,0.0,10
119,623,0.8027166666666667,0.3787648677825928,0.0003880215052049607,0.0013639938551932573,0.9021474688926293,4,4,5,0.0,7 9 5 3 10
120,626,0.8017666666666667,0.19222436845302582,0.00035610797931440175,0.0017415775218978524,0.8395191692568884,2,2,3,0.0,1 7 10
121,628,0.8011333333333334,0.1017916351556778,0.00032003385422285646,0.0021546869538724422,0.8433414928694826,1,1,2,0.0,6 10
122,633,0.79955,0.35788869857788086,0.0004443282668944448,0.0021962758619338274,0.8824113396336364,4,4,5,0.0,7 9 1 2 10
123,642,0.7967,-0.1001797765493393,0.0003917808579798374,0.0007688290206715465,0.9137486198498435,8,8,9,0.0,4 6 9 1 7 3 8 5 10
124,648,0.7948,0.39791372418403625,0.00041069163125939667,0.0012027232442051172,0.8789422217397712,5,5,6,0.0,5 6 7 2 1 10
125,657,0.79195,-0.07766521722078323,0.0004057982878293842,0.0004167804145254195,0.9513973655549014,8,8,9,0.0,9 6 4 2 5 7 3 1 10
126,665,0.7894166666666667,0.10076671838760376,0.0003974391547671985,0.00032874621683731675,0.970380674697698,7,7,8,0.0,8 4 6 7 9 3 5 10
127,670,0.7878333333333334,0.3923933207988739,0.00040892687975429,0.0017699000891298056,0.8876642107533891,4,4,5,0.0,3 1 5 8 10
128,672,0.7872,0.12473545968532562,0.00032138469396159053,0.002398843877017498,0.8429083464740289,1,1,2,0.0,1 10
129,675,0.78625,0.15345609188079834,0.000387641698277245,0.003080823225900531,0.8109039896676249,2,2,3,0.0,6 7 10
130,679,0.7849833333333334,0.06810550391674042,0.0003800901467911899,0.0007902149227447808,0.9212329831333138,3,3,4,0.0,7 6 8 10
131,688,0.7821333333333333,-0.11392936110496521,0.00045329078178231913,0.00037483320920728147,0.9536175427694809,9,9,10,0.0,5 1 7 3 4 6 9 2 8
132,692,0.7808666666666667,0.4212041199207306,0.0003714569320436567,0.0014591175131499767,0.8774518011831075,3,3,4,0.0,5 3 1 10
133,696,0.7796,0.20844954252243042,0.0003694949846249074,0.0013824854977428913,0.8621544481900728,3,3,4,0.0,7 5 3 10
134,705,0.77675,0.4349496364593506,0.0004104344439434095,0.00033794459886848927,0.9672684116858222,9,9,10,0.0,9 5 7 2 4 8 6 1 3
135,710,0.7751666666666667,0.14415745437145233,0.00041176364757120607,0.0008804402896203101,0.9253028697477085,4,4,5,0.0,4 7 8 1 10
136,716,0.7732666666666667,0.1465294510126114,0.00041383138159289956,0.000436869595432654,0.9612434035107299,5,5,6,0.0,7 8 2 9 4 10
137,721,0.7716833333333333,0.038018979132175446,0.0003494528995361179,0.0007429818506352603,0.9282797034320451,4,4,5,0.0,4 9 2 8 10
138,726,0.7701,0.07031841576099396,0.0003802249673753977,0.0003361274139024317,0.9596115387045955,4,4,5,0.0,3 7 5 4 10
139,732,0.7682,0.03203142434358597,0.0003649553934034581,0.0004384242929518223,0.9474241583299127,5,5,6,0.0,4 7 5 1 6 10
140,739,0.7659833333333333,-0.05796170234680176,0.0003102664153889886,0.0007490543648600578,0.9025299071503734,6,6,7,0.0,6 9 2 3 5 1 10
141,748,0.7631333333333333,-0.10062169283628464,0.00038109805771253176,0.0009432774968445301,0.9348474241146435,8,8,9,0.0,9 6 7 1 3 5 8 2 10
142,753,0.76155,0.457661509513855,0.0009901734825689345,0.0008566149044781923,0.905171727896729,4,4,5,0.0,3 1 6 5 10
143,762,0.7587,0.38903895020484924,0.0010478660309066374,0.0013110095169395208,0.8905007067744428,8,8,9,0.0,4 3 8 6 1 9 2 7 10
144,765,0.75775,0.16950711607933044,0.0007103775278665125,0.0005228855879977345,0.9285623655963454,2,2,3,0.0,2 4 10
145,767,0.7571166666666667,0.2383064180612564,0.0009040323202498257,0.0018127306830137968,0.8531920945797138,1,1,2,0.0,7 10
146,770,0.7561666666666667,0.08253271877765656,0.0007119815369757513,0.0014961309498175979,0.8997146132812968,2,2,3,0.0,4 1 10
147,778,0.7536333333333334,0.06756022572517395,0.0007079779097693972,0.00034725232399068773,0.9506597352899637,7,7,8,0.0,9 6 4 5 1 8 3 10
148,779,0.7533166666666666,0.0,0.0006692475290037692,0.005118431523442268,0.6635576017869815,0,0,1,0.0,10
149,786,0.7511,0.22322741150856018,0.0006064600394373494,0.00033875240478664637,0.9678223946449589,6,6,7,0.0,4 1 5 6 3 7 10
150,794,0.7485666666666666,0.19575627148151398,0.0005246279833954759,0.0003330326289869845,0.9675435650380556,7,7,8,0.0,6 4 3 2 5 8 1 10
151,796,0.7479333333333333,0.10011549293994904,0.0005240269529167563,0.001772832009010017,0.8872232976569999,1,1,2,0.0,4 10
152,805,0.7450833333333333,0.4446294903755188,0.0005541718209214094,0.0008867850410751998,0.9108949523512163,9,9,10,0.0,7 2 6 4 5 9 8 1 3
153,809,0.7438166666666667,0.18658718466758728,0.0004969237270415761,0.0003880330186802894,0.9341947273589343,3,3,4,0.0,2 6 5 10
154,812,0.7428666666666667,0.06717661023139954,0.0004647943036009868,0.003289780579507351,0.8173797319351953,2,2,3,0.0,4 1 10
155,813,0.74255,0.0,0.00042684987420216203,0.0033651564735919237,0.673386523691665,0,0,1,0.0,10
156,821,0.7400166666666667,-0.06351710855960846,0.00047310280933743343,0.0007853827555663884,0.9112907195559012,7,7,8,0.0,5 9 1 3 8 4 7 10
157,824,0.7390666666666666,0.08021775633096695,0.0004072163816696654,0.0009085991769097745,0.8958004445865236,2,2,3,0.0,4 5 10
158,826,0.7384333333333334,0.06370586156845093,0.0004983040853403509,0.001376544707454741,0.8668436934588993,1,1,2,0.0,5 10
159,828,0.7378,0.060990795493125916,0.0004074050666531548,0.0026780737098306417,0.7226720757972932,1,1,2,0.0,9 10
160,829,0.7374833333333334,0.0,0.00030699025955982506,0.0034688839223235846,0.7994143588891459,0,0,1,0.0,10
161,838,0.7346333333333334,0.5456785559654236,0.0004589139037610342,0.00046588623081333935,0.9532000959344766,9,9,10,0.0,4 3 1 6 5 7 2 8 9
162,845,0.7324166666666667,0.08068141341209412,0.0004264136618335864,0.0011468068696558475,0.8972300373274704,6,6,7,0.0,4 7 2 5 8 9 10
163,854,0.7295666666666667,0.36884456872940063,0.00038816407322883606,0.0014951967168599367,0.9104012205175763,8,8,9,0.0,7 1 6 5 8 2 9 3 10
164,856,0.7289333333333334,0.22604462504386902,0.00044229986087884754,0.0021236417815089226,0.8361737951459131,1,1,2,0.0,7 10
165,859,0.7279833333333334,0.06965397298336029,0.0004625728664298852,0.0018511931411921978,0.8352176407119536,2,2,3,0.0,2 9 10
166,866,0.7257666666666667,0.11345745623111725,0.0004358755249995738,0.0004578238003887236,0.9489012877949636,6,6,7,0.0,4 5 1 7 8 3 10
167,872,0.7238666666666667,0.0017112493515014648,0.0004315274709369987,0.0011401930823922157,0.9270663085647202,5,5,6,0.0,6 5 8 2 9 10
168,876,0.7226,0.4039023518562317,0.00039854088390711695,0.0007969052530825138,0.9356880143072177,3,3,4,0.0,9 7 1 10
169,880,0.7213333333333334,0.0788271352648735,0.0004078310448676348,0.0007183107081800699,0.9290684204056913,3,3,4,0.0,9 2 8 10
170,887,0.7191166666666666,-0.017366670072078705,0.0004375889797561935,0.0005337166949175298,0.9392189787485937,6,6,7,0.0,1 5 8 2 3 7 10
171,896,0.7162666666666666,0.4125733971595764,0.0004283612425852981,0.000699592987075448,0.9451701391253545,9,9,10,0.0,5 9 4 2 6 1 3 8 7
172,905,0.7134166666666666,0.5552655458450317,0.000384633953217417,0.0004709409549832344,0.9528427602065446,8,8,9,0.0,5 1 2 3 4 8 9 6 10
173,908,0.7124666666666667,0.1636655628681183,0.0002635698717009897,0.0009397251415066421,0.9043678418333408,2,2,3,0.0,4 8 10
174,909,0.7121500000000001,0.0,0.00038596027297899127,0.0023364461958408356,0.8168094685532631,0,0,1,0.0,10
175,915,0.71025,0.1882128119468689,0.00044210852259614814,0.001156805781647563,0.8863929715295468,5,5,6,0.0,4 5 1 2 3 10
176,920,0.7086666666666668,0.45065462589263916,0.0003752523800358176,0.0008850813028402627,0.9049951880638721,4,4,5,0.0,7 6 1 4 10
177,929,0.7058166666666668,0.3792897164821625,0.00035163894386237697,0.0009104710770770907,0.9083804065775786,9,9,10,0.0,4 3 1 9 6 5 7 8 2
178,938,0.7029666666666667,0.4087560474872589,0.00041612148116756644,0.0006344392895698547,0.9489724816451033,9,9,10,0.0,4 7 8 9 1 2 3 6 5
179,943,0.7013833333333332,0.17892195284366608,0.0003639001573901623,0.0004640428815037012,0.9481763219046678,4,4,5,0.0,3 9 4 5 10
180,946,0.7004333333333334,0.3592439293861389,0.0003500622600161781,0.0016384217888116837,0.881352606257169,2,2,3,0.0,7 5 10
181,951,0.69885,0.4182971715927124,0.00041287869098596277,0.0013807250652462244,0.8868125671527474,4,4,5,0.0,2 8 7 4 10
182,957,0.69695,0.09901934862136841,0.0004285552956086273,0.000943295715842396,0.916092607747502,5,5,6,0.0,6 4 5 8 2 10
183,959,0.6963166666666667,0.11383114755153656,0.00047238478146027774,0.0041118888184428215,0.8233989459721596,1,1,2,0.0,4 10
184,968,0.6934666666666667,0.4885489344596863,0.00039754943766941625,0.0007867896929383278,0.9265227889405137,8,8,9,0.0,3 5 2 1 4 6 7 9 10
185,975,0.69125,0.23638208210468292,0.00032170656569568176,0.0006837494438514113,0.9469546524367066,6,6,7,0.0,8 6 4 7 3 5 10
186,981,0.68935,0.43193328380584717,0.0003799020390336712,0.0008585473988205194,0.9354242806662845,5,5,6,0.0,4 1 5 9 7 10
187,989,0.6868166666666666,0.16642047464847565,0.00035395943268667907,0.0008123102597892284,0.9232175329990251,7,7,8,0.0,6 7 5 9 1 4 8 10
188,990,0.6865,0.0,0.00025375303812325,0.0027319309301674366,0.7100972338013715,0,0,1,0.0,10
189,992,0.6858666666666666,0.1656569391489029,0.0003390316996956244,0.0010881915222853422,0.9153951142917915,1,1,2,0.0,4 10
190,993,0.68555,0.0,0.00023235798289533705,0.0051753344014286995,0.6757166840116118,0,0,1,0.0,10
191,1002,0.6827,0.18257756531238556,0.0006919044438594332,0.0006658906349912286,0.9475449179072158,8,8,9,0.0,4 6 7 9 5 8 2 3 10
192,1008,0.6808000000000001,0.1467883586883545,0.0011519776307977736,0.002260175533592701,0.8601357941919252,5,5,6,0.0,8 4 2 6 3 10
193,1017,0.67795,0.027309179306030273,0.0010327857324025696,0.0007969713769853115,0.932587621363675,8,8,9,0.0,1 3 5 9 8 2 7 4 10
194,1026,0.6751,0.49542754888534546,0.0009520595582822958,0.0012853877851739526,0.9186317070556735,8,8,9,0.0,5 9 3 2 1 7 6 4 10
195,1034,0.6725666666666666,0.43591150641441345,0.0009193016230710782,0.0008636314305476844,0.9337622531812625,7,7,8,0.0,5 9 1 4 8 3 7 10
196,1038,0.6713,0.18524008989334106,0.0008232757390942425,0.0005476439837366343,0.9467509498954811,3,3,4,0.0,9 4 5 10
197,1042,0.6700333333333334,0.18487609922885895,0.0007630409672856331,0.0006214022869244218,0.9333608825375436,3,3,4,0.0,7 4 8 10
198,1050,0.6675,0.4064728915691376,0.0007194479985628277,0.0008240125025622547,0.9383308969960769,7,7,8,0.0,6 4 7 5 1 2 8 10
199,1056,0.6656,0.4575660824775696,0.0006517970420342559,0.001002652570605278,0.9014081229565402,5,5,6,0.0,7 6 8 3 4 10
200,1062,0.6637,0.10025246441364288,0.0006834416417405009,0.002149252686649561,0.9063064096391413,5,5,6,0.0,4 7 6 2 8 10
201,1068,0.6618,0.21014246344566345,0.0006115017361783733,0.0009132722043432295,0.9191436211575226,5,5,6,0.0,9 4 6 3 1 10
202,1074,0.6599,0.062379464507102966,0.0006046277509691814,0.0018346371361985803,0.8649618117211831,5,5,6,0.0,1 4 6 9 2 10
203,1081,0.6576833333333334,0.5025706887245178,0.0006808581113416169,0.0006639940547756851,0.9266453425396637,6,6,7,0.0,7 6 8 4 5 1 10
204,1087,0.6557833333333334,0.1877891719341278,0.0006170336273498833,0.0004154155030846596,0.9395241836057123,5,5,6,0.0,7 2 3 5 6 10
205,1091,0.6545166666666666,0.07549069076776505,0.0006188349652802572,0.0011848586145788431,0.9243023379946151,3,3,4,0.0,5 3 2 10
206,1095,0.65325,0.0832165852189064,0.0006587101088371128,0.0006880717119202018,0.9320412945981258,3,3,4,0.0,4 9 3 10
207,1101,0.6513500000000001,0.41431039571762085,0.0005385663534980267,0.001136881299316883,0.9250894361900943,5,5,6,0.0,7 4 1 2 3 10
208,1107,0.6494500000000001,0.1465294361114502,0.0005886975559405982,0.000436869595432654,0.9612434035107299,5,5,6,0.0,7 9 4 8 2 10
209,1109,0.6488166666666667,0.2976636290550232,0.000571298849536106,0.0009567101951688528,0.8587379958236969,1,1,2,0.0,7 10
210,1113,0.6475500000000001,0.05986066907644272,0.0006077128782635555,0.0005777354817837477,0.934692947745465,3,3,4,0.0,4 6 5 10
211,1121,0.6450166666666667,0.3868641257286072,0.0006362458225339651,0.0015770582249388099,0.9167841020595021,7,7,8,0.0,7 8 4 1 9 5 6 10
212,1127,0.6431166666666668,0.37864458560943604,0.0005514971999218687,0.0008877443033270538,0.9148615123294338,5,5,6,0.0,2 5 4 9 1 10
213,1128,0.6428,0.0,0.0007146245334297419,0.0018439533887431026,0.7704608944110688,0,0,1,0.0,10
214,1137,0.63995,0.15203306078910828,0.0006012910679500136,0.0007472853176295757,0.9150400329270487,8,8,9,0.0,3 8 4 1 2 6 5 9 10
215,1145,0.6374166666666667,-0.035184599459171295,0.0005506720481207594,0.00042321498040109873,0.956377101426459,7,7,8,0.0,5 4 8 9 2 6 7 10
216,1154,0.6345666666666667,0.4880549907684326,0.0005358359097347906,0.0007882685749791563,0.9263064496121707,8,8,9,0.0,9 7 3 6 1 8 4 5 10
217,1158,0.6333,0.16298478841781616,0.00044291970698395744,0.0007449145196005702,0.9212662822231384,3,3,4,0.0,7 5 8 10
218,1161,0.63235,0.10000191628932953,0.00047490599293572205,0.0007627009763382375,0.91615164573177,2,2,3,0.0,9 4 10
219,1169,0.6298166666666667,0.46894603967666626,0.0005524075422727037,0.00046949315583333373,0.9197890041451392,7,7,8,0.0,5 2 9 4 1 6 8 10
220,1175,0.6279166666666667,0.3129981458187103,0.0005682530366660407,0.0014482823899015784,0.8941283559473177,5,5,6,0.0,9 4 7 3 6 10
221,1182,0.6256999999999999,0.38675016164779663,0.00046851508834931465,0.0009819609113037586,0.9004851945107814,6,6,7,0.0,5 2 6 8 3 4 10
222,1191,0.62285,0.3945664167404175,0.0004923241148288879,0.001156308688223362,0.9284406856132071,9,9,10,0.0,4 2 6 5 9 3 8 7 1
223,1192,0.6225333333333334,0.0,0.0004314484540373087,0.0043410551734268665,0.7631438153090415,0,0,1,0.0,10
224,1201,0.6196833333333334,0.5237164497375488,0.0005319226442629264,0.000562980945687741,0.9425338105022837,8,8,9,0.0,9 4 3 6 7 2 1 8 10
225,1203,0.61905,0.05749360844492912,0.00044048004201613367,0.0022542248480021954,0.8580638985908131,1,1,2,0.0,5 10
226,1212,0.6162,0.4085122346878052,0.00045188204967416823,0.0011757842730730772,0.9271400582142768,8,8,9,0.0,6 4 9 3 2 7 5 1 10
227,1214,0.6155666666666666,0.039785824716091156,0.000586802838370204,0.0019064811058342457,0.7852249208230893,1,1,2,0.0,9 10
228,1219,0.6139833333333333,0.1353749781847,0.0005185533838812262,0.0006822467548772693,0.9211517028448556,4,4,5,0.0,4 6 3 1 10
229,1224,0.6124,0.4642660617828369,0.00051004538545385,0.0008319647749885917,0.9058768906576313,4,4,5,0.0,1 9 5 3 10
230,1229,0.6108166666666667,0.15114177763462067,0.0004372249008156359,0.0008068308816291392,0.9274176071784442,4,4,5,0.0,6 4 7 5 10
231,1233,0.60955,0.19160793721675873,0.0005060147450421937,0.0005755744641646743,0.9362337090137031,3,3,4,0.0,5 7 4 10
232,1236,0.6086,0.3162025511264801,0.000417206872953102,0.001296966103836894,0.8646937386441741,2,2,3,0.0,2 8 10
233,1237,0.6082833333333333,0.0,0.0004712061781901866,0.00217304565012455,0.7462598304889928,0,0,1,0.0,10
234,1243,0.6063833333333333,0.44044750928878784,0.00048784886894281954,0.0008302336209453642,0.9392471435910598,5,5,6,0.0,7 5 4 8 6 10
235,1245,0.60575,0.3537568151950836,0.00048777658957988024,0.0013399411691352725,0.8741264470258239,1,1,2,0.0,4 10
236,1251,0.60385,0.1645810902118683,0.000554084336423936,0.001966088078916073,0.864749863097061,5,5,6,0.0,4 9 5 6 7 10
237,1256,0.6022666666666667,0.20539531111717224,0.0012270037783309816,0.0003391415812075138,0.9511269014705234,4,4,5,0.0,3 8 4 9 10
238,1264,0.5997333333333333,0.058672741055488586,0.0009939497176674195,0.0010241478448733687,0.9061037700946635,7,7,8,0.0,9 5 2 3 4 8 7 10
239,1265,0.5994166666666667,0.0,0.0008885161951184273,0.0038122893311083317,0.7455259617759961,0,0,1,0.0,10
240,1269,0.59815,0.16561445593833923,0.000832859062938951,0.001735445111989975,0.840449722189186,3,3,4,0.0,7 6 1 10
241,1277,0.5956166666666667,0.46231937408447266,0.0008441036334261298,0.00036595144774764776,0.966379791905707,7,7,8,0.0,5 4 6 3 8 7 1 10
242,1280,0.5946666666666667,0.11280544102191925,0.0008596812840551138,0.0011257388396188617,0.9112129717728612,2,2,3,0.0,9 6 10
243,1282,0.5940333333333334,0.1609448790550232,0.0008031098986975849,0.002118231961503625,0.798920670211953,1,1,2,0.0,7 10
244,1288,0.5921333333333334,0.03357161581516266,0.0008601471199654043,0.00046679252409376204,0.9486873009365039,5,5,6,0.0,3 4 9 5 7 10
245,1296,0.5896,0.07225170731544495,0.0007513974051107652,0.0006507850484922528,0.9398920573427051,7,7,8,0.0,4 5 1 3 9 2 8 10
246,1302,0.5877,0.15239329636096954,0.00069623169353387,0.0011034378549084067,0.9330136698363936,5,5,6,0.0,3 8 4 9 5 10
247,1310,0.5851666666666667,0.20886428654193878,0.0006725697057845537,0.000675538438372314,0.9466711762189581,7,7,8,0.0,5 1 6 7 3 8 4 10
248,1317,0.5829500000000001,0.45076894760131836,0.0005864676537125238,0.0008637043065391481,0.9321972830807979,6,6,7,0.0,5 9 6 4 3 1 10
249,1325,0.5804166666666667,0.3977116048336029,0.0006142886959423777,0.0012855122331529856,0.9082172089715916,7,7,8,0.0,5 9 4 7 6 8 1 10
250,1331,0.5785166666666667,0.234131321310997,0.0006450290966313332,0.00030292896553874016,0.9555139301010318,5,5,6,0.0,7 3 5 4 2 10
251,1333,0.5778833333333333,0.17292338609695435,0.0006499765731859952,0.002259687054902315,0.8461811830567619,1,1,2,0.0,8 10
252,1342,0.5750333333333333,0.38768959045410156,0.0006052741793812149,0.0010612320620566607,0.9204946460997449,8,8,9,0.0,5 1 2 8 6 4 9 7 10
253,1350,0.5725,0.34867700934410095,0.0006248749923543073,0.0010594985214993358,0.8930382899027517,7,7,8,0.0,1 6 4 8 9 7 2 10
254,1358,0.5699666666666667,0.5013439059257507,0.0005658479676640127,0.0013201432302594185,0.9171638818154295,7,7,8,0.0,7 6 4 1 5 2 3 10
255,1366,0.5674333333333335,0.4424149990081787,0.0005576881594606675,0.0011112233623862267,0.8996898238763089,7,7,8,0.0,7 5 3 4 9 8 1 10
256,1371,0.56585,0.4283137321472168,0.0005222736217547208,0.0006360159022733569,0.9442758651696119,4,4,5,0.0,5 6 8 7 10
257,1376,0.5642666666666667,0.21256256103515625,0.000517166027566418,0.0017306746449321508,0.8764653371804251,4,4,5,0.0,3 9 5 4 10
258,1379,0.5633166666666667,0.40098848938941956,0.0005066218339682867,0.0017063571140170097,0.8586001001767964,2,2,3,0.0,8 3 10
259,1388,0.5604666666666667,0.4818466305732727,0.0006287119079691669,0.0007713983068242669,0.9280170600387344,9,9,10,0.0,7 4 9 8 5 6 2 1 3
260,1397,0.5576166666666666,0.4125733971595764,0.0005236006076706366,0.000699592987075448,0.9451701391253545,9,9,10,0.0,5 1 6 4 9 7 3 8 2
261,1404,0.5554,0.10534170269966125,0.0005153258888250482,0.0009290681919082999,0.9378668513862188,6,6,7,0.0,3 8 7 4 2 6 10
262,1411,0.5531833333333334,0.3927845358848572,0.0005614838238605964,0.0010800946038216352,0.9187027018220473,6,6,7,0.0,7 1 8 6 9 2 10
263,1415,0.5519166666666666,0.085133396089077,0.0004438991963979788,0.0008444669656455517,0.9045451429985933,3,3,4,0.0,3 5 4 10
264,1422,0.5497000000000001,0.2238580286502838,0.0004943519182104085,0.00032399260089732707,0.9670177745620646,6,6,7,0.0,4 8 3 9 2 5 10
265,1431,0.5468500000000001,0.37928977608680725,0.00047963741558810905,0.0009104710770770907,0.9083804065775786,9,9,10,0.0,3 1 2 6 5 7 8 9 4
266,1435,0.5455833333333333,0.07760586589574814,0.0005065989753347822,0.0006504798075184226,0.9191824672356088,3,3,4,0.0,3 4 5 10
267,1439,0.5443166666666667,0.11574307829141617,0.0005720909684896469,0.0006716125644743443,0.9484512512345092,3,3,4,0.0,5 4 3 10
268,1444,0.5427333333333333,0.17515365779399872,0.0005709349876269698,0.00048609846271574497,0.9461801094617628,4,4,5,0.0,3 4 5 1 10
269,1449,0.54115,0.4200173616409302,0.00048705161898396907,0.0009518726146779954,0.8899805755238187,4,4,5,0.0,7 2 5 9 10
270,1454,0.5395666666666666,0.16048280894756317,0.0005562878795899451,0.0003713379555847496,0.947024543967882,4,4,5,0.0,3 4 9 5 10
271,1461,0.53735,0.11697632074356079,0.00044961003420342294,0.0007825146894901991,0.9432254376578699,6,6,7,0.0,3 4 6 2 5 8 10
272,1463,0.5367166666666667,0.11393459141254425,0.0005258088203845546,0.0013355787377804518,0.8506227636424101,1,1,2,0.0,3 10
273,1467,0.53545,0.16804619133472443,0.0004974050389137119,0.0012507999781519175,0.9102657653134445,3,3,4,0.0,3 9 5 10
274,1472,0.5338666666666667,0.2745687663555145,0.0005270404275506735,0.00034899334423244,0.9663806680709514,4,4,5,0.0,3 4 5 7 10
275,1475,0.5329166666666667,0.35647544264793396,0.0005030996884064128,0.0011646312195807695,0.8896718749775929,2,2,3,0.0,5 7 10
276,1480,0.5313333333333333,0.017245851457118988,0.00045181483146734537,0.001106067793443799,0.8777443160270822,4,4,5,0.0,3 5 9 2 10
277,1483,0.5303833333333333,0.07195386290550232,0.00040071882540360093,0.0009591634152457118,0.8991532568840861,2,2,3,0.0,5 6 10
278,1488,0.5288,0.11899370700120926,0.00048236356815323234,0.0010392155963927507,0.9079392545554216,4,4,5,0.0,9 4 3 7 10
279,1493,0.5272166666666667,0.41962963342666626,0.0004254694387782365,0.0012255334295332432,0.9020955236794761,4,4,5,0.0,6 4 2 3 10
280,1501,0.5246833333333334,0.16620074212551117,0.0005943340111116413,0.000813269813079387,0.9230713723459936,7,7,8,0.0,7 1 6 4 5 9 2 10
281,1506,0.5231,0.22597923874855042,0.00150152345886454,0.0012129484675824642,0.9151403760087902,4,4,5,0.0,3 1 2 7 10
282,1508,0.5224666666666666,0.285515159368515,0.0010708022164180875,0.001005322439596057,0.862981702002844,1,1,2,0.0,5 10
283,1516,0.5199333333333334,0.5062586665153503,0.001144063331594225,0.00039529113564640284,0.9300440213909897,7,7,8,0.0,9 4 8 1 5 2 7 10
284,1523,0.5177166666666666,0.19941577315330505,0.0010912183040220822,0.00022780467406846583,0.9619352526245163,6,6,7,0.0,3 8 4 5 6 9 10
285,1527,0.5164500000000001,0.21985366940498352,0.0012285418924875557,0.0014316774904727936,0.8952306767617764,3,3,4,0.0,7 5 2 10
286,1536,0.5136000000000001,0.449268102645874,0.0009207416312872536,0.0003471437667030841,0.9667776637620932,8,8,9,0.0,6 2 9 3 5 4 7 8 10
287,1545,0.51075,0.3945664167404175,0.0008190364201760127,0.001156308688223362,0.9284406856132071,9,9,10,0.0,9 7 5 4 6 3 1 8 2
288,1554,0.5079,0.37928977608680725,0.0007549175449336568,0.0009104710770770907,0.9083804065775786,9,9,10,0.0,6 4 1 2 8 3 7 9 5
289,1557,0.50695,0.07570531219244003,0.0007383984824021658,0.0012837803224101663,0.8602803217670155,2,2,3,0.0,2 8 10
290,1565,0.5044166666666667,0.15451496839523315,0.0006860849825898185,0.0009193041478283703,0.919536462684874,7,7,8,0.0,2 6 7 9 8 4 1 10
291,1574,0.5015666666666667,0.40798211097717285,0.0007204648961002628,0.0011818342609331012,0.9270280162548019,8,8,9,0.0,9 1 6 4 5 3 2 8 10
292,1578,0.5003,0.1892882138490677,0.0007470029668183997,0.0003878751886077225,0.9448756375189485,3,3,4,0.0,4 3 5 10
293,1581,0.49934999999999996,0.08029144257307053,0.000680743056970338,0.0008871744503267109,0.8932462026155803,2,2,3,0.0,7 8 10
294,1583,0.4987166666666667,0.1618247926235199,0.00044375281140673906,0.003476305864751339,0.7319674504373785,1,1,2,0.0,6 10
295,1587,0.49744999999999995,0.0720503032207489,0.000667014581267722,0.0011616795090958476,0.91836140994049,3,3,4,0.0,3 1 2 10
296,1591,0.4961833333333334,0.20793238282203674,0.0005971662176307291,0.0004913120064884424,0.9460985286517886,3,3,4,0.0,5 4 3 10
297,1596,0.49460000000000004,0.16045311093330383,0.0006638995022512972,0.0003706251736730337,0.9468816998597416,4,4,5,0.0,4 3 5 7 10
298,1603,0.4923833333333334,0.19983981549739838,0.0006855974331431623,0.000790754915215075,0.9095440936251571,6,6,7,0.0,4 9 3 7 5 1 10
299,1607,0.49111666666666676,0.05601032078266144,0.0005250223912298679,0.0011139875277876854,0.8784004348229426,3,3,4,0.0,8 3 7 10
300,1615,0.48858333333333337,0.3842056691646576,0.0006648969974776264,0.0009575975127518177,0.9029213174486557,7,7,8,0.0,9 2 5 4 8 6 3 10
301,1624,0.48573333333333335,0.5126906633377075,0.0006110066218146434,0.0003397592809051275,0.9383693661864108,9,9,10,0.0,1 2 5 9 6 7 4 8 3
302,1630,0.48383333333333334,0.0036346912384033203,0.0005468870755673075,0.0006290838355198503,0.9223441608542494,5,5,6,0.0,3 4 5 6 7 10
303,1637,0.4816166666666667,0.16525423526763916,0.0005752966514722045,0.00026870606234297156,0.9501327157871051,6,6,7,0.0,7 2 9 8 5 3 10
304,1642,0.4800333333333333,0.21256259083747864,0.0005853819835465402,0.0017306746449321508,0.8764653371804251,4,4,5,0.0,9 3 4 5 10
305,1647,0.47844999999999993,0.15963304042816162,0.000574944750405848,0.0014318807516247034,0.9100790233943749,4,4,5,0.0,9 8 3 5 10
306,1650,0.47750000000000004,0.35636258125305176,0.0005232282564975321,0.0021771444007754326,0.8486808267611385,2,2,3,0.0,6 4 10
307,1654,0.4762333333333334,0.22685596346855164,0.0005564242455875501,0.00036390128661878407,0.9670587569900415,3,3,4,0.0,4 3 5 10
308,1660,0.4743333333333334,0.03567686676979065,0.0005523963870170215,0.0004449770785868168,0.9495479234546317,5,5,6,0.0,4 3 5 8 2 10
309,1664,0.47306666666666675,0.08452782034873962,0.0005380471848184243,0.0004742538440041244,0.9490567953032347,3,3,4,0.0,4 1 7 10
310,1665,0.47275,0.0,0.0005614884430542588,0.004879551008343697,0.7126855930594748,0,0,1,0.0,10
311,1670,0.47116666666666673,0.04139312356710434,0.0005513936979696154,0.0006366806337609887,0.9215599262508852,4,4,5,0.0,4 3 8 5 10
312,1677,0.46895,0.11713208258152008,0.0005572500646979149,0.0011171731166541576,0.9308022343587932,6,6,7,0.0,1 3 4 8 5 6 10
313,1682,0.4673666666666667,0.1668257713317871,0.0005215613869950176,0.0006886467454023659,0.9364799934037376,4,4,5,0.0,2 5 4 3 10
314,1691,0.4645166666666667,0.4818466603755951,0.0005443483371184104,0.0007713983068242669,0.9280170600387344,9,9,10,0.0,8 7 3 2 5 1 4 6 9
315,1696,0.4629333333333333,0.04846765846014023,0.0004912606731522828,0.0008258778834715486,0.9067661408401414,4,4,5,0.0,8 4 3 5 10
316,1705,0.4600833333333333,0.4087560474872589,0.000516080216685724,0.0006344392895698547,0.9489724816451033,9,9,10,0.0,7 1 6 4 5 9 2 8 3
317,1707,0.45945,0.07254114747047424,0.0005427076539490372,0.0010062840301543474,0.8915687767649235,1,1,2,0.0,1 10
318,1715,0.45691666666666675,0.3725828528404236,0.0004798208101419732,0.0009450035868212581,0.9219105683630343,7,7,8,0.0,5 9 4 3 7 2 8 10
319,1723,0.45438333333333336,0.4544795751571655,0.0005494521101354621,0.0005015339702367783,0.9168276778476558,7,7,8,0.0,6 1 8 2 9 7 5 10
320,1730,0.4521666666666667,-0.013289570808410645,0.000583510978945664,0.0005210625240579247,0.9432060348222145,6,6,7,0.0,1 8 6 9 3 4 10
321,1732,0.45153333333333334,0.09037943184375763,0.0007029322441667318,0.0013482582289725542,0.9017916632667804,1,1,2,0.0,6 10
322,1741,0.4486833333333333,0.42392051219940186,0.0004679944831877947,0.000652127608191222,0.9492526855253295,8,8,9,0.0,7 4 3 1 6 8 9 5 10
323,1746,0.44710000000000005,0.071087546646595,0.0005595683876890689,0.0004435011651366949,0.948179667365962,4,4,5,0.0,5 4 3 1 10
324,1751,0.44551666666666667,0.029535844922065735,0.000574718660209328,0.0007180902757681906,0.9135492385036171,4,4,5,0.0,9 3 8 4 10
325,1760,0.44266666666666665,0.4446294605731964,0.0009660082481180629,0.0008867850410751998,0.9108949523512163,9,9,10,0.0,6 4 1 5 9 3 7 8 2
326,1765,0.44108333333333327,0.1960027813911438,0.0009039707365445793,0.00035171909257769585,0.9681862600138865,4,4,5,0.0,8 3 4 5 10
327,1771,0.43918333333333337,0.03141229599714279,0.0009020030362686763,0.0003376344102434814,0.9597597682093326,5,5,6,0.0,3 8 4 5 2 10
328,1774,0.43823333333333336,0.16450324654579163,0.0011731077296038468,0.0011307678651064634,0.8895002266172847,2,2,3,0.0,5 7 10
329,1778,0.4369666666666667,0.18726478517055511,0.0008320928172906861,0.0008420562953688204,0.9279354690406892,3,3,4,0.0,4 5 3 10
330,1780,0.43633333333333335,0.14262911677360535,0.0007238418911583722,0.0021834056824445724,0.8380844604033494,1,1,2,0.0,6 10
331,1788,0.4338000000000001,0.17739570140838623,0.0007631109838257544,0.0007633296772837639,0.9135789345245583,7,7,8,0.0,6 7 9 8 4 5 3 10
332,1797,0.43095000000000006,0.427092969417572,0.0006067847005195088,0.000722878728993237,0.9449876690555837,8,8,9,0.0,6 2 4 1 5 8 7 3 10
333,1804,0.4287333333333333,0.3984437584877014,0.0007174372689665429,0.0009524248889647424,0.9047663401409222,6,6,7,0.0,5 4 9 3 7 8 10
334,1811,0.42651666666666666,0.4224032759666443,0.0007564665949238199,0.0008098349208012223,0.9367498016421208,6,6,7,0.0,7 3 1 4 2 8 10
335,1816,0.4249333333333334,0.16604454815387726,0.0007307848311029375,0.000695356575306505,0.9361039494894065,4,4,5,0.0,5 3 1 4 10
336,1820,0.42366666666666664,0.10950823128223419,0.0007525613182224333,0.0003611558931879699,0.9537193116407474,3,3,4,0.0,4 3 5 10
337,1825,0.42208333333333337,0.03623203933238983,0.00084108553128317,0.0006766204023733735,0.9186339108683125,4,4,5,0.0,5 4 7 8 10
338,1833,0.4195500000000001,0.4610959589481354,0.0007121092421584763,0.00035688653588294983,0.9650566423495658,7,7,8,0.0,6 4 7 1 9 5 3 10
339,1839,0.4176500000000001,0.41817906498908997,0.0006385512000027423,0.0013316127005964518,0.8897350411175547,5,5,6,0.0,7 1 3 8 4 10
340,1843,0.41638333333333344,0.04498732089996338,0.0006049712974345312,0.0008444252889603376,0.9031093476803067,3,3,4,0.0,1 6 7 10
341,1849,0.4144833333333334,0.11193595826625824,0.0006434367533074692,0.001155549893155694,0.8947235351333154,5,5,6,0.0,7 5 6 4 1 10
342,1854,0.41290000000000004,0.17892195284366608,0.0006998352007940411,0.0004640428815037012,0.9481763219046678,4,4,5,0.0,9 4 3 5 10
343,1856,0.41226666666666667,0.07092544436454773,0.0006606620154343545,0.0008620461449027061,0.8963355084706217,1,1,2,0.0,3 10
344,1861,0.4106833333333334,0.4509306848049164,0.0004959567973855883,0.0010779158910736442,0.9187137300234983,4,4,5,0.0,5 1 4 7 10
345,1867,0.4087833333333334,0.021894633769989014,0.0006485655127714077,0.0005748581606894732,0.9432004754310839,5,5,6,0.0,4 6 3 1 2 10
346,1875,0.40625,0.0998343974351883,0.0006215024877747055,0.0003276346833445132,0.9695744750651395,7,7,8,0.0,1 5 8 4 3 9 7 10
347,1880,0.4046666666666666,0.1939266175031662,0.0005929907434619963,0.0003622631775215268,0.9672656823459052,4,4,5,0.0,5 3 2 4 10
348,1888,0.40213333333333334,0.40604856610298157,0.0006780915864510462,0.0008302533533424139,0.938503648691526,7,7,8,0.0,7 1 4 8 6 9 5 10
349,1891,0.40118333333333345,0.3500443696975708,0.0006981831975281239,0.0011364922393113375,0.8831537082507834,2,2,3,0.0,8 3 10
350,1899,0.39865000000000006,0.4390868842601776,0.0005346599828044418,0.0006645220564678311,0.949135994053624,7,7,8,0.0,8 9 7 3 6 4 5 10
351,1905,0.39675000000000005,0.15012352168560028,0.0005606691314217945,0.0007837299490347505,0.9430602093832955,5,5,6,0.0,8 4 3 5 6 10
352,1912,0.3945333333333334,0.22376686334609985,0.0006481222808361053,0.0006355951190926135,0.9392202912910657,6,6,7,0.0,9 4 3 5 6 7 10
353,1919,0.39231666666666665,0.46050557494163513,0.0006420537829399109,0.0009456708794459701,0.9043985768426187,6,6,7,0.0,5 1 4 3 8 9 10
354,1927,0.38978333333333337,0.45398351550102234,0.0006453551213780884,0.0009285734849981964,0.9057286143763595,7,7,8,0.0,8 5 6 1 2 3 4 10
355,1930,0.38883333333333336,0.34233173727989197,0.0005259993098055323,0.0015260536456480622,0.8535883338738778,2,2,3,0.0,1 3 10
356,1934,0.3875666666666666,0.23213410377502441,0.0006258741923375055,0.0003251436282880604,0.9489148203527176,3,3,4,0.0,7 5 4 10
357,1935,0.38725,0.0,0.0006186255486682057,0.0017162589356303215,0.8676065404752135,0,0,1,0.0,10
358,1940,0.3856666666666667,0.03250550478696823,0.0007620071701239794,0.0006943915504962206,0.9151435187097537,4,4,5,0.0,7 5 2 4 10
359,1948,0.3831333333333333,0.0662432461977005,0.0005590719483734574,0.0003493136027827859,0.9496038387242736,7,7,8,0.0,4 9 1 6 3 2 5 10
360,1957,0.3802833333333334,0.40502309799194336,0.0005080508676150606,0.0009569015237502754,0.9247751360167789,9,9,10,0.0,8 7 9 4 2 3 6 1 5
361,1961,0.3790166666666668,0.17631763219833374,0.0005608442443190143,0.0013433881103992462,0.8627503839333616,3,3,4,0.0,2 5 9 10
362,1963,0.3783833333333334,0.024439604952931404,0.0005321625794749707,0.005108722485601902,0.7385288034691714,1,1,2,0.0,9 10
363,1967,0.37711666666666677,0.08542367070913315,0.0004928566631861031,0.0010041558416560292,0.9271360863970236,3,3,4,0.0,4 6 3 10
364,1973,0.37521666666666675,0.23675233125686646,0.0006042159996771564,0.00029845317476429045,0.9566583949341644,5,5,6,0.0,6 4 3 2 5 10
365,1977,0.37395,0.1963902711868286,0.00047737757267896086,0.0010112584568560123,0.9315921380212275,3,3,4,0.0,8 7 4 10
366,1986,0.3711,0.4490157961845398,0.0005767437137870325,0.0003453334211371839,0.9665093282580942,8,8,9,0.0,7 1 6 2 9 4 5 3 10
367,1991,0.3695166666666667,0.2194034457206726,0.000547347217798233,0.0011355584720149636,0.8887895109678987,4,4,5,0.0,7 5 4 3 10
368,1995,0.36824999999999997,0.07167927920818329,0.0004934055541525595,0.0009638090850785375,0.8918804804241898,3,3,4,0.0,8 7 4 10
369,2003,0.3657166666666667,0.4346923530101776,0.0007895445814938284,0.0006691261660307646,0.9464100373556724,7,7,8,0.0,3 1 4 9 2 6 5 10
370,2011,0.3631833333333334,0.46183523535728455,0.0009455873951083049,0.0009033996029756963,0.9089565217743022,7,7,8,0.0,5 1 8 4 3 6 7 10
371,2015,0.3619166666666668,0.1892882138490677,0.0008603350433986634,0.0003878751886077225,0.9448756375189485,3,3,4,0.0,4 3 5 10
372,2023,0.3593833333333334,0.4446098208427429,0.0011373006491339765,0.0007152584730647504,0.945147196546321,7,7,8,0.0,7 5 4 6 3 8 9 10
373,2028,0.3578,0.26258206367492676,0.0008497287868522108,0.00030161894392222166,0.9557873027290658,4,4,5,0.0,8 4 3 5 10
374,2033,0.35621666666666674,0.03854984790086746,0.000740184576716274,0.0006531790131703019,0.9265515452049292,4,4,5,0.0,6 7 1 4 10
375,2039,0.3543166666666667,0.46462178230285645,0.0007557845674455166,0.0006955986609682441,0.9460214042280857,5,5,6,0.0,7 4 9 5 3 10
376,2046,0.35209999999999997,0.4185316562652588,0.0006642593486633684,0.0013742555165663362,0.9179753308515557,6,6,7,0.0,3 1 6 7 4 8 10
377,2052,0.35019999999999996,0.32495009899139404,0.0008630798062464843,0.0014121286803856492,0.8998948069871818,5,5,6,0.0,6 7 2 9 8 10
378,2057,0.3486166666666667,0.05858244746923447,0.0007202735519967973,0.0005509633338078856,0.9383379182867998,4,4,5,0.0,1 5 7 3 10
379,2059,0.3479833333333333,0.27691906690597534,0.0006888209900353104,0.0013452678686007857,0.8960445621532613,1,1,2,0.0,3 10
380,2063,0.3467166666666667,0.1550479680299759,0.0008486189472023398,0.001076678978279233,0.9069092293113789,3,3,4,0.0,8 2 3 10
381,2066,0.34576666666666667,0.22392983734607697,0.0006798513350076973,0.002025631256401539,0.8390523356769797,2,2,3,0.0,7 3 10
382,2073,0.34355000000000013,-0.04174139350652695,0.0007794380445765066,0.0005060448311269283,0.942528243226472,6,6,7,0.0,7 8 9 2 6 1 10
383,2077,0.3422833333333334,0.1963902711868286,0.0005712437850888819,0.0010112584568560123,0.9315921380212275,3,3,4,0.0,8 7 4 10
384,2082,0.3407000000000001,0.1960027813911438,0.000653015577699989,0.00035171909257769585,0.9681862600138865,4,4,5,0.0,3 8 5 4 10
385,2084,0.34006666666666674,0.15731461346149445,0.0006468457577284425,0.0007828282541595399,0.8936941840826543,1,1,2,0.0,7 10
386,2093,0.3372166666666667,0.4225286841392517,0.0007402189852048954,0.0008381888037547469,0.934794357287898,8,8,9,0.0,7 4 9 8 3 2 5 6 10
387,2096,0.3362666666666667,0.09346074610948563,0.0006002879429919025,0.0006077494472265244,0.916692987048952,2,2,3,0.0,3 8 10
388,2100,0.3350000000000001,0.18487609922885895,0.0008173678943421692,0.0006214022869244218,0.9333608825375436,3,3,4,0.0,8 7 4 10
389,2107,0.3327833333333333,0.4548354148864746,0.0006232895871757396,0.0006655090255662799,0.9485684057407515,6,6,7,0.0,7 4 9 8 3 5 10
390,2114,0.3305666666666667,0.43370091915130615,0.0006123128779498595,0.0012009262572973967,0.8946305852423242,6,6,7,0.0,5 6 9 4 8 7 10
391,2123,0.32771666666666666,0.38295337557792664,0.0005599708852565123,0.0009324976126663387,0.9064798418179987,8,8,9,0.0,5 6 4 2 1 8 3 7 10
392,2131,0.3251833333333334,0.1869789958000183,0.0005462865956360474,0.0002823102113325149,0.9583851399340896,7,7,8,0.0,3 1 4 5 9 8 2 10
393,2135,0.32391666666666674,0.24339476227760315,0.0007688591940677725,0.0011650301748886704,0.8867031143586219,3,3,4,0.0,3 4 5 10
394,2142,0.3217000000000001,0.4501497745513916,0.0006551380294175553,0.0008776223985478282,0.9326543837838877,6,6,7,0.0,9 4 8 3 5 1 10
395,2144,0.3210666666666667,0.05009815841913223,0.0006128110107965767,0.0012720022350549698,0.8505459766786249,1,1,2,0.0,9 10
396,2152,0.31853333333333333,0.17145884037017822,0.0006830576749052852,0.00022634972992818803,0.9616703692553443,7,7,8,0.0,3 1 9 2 4 5 6 10
397,2156,0.3172666666666667,0.17118535935878754,0.0006734111811965704,0.00045133588719181716,0.9358680258714345,3,3,4,0.0,7 8 4 10
398,2163,0.31505000000000005,0.3573234975337982,0.000603904078681288,0.00106509355828166,0.8919740756541739,6,6,7,0.0,7 4 8 6 1 2 10
399,2164,0.3147333333333333,0.0,0.0007439989130944014,0.004251353442668915,0.6962441123030054,0,0,1,0.0,10
400,2171,0.31251666666666666,0.478283166885376,0.0005647072560220424,0.00035763304913416505,0.9653800409840914,6,6,7,0.0,3 1 4 9 5 6 10
401,2179,0.3099833333333333,0.3596864640712738,0.00055277067804127,0.0010223131394013762,0.8946599392630116,7,7,8,0.0,6 4 1 9 3 2 8 10
402,2184,0.3084,0.2653379440307617,0.0005813545314595104,0.0008888825541362166,0.9335717487278506,4,4,5,0.0,3 1 8 4 10
403,2192,0.30586666666666673,0.39191991090774536,0.0006006594630889595,0.0009377880487591028,0.9056622429122965,7,7,8,0.0,5 1 4 6 7 8 3 10
404,2200,0.30333333333333345,0.43905752897262573,0.0006034381403878797,0.0006528381491079926,0.9482367220340245,7,7,8,0.0,3 4 9 2 7 8 5 10
405,2206,0.30143333333333344,0.13388167321681976,0.0006647361151408404,0.0006843580631539226,0.936580774173867,5,5,6,0.0,8 4 1 3 5 10
406,2211,0.29985000000000006,0.14647391438484192,0.0005401730770245195,0.000415945949498564,0.939348423399483,4,4,5,0.0,6 7 5 4 10
407,2216,0.2982666666666667,0.2873913645744324,0.0005257584853097796,0.0007091115694493055,0.9440199436351887,4,4,5,0.0,3 9 5 4 10
408,2219,0.2973166666666667,0.15804064273834229,0.0005052802055918922,0.0014616744592785835,0.8988897169582484,2,2,3,0.0,7 1 10
409,2227,0.2947833333333334,0.4324427843093872,0.0006188437546370551,0.0010035231243818998,0.9222766683480119,7,7,8,0.0,3 8 4 6 5 1 9 10
410,2232,0.2932,0.07310143858194351,0.0005901667114812881,0.0004896253813058138,0.9515082421186563,4,4,5,0.0,8 7 3 4 10
411,2240,0.29066666666666663,0.4962642788887024,0.0005548535664274823,0.0007956618792377412,0.9247775402420625,7,7,8,0.0,3 1 8 2 9 4 5 10
412,2244,0.2894,0.16699495911598206,0.0006403720617527142,0.0019570025615394115,0.896982293051095,3,3,4,0.0,8 4 3 10
413,2249,0.2878166666666666,0.4765588343143463,0.0006878203363157809,0.0005214664270170033,0.9129754789306491,4,4,5,0.0,2 4 9 8 10
414,2255,0.2859166666666667,0.1226886510848999,0.0008261201583081856,0.0008235184941440821,0.929061899446704,5,5,6,0.0,8 1 3 4 5 10
415,2263,0.28338333333333343,0.4241308569908142,0.0007957786147017032,0.001197366276755929,0.9275213584667082,7,7,8,0.0,6 4 3 1 8 9 5 10
416,2272,0.2805333333333334,0.4199978709220886,0.0007360856915410194,0.000976661453023553,0.9245425637780416,8,8,9,0.0,7 4 6 8 1 9 5 3 10
417,2278,0.2786333333333334,0.4447476267814636,0.0005640995805151761,0.0005703011993318796,0.9327689201419334,5,5,6,0.0,3 1 4 5 6 10
418,2279,0.27831666666666666,0.0,0.0007268188637681305,0.0013359682634472847,0.7905819052863561,0,0,1,0.0,10
419,2283,0.27705,0.14912214875221252,0.0006948107911739498,0.0005204124026931822,0.9235938771690965,3,3,4,0.0,9 8 3 10
420,2289,0.27515,0.45110103487968445,0.0005674639445108672,0.0012468632776290178,0.9247271988582969,5,5,6,0.0,9 4 5 8 3 10
421,2294,0.2735666666666666,0.25082433223724365,0.0006297930958680809,0.0008241753093898296,0.9070869517046405,4,4,5,0.0,4 3 6 5 10
422,2302,0.27103333333333335,0.5283329486846924,0.000684677972458303,0.0003510063688736409,0.9359909681233441,7,7,8,0.0,4 9 8 7 3 2 5 10
423,2305,0.27008333333333334,0.1132059395313263,0.000769421070193251,0.001207786612212658,0.9240586869994468,2,2,3,0.0,2 8 10
424,2309,0.2688166666666667,0.03568331152200699,0.000583749613724649,0.0009131031692959368,0.8877219161490482,3,3,4,0.0,2 1 8 10
425,2315,0.2669166666666668,0.4651728570461273,0.0006137044304826608,0.0008708955720067024,0.9307472451316474,5,5,6,0.0,6 4 3 1 5 10
426,2320,0.2653333333333334,0.25082433223724365,0.000580172217451036,0.0008241753093898296,0.9070869517046405,4,4,5,0.0,3 6 4 5 10
427,2323,0.2643833333333334,0.21008910238742828,0.0005831857949184874,0.0014750069240108132,0.8499589349241765,2,2,3,0.0,3 4 10
428,2327,0.2631166666666668,0.1850685477256775,0.0004593476842273958,0.0006042480235919356,0.9317338100050916,3,3,4,0.0,3 8 4 10
429,2335,0.2605833333333334,0.5633746385574341,0.0005139187014719937,0.0004831207625102252,0.9526534494229645,7,7,8,0.0,7 4 8 2 9 5 3 10
430,2340,0.259,0.25515463948249817,0.0005428334290627391,0.0007922337390482426,0.9093863053267266,4,4,5,0.0,3 4 5 9 10
431,2344,0.25773333333333337,0.055151648819446564,0.000508115605043713,0.0008723894134163857,0.9118557664943365,3,3,4,0.0,2 5 7 10
432,2350,0.25583333333333336,0.1226886510848999,0.0005120544471234704,0.0008235184941440821,0.929061899446704,5,5,6,0.0,8 1 4 5 3 10
433,2356,0.25393333333333334,0.26184892654418945,0.0005432782539476951,0.0006940481252968311,0.9452898372828464,5,5,6,0.0,8 4 9 3 5 10
434,2364,0.25139999999999996,0.44465208053588867,0.0005416306339611765,0.0011051547480747104,0.9010175388930952,7,7,8,0.0,7 4 5 8 2 3 9 10
435,2368,0.2501333333333333,0.05576096475124359,0.000614560442045331,0.0010943246306851506,0.8756841325182269,3,3,4,0.0,7 6 4 10
436,2370,0.24950000000000006,0.2950710654258728,0.0005857014621142298,0.0017585180466994643,0.8395204994911671,1,1,2,0.0,7 10
437,2378,0.24696666666666678,0.43318140506744385,0.0004802851217391435,0.0008716064039617777,0.9319626742112367,7,7,8,0.0,7 4 2 5 3 8 1 10
438,2382,0.24570000000000003,0.17178700864315033,0.0005620796800940298,0.0012108059599995613,0.8881999953837089,3,3,4,0.0,7 4 5 10
439,2386,0.2444333333333334,0.24339476227760315,0.0005243377454462461,0.0011650301748886704,0.8867031143586219,3,3,4,0.0,3 4 5 10
440,2390,0.24316666666666675,0.3104131817817688,0.0004910907155135646,0.0007459187181666493,0.9416358080580742,3,3,4,0.0,3 4 5 10
441,2397,0.24095,0.22474072873592377,0.0005234884073226047,0.0003239195793867111,0.9674796066496092,6,6,7,0.0,9 4 8 3 6 5 10
442,2398,0.24063333333333337,0.0,0.0005548911867663264,0.00229056179523468,0.7428938356847209,0,0,1,0.0,10
443,2407,0.23778333333333335,0.4446294605731964,0.0005000372701841923,0.0008867850410751998,0.9108949523512163,9,9,10,0.0,4 3 9 2 6 8 5 1 7
444,2411,0.2365166666666667,0.04327397793531418,0.0005617497808998451,0.0008804788812994957,0.8952764801937958,3,3,4,0.0,1 7 8 10
445,2415,0.23524999999999996,0.06903370469808578,0.00045078763650963083,0.0005316880997270346,0.9391998500694985,3,3,4,0.0,7 6 4 10
446,2424,0.23239999999999994,0.49633997678756714,0.0004661323683750298,0.0006134753348305821,0.9306162230218633,8,8,9,0.0,7 9 1 2 4 8 5 3 10
447,2429,0.23081666666666667,0.15498045086860657,0.0005445825518108904,0.0010537258349359035,0.9025470054266569,4,4,5,0.0,9 4 3 5 10
448,2435,0.22891666666666677,0.24576091766357422,0.0004660635992574195,0.0006640126230195165,0.9356162720110697,5,5,6,0.0,8 4 3 1 5 10
449,2442,0.22670000000000012,0.12036244571208954,0.0005015268439560064,0.0010957095073536038,0.9345838793251092,6,6,7,0.0,9 7 4 5 8 3 10
450,2450,0.22416666666666674,0.38750091195106506,0.00047588179586455226,0.0009521585889160633,0.9048686899802915,7,7,8,0.0,4 9 8 7 6 5 3 10
451,2456,0.22226666666666672,0.14906829595565796,0.00039697755710221827,0.0007912201108410954,0.9421657067806627,5,5,6,0.0,6 4 2 5 3 10
452,2461,0.22068333333333334,0.1637536734342575,0.00046104189823381603,0.000999363255687058,0.9316934667855465,4,4,5,0.0,8 4 3 1 10
453,2465,0.2194166666666667,0.08563054352998734,0.0004477478942135349,0.0005909245228394866,0.9310057710027865,3,3,4,0.0,2 8 3 10
454,2473,0.21688333333333332,0.4307175576686859,0.0004252872531651519,0.001003034645691514,0.920489634986298,7,7,8,0.0,4 6 1 9 3 2 5 10
455,2478,0.21530000000000005,0.2645028829574585,0.00045637942384928464,0.0003006814804393798,0.9569242395345436,4,4,5,0.0,3 4 9 5 10
456,2487,0.21245000000000003,0.384896457195282,0.00046927199259193405,0.0009265134576708078,0.9069147171733921,8,8,9,0.0,1 4 9 5 7 2 8 3 10
457,2493,0.21055000000000013,0.37020352482795715,0.0004861343865438054,0.0013164731208235025,0.8733648711839839,5,5,6,0.0,1 4 6 9 8 10
458,2501,0.20801666666666674,0.4429183006286621,0.0004989072513126303,0.0011157135013490915,0.9010817981042704,7,7,8,0.0,7 6 4 3 8 5 2 10
459,2507,0.20611666666666673,0.23476803302764893,0.0007457013901633521,0.0003015593101736158,0.9557560029197107,5,5,6,0.0,3 1 4 8 5 10
460,2515,0.20358333333333334,0.5068041086196899,0.0008059419997152872,0.0006178016774356365,0.9310192631271875,7,7,8,0.0,8 4 9 6 7 5 3 10
461,2521,0.20168333333333333,0.15056131780147552,0.0006436483721093585,0.0011231560492888093,0.9312394629193826,5,5,6,0.0,3 4 1 9 5 10
462,2528,0.19946666666666668,0.5043047666549683,0.0006553904303083462,0.0008087501628324389,0.9242088194586576,6,6,7,0.0,5 8 4 3 7 2 10
463,2535,0.19725000000000004,0.13255220651626587,0.0005971707411975201,0.0003365128068253398,0.9696880296563706,6,6,7,0.0,3 7 5 6 4 1 10
464,2539,0.1959833333333333,0.22473883628845215,0.0006750472530256957,0.0012073888210579753,0.8770633098557503,3,3,4,0.0,8 4 3 10
465,2546,0.19376666666666664,0.4313516914844513,0.000564245440598045,0.0005573295638896525,0.9338762586876556,6,6,7,0.0,6 4 5 3 1 9 10
466,2550,0.1925,0.24339479207992554,0.0005483619679580443,0.0011650301748886704,0.8867031143586219,3,3,4,0.0,5 3 4 10
467,2554,0.19123333333333337,0.10950153321027756,0.0004839236498810351,0.0004470786079764366,0.9479181067696933,3,3,4,0.0,4 3 5 10
468,2557,0.19028333333333336,0.05215900391340256,0.0005415074895912161,0.0010262496070936322,0.8675085755683012,2,2,3,0.0,3 1 10
469,2564,0.18806666666666672,0.45125889778137207,0.0005645598950130599,0.0009888210333883762,0.9233532538560001,6,6,7,0.0,7 4 6 8 3 5 10
470,2567,0.1871166666666667,0.05215900391340256,0.00048726230549315613,0.0010262496070936322,0.8675085755683012,2,2,3,0.0,3 1 10
471,2572,0.18553333333333344,0.5061650276184082,0.0005296097311656922,0.00038396441959775984,0.9646238789724255,4,4,5,0.0,6 4 3 5 10
472,2577,0.18395000000000006,0.1404760479927063,0.0006532557075843215,0.00044328393414616585,0.9373534473631526,4,4,5,0.0,6 4 8 3 10
473,2583,0.18205000000000005,0.4447476863861084,0.0005698650929844007,0.0005703011993318796,0.9327689201419334,5,5,6,0.0,6 4 1 3 5 10
474,2587,0.1807833333333334,0.1833808869123459,0.0005885389182367362,0.0011306899832561612,0.9001813861546987,3,3,4,0.0,5 4 3 10
475,2591,0.17951666666666666,0.18338090181350708,0.0005757142644142732,0.0011306899832561612,0.9001813861546987,3,3,4,0.0,4 5 3 10
476,2596,0.1779333333333334,0.07083111256361008,0.0005855607683770359,0.00047345642815344036,0.9472198674320182,4,4,5,0.0,4 3 5 1 10
477,2603,0.17571666666666663,0.44597047567367554,0.0005558316188398749,0.000698526855558157,0.9448541595238426,6,6,7,0.0,8 4 3 1 5 6 10
478,2606,0.17476666666666663,0.0841386690735817,0.00048378317539269727,0.0007088416605256498,0.9173272574911786,2,2,3,0.0,3 1 10
479,2609,0.17381666666666662,0.10047424584627151,0.00046880128017316264,0.00139409932307899,0.9178067911305552,2,2,3,0.0,8 7 10
480,2617,0.17128333333333345,0.4574044942855835,0.0004961456688761245,0.0009179231710731983,0.9072091945676259,7,7,8,0.0,8 4 3 5 6 1 9 10
481,2618,0.1709666666666667,0.0,0.0005386630655266345,0.0015812440542504191,0.7771263515552358,0,0,1,0.0,10
482,2626,0.16843333333333343,0.5067840814590454,0.00045590534864459187,0.001286629238165915,0.9190745995990162,7,7,8,0.0,4 9 3 7 5 8 6 10
483,2631,0.16685000000000005,0.19420970976352692,0.0004566019924823195,0.0003620861389208585,0.9674759012127603,4,4,5,0.0,3 1 4 5 10
484,2636,0.16526666666666667,0.4772682785987854,0.0004840461420826614,0.0009086476638913155,0.9294773622036122,4,4,5,0.0,8 4 3 5 10
485,2645,0.16241666666666665,0.49839460849761963,0.0004957060769407286,0.000610654940828681,0.9320328336266643,8,8,9,0.0,8 4 3 5 7 2 6 9 10
486,2647,0.1617833333333334,0.3051348626613617,0.0004753139946842566,0.0009299386874772608,0.8570971021984618,1,1,2,0.0,2 10
487,2650,0.16083333333333338,0.07920322567224503,0.0004535368546688308,0.0012084287591278553,0.8585446856286948,2,2,3,0.0,1 7 10
488,2655,0.15925,0.27356773614883423,0.00048018235829658804,0.0003503828775137663,0.9659577143621076,4,4,5,0.0,5 8 4 3 10
489,2664,0.15639999999999998,0.42867758870124817,0.0005229097603458083,0.0010793664259836078,0.9030750394044676,9,9,10,0.0,8 4 9 6 1 5 7 2 3
490,2670,0.15450000000000008,0.45110103487968445,0.0004588782030623406,0.0012468632776290178,0.9247271988582969,5,5,6,0.0,8 4 9 3 5 10
491,2673,0.15355000000000008,0.16552487015724182,0.0004925831162836403,0.0017825857503339648,0.8662805549720664,2,2,3,0.0,8 7 10
492,2678,0.1519666666666667,0.460340678691864,0.000480357906781137,0.0012866274919360876,0.9203374585004991,4,4,5,0.0,8 4 3 5 10
493,2682,0.15070000000000006,0.20793238282203674,0.00045564771426143125,0.0004913120064884424,0.9460985286517886,3,3,4,0.0,5 3 4 10
494,2688,0.14880000000000004,0.458844929933548,0.0005358755443012342,0.0010560520458966494,0.9191894827324202,5,5,6,0.0,8 4 9 3 5 10
495,2693,0.14721666666666677,0.19737015664577484,0.0004182460776064545,0.00034986442187801003,0.9691345387456249,4,4,5,0.0,5 6 4 3 10
496,2701,0.14468333333333339,0.5273382067680359,0.0004946562585246284,0.00035346229560673237,0.9358657273717499,7,7,8,0.0,3 5 6 7 4 1 8 10
497,2705,0.14341666666666675,0.10560297966003418,0.0005688254459528252,0.0003561797784641385,0.958056779700142,3,3,4,0.0,3 4 5 10
498,2709,0.14215,0.21238619089126587,0.00040410134533885866,0.0011898600496351719,0.9272665474275913,3,3,4,0.0,3 4 5 10
499,2714,0.14056666666666673,0.2121565043926239,0.00043589904671534894,0.0010958235943689942,0.8851844856557608,4,4,5,0.0,8 6 7 4 10
500,2717,0.13961666666666672,0.16552487015724182,0.0004355463315732777,0.0017825857503339648,0.8662805549720664,2,2,3,0.0,8 7 10
501,2724,0.13739999999999997,0.5740581750869751,0.0004043848852493933,0.000484864431200549,0.9526285311909266,6,6,7,0.0,8 4 9 3 5 6 10
502,2728,0.13613333333333333,0.18726478517055511,0.00046933428529882804,0.0008420562953688204,0.9279354690406892,3,3,4,0.0,3 4 5 10
503,2733,0.13455000000000006,0.22159495949745178,0.00044646081514656546,0.0011247722432017326,0.8906057049984314,4,4,5,0.0,8 4 3 5 10
504,2740,0.1323333333333334,0.45183324813842773,0.0004678083226151232,0.0011225984198972583,0.8999514412157034,6,6,7,0.0,8 5 4 3 7 2 10
505,2748,0.12980000000000003,0.44089725613594055,0.00043959660979453474,0.0011211084201931953,0.8998659035893031,7,7,8,0.0,8 5 1 4 3 7 2 10
506,2752,0.1285333333333334,0.23390495777130127,0.0004979734221706167,0.0004485856625251472,0.9375728420496837,3,3,4,0.0,8 4 5 10
507,2756,0.12726666666666675,0.21282950043678284,0.0006492832471849397,0.0008140195277519524,0.9398560478627752,3,3,4,0.0,5 4 3 10
508,2761,0.12568333333333337,0.1673668473958969,0.0007049367879517377,0.000685476406943053,0.9368756658859401,4,4,5,0.0,3 4 5 8 10
509,2770,0.12283333333333335,0.48805496096611023,0.0005839814774743798,0.0007882685749791563,0.9263064496121707,8,8,9,0.0,6 4 3 7 1 9 8 5 10
510,2778,0.12029999999999996,0.5065253973007202,0.0005764938105130568,0.0006179207121022046,0.9307619931617049,7,7,8,0.0,8 5 3 7 6 1 4 10
511,2784,0.11839999999999995,0.4529615044593811,0.0005947745667072013,0.0012283893302083015,0.9252934160665996,5,5,6,0.0,8 5 3 4 7 10
512,2791,0.11618333333333342,0.44471609592437744,0.0005414538817214114,0.0007093382300809026,0.9447903384883112,6,6,7,0.0,5 1 6 2 3 4 10
513,2800,0.1133333333333334,0.38295337557792664,0.00054315274529573,0.0009324976126663387,0.9064798418179987,8,8,9,0.0,6 1 2 5 8 3 7 4 10
514,2806,0.11143333333333338,0.4743637442588806,0.0004965056771955764,0.0009364176075905561,0.9054238506892915,5,5,6,0.0,8 5 3 7 4 10
515,2811,0.10985,0.477268248796463,0.0005906701786443591,0.0009086476638913155,0.9294773622036122,4,4,5,0.0,8 5 3 4 10
516,2820,0.1070000000000001,0.5126906037330627,0.0005011890219369283,0.0003397592809051275,0.9383693661864108,9,9,10,0.0,2 5 8 3 7 1 9 4 6
517,2829,0.10415000000000008,0.4874568581581116,0.00047452127910219133,0.0007913691806606948,0.9263054944140733,8,8,9,0.0,8 7 2 9 5 4 3 6 10
518,2834,0.1025666666666667,0.5040646195411682,0.0005787898204289377,0.00038871655124239624,0.9639171475409469,4,4,5,0.0,8 5 3 4 10
519,2840,0.10066666666666668,0.4602757394313812,0.0004903452597015227,0.0007172896875999868,0.944614465469129,5,5,6,0.0,8 3 5 6 4 10
520,2844,0.09940000000000004,0.23378056287765503,0.00045833789044991136,0.0017929158639162779,0.8717285928523498,3,3,4,0.0,3 4 5 10
521,2853,0.09655000000000014,0.555265486240387,0.00046371236223623983,0.0004709409549832344,0.9528427602065446,8,8,9,0.0,6 1 2 4 3 9 8 5 10
522,2860,0.09433333333333338,0.1709223836660385,0.00042727781692519784,0.00108283048029989,0.8929143317141233,6,6,7,0.0,8 9 3 5 2 4 10
523,2862,0.09370000000000012,0.055499736219644547,0.0006646418187301606,0.0018241817597299814,0.8064930596644686,1,1,2,0.0,5 10
524,2865,0.09275000000000011,0.10015594214200974,0.00042117330788945157,0.0013697737595066428,0.9159745314954719,2,2,3,0.0,5 3 10
525,2873,0.09021666666666672,0.38477861881256104,0.00047269699643948115,0.0009552426636219025,0.902897941601971,7,7,8,0.0,2 5 4 3 8 1 6 10
526,2879,0.08831666666666671,0.47504305839538574,0.00046110145922284573,0.0007458259351551533,0.9448524404684797,5,5,6,0.0,9 6 4 3 5 10
527,2883,0.08705000000000007,0.1833808720111847,0.000559800086193718,0.0011306899832561612,0.9001813861546987,3,3,4,0.0,5 3 4 10
528,2891,0.08451666666666668,0.45358628034591675,0.0005371041406760924,0.0009309804881922901,0.9058298771751339,7,7,8,0.0,2 8 3 5 7 1 4 10
529,2896,0.0829333333333333,0.283234179019928,0.0004940623184666038,0.0007426048978231847,0.9420240639435409,4,4,5,0.0,5 1 3 4 10
530,2899,0.0819833333333333,0.11796268820762634,0.0004318814220217367,0.0006844833260402083,0.9263382747007465,2,2,3,0.0,5 3 10
531,2904,0.08040000000000003,0.1585763543844223,0.00043371822685003283,0.00037898129085078835,0.946226403949944,4,4,5,0.0,5 3 8 4 10
532,2910,0.07850000000000001,0.5804235935211182,0.000511129522540917,0.0004964687977917492,0.9505594743417928,5,5,6,0.0,8 5 3 7 4 10
533,2915,0.07691666666666674,0.460340678691864,0.0005356456385925412,0.0012866274919360876,0.9203374585004991,4,4,5,0.0,8 5 3 4 10
534,2924,0.07406666666666673,0.5186738967895508,0.00041376334653856855,0.0003485183697193861,0.9365140106816922,8,8,9,0.0,8 7 2 9 4 6 5 3 10
535,2929,0.07248333333333334,0.2736387550830841,0.0004566952702589333,0.0006645540124736726,0.9357582198347405,4,4,5,0.0,8 5 3 4 10
536,2932,0.07153333333333334,0.08270066976547241,0.00044735430856235325,0.0008391566225327551,0.8909555906950364,2,2,3,0.0,5 3 10
537,2936,0.0702666666666667,0.1892882138490677,0.0004904467205051333,0.0003878751886077225,0.9448756375189485,3,3,4,0.0,5 3 4 10
538,2940,0.06900000000000006,0.20793238282203674,0.00046562645002268255,0.0004913120064884424,0.9460985286517886,3,3,4,0.0,5 3 4 10
539,2944,0.06773333333333342,0.20793238282203674,0.0004403301718411967,0.0004913120064884424,0.9460985286517886,3,3,4,0.0,5 3 4 10
540,2951,0.06551666666666667,0.4287216365337372,0.00044994899820137234,0.0005695183062925935,0.9331280494398935,6,6,7,0.0,6 4 3 1 5 2 10
541,2954,0.06456666666666666,0.11493045091629028,0.0004334507490663479,0.0006525320932269096,0.9246124872377455,2,2,3,0.0,7 8 10
542,2961,0.062350000000000017,0.3984437882900238,0.00039796453867373723,0.0009524248889647424,0.9047663401409222,6,6,7,0.0,8 5 3 7 9 4 10
543,2968,0.06013333333333337,0.3980751037597656,0.00036263316204505306,0.0009517442085780203,0.9042173246902887,6,6,7,0.0,3 5 7 1 8 4 10
544,2973,0.0585500000000001,0.4753968119621277,0.0004331094911321998,0.0007237818208523095,0.9440221804926143,4,4,5,0.0,5 6 3 4 10
545,2977,0.057283333333333464,0.24339476227760315,0.00046576065506087616,0.0011650301748886704,0.8867031143586219,3,3,4,0.0,3 4 5 10
546,2983,0.05538333333333345,0.44783592224121094,0.0005033814959460869,0.0005842300597578287,0.9359327100004722,5,5,6,0.0,8 7 3 5 4 10
547,2987,0.0541166666666667,0.24339479207992554,0.0004512255181907676,0.0011650301748886704,0.8867031143586219,3,3,4,0.0,5 3 4 10
548,2991,0.052850000000000064,0.08145639300346375,0.00047221554996212944,0.0006911485688760877,0.9300072800089006,3,3,4,0.0,5 3 7 10
549,2993,0.05221666666666669,0.060990795493125916,0.0004062901280121878,0.0026780737098306417,0.7226720757972932,1,1,2,0.0,9 10
550,2997,0.05095000000000005,0.23378056287765503,0.0004909191920887679,0.0017929158639162779,0.8717285928523498,3,3,4,0.0,5 3 4 10
551,3001,0.050000000000000044,0.22685596346855164,0.000620570033788681,0.00036390128661878407,0.9670587569900415,3,3,4,0.0,5 3 4 10
552,3009,0.050000000000000044,0.5225940346717834,0.0007571264141006395,0.0003612974542193115,0.9340659147316721,7,7,8,0.0,8 7 3 4 5 2 1 10
553,3013,0.050000000000000044,0.11574307084083557,0.0006319900785456412,0.0006716125644743443,0.9484512512345092,3,3,4,0.0,4 3 5 10
554,3017,0.050000000000000044,0.10950823873281479,0.0006671115843346342,0.0003611558931879699,0.9537193116407474,3,3,4,0.0,5 4 3 10
555,3025,0.050000000000000044,0.4562784433364868,0.000614066120760981,0.0009234213503077626,0.9071870077308378,7,7,8,0.0,8 7 2 9 5 3 4 10
556,3029,0.050000000000000044,0.18726478517055511,0.0007305721810553223,0.0008420562953688204,0.9279354690406892,3,3,4,0.0,5 4 3 10
557,3034,0.050000000000000044,0.07024815678596497,0.0006107736029662192,0.0004416805459186435,0.9468648225494287,4,4,5,0.0,5 4 1 7 10
558,3041,0.050000000000000044,0.5120494365692139,0.0007169080615442779,0.001322274561971426,0.9169737804729788,6,6,7,0.0,5 6 4 3 7 2 10
559,3047,0.050000000000000044,0.5265671014785767,0.0006370928846687699,0.0006222189404070377,0.9295808816423881,5,5,6,0.0,8 5 9 3 4 10
560,3054,0.050000000000000044,0.5176578164100647,0.0004248292825650424,0.001287293154746294,0.9188878044362017,6,6,7,0.0,8 7 3 4 9 5 10
561,3058,0.050000000000000044,0.085133396089077,0.0005902522534597665,0.0008444669656455517,0.9045451429985933,3,3,4,0.0,5 4 3 10
562,3063,0.050000000000000044,0.22070327401161194,0.0005267999600619078,0.0011318449396640062,0.8901272291377381,4,4,5,0.0,5 6 4 3 10
563,3067,0.050000000000000044,0.07760586589574814,0.0005290256667649373,0.0006504798075184226,0.9191824672356088,3,3,4,0.0,4 5 3 10
564,3074,0.050000000000000044,0.5365114808082581,0.0005312502034939826,0.00035624808515422046,0.9350019754857427,6,6,7,0.0,8 5 9 3 7 4 10
565,3078,0.050000000000000044,0.1989022195339203,0.0004962660386809148,0.0006972261471673846,0.9356720983698592,3,3,4,0.0,4 5 3 10
566,3083,0.050000000000000044,0.19737017154693604,0.0005581200472079218,0.00034986442187801003,0.9691345387456249,4,4,5,0.0,6 4 3 5 10
567,3086,0.050000000000000044,0.26030147075653076,0.0004323298344388604,0.001097949338145554,0.8759473488354939,2,2,3,0.0,5 3 10
568,3090,0.050000000000000044,0.18726478517055511,0.00044473056914284825,0.0008420562953688204,0.9279354690406892,3,3,4,0.0,5 4 3 10
569,3096,0.050000000000000044,0.40004873275756836,0.0005052498794005563,0.0009751018951646984,0.9009434271882887,5,5,6,0.0,8 5 3 1 4 10
570,3103,0.050000000000000044,0.4529579281806946,0.0004959004457175199,0.0011156614637002349,0.8998934802611432,6,6,7,0.0,8 5 9 3 4 6 10
571,3107,0.050000000000000044,0.18726478517055511,0.00045325810788199306,0.0008420562953688204,0.9279354690406892,3,3,4,0.0,5 4 3 10
572,3112,0.050000000000000044,0.021642781794071198,0.0005127795273438096,0.0005767092807218432,0.935281015976856,4,4,5,0.0,4 1 5 6 10
573,3116,0.050000000000000044,0.11574307084083557,0.0005544837331399322,0.0006716125644743443,0.9484512512345092,3,3,4,0.0,4 5 3 10
574,3120,0.050000000000000044,0.1892881989479065,0.00046054893755353987,0.0003878751886077225,0.9448756375189485,3,3,4,0.0,5 4 3 10
575,3125,0.050000000000000044,0.22070327401161194,0.000443419988732785,0.0011318449396640062,0.8901272291377381,4,4,5,0.0,5 6 4 3 10
576,3129,0.050000000000000044,0.0851333886384964,0.0004900368512608111,0.0008444669656455517,0.9045451429985933,3,3,4,0.0,4 5 3 10
577,3135,0.050000000000000044,0.4567492604255676,0.0005012071875777716,0.0011439153458923101,0.8971170314480235,5,5,6,0.0,4 6 3 7 5 10
578,3139,0.050000000000000044,0.1833808869123459,0.000502255919855088,0.0011306899832561612,0.9001813861546987,3,3,4,0.0,5 4 3 10
579,3144,0.050000000000000044,0.2765032947063446,0.0004658146703150123,0.0006546202348545194,0.937862343988719,4,4,5,0.0,5 6 4 3 10
580,3148,0.050000000000000044,0.1989022046327591,0.0004080410217284225,0.0006972261471673846,0.9356720983698592,3,3,4,0.0,5 3 4 10
581,3151,0.050000000000000044,0.11620864272117615,0.0005100414661380152,0.0007371136453002691,0.9288307121300385,2,2,3,0.0,4 3 10
582,3157,0.050000000000000044,0.5166860818862915,0.00045145135663915426,0.0006554582505486906,0.9276271393515976,5,5,6,0.0,5 1 4 6 3 10
583,3163,0.050000000000000044,0.11588488519191742,0.0004911267363543933,0.0004085115506313741,0.9410566172510492,5,5,6,0.0,5 6 4 8 7 10
584,3169,0.050000000000000044,0.476794958114624,0.0004931716878976052,0.0009280235972255468,0.9062835116129851,5,5,6,0.0,7 5 4 3 6 10
585,3174,0.050000000000000044,0.22070327401161194,0.00044757595751434567,0.0011318449396640062,0.8901272291377381,4,4,5,0.0,5 6 4 3 10
586,3180,0.050000000000000044,0.5741504430770874,0.0004965983728955811,0.0005165770999155939,0.9489277755214824,5,5,6,0.0,5 1 8 4 3 10
587,3185,0.050000000000000044,0.4138832092285156,0.00043363901786506174,0.000988149200566113,0.9190044138540694,4,4,5,0.0,5 6 4 3 10
588,3189,0.050000000000000044,0.07760586589574814,0.00046891173406038433,0.0006504798075184226,0.9191824672356088,3,3,4,0.0,4 5 3 10
589,3194,0.050000000000000044,0.21003088355064392,0.00046114014112390577,0.0017678049625828862,0.8754988865534843,4,4,5,0.0,5 6 4 3 10
590,3199,0.050000000000000044,0.19420970976352692,0.0003947242221329361,0.0003620861389208585,0.9674759012127603,4,4,5,0.0,5 4 1 3 10
591,3203,0.050000000000000044,0.07760586589574814,0.0004517078778007999,0.0006504798075184226,0.9191824672356088,3,3,4,0.0,4 3 5 10
592,3207,0.050000000000000044,0.10950823128223419,0.00043720971007132903,0.0003611558931879699,0.9537193116407474,3,3,4,0.0,4 3 5 10
593,3216,0.050000000000000044,0.5186153650283813,0.00046479249592973955,0.0003492700052447617,0.936694852343354,8,8,9,0.0,7 8 3 4 9 1 6 5 10
594,3221,0.050000000000000044,0.4617248475551605,0.0005607743398286403,0.000578278093598783,0.9336191550800832,4,4,5,0.0,5 3 6 4 10
595,3225,0.050000000000000044,0.10950151085853577,0.0003324468634673394,0.0004470786079764366,0.9479181067696933,3,3,4,0.0,5 4 3 10
596,3229,0.050000000000000044,0.20793238282203674,0.00041976201464422047,0.0004913120064884424,0.9460985286517886,3,3,4,0.0,5 4 3 10
597,3234,0.050000000000000044,0.21003088355064392,0.0003979641594924033,0.0017678049625828862,0.8754988865534843,4,4,5,0.0,5 6 4 3 10
598,3240,0.050000000000000044,0.5795580148696899,0.0003911200474249199,0.0004955616896040738,0.9494826705610284,5,5,6,0.0,5 1 4 6 3 10
599,3244,0.050000000000000044,0.22685596346855164,0.00046017059503355995,0.00036390128661878407,0.9670587569900415,3,3,4,0.0,4 3 5 10
600,3251,0.050000000000000044,0.5136705636978149,0.0004906254097087574,0.0006281678797677159,0.9292137468683308,6,6,7,0.0,5 8 3 1 7 4 10
601,3255,0.050000000000000044,0.0851333886384964,0.0008183210593415424,0.0008444669656455517,0.9045451429985933,3,3,4,0.0,4 5 3 10
602,3260,0.050000000000000044,0.4753917455673218,0.0007294253911823035,0.0010438355384394526,0.9181503603737646,4,4,5,0.0,5 6 4 3 10
603,3265,0.050000000000000044,0.2635544240474701,0.0007289422326721251,0.00030146329663693905,0.956403461580611,4,4,5,0.0,6 4 3 5 10
604,3270,0.050000000000000044,0.2871164083480835,0.0006111699971370399,0.0007144291885197163,0.9440950080132229,4,4,5,0.0,5 6 4 3 10
605,3275,0.050000000000000044,0.25316122174263,0.0005793381948024035,0.0002313007425982505,0.9614714203794419,4,4,5,0.0,5 6 4 3 10
606,3280,0.050000000000000044,0.2871164083480835,0.0005031002976465971,0.0007144291885197163,0.9440950080132229,4,4,5,0.0,5 6 4 3 10
607,3284,0.050000000000000044,0.10560297966003418,0.0005783610540674999,0.0003561797784641385,0.958056779700142,3,3,4,0.0,4 5 3 10
608,3288,0.050000000000000044,0.2767753303050995,0.0004590717580867931,0.00023578456602990627,0.9599719557392895,3,3,4,0.0,4 3 5 10
609,3294,0.050000000000000044,0.4491235315799713,0.00044015834282618016,0.0005674242856912315,0.9354219601559369,5,5,6,0.0,5 7 4 3 6 10
610,3299,0.050000000000000044,0.21003088355064392,0.0004878565960098058,0.0017678049625828862,0.8754988865534843,4,4,5,0.0,5 6 4 3 10
611,3303,0.050000000000000044,0.1892881989479065,0.0005493122735060751,0.0003878751886077225,0.9448756375189485,3,3,4,0.0,4 5 3 10
612,3308,0.050000000000000044,0.2751680314540863,0.00048799043870531025,0.0003525406355038285,0.9669716516675761,4,4,5,0.0,5 6 4 3 10
613,3313,0.050000000000000044,0.22070327401161194,0.0004101949860341847,0.0011318449396640062,0.8901272291377381,4,4,5,0.0,5 6 4 3 10
614,3318,0.050000000000000044,0.038798585534095764,0.00044123861589469017,0.0006487338105216622,0.9190900222919925,4,4,5,0.0,4 3 5 2 10
615,3324,0.050000000000000044,0.4503094553947449,0.0004697729212542375,0.0012436022516340017,0.9237894623426279,5,5,6,0.0,1 3 4 6 5 10
616,3329,0.050000000000000044,0.22070327401161194,0.00048761318321339787,0.0011318449396640062,0.8901272291377381,4,4,5,0.0,5 6 4 3 10
617,3333,0.050000000000000044,0.06106913834810257,0.0004176524162176065,0.0007793916156515479,0.909924167745462,3,3,4,0.0,4 7 8 10
618,3337,0.050000000000000044,0.1080409437417984,0.00044054270983906463,0.0004871294368058443,0.9462413316709959,3,3,4,0.0,4 5 3 10
619,3342,0.050000000000000044,0.2751680314540863,0.0005125212192069739,0.0003525406355038285,0.9669716516675761,4,4,5,0.0,5 6 4 3 10
620,3349,0.050000000000000044,0.5714913606643677,0.0004788381754354175,0.0004885710659436882,0.9509149092768943,6,6,7,0.0,5 6 4 3 7 2 10
621,3354,0.050000000000000044,0.2871164083480835,0.00047568168374709783,0.0007144291885197163,0.9440950080132229,4,4,5,0.0,5 6 4 3 10
622,3361,0.050000000000000044,0.4468255639076233,0.0004395339637994766,0.0006980778416618705,0.9454181991455529,6,6,7,0.0,5 1 2 8 3 4 10
623,3365,0.050000000000000044,0.07760586589574814,0.0005572667432716116,0.0006504798075184226,0.9191824672356088,3,3,4,0.0,5 4 3 10
624,3371,0.050000000000000044,0.2634968161582947,0.000423381949076429,0.0006865683244541287,0.9464678867641442,5,5,6,0.0,5 6 4 3 7 10
625,3376,0.050000000000000044,0.2871164083480835,0.00039601359167136253,0.0007144291885197163,0.9440950080132229,4,4,5,0.0,5 6 4 3 10
626,3380,0.050000000000000044,0.18726478517055511,0.00043966371595161036,0.0008420562953688204,0.9279354690406892,3,3,4,0.0,5 4 3 10
627,3385,0.050000000000000044,0.2059861123561859,0.0004029078991152346,0.0017928886227309704,0.8717043720513546,4,4,5,0.0,5 3 4 2 10
628,3392,0.050000000000000044,0.4300956130027771,0.0004670120667599674,0.001263623358681798,0.921757423898369,6,6,7,0.0,5 1 8 2 3 4 10
629,3396,0.050000000000000044,0.2552517056465149,0.00039498469413956627,0.0009635059395805001,0.9125499148342612,3,3,4,0.0,7 4 8 10
630,3400,0.050000000000000044,0.48632511496543884,0.0003939571906812489,0.0007457327446900308,0.9416614441681702,3,3,4,0.0,5 3 4 10
631,3404,0.050000000000000044,0.108040951192379,0.0003466053640295286,0.0004871294368058443,0.9462413316709959,3,3,4,0.0,4 3 5 10
632,3408,0.050000000000000044,0.10950823873281479,0.00042230664257658646,0.0003611558931879699,0.9537193116407474,3,3,4,0.0,4 5 3 10
633,3413,0.050000000000000044,0.21612530946731567,0.00044953917968086897,0.0011619356228038669,0.8870668646555027,4,4,5,0.0,5 1 3 4 10
634,3416,0.050000000000000044,0.20276561379432678,0.0005024291458539665,0.0007243723375722766,0.9462217480192286,2,2,3,0.0,1 7 10
635,3425,0.050000000000000044,0.4885489344596863,0.00040389066432706185,0.0007867896929383278,0.9265227889405137,8,8,9,0.0,5 1 2 4 6 3 9 7 10
636,3426,0.050000000000000044,0.0,0.0003276244387961924,0.0017162589356303215,0.8676065404752135,0,0,1,0.0,10
637,3433,0.050000000000000044,0.510732114315033,0.0004538102657534182,0.000640448066405952,0.9292242326435947,6,6,7,0.0,5 1 4 6 3 7 10
638,3442,0.050000000000000044,0.5554210543632507,0.0004367912317522698,0.0004711332148872316,0.9530430480430299,8,8,9,0.0,5 8 1 4 6 3 9 7 10
639,3449,0.050000000000000044,0.47367042303085327,0.000473042787884229,0.00037862604949623346,0.964641092010684,6,6,7,0.0,5 1 6 2 3 4 10
640,3457,0.050000000000000044,0.5586176514625549,0.0003886171798512805,0.0004952732706442475,0.9506999063045318,7,7,8,0.0,5 8 1 2 3 4 7 10
641,3460,0.050000000000000044,0.08432185649871826,0.00038913069874979556,0.0009673585300333798,0.9082185179305204,2,2,3,0.0,4 6 10
642,3466,0.050000000000000044,0.49021950364112854,0.00037155282916501164,0.00038048700662329793,0.96472436513012,5,5,6,0.0,4 6 3 1 5 10
643,3469,0.050000000000000044,0.09007231146097183,0.00031763981678523123,0.001167328329756856,0.8750507655807114,2,2,3,0.0,8 7 10
644,3478,0.050000000000000044,0.37928977608680725,0.0003783781236658494,0.0009104710770770907,0.9083804065775786,9,9,10,0.0,5 8 9 1 6 2 4 7 3
645,3483,0.050000000000000044,0.15295948088169098,0.0003267304040491581,0.0011057995725423098,0.9028867816687622,4,4,5,0.0,4 6 3 5 10
646,3487,0.050000000000000044,0.07694771140813828,0.0003796185992541723,0.0006563083734363317,0.9262215169002695,3,3,4,0.0,4 6 7 10
647,3493,0.050000000000000044,0.5273506045341492,0.0003659529854000236,0.0012934511760249734,0.9180555387215155,5,5,6,0.0,5 8 9 3 4 10
648,3501,0.050000000000000044,0.45398351550102234,0.0004153183981543407,0.0009285734849981964,0.9057286143763595,7,7,8,0.0,5 8 1 6 2 3 4 10
649,3508,0.050000000000000044,0.44420284032821655,0.0005262071665908609,0.0010239199036732316,0.9188303098029387,6,6,7,0.0,5 6 1 2 3 4 10
650,3515,0.050000000000000044,0.44574588537216187,0.0005068974070517081,0.0008972701034508646,0.9302361159099268,6,6,7,0.0,5 1 8 3 4 2 10
651,3520,0.050000000000000044,0.25316122174263,0.0005188098119106143,0.0002313007425982505,0.9614714203794419,4,4,5,0.0,6 4 3 5 10
652,3529,0.050000000000000044,0.5456785559654236,0.0005526647113987969,0.00046588623081333935,0.9532000959344766,9,9,10,0.0,6 1 4 2 7 8 5 9 3
653,3535,0.050000000000000044,0.5075554251670837,0.0004368325996135051,0.0007078754133544862,0.9264770398773563,5,5,6,0.0,6 1 4 3 7 10
654,3540,0.050000000000000044,0.1966245323419571,0.00042269268888048825,0.00034744347794912755,0.9683868314331125,4,4,5,0.0,4 3 9 5 10
655,3549,0.050000000000000044,0.5219144821166992,0.0004791656295613696,0.00034261622931808233,0.9375728052131628,8,8,9,0.0,5 1 6 2 8 3 4 9 10
656,3558,0.050000000000000044,0.43493908643722534,0.0004732444423199114,0.0010968622518703341,0.9010071717246959,8,8,9,0.0,6 1 4 3 7 8 5 9 10
657,3562,0.050000000000000044,0.39888811111450195,0.0004310328440624289,0.001162258442491293,0.9118611440151115,3,3,4,0.0,6 4 3 10
658,3570,0.050000000000000044,0.5639756321907043,0.0004560332490655128,0.00047680462012067437,0.9517942550420477,7,7,8,0.0,6 1 3 4 7 8 5 10
659,3578,0.050000000000000044,0.39185261726379395,0.00047507146882708184,0.0009367419988848269,0.9053251973744239,7,7,8,0.0,6 1 4 3 9 8 5 10
660,3586,0.050000000000000044,0.5273382067680359,0.0003835772313323105,0.00035346229560673237,0.9358657273717499,7,7,8,0.0,6 1 4 3 7 8 5 10
661,3593,0.050000000000000044,0.20036080479621887,0.00033172946340138357,0.0002273729769513011,0.962346828720941,6,6,7,0.0,6 2 3 7 5 4 10
662,3599,0.050000000000000044,0.4503094553947449,0.0003979717633531739,0.0012436022516340017,0.9237894623426279,5,5,6,0.0,4 6 3 1 5 10
663,3602,0.050000000000000044,0.10701587051153183,0.00036035021184943616,0.0007902457728050649,0.9212616234131857,2,2,3,0.0,8 7 10
664,3606,0.050000000000000044,0.29809650778770447,0.00039204674249049276,0.00036596995778381824,0.9654395427027724,3,3,4,0.0,4 3 5 10
665,3613,0.050000000000000044,0.4313516914844513,0.00047339231657263426,0.0005573295638896525,0.9338762586876556,6,6,7,0.0,4 6 3 1 9 5 10
666,3616,0.050000000000000044,0.10449837893247604,0.000420853515000393,0.0005452943732962012,0.9371222096376839,2,2,3,0.0,8 7 10
667,3622,0.050000000000000044,0.42579200863838196,0.0003719268715940416,0.001135013997554779,0.8964993772888722,5,5,6,0.0,6 4 3 1 9 10
668,3628,0.050000000000000044,0.4503094553947449,0.000483681801900578,0.0012436022516340017,0.9237894623426279,5,5,6,0.0,6 4 3 1 5 10
669,3634,0.050000000000000044,0.4024742543697357,0.0003836760830987866,0.0009706581477075815,0.9022637266980198,5,5,6,0.0,6 4 7 5 3 10
670,3640,0.050000000000000044,0.4608151614665985,0.0003924161671117569,0.0010239568073302507,0.9187780575257561,5,5,6,0.0,6 4 3 1 5 10
671,3644,0.050000000000000044,0.23378056287765503,0.00033694180456222966,0.0017929158639162779,0.8717285928523498,3,3,4,0.0,5 3 4 10
672,3648,0.050000000000000044,0.10560297966003418,0.00037333856016630307,0.0003561797784641385,0.958056779700142,3,3,4,0.0,4 3 5 10
673,3655,0.050000000000000044,0.45076900720596313,0.0004230171658231744,0.0008637043065391481,0.9321972830807979,6,6,7,0.0,4 9 3 1 6 5 10
674,3660,0.050000000000000044,0.18297679722309113,0.0003308351093437523,0.0011403299868106842,0.9307086376138873,4,4,5,0.0,6 4 3 5 10
675,3664,0.050000000000000044,0.07091277837753296,0.0004005209993920289,0.000780037953518331,0.9238634752674421,3,3,4,0.0,8 7 2 10
676,3673,0.050000000000000044,0.38445723056793213,0.00034924093051813543,0.0009240448125638068,0.9058347816416257,8,8,9,0.0,6 1 3 4 9 8 2 5 10
677,3677,0.050000000000000044,0.21238619089126587,0.00040782073119771667,0.0011898600496351719,0.9272665474275913,3,3,4,0.0,4 3 5 10
678,3681,0.050000000000000044,0.10560297966003418,0.00040781011193757877,0.0003561797784641385,0.958056779700142,3,3,4,0.0,4 3 5 10
679,3687,0.050000000000000044,0.46517276763916016,0.00034315919522972155,0.0008708955720067024,0.9307472451316474,5,5,6,0.0,4 3 6 1 5 10
680,3690,0.050000000000000044,0.10701587051153183,0.0004687085747718811,0.0007902457728050649,0.9212616234131857,2,2,3,0.0,8 7 10
681,3693,0.050000000000000044,0.10449837893247604,0.0003934499012151112,0.0005452943732962012,0.9371222096376839,2,2,3,0.0,8 7 10
682,3702,0.050000000000000044,0.4903440773487091,0.00039221499658500153,0.0007789268274791539,0.9268132494441395,8,8,9,0.0,6 1 3 4 8 9 2 5 10
683,3710,0.050000000000000044,0.5021100640296936,0.000384485083486652,0.0006319843814708292,0.9296940156877679,7,7,8,0.0,4 9 1 3 5 7 2 10
684,3714,0.050000000000000044,0.22685596346855164,0.0004203279022476636,0.00036390128661878407,0.9670587569900415,3,3,4,0.0,4 3 5 10
685,3718,0.050000000000000044,0.23378056287765503,0.00036007549351779744,0.0017929158639162779,0.8717285928523498,3,3,4,0.0,4 3 5 10
686,3727,0.050000000000000044,0.4903441071510315,0.0003980797773692757,0.0007789268274791539,0.9268132494441395,8,8,9,0.0,4 9 3 1 6 8 2 5 10
687,3730,0.050000000000000044,0.08029144257307053,0.0004331116700389733,0.0008871744503267109,0.8932462026155803,2,2,3,0.0,8 7 10
688,3733,0.050000000000000044,0.32462555170059204,0.0003800510991519938,0.001609739032573998,0.879096459885273,2,2,3,0.0,4 5 10
689,3742,0.050000000000000044,0.4973050057888031,0.0004212777777057555,0.0006115937139838934,0.9311440596434506,8,8,9,0.0,4 9 7 8 5 1 3 6 10
690,3746,0.050000000000000044,0.2767753303050995,0.00030008709654794075,0.00023578456602990627,0.9599719557392895,3,3,4,0.0,4 3 5 10
691,3753,0.050000000000000044,0.45076894760131836,0.00047213880835832763,0.0008637043065391481,0.9321972830807979,6,6,7,0.0,4 1 3 9 6 5 10
692,3757,0.050000000000000044,0.2990611493587494,0.0006390435373759829,0.0006749939639121294,0.9342031731723179,3,3,4,0.0,4 3 5 10
693,3765,0.050000000000000044,0.44436368346214294,0.0006468260398833081,0.0007246614550240338,0.9454937145096226,7,7,8,0.0,2 5 3 4 9 7 6 10
694,3769,0.050000000000000044,0.2767753303050995,0.000677292759064585,0.00023578456602990627,0.9599719557392895,3,3,4,0.0,4 3 5 10
695,3773,0.050000000000000044,0.24339476227760315,0.0004769562801811844,0.0011650301748886704,0.8867031143586219,3,3,4,0.0,4 3 5 10
696,3778,0.050000000000000044,0.25515463948249817,0.0005653207481373101,0.0007922337390482426,0.9093863053267266,4,4,5,0.0,5 3 4 9 10
697,3781,0.050000000000000044,0.09007231146097183,0.0005435423421052595,0.001167328329756856,0.8750507655807114,2,2,3,0.0,8 7 10
698,3787,0.050000000000000044,0.49021944403648376,0.0005645850469591096,0.00038048700662329793,0.96472436513012,5,5,6,0.0,5 1 4 6 3 10
699,3791,0.050000000000000044,0.23378056287765503,0.00048402621905552223,0.0017929158639162779,0.8717285928523498,3,3,4,0.0,4 3 5 10
700,3795,0.050000000000000044,0.1892882138490677,0.0005462106637423858,0.0003878751886077225,0.9448756375189485,3,3,4,0.0,4 3 5 10
701,3798,0.050000000000000044,0.09007231146097183,0.00047866050347996253,0.001167328329756856,0.8750507655807114,2,2,3,0.0,8 7 10
702,3805,0.050000000000000044,0.4442027807235718,0.0004655376251321286,0.0010239199036732316,0.9188303098029387,6,6,7,0.0,5 1 6 2 3 4 10
703,3808,0.050000000000000044,0.10050339251756668,0.0004295632825233042,0.0005802148953080177,0.9219157190796311,2,2,3,0.0,8 7 10
704,3811,0.050000000000000044,0.09007231146097183,0.0005195916552717487,0.001167328329756856,0.8750507655807114,2,2,3,0.0,8 7 10
705,3820,0.050000000000000044,0.40502306818962097,0.0004857219626299209,0.0009569015237502754,0.9247751360167789,9,9,10,0.0,5 1 6 2 4 7 9 8 3
706,3824,0.050000000000000044,0.2990611493587494,0.00047212187928380445,0.0006749939639121294,0.9342031731723179,3,3,4,0.0,4 3 5 10
707,3828,0.050000000000000044,0.21282950043678284,0.0005176914492039941,0.0008140195277519524,0.9398560478627752,3,3,4,0.0,5 4 3 10
708,3835,0.050000000000000044,0.45871078968048096,0.0004992732553676303,0.0007437109015882015,0.944963339640893,6,6,7,0.0,6 4 3 1 9 5 10
709,3841,0.050000000000000044,0.49021944403648376,0.0004161960435643171,0.00038048700662329793,0.96472436513012,5,5,6,0.0,5 1 4 6 3 10
710,3850,0.050000000000000044,0.4899129271507263,0.0004386505299609982,0.0006008654017932713,0.9323195703460544,9,9,10,0.0,5 8 6 9 7 1 2 4 3
711,3854,0.050000000000000044,0.24339479207992554,0.0005081892086309381,0.0011650301748886704,0.8867031143586219,3,3,4,0.0,5 3 4 10
712,3859,0.050000000000000044,0.25013235211372375,0.000423869676887989,0.00023496562789659947,0.9604296457469818,4,4,5,0.0,5 1 4 3 10
713,3863,0.050000000000000044,0.21282950043678284,0.0004107176937395707,0.0008140195277519524,0.9398560478627752,3,3,4,0.0,5 4 3 10
714,3869,0.050000000000000044,0.4602757394313812,0.0004987805344474813,0.0007172896875999868,0.944614465469129,5,5,6,0.0,5 8 6 4 3 10
715,3873,0.050000000000000044,0.2767753303050995,0.00042849800956901163,0.00023578456602990627,0.9599719557392895,3,3,4,0.0,4 3 5 10
716,3877,0.050000000000000044,0.18726478517055511,0.0004558361179078929,0.0008420562953688204,0.9279354690406892,3,3,4,0.0,4 3 5 10
717,3881,0.050000000000000044,0.21238619089126587,0.00046409441711148247,0.0011898600496351719,0.9272665474275913,3,3,4,0.0,4 3 5 10
718,3885,0.050000000000000044,0.2767753005027771,0.0004619030296453275,0.00023578456602990627,0.9599719557392895,3,3,4,0.0,5 3 4 10
719,3894,0.050000000000000044,0.4818466007709503,0.00045580754198858305,0.0007713983068242669,0.9280170600387344,9,9,10,0.0,5 8 6 1 7 9 2 4 3
720,3901,0.050000000000000044,0.4474899470806122,0.0004174467591967966,0.0011327897664159536,0.8970766662399635,6,6,7,0.0,6 4 3 1 9 5 10
721,3905,0.050000000000000044,0.2990611493587494,0.0004633002608898096,0.0006749939639121294,0.9342031731723179,3,3,4,0.0,4 3 5 10
722,3908,0.050000000000000044,0.10701587051153183,0.0005054099504680684,0.0007902457728050649,0.9212616234131857,2,2,3,0.0,8 7 10
723,3912,0.050000000000000044,0.3104131817817688,0.0004249588309903629,0.0007459187181666493,0.9416358080580742,3,3,4,0.0,5 3 4 10
724,3921,0.050000000000000044,0.5456785559654236,0.00038626200209061307,0.00046588623081333935,0.9532000959344766,9,9,10,0.0,8 5 6 1 9 7 2 4 3
725,3930,0.050000000000000044,0.4896808862686157,0.0004243571699286501,0.0012561776675283909,0.9210129848168664,9,9,10,0.0,5 6 1 2 4 7 9 8 3
726,3933,0.050000000000000044,0.09912674874067307,0.00042071868665516376,0.0008769144769757986,0.9184221891546788,2,2,3,0.0,8 4 10
727,3940,0.050000000000000044,0.45990198850631714,0.00039519073574670723,0.0007285000756382942,0.9449395716686453,6,6,7,0.0,7 5 6 4 8 3 10
728,3945,0.050000000000000044,0.07046378403902054,0.000396187836304307,0.0003361661219969392,0.9597677378322792,4,4,5,0.0,4 5 3 6 10
729,3954,0.050000000000000044,0.4899129867553711,0.00035555331527979835,0.0006008654017932713,0.9323195703460544,9,9,10,0.0,5 8 6 1 7 9 2 3 4
730,3957,0.050000000000000044,0.09007231146097183,0.00036172984012713033,0.001167328329756856,0.8750507655807114,2,2,3,0.0,8 7 10
731,3966,0.050000000000000044,0.4899129271507263,0.00039229651641411084,0.0006008654017932713,0.9323195703460544,9,9,10,0.0,5 8 6 9 7 1 2 4 3
732,3970,0.050000000000000044,0.18338090181350708,0.00038075470365583897,0.0011306899832561612,0.9001813861546987,3,3,4,0.0,4 5 3 10
733,3974,0.050000000000000044,0.28492799401283264,0.0003843003141810186,0.00031904428033158183,0.9544529469061408,3,3,4,0.0,4 5 3 10
734,3983,0.050000000000000044,0.4973050057888031,0.0004240505222696811,0.0006115937139838934,0.9311440596434506,8,8,9,0.0,8 5 6 1 4 3 9 7 10
735,3989,0.050000000000000044,0.444747656583786,0.00038893208450948197,0.0005703011993318796,0.9327689201419334,5,5,6,0.0,5 1 4 6 3 10
736,3993,0.050000000000000044,0.28492799401283264,0.00036947917396901175,0.00031904428033158183,0.9544529469061408,3,3,4,0.0,5 3 4 10
737,3999,0.050000000000000044,0.3975455164909363,0.0003528647357597947,0.0009837745456025004,0.9189038903017248,5,5,6,0.0,5 8 1 4 3 10
738,4003,0.050000000000000044,0.28492799401283264,0.0005926515950704925,0.00031904428033158183,0.9544529469061408,3,3,4,0.0,4 3 5 10
739,4012,0.050000000000000044,0.48968085646629333,0.0005019499060128712,0.0012561776675283909,0.9210129848168664,9,9,10,0.0,5 6 1 2 8 3 7 9 4
740,4016,0.050000000000000044,0.22685596346855164,0.000501728274684865,0.00036390128661878407,0.9670587569900415,3,3,4,0.0,5 4 3 10
741,4020,0.050000000000000044,0.07760586589574814,0.0004378385783638805,0.0006504798075184226,0.9191824672356088,3,3,4,0.0,5 4 3 10
742,4026,0.050000000000000044,0.46131056547164917,0.0004736003320431337,0.000713591929525137,0.9450598069235204,5,5,6,0.0,2 5 3 6 4 10
743,4031,0.050000000000000044,0.22070327401161194,0.000445852690609172,0.0011318449396640062,0.8901272291377381,4,4,5,0.0,5 6 4 3 10
744,4035,0.050000000000000044,0.1989022195339203,0.0005427107244031504,0.0006972261471673846,0.9356720983698592,3,3,4,0.0,5 4 3 10
745,4039,0.050000000000000044,0.09722920507192612,0.0005208219954511151,0.0004254916566424072,0.9465197260612257,3,3,4,0.0,8 4 3 10
746,4046,0.050000000000000044,0.478283166885376,0.000628444499203137,0.00035763304913416505,0.9653800409840914,6,6,7,0.0,5 6 1 3 9 4 10
747,4055,0.050000000000000044,0.4899129271507263,0.0004976478101323462,0.0006008654017932713,0.9323195703460544,9,9,10,0.0,8 5 6 9 7 1 2 4 3
748,4063,0.050000000000000044,0.434664249420166,0.0005371677798393648,0.0008643226465210319,0.932729164251391,7,7,8,0.0,5 1 2 3 4 9 7 10
749,4067,0.050000000000000044,0.07760586589574814,0.0005611705710180104,0.0006504798075184226,0.9191824672356088,3,3,4,0.0,5 4 3 10
750,4071,0.050000000000000044,0.2764498293399811,0.000512729660840705,0.0008365531102754176,0.9055910599766815,3,3,4,0.0,5 3 4 10
751,4080,0.050000000000000044,0.5456785559654236,0.0004514125725513117,0.00046588623081333935,0.9532000959344766,9,9,10,0.0,5 8 6 1 4 7 9 2 3
752,4085,0.050000000000000044,0.2635544538497925,0.0004987367370631546,0.00030146329663693905,0.956403461580611,4,4,5,0.0,5 6 4 3 10
753,4090,0.050000000000000044,0.038888923823833466,0.0005059362447354943,0.0006493040127679706,0.9192992288366792,4,4,5,0.0,5 4 3 1 10
754,4099,0.050000000000000044,0.49542751908302307,0.0004573084265252368,0.0012853877851739526,0.9186317070556735,8,8,9,0.0,4 6 3 1 9 5 2 7 10
755,4104,0.050000000000000044,0.41023460030555725,0.0004434011236298829,0.0009997509187087417,0.9172874170839432,4,4,5,0.0,2 5 3 4 10
756,4108,0.050000000000000044,0.07760586589574814,0.0004075661054230295,0.0006504798075184226,0.9191824672356088,3,3,4,0.0,5 4 3 10
757,4117,0.050000000000000044,0.5535488128662109,0.0004702763302096476,0.0004744231700897217,0.9519287506195935,8,8,9,0.0,2 6 3 5 4 9 1 7 10
758,4122,0.050000000000000044,0.1694875806570053,0.000462137081194669,0.0006734614726155996,0.9384640806601532,4,4,5,0.0,6 4 3 5 10
759,4129,0.050000000000000044,0.20078369975090027,0.00046195374203047583,0.0007941643125377595,0.9110920179223334,6,6,7,0.0,5 6 1 3 8 4 10
760,4133,0.050000000000000044,0.108040951192379,0.00041193280776496977,0.0004871294368058443,0.9462413316709959,3,3,4,0.0,5 4 3 10
761,4137,0.050000000000000044,0.085133396089077,0.0003900027950294316,0.0008444669656455517,0.9045451429985933,3,3,4,0.0,5 4 3 10
762,4143,0.050000000000000044,0.46292948722839355,0.00040597588910410803,0.000897890655323863,0.9307290921596795,5,5,6,0.0,4 1 3 9 5 10
763,4149,0.050000000000000044,0.47060853242874146,0.0004019907064503059,0.0007834297139197588,0.943903214990313,5,5,6,0.0,2 5 3 6 4 10
764,4153,0.050000000000000044,0.10950823873281479,0.0003982695925515145,0.0003611558931879699,0.9537193116407474,3,3,4,0.0,5 4 3 10
765,4158,0.050000000000000044,0.15988074243068695,0.00043096880544908346,0.0007985481061041355,0.9318051968615914,4,4,5,0.0,5 6 4 3 10
766,4162,0.050000000000000044,0.10560297966003418,0.00044718557910528034,0.0003561797784641385,0.958056779700142,3,3,4,0.0,4 3 5 10
767,4171,0.050000000000000044,0.42867758870124817,0.0003941659459895972,0.0010793664259836078,0.9030750394044676,9,9,10,0.0,5 8 6 1 4 7 9 2 3
768,4175,0.050000000000000044,0.10950153321027756,0.00038948338624322787,0.0004470786079764366,0.9479181067696933,3,3,4,0.0,4 3 5 10
769,4180,0.050000000000000044,0.2635544538497925,0.0003445843583904207,0.00030146329663693905,0.956403461580611,4,4,5,0.0,5 6 4 3 10
770,4189,0.050000000000000044,0.4818466007709503,0.00041438604562750296,0.0007713983068242669,0.9280170600387344,9,9,10,0.0,5 8 6 1 7 9 2 3 4
771,4194,0.050000000000000044,0.19737015664577484,0.00039559336146339775,0.00034986442187801003,0.9691345387456249,4,4,5,0.0,5 6 4 3 10
772,4200,0.050000000000000044,0.22548964619636536,0.0003144096869315642,0.00022959502530284226,0.9613161883743283,5,5,6,0.0,5 6 1 3 4 10
773,4204,0.050000000000000044,0.21238617599010468,0.0004532012026174925,0.0011898600496351719,0.9272665474275913,3,3,4,0.0,5 4 3 10
774,4210,0.050000000000000044,0.45943984389305115,0.0003887834900524467,0.0007157496293075383,0.943914234496467,5,5,6,0.0,5 6 1 3 4 10
775,4216,0.050000000000000044,0.4608151912689209,0.0004299560484165947,0.0010239568073302507,0.9187780575257561,5,5,6,0.0,1 3 5 6 4 10
776,4221,0.050000000000000044,0.15988074243068695,0.00041009740671142935,0.0007985481061041355,0.9318051968615914,4,4,5,0.0,5 6 4 3 10
777,4225,0.050000000000000044,0.085133396089077,0.0003417362822801806,0.0008444669656455517,0.9045451429985933,3,3,4,0.0,5 4 3 10
778,4233,0.050000000000000044,0.42153045535087585,0.00034414253968861885,0.0012037348933517933,0.9255110736444646,7,7,8,0.0,4 6 3 1 9 2 5 10
779,4237,0.050000000000000044,0.22685596346855164,0.00044279202120378613,0.00036390128661878407,0.9670587569900415,3,3,4,0.0,5 4 3 10
780,4245,0.050000000000000044,0.5077017545700073,0.00043671007006196305,0.0012796055525541306,0.9192193945898596,7,7,8,0.0,5 8 1 4 6 3 9 10
781,4253,0.050000000000000044,0.5074751377105713,0.0004890275668003596,0.0006130955880507827,0.9305472095252217,7,7,8,0.0,5 8 1 4 6 3 9 10
782,4258,0.050000000000000044,0.25316122174263,0.0005968228331767022,0.0002313007425982505,0.9614714203794419,4,4,5,0.0,5 6 4 3 10
783,4267,0.050000000000000044,0.5456784963607788,0.0004974626936018467,0.00046588623081333935,0.9532000959344766,9,9,10,0.0,6 4 1 7 8 5 9 2 3
784,4273,0.050000000000000044,0.16394339501857758,0.0005244609977429112,0.0003458081919234246,0.9687887143684766,5,5,6,0.0,5 2 8 3 4 10
785,4278,0.050000000000000044,0.2751680016517639,0.0003928959311451763,0.0003525406355038285,0.9669716516675761,4,4,5,0.0,6 4 3 5 10
786,4287,0.050000000000000044,0.42392057180404663,0.0004615808235636602,0.000652127608191222,0.9492526855253295,8,8,9,0.0,1 7 4 6 8 5 9 3 10
787,4291,0.050000000000000044,0.20793238282203674,0.0005103992225485854,0.0004913120064884424,0.9460985286517886,3,3,4,0.0,5 3 4 10
788,4295,0.050000000000000044,0.10950151085853577,0.00043907649524044245,0.0004470786079764366,0.9479181067696933,3,3,4,0.0,4 5 3 10
789,4298,0.050000000000000044,0.060464538633823395,0.00042768522204520804,0.0014117462560534477,0.8451143015490559,2,2,3,0.0,5 2 10
790,4303,0.050000000000000044,0.20601969957351685,0.00042648361413739623,0.001792816212400794,0.8717447941797242,4,4,5,0.0,5 1 3 4 10
791,4308,0.050000000000000044,0.1546502262353897,0.0004557009495329112,0.000837070110719651,0.9284224099835091,4,4,5,0.0,5 1 3 4 10
792,4314,0.050000000000000044,0.45587921142578125,0.000402311891472588,0.001073925755918026,0.9175228716431276,5,5,6,0.0,1 3 4 9 5 10
793,4319,0.050000000000000044,0.4802745282649994,0.00038290531374514104,0.0005144646856933832,0.914116853482658,4,4,5,0.0,5 6 1 3 10
794,4324,0.050000000000000044,0.07046379148960114,0.0004473614564631134,0.0003361661219969392,0.9597677378322792,4,4,5,0.0,6 4 3 5 10
795,4330,0.050000000000000044,0.1839606761932373,0.00038458643151291955,0.0017496783984825015,0.8766054021865661,5,5,6,0.0,5 6 1 3 4 10
796,4334,0.050000000000000044,0.24339479207992554,0.0003104728530161083,0.0011650301748886704,0.8867031143586219,3,3,4,0.0,5 3 4 10
797,4340,0.050000000000000044,0.1839606761932373,0.0003717506576019029,0.0017496783984825015,0.8766054021865661,5,5,6,0.0,5 6 1 3 4 10
798,4346,0.050000000000000044,0.4503094553947449,0.0004086588208641236,0.0012436022516340017,0.9237894623426279,5,5,6,0.0,5 1 6 3 4 10
799,4350,0.050000000000000044,0.21282950043678284,0.00043236217607045546,0.0008140195277519524,0.9398560478627752,3,3,4,0.0,5 4 3 10
800,4357,0.050000000000000044,0.4464264512062073,0.0003974107509878065,0.0010145069099962711,0.92037946655549,6,6,7,0.0,1 6 3 4 9 5 10
801,4366,0.050000000000000044,0.45113688707351685,0.00039952503801840875,0.0009024869650602341,0.9092221474286067,8,8,9,0.0,6 1 3 5 7 8 9 4 10
802,4370,0.050000000000000044,0.10950823873281479,0.0003250625995860901,0.0003611558931879699,0.9537193116407474,3,3,4,0.0,5 4 3 10
803,4374,0.050000000000000044,0.21282950043678284,0.00032855266908882186,0.0008140195277519524,0.9398560478627752,3,3,4,0.0,5 4 3 10
804,4378,0.050000000000000044,0.07760586589574814,0.00035312250838615,0.0006504798075184226,0.9191824672356088,3,3,4,0.0,5 4 3 10
805,4382,0.050000000000000044,0.108040951192379,0.0003532925547915511,0.0004871294368058443,0.9462413316709959,3,3,4,0.0,3 4 5 10
806,4388,0.050000000000000044,0.1656998097896576,0.0003525940264808014,0.00034006359055638313,0.9697808611265403,5,5,6,0.0,6 4 3 5 7 10
807,4392,0.050000000000000044,0.10950151085853577,0.00045030990440864116,0.0004470786079764366,0.9479181067696933,3,3,4,0.0,5 4 3 10
808,4398,0.050000000000000044,0.4608151912689209,0.0003991546157825117,0.0010239568073302507,0.9187780575257561,5,5,6,0.0,5 1 6 3 4 10
809,4404,0.050000000000000044,0.5166860818862915,0.0003452915552770719,0.0006554582505486906,0.9276271393515976,5,5,6,0.0,5 6 1 3 4 10
810,4408,0.050000000000000044,0.21282950043678284,0.0003577527095330879,0.0008140195277519524,0.9398560478627752,3,3,4,0.0,5 3 4 10
811,4413,0.050000000000000044,0.16604454815387726,0.00034938903991132975,0.000695356575306505,0.9361039494894065,4,4,5,0.0,5 1 3 4 10
812,4419,0.050000000000000044,0.49021947383880615,0.0003782528122731795,0.00038048700662329793,0.96472436513012,5,5,6,0.0,5 1 6 3 4 10
813,4422,0.050000000000000044,0.08398401737213135,0.00035885088921835023,0.0008458906086161733,0.9034071504963422,2,2,3,0.0,1 7 10
814,4430,0.050000000000000044,0.44418099522590637,0.000367489097698126,0.000715667731128633,0.9448793673274349,7,7,8,0.0,2 6 3 4 9 8 5 10
815,4434,0.050000000000000044,0.10950151085853577,0.0003504153501125984,0.0004470786079764366,0.9479181067696933,3,3,4,0.0,5 4 3 10
816,4440,0.050000000000000044,0.2241138368844986,0.0003423752204980701,0.0008164974860846996,0.9076733117154605,5,5,6,0.0,5 6 1 3 4 10
817,4448,0.050000000000000044,0.49244561791419983,0.0003592627981561236,0.0008106648456305265,0.9238164501616845,7,7,8,0.0,5 6 1 4 3 8 2 10
818,4452,0.050000000000000044,0.23378056287765503,0.0003416229737922549,0.0017929158639162779,0.8717285928523498,3,3,4,0.0,5 3 4 10
819,4460,0.050000000000000044,0.38477861881256104,0.00035217468757764436,0.0009552426636219025,0.902897941601971,7,7,8,0.0,5 8 1 4 6 3 2 10
820,4467,0.050000000000000044,0.4509219527244568,0.0003290626482339576,0.0008719103061594069,0.9329163451079948,6,6,7,0.0,2 6 3 4 9 5 10
821,4473,0.050000000000000044,0.2599697709083557,0.0003008807640677939,0.0007013175054453313,0.9438622686369665,5,5,6,0.0,5 1 6 4 3 10
822,4477,0.050000000000000044,0.07760586589574814,0.00035866944381268695,0.0006504798075184226,0.9191824672356088,3,3,4,0.0,5 4 3 10
823,4481,0.050000000000000044,0.07760586589574814,0.0002983676458825357,0.0006504798075184226,0.9191824672356088,3,3,4,0.0,5 4 3 10
824,4489,0.050000000000000044,0.5065253973007202,0.00038428729931183625,0.0006179207121022046,0.9307619931617049,7,7,8,0.0,5 6 1 4 3 8 7 10
825,4495,0.050000000000000044,0.12164075672626495,0.00029535962191099924,0.0010433653369545937,0.9018774861193015,5,5,6,0.0,5 4 3 2 9 10
826,4499,0.050000000000000044,0.18726478517055511,0.0002843688598659355,0.0008420562953688204,0.9279354690406892,3,3,4,0.0,5 3 4 10
827,4505,0.050000000000000044,0.45943981409072876,0.0005454195003646115,0.0007157496293075383,0.943914234496467,5,5,6,0.0,5 1 6 3 4 10
828,4513,0.050000000000000044,0.4425429403781891,0.0004897789222013671,0.0011132921790704131,0.9002168224094598,7,7,8,0.0,5 1 4 6 3 8 2 10
829,4518,0.050000000000000044,0.2871164083480835,0.00043214791221544144,0.0007144291885197163,0.9440950080132229,4,4,5,0.0,6 4 3 5 10
830,4526,0.050000000000000044,0.5288281440734863,0.0005268136665108614,0.000349960959283635,0.9361082741749273,7,7,8,0.0,6 2 3 4 7 9 5 10
831,4530,0.050000000000000044,0.10560297966003418,0.0004007618117611855,0.0003561797784641385,0.958056779700142,3,3,4,0.0,4 5 3 10
832,4536,0.050000000000000044,0.49021944403648376,0.00040781485828726244,0.00038048700662329793,0.96472436513012,5,5,6,0.0,6 4 3 1 5 10
833,4541,0.050000000000000044,0.1593615710735321,0.00039878811221569774,0.00037383497692644596,0.9462418884889408,4,4,5,0.0,6 4 3 5 10
834,4545,0.050000000000000044,0.10950151085853577,0.0004125351260881871,0.0004470786079764366,0.9479181067696933,3,3,4,0.0,4 5 3 10
835,4551,0.050000000000000044,0.22548963129520416,0.0004706976421099777,0.00022959502530284226,0.9613161883743283,5,5,6,0.0,6 4 1 3 5 10
836,4555,0.050000000000000044,0.21238619089126587,0.0003865336038870737,0.0011898600496351719,0.9272665474275913,3,3,4,0.0,5 3 4 10
837,4560,0.050000000000000044,0.21003088355064392,0.00038831011625006795,0.0017678049625828862,0.8754988865534843,4,4,5,0.0,6 4 3 5 10
838,4564,0.050000000000000044,0.12350565195083618,0.0004142818070249632,0.0004104148247279227,0.9593183607500884,3,3,4,0.0,4 5 3 10
839,4568,0.050000000000000044,0.1989022195339203,0.0003958308298024349,0.0006972261471673846,0.9356720983698592,3,3,4,0.0,4 5 3 10
840,4577,0.050000000000000044,0.42867758870124817,0.0003631675742023314,0.0010793664259836078,0.9030750394044676,9,9,10,0.0,5 8 6 7 1 9 2 4 3
841,4586,0.050000000000000044,0.40875598788261414,0.00041024991919079586,0.0006344392895698547,0.9489724816451033,9,9,10,0.0,6 7 5 4 2 9 1 8 3
842,4589,0.050000000000000044,0.1370137333869934,0.00041171243841138977,0.0014298325404524803,0.8820324978435702,2,2,3,0.0,6 4 10
843,4594,0.050000000000000044,0.25316122174263,0.0003871297289151698,0.0002313007425982505,0.9614714203794419,4,4,5,0.0,6 4 3 5 10
844,4599,0.050000000000000044,0.2635544240474701,0.00035734522389248015,0.00030146329663693905,0.956403461580611,4,4,5,0.0,6 4 3 5 10
845,4603,0.050000000000000044,0.28492799401283264,0.0005151907971594483,0.00031904428033158183,0.9544529469061408,3,3,4,0.0,4 3 5 10
846,4607,0.050000000000000044,0.23378056287765503,0.00041181706910720095,0.0017929158639162779,0.8717285928523498,3,3,4,0.0,4 3 5 10
847,4612,0.050000000000000044,0.25082436203956604,0.00037396934349089863,0.0008241753093898296,0.9070869517046405,4,4,5,0.0,6 4 3 5 10
848,4616,0.050000000000000044,0.21282950043678284,0.00042393306648591533,0.0008140195277519524,0.9398560478627752,3,3,4,0.0,5 4 3 10
849,4622,0.050000000000000044,0.4608151912689209,0.0004647506381540249,0.0010239568073302507,0.9187780575257561,5,5,6,0.0,6 1 4 3 5 10
850,4627,0.050000000000000044,0.48634475469589233,0.0003763168817386031,0.000796152395196259,0.9439676916060635,4,4,5,0.0,6 4 3 5 10
851,4633,0.050000000000000044,0.22548963129520416,0.00038846934330649674,0.00022959502530284226,0.9613161883743283,5,5,6,0.0,6 4 1 3 5 10
852,4638,0.050000000000000044,0.2765032947063446,0.000383574201259762,0.0006546202348545194,0.937862343988719,4,4,5,0.0,6 4 3 5 10
853,4643,0.050000000000000044,0.2508307993412018,0.00040648365393280983,0.00023337107268162072,0.9605787595408425,4,4,5,0.0,4 3 5 7 10
854,4648,0.050000000000000044,0.46446001529693604,0.00038953188923187556,0.001268398598767817,0.9230119532902197,4,4,5,0.0,6 4 3 5 10
855,4653,0.050000000000000044,0.1824018508195877,0.000391761347418651,0.0007912245346233249,0.9421663034295356,4,4,5,0.0,6 4 3 5 10
856,4660,0.050000000000000044,0.4504944086074829,0.0003996141770455454,0.0006824893644079566,0.9468106235888002,6,6,7,0.0,6 3 5 1 9 4 10
857,4664,0.050000000000000044,0.18726478517055511,0.0003654919855762273,0.0008420562953688204,0.9279354690406892,3,3,4,0.0,4 5 3 10
858,4670,0.050000000000000044,0.22306638956069946,0.0003861337172565982,0.0008213725523091853,0.9068293658380843,5,5,6,0.0,6 4 3 5 2 10
859,4675,0.050000000000000044,0.1593615859746933,0.0003936665540095419,0.00037383497692644596,0.9462418884889408,4,4,5,0.0,6 4 5 3 10
860,4684,0.050000000000000044,0.4899129271507263,0.00030840714074050385,0.0006008654017932713,0.9323195703460544,9,9,10,0.0,6 1 4 7 8 5 9 2 3
861,4693,0.050000000000000044,0.4899129271507263,0.0003799341340911471,0.0006008654017932713,0.9323195703460544,9,9,10,0.0,6 1 4 7 8 5 9 2 3
862,4699,0.050000000000000044,0.4608151912689209,0.000340492600419869,0.0010239568073302507,0.9187780575257561,5,5,6,0.0,6 4 1 3 5 10
863,4702,0.050000000000000044,0.08029144257307053,0.0003671634864682953,0.0008871744503267109,0.8932462026155803,2,2,3,0.0,8 7 10
864,4708,0.050000000000000044,0.1839606910943985,0.00035221754903128993,0.0017496783984825015,0.8766054021865661,5,5,6,0.0,6 4 1 3 5 10
865,4717,0.050000000000000044,0.42867758870124817,0.0003534389866722955,0.0010793664259836078,0.9030750394044676,9,9,10,0.0,6 4 1 7 8 5 9 2 3
866,4722,0.050000000000000044,0.22070327401161194,0.0003970068297348917,0.0011318449396640062,0.8901272291377381,4,4,5,0.0,6 4 5 3 10
867,4728,0.050000000000000044,0.4608151912689209,0.0002943575357979474,0.0010239568073302507,0.9187780575257561,5,5,6,0.0,6 4 1 3 5 10
868,4732,0.050000000000000044,0.10560297966003418,0.0003019690411747433,0.0003561797784641385,0.958056779700142,3,3,4,0.0,4 5 3 10
869,4741,0.050000000000000044,0.4446294903755188,0.00034584214639229077,0.0008867850410751998,0.9108949523512163,9,9,10,0.0,6 1 4 7 8 5 9 2 3
870,4746,0.050000000000000044,0.1939266324043274,0.0003055885637877509,0.0003622631775215268,0.9672656823459052,4,4,5,0.0,4 2 5 3 10
871,4755,0.050000000000000044,0.42867758870124817,0.0004969215531471289,0.0010793664259836078,0.9030750394044676,9,9,10,0.0,6 4 1 7 8 5 9 2 3
872,4760,0.050000000000000044,0.2673385739326477,0.0005561711557675153,0.0008807288249954581,0.9350638754586119,4,4,5,0.0,6 4 3 8 10
873,4765,0.050000000000000044,0.1593615710735321,0.0005410196667071432,0.00037383497692644596,0.9462418884889408,4,4,5,0.0,6 4 3 5 10
874,4769,0.050000000000000044,0.12350565940141678,0.0005813487368868664,0.0004104148247279227,0.9593183607500884,3,3,4,0.0,5 4 3 10
875,4775,0.050000000000000044,0.5255128741264343,0.0004645300262685244,0.001308951759710908,0.9179514545358177,5,5,6,0.0,7 5 4 3 8 10
876,4784,0.050000000000000044,0.4818466305732727,0.0005316204527237763,0.0007713983068242669,0.9280170600387344,9,9,10,0.0,2 6 4 7 9 8 5 1 3
877,4791,0.050000000000000044,0.5109300017356873,0.0005168601180360254,0.0006381074199452996,0.9288498248271512,6,6,7,0.0,6 4 1 5 9 3 10
878,4800,0.050000000000000044,0.48968082666397095,0.0004575181325587134,0.0012561776675283909,0.9210129848168664,9,9,10,0.0,5 8 6 1 7 2 9 4 3
879,4809,0.050000000000000044,0.43493911623954773,0.00044168798356420465,0.0010968622518703341,0.9010071717246959,8,8,9,0.0,5 8 6 1 7 9 4 3 10
880,4816,0.050000000000000044,0.4522274136543274,0.00044971020543016493,0.000671322806738317,0.9471823689699457,6,6,7,0.0,5 8 3 1 7 4 10
881,4820,0.050000000000000044,0.24339479207992554,0.0004516819753916934,0.0011650301748886704,0.8867031143586219,3,3,4,0.0,5 3 4 10
882,4829,0.050000000000000044,0.38299787044525146,0.0004218598737174438,0.0009321386460214853,0.9064327901258055,8,8,9,0.0,5 8 6 1 7 3 9 4 10
883,4833,0.050000000000000044,0.108040951192379,0.000440930925833527,0.0004871294368058443,0.9462413316709959,3,3,4,0.0,5 4 3 10
884,4838,0.050000000000000044,0.283777117729187,0.000407183775678277,0.0007375478744506836,0.9422391793036149,4,4,5,0.0,2 5 4 3 10
885,4843,0.050000000000000044,0.1593615710735321,0.0004054845368955284,0.00037383497692644596,0.9462418884889408,4,4,5,0.0,6 4 3 5 10
886,4847,0.050000000000000044,0.3104131817817688,0.0005021506658522412,0.0007459187181666493,0.9416358080580742,3,3,4,0.0,3 5 4 10
887,4851,0.050000000000000044,0.2764498293399811,0.000416438007960096,0.0008365531102754176,0.9055910599766815,3,3,4,0.0,5 3 4 10
888,4860,0.050000000000000044,0.37928977608680725,0.000423110875999555,0.0009104710770770907,0.9083804065775786,9,9,10,0.0,6 7 5 8 1 9 4 2 3
889,4865,0.050000000000000044,0.4753967821598053,0.00042775593465194106,0.0007237818208523095,0.9440221804926143,4,4,5,0.0,6 4 3 5 10
890,4870,0.050000000000000044,0.18249143660068512,0.0004149187880102545,0.000788929290138185,0.9421254418409395,4,4,5,0.0,5 3 9 4 10
891,4874,0.050000000000000044,0.4264526963233948,0.0004317777420510538,0.0010011573322117329,0.917074837773932,3,3,4,0.0,4 5 3 10
892,4878,0.050000000000000044,0.3104132115840912,0.00040890902891987935,0.0007459187181666493,0.9416358080580742,3,3,4,0.0,5 4 3 10
893,4882,0.050000000000000044,0.22685596346855164,0.0004263407245161943,0.00036390128661878407,0.9670587569900415,3,3,4,0.0,5 4 3 10
894,4886,0.050000000000000044,0.23378056287765503,0.00040935142897069454,0.0017929158639162779,0.8717285928523498,3,3,4,0.0,5 3 4 10
895,4890,0.050000000000000044,0.10950151085853577,0.00043929559615207836,0.0004470786079764366,0.9479181067696933,3,3,4,0.0,5 4 3 10
896,4894,0.050000000000000044,0.05455458164215088,0.00039065033342922106,0.0010867902310565114,0.8724798406081166,3,3,4,0.0,6 4 3 10
897,4895,0.050000000000000044,0.0,0.0003257422358728945,0.0032737974543124437,0.764852500138594,0,0,1,0.0,10
898,4900,0.050000000000000044,0.08896174281835556,0.0003776014782488346,0.00038072082679718733,0.9622833060275644,4,4,5,0.0,6 4 3 5 10
899,4905,0.050000000000000044,0.15630514919757843,0.0003576987830456346,0.00038530267192982137,0.9448391498552633,4,4,5,0.0,5 2 3 4 10
900,4912,0.050000000000000044,0.47588473558425903,0.000362476720640968,0.0003739505191333592,0.9654119291766928,6,6,7,0.0,6 1 3 5 7 4 10
901,4918,0.050000000000000044,0.4005128741264343,0.0003618475069136669,0.0009764599381014705,0.9204629983190408,5,5,6,0.0,6 7 5 3 4 10
902,4927,0.050000000000000044,0.4973049759864807,0.000298708577045343,0.0006115937139838934,0.9311440596434506,8,8,9,0.0,6 7 5 8 1 3 9 4 10
903,4930,0.050000000000000044,0.30143553018569946,0.0004084408574271947,0.002817078959196806,0.817481320891773,2,2,3,0.0,9 7 10
904,4934,0.050000000000000044,0.085133396089077,0.0003569021791918203,0.0008444669656455517,0.9045451429985933,3,3,4,0.0,5 4 3 10
905,4938,0.050000000000000044,0.23378056287765503,0.0004345429770182818,0.0017929158639162779,0.8717285928523498,3,3,4,0.0,5 3 4 10
906,4947,0.050000000000000044,0.4899129569530487,0.00039720201554397744,0.0006008654017932713,0.9323195703460544,9,9,10,0.0,5 8 6 1 7 3 9 2 4
907,4954,0.050000000000000044,0.4494057893753052,0.00040521155044968637,0.0010100604267790914,0.9230682880359654,6,6,7,0.0,8 7 9 3 4 5 10
908,4958,0.050000000000000044,0.20793238282203674,0.0003322914781165309,0.0004913120064884424,0.9460985286517886,3,3,4,0.0,5 4 3 10
909,4963,0.050000000000000044,0.41764962673187256,0.0004010591539554298,0.0012303909752517939,0.9007242229655297,4,4,5,0.0,7 5 3 8 10
910,4971,0.050000000000000044,0.44293302297592163,0.00036992766763432883,0.0007155884522944689,0.9440304963505084,7,7,8,0.0,5 8 3 7 9 4 1 10
911,4975,0.050000000000000044,0.29809650778770447,0.0003626714606070891,0.00036596995778381824,0.9654395427027724,3,3,4,0.0,3 4 5 10
912,4983,0.050000000000000044,0.43715062737464905,0.0003342284071550239,0.0008545799646526575,0.9341909213259586,7,7,8,0.0,3 2 4 7 9 8 5 10
913,4988,0.050000000000000044,0.21003088355064392,0.0003914767934475094,0.0017678049625828862,0.8754988865534843,4,4,5,0.0,6 4 3 5 10
914,4993,0.050000000000000044,0.2871164083480835,0.00036247009120415896,0.0007144291885197163,0.9440950080132229,4,4,5,0.0,6 4 3 5 10
915,4999,0.050000000000000044,0.4666568338871002,0.0003901949191155533,0.0008717420278117061,0.9320956708311893,5,5,6,0.0,5 8 3 7 4 10
916,5003,0.050000000000000044,0.10950823128223419,0.0004785642886417918,0.0003611558931879699,0.9537193116407474,3,3,4,0.0,4 3 5 10
917,5007,0.050000000000000044,0.1989022195339203,0.0004127583888475783,0.0006972261471673846,0.9356720983698592,3,3,4,0.0,5 4 3 10
918,5016,0.050000000000000044,0.4467955529689789,0.0004998349791599645,0.0009177891188301146,0.9077603006901553,8,8,9,0.0,8 2 3 7 9 1 5 4 10
919,5020,0.050000000000000044,0.10560297966003418,0.0004107517743250355,0.0003561797784641385,0.958056779700142,3,3,4,0.0,4 5 3 10
920,5027,0.050000000000000044,0.5167233943939209,0.0004570232787435608,0.0006196436588652432,0.930248403201914,6,6,7,0.0,8 9 7 3 4 5 10
921,5031,0.050000000000000044,0.2764498293399811,0.0004280458379071206,0.0008365531102754176,0.9055910599766815,3,3,4,0.0,5 4 3 10
922,5035,0.050000000000000044,0.21282950043678284,0.00043724312854465097,0.0008140195277519524,0.9398560478627752,3,3,4,0.0,4 3 5 10
923,5042,0.050000000000000044,0.3879326283931732,0.00041998971054064374,0.000956590985879302,0.9218585773965833,6,6,7,0.0,8 4 9 7 3 5 10
924,5048,0.050000000000000044,0.4634384512901306,0.00043340630751724046,0.0007022874196991324,0.945697189422765,5,5,6,0.0,2 5 8 3 4 10
925,5052,0.050000000000000044,0.085133396089077,0.0004258333283360116,0.0008444669656455517,0.9045451429985933,3,3,4,0.0,4 3 5 10
926,5057,0.050000000000000044,0.4767305552959442,0.00042374150361865757,0.001047119265422225,0.9197553178288849,4,4,5,0.0,7 5 3 4 10
927,5065,0.050000000000000044,0.5077017545700073,0.0004312733362894505,0.0012796055525541306,0.9192193945898596,7,7,8,0.0,5 9 8 6 4 3 1 10
928,5069,0.050000000000000044,0.07760586589574814,0.00041363054333487526,0.0006504798075184226,0.9191824672356088,3,3,4,0.0,4 5 3 10
929,5075,0.050000000000000044,0.4634384512901306,0.00041867557835454744,0.0007022874196991324,0.945697189422765,5,5,6,0.0,2 5 8 3 4 10
930,5082,0.050000000000000044,0.4384368658065796,0.00043547935118632656,0.001221026061102748,0.9268166306151762,6,6,7,0.0,8 3 7 9 4 5 10
931,5085,0.050000000000000044,0.09272846579551697,0.00035375098620230955,0.0006106077926233411,0.9161493977383399,2,2,3,0.0,5 4 10
932,5089,0.050000000000000044,0.21282950043678284,0.0003575634036678821,0.0008140195277519524,0.9398560478627752,3,3,4,0.0,5 4 3 10
933,5093,0.050000000000000044,0.21282950043678284,0.0003554918148438446,0.0008140195277519524,0.9398560478627752,3,3,4,0.0,5 4 3 10
934,5097,0.050000000000000044,0.07760586589574814,0.0004122592799831182,0.0006504798075184226,0.9191824672356088,3,3,4,0.0,5 4 3 10
935,5106,0.050000000000000044,0.5186153054237366,0.00037145868797476095,0.0003492700052447617,0.936694852343354,8,8,9,0.0,9 7 8 3 1 4 5 6 10
936,5110,0.050000000000000044,0.20793236792087555,0.00039992271922528744,0.0004913120064884424,0.9460985286517886,3,3,4,0.0,4 3 5 10
937,5115,0.050000000000000044,0.15428495407104492,0.00035823227954097093,0.0008400750230066478,0.928208780433987,4,4,5,0.0,4 3 2 5 10
938,5119,0.050000000000000044,0.21282950043678284,0.0004224510121275671,0.0008140195277519524,0.9398560478627752,3,3,4,0.0,4 3 5 10
939,5123,0.050000000000000044,0.29809650778770447,0.000393212576454971,0.00036596995778381824,0.9654395427027724,3,3,4,0.0,3 4 5 10
940,5127,0.050000000000000044,0.21282950043678284,0.00043120895861648023,0.0008140195277519524,0.9398560478627752,3,3,4,0.0,4 3 5 10
941,5131,0.050000000000000044,0.21282950043678284,0.0004356346180429682,0.0008140195277519524,0.9398560478627752,3,3,4,0.0,5 4 3 10
942,5135,0.050000000000000044,0.10560297966003418,0.00040988074033521116,0.0003561797784641385,0.958056779700142,3,3,4,0.0,4 5 3 10
943,5144,0.050000000000000044,0.4001845121383667,0.0003575927726665719,0.0005440234672278166,0.9342281241656484,8,8,9,0.0,5 1 7 6 9 4 2 3 10
944,5150,0.050000000000000044,0.4463910758495331,0.0004768421834645172,0.001275449525564909,0.9221545583817679,5,5,6,0.0,9 1 5 4 3 10
945,5154,0.050000000000000044,0.2767753005027771,0.0003609676678024698,0.00023578456602990627,0.9599719557392895,3,3,4,0.0,3 4 5 10
946,5159,0.050000000000000044,0.19737017154693604,0.0003476546669844538,0.00034986442187801003,0.9691345387456249,4,4,5,0.0,4 3 6 5 10
947,5168,0.050000000000000044,0.3637007176876068,0.00042493998383482295,0.0007545760599896312,0.9272049178101353,8,8,9,0.0,1 7 6 4 8 5 2 9 10
948,5172,0.050000000000000044,0.10560297966003418,0.00044725406769430265,0.0003561797784641385,0.958056779700142,3,3,4,0.0,5 4 3 10
949,5176,0.050000000000000044,0.21282950043678284,0.0003952065162593499,0.0008140195277519524,0.9398560478627752,3,3,4,0.0,5 4 3 10
950,5180,0.050000000000000044,0.11574307084083557,0.00031714556826045737,0.0006716125644743443,0.9484512512345092,3,3,4,0.0,4 3 5 10
951,5184,0.050000000000000044,0.22685596346855164,0.000299348721455317,0.00036390128661878407,0.9670587569900415,3,3,4,0.0,4 3 5 10
952,5187,0.050000000000000044,0.09007231146097183,0.00034621642165196437,0.001167328329756856,0.8750507655807114,2,2,3,0.0,8 7 10
953,5191,0.050000000000000044,0.28492799401283264,0.0003481938547338359,0.00031904428033158183,0.9544529469061408,3,3,4,0.0,5 4 3 10
954,5194,0.050000000000000044,0.09007231146097183,0.00035927374847233295,0.001167328329756856,0.8750507655807114,2,2,3,0.0,8 7 10
955,5198,0.050000000000000044,0.1989022195339203,0.00037017145223217085,0.0006972261471673846,0.9356720983698592,3,3,4,0.0,4 5 3 10
956,5206,0.050000000000000044,0.5263693928718567,0.00039924917655298486,0.000354599003912881,0.9353545375620143,7,7,8,0.0,9 8 6 7 4 5 3 10
957,5213,0.050000000000000044,0.46008437871932983,0.00041658711935659606,0.0007163143600337207,0.944398084272244,6,6,7,0.0,9 8 3 7 4 5 10
958,5222,0.050000000000000044,0.4087560474872589,0.0004073266043431229,0.0006344392895698547,0.9489724816451033,9,9,10,0.0,5 9 2 4 1 6 7 8 3
959,5226,0.050000000000000044,0.21238617599010468,0.0003815250311163254,0.0011898600496351719,0.9272665474275913,3,3,4,0.0,5 4 3 10
960,5230,0.050000000000000044,0.24339479207992554,0.0003774057622649707,0.0011650301748886704,0.8867031143586219,3,3,4,0.0,5 4 3 10
961,5236,0.050000000000000044,0.45924970507621765,0.00040795474584835273,0.0009145229705609381,0.9287239165708653,5,5,6,0.0,1 2 5 3 4 10
962,5240,0.050000000000000044,0.11574307084083557,0.0003757406520890072,0.0006716125644743443,0.9484512512345092,3,3,4,0.0,4 3 5 10
963,5244,0.050000000000000044,0.025964632630348206,0.000348661546013318,0.0009537955047562718,0.8779152798932599,3,3,4,0.0,1 3 2 10
964,5248,0.050000000000000044,0.2091749906539917,0.0003227973647881299,0.002054623095318675,0.8558175575152022,3,3,4,0.0,7 5 4 10
965,5255,0.050000000000000044,0.38793259859085083,0.0004725573817268014,0.000956590985879302,0.9218585773965833,6,6,7,0.0,9 8 7 5 3 4 10
966,5262,0.050000000000000044,0.4384368658065796,0.00046670128774297027,0.001221026061102748,0.9268166306151762,6,6,7,0.0,8 9 7 3 4 5 10
967,5267,0.050000000000000044,0.460340678691864,0.0004947975976392627,0.0012866274919360876,0.9203374585004991,4,4,5,0.0,8 4 5 3 10
968,5276,0.050000000000000044,0.4446294903755188,0.0003713630269178086,0.0008867850410751998,0.9108949523512163,9,9,10,0.0,7 9 8 2 6 1 5 4 3
969,5280,0.050000000000000044,0.3104132115840912,0.00045105122262611985,0.0007459187181666493,0.9416358080580742,3,3,4,0.0,4 3 5 10
970,5288,0.050000000000000044,0.4358561336994171,0.0004334867080615368,0.0009747638250701129,0.9235798800530246,7,7,8,0.0,7 2 6 4 9 5 3 10
971,5292,0.050000000000000044,0.22685596346855164,0.000475259315862786,0.00036390128661878407,0.9670587569900415,3,3,4,0.0,4 3 5 10
972,5296,0.050000000000000044,0.1892881989479065,0.00045341359509620816,0.0003878751886077225,0.9448756375189485,3,3,4,0.0,4 5 3 10
973,5303,0.050000000000000044,0.4494057893753052,0.00035536762360217314,0.0010100604267790914,0.9230682880359654,6,6,7,0.0,8 9 3 7 4 5 10
974,5308,0.050000000000000044,0.3258572518825531,0.0003856026625726372,0.0014977448154240847,0.8513748311259375,4,4,5,0.0,9 2 5 8 10
975,5313,0.050000000000000044,0.2751680016517639,0.00038248138152994213,0.0003525406355038285,0.9669716516675761,4,4,5,0.0,6 4 3 5 10
976,5320,0.050000000000000044,0.5167234539985657,0.00041338080440514853,0.0006196436588652432,0.930248403201914,6,6,7,0.0,8 7 9 3 4 5 10
977,5324,0.050000000000000044,0.18726478517055511,0.00040906383947003633,0.0008420562953688204,0.9279354690406892,3,3,4,0.0,4 5 3 10
978,5329,0.050000000000000044,0.48241883516311646,0.0003866267274133861,0.0007825948996469378,0.940571178012172,4,4,5,0.0,7 4 5 3 10
979,5333,0.050000000000000044,0.12350565195083618,0.00042732666770461947,0.0004104148247279227,0.9593183607500884,3,3,4,0.0,4 3 5 10
980,5337,0.050000000000000044,0.2602584958076477,0.00032226833718596026,0.0009117601439356804,0.892530318380607,3,3,4,0.0,7 4 5 10
981,5341,0.050000000000000044,0.1989022195339203,0.00035147100425092503,0.0006972261471673846,0.9356720983698592,3,3,4,0.0,4 5 3 10
982,5348,0.050000000000000044,0.45258134603500366,0.0003492030123847404,0.0008643315522931516,0.9338150339535527,6,6,7,0.0,9 7 8 3 4 5 10
983,5352,0.050000000000000044,0.2091749906539917,0.00035992888297187164,0.002054623095318675,0.8558175575152022,3,3,4,0.0,7 4 5 10
984,5356,0.050000000000000044,0.11574307084083557,0.00035008906706934795,0.0006716125644743443,0.9484512512345092,3,3,4,0.0,4 3 5 10
985,5361,0.050000000000000044,0.283234179019928,0.0003438118437770754,0.0007426048978231847,0.9420240639435409,4,4,5,0.0,3 1 4 5 10
986,5367,0.050000000000000044,0.49021944403648376,0.00036723175435326993,0.00038048700662329793,0.96472436513012,5,5,6,0.0,1 5 4 6 3 10
987,5376,0.050000000000000044,0.48968082666397095,0.00034644313078994554,0.0012561776675283909,0.9210129848168664,9,9,10,0.0,7 9 8 2 4 5 6 1 3
988,5380,0.050000000000000044,0.3104131817817688,0.0003090672689722851,0.0007459187181666493,0.9416358080580742,3,3,4,0.0,3 4 5 10
989,5383,0.050000000000000044,0.10449837148189545,0.0003758367383852601,0.0005452943732962012,0.9371222096376839,2,2,3,0.0,7 8 10
990,5387,0.050000000000000044,0.1892881989479065,0.00030408240854740143,0.0003878751886077225,0.9448756375189485,3,3,4,0.0,4 5 3 10
991,5396,0.050000000000000044,0.5456784963607788,0.00039316119445073936,0.00046588623081333935,0.9532000959344766,9,9,10,0.0,2 5 6 1 4 9 7 8 3
992,5400,0.050000000000000044,0.0740165039896965,0.00039423314592568204,0.0005206867936067283,0.9298239331714605,3,3,4,0.0,2 7 8 10
993,5404,0.050000000000000044,0.21282950043678284,0.000442676740931347,0.0008140195277519524,0.9398560478627752,3,3,4,0.0,4 3 5 10
994,5409,0.050000000000000044,0.08896173536777496,0.0003459009632933885,0.00038072082679718733,0.9622833060275644,4,4,5,0.0,4 6 3 5 10
995,5413,0.050000000000000044,0.10950151085853577,0.0003439781030465383,0.0004470786079764366,0.9479181067696933,3,3,4,0.0,5 4 3 10
996,5420,0.050000000000000044,0.39517197012901306,0.0003790877651356693,0.000958777847699821,0.9030776214603153,6,6,7,0.0,9 7 4 2 5 3 10
997,5429,0.050000000000000044,0.43484368920326233,0.0003683600936912828,0.0011012931354343891,0.9017294964063182,8,8,9,0.0,9 7 8 2 6 4 5 3 10
998,5433,0.050000000000000044,0.1892882138490677,0.0003355164226377383,0.0003878751886077225,0.9448756375189485,3,3,4,0.0,4 3 5 10
999,5437,0.050000000000000044,0.07760586589574814,0.00034195213083876297,0.0006504798075184226,0.9191824672356088,3,3,4,0.0,4 5 3 10
1000,5441,0.050000000000000044,0.1989022195339203,0.00037737048842245713,0.0006972261471673846,0.9356720983698592,3,3,4,0.0,4 5 3 10
1001,5445,0.050000000000000044,0.12350565195083618,0.0003262367972638458,0.0004104148247279227,0.9593183607500884,3,3,4,0.0,4 3 5 10
1002,5449,0.050000000000000044,0.2091749906539917,0.00039629153616260737,0.002054623095318675,0.8558175575152022,3,3,4,0.0,7 4 5 10
1003,5452,0.050000000000000044,0.08920478075742722,0.0002930093905888498,0.0015027191257104278,0.9090176894817851,2,2,3,0.0,3 8 10
1004,5460,0.050000000000000044,0.44465211033821106,0.00034866474379668944,0.0011051547480747104,0.9010175388930952,7,7,8,0.0,9 7 8 2 5 3 4 10
1005,5467,0.050000000000000044,0.5365114212036133,0.00037703063156056615,0.00035624808515422046,0.9350019754857427,6,6,7,0.0,9 7 4 3 5 8 10
1006,5475,0.050000000000000044,0.5075499415397644,0.00033585333949304186,0.0006140784244053066,0.9308668412755418,7,7,8,0.0,9 7 4 2 8 5 3 10
1007,5482,0.050000000000000044,0.44569486379623413,0.0003741147853101471,0.0010313285747542977,0.9209005407785263,6,6,7,0.0,1 7 9 4 5 3 10
1008,5488,0.050000000000000044,0.14999277889728546,0.0003738463346962817,0.0011460974346846342,0.931514637896904,5,5,6,0.0,5 2 8 3 4 10
1009,5494,0.050000000000000044,0.47060853242874146,0.0003267042144822578,0.0007834297139197588,0.943903214990313,5,5,6,0.0,2 6 3 5 4 10
1010,5503,0.050000000000000044,0.5126906633377075,0.00038945713054595725,0.0003397592809051275,0.9383693661864108,9,9,10,0.0,9 7 4 2 8 5 6 1 3
1011,5507,0.050000000000000044,0.0851333886384964,0.0005444134949357249,0.0008444669656455517,0.9045451429985933,3,3,4,0.0,4 5 3 10
1012,5513,0.050000000000000044,0.47193458676338196,0.0006113585259299725,0.0007504358072765172,0.9430003872630712,5,5,6,0.0,2 5 8 3 4 10
1013,5517,0.050000000000000044,0.10950823128223419,0.0005252709597698413,0.0003611558931879699,0.9537193116407474,3,3,4,0.0,4 3 5 10
1014,5522,0.050000000000000044,0.4629567563533783,0.0005111424194183201,0.0012699499493464828,0.9217163326238658,4,4,5,0.0,7 5 3 4 10
1015,5526,0.050000000000000044,0.1989022195339203,0.0006124288338469341,0.0006972261471673846,0.9356720983698592,3,3,4,0.0,4 5 3 10
1016,5530,0.050000000000000044,0.21238619089126587,0.0004209588878438808,0.0011898600496351719,0.9272665474275913,3,3,4,0.0,4 3 5 10
1017,5534,0.050000000000000044,0.18726478517055511,0.0004078448182553984,0.0008420562953688204,0.9279354690406892,3,3,4,0.0,4 3 5 10
1018,5539,0.050000000000000044,0.47489848732948303,0.0005494983110111207,0.0009190965793095529,0.9281672460251841,4,4,5,0.0,1 4 5 3 10
1019,5543,0.050000000000000044,0.22685597836971283,0.0004766484853462316,0.00036390128661878407,0.9670587569900415,3,3,4,0.0,4 5 3 10
1020,5552,0.050000000000000044,0.5126906633377075,0.0004945612583671593,0.0003397592809051275,0.9383693661864108,9,9,10,0.0,8 5 6 1 7 4 2 9 3
1021,5561,0.050000000000000044,0.4205159544944763,0.0004356474027089361,0.0008538099937140942,0.934163629565738,8,8,9,0.0,1 7 8 9 2 5 3 4 10
1022,5570,0.050000000000000044,0.4205159544944763,0.0004545176149501155,0.0008538099937140942,0.934163629565738,8,8,9,0.0,1 7 8 9 2 5 3 4 10
1023,5574,0.050000000000000044,0.12350565195083618,0.0004188178718322888,0.0004104148247279227,0.9593183607500884,3,3,4,0.0,4 3 5 10
1024,5580,0.050000000000000044,0.4447125494480133,0.0005181925225770101,0.0005937459645792842,0.934642854068034,5,5,6,0.0,1 7 4 3 5 10
1025,5587,0.050000000000000044,0.5167233943939209,0.000499940789138366,0.0006196436588652432,0.930248403201914,6,6,7,0.0,8 7 3 5 4 9 10
1026,5592,0.050000000000000044,0.18249143660068512,0.00046744142891839144,0.000788929290138185,0.9421254418409395,4,4,5,0.0,4 5 9 3 10
1027,5596,0.050000000000000044,0.2767753005027771,0.0004596996514010243,0.00023578456602990627,0.9599719557392895,3,3,4,0.0,5 3 4 10
1028,5604,0.050000000000000044,0.44185909628868103,0.0005344965247786604,0.000741609139367938,0.944723462945074,7,7,8,0.0,2 5 8 6 1 3 4 10
1029,5608,0.050000000000000044,0.108040951192379,0.00038232035149121657,0.0004871294368058443,0.9462413316709959,3,3,4,0.0,4 3 5 10
1030,5612,0.050000000000000044,0.1989022195339203,0.0004623977583833039,0.0006972261471673846,0.9356720983698592,3,3,4,0.0,4 3 5 10
1031,5618,0.050000000000000044,0.47193458676338196,0.00045571500959340483,0.0007504358072765172,0.9430003872630712,5,5,6,0.0,2 5 8 3 4 10
1032,5622,0.050000000000000044,0.2764498293399811,0.0003963061099057086,0.0008365531102754176,0.9055910599766815,3,3,4,0.0,5 4 3 10
1033,5625,0.050000000000000044,0.07181315869092941,0.0004094808634060125,0.000928474881220609,0.8854133859542548,2,2,3,0.0,4 3 10
1034,5629,0.050000000000000044,0.07717463374137878,0.00040687296859687194,0.0011861443053930998,0.9266285081875736,3,3,4,0.0,2 7 8 10
1035,5633,0.050000000000000044,0.10560297966003418,0.0004422403362696059,0.0003561797784641385,0.958056779700142,3,3,4,0.0,4 3 5 10
1036,5637,0.050000000000000044,0.21238619089126587,0.00042595322156557813,0.0011898600496351719,0.9272665474275913,3,3,4,0.0,4 3 5 10
1037,5641,0.050000000000000044,0.18726478517055511,0.0004687483815359883,0.0008420562953688204,0.9279354690406892,3,3,4,0.0,4 3 5 10
1038,5645,0.050000000000000044,0.23378056287765503,0.00044789465027861297,0.0017929158639162779,0.8717285928523498,3,3,4,0.0,5 3 4 10
1039,5652,0.050000000000000044,0.4996299743652344,0.00041988537746614644,0.0008221844909712672,0.9220493861455271,6,6,7,0.0,2 5 8 3 4 1 10
1040,5656,0.050000000000000044,0.2767753005027771,0.00046793798537692055,0.00023578456602990627,0.9599719557392895,3,3,4,0.0,5 4 3 10
1041,5661,0.050000000000000044,0.20912501215934753,0.0004061762476339936,0.0017775630112737417,0.8749212066639618,4,4,5,0.0,7 4 3 5 10
1042,5666,0.050000000000000044,0.219403475522995,0.0004118403245229274,0.0011355584720149636,0.8887895109678987,4,4,5,0.0,7 4 3 5 10
1043,5675,0.050000000000000044,0.4818466007709503,0.0004371027850235502,0.0007713983068242669,0.9280170600387344,9,9,10,0.0,7 9 8 6 1 2 5 4 3
1044,5679,0.050000000000000044,0.12350565195083618,0.00046371022472158074,0.0004104148247279227,0.9593183607500884,3,3,4,0.0,4 3 5 10
1045,5688,0.050000000000000044,0.4973050057888031,0.00044757531011580594,0.0006115937139838934,0.9311440596434506,8,8,9,0.0,8 7 9 5 3 4 6 1 10
1046,5695,0.050000000000000044,0.3984437584877014,0.0003927805061851229,0.0009524248889647424,0.9047663401409222,6,6,7,0.0,8 7 3 4 9 5 10
1047,5699,0.050000000000000044,0.4908347427845001,0.00046084927453193814,0.0009209985146299005,0.9276692834057082,3,3,4,0.0,4 3 5 10
1048,5702,0.050000000000000044,0.2187088429927826,0.00045138193915287655,0.0021694849710911512,0.8388154917749865,2,2,3,0.0,5 3 10
1049,5709,0.050000000000000044,0.5176577568054199,0.00036984187733781127,0.001287293154746294,0.9188878044362017,6,6,7,0.0,7 5 4 9 3 8 10
1050,5713,0.050000000000000044,0.2764498293399811,0.0004917421319987625,0.0008365531102754176,0.9055910599766815,3,3,4,0.0,5 3 4 10
1051,5720,0.050000000000000044,0.38594239950180054,0.00041664711482423754,0.0009648202685639262,0.9210678389501912,6,6,7,0.0,5 3 6 7 9 4 10
1052,5724,0.050000000000000044,0.28492799401283264,0.00034817249252228066,0.00031904428033158183,0.9544529469061408,3,3,4,0.0,5 3 4 10
1053,5733,0.050000000000000044,0.37928977608680725,0.0004743502585269097,0.0009104710770770907,0.9083804065775786,9,9,10,0.0,8 7 6 5 1 2 9 4 3
1054,5737,0.050000000000000044,0.29809650778770447,0.0005152508820174262,0.00036596995778381824,0.9654395427027724,3,3,4,0.0,5 3 4 10
1055,5742,0.050000000000000044,0.12088049203157425,0.00043266845168545844,0.0015753416810184717,0.8855300659355879,4,4,5,0.0,7 4 2 8 10
1056,5746,0.050000000000000044,0.2767753005027771,0.0003918495131074451,0.00023578456602990627,0.9599719557392895,3,3,4,0.0,5 3 4 10
1057,5753,0.050000000000000044,0.3853481411933899,0.00044633126318720836,0.0009686476550996304,0.9209368391389937,6,6,7,0.0,2 6 3 4 7 5 10
1058,5757,0.050000000000000044,0.23378056287765503,0.000522956222994253,0.0017929158639162779,0.8717285928523498,3,3,4,0.0,3 4 5 10
1059,5762,0.050000000000000044,0.08896173536777496,0.00038901742664165795,0.00038072082679718733,0.9622833060275644,4,4,5,0.0,4 3 5 6 10
1060,5766,0.050000000000000044,0.1989022195339203,0.00040351807547267526,0.0006972261471673846,0.9356720983698592,3,3,4,0.0,4 3 5 10
1061,5772,0.050000000000000044,0.5792413949966431,0.0004054590657081765,0.0005019303061999381,0.9506388399639254,5,5,6,0.0,9 1 5 4 3 10
1062,5777,0.050000000000000044,0.4569516181945801,0.00043935911380685864,0.0006045941263437271,0.9326007251675361,4,4,5,0.0,1 5 4 3 10
1063,5781,0.050000000000000044,0.18726478517055511,0.0004200520706945099,0.0008420562953688204,0.9279354690406892,3,3,4,0.0,4 3 5 10
1064,5785,0.050000000000000044,0.18726478517055511,0.0004637810488929972,0.0008420562953688204,0.9279354690406892,3,3,4,0.0,4 3 5 10
1065,5794,0.050000000000000044,0.43832993507385254,0.00041043859932364687,0.0010834166314452887,0.9022266122553493,8,8,9,0.0,9 8 5 6 3 2 1 4 10
1066,5798,0.050000000000000044,0.21238619089126587,0.0004527879209490493,0.0011898600496351719,0.9272665474275913,3,3,4,0.0,4 3 5 10
1067,5806,0.050000000000000044,0.563048243522644,0.000388382872188231,0.0004844578797928989,0.95263585887681,7,7,8,0.0,8 5 6 9 3 2 4 10
1068,5815,0.050000000000000044,0.38195309042930603,0.00038847858862330514,0.0009363439166918397,0.906452640191199,8,8,9,0.0,8 5 6 7 2 9 3 4 10
1069,5819,0.050000000000000044,0.1833808869123459,0.00039257907337741926,0.0011306899832561612,0.9001813861546987,3,3,4,0.0,3 5 4 10
1070,5825,0.050000000000000044,0.44801202416419983,0.00039882631972432137,0.0005705325747840106,0.9349404523829076,5,5,6,0.0,5 8 9 3 4 10
1071,5829,0.050000000000000044,0.1989022195339203,0.0003625591052696109,0.0006972261471673846,0.9356720983698592,3,3,4,0.0,4 3 5 10
1072,5832,0.050000000000000044,0.10244844853878021,0.00041851042381798226,0.0005636941641569138,0.9223171720961186,2,2,3,0.0,4 7 10
1073,5838,0.050000000000000044,0.47060853242874146,0.0003512318799039349,0.0007834297139197588,0.943903214990313,5,5,6,0.0,2 6 3 5 4 10
1074,5842,0.050000000000000044,0.07760586589574814,0.0004739189243991859,0.0006504798075184226,0.9191824672356088,3,3,4,0.0,4 5 3 10
1075,5846,0.050000000000000044,0.29809650778770447,0.0003555589537427295,0.00036596995778381824,0.9654395427027724,3,3,4,0.0,4 5 3 10
1076,5850,0.050000000000000044,0.07752182334661484,0.00036382105463417247,0.0006341105909086764,0.9246664924655601,3,3,4,0.0,5 3 7 10
1077,5854,0.050000000000000044,0.1892881989479065,0.0003622179174271878,0.0003878751886077225,0.9448756375189485,3,3,4,0.0,4 5 3 10
1078,5862,0.050000000000000044,0.446091890335083,0.00032228854615823366,0.0010969156865030527,0.9010629394887886,7,7,8,0.0,4 5 1 9 6 3 8 10
1079,5868,0.050000000000000044,0.445001482963562,0.00037861928770629066,0.0005807719426229596,0.9337835915643593,5,5,6,0.0,1 5 9 4 3 10
1080,5872,0.050000000000000044,0.108040951192379,0.0004248816621839069,0.0004871294368058443,0.9462413316709959,3,3,4,0.0,4 3 5 10
1081,5876,0.050000000000000044,0.1892881989479065,0.0003257406933698803,0.0003878751886077225,0.9448756375189485,3,3,4,0.0,4 5 3 10
1082,5880,0.050000000000000044,0.10950823873281479,0.00030262500513345003,0.0003611558931879699,0.9537193116407474,3,3,4,0.0,4 5 3 10
1083,5884,0.050000000000000044,0.108040951192379,0.0003940185415558517,0.0004871294368058443,0.9462413316709959,3,3,4,0.0,4 3 5 10
1084,5887,0.050000000000000044,0.07306425273418427,0.0004200904125658174,0.0012889368226751685,0.855721548722346,2,2,3,0.0,4 9 10
1085,5895,0.050000000000000044,0.4562734067440033,0.0003763917375181336,0.0009239205392077565,0.9072977651916134,7,7,8,0.0,8 7 3 6 9 4 5 10
1086,5899,0.050000000000000044,0.21282950043678284,0.00034278972452739254,0.0008140195277519524,0.9398560478627752,3,3,4,0.0,4 3 5 10
1087,5906,0.050000000000000044,0.38607752323150635,0.0004085879814478436,0.0009633587906137109,0.9210522624527798,6,6,7,0.0,9 6 4 1 5 3 10
1088,5910,0.050000000000000044,0.1989022195339203,0.00037379126297309995,0.0006972261471673846,0.9356720983698592,3,3,4,0.0,4 3 5 10
1089,5913,0.050000000000000044,0.11128176003694534,0.0004269281344022602,0.0004892295110039413,0.9380265261433071,2,2,3,0.0,5 3 10
1090,5917,0.050000000000000044,0.21282950043678284,0.0003777367091970518,0.0008140195277519524,0.9398560478627752,3,3,4,0.0,4 3 5 10
1091,5921,0.050000000000000044,0.11574307084083557,0.00037219699879642576,0.0006716125644743443,0.9484512512345092,3,3,4,0.0,4 3 5 10
1092,5926,0.050000000000000044,0.2659640312194824,0.00036120496224612,0.0008849415462464094,0.9339459641935142,4,4,5,0.0,1 7 4 5 10
1093,5931,0.050000000000000044,0.2557068467140198,0.00028771541838068515,0.00031698582461103797,0.9532468845175223,4,4,5,0.0,1 7 4 5 10
1094,5935,0.050000000000000044,0.1892881989479065,0.0003099376117461361,0.0003878751886077225,0.9448756375189485,3,3,4,0.0,4 5 3 10
1095,5941,0.050000000000000044,0.49237048625946045,0.00029334467884230736,0.00036288565024733543,0.9644671887885802,5,5,6,0.0,1 5 9 4 3 10
1096,5946,0.050000000000000044,0.272081583738327,0.00036189850070513787,0.0006728802691213787,0.9348399362722843,4,4,5,0.0,1 5 3 4 10
1097,5950,0.050000000000000044,0.07760586589574814,0.00035284577461425215,0.0006504798075184226,0.9191824672356088,3,3,4,0.0,4 5 3 10
1098,5956,0.050000000000000044,0.39981353282928467,0.00030140177841531113,0.0009739070083014667,0.9197674458503157,5,5,6,0.0,1 5 9 4 3 10
1099,5960,0.050000000000000044,0.1989022195339203,0.00032009257847676054,0.0006972261471673846,0.9356720983698592,3,3,4,0.0,4 5 3 10
1100,5969,0.050000000000000044,0.521914541721344,0.0003651135921245441,0.00034261622931808233,0.9375728052131628,8,8,9,0.0,5 8 6 2 3 4 1 9 10
1101,5972,0.050000000000000044,0.10677018761634827,0.00032076105708256364,0.0007054955931380391,0.9192278155443501,2,2,3,0.0,4 2 10
1102,5975,0.050000000000000044,0.09156905859708786,0.00035903110013653833,0.0011507205199450254,0.8760817716436352,2,2,3,0.0,5 4 10
1103,5979,0.050000000000000044,0.3104132115840912,0.00038923472311580554,0.0007459187181666493,0.9416358080580742,3,3,4,0.0,5 4 3 10
1104,5983,0.050000000000000044,0.20793238282203674,0.00037142849032534286,0.0004913120064884424,0.9460985286517886,3,3,4,0.0,4 5 3 10
1105,5988,0.050000000000000044,0.2659640312194824,0.0003525773820001632,0.0008849415462464094,0.9339459641935142,4,4,5,0.0,1 7 4 5 10
1106,5997,0.050000000000000044,0.4885489344596863,0.00029105782353629667,0.0007867896929383278,0.9265227889405137,8,8,9,0.0,2 5 6 1 3 9 7 4 10
1107,6002,0.050000000000000044,0.2557068467140198,0.000493095227284357,0.00031698582461103797,0.9532468845175223,4,4,5,0.0,1 7 4 5 10
1108,6006,0.050000000000000044,0.10560298711061478,0.00043594239105004817,0.0003561797784641385,0.958056779700142,3,3,4,0.0,5 3 4 10
1109,6012,0.050000000000000044,0.4409491717815399,0.00040522582033493865,0.001307420083321631,0.9191157308974116,5,5,6,0.0,1 5 2 3 4 10
1110,6018,0.050000000000000044,0.47193458676338196,0.0005063503291845942,0.0007504358072765172,0.9430003872630712,5,5,6,0.0,2 5 8 3 4 10
1111,6022,0.050000000000000044,0.21238619089126587,0.0005773969023721293,0.0011898600496351719,0.9272665474275913,3,3,4,0.0,4 3 5 10
1112,6025,0.050000000000000044,0.19359546899795532,0.0003766527321810524,0.00070716452319175,0.9378703671167565,2,2,3,0.0,7 8 10
1113,6029,0.050000000000000044,0.23378056287765503,0.0004201673000352457,0.0017929158639162779,0.8717285928523498,3,3,4,0.0,5 3 4 10
1114,6035,0.050000000000000044,0.46292945742607117,0.0005390268149009595,0.000897890655323863,0.9307290921596795,5,5,6,0.0,1 5 9 4 3 10
1115,6040,0.050000000000000044,0.06821950525045395,0.0003681055794004351,0.00034833134850487113,0.9587642771416697,4,4,5,0.0,5 4 3 8 10
1116,6047,0.050000000000000044,0.479839026927948,0.0003778131483289014,0.0003531962283886969,0.9658329386029317,6,6,7,0.0,9 4 3 8 6 5 10
1117,6052,0.050000000000000044,0.4569516181945801,0.0004946449567796663,0.0006045941263437271,0.9326007251675361,4,4,5,0.0,1 5 4 3 10
1118,6061,0.050000000000000044,0.4818466007709503,0.0003803938678983185,0.0007713983068242669,0.9280170600387344,9,9,10,0.0,7 4 2 5 1 9 6 8 3
1119,6068,0.050000000000000044,0.44074583053588867,0.00044401602852823477,0.0010643273126333952,0.9183576133779907,6,6,7,0.0,1 5 8 3 4 2 10
1120,6077,0.050000000000000044,0.5535487532615662,0.00038726138558963104,0.0004744231700897217,0.9519287506195935,8,8,9,0.0,7 5 4 6 2 9 1 3 10
1121,6081,0.050000000000000044,0.48504558205604553,0.0003673857281683013,0.0010978968348354101,0.9150954425760172,3,3,4,0.0,3 5 4 10
1122,6090,0.050000000000000044,0.5456784963607788,0.00035921966708782647,0.00046588623081333935,0.9532000959344766,9,9,10,0.0,7 2 6 9 4 5 1 8 3
1123,6093,0.050000000000000044,0.2399432212114334,0.0003777630627155304,0.0015543925110250711,0.8955962044075043,2,2,3,0.0,1 4 10
1124,6102,0.050000000000000044,0.5456785559654236,0.0003955126125624196,0.00046588623081333935,0.9532000959344766,9,9,10,0.0,7 5 4 8 6 1 9 2 3
1125,6111,0.050000000000000044,0.4446295201778412,0.00034233974939626124,0.0008867850410751998,0.9108949523512163,9,9,10,0.0,7 5 4 6 8 1 9 2 3
1126,6120,0.050000000000000044,0.5126906037330627,0.0003594487724411819,0.0003397592809051275,0.9383693661864108,9,9,10,0.0,7 2 5 6 9 4 1 8 3
1127,6129,0.050000000000000044,0.498394638299942,0.0003922050398412264,0.000610654940828681,0.9320328336266643,8,8,9,0.0,8 9 6 3 7 4 5 2 10
1128,6133,0.050000000000000044,0.108040951192379,0.0003386092430446297,0.0004871294368058443,0.9462413316709959,3,3,4,0.0,5 4 3 10
1129,6137,0.050000000000000044,0.1989022195339203,0.00036348976573208347,0.0006972261471673846,0.9356720983698592,3,3,4,0.0,5 4 3 10
1130,6142,0.050000000000000044,0.272081583738327,0.0003448754840064794,0.0006728802691213787,0.9348399362722843,4,4,5,0.0,1 4 5 3 10
1131,6147,0.050000000000000044,0.47489848732948303,0.00034751580096781254,0.0009190965793095529,0.9281672460251841,4,4,5,0.0,1 4 5 3 10
1132,6155,0.050000000000000044,0.3875008821487427,0.0003855885770462919,0.0009521585889160633,0.9048686899802915,7,7,8,0.0,8 9 6 3 7 4 5 10
1133,6159,0.050000000000000044,0.2764498293399811,0.00033702197106322274,0.0008365531102754176,0.9055910599766815,3,3,4,0.0,5 4 3 10
1134,6163,0.050000000000000044,0.2990611493587494,0.0003318297167425044,0.0006749939639121294,0.9342031731723179,3,3,4,0.0,5 4 3 10
1135,6168,0.050000000000000044,0.272081583738327,0.00034725974837783723,0.0006728802691213787,0.9348399362722843,4,4,5,0.0,1 4 5 3 10
1136,6172,0.050000000000000044,0.2764498293399811,0.0003292447727289982,0.0008365531102754176,0.9055910599766815,3,3,4,0.0,5 4 3 10
1137,6176,0.050000000000000044,0.2764498293399811,0.00033252603680011816,0.0008365531102754176,0.9055910599766815,3,3,4,0.0,5 4 3 10
1138,6180,0.050000000000000044,0.2767753005027771,0.00047110112791415304,0.00023578456602990627,0.9599719557392895,3,3,4,0.0,3 5 4 10
1139,6189,0.050000000000000044,0.5126906037330627,0.00033249853004235774,0.0003397592809051275,0.9383693661864108,9,9,10,0.0,5 6 2 9 4 8 7 1 3
1140,6194,0.050000000000000044,0.5018078088760376,0.00033023845753632486,0.00039425771683454514,0.9631912887326745,4,4,5,0.0,1 4 5 3 10
1141,6199,0.050000000000000044,0.4496872127056122,0.0003946539014577866,0.0005756086902692914,0.9058083515441517,4,4,5,0.0,9 6 4 8 10
1142,6204,0.050000000000000044,0.25931644439697266,0.0003316957561764866,0.00031208075233735144,0.9549832606464447,4,4,5,0.0,1 4 5 3 10
1143,6208,0.050000000000000044,0.29809650778770447,0.00035661635047290474,0.00036596995778381824,0.9654395427027724,3,3,4,0.0,5 4 3 10
1144,6212,0.050000000000000044,0.12350565195083618,0.00037117230385774747,0.0004104148247279227,0.9593183607500884,3,3,4,0.0,4 5 3 10
1145,6216,0.050000000000000044,0.23378056287765503,0.00032042115708463825,0.0017929158639162779,0.8717285928523498,3,3,4,0.0,3 4 5 10
1146,6221,0.050000000000000044,0.4783097803592682,0.00035265876213088634,0.0007073687156662345,0.9448242363797924,4,4,5,0.0,3 5 7 4 10
1147,6225,0.050000000000000044,0.07760586589574814,0.0004057159603689797,0.0006504798075184226,0.9191824672356088,3,3,4,0.0,5 4 3 10
1148,6229,0.050000000000000044,0.2990611493587494,0.00032517612271476537,0.0006749939639121294,0.9342031731723179,3,3,4,0.0,5 4 3 10
1149,6235,0.050000000000000044,0.4637259244918823,0.00036833970322428894,0.000699475989677012,0.9456867373124315,5,5,6,0.0,3 4 7 1 5 10
1150,6239,0.050000000000000044,0.06529392302036285,0.0003488519068923779,0.0005657728179357946,0.9246377042548977,3,3,4,0.0,6 4 5 10
1151,6243,0.050000000000000044,0.2126016467809677,0.00030019066616659984,0.00045124784810468554,0.9617430450268506,3,3,4,0.0,4 3 8 10
1152,6248,0.050000000000000044,0.41023337841033936,0.00033370312594342976,0.0010001191403716803,0.9173148049752579,4,4,5,0.0,1 4 5 3 10
1153,6252,0.050000000000000044,0.108040951192379,0.00047985972196329385,0.0004871294368058443,0.9462413316709959,3,3,4,0.0,3 5 4 10
1154,6256,0.050000000000000044,0.21238617599010468,0.0005599772703135386,0.0011898600496351719,0.9272665474275913,3,3,4,0.0,5 4 3 10
1155,6265,0.050000000000000044,0.3844572901725769,0.0005335154322286447,0.0009240448125638068,0.9058347816416257,8,8,9,0.0,8 5 9 6 4 1 3 2 10
1156,6269,0.050000000000000044,0.2767753303050995,0.00047107912541832775,0.00023578456602990627,0.9599719557392895,3,3,4,0.0,4 3 5 10
1157,6273,0.050000000000000044,0.2764498293399811,0.0005631517124129459,0.0008365531102754176,0.9055910599766815,3,3,4,0.0,5 4 3 10
1158,6277,0.050000000000000044,0.1892881989479065,0.0004881472123088315,0.0003878751886077225,0.9448756375189485,3,3,4,0.0,5 4 3 10
1159,6282,0.050000000000000044,0.2092258334159851,0.0005361891759093851,0.0017679492011666298,0.8744249383472659,4,4,5,0.0,5 8 3 4 10
1160,6291,0.050000000000000044,0.42039692401885986,0.0004862541843774832,0.0008476452203467488,0.9336198897463105,8,8,9,0.0,4 9 3 8 6 1 2 5 10
1161,6295,0.050000000000000044,0.29809650778770447,0.0004963126557413489,0.00036596995778381824,0.9654395427027724,3,3,4,0.0,5 4 3 10
1162,6299,0.050000000000000044,0.2764498293399811,0.0003792820862145163,0.0008365531102754176,0.9055910599766815,3,3,4,0.0,5 4 3 10
1163,6304,0.050000000000000044,0.2871163785457611,0.0005059167684521526,0.0007144291885197163,0.9440950080132229,4,4,5,0.0,5 3 4 6 10
1164,6311,0.050000000000000044,0.4533674716949463,0.0004301249448742185,0.0008526110323145986,0.9336598479187871,6,6,7,0.0,3 5 7 6 9 4 10
1165,6317,0.050000000000000044,0.49254587292671204,0.0003852546069538221,0.00037451827665790915,0.9654528522126457,5,5,6,0.0,3 5 7 6 4 10
1166,6322,0.050000000000000044,0.08623281866312027,0.00034534619189798834,0.00039850774919614196,0.9603408674458119,4,4,5,0.0,4 5 3 1 10
1167,6326,0.050000000000000044,0.11574307084083557,0.0003782369094551541,0.0006716125644743443,0.9484512512345092,3,3,4,0.0,4 5 3 10
1168,6330,0.050000000000000044,0.0851333886384964,0.00040189174615079537,0.0008444669656455517,0.9045451429985933,3,3,4,0.0,4 5 3 10
1169,6336,0.050000000000000044,0.5839030742645264,0.00046439177337257814,0.00048886175500229,0.9522849419170838,5,5,6,0.0,5 8 9 4 3 10
1170,6340,0.050000000000000044,0.22685597836971283,0.00038860960921738297,0.00036390128661878407,0.9670587569900415,3,3,4,0.0,4 5 3 10
1171,6346,0.050000000000000044,0.4767806828022003,0.0003804701652067403,0.0007182207773439586,0.9445221777052999,5,5,6,0.0,5 8 9 3 4 10
1172,6350,0.050000000000000044,0.10950151085853577,0.000453088796348311,0.0004470786079764366,0.9479181067696933,3,3,4,0.0,4 5 3 10
1173,6354,0.050000000000000044,0.22685596346855164,0.00040476524009136483,0.00036390128661878407,0.9670587569900415,3,3,4,0.0,4 3 5 10
1174,6359,0.050000000000000044,0.17988206446170807,0.0003623564960435033,0.00118537456728518,0.9282875661865567,4,4,5,0.0,5 4 3 1 10
1175,6363,0.050000000000000044,0.18726478517055511,0.00042296003812225536,0.0008420562953688204,0.9279354690406892,3,3,4,0.0,5 4 3 10
1176,6367,0.050000000000000044,0.108040951192379,0.00042652254342101514,0.0004871294368058443,0.9462413316709959,3,3,4,0.0,3 5 4 10
1177,6373,0.050000000000000044,0.49604809284210205,0.0003916956581330548,0.00035357996239326894,0.9656287449346711,5,5,6,0.0,5 8 9 4 3 10
1178,6377,0.050000000000000044,0.11574307084083557,0.00037880112358834594,0.0006716125644743443,0.9484512512345092,3,3,4,0.0,4 5 3 10
1179,6382,0.050000000000000044,0.4753967821598053,0.0004014599835500121,0.0007237818208523095,0.9440221804926143,4,4,5,0.0,4 3 6 5 10
1180,6389,0.050000000000000044,0.4382113814353943,0.0003804922785743007,0.0012194239534437656,0.9265073850467429,6,6,7,0.0,4 1 5 6 3 7 10
1181,6395,0.050000000000000044,0.46462175250053406,0.0003964935652523612,0.0006955986609682441,0.9460214042280857,5,5,6,0.0,4 3 7 9 5 10
1182,6399,0.050000000000000044,0.10950151085853577,0.00033992945827776566,0.0004470786079764366,0.9479181067696933,3,3,4,0.0,4 5 3 10
1183,6408,0.050000000000000044,0.49807652831077576,0.00033088789334417216,0.0006072678370401263,0.930869266231335,8,8,9,0.0,5 8 9 6 4 3 1 2 10
1184,6414,0.050000000000000044,0.45943984389305115,0.00039672007066352916,0.0007157496293075383,0.943914234496467,5,5,6,0.0,4 5 1 6 3 10
1185,6418,0.050000000000000044,0.12350565195083618,0.00037374525709310547,0.0004104148247279227,0.9593183607500884,3,3,4,0.0,4 3 5 10
1186,6424,0.050000000000000044,0.2237938642501831,0.0003993253970596318,0.000233104161452502,0.9609101041974267,5,5,6,0.0,2 5 1 3 4 10
1187,6433,0.050000000000000044,0.4885489344596863,0.00042302954049470526,0.0007867896929383278,0.9265227889405137,8,8,9,0.0,2 5 6 1 7 3 9 4 10
1188,6442,0.050000000000000044,0.4818466603755951,0.0003612961833520482,0.0007713983068242669,0.9280170600387344,9,9,10,0.0,2 5 6 1 4 3 7 8 9
1189,6447,0.050000000000000044,0.07240711152553558,0.00038461534422822296,0.0003534727147780359,0.9549641234979618,4,4,5,0.0,4 5 3 7 10
1190,6451,0.050000000000000044,0.10560297966003418,0.00043458320578793064,0.0003561797784641385,0.958056779700142,3,3,4,0.0,4 5 3 10
1191,6456,0.050000000000000044,0.1813817173242569,0.0003922537202015519,0.0011705018114298582,0.9298021780253874,4,4,5,0.0,5 8 3 4 10
1192,6462,0.050000000000000044,0.444747656583786,0.0003995635585548977,0.0005703011993318796,0.9327689201419334,5,5,6,0.0,4 5 1 6 3 10
1193,6470,0.050000000000000044,0.446091890335083,0.00038112231050035916,0.0010969156865030527,0.9010629394887886,7,7,8,0.0,4 5 1 6 3 9 8 10
1194,6474,0.050000000000000044,0.1989022195339203,0.00044582113332580775,0.0006972261471673846,0.9356720983698592,3,3,4,0.0,5 4 3 10
1195,6478,0.050000000000000044,0.12350565195083618,0.0004354285047156736,0.0004104148247279227,0.9593183607500884,3,3,4,0.0,5 3 4 10
1196,6484,0.050000000000000044,0.49604809284210205,0.00038364401067762327,0.00035357996239326894,0.9656287449346711,5,5,6,0.0,5 8 9 4 3 10
1197,6491,0.050000000000000044,0.5164144039154053,0.0004173738998360932,0.0012916515115648508,0.9180233531701295,6,6,7,0.0,5 8 9 4 3 2 10
1198,6498,0.050000000000000044,0.4533674120903015,0.0003793426149059087,0.0008526110323145986,0.9336598479187871,6,6,7,0.0,4 3 7 9 6 5 10
1199,6504,0.050000000000000044,0.4541859030723572,0.0004829665073581661,0.0012292243773117661,0.9264801728797193,5,5,6,0.0,4 6 3 7 5 10
1200,6508,0.050000000000000044,0.48632511496543884,0.0005225658387644216,0.0007457327446900308,0.9416614441681702,3,3,4,0.0,4 3 5 10
1201,6515,0.050000000000000044,0.16222472488880157,0.0005430484306998551,0.0016911980928853154,0.8808923418878375,6,6,7,0.0,5 8 6 9 4 3 10
1202,6520,0.050000000000000044,0.41405490040779114,0.0004892194701824337,0.0009859255515038967,0.91895652472902,4,4,5,0.0,5 8 4 3 10
1203,6523,0.050000000000000044,0.06931622326374054,0.0005188224604353309,0.0009509461815468967,0.8843896909219331,2,2,3,0.0,7 1 10
1204,6531,0.050000000000000044,0.4460918605327606,0.0004956323755322956,0.0010969156865030527,0.9010629394887886,7,7,8,0.0,5 8 4 1 6 3 9 10
1205,6535,0.050000000000000044,0.21238619089126587,0.0004551209058263339,0.0011898600496351719,0.9272665474275913,3,3,4,0.0,4 3 5 10
1206,6539,0.050000000000000044,0.20793238282203674,0.00036414607893675566,0.0004913120064884424,0.9460985286517886,3,3,4,0.0,5 4 3 10
1207,6544,0.050000000000000044,0.26258206367492676,0.0005371224542614073,0.00030161894392222166,0.9557873027290658,4,4,5,0.0,5 8 3 4 10
1208,6547,0.050000000000000044,0.08270066976547241,0.000411496585002169,0.0008391566225327551,0.8909555906950364,2,2,3,0.0,5 3 10
1209,6550,0.050000000000000044,0.11118227988481522,0.0004699829830011974,0.0006728159496560693,0.9217158952521938,2,2,3,0.0,5 3 10
1210,6558,0.050000000000000044,0.3742717504501343,0.00041695544496178627,0.0009445439791306853,0.9230820919330566,7,7,8,0.0,5 8 9 1 6 4 3 10
1211,6566,0.050000000000000044,0.4986363649368286,0.00043118635585415177,0.0007893468136899173,0.9259732984511378,7,7,8,0.0,4 5 1 6 3 9 8 10
1212,6573,0.050000000000000044,0.5118311047554016,0.0004054774679908795,0.0006346725858747959,0.9289283077193781,6,6,7,0.0,4 5 1 6 3 8 10
1213,6582,0.050000000000000044,0.48968085646629333,0.00044111408189766936,0.0012561776675283909,0.9210129848168664,9,9,10,0.0,5 8 6 1 7 4 9 2 3
1214,6587,0.050000000000000044,0.46172481775283813,0.00043030587257817385,0.000578278093598783,0.9336191550800832,4,4,5,0.0,3 5 6 4 10
1215,6593,0.050000000000000044,0.49604809284210205,0.00046727591931509477,0.00035357996239326894,0.9656287449346711,5,5,6,0.0,5 8 9 3 4 10
1216,6601,0.050000000000000044,0.5063203573226929,0.0004014701225969475,0.000395653914893046,0.930211429133143,7,7,8,0.0,5 8 6 1 9 7 4 10
1217,6607,0.050000000000000044,0.23279881477355957,0.00040278038068208843,0.0007637696689926088,0.9134289140632547,5,5,6,0.0,5 8 9 3 4 10
1218,6611,0.050000000000000044,0.22685597836971283,0.0004264731105649844,0.00036390128661878407,0.9670587569900415,3,3,4,0.0,4 5 3 10
1219,6615,0.050000000000000044,0.10560297966003418,0.00044619746040552855,0.0003561797784641385,0.958056779700142,3,3,4,0.0,4 5 3 10
1220,6620,0.050000000000000044,0.47847095131874084,0.00042212236439809203,0.0008937281090766191,0.9294551864585326,4,4,5,0.0,4 3 7 5 10
1221,6627,0.050000000000000044,0.44808244705200195,0.00037397543201223016,0.0010112709132954478,0.921816557752108,6,6,7,0.0,8 5 3 7 2 4 10
1222,6632,0.050000000000000044,0.2871163785457611,0.00037186152767390015,0.0007144291885197163,0.9440950080132229,4,4,5,0.0,3 6 4 5 10
1223,6637,0.050000000000000044,0.2736387550830841,0.00036031367490068077,0.0006645540124736726,0.9357582198347405,4,4,5,0.0,5 8 3 4 10
1224,6641,0.050000000000000044,0.085133396089077,0.00042425963329151273,0.0008444669656455517,0.9045451429985933,3,3,4,0.0,5 4 3 10
1225,6645,0.050000000000000044,0.2990611493587494,0.0003959951500291936,0.0006749939639121294,0.9342031731723179,3,3,4,0.0,5 3 4 10
1226,6649,0.050000000000000044,0.12350565195083618,0.0003842721926048398,0.0004104148247279227,0.9593183607500884,3,3,4,0.0,5 3 4 10
1227,6657,0.050000000000000044,0.5273382067680359,0.0003918646070815157,0.00035346229560673237,0.9358657273717499,7,7,8,0.0,5 8 6 1 4 7 3 10
1228,6660,0.050000000000000044,0.09007231146097183,0.0003131358923080067,0.001167328329756856,0.8750507655807114,2,2,3,0.0,8 7 10
1229,6665,0.050000000000000044,0.2092258334159851,0.0003361401613801718,0.0017679492011666298,0.8744249383472659,4,4,5,0.0,5 8 3 4 10
1230,6668,0.050000000000000044,0.10050339251756668,0.00038524170910629135,0.0005802148953080177,0.9219157190796311,2,2,3,0.0,8 7 10
1231,6677,0.050000000000000044,0.48968082666397095,0.00034237236832268536,0.0012561776675283909,0.9210129848168664,9,9,10,0.0,5 8 6 1 7 4 2 9 3
1232,6681,0.050000000000000044,0.29809650778770447,0.0003479100705590099,0.00036596995778381824,0.9654395427027724,3,3,4,0.0,3 5 4 10
1233,6686,0.050000000000000044,0.2845219373703003,0.0005255691590718925,0.000733868102543056,0.9427517029533204,4,4,5,0.0,5 8 3 4 10
1234,6690,0.050000000000000044,0.23610219359397888,0.0003836129471892491,0.0010865686926990747,0.9028501531882178,3,3,4,0.0,5 8 3 10
1235,6695,0.050000000000000044,0.41405490040779114,0.00036988020874559877,0.0009859255515038967,0.91895652472902,4,4,5,0.0,5 8 3 4 10
1236,6703,0.050000000000000044,0.44465386867523193,0.00037362839793786407,0.0011053495109081268,0.9010558556787466,7,7,8,0.0,5 8 6 1 7 4 3 10
1237,6710,0.050000000000000044,0.38063129782676697,0.0003557760542857328,0.001001609256491065,0.8993222369025068,6,6,7,0.0,5 8 6 1 7 4 10
1238,6718,0.050000000000000044,0.5077016949653625,0.00032671893131919205,0.0012796055525541306,0.9192193945898596,7,7,8,0.0,9 4 8 5 3 6 1 10
1239,6722,0.050000000000000044,0.29809650778770447,0.0003553863789420575,0.00036596995778381824,0.9654395427027724,3,3,4,0.0,5 3 4 10
1240,6727,0.050000000000000044,0.2736387550830841,0.0003750694973859936,0.0006645540124736726,0.9357582198347405,4,4,5,0.0,5 8 3 4 10
1241,6732,0.050000000000000044,0.2092258334159851,0.00034153281012549996,0.0017679492011666298,0.8744249383472659,4,4,5,0.0,5 8 3 4 10
1242,6735,0.050000000000000044,0.11626587808132172,0.0004097026733992,0.0007362950127571821,0.9288299937558656,2,2,3,0.0,7 1 10
1243,6740,0.050000000000000044,0.47494104504585266,0.00035078809596598146,0.0007224188884720206,0.9436010817745778,4,4,5,0.0,5 8 3 4 10
1244,6744,0.050000000000000044,0.28492799401283264,0.0003723199952219147,0.00031904428033158183,0.9544529469061408,3,3,4,0.0,5 4 3 10
1245,6753,0.050000000000000044,0.5456784963607788,0.00045096890729231137,0.00046588623081333935,0.9532000959344766,9,9,10,0.0,5 2 6 1 3 4 9 7 8
1246,6762,0.050000000000000044,0.45113691687583923,0.0005112278417477177,0.0009024869650602341,0.9092221474286067,8,8,9,0.0,8 5 6 1 3 7 9 4 10
1247,6765,0.050000000000000044,0.10170919448137283,0.00047797048076366383,0.000623429543338716,0.9284056296813502,2,2,3,0.0,1 7 10
1248,6774,0.050000000000000044,0.4349496364593506,0.0006160855409689248,0.00033794459886848927,0.9672684116858222,9,9,10,0.0,2 5 1 6 7 4 9 8 3
1249,6782,0.050000000000000044,0.4977317750453949,0.0006052428943803534,0.0007932761218398809,0.9258203749920327,7,7,8,0.0,2 8 3 7 5 9 4 10
1250,6786,0.050000000000000044,0.20793238282203674,0.0005067198944743723,0.0004913120064884424,0.9460985286517886,3,3,4,0.0,5 3 4 10
1251,6791,0.050000000000000044,0.05055968463420868,0.0005347819009330123,0.0006666346453130245,0.9376092225791584,4,4,5,0.0,1 7 4 8 10
1252,6798,0.050000000000000044,0.5128994584083557,0.00040853460086509585,0.0006321790278889239,0.9294112369542173,6,6,7,0.0,5 2 6 9 4 3 10
1253,6803,0.050000000000000044,0.2536337375640869,0.00048543009907007215,0.0008107030880637467,0.9093104645822476,4,4,5,0.0,5 8 3 4 10
1254,6812,0.050000000000000044,0.4885489344596863,0.0004990119293021659,0.0007867896929383278,0.9265227889405137,8,8,9,0.0,7 6 4 2 3 5 9 1 10
1255,6816,0.050000000000000044,0.29809650778770447,0.0005166047703824006,0.00036596995778381824,0.9654395427027724,3,3,4,0.0,5 4 3 10
1256,6822,0.050000000000000044,0.4588449001312256,0.0004892853224494805,0.0010560520458966494,0.9191894827324202,5,5,6,0.0,4 9 8 3 5 10
1257,6829,0.050000000000000044,0.43218493461608887,0.0004370278454319175,0.0005668951198458672,0.9351998005376843,6,6,7,0.0,9 8 1 5 3 4 10
1258,6833,0.050000000000000044,0.18726478517055511,0.0004290451543056406,0.0008420562953688204,0.9279354690406892,3,3,4,0.0,4 5 3 10
1259,6837,0.050000000000000044,0.10950823873281479,0.0004132232425035909,0.0003611558931879699,0.9537193116407474,3,3,4,0.0,4 5 3 10
1260,6841,0.050000000000000044,0.1080409437417984,0.00045605712512042373,0.0004871294368058443,0.9462413316709959,3,3,4,0.0,4 5 3 10
1261,6850,0.050000000000000044,0.4524824321269989,0.0004458203329704702,0.0008967786561697721,0.9094498097258714,8,8,9,0.0,7 2 4 3 8 6 1 5 10
1262,6857,0.050000000000000044,0.47367042303085327,0.00041934940548214527,0.00037862604949623346,0.964641092010684,6,6,7,0.0,5 1 4 6 2 3 10
1263,6861,0.050000000000000044,0.11574307084083557,0.00037285091093508527,0.0006716125644743443,0.9484512512345092,3,3,4,0.0,3 5 4 10
1264,6866,0.050000000000000044,0.2751680314540863,0.0004003849346190691,0.0003525406355038285,0.9669716516675761,4,4,5,0.0,5 4 3 6 10
1265,6872,0.050000000000000044,0.4608151912689209,0.00042448512006861466,0.0010239568073302507,0.9187780575257561,5,5,6,0.0,1 5 6 3 4 10
1266,6877,0.050000000000000044,0.2536337375640869,0.0003538039396516979,0.0008107030880637467,0.9093104645822476,4,4,5,0.0,5 8 3 4 10
1267,6880,0.050000000000000044,0.11280357092618942,0.0003959520060258607,0.0006751836044713855,0.9241352745472463,2,2,3,0.0,4 7 10
1268,6884,0.050000000000000044,0.28492799401283264,0.0004519715585047379,0.00031904428033158183,0.9544529469061408,3,3,4,0.0,5 4 3 10
1269,6892,0.050000000000000044,0.4460918605327606,0.00040004774928092957,0.0010969156865030527,0.9010629394887886,7,7,8,0.0,4 5 1 6 9 8 3 10
1270,6896,0.050000000000000044,0.29809650778770447,0.0004267792319296859,0.00036596995778381824,0.9654395427027724,3,3,4,0.0,5 4 3 10
1271,6900,0.050000000000000044,0.10560298711061478,0.00040009892836678773,0.0003561797784641385,0.958056779700142,3,3,4,0.0,3 5 4 10
1272,6905,0.050000000000000044,0.07046378403902054,0.00045803916291333737,0.0003361661219969392,0.9597677378322792,4,4,5,0.0,6 4 5 3 10
1273,6909,0.050000000000000044,0.21282950043678284,0.00042402680264785886,0.0008140195277519524,0.9398560478627752,3,3,4,0.0,5 4 3 10
1274,6917,0.050000000000000044,0.4651908576488495,0.00042774868416017853,0.0003487610083539039,0.9665222616155281,7,7,8,0.0,2 5 6 4 9 7 3 10
1275,6921,0.050000000000000044,0.2767753005027771,0.00037511288246605545,0.00023578456602990627,0.9599719557392895,3,3,4,0.0,3 4 5 10
1276,6925,0.050000000000000044,0.2767753005027771,0.00033133194665424526,0.00023578456602990627,0.9599719557392895,3,3,4,0.0,3 4 5 10
1277,6929,0.050000000000000044,0.21238619089126587,0.0003815925811068155,0.0011898600496351719,0.9272665474275913,3,3,4,0.0,4 3 5 10
1278,6938,0.050000000000000044,0.5188352465629578,0.0003613749544860588,0.0003482396132312715,0.9365713863891597,8,8,9,0.0,5 8 9 4 3 2 1 7 10
1279,6947,0.050000000000000044,0.5126906633377075,0.00036317277893734473,0.0003397592809051275,0.9383693661864108,9,9,10,0.0,7 2 4 8 6 1 5 9 3
1280,6951,0.050000000000000044,0.2990611493587494,0.0004623529821401462,0.0006749939639121294,0.9342031731723179,3,3,4,0.0,4 3 5 10
1281,6960,0.050000000000000044,0.5456785559654236,0.000343177949414692,0.00046588623081333935,0.9532000959344766,9,9,10,0.0,7 2 5 6 9 4 1 8 3
1282,6964,0.050000000000000044,0.15038833022117615,0.0004071043149451725,0.000515302293933928,0.9241186382866926,3,3,4,0.0,1 7 4 10
1283,6968,0.050000000000000044,0.2767753005027771,0.0003825054081971757,0.00023578456602990627,0.9599719557392895,3,3,4,0.0,3 5 4 10
1284,6972,0.050000000000000044,0.10950153321027756,0.0004137636933592148,0.0004470786079764366,0.9479181067696933,3,3,4,0.0,4 3 5 10
1285,6979,0.050000000000000044,0.38594236969947815,0.00038004287385514805,0.0009648202685639262,0.9210678389501912,6,6,7,0.0,7 5 6 9 4 3 10
1286,6983,0.050000000000000044,0.2767753005027771,0.0003522223050822504,0.00023578456602990627,0.9599719557392895,3,3,4,0.0,3 5 4 10
1287,6987,0.050000000000000044,0.11574307084083557,0.0003793752257479355,0.0006716125644743443,0.9484512512345092,3,3,4,0.0,3 5 4 10
1288,6992,0.050000000000000044,0.475391685962677,0.0003500784921925515,0.0010438355384394526,0.9181503603737646,4,4,5,0.0,4 5 3 6 10
1289,6997,0.050000000000000044,0.41591233015060425,0.0003313390829134732,0.0009755328064784408,0.9194864227960282,4,4,5,0.0,4 5 9 3 10
1290,7001,0.050000000000000044,0.29809650778770447,0.00045135003892937675,0.00036596995778381824,0.9654395427027724,3,3,4,0.0,4 3 5 10
1291,7005,0.050000000000000044,0.22685596346855164,0.00048491688357898965,0.00036390128661878407,0.9670587569900415,3,3,4,0.0,4 3 5 10
1292,7011,0.050000000000000044,0.46517279744148254,0.0006003053810369844,0.0008708955720067024,0.9307472451316474,5,5,6,0.0,4 5 1 6 3 10
1293,7014,0.050000000000000044,0.10975062102079391,0.0005762116440261403,0.0005318587645888329,0.9411291696937416,2,2,3,0.0,1 7 10
1294,7021,0.050000000000000044,0.512473464012146,0.0005133802686551851,0.0013145573902875185,0.9164614835654371,6,6,7,0.0,4 9 5 3 6 7 10
1295,7025,0.050000000000000044,0.1833808869123459,0.0004552943355520256,0.0011306899832561612,0.9001813861546987,3,3,4,0.0,3 5 4 10
1296,7029,0.050000000000000044,0.2990611493587494,0.00032776466832729056,0.0006749939639121294,0.9342031731723179,3,3,4,0.0,4 5 3 10
1297,7032,0.050000000000000044,0.10050339251756668,0.0004645466882114609,0.0005802148953080177,0.9219157190796311,2,2,3,0.0,7 8 10
1298,7036,0.050000000000000044,0.1892882138490677,0.00038597206003032625,0.0003878751886077225,0.9448756375189485,3,3,4,0.0,3 5 4 10
1299,7040,0.050000000000000044,0.108040951192379,0.00045813986798748374,0.0004871294368058443,0.9462413316709959,3,3,4,0.0,4 3 5 10
1300,7043,0.050000000000000044,0.10047424584627151,0.00039928014545391005,0.00139409932307899,0.9178067911305552,2,2,3,0.0,7 8 10
1301,7049,0.050000000000000044,0.46874290704727173,0.0004558521371412401,0.0009552980191074312,0.9033136189019354,5,5,6,0.0,5 8 9 4 3 10
1302,7053,0.050000000000000044,0.10950151085853577,0.00039597784052602947,0.0004470786079764366,0.9479181067696933,3,3,4,0.0,4 5 3 10
1303,7059,0.050000000000000044,0.5273506045341492,0.00045912491623312235,0.0012934511760249734,0.9180555387215155,5,5,6,0.0,9 4 8 5 3 10
1304,7067,0.050000000000000044,0.43458327651023865,0.0004167328697803896,0.000871570548042655,0.9331767575263835,7,7,8,0.0,8 4 9 6 3 2 5 10
1305,7076,0.050000000000000044,0.4085122346878052,0.00044154885755334463,0.0011757842730730772,0.9271400582142768,8,8,9,0.0,6 9 1 2 5 4 7 3 10
1306,7082,0.050000000000000044,0.4503094553947449,0.00036753537036323297,0.0012436022516340017,0.9237894623426279,5,5,6,0.0,6 1 3 4 5 10
1307,7091,0.050000000000000044,0.5126906037330627,0.00036535219664478465,0.0003397592809051275,0.9383693661864108,9,9,10,0.0,6 1 4 5 9 8 7 2 3
1308,7098,0.050000000000000044,0.5170437693595886,0.00034839713563477356,0.001288047176785767,0.9182798279522432,6,6,7,0.0,5 9 8 4 3 1 10
1309,7104,0.050000000000000044,0.45110103487968445,0.0004091739101568237,0.0012468632776290178,0.9247271988582969,5,5,6,0.0,4 9 8 5 3 10
1310,7108,0.050000000000000044,0.28492799401283264,0.0003446168193477206,0.00031904428033158183,0.9544529469061408,3,3,4,0.0,4 3 5 10
1311,7115,0.050000000000000044,0.38890278339385986,0.00040680401642540734,0.0009539200109429657,0.9223469091085418,6,6,7,0.0,6 9 4 8 5 3 10
1312,7120,0.050000000000000044,0.06991556286811829,0.0003549913119059056,0.0003394202794879675,0.9595537763819825,4,4,5,0.0,4 3 5 9 10
1313,7129,0.050000000000000044,0.4446294605731964,0.0004040300749087085,0.0008867850410751998,0.9108949523512163,9,9,10,0.0,6 1 5 9 4 8 7 2 3
1314,7135,0.050000000000000044,0.40432506799697876,0.0003983958934744199,0.0009569505928084254,0.9216902562540011,5,5,6,0.0,9 8 5 4 3 10
1315,7138,0.050000000000000044,0.08029144257307053,0.00040825281757861376,0.0008871744503267109,0.8932462026155803,2,2,3,0.0,7 8 10
1316,7141,0.050000000000000044,0.10701587051153183,0.00042470148764550686,0.0007902457728050649,0.9212616234131857,2,2,3,0.0,8 7 10
1317,7144,0.050000000000000044,0.11090018600225449,0.00034997206724559266,0.0011955245863646269,0.920266290499821,2,2,3,0.0,1 7 10
1318,7149,0.050000000000000044,0.1814083755016327,0.0004186395206488669,0.0007967187557369471,0.9412145459233793,4,4,5,0.0,4 7 3 5 10
1319,7153,0.050000000000000044,0.2764498293399811,0.00034128616243833676,0.0008365531102754176,0.9055910599766815,3,3,4,0.0,5 3 4 10
1320,7160,0.050000000000000044,0.479839026927948,0.00040559088977585943,0.0003531962283886969,0.9658329386029317,6,6,7,0.0,9 6 4 8 5 3 10
1321,7164,0.050000000000000044,0.10560297966003418,0.00040494182030670345,0.0003561797784641385,0.958056779700142,3,3,4,0.0,5 4 3 10
1322,7168,0.050000000000000044,0.22685596346855164,0.00044813651766162366,0.00036390128661878407,0.9670587569900415,3,3,4,0.0,4 3 5 10
1323,7174,0.050000000000000044,0.04231271147727966,0.0004064134166886409,0.000622474355623126,0.9514234170902357,5,5,6,0.0,4 9 3 5 6 10
1324,7178,0.050000000000000044,0.10560297966003418,0.00033828859886853024,0.0003561797784641385,0.958056779700142,3,3,4,0.0,4 3 5 10
1325,7183,0.050000000000000044,0.07722057402133942,0.0004333962919190526,0.000666085456032306,0.94862160742212,4,4,5,0.0,3 5 4 2 10
1326,7187,0.050000000000000044,0.10950823128223419,0.0004196770823909901,0.0003611558931879699,0.9537193116407474,3,3,4,0.0,5 3 4 10
1327,7194,0.050000000000000044,0.46023353934288025,0.00033893666113726795,0.0009468654170632362,0.9043619710681838,6,6,7,0.0,6 9 4 5 8 3 10
1328,7201,0.050000000000000044,0.5161300301551819,0.0003733961784746498,0.0006212802836671472,0.9300423255998654,6,6,7,0.0,9 8 4 5 3 6 10
1329,7205,0.050000000000000044,0.3104132115840912,0.00037608513957820833,0.0007459187181666493,0.9416358080580742,3,3,4,0.0,4 3 5 10
1330,7207,0.050000000000000044,0.07756797969341278,0.0004170970496488735,0.0008668273221701384,0.9038051540091828,1,1,2,0.0,8 10
1331,7210,0.050000000000000044,0.11253438144922256,0.0003758270080046107,0.00073817721568048,0.924086302164477,2,2,3,0.0,8 7 10
1332,7214,0.050000000000000044,0.1892882138490677,0.00033883329160744324,0.0003878751886077225,0.9448756375189485,3,3,4,0.0,5 3 4 10
1333,7218,0.050000000000000044,0.11574307084083557,0.0004282924928702414,0.0006716125644743443,0.9484512512345092,3,3,4,0.0,3 5 4 10
1334,7226,0.050000000000000044,0.3742717206478119,0.0003897870010405313,0.0009445439791306853,0.9230820919330566,7,7,8,0.0,9 8 4 3 6 1 5 10
1335,7230,0.050000000000000044,0.108040951192379,0.0003971937840105966,0.0004871294368058443,0.9462413316709959,3,3,4,0.0,3 5 4 10
1336,7236,0.050000000000000044,0.4588449001312256,0.0004083353220873202,0.0010560520458966494,0.9191894827324202,5,5,6,0.0,4 9 8 3 5 10
1337,7243,0.050000000000000044,0.45295795798301697,0.0003275049156010417,0.0011156614637002349,0.8998934802611432,6,6,7,0.0,6 9 4 8 5 3 10
1338,7246,0.050000000000000044,0.08029144257307053,0.000395045606031393,0.0008871744503267109,0.8932462026155803,2,2,3,0.0,7 8 10
1339,7250,0.050000000000000044,0.3104131817817688,0.0003803256477112882,0.0007459187181666493,0.9416358080580742,3,3,4,0.0,5 3 4 10
1340,7256,0.050000000000000044,0.46627259254455566,0.0006703168425398568,0.0008838503272272646,0.9326273452016601,5,5,6,0.0,4 9 8 5 3 10
1341,7264,0.050000000000000044,0.43905752897262573,0.0004961016857123468,0.0006528381491079926,0.9482367220340245,7,7,8,0.0,2 4 9 8 7 5 3 10
1342,7270,0.050000000000000044,0.458844929933548,0.0005698278546333313,0.0010560520458966494,0.9191894827324202,5,5,6,0.0,8 4 9 3 5 10
1343,7275,0.050000000000000044,0.1541036069393158,0.0005664265714585781,0.0017060969257727265,0.9152636659308364,4,4,5,0.0,7 1 4 5 10
1344,7279,0.050000000000000044,0.21282950043678284,0.0005705930743715726,0.0008140195277519524,0.9398560478627752,3,3,4,0.0,5 4 3 10
1345,7284,0.050000000000000044,0.4810376465320587,0.0005049425992183388,0.0008860002271831036,0.9311305553376604,4,4,5,0.0,4 3 5 6 10
1346,7293,0.050000000000000044,0.38195306062698364,0.0005503843551398151,0.0009363439166918397,0.906452640191199,8,8,9,0.0,8 6 2 3 7 5 9 4 10
1347,7299,0.050000000000000044,0.4767806828022003,0.0004772958830775072,0.0007182207773439586,0.9445221777052999,5,5,6,0.0,9 8 4 5 3 10
1348,7303,0.050000000000000044,0.2767753005027771,0.0004497267582337372,0.00023578456602990627,0.9599719557392895,3,3,4,0.0,3 5 4 10
1349,7307,0.050000000000000044,0.10560298711061478,0.0004330954543547705,0.0003561797784641385,0.958056779700142,3,3,4,0.0,3 5 4 10
1350,7313,0.050000000000000044,0.46627259254455566,0.0004175965392884488,0.0008838503272272646,0.9326273452016601,5,5,6,0.0,8 4 9 3 5 10
1351,7318,0.050000000000000044,0.249868243932724,0.000488640193361789,0.00023457463248632848,0.9602524111319807,4,4,5,0.0,2 5 3 4 10
1352,7322,0.050000000000000044,0.2764498293399811,0.000451449079264421,0.0008365531102754176,0.9055910599766815,3,3,4,0.0,5 3 4 10
1353,7330,0.050000000000000044,0.38477861881256104,0.0004255559397279285,0.0009552426636219025,0.902897941601971,7,7,8,0.0,8 5 6 1 4 3 2 10
1354,7334,0.050000000000000044,0.18726478517055511,0.00043244137486908585,0.0008420562953688204,0.9279354690406892,3,3,4,0.0,4 5 3 10
1355,7338,0.050000000000000044,0.28492799401283264,0.0004025447997264564,0.00031904428033158183,0.9544529469061408,3,3,4,0.0,5 3 4 10
1356,7342,0.050000000000000044,0.22685596346855164,0.00043462404573801905,0.00036390128661878407,0.9670587569900415,3,3,4,0.0,5 4 3 10
1357,7346,0.050000000000000044,0.21238617599010468,0.00036762959643965587,0.0011898600496351719,0.9272665474275913,3,3,4,0.0,5 4 3 10
1358,7350,0.050000000000000044,0.28492799401283264,0.0003559530377970077,0.00031904428033158183,0.9544529469061408,3,3,4,0.0,5 3 4 10
1359,7355,0.050000000000000044,0.47489845752716064,0.00039668441168032585,0.0009190965793095529,0.9281672460251841,4,4,5,0.0,4 5 1 3 10
1360,7359,0.050000000000000044,0.11574307084083557,0.0004129490625928156,0.0006716125644743443,0.9484512512345092,3,3,4,0.0,4 3 5 10
1361,7363,0.050000000000000044,0.20793236792087555,0.00043281663965899497,0.0004913120064884424,0.9460985286517886,3,3,4,0.0,4 3 5 10
1362,7366,0.050000000000000044,0.10284227132797241,0.0004090264264959842,0.0008591280202381313,0.9215652740845074,2,2,3,0.0,1 7 10
1363,7370,0.050000000000000044,0.21238617599010468,0.00038999610842438415,0.0011898600496351719,0.9272665474275913,3,3,4,0.0,5 4 3 10
1364,7373,0.050000000000000044,0.09346074610948563,0.0004288240840348105,0.0006077494472265244,0.916692987048952,2,2,3,0.0,8 3 10
1365,7376,0.050000000000000044,0.11651229858398438,0.00040353597917904455,0.0007187516894191504,0.9275227136883384,2,2,3,0.0,5 3 10
1366,7380,0.050000000000000044,0.28492802381515503,0.00037606769910780713,0.00031904428033158183,0.9544529469061408,3,3,4,0.0,3 5 4 10
1367,7384,0.050000000000000044,0.10950823873281479,0.00042891092016361654,0.0003611558931879699,0.9537193116407474,3,3,4,0.0,4 5 3 10
1368,7388,0.050000000000000044,0.21238617599010468,0.00044073052413295954,0.0011898600496351719,0.9272665474275913,3,3,4,0.0,5 4 3 10
1369,7392,0.050000000000000044,0.20793238282203674,0.00037680128298234195,0.0004913120064884424,0.9460985286517886,3,3,4,0.0,5 4 3 10
1370,7396,0.050000000000000044,0.28492802381515503,0.0003928647638531402,0.00031904428033158183,0.9544529469061408,3,3,4,0.0,3 5 4 10
1371,7401,0.050000000000000044,0.4704706072807312,0.0003840424760710448,0.0007426905212923884,0.9420004344936217,4,4,5,0.0,3 5 1 4 10
1372,7406,0.050000000000000044,0.4683903157711029,0.0003544238104950637,0.001095649553462863,0.9149382270332183,4,4,5,0.0,4 5 1 3 10
1373,7413,0.050000000000000044,0.5709609985351562,0.0004157096762875361,0.0004890663549304008,0.9504983308730596,6,6,7,0.0,5 8 6 1 4 3 10
1374,7418,0.050000000000000044,0.15071964263916016,0.00041714514372870326,0.0011138301342725754,0.9000975375155631,4,4,5,0.0,3 2 5 4 10
1375,7421,0.050000000000000044,0.10725127905607224,0.0003273141822622468,0.0005412240861915052,0.9254477951281419,2,2,3,0.0,2 8 10
1376,7425,0.050000000000000044,0.09722921252250671,0.0003884772304445505,0.0004254916566424072,0.9465197260612257,3,3,4,0.0,8 3 4 10
1377,7429,0.050000000000000044,0.1982954442501068,0.00038833657890791073,0.0022971373982727528,0.8571170588876069,3,3,4,0.0,8 4 7 10
1378,7433,0.050000000000000044,0.10560297966003418,0.00036726424150401726,0.0003561797784641385,0.958056779700142,3,3,4,0.0,4 5 3 10
1379,7437,0.050000000000000044,0.1989022195339203,0.00032093015033751726,0.0006972261471673846,0.9356720983698592,3,3,4,0.0,4 3 5 10
1380,7441,0.050000000000000044,0.48504558205604553,0.00041037180199055,0.0010978968348354101,0.9150954425760172,3,3,4,0.0,4 3 5 10
1381,7445,0.050000000000000044,0.18726478517055511,0.0003357767200213857,0.0008420562953688204,0.9279354690406892,3,3,4,0.0,4 3 5 10
1382,7451,0.050000000000000044,0.40432512760162354,0.00039073556642203283,0.0009569505928084254,0.9216902562540011,5,5,6,0.0,9 8 4 3 5 10
1383,7455,0.050000000000000044,0.0707065761089325,0.00034770679485518485,0.0009576191077940166,0.8892838284550467,3,3,4,0.0,8 4 3 10
1384,7459,0.050000000000000044,0.20793238282203674,0.0003667219716589898,0.0004913120064884424,0.9460985286517886,3,3,4,0.0,5 4 3 10
1385,7463,0.050000000000000044,0.1833808869123459,0.0003792593124671839,0.0011306899832561612,0.9001813861546987,3,3,4,0.0,3 5 4 10
1386,7467,0.050000000000000044,0.21282950043678284,0.0003247880085837096,0.0008140195277519524,0.9398560478627752,3,3,4,0.0,5 4 3 10
1387,7471,0.050000000000000044,0.10950823873281479,0.00033517121482873335,0.0003611558931879699,0.9537193116407474,3,3,4,0.0,5 4 3 10
1388,7475,0.050000000000000044,0.12350565940141678,0.00031570631108479574,0.0004104148247279227,0.9593183607500884,3,3,4,0.0,5 4 3 10
1389,7479,0.050000000000000044,0.24339479207992554,0.00044197319948580116,0.0011650301748886704,0.8867031143586219,3,3,4,0.0,5 4 3 10
1390,7488,0.050000000000000044,0.3844572603702545,0.0003859919961541891,0.0009240448125638068,0.9058347816416257,8,8,9,0.0,8 9 4 3 1 6 5 2 10
1391,7492,0.050000000000000044,0.0716792643070221,0.0003776771845878102,0.0009638090850785375,0.8918804804241898,3,3,4,0.0,8 4 7 10
1392,7495,0.050000000000000044,0.11764100193977356,0.00041334182606078684,0.0007230999763123691,0.9294150871015403,2,2,3,0.0,2 8 10
1393,7501,0.050000000000000044,0.2519720196723938,0.0005180135582728932,0.0003243175451643765,0.9672208947531533,5,5,6,0.0,9 8 5 4 3 10
1394,7505,0.050000000000000044,0.27683791518211365,0.0006130281544756144,0.000332564115524292,0.95088282975232,3,3,4,0.0,5 7 4 10
1395,7513,0.050000000000000044,0.4658965766429901,0.0005249129826552235,0.00034585598041303456,0.9666589324525363,7,7,8,0.0,9 8 4 3 1 5 6 10
1396,7517,0.050000000000000044,0.47261232137680054,0.0004815570136997849,0.0013129606377333403,0.9179154419362064,3,3,4,0.0,4 5 3 10
1397,7520,0.050000000000000044,0.09272846579551697,0.0005207908398006111,0.0006106077926233411,0.9161493977383399,2,2,3,0.0,4 5 10
1398,7526,0.050000000000000044,0.44801202416419983,0.00048659143309729796,0.0005705325747840106,0.9349404523829076,5,5,6,0.0,4 5 3 9 8 10
1399,7535,0.050000000000000044,0.4870642125606537,0.0004652109896091537,0.0007921350188553333,0.9260518127226234,8,8,9,0.0,2 5 6 1 4 3 8 7 10
1400,7539,0.050000000000000044,0.10950153321027756,0.0004573573460220359,0.0004470786079764366,0.9479181067696933,3,3,4,0.0,4 3 5 10
1401,7544,0.050000000000000044,0.07871901988983154,0.0005029274267144501,0.0006561424816027284,0.9500504341441585,4,4,5,0.0,3 5 4 8 10
1402,7549,0.050000000000000044,0.038888923823833466,0.00038346563233062627,0.0006493040127679706,0.9192992288366792,4,4,5,0.0,4 5 3 1 10
1403,7553,0.050000000000000044,0.3104132115840912,0.000526636496942956,0.0007459187181666493,0.9416358080580742,3,3,4,0.0,5 4 3 10
1404,7562,0.050000000000000044,0.5186153054237366,0.00038396133135797247,0.0003492700052447617,0.936694852343354,8,8,9,0.0,9 8 4 3 6 1 5 7 10
1405,7565,0.050000000000000044,0.06579747051000595,0.0003578980007053663,0.0013505487004294991,0.8485582659860429,2,2,3,0.0,4 6 10
1406,7572,0.050000000000000044,0.455260694026947,0.00036223463913691897,0.0007504357490688562,0.942995499327832,6,6,7,0.0,2 5 1 3 8 4 10
1407,7576,0.050000000000000044,0.1892881989479065,0.00039683288196101785,0.0003878751886077225,0.9448756375189485,3,3,4,0.0,5 4 3 10
1408,7580,0.050000000000000044,0.21282950043678284,0.00048295778105966747,0.0008140195277519524,0.9398560478627752,3,3,4,0.0,5 4 3 10
1409,7585,0.050000000000000044,0.07418925315141678,0.00039895320078358053,0.00042518676491454244,0.9504166062783969,4,4,5,0.0,4 5 8 3 10
1410,7594,0.050000000000000044,0.4348437190055847,0.00043142953007999394,0.0011012931354343891,0.9017294964063182,8,8,9,0.0,8 9 7 5 6 2 3 4 10
1411,7598,0.050000000000000044,0.07760586589574814,0.0003485083798295818,0.0006504798075184226,0.9191824672356088,3,3,4,0.0,4 5 3 10
1412,7607,0.050000000000000044,0.4349391460418701,0.0004123116895142529,0.0010968622518703341,0.9010071717246959,8,8,9,0.0,4 9 8 3 6 1 5 7 10
1413,7614,0.050000000000000044,0.5167233943939209,0.0003956939659214446,0.0006196436588652432,0.930248403201914,6,6,7,0.0,9 8 4 7 5 3 10
1414,7621,0.050000000000000044,0.4526337683200836,0.00039397064080861,0.0011167330667376518,0.8997369068237321,6,6,7,0.0,9 8 4 7 5 3 10
1415,7628,0.050000000000000044,0.47995150089263916,0.0003826299382905875,0.0003501645114738494,0.9656568504825642,6,6,7,0.0,9 8 2 3 4 5 10
1416,7632,0.050000000000000044,0.12350565195083618,0.0003879024225170724,0.0004104148247279227,0.9593183607500884,3,3,4,0.0,4 3 5 10
1417,7636,0.050000000000000044,0.07760586589574814,0.0003479023071122356,0.0006504798075184226,0.9191824672356088,3,3,4,0.0,4 5 3 10
1418,7642,0.050000000000000044,0.44195547699928284,0.0003183085937052965,0.0005994986277073622,0.9332900908061356,5,5,6,0.0,2 5 1 3 4 10
1419,7646,0.050000000000000044,0.1989022195339203,0.00033264381636399776,0.0006972261471673846,0.9356720983698592,3,3,4,0.0,5 4 3 10
1420,7652,0.050000000000000044,0.46662625670433044,0.00040208702557720244,0.0007963186362758279,0.9419115247574771,5,5,6,0.0,2 5 1 3 4 10
1421,7656,0.050000000000000044,0.11574307829141617,0.0004364348715171218,0.0006716125644743443,0.9484512512345092,3,3,4,0.0,5 4 3 10
1422,7660,0.050000000000000044,0.1892881989479065,0.0003550785768311471,0.0003878751886077225,0.9448756375189485,3,3,4,0.0,5 4 3 10
1423,7664,0.050000000000000044,0.2990611493587494,0.00032218665728578344,0.0006749939639121294,0.9342031731723179,3,3,4,0.0,5 4 3 10
1424,7672,0.050000000000000044,0.44262978434562683,0.0003600046911742538,0.0007136231288313866,0.9437180119837932,7,7,8,0.0,2 1 3 4 8 9 5 10
1425,7680,0.050000000000000044,0.3875008523464203,0.0004296387851354666,0.0009521585889160633,0.9048686899802915,7,7,8,0.0,8 5 6 3 7 9 4 10
1426,7684,0.050000000000000044,0.21238619089126587,0.000434813613537699,0.0011898600496351719,0.9272665474275913,3,3,4,0.0,3 5 4 10
1427,7688,0.050000000000000044,0.3104132115840912,0.00042172890971414745,0.0007459187181666493,0.9416358080580742,3,3,4,0.0,5 4 3 10
1428,7695,0.050000000000000044,0.45258134603500366,0.00040908072592823634,0.0008643315522931516,0.9338150339535527,6,6,7,0.0,4 5 3 7 9 8 10
1429,7699,0.050000000000000044,0.11574307084083557,0.0003580289921956137,0.0006716125644743443,0.9484512512345092,3,3,4,0.0,4 5 3 10
1430,7705,0.050000000000000044,0.4608152210712433,0.0003874313939983646,0.0010239568073302507,0.9187780575257561,5,5,6,0.0,1 6 3 4 5 10
1431,7714,0.050000000000000044,0.4348437190055847,0.00035901553605476185,0.0011012931354343891,0.9017294964063182,8,8,9,0.0,8 9 7 6 2 5 4 3 10
1432,7720,0.050000000000000044,0.4681140184402466,0.00032483921192275983,0.0006834827945567667,0.9475515836165436,5,5,6,0.0,4 7 6 5 3 10
1433,7724,0.050000000000000044,0.2990611493587494,0.00038581622357014567,0.0006749939639121294,0.9342031731723179,3,3,4,0.0,5 4 3 10
1434,7732,0.050000000000000044,0.5065253973007202,0.0003408879056223668,0.0006179207121022046,0.9307619931617049,7,7,8,0.0,8 5 4 3 1 6 7 10
1435,7737,0.050000000000000044,0.4102333188056946,0.00044471343862824143,0.0010001191403716803,0.9173148049752579,4,4,5,0.0,5 3 1 4 10
1436,7745,0.050000000000000044,0.5263694524765015,0.0003717987856362015,0.000354599003912881,0.9353545375620143,7,7,8,0.0,5 8 6 3 7 9 4 10
1437,7749,0.050000000000000044,0.07760587334632874,0.00039101382571971044,0.0006504798075184226,0.9191824672356088,3,3,4,0.0,3 5 4 10
1438,7753,0.050000000000000044,0.12350565195083618,0.0004999400262022391,0.0004104148247279227,0.9593183607500884,3,3,4,0.0,4 5 3 10
1439,7758,0.050000000000000044,0.25316122174263,0.0004407811560668051,0.0002313007425982505,0.9614714203794419,4,4,5,0.0,5 4 6 3 10
1440,7762,0.050000000000000044,0.12350565195083618,0.000442977252532728,0.0004104148247279227,0.9593183607500884,3,3,4,0.0,4 5 3 10
1441,7766,0.050000000000000044,0.11574307829141617,0.0005528457331820391,0.0006716125644743443,0.9484512512345092,3,3,4,0.0,5 4 3 10
1442,7771,0.050000000000000044,0.219403475522995,0.00046818164410069587,0.0011355584720149636,0.8887895109678987,4,4,5,0.0,5 3 4 7 10
1443,7775,0.050000000000000044,0.108040951192379,0.0005151711229700595,0.0004871294368058443,0.9462413316709959,3,3,4,0.0,5 4 3 10
1444,7779,0.050000000000000044,0.1989022195339203,0.0004858825486735441,0.0006972261471673846,0.9356720983698592,3,3,4,0.0,5 4 3 10
1445,7783,0.050000000000000044,0.20793238282203674,0.00039538183773402125,0.0004913120064884424,0.9460985286517886,3,3,4,0.0,5 4 3 10
1446,7787,0.050000000000000044,0.12350565940141678,0.0004044598535983823,0.0004104148247279227,0.9593183607500884,3,3,4,0.0,5 4 3 10
1447,7791,0.050000000000000044,0.47261232137680054,0.00042635609133867547,0.0013129606377333403,0.9179154419362064,3,3,4,0.0,4 5 3 10
1448,7797,0.050000000000000044,0.46462178230285645,0.00036220327698780846,0.0006955986609682441,0.9460214042280857,5,5,6,0.0,5 7 3 4 9 10
1449,7801,0.050000000000000044,0.2764498293399811,0.00040200218791142106,0.0008365531102754176,0.9055910599766815,3,3,4,0.0,5 3 4 10
1450,7805,0.050000000000000044,0.21282950043678284,0.0005059217583038844,0.0008140195277519524,0.9398560478627752,3,3,4,0.0,5 4 3 10
1451,7809,0.050000000000000044,0.1833808869123459,0.000420194432081189,0.0011306899832561612,0.9001813861546987,3,3,4,0.0,5 4 3 10
1452,7813,0.050000000000000044,0.20793238282203674,0.0003947225632146001,0.0004913120064884424,0.9460985286517886,3,3,4,0.0,5 4 3 10
1453,7817,0.050000000000000044,0.21238617599010468,0.00033114977122750133,0.0011898600496351719,0.9272665474275913,3,3,4,0.0,5 4 3 10
1454,7818,0.050000000000000044,0.0,0.0002947506436612457,0.0015812440542504191,0.7771263515552358,0,0,1,0.0,10
1455,7822,0.050000000000000044,0.4725092351436615,0.0003434432437643409,0.000608788977842778,0.9322087477303501,3,3,4,0.0,5 3 4 10
1456,7828,0.050000000000000044,0.3976701498031616,0.0003477452410152182,0.0009801083942875266,0.8998153977955422,5,5,6,0.0,5 1 6 4 3 10
1457,7832,0.050000000000000044,0.10950151085853577,0.00034092747227987275,0.0004470786079764366,0.9479181067696933,3,3,4,0.0,4 5 3 10
1458,7836,0.050000000000000044,0.20793238282203674,0.00040399201679974794,0.0004913120064884424,0.9460985286517886,3,3,4,0.0,5 4 3 10
1459,7840,0.050000000000000044,0.2990611493587494,0.00041085746488533914,0.0006749939639121294,0.9342031731723179,3,3,4,0.0,5 4 3 10
1460,7844,0.050000000000000044,0.21282950043678284,0.00032474566251039505,0.0008140195277519524,0.9398560478627752,3,3,4,0.0,5 4 3 10
1461,7853,0.050000000000000044,0.48968085646629333,0.00035923310012246173,0.0012561776675283909,0.9210129848168664,9,9,10,0.0,7 2 8 3 9 4 6 1 5
1462,7859,0.050000000000000044,0.5106765627861023,0.00034177287307102233,0.0008269689278677106,0.922936050879119,5,5,6,0.0,7 5 6 4 3 10
1463,7863,0.050000000000000044,0.1833808869123459,0.000362623901310144,0.0011306899832561612,0.9001813861546987,3,3,4,0.0,5 4 3 10
1464,7867,0.050000000000000044,0.108040951192379,0.000402741898142267,0.0004871294368058443,0.9462413316709959,3,3,4,0.0,5 4 3 10
1465,7871,0.050000000000000044,0.1989022195339203,0.0003566530212992802,0.0006972261471673846,0.9356720983698592,3,3,4,0.0,5 4 3 10
1466,7874,0.050000000000000044,0.11128176003694534,0.0003311386778174589,0.0004892295110039413,0.9380265261433071,2,2,3,0.0,5 3 10
1467,7878,0.050000000000000044,0.23378056287765503,0.00038708161446265876,0.0017929158639162779,0.8717285928523498,3,3,4,0.0,5 3 4 10
1468,7883,0.050000000000000044,0.45695164799690247,0.0003154607431497425,0.0006045941263437271,0.9326007251675361,4,4,5,0.0,5 1 3 4 10
1469,7887,0.050000000000000044,0.2990611493587494,0.0003660824368125759,0.0006749939639121294,0.9342031731723179,3,3,4,0.0,5 3 4 10
1470,7892,0.050000000000000044,0.4617248475551605,0.0003376103355549276,0.000578278093598783,0.9336191550800832,4,4,5,0.0,5 3 6 4 10
1471,7899,0.050000000000000044,0.47501140832901,0.00035782232797438543,0.00037512602284550667,0.9650563971714231,6,6,7,0.0,5 3 8 7 2 4 10
1472,7908,0.050000000000000044,0.48968079686164856,0.00033537161329554185,0.0012561776675283909,0.9210129848168664,9,9,10,0.0,7 5 8 6 9 2 4 3 1
1473,7912,0.050000000000000044,0.108040951192379,0.00033151180105051026,0.0004871294368058443,0.9462413316709959,3,3,4,0.0,4 3 5 10
1474,7916,0.050000000000000044,0.28492799401283264,0.00033199041354237124,0.00031904428033158183,0.9544529469061408,3,3,4,0.0,5 3 4 10
1475,7920,0.050000000000000044,0.23378056287765503,0.0003383015136932954,0.0017929158639162779,0.8717285928523498,3,3,4,0.0,5 3 4 10
1476,7929,0.050000000000000044,0.48968079686164856,0.0003336875848213418,0.0012561776675283909,0.9210129848168664,9,9,10,0.0,7 5 8 6 1 4 2 9 3
1477,7932,0.050000000000000044,0.08270066976547241,0.0003638258397889634,0.0008391566225327551,0.8909555906950364,2,2,3,0.0,5 3 10
1478,7936,0.050000000000000044,0.2764498293399811,0.0003741998370969668,0.0008365531102754176,0.9055910599766815,3,3,4,0.0,5 3 4 10
1479,7941,0.050000000000000044,0.2729738652706146,0.0003167516435496509,0.00035515381023287773,0.9660112586461548,4,4,5,0.0,5 3 2 4 10
1480,7945,0.050000000000000044,0.18726478517055511,0.00033899841946549714,0.0008420562953688204,0.9279354690406892,3,3,4,0.0,5 4 3 10
1481,7954,0.050000000000000044,0.37928977608680725,0.00030631110550732247,0.0009104710770770907,0.9083804065775786,9,9,10,0.0,8 9 3 7 4 6 2 1 5
1482,7958,0.050000000000000044,0.29809650778770447,0.0002896240730478894,0.00036596995778381824,0.9654395427027724,3,3,4,0.0,4 3 5 10
1483,7962,0.050000000000000044,0.22685597836971283,0.000305039226077497,0.00036390128661878407,0.9670587569900415,3,3,4,0.0,4 5 3 10
1484,7969,0.050000000000000044,0.5718052387237549,0.00032555641207311837,0.0004858258180320263,0.9505942646551359,6,6,7,0.0,5 1 6 3 4 7 10
1485,7973,0.050000000000000044,0.21238617599010468,0.0002871161123039201,0.0011898600496351719,0.9272665474275913,3,3,4,0.0,5 4 3 10
1486,7977,0.050000000000000044,0.18726478517055511,0.00033323302341159433,0.0008420562953688204,0.9279354690406892,3,3,4,0.0,5 4 3 10
1487,7982,0.050000000000000044,0.08032499253749847,0.00034666897263377903,0.00043013712274841964,0.9554958476570925,4,4,5,0.0,5 1 4 7 10
1488,7986,0.050000000000000044,0.20793238282203674,0.0003359138863743283,0.0004913120064884424,0.9460985286517886,3,3,4,0.0,5 4 3 10
1489,7990,0.050000000000000044,0.4725092351436615,0.00030413155764108524,0.000608788977842778,0.9322087477303501,3,3,4,0.0,5 3 4 10
1490,7996,0.050000000000000044,0.3976701498031616,0.0003603343672390717,0.0009801083942875266,0.8998153977955422,5,5,6,0.0,5 1 6 4 3 10
1491,8000,0.050000000000000044,0.12350565195083618,0.00030862827406963333,0.0004104148247279227,0.9593183607500884,3,3,4,0.0,4 5 3 10
1492,8004,0.050000000000000044,0.29809650778770447,0.00037474810233106837,0.00036596995778381824,0.9654395427027724,3,3,4,0.0,5 4 3 10
1493,8008,0.050000000000000044,0.20793238282203674,0.0003633034211816266,0.0004913120064884424,0.9460985286517886,3,3,4,0.0,5 4 3 10
1494,8012,0.050000000000000044,0.10560297966003418,0.0003819868070422672,0.0003561797784641385,0.958056779700142,3,3,4,0.0,5 4 3 10
1495,8016,0.050000000000000044,0.29809650778770447,0.00039117943379096687,0.00036596995778381824,0.9654395427027724,3,3,4,0.0,3 5 4 10
1496,8024,0.050000000000000044,0.4927164614200592,0.00037492041519726627,0.000811865902505815,0.9243359484230296,7,7,8,0.0,2 5 6 1 3 7 4 10
1497,8028,0.050000000000000044,0.2767753005027771,0.00038875507743796334,0.00023578456602990627,0.9599719557392895,3,3,4,0.0,5 3 4 10
1498,8031,0.050000000000000044,0.08768980950117111,0.0003577533643692732,0.001172045012935996,0.8709456620385757,2,2,3,0.0,5 3 10
1499,8040,0.050000000000000044,0.4874568283557892,0.0003792878867696143,0.0007913691806606948,0.9263054944140733,8,8,9,0.0,4 2 3 6 7 5 9 8 10
1500,8044,0.050000000000000044,0.07760586589574814,0.000463283657154534,0.0006504798075184226,0.9191824672356088,3,3,4,0.0,4 3 5 10
1501,8051,0.050000000000000044,0.39321446418762207,0.00038792562138821395,0.0009638584451749921,0.9023959793584525,6,6,7,0.0,5 6 1 4 3 7 10
1502,8055,0.050000000000000044,0.21282950043678284,0.00036063337029190734,0.0008140195277519524,0.9398560478627752,3,3,4,0.0,5 3 4 10
1503,8059,0.050000000000000044,0.18726478517055511,0.00031480908364756033,0.0008420562953688204,0.9279354690406892,3,3,4,0.0,5 3 4 10
1504,8064,0.050000000000000044,0.08735685795545578,0.0003492567571811378,0.0003892638487741351,0.9609625514034142,4,4,5,0.0,4 3 9 5 10
1505,8069,0.050000000000000044,0.4629567861557007,0.0003168731927871704,0.0012699499493464828,0.9217163326238658,4,4,5,0.0,3 5 7 4 10
1506,8076,0.050000000000000044,0.43791115283966064,0.0003487282956484705,0.0012175430310890079,0.9261113662144234,6,6,7,0.0,3 5 2 7 6 4 10
1507,8085,0.050000000000000044,0.4818466007709503,0.00030263703148294654,0.0007713983068242669,0.9280170600387344,9,9,10,0.0,4 2 8 3 6 7 9 1 5
1508,8090,0.050000000000000044,0.15071962773799896,0.0003738540632184595,0.0011138301342725754,0.9000975375155631,4,4,5,0.0,4 3 5 2 10
1509,8096,0.050000000000000044,0.4527178704738617,0.00037872145185247064,0.0010907790856435895,0.9155811636966701,5,5,6,0.0,3 5 2 1 4 10
1510,8099,0.050000000000000044,0.10093612968921661,0.0002804105364096661,0.0005887215957045555,0.9234273165251781,2,2,3,0.0,5 3 10
1511,8104,0.050000000000000044,0.4753917157649994,0.000289780565071851,0.0010438355384394526,0.9181503603737646,4,4,5,0.0,3 5 6 4 10
1512,8110,0.050000000000000044,0.45586690306663513,0.0002800239890348166,0.0011470711324363947,0.8967356380965565,5,5,6,0.0,5 3 6 1 4 10
1513,8119,0.050000000000000044,0.40591859817504883,0.0003105956857325509,0.0011920612305402756,0.9257569310091177,8,8,9,0.0,3 7 1 8 4 9 2 5 10
1514,8122,0.050000000000000044,0.11128176003694534,0.00030581744310135644,0.0004892295110039413,0.9380265261433071,2,2,3,0.0,3 5 10
1515,8131,0.050000000000000044,0.4874568283557892,0.0003194291639374569,0.0007913691806606948,0.9263054944140733,8,8,9,0.0,4 2 6 8 3 7 9 5 10
1516,8137,0.050000000000000044,0.4005128741264343,0.00033642917696852237,0.0009764599381014705,0.9204629983190408,5,5,6,0.0,5 3 6 7 4 10
1517,8143,0.050000000000000044,0.40498045086860657,0.0003508636630916347,0.0009630759013816714,0.9028596169316386,5,5,6,0.0,5 9 4 8 3 10
1518,8147,0.050000000000000044,0.08215087652206421,0.00032161411218112335,0.0004454305162653327,0.943392828833334,3,3,4,0.0,5 3 2 10
1519,8151,0.050000000000000044,0.1833808869123459,0.0002792683881125413,0.0011306899832561612,0.9001813861546987,3,3,4,0.0,3 5 4 10
1520,8155,0.050000000000000044,0.22685597836971283,0.000343553394486662,0.00036390128661878407,0.9670587569900415,3,3,4,0.0,3 5 4 10
1521,8160,0.050000000000000044,0.4617248475551605,0.00031466917716898023,0.000578278093598783,0.9336191550800832,4,4,5,0.0,5 3 6 4 10
1522,8164,0.050000000000000044,0.10560297966003418,0.00033360408269800246,0.0003561797784641385,0.958056779700142,3,3,4,0.0,4 3 5 10
1523,8170,0.050000000000000044,0.5158676505088806,0.0003116674003346513,0.0008066880982369184,0.9242653544110719,5,5,6,0.0,4 9 8 5 3 10
1524,8174,0.050000000000000044,0.23378056287765503,0.00029032704333076254,0.0017929158639162779,0.8717285928523498,3,3,4,0.0,5 3 4 10
1525,8181,0.050000000000000044,0.4777178168296814,0.0003773972608282098,0.0003580188495106995,0.9651209516683317,6,6,7,0.0,5 3 6 4 9 7 10
1526,8185,0.050000000000000044,0.24339479207992554,0.00027132251852890477,0.0011650301748886704,0.8867031143586219,3,3,4,0.0,5 3 4 10
1527,8194,0.050000000000000044,0.42145031690597534,0.0003221538047202759,0.0006574304425157607,0.9479245604253977,8,8,9,0.0,2 5 6 1 3 8 7 4 10
1528,8198,0.050000000000000044,0.085133396089077,0.0003046204765269067,0.0008444669656455517,0.9045451429985933,3,3,4,0.0,5 3 4 10
1529,8202,0.050000000000000044,0.2990611493587494,0.00031705640139989555,0.0006749939639121294,0.9342031731723179,3,3,4,0.0,5 3 4 10
1530,8209,0.050000000000000044,0.5718052387237549,0.0002949081328032272,0.0004858258180320263,0.9505942646551359,6,6,7,0.0,5 7 6 4 1 3 10
1531,8215,0.050000000000000044,0.40432506799697876,0.0003229333378840238,0.0009569505928084254,0.9216902562540011,5,5,6,0.0,5 9 4 8 3 10
1532,8224,0.050000000000000044,0.49633997678756714,0.00030047887574053474,0.0006134753348305821,0.9306162230218633,8,8,9,0.0,5 9 8 1 7 2 4 3 10
1533,8228,0.050000000000000044,0.22685597836971283,0.00027855419466504827,0.00036390128661878407,0.9670587569900415,3,3,4,0.0,3 5 4 10
1534,8231,0.050000000000000044,0.08270066976547241,0.00028799849678762257,0.0008391566225327551,0.8909555906950364,2,2,3,0.0,5 3 10
1535,8238,0.050000000000000044,0.47669243812561035,0.0003312236180395952,0.00037348346086218953,0.9657884845321867,6,6,7,0.0,5 3 7 2 6 4 10
1536,8242,0.050000000000000044,0.085133396089077,0.0002960814526886679,0.0008444669656455517,0.9045451429985933,3,3,4,0.0,4 3 5 10
1537,8246,0.050000000000000044,0.10950823128223419,0.00031611814483767375,0.0003611558931879699,0.9537193116407474,3,3,4,0.0,4 3 5 10
1538,8254,0.050000000000000044,0.3875758945941925,0.00036496598477242514,0.0009522140026092529,0.9049590868470077,7,7,8,0.0,5 3 7 6 2 8 4 10
1539,8263,0.050000000000000044,0.555420994758606,0.0003740225963863648,0.0004711332148872316,0.9530430480430299,8,8,9,0.0,5 3 6 7 8 1 9 4 10
1540,8267,0.050000000000000044,0.07760586589574814,0.0003234408504795283,0.0006504798075184226,0.9191824672356088,3,3,4,0.0,4 3 5 10
1541,8271,0.050000000000000044,0.085133396089077,0.0003487665599095635,0.0008444669656455517,0.9045451429985933,3,3,4,0.0,5 4 3 10
1542,8278,0.050000000000000044,0.4379112124443054,0.0004163905687164515,0.0012175430310890079,0.9261113662144234,6,6,7,0.0,3 5 7 2 6 4 10
1543,8286,0.050000000000000044,0.5055161118507385,0.00034526593663031235,0.0006190610583871603,0.9300056103435339,7,7,8,0.0,5 9 8 1 7 3 4 10
1544,8290,0.050000000000000044,0.11574307084083557,0.000343036103004124,0.0006716125644743443,0.9484512512345092,3,3,4,0.0,4 3 5 10
1545,8294,0.050000000000000044,0.1989022195339203,0.0004024372101412155,0.0006972261471673846,0.9356720983698592,3,3,4,0.0,5 4 3 10
1546,8298,0.050000000000000044,0.085133396089077,0.00040053821430774406,0.0008444669656455517,0.9045451429985933,3,3,4,0.0,4 3 5 10
1547,8305,0.050000000000000044,0.5176577568054199,0.00035854893212672323,0.001287293154746294,0.9188878044362017,6,6,7,0.0,7 5 8 4 9 3 10
1548,8314,0.050000000000000044,0.4446294903755188,0.00029114405495218106,0.0008867850410751998,0.9108949523512163,9,9,10,0.0,7 2 6 4 5 9 1 8 3
1549,8319,0.050000000000000044,0.2729738652706146,0.000326262041926384,0.00035515381023287773,0.9660112586461548,4,4,5,0.0,2 5 4 3 10
1550,8328,0.050000000000000044,0.4489867389202118,0.0003456720070163202,0.0009110671235248446,0.9087318986937776,8,8,9,0.0,7 2 5 6 8 3 9 4 10
1551,8334,0.050000000000000044,0.4409491717815399,0.0003343155064309637,0.001307420083321631,0.9191157308974116,5,5,6,0.0,3 5 2 1 4 10
1552,8341,0.050000000000000044,0.4287216365337372,0.000307867893882628,0.0005695183062925935,0.9331280494398935,6,6,7,0.0,2 5 6 1 3 4 10
1553,8344,0.050000000000000044,0.10242340713739395,0.0002845200263739874,0.000727549777366221,0.9157148036977341,2,2,3,0.0,3 8 10
1554,8349,0.050000000000000044,0.07117373496294022,0.0003327763406559825,0.0003588921972550452,0.9541192191357278,4,4,5,0.0,4 3 5 2 10
1555,8355,0.050000000000000044,0.4645631015300751,0.00031279299582820386,0.0008823492680676281,0.9310364268463234,5,5,6,0.0,1 4 5 3 7 10
1556,8359,0.050000000000000044,0.1892882138490677,0.00031249829044099897,0.0003878751886077225,0.9448756375189485,3,3,4,0.0,5 3 4 10
1557,8363,0.050000000000000044,0.05541408807039261,0.0003538004675647244,0.0011102143907919526,0.8768111674046403,3,3,4,0.0,5 3 9 10
1558,8370,0.050000000000000044,0.4522273540496826,0.00034124388808517585,0.000671322806738317,0.9471823689699457,6,6,7,0.0,3 5 1 8 7 4 10
1559,8374,0.050000000000000044,0.10950153321027756,0.00030252098076744005,0.0004470786079764366,0.9479181067696933,3,3,4,0.0,4 3 5 10
1560,8377,0.050000000000000044,0.11253438144922256,0.0003545296979912867,0.00073817721568048,0.924086302164477,2,2,3,0.0,8 7 10
1561,8381,0.050000000000000044,0.18726477026939392,0.00029244205506984144,0.0008420562953688204,0.9279354690406892,3,3,4,0.0,3 5 4 10
1562,8387,0.050000000000000044,0.4741831421852112,0.00033901202550623566,0.0007554629119113088,0.9447963526749299,5,5,6,0.0,4 3 5 6 7 10
1563,8392,0.050000000000000044,0.41388314962387085,0.00033748202258720994,0.000988149200566113,0.9190044138540694,4,4,5,0.0,3 5 6 4 10
1564,8397,0.050000000000000044,0.46172481775283813,0.000326592184137553,0.000578278093598783,0.9336191550800832,4,4,5,0.0,3 5 6 4 10
1565,8400,0.050000000000000044,0.1012413427233696,0.00038516923086717725,0.0013122091768309474,0.9140973394198452,2,2,3,0.0,4 2 10
1566,8409,0.050000000000000044,0.4818466007709503,0.000291790777636278,0.0007713983068242669,0.9280170600387344,9,9,10,0.0,4 5 8 3 1 7 9 2 6
1567,8416,0.050000000000000044,0.4526270031929016,0.0003029835684823671,0.0008504093275405467,0.9328599317922887,6,6,7,0.0,3 5 1 6 7 4 10
1568,8420,0.050000000000000044,0.07760586589574814,0.0003198561607860029,0.0006504798075184226,0.9191824672356088,3,3,4,0.0,4 3 5 10
1569,8424,0.050000000000000044,0.1833808869123459,0.00030413870263146237,0.0011306899832561612,0.9001813861546987,3,3,4,0.0,3 5 4 10
1570,8428,0.050000000000000044,0.10560297966003418,0.00026958871239912696,0.0003561797784641385,0.958056779700142,3,3,4,0.0,5 4 3 10
1571,8435,0.050000000000000044,0.5357565879821777,0.00028675186747152893,0.0003584578225854784,0.9350142989941074,6,6,7,0.0,5 3 6 1 4 8 10
1572,8439,0.050000000000000044,0.24339479207992554,0.00029349767282838,0.0011650301748886704,0.8867031143586219,3,3,4,0.0,3 5 4 10
1573,8443,0.050000000000000044,0.1892882138490677,0.0002790921353152953,0.0003878751886077225,0.9448756375189485,3,3,4,0.0,3 5 4 10
1574,8451,0.050000000000000044,0.41826653480529785,0.00031977755861589685,0.0012251919833943248,0.923831496362942,7,7,8,0.0,1 4 9 3 2 5 7 10
1575,8455,0.050000000000000044,0.12350565195083618,0.0002987197367474437,0.0004104148247279227,0.9593183607500884,3,3,4,0.0,4 5 3 10
1576,8459,0.050000000000000044,0.07760586589574814,0.00027186627630726434,0.0006504798075184226,0.9191824672356088,3,3,4,0.0,5 4 3 10
1577,8463,0.050000000000000044,0.21100762486457825,0.00032521161483600736,0.00036033292417414486,0.9428188185275097,3,3,4,0.0,2 5 4 10
1578,8470,0.050000000000000044,0.4513893723487854,0.00034631473161945384,0.0006812545470893383,0.9473434679041861,6,6,7,0.0,3 5 6 1 7 4 10
1579,8474,0.050000000000000044,0.24339479207992554,0.00031248555023921654,0.0011650301748886704,0.8867031143586219,3,3,4,0.0,3 5 4 10
1580,8481,0.050000000000000044,0.47367042303085327,0.00029911338268513124,0.00037862604949623346,0.964641092010684,6,6,7,0.0,2 5 6 1 3 4 10
1581,8488,0.050000000000000044,0.5367198586463928,0.00032375512611387033,0.0003552270354703069,0.9348711867713758,6,6,7,0.0,5 3 6 9 2 4 10
1582,8492,0.050000000000000044,0.23378056287765503,0.0002942653518402949,0.0017929158639162779,0.8717285928523498,3,3,4,0.0,5 3 4 10
1583,8499,0.050000000000000044,0.4501498341560364,0.00033829953255397934,0.0008776223985478282,0.9326543837838877,6,6,7,0.0,3 1 4 9 8 5 10
1584,8503,0.050000000000000044,0.21282950043678284,0.0003728958108695224,0.0008140195277519524,0.9398560478627752,3,3,4,0.0,3 5 4 10
1585,8512,0.050000000000000044,0.49633994698524475,0.00039270647943744227,0.0006134753348305821,0.9306162230218633,8,8,9,0.0,9 8 3 4 1 5 2 7 10
1586,8516,0.050000000000000044,0.20793236792087555,0.0004311855373089202,0.0004913120064884424,0.9460985286517886,3,3,4,0.0,4 3 5 10
1587,8524,0.050000000000000044,0.5065253973007202,0.0003729175732587464,0.0006179207121022046,0.9307619931617049,7,7,8,0.0,4 5 1 6 3 8 7 10
1588,8533,0.050000000000000044,0.48968082666397095,0.0003506267902493063,0.0012561776675283909,0.9210129848168664,9,9,10,0.0,4 5 1 8 7 6 2 9 3
1589,8537,0.050000000000000044,0.085133396089077,0.0004012991121271625,0.0008444669656455517,0.9045451429985933,3,3,4,0.0,4 3 5 10
1590,8541,0.050000000000000044,0.10950823128223419,0.0003635409739217721,0.0003611558931879699,0.9537193116407474,3,3,4,0.0,4 3 5 10
1591,8547,0.050000000000000044,0.4461645781993866,0.0003556690984017526,0.0005746555398218334,0.9340556871088379,5,5,6,0.0,2 5 6 3 4 10
1592,8551,0.050000000000000044,0.1833808869123459,0.00035598095564637333,0.0011306899832561612,0.9001813861546987,3,3,4,0.0,4 3 5 10
1593,8557,0.050000000000000044,0.48989665508270264,0.00036449583421926945,0.0003799193655140698,0.9645157560670702,5,5,6,0.0,2 5 6 3 4 10
1594,8564,0.050000000000000044,0.5718052387237549,0.00033097732063782005,0.0004858258180320263,0.9505942646551359,6,6,7,0.0,4 5 1 6 3 7 10
1595,8573,0.050000000000000044,0.4490157961845398,0.0003445766115975049,0.0003453334211371839,0.9665093282580942,8,8,9,0.0,2 5 1 4 7 6 9 3 10
1596,8577,0.050000000000000044,0.1080409437417984,0.0004180208779871464,0.0004871294368058443,0.9462413316709959,3,3,4,0.0,4 5 3 10
1597,8581,0.050000000000000044,0.10560297966003418,0.0003888616192853078,0.0003561797784641385,0.958056779700142,3,3,4,0.0,4 5 3 10
1598,8583,0.050000000000000044,0.07364325225353241,0.0003340601397212595,0.001200902508571744,0.8626161014016687,1,1,2,0.0,4 10
1599,8587,0.050000000000000044,0.12350565195083618,0.0003826375032076612,0.0004104148247279227,0.9593183607500884,3,3,4,0.0,4 3 5 10
1600,8591,0.050000000000000044,0.08519914746284485,0.0003524155617924407,0.0006444489117711782,0.9306800407617752,3,3,4,0.0,3 5 1 10
1601,8596,0.050000000000000044,0.2865625023841858,0.00036646337830461564,0.0007203413988463581,0.9439258649147931,4,4,5,0.0,3 7 5 4 10
1602,8603,0.050000000000000044,0.4681372046470642,0.00035756133729591966,0.000919791404157877,0.907206637485841,6,6,7,0.0,7 5 6 2 3 4 10
1603,8607,0.050000000000000044,0.21238619089126587,0.000380036341084633,0.0011898600496351719,0.9272665474275913,3,3,4,0.0,3 5 4 10
1604,8611,0.050000000000000044,0.24339479207992554,0.0003668711433419958,0.0011650301748886704,0.8867031143586219,3,3,4,0.0,5 3 4 10
1605,8615,0.050000000000000044,0.10560297966003418,0.00037420893931994215,0.0003561797784641385,0.958056779700142,3,3,4,0.0,4 5 3 10
1606,8619,0.050000000000000044,0.29809650778770447,0.00042426457366673276,0.00036596995778381824,0.9654395427027724,3,3,4,0.0,3 5 4 10
1607,8624,0.050000000000000044,0.46172481775283813,0.0003428683674428612,0.000578278093598783,0.9336191550800832,4,4,5,0.0,3 5 6 4 10
1608,8628,0.050000000000000044,0.11574307084083557,0.00039231158734764904,0.0006716125644743443,0.9484512512345092,3,3,4,0.0,4 5 3 10
1609,8632,0.050000000000000044,0.29809650778770447,0.00038303586916299537,0.00036596995778381824,0.9654395427027724,3,3,4,0.0,3 5 4 10
1610,8636,0.050000000000000044,0.2990611493587494,0.0003451252923696302,0.0006749939639121294,0.9342031731723179,3,3,4,0.0,5 4 3 10
1611,8641,0.050000000000000044,0.4644600450992584,0.00035908864228986206,0.001268398598767817,0.9230119532902197,4,4,5,0.0,3 5 6 4 10
1612,8650,0.050000000000000044,0.5126906037330627,0.00034941954395940737,0.0003397592809051275,0.9383693661864108,9,9,10,0.0,9 8 3 6 7 1 2 5 4
1613,8657,0.050000000000000044,0.51010662317276,0.0003249689845168697,0.0013317466946318746,0.9159680020759562,6,6,7,0.0,4 5 1 6 7 3 10
1614,8661,0.050000000000000044,0.10950823873281479,0.00031409774237545207,0.0003611558931879699,0.9537193116407474,3,3,4,0.0,4 5 3 10
1615,8668,0.050000000000000044,0.5718052387237549,0.00034174251153932085,0.0004858258180320263,0.9505942646551359,6,6,7,0.0,4 5 1 6 3 7 10
1616,8672,0.050000000000000044,0.07760586589574814,0.0003064565571548883,0.0006504798075184226,0.9191824672356088,3,3,4,0.0,4 5 3 10
1617,8681,0.050000000000000044,0.42867758870124817,0.0003012693697302085,0.0010793664259836078,0.9030750394044676,9,9,10,0.0,4 5 1 6 2 3 9 7 8
1618,8686,0.050000000000000044,0.249868243932724,0.0003678977256640792,0.00023457463248632848,0.9602524111319807,4,4,5,0.0,2 5 4 3 10
1619,8690,0.050000000000000044,0.23378056287765503,0.000325149558193516,0.0017929158639162779,0.8717285928523498,3,3,4,0.0,5 3 4 10
1620,8697,0.050000000000000044,0.5718052387237549,0.0003087095059787056,0.0004858258180320263,0.9505942646551359,6,6,7,0.0,4 5 1 6 3 7 10
1621,8701,0.050000000000000044,0.10950823128223419,0.0003298998635727912,0.0003611558931879699,0.9537193116407474,3,3,4,0.0,4 3 5 10
1622,8705,0.050000000000000044,0.108040951192379,0.0003713603291544132,0.0004871294368058443,0.9462413316709959,3,3,4,0.0,4 3 5 10
1623,8709,0.050000000000000044,0.1833808869123459,0.00024034726084209979,0.0011306899832561612,0.9001813861546987,3,3,4,0.0,4 3 5 10
1624,8713,0.050000000000000044,0.21238619089126587,0.00028136910987086594,0.0011898600496351719,0.9272665474275913,3,3,4,0.0,5 3 4 10
1625,8717,0.050000000000000044,0.2990611493587494,0.00032525301503483206,0.0006749939639121294,0.9342031731723179,3,3,4,0.0,5 3 4 10
1626,8720,0.050000000000000044,0.08021775633096695,0.00026547560507121187,0.0009085991769097745,0.8958004445865236,2,2,3,0.0,4 5 10
1627,8724,0.050000000000000044,0.12350565195083618,0.00031698767270427197,0.0004104148247279227,0.9593183607500884,3,3,4,0.0,4 5 3 10
1628,8731,0.050000000000000044,0.4326208233833313,0.0002986041695943901,0.0010466144885867834,0.8956291253870081,6,6,7,0.0,7 5 6 4 2 9 10
1629,8738,0.050000000000000044,0.4442027807235718,0.0002777338460353868,0.0010239199036732316,0.9188303098029387,6,6,7,0.0,3 1 2 4 6 5 10
1630,8743,0.050000000000000044,0.2619895339012146,0.00028859758167527617,0.0003029381623491645,0.9555676925338265,4,4,5,0.0,3 5 7 4 10
1631,8747,0.050000000000000044,0.1833808869123459,0.00034202989627374336,0.0011306899832561612,0.9001813861546987,3,3,4,0.0,3 5 4 10
1632,8755,0.050000000000000044,0.43598273396492004,0.00042288715121685527,0.0009779310785233974,0.9239462163303752,7,7,8,0.0,1 4 6 7 8 5 3 10
1633,8759,0.050000000000000044,0.3104132115840912,0.00039432963967556134,0.0007459187181666493,0.9416358080580742,3,3,4,0.0,4 3 5 10
1634,8768,0.050000000000000044,0.4973180592060089,0.0004020311850278328,0.0012767915613949299,0.9196909519353179,8,8,9,0.0,1 4 6 7 5 3 8 9 10
1635,8771,0.050000000000000044,0.20276561379432678,0.0004587106329078476,0.0007243723375722766,0.9462217480192286,2,2,3,0.0,7 1 10
1636,8775,0.050000000000000044,0.21238619089126587,0.00037045093631604686,0.0011898600496351719,0.9272665474275913,3,3,4,0.0,3 5 4 10
1637,8779,0.050000000000000044,0.21238619089126587,0.0003500424063531682,0.0011898600496351719,0.9272665474275913,3,3,4,0.0,3 5 4 10
1638,8784,0.050000000000000044,0.46172481775283813,0.0003400651505216956,0.000578278093598783,0.9336191550800832,4,4,5,0.0,3 5 6 4 10
1639,8791,0.050000000000000044,0.5367198586463928,0.00039819193105878573,0.0003552270354703069,0.9348711867713758,6,6,7,0.0,5 3 6 2 4 9 10
1640,8793,0.050000000000000044,0.27686813473701477,0.00029264931072248146,0.002023107372224331,0.8145137375639253,1,1,2,0.0,7 10
1641,8797,0.050000000000000044,0.24339479207992554,0.0003228164932806976,0.0011650301748886704,0.8867031143586219,3,3,4,0.0,3 5 4 10
1642,8806,0.050000000000000044,0.3792898654937744,0.0003724362969579589,0.0009104710770770907,0.9083804065775786,9,9,10,0.0,6 7 5 4 2 9 8 1 3
1643,8815,0.050000000000000044,0.49807652831077576,0.00034920495171617303,0.0006072678370401263,0.930869266231335,8,8,9,0.0,5 8 1 4 6 2 3 9 10
1644,8820,0.050000000000000044,0.07046379148960114,0.00033799115917645397,0.0003361661219969392,0.9597677378322792,4,4,5,0.0,3 5 4 6 10
1645,8824,0.050000000000000044,0.12350565195083618,0.0003465120171313174,0.0004104148247279227,0.9593183607500884,3,3,4,0.0,3 5 4 10
1646,8828,0.050000000000000044,0.18726477026939392,0.00034596303157741204,0.0008420562953688204,0.9279354690406892,3,3,4,0.0,3 5 4 10
1647,8837,0.050000000000000044,0.48968079686164856,0.000350777557792349,0.0012561776675283909,0.9210129848168664,9,9,10,0.0,7 5 8 4 1 6 9 2 3
1648,8844,0.050000000000000044,0.4775203466415405,0.0003098242928639853,0.00037092622369527817,0.9660143805545944,6,6,7,0.0,5 3 6 8 7 4 10
1649,8848,0.050000000000000044,0.085133396089077,0.0003356978777446784,0.0008444669656455517,0.9045451429985933,3,3,4,0.0,5 4 3 10
1650,8852,0.050000000000000044,0.1989022046327591,0.0003519354941090569,0.0006972261471673846,0.9356720983698592,3,3,4,0.0,3 5 4 10
1651,8858,0.050000000000000044,0.4025128483772278,0.0003603822018097465,0.0009648699196986854,0.9210029072731769,5,5,6,0.0,3 5 6 9 4 10
1652,8867,0.050000000000000044,0.38299787044525146,0.00030870189948473126,0.0009321386460214853,0.9064327901258055,8,8,9,0.0,8 3 6 7 1 5 9 4 10
1653,8871,0.050000000000000044,0.2764498293399811,0.00028032570116920397,0.0008365531102754176,0.9055910599766815,3,3,4,0.0,3 5 4 10
1654,8875,0.050000000000000044,0.1833808869123459,0.000310189017909579,0.0011306899832561612,0.9001813861546987,3,3,4,0.0,3 5 4 10
1655,8880,0.050000000000000044,0.15988071262836456,0.0003609239647630602,0.0007985481061041355,0.9318051968615914,4,4,5,0.0,6 4 3 5 10
1656,8884,0.050000000000000044,0.1833808869123459,0.0003014501853613183,0.0011306899832561612,0.9001813861546987,3,3,4,0.0,3 5 4 10
1657,8886,0.050000000000000044,0.20165115594863892,0.0002630147209856659,0.0014733441639691591,0.8674662220164443,1,1,2,0.0,9 10
1658,8895,0.050000000000000044,0.4446294605731964,0.00030841856884459656,0.0008867850410751998,0.9108949523512163,9,9,10,0.0,6 7 5 4 2 9 8 1 3
1659,8904,0.050000000000000044,0.379289835691452,0.000278339129484569,0.0009104710770770907,0.9083804065775786,9,9,10,0.0,6 7 4 5 2 9 8 1 3
1660,8908,0.050000000000000044,0.2990611493587494,0.0003125813600490801,0.0006749939639121294,0.9342031731723179,3,3,4,0.0,5 3 4 10
1661,8912,0.050000000000000044,0.21238619089126587,0.00025256744265789166,0.0011898600496351719,0.9272665474275913,3,3,4,0.0,3 5 4 10
1662,8916,0.050000000000000044,0.21238619089126587,0.00031912774284137413,0.0011898600496351719,0.9272665474275913,3,3,4,0.0,3 5 4 10
1663,8920,0.050000000000000044,0.29809650778770447,0.00030449665428022854,0.00036596995778381824,0.9654395427027724,3,3,4,0.0,3 5 4 10
1664,8924,0.050000000000000044,0.20793239772319794,0.00027996265635010786,0.0004913120064884424,0.9460985286517886,3,3,4,0.0,3 5 4 10
1665,8928,0.050000000000000044,0.2767753005027771,0.0002759309390967246,0.00023578456602990627,0.9599719557392895,3,3,4,0.0,3 5 4 10
1666,8933,0.050000000000000044,0.1824018359184265,0.00032286683563143015,0.0007912245346233249,0.9421663034295356,4,4,5,0.0,3 5 6 4 10
1667,8942,0.050000000000000044,0.41310742497444153,0.00028360743696490925,0.0011937771923840046,0.8950873853796019,8,8,9,0.0,8 4 9 5 1 7 2 6 10
1668,8947,0.050000000000000044,0.07784910500049591,0.00034623645769897847,0.0006603552610613406,0.9491307777435686,4,4,5,0.0,4 5 1 3 10
1669,8951,0.050000000000000044,0.06085594743490219,0.0003013981622643769,0.0005659881280735135,0.9344371549882589,3,3,4,0.0,4 5 9 10
1670,8955,0.050000000000000044,0.20793239772319794,0.000261817331193015,0.0004913120064884424,0.9460985286517886,3,3,4,0.0,3 5 4 10
1671,8958,0.050000000000000044,0.11651229858398438,0.0003113664570264518,0.0007187516894191504,0.9275227136883384,2,2,3,0.0,5 3 10
1672,8961,0.050000000000000044,0.08768980950117111,0.00034096884094954777,0.001172045012935996,0.8709456620385757,2,2,3,0.0,3 5 10
1673,8965,0.050000000000000044,0.2764498293399811,0.0003186865069437772,0.0008365531102754176,0.9055910599766815,3,3,4,0.0,3 5 4 10
1674,8969,0.050000000000000044,0.23378059267997742,0.00032769433164503425,0.0017929158639162779,0.8717285928523498,3,3,4,0.0,3 5 4 10
1675,8973,0.050000000000000044,0.2764498293399811,0.00026159492335864343,0.0008365531102754176,0.9055910599766815,3,3,4,0.0,3 5 4 10
1676,8981,0.050000000000000044,0.44465383887290955,0.00030860001788823865,0.0011053495109081268,0.9010558556787466,7,7,8,0.0,6 7 8 3 1 5 4 10
1677,8985,0.050000000000000044,0.0851333886384964,0.00029982814157847315,0.0008444669656455517,0.9045451429985933,3,3,4,0.0,4 5 3 10
1678,8994,0.050000000000000044,0.4874667525291443,0.0003052219528601401,0.0007891450077295303,0.9258725322100836,8,8,9,0.0,9 7 5 4 2 8 1 3 10
1679,8997,0.050000000000000044,0.09007231146097183,0.00026023741035411757,0.001167328329756856,0.8750507655807114,2,2,3,0.0,7 8 10
1680,9001,0.050000000000000044,0.48504558205604553,0.0003240610640204977,0.0010978968348354101,0.9150954425760172,3,3,4,0.0,4 3 5 10
1681,9005,0.050000000000000044,0.2764498293399811,0.000516696265549399,0.0008365531102754176,0.9055910599766815,3,3,4,0.0,4 5 3 10
1682,9010,0.050000000000000044,0.3505708575248718,0.0003310098371002823,0.0016879382310435176,0.8696738171981433,4,4,5,0.0,5 1 4 6 10
1683,9017,0.050000000000000044,0.4605056047439575,0.00037262908049992153,0.0009456708794459701,0.9043985768426187,6,6,7,0.0,8 5 9 1 4 3 10
1684,9026,0.050000000000000044,0.4896808862686157,0.00035916084177895554,0.0012561776675283909,0.9210129848168664,9,9,10,0.0,5 1 6 3 4 2 9 7 8
1685,9034,0.050000000000000044,0.5016608238220215,0.00033408023591618985,0.00131288543343544,0.9165878190296867,7,7,8,0.0,5 1 6 4 3 9 7 10
1686,9038,0.050000000000000044,0.2990611493587494,0.00025479298346908763,0.0006749939639121294,0.9342031731723179,3,3,4,0.0,3 5 4 10
1687,9047,0.050000000000000044,0.38445723056793213,0.00035692435145998996,0.0009240448125638068,0.9058347816416257,8,8,9,0.0,5 6 1 4 2 9 8 3 10
1688,9053,0.050000000000000044,0.4409491717815399,0.00033312673137212795,0.001307420083321631,0.9191157308974116,5,5,6,0.0,2 5 1 3 4 10
1689,9059,0.050000000000000044,0.4009093940258026,0.00032716170244384557,0.0009625114034861326,0.919676198722633,5,5,6,0.0,5 3 2 9 4 10
1690,9067,0.050000000000000044,0.4333432912826538,0.000333596368363942,0.0010071445722132921,0.9234622648333539,7,7,8,0.0,1 3 7 8 9 4 5 10
1691,9072,0.050000000000000044,0.08896173536777496,0.0003895508823916316,0.00038072082679718733,0.9622833060275644,4,4,5,0.0,4 5 3 6 10
1692,9076,0.050000000000000044,0.21238617599010468,0.00032056915370048955,0.0011898600496351719,0.9272665474275913,3,3,4,0.0,5 4 3 10
1693,9080,0.050000000000000044,0.10950823873281479,0.0003089400488534011,0.0003611558931879699,0.9537193116407474,3,3,4,0.0,5 4 3 10
1694,9084,0.050000000000000044,0.12350565195083618,0.00034885901550296694,0.0004104148247279227,0.9593183607500884,3,3,4,0.0,4 3 5 10
1695,9091,0.050000000000000044,0.47669243812561035,0.00030910753827941207,0.00037348346086218953,0.9657884845321867,6,6,7,0.0,5 3 2 6 7 4 10
1696,9096,0.050000000000000044,0.08623281866312027,0.00030989741499070077,0.00039850774919614196,0.9603408674458119,4,4,5,0.0,4 3 5 1 10
1697,9105,0.050000000000000044,0.42867758870124817,0.000313379200330625,0.0010793664259836078,0.9030750394044676,9,9,10,0.0,5 1 6 2 8 4 9 7 3
1698,9112,0.050000000000000044,0.4499930143356323,0.000288422658091544,0.0008717419113963842,0.9320981378149901,6,6,7,0.0,1 7 4 8 5 3 10
1699,9120,0.050000000000000044,0.5054567456245422,0.0003077068704442354,0.0012975948629900813,0.918969608125732,7,7,8,0.0,4 5 1 6 3 8 7 10
1700,9124,0.050000000000000044,0.21282950043678284,0.0003042750686290674,0.0008140195277519524,0.9398560478627752,3,3,4,0.0,5 4 3 10
1701,9128,0.050000000000000044,0.29809650778770447,0.0002528082732169423,0.00036596995778381824,0.9654395427027724,3,3,4,0.0,3 5 4 10
1702,9131,0.050000000000000044,0.11626587063074112,0.0002537254864970843,0.0007362950127571821,0.9288299937558656,2,2,3,0.0,1 7 10
1703,9135,0.050000000000000044,0.22685596346855164,0.00029423992964439094,0.00036390128661878407,0.9670587569900415,3,3,4,0.0,4 3 5 10
1704,9144,0.050000000000000044,0.4899129569530487,0.0003316906028582404,0.0006008654017932713,0.9323195703460544,9,9,10,0.0,5 6 1 2 8 4 9 7 3
1705,9148,0.050000000000000044,0.11574307084083557,0.0003139618274872191,0.0006716125644743443,0.9484512512345092,3,3,4,0.0,4 5 3 10
1706,9153,0.050000000000000044,0.5081104040145874,0.0002959699195344001,0.0003653846506495029,0.9641863331464469,4,4,5,0.0,5 3 9 4 10
1707,9157,0.050000000000000044,0.10950823873281479,0.0002458621092955582,0.0003611558931879699,0.9537193116407474,3,3,4,0.0,5 4 3 10
1708,9161,0.050000000000000044,0.22685597836971283,0.00030644493381259963,0.00036390128661878407,0.9670587569900415,3,3,4,0.0,4 5 3 10
1709,9167,0.050000000000000044,0.4608151912689209,0.0003207527818934371,0.0010239568073302507,0.9187780575257561,5,5,6,0.0,1 5 6 3 4 10
1710,9172,0.050000000000000044,0.4644600450992584,0.0002771026862319559,0.001268398598767817,0.9230119532902197,4,4,5,0.0,3 5 6 4 10
1711,9178,0.050000000000000044,0.4608152210712433,0.0003186197185035174,0.0010239568073302507,0.9187780575257561,5,5,6,0.0,1 5 6 4 3 10
1712,9187,0.050000000000000044,0.4818466007709503,0.00027757787676010694,0.0007713983068242669,0.9280170600387344,9,9,10,0.0,4 5 1 6 2 8 7 9 3
1713,9191,0.050000000000000044,0.07760586589574814,0.0002432879264233634,0.0006504798075184226,0.9191824672356088,3,3,4,0.0,5 4 3 10
1714,9198,0.050000000000000044,0.4499930143356323,0.00025860978972299824,0.0008717419113963842,0.9320981378149901,6,6,7,0.0,1 7 4 8 5 3 10
1715,9202,0.050000000000000044,0.11574307084083557,0.0002554417987994384,0.0006716125644743443,0.9484512512345092,3,3,4,0.0,4 5 3 10
1716,9211,0.050000000000000044,0.4489867389202118,0.00028649526454197866,0.0009110671235248446,0.9087318986937776,8,8,9,0.0,8 5 6 9 3 2 7 4 10
1717,9216,0.050000000000000044,0.15673182904720306,0.00033831861219368875,0.0008264952339231968,0.9301102872977784,4,4,5,0.0,5 4 9 3 10
1718,9220,0.050000000000000044,0.28492802381515503,0.00029942780383862555,0.00031904428033158183,0.9544529469061408,3,3,4,0.0,3 5 4 10
1719,9225,0.050000000000000044,0.07955493777990341,0.00030764834373258053,0.0006406131433323026,0.9502702998739361,4,4,5,0.0,4 5 3 9 10
1720,9234,0.050000000000000044,0.42867758870124817,0.0002984123307720034,0.0010793664259836078,0.9030750394044676,9,9,10,0.0,5 6 1 4 2 9 7 8 3
1721,9238,0.050000000000000044,0.12350565195083618,0.00029324237402761355,0.0004104148247279227,0.9593183607500884,3,3,4,0.0,4 5 3 10
1722,9243,0.050000000000000044,0.41591233015060425,0.0003161122091114521,0.0009755328064784408,0.9194864227960282,4,4,5,0.0,5 3 9 4 10
1723,9252,0.050000000000000044,0.4818466007709503,0.00030875217635184526,0.0007713983068242669,0.9280170600387344,9,9,10,0.0,4 9 8 5 6 7 1 2 3
1724,9258,0.050000000000000044,0.49372872710227966,0.0003718805334453161,0.0003563815844245255,0.9646599112824934,5,5,6,0.0,5 3 9 2 4 10
1725,9264,0.050000000000000044,0.4427872598171234,0.0004150615059188567,0.0005845781997777522,0.9326313209944758,5,5,6,0.0,3 4 9 7 5 10
1726,9270,0.050000000000000044,0.4427872598171234,0.0003864466755961378,0.0005845781997777522,0.9326313209944758,5,5,6,0.0,3 4 9 7 5 10
1727,9276,0.050000000000000044,0.4427872896194458,0.0003788711716576169,0.0005845781997777522,0.9326313209944758,5,5,6,0.0,9 4 3 7 5 10
1728,9285,0.050000000000000044,0.38195309042930603,0.00040420931569921475,0.0009363439166918397,0.906452640191199,8,8,9,0.0,9 4 8 7 5 2 6 3 10
1729,9290,0.050000000000000044,0.24923571944236755,0.00033832662738859655,0.0008281556656584144,0.9054624649666152,4,4,5,0.0,4 3 7 5 10
1730,9295,0.050000000000000044,0.22159495949745178,0.0003879562544170767,0.0011247722432017326,0.8906057049984314,4,4,5,0.0,3 8 4 5 10
1731,9299,0.050000000000000044,0.23378059267997742,0.0004127253050683066,0.0017929158639162779,0.8717285928523498,3,3,4,0.0,3 5 4 10
1732,9303,0.050000000000000044,0.1989022195339203,0.0003264882689109072,0.0006972261471673846,0.9356720983698592,3,3,4,0.0,5 4 3 10
1733,9312,0.050000000000000044,0.4983949065208435,0.0003277483596725182,0.0012706541456282139,0.9201334308784158,8,8,9,0.0,4 9 8 7 5 2 6 3 10
1734,9318,0.050000000000000044,0.4427872896194458,0.0003736114934630071,0.0005845781997777522,0.9326313209944758,5,5,6,0.0,5 3 9 4 7 10
1735,9322,0.050000000000000044,0.20793238282203674,0.0003731959586730227,0.0004913120064884424,0.9460985286517886,3,3,4,0.0,5 3 4 10
1736,9326,0.050000000000000044,0.10950823128223419,0.00040396266558673233,0.0003611558931879699,0.9537193116407474,3,3,4,0.0,4 3 5 10
1737,9335,0.050000000000000044,0.44679558277130127,0.00034544280303331715,0.0009177891188301146,0.9077603006901553,8,8,9,0.0,4 9 8 7 5 2 1 3 10
1738,9339,0.050000000000000044,0.12350565195083618,0.0003412094811210409,0.0004104148247279227,0.9593183607500884,3,3,4,0.0,4 3 5 10
1739,9343,0.050000000000000044,0.20793238282203674,0.00035266228951513767,0.0004913120064884424,0.9460985286517886,3,3,4,0.0,5 4 3 10
1740,9348,0.050000000000000044,0.48634472489356995,0.0002980382996611297,0.000796152395196259,0.9439676916060635,4,4,5,0.0,4 5 3 6 10
1741,9352,0.050000000000000044,0.10950823128223419,0.00030468184559140354,0.0003611558931879699,0.9537193116407474,3,3,4,0.0,4 3 5 10
1742,9360,0.050000000000000044,0.442044734954834,0.00031114176817936823,0.0011142578441649675,0.8998490697864828,7,7,8,0.0,9 7 4 5 2 6 3 10
1743,9364,0.050000000000000044,0.12350565195083618,0.00029708127476624213,0.0004104148247279227,0.9593183607500884,3,3,4,0.0,4 3 5 10
1744,9368,0.050000000000000044,0.20793236792087555,0.0003029826548299752,0.0004913120064884424,0.9460985286517886,3,3,4,0.0,4 3 5 10
1745,9371,0.050000000000000044,0.2646254301071167,0.00026032930084814626,0.0013132988242432475,0.9046269025161916,2,2,3,0.0,3 5 10
1746,9378,0.050000000000000044,0.38793259859085083,0.00028540413976380866,0.000956590985879302,0.9218585773965833,6,6,7,0.0,8 4 9 7 5 3 10
1747,9384,0.050000000000000044,0.4612201750278473,0.00028503160137915984,0.0010436289012432098,0.9206663611279656,5,5,6,0.0,3 4 7 9 5 10
1748,9389,0.050000000000000044,0.45670896768569946,0.0002597232029074803,0.0006065799971111119,0.9326013656251141,4,4,5,0.0,5 3 2 4 10
1749,9393,0.050000000000000044,0.29809650778770447,0.00032089956948766485,0.00036596995778381824,0.9654395427027724,3,3,4,0.0,3 5 4 10
1750,9397,0.050000000000000044,0.29809650778770447,0.0003436505066929385,0.00036596995778381824,0.9654395427027724,3,3,4,0.0,3 5 4 10
1751,9400,0.050000000000000044,0.11651229858398438,0.0003164185230464985,0.0007187516894191504,0.9275227136883384,2,2,3,0.0,3 5 10
1752,9404,0.050000000000000044,0.10950153321027756,0.0003180129497195594,0.0004470786079764366,0.9479181067696933,3,3,4,0.0,4 3 5 10
1753,9408,0.050000000000000044,0.10950823128223419,0.0003432351222727448,0.0003611558931879699,0.9537193116407474,3,3,4,0.0,4 3 5 10
1754,9415,0.050000000000000044,0.44454461336135864,0.0003309009064521108,0.001043913303874433,0.9206787191163062,6,6,7,0.0,3 4 9 1 8 5 10
1755,9419,0.050000000000000044,0.10950151085853577,0.00027022352151107043,0.0004470786079764366,0.9479181067696933,3,3,4,0.0,4 5 3 10
1756,9423,0.050000000000000044,0.24339479207992554,0.00026856287149712443,0.0011650301748886704,0.8867031143586219,3,3,4,0.0,5 3 4 10
1757,9428,0.050000000000000044,0.18143926560878754,0.00030564761837013064,0.0011598051059991121,0.9293632187153015,4,4,5,0.0,3 5 4 7 10
1758,9432,0.050000000000000044,0.22685597836971283,0.00028446399301174097,0.00036390128661878407,0.9670587569900415,3,3,4,0.0,3 5 4 10
1759,9436,0.050000000000000044,0.24339479207992554,0.0002889899260480888,0.0011650301748886704,0.8867031143586219,3,3,4,0.0,3 5 4 10
1760,9440,0.050000000000000044,0.1989022046327591,0.0002888040544348769,0.0006972261471673846,0.9356720983698592,3,3,4,0.0,3 5 4 10
1761,9446,0.050000000000000044,0.39774203300476074,0.00029540164541685954,0.0009847618639469147,0.9191200736551307,5,5,6,0.0,5 1 6 4 3 10
1762,9455,0.050000000000000044,0.4492681622505188,0.00038490463177570037,0.0003471437667030841,0.9667776637620932,8,8,9,0.0,2 5 6 8 4 7 9 3 10
1763,9464,0.050000000000000044,0.49743834137916565,0.000334823672245774,0.0012734245974570513,0.919392938438834,8,8,9,0.0,4 5 1 6 2 3 9 8 10
1764,9468,0.050000000000000044,0.29809650778770447,0.0002717813076742459,0.00036596995778381824,0.9654395427027724,3,3,4,0.0,3 5 4 10
1765,9472,0.050000000000000044,0.108040951192379,0.00033016556699294597,0.0004871294368058443,0.9462413316709959,3,3,4,0.0,3 5 4 10
1766,9476,0.050000000000000044,0.2764498293399811,0.0002694513023016043,0.0008365531102754176,0.9055910599766815,3,3,4,0.0,5 3 4 10
1767,9481,0.050000000000000044,0.283777117729187,0.00028346322360448537,0.0007375478744506836,0.9422391793036149,4,4,5,0.0,5 3 2 4 10
1768,9485,0.050000000000000044,0.1833808869123459,0.00026318427990190685,0.0011306899832561612,0.9001813861546987,3,3,4,0.0,3 5 4 10
1769,9489,0.050000000000000044,0.085133396089077,0.0003015257098013535,0.0008444669656455517,0.9045451429985933,3,3,4,0.0,5 3 4 10
1770,9498,0.050000000000000044,0.4982355237007141,0.00029825121034971543,0.0012691824231296778,0.9197595400489893,8,8,9,0.0,7 4 8 9 5 2 3 1 10
1771,9502,0.050000000000000044,0.18726477026939392,0.000319580860377755,0.0008420562953688204,0.9279354690406892,3,3,4,0.0,3 5 4 10
1772,9510,0.050000000000000044,0.3926352858543396,0.0004252334183547646,0.0009371813503094018,0.9062324092146474,7,7,8,0.0,9 7 4 5 2 8 3 10
1773,9514,0.050000000000000044,0.1989022195339203,0.0003740420506801456,0.0006972261471673846,0.9356720983698592,3,3,4,0.0,4 3 5 10
1774,9518,0.050000000000000044,0.10950153321027756,0.0004931129005854018,0.0004470786079764366,0.9479181067696933,3,3,4,0.0,4 3 5 10
1775,9522,0.050000000000000044,0.11574307084083557,0.00034946562664117664,0.0006716125644743443,0.9484512512345092,3,3,4,0.0,4 3 5 10
1776,9526,0.050000000000000044,0.10560297966003418,0.00036122742312727496,0.0003561797784641385,0.958056779700142,3,3,4,0.0,4 3 5 10
1777,9530,0.050000000000000044,0.0851333886384964,0.0004928403068333864,0.0008444669656455517,0.9045451429985933,3,3,4,0.0,4 5 3 10
1778,9534,0.050000000000000044,0.108040951192379,0.00034306602174183354,0.0004871294368058443,0.9462413316709959,3,3,4,0.0,4 3 5 10
1779,9537,0.050000000000000044,0.11796269565820694,0.0003290158638264984,0.0006844833260402083,0.9263382747007465,2,2,3,0.0,3 5 10
1780,9540,0.050000000000000044,0.10093612223863602,0.0003390500884658347,0.0005887215957045555,0.9234273165251781,2,2,3,0.0,3 5 10
1781,9543,0.050000000000000044,0.3993232846260071,0.00033560431135507923,0.0020182852167636156,0.8787645564506474,2,2,3,0.0,3 4 10
1782,9547,0.050000000000000044,0.07760586589574814,0.00031542077340418473,0.0006504798075184226,0.9191824672356088,3,3,4,0.0,4 3 5 10
1783,9551,0.050000000000000044,0.20793236792087555,0.0003079043817706406,0.0004913120064884424,0.9460985286517886,3,3,4,0.0,4 3 5 10
1784,9557,0.050000000000000044,0.4681140184402466,0.0003499353527634715,0.0006834827945567667,0.9475515836165436,5,5,6,0.0,4 6 7 5 3 10
1785,9561,0.050000000000000044,0.085133396089077,0.0003313470442662947,0.0008444669656455517,0.9045451429985933,3,3,4,0.0,3 5 4 10
1786,9565,0.050000000000000044,0.20793238282203674,0.00040135294693754986,0.0004913120064884424,0.9460985286517886,3,3,4,0.0,5 3 4 10
1787,9569,0.050000000000000044,0.10950151085853577,0.00037646887358278036,0.0004470786079764366,0.9479181067696933,3,3,4,0.0,4 5 3 10
1788,9574,0.050000000000000044,0.19737015664577484,0.0003511694638291374,0.00034986442187801003,0.9691345387456249,4,4,5,0.0,4 3 5 6 10
1789,9578,0.050000000000000044,0.10950151085853577,0.00034226154821226373,0.0004470786079764366,0.9479181067696933,3,3,4,0.0,4 5 3 10
1790,9582,0.050000000000000044,0.3104132115840912,0.0002937572899099905,0.0007459187181666493,0.9416358080580742,3,3,4,0.0,4 3 5 10
1791,9586,0.050000000000000044,0.07760586589574814,0.0003401558715268038,0.0006504798075184226,0.9191824672356088,3,3,4,0.0,4 5 3 10
1792,9590,0.050000000000000044,0.1989022046327591,0.0003828597764368169,0.0006972261471673846,0.9356720983698592,3,3,4,0.0,3 5 4 10
1793,9594,0.050000000000000044,0.1080409437417984,0.000346200009516906,0.0004871294368058443,0.9462413316709959,3,3,4,0.0,4 5 3 10
1794,9600,0.050000000000000044,0.4721745550632477,0.00030506725791686523,0.000751928542740643,0.9432442637246797,5,5,6,0.0,4 9 3 7 5 10
1795,9604,0.050000000000000044,0.108040951192379,0.00039862505946075544,0.0004871294368058443,0.9462413316709959,3,3,4,0.0,4 3 5 10
1796,9608,0.050000000000000044,0.12350565195083618,0.0003376249660504982,0.0004104148247279227,0.9593183607500884,3,3,4,0.0,4 3 5 10
1797,9613,0.050000000000000044,0.3807312250137329,0.00029094175552017986,0.0011832977179437876,0.9124017476539408,4,4,5,0.0,4 3 9 7 10
1798,9617,0.050000000000000044,0.23378056287765503,0.0003338450696901418,0.0017929158639162779,0.8717285928523498,3,3,4,0.0,4 3 5 10
1799,9621,0.050000000000000044,0.1989022195339203,0.00036386741703609005,0.0006972261471673846,0.9356720983698592,3,3,4,0.0,4 3 5 10
1800,9629,0.050000000000000044,0.3926352560520172,0.00034974987647728994,0.0009371813503094018,0.9062324092146474,7,7,8,0.0,7 2 9 4 5 8 3 10
1801,9633,0.050000000000000044,0.10950151085853577,0.0004276372565072961,0.0004470786079764366,0.9479181067696933,3,3,4,0.0,4 5 3 10
1802,9641,0.050000000000000044,0.45627841353416443,0.000438370589108672,0.0009234213503077626,0.9071870077308378,7,7,8,0.0,7 2 9 4 5 8 3 10
1803,9649,0.050000000000000044,0.4977317452430725,0.0003452189084782731,0.0007932761218398809,0.9258203749920327,7,7,8,0.0,4 9 7 2 5 8 3 10
1804,9653,0.050000000000000044,0.22685597836971283,0.0002885927497118246,0.00036390128661878407,0.9670587569900415,3,3,4,0.0,3 5 4 10
1805,9657,0.050000000000000044,0.10560297966003418,0.0003768667811527848,0.0003561797784641385,0.958056779700142,3,3,4,0.0,4 3 5 10
1806,9663,0.050000000000000044,0.40051281452178955,0.0003456029371591285,0.0009764599381014705,0.9204629983190408,5,5,6,0.0,3 5 7 6 4 10
1807,9667,0.050000000000000044,0.22685596346855164,0.0003132360288873315,0.00036390128661878407,0.9670587569900415,3,3,4,0.0,4 3 5 10
1808,9670,0.050000000000000044,0.07181315869092941,0.0003633543577355643,0.000928474881220609,0.8854133859542548,2,2,3,0.0,4 3 10
1809,9678,0.050000000000000044,0.5075498819351196,0.0003197579389961902,0.0006140784244053066,0.9308668412755418,7,7,8,0.0,3 9 2 7 4 5 8 10
1810,9687,0.050000000000000044,0.4874667823314667,0.00031654606249907776,0.0007891450077295303,0.9258725322100836,8,8,9,0.0,4 9 3 7 8 2 1 5 10
1811,9694,0.050000000000000044,0.43585801124572754,0.0003325679509933772,0.0012269695289433002,0.9247997356027776,6,6,7,0.0,3 5 7 8 2 4 10
1812,9700,0.050000000000000044,0.4721745550632477,0.00029096750464911264,0.000751928542740643,0.9432442637246797,5,5,6,0.0,4 3 9 7 5 10
1813,9704,0.050000000000000044,0.29809650778770447,0.00033090627402998507,0.00036596995778381824,0.9654395427027724,3,3,4,0.0,4 3 5 10
1814,9708,0.050000000000000044,0.10950151085853577,0.0003163263900205493,0.0004470786079764366,0.9479181067696933,3,3,4,0.0,4 5 3 10
1815,9712,0.050000000000000044,0.10560298711061478,0.00034404302277835086,0.0003561797784641385,0.958056779700142,3,3,4,0.0,3 5 4 10
1816,9716,0.050000000000000044,0.2990611493587494,0.0003242411112296395,0.0006749939639121294,0.9342031731723179,3,3,4,0.0,4 3 5 10
1817,9721,0.050000000000000044,0.13239486515522003,0.0002961241494631395,0.0009834805969148874,0.9127722152029292,4,4,5,0.0,6 2 5 3 10
1818,9725,0.050000000000000044,0.085133396089077,0.00028853861294919625,0.0008444669656455517,0.9045451429985933,3,3,4,0.0,4 3 5 10
1819,9729,0.050000000000000044,0.07760586589574814,0.00033332060411339626,0.0006504798075184226,0.9191824672356088,3,3,4,0.0,4 3 5 10
1820,9733,0.050000000000000044,0.1892882138490677,0.00034135988244088367,0.0003878751886077225,0.9448756375189485,3,3,4,0.0,3 5 4 10
1821,9737,0.050000000000000044,0.1892882138490677,0.0003124254726571962,0.0003878751886077225,0.9448756375189485,3,3,4,0.0,3 5 4 10
1822,9746,0.050000000000000044,0.48968076705932617,0.00029901677367484406,0.0012561776675283909,0.9210129848168664,9,9,10,0.0,4 9 7 2 5 8 6 1 3
1823,9752,0.050000000000000044,0.4721745550632477,0.0003648504983478536,0.000751928542740643,0.9432442637246797,5,5,6,0.0,4 3 7 9 5 10
1824,9758,0.050000000000000044,0.49604806303977966,0.0004587437239630769,0.00035357996239326894,0.9656287449346711,5,5,6,0.0,9 5 8 4 3 10
1825,9762,0.050000000000000044,0.10560297966003418,0.0004728704516310245,0.0003561797784641385,0.958056779700142,3,3,4,0.0,4 3 5 10
1826,9768,0.050000000000000044,0.4691595435142517,0.00038201991507473093,0.000673391972668469,0.9475235915637612,5,5,6,0.0,5 3 7 8 4 10
1827,9777,0.050000000000000044,0.552553653717041,0.00042459582780591317,0.0004813329433090985,0.952530410818481,8,8,9,0.0,5 8 9 7 2 4 1 3 10
1828,9781,0.050000000000000044,0.11574307084083557,0.0003738723971764557,0.0006716125644743443,0.9484512512345092,3,3,4,0.0,4 3 5 10
1829,9785,0.050000000000000044,0.085133396089077,0.0003718529042089358,0.0008444669656455517,0.9045451429985933,3,3,4,0.0,5 4 3 10
1830,9791,0.050000000000000044,0.4447125494480133,0.0003963801427744329,0.0005937459645792842,0.934642854068034,5,5,6,0.0,5 1 3 7 4 10
1831,9795,0.050000000000000044,0.07760586589574814,0.00037408300704555586,0.0006504798075184226,0.9191824672356088,3,3,4,0.0,5 3 4 10
1832,9799,0.050000000000000044,0.24339479207992554,0.000325872992107179,0.0011650301748886704,0.8867031143586219,3,3,4,0.0,3 5 4 10
1833,9805,0.050000000000000044,0.4721745550632477,0.00034416130317064625,0.000751928542740643,0.9432442637246797,5,5,6,0.0,4 3 7 9 5 10
1834,9811,0.050000000000000044,0.22303037345409393,0.00037152163956003886,0.00023336082813329995,0.9605663865273121,5,5,6,0.0,2 5 7 4 3 10
1835,9815,0.050000000000000044,0.2990611493587494,0.00032254555844701827,0.0006749939639121294,0.9342031731723179,3,3,4,0.0,3 5 4 10
1836,9821,0.050000000000000044,0.4721745550632477,0.0003453734195015083,0.000751928542740643,0.9432442637246797,5,5,6,0.0,4 3 7 9 5 10
1837,9825,0.050000000000000044,0.22685597836971283,0.0003553235947038047,0.00036390128661878407,0.9670587569900415,3,3,4,0.0,4 5 3 10
1838,9829,0.050000000000000044,0.1892881989479065,0.0003846168692689389,0.0003878751886077225,0.9448756375189485,3,3,4,0.0,5 4 3 10
1839,9833,0.050000000000000044,0.108040951192379,0.0003157241299049929,0.0004871294368058443,0.9462413316709959,3,3,4,0.0,5 4 3 10
1840,9841,0.050000000000000044,0.5612614750862122,0.0003130764889647253,0.00048533978406339884,0.9510500947020142,7,7,8,0.0,5 8 6 1 4 2 3 10
1841,9848,0.050000000000000044,0.45053523778915405,0.0003660933122903641,0.0006715296185575426,0.9460148952201487,6,6,7,0.0,4 3 7 9 2 5 10
1842,9854,0.050000000000000044,0.39610934257507324,0.00033096377349769074,0.0009884308092296124,0.9182349039102139,5,5,6,0.0,5 7 3 2 4 10
1843,9858,0.050000000000000044,0.11574307084083557,0.00033703305234666914,0.0006716125644743443,0.9484512512345092,3,3,4,0.0,3 5 4 10
1844,9863,0.050000000000000044,0.06991468369960785,0.0004060837673023343,0.000481822295114398,0.9467565937058537,4,4,5,0.0,3 5 4 2 10
1845,9871,0.050000000000000044,0.4358561038970947,0.00035561264303396456,0.0009747638250701129,0.9235798800530246,7,7,8,0.0,7 2 9 4 5 6 3 10
1846,9875,0.050000000000000044,0.18726478517055511,0.0003628593040048145,0.0008420562953688204,0.9279354690406892,3,3,4,0.0,5 4 3 10
1847,9881,0.050000000000000044,0.49106258153915405,0.00035338446711345267,0.0003633436281234026,0.9638344615556114,5,5,6,0.0,9 4 3 7 5 10
1848,9885,0.050000000000000044,0.2990611493587494,0.00037710066681029275,0.0006749939639121294,0.9342031731723179,3,3,4,0.0,5 4 3 10
1849,9888,0.050000000000000044,0.06881177425384521,0.0003652712427234898,0.0009138406021520495,0.8789987807094555,2,2,3,0.0,5 2 10
1850,9897,0.050000000000000044,0.42222267389297485,0.0003153373189787898,0.0008320515626110137,0.9340902460333709,8,8,9,0.0,1 3 7 4 9 2 5 6 10
1851,9906,0.050000000000000044,0.3568345904350281,0.00034706806764006615,0.0009391813073307276,0.9221201227550416,8,8,9,0.0,9 7 2 4 5 6 3 1 10
1852,9915,0.050000000000000044,0.3792897164821625,0.00035284254893970984,0.0009104710770770907,0.9083804065775786,9,9,10,0.0,9 7 4 2 3 8 6 5 1
1853,9922,0.050000000000000044,0.4526270031929016,0.0003226463949041707,0.0008504093275405467,0.9328599317922887,6,6,7,0.0,4 1 5 3 7 6 10
1854,9927,0.050000000000000044,0.21962696313858032,0.0003832225396763533,0.0011279303580522537,0.8883410995199337,4,4,5,0.0,3 5 4 9 10
1855,9931,0.050000000000000044,0.1989022195339203,0.0003221523584215902,0.0006972261471673846,0.9356720983698592,3,3,4,0.0,5 4 3 10
1856,9934,0.050000000000000044,0.11493044346570969,0.0003515133139444515,0.0006525320932269096,0.9246124872377455,2,2,3,0.0,8 7 10
1857,9941,0.050000000000000044,0.4314731955528259,0.00033296468401593823,0.0005643860204145312,0.9345273856033751,6,6,7,0.0,5 1 3 6 7 4 10
1858,9945,0.050000000000000044,0.29809650778770447,0.00033055583480745554,0.00036596995778381824,0.9654395427027724,3,3,4,0.0,3 5 4 10
1859,9948,0.050000000000000044,0.11118227988481522,0.00031522644955354434,0.0006728159496560693,0.9217158952521938,2,2,3,0.0,3 5 10
1860,9952,0.050000000000000044,0.29809650778770447,0.00029480263765435666,0.00036596995778381824,0.9654395427027724,3,3,4,0.0,3 5 4 10
1861,9956,0.050000000000000044,0.2764498293399811,0.00031182873499346897,0.0008365531102754176,0.9055910599766815,3,3,4,0.0,5 4 3 10
1862,9960,0.050000000000000044,0.10950153321027756,0.0002781578150461428,0.0004470786079764366,0.9479181067696933,3,3,4,0.0,4 3 5 10
1863,9964,0.050000000000000044,0.07760586589574814,0.00031426275381818414,0.0006504798075184226,0.9191824672356088,3,3,4,0.0,4 3 5 10
1864,9968,0.050000000000000044,0.11574307084083557,0.0002921573686762713,0.0006716125644743443,0.9484512512345092,3,3,4,0.0,4 3 5 10
1865,9977,0.050000000000000044,0.4874667227268219,0.00031879781616023846,0.0007891450077295303,0.9258725322100836,8,8,9,0.0,4 9 7 2 5 8 1 3 10
1866,9981,0.050000000000000044,0.10950152575969696,0.0003369589685462415,0.0004470786079764366,0.9479181067696933,3,3,4,0.0,3 5 4 10
1867,9985,0.050000000000000044,0.15199777483940125,0.0003177991457050666,0.0005109412595629692,0.9251202509321016,3,3,4,0.0,4 2 8 10
1868,9989,0.050000000000000044,0.07760586589574814,0.00025218911832780577,0.0006504798075184226,0.9191824672356088,3,3,4,0.0,5 4 3 10
1869,9993,0.050000000000000044,0.23378056287765503,0.0003122798298136331,0.0017929158639162779,0.8717285928523498,3,3,4,0.0,5 3 4 10
1870,9998,0.050000000000000044,0.15080131590366364,0.0003149975062115118,0.0011269100941717625,0.9010513631912672,4,4,5,0.0,3 1 4 5 10
1871,10002,0.050000000000000044,0.108040951192379,0.00040956622979138047,0.0004871294368058443,0.9462413316709959,3,3,4,0.0,3 5 4 10
1872,10007,0.050000000000000044,0.4824187755584717,0.00046620466164313255,0.0007825948996469378,0.940571178012172,4,4,5,0.0,4 3 7 5 10
1873,10011,0.050000000000000044,0.108040951192379,0.0004277313346392475,0.0004871294368058443,0.9462413316709959,3,3,4,0.0,4 3 5 10
1874,10015,0.050000000000000044,0.22685597836971283,0.0004083247695234604,0.00036390128661878407,0.9670587569900415,3,3,4,0.0,4 5 3 10
1875,10019,0.050000000000000044,0.07760586589574814,0.0004125597988604568,0.0006504798075184226,0.9191824672356088,3,3,4,0.0,4 5 3 10
1876,10023,0.050000000000000044,0.380698561668396,0.0003353534630150534,0.0009748365264385939,0.9012804460710669,3,3,4,0.0,5 7 6 10
1877,10029,0.050000000000000044,0.4427872896194458,0.00037953961873427033,0.0005845781997777522,0.9326313209944758,5,5,6,0.0,9 7 4 3 5 10
1878,10033,0.050000000000000044,0.10560297966003418,0.00038287262577796355,0.0003561797784641385,0.958056779700142,3,3,4,0.0,4 3 5 10
1879,10042,0.050000000000000044,0.4286775588989258,0.00041481674674691423,0.0010793664259836078,0.9030750394044676,9,9,10,0.0,5 8 7 9 2 4 6 1 3
1880,10051,0.050000000000000044,0.37928980588912964,0.00034248617723480694,0.0009104710770770907,0.9083804065775786,9,9,10,0.0,5 8 1 4 6 7 9 2 3
1881,10060,0.050000000000000044,0.4899129271507263,0.0003580211487133056,0.0006008654017932713,0.9323195703460544,9,9,10,0.0,7 2 9 4 8 5 6 1 3
1882,10065,0.050000000000000044,0.2194034457206726,0.00036967418272979555,0.0011355584720149636,0.8887895109678987,4,4,5,0.0,7 5 3 4 10
1883,10071,0.050000000000000044,0.4681140184402466,0.00034545430874762434,0.0006834827945567667,0.9475515836165436,5,5,6,0.0,4 6 7 5 3 10
1884,10075,0.050000000000000044,0.108040951192379,0.0003122468442597892,0.0004871294368058443,0.9462413316709959,3,3,4,0.0,4 3 5 10
1885,10078,0.050000000000000044,0.0747266337275505,0.0003268277893463771,0.0009134599822573364,0.8880026695029489,2,2,3,0.0,2 8 10
1886,10082,0.050000000000000044,0.24339479207992554,0.00034089664404746145,0.0011650301748886704,0.8867031143586219,3,3,4,0.0,5 3 4 10
1887,10086,0.050000000000000044,0.3104132115840912,0.00028257309531909414,0.0007459187181666493,0.9416358080580742,3,3,4,0.0,5 4 3 10
1888,10090,0.050000000000000044,0.18726478517055511,0.00037351337232394144,0.0008420562953688204,0.9279354690406892,3,3,4,0.0,4 5 3 10
1889,10095,0.050000000000000044,0.4753968119621277,0.0003654307802207768,0.0007237818208523095,0.9440221804926143,4,4,5,0.0,4 6 3 5 10
1890,10104,0.050000000000000044,0.5126906633377075,0.00031530173792917695,0.0003397592809051275,0.9383693661864108,9,9,10,0.0,9 7 2 4 8 5 6 1 3
1891,10108,0.050000000000000044,0.12350565195083618,0.00034906174550997093,0.0004104148247279227,0.9593183607500884,3,3,4,0.0,4 5 3 10
1892,10114,0.050000000000000044,0.4608152210712433,0.0002996343027916737,0.0010239568073302507,0.9187780575257561,5,5,6,0.0,1 6 4 5 3 10
1893,10118,0.050000000000000044,0.21238617599010468,0.00031870710517978296,0.0011898600496351719,0.9272665474275913,3,3,4,0.0,5 4 3 10
1894,10122,0.050000000000000044,0.07760586589574814,0.0003395335515961051,0.0006504798075184226,0.9191824672356088,3,3,4,0.0,5 4 3 10
1895,10127,0.050000000000000044,0.15080131590366364,0.0003754646168090403,0.0011269100941717625,0.9010513631912672,4,4,5,0.0,4 1 5 3 10
1896,10132,0.050000000000000044,0.15142317116260529,0.00032657947158440945,0.0011031581088900566,0.9004543494083227,4,4,5,0.0,4 3 7 5 10
1897,10136,0.050000000000000044,0.21282950043678284,0.0003128583703073673,0.0008140195277519524,0.9398560478627752,3,3,4,0.0,5 4 3 10
1898,10145,0.050000000000000044,0.4225286841392517,0.00028851804543390043,0.0008381888037547469,0.934794357287898,8,8,9,0.0,4 6 9 2 8 7 5 3 10
1899,10149,0.050000000000000044,0.1989022195339203,0.0002962456419481896,0.0006972261471673846,0.9356720983698592,3,3,4,0.0,4 5 3 10
1900,10153,0.050000000000000044,0.2990611493587494,0.00031771333669894375,0.0006749939639121294,0.9342031731723179,3,3,4,0.0,5 4 3 10
1901,10158,0.050000000000000044,0.16048282384872437,0.0002974733710289001,0.0003713379555847496,0.947024543967882,4,4,5,0.0,5 4 3 9 10
1902,10162,0.050000000000000044,0.20793238282203674,0.00026923581026494503,0.0004913120064884424,0.9460985286517886,3,3,4,0.0,5 4 3 10
1903,10167,0.050000000000000044,0.2729738652706146,0.0003256879572290927,0.00035515381023287773,0.9660112586461548,4,4,5,0.0,2 5 3 4 10
1904,10171,0.050000000000000044,0.1892881989479065,0.0003007367340615019,0.0003878751886077225,0.9448756375189485,3,3,4,0.0,5 4 3 10
1905,10179,0.050000000000000044,0.5633746385574341,0.00026872170928982086,0.0004831207625102252,0.9526534494229645,7,7,8,0.0,7 2 9 5 4 8 3 10
1906,10183,0.050000000000000044,0.1080409437417984,0.00034945172956213355,0.0004871294368058443,0.9462413316709959,3,3,4,0.0,4 5 3 10
1907,10187,0.050000000000000044,0.07760586589574814,0.00034406399208819494,0.0006504798075184226,0.9191824672356088,3,3,4,0.0,4 5 3 10
1908,10196,0.050000000000000044,0.41973423957824707,0.0003160780567365388,0.0009648745181038976,0.9233898971225362,8,8,9,0.0,7 9 1 6 2 4 5 3 10
1909,10201,0.050000000000000044,0.2763683795928955,0.0002955738105811179,0.0003381504211574793,0.9664972652188379,4,4,5,0.0,3 9 5 4 10
1910,10209,0.050000000000000044,0.36932796239852905,0.0002796863227558788,0.0009665355319157243,0.9212367560151925,7,7,8,0.0,5 2 6 8 1 3 4 10
1911,10213,0.050000000000000044,0.3104132115840912,0.0002543109185353387,0.0007459187181666493,0.9416358080580742,3,3,4,0.0,5 4 3 10
1912,10217,0.050000000000000044,0.22685597836971283,0.00027920238790102303,0.00036390128661878407,0.9670587569900415,3,3,4,0.0,4 5 3 10
1913,10220,0.050000000000000044,0.09007231146097183,0.0002613351777351151,0.001167328329756856,0.8750507655807114,2,2,3,0.0,8 7 10
1914,10225,0.050000000000000044,0.2486698031425476,0.0002865134360035881,0.0008334614103659987,0.9052761701443958,4,4,5,0.0,2 5 4 3 10
1915,10229,0.050000000000000044,0.22685597836971283,0.0002801076989271678,0.00036390128661878407,0.9670587569900415,3,3,4,0.0,4 5 3 10
1916,10234,0.050000000000000044,0.283234179019928,0.0002867732720915228,0.0007426048978231847,0.9420240639435409,4,4,5,0.0,4 5 3 1 10
1917,10238,0.050000000000000044,0.05861245095729828,0.00027621274057310075,0.0010914672166109085,0.8809135629752303,3,3,4,0.0,8 5 3 10
1918,10246,0.050000000000000044,0.4651908874511719,0.00029791016277158633,0.0003487610083539039,0.9665222616155281,7,7,8,0.0,9 2 5 7 4 6 3 10
1919,10255,0.050000000000000044,0.4818466007709503,0.00039444604772143066,0.0007713983068242669,0.9280170600387344,9,9,10,0.0,5 8 6 1 7 2 9 4 3
1920,10260,0.050000000000000044,0.48634472489356995,0.0004255854815710336,0.000796152395196259,0.9439676916060635,4,4,5,0.0,4 5 3 6 10
1921,10266,0.050000000000000044,0.45943987369537354,0.0004708494864947473,0.0007157496293075383,0.943914234496467,5,5,6,0.0,4 5 3 1 6 10
1922,10270,0.050000000000000044,0.20793239772319794,0.00039687653770670295,0.0004913120064884424,0.9460985286517886,3,3,4,0.0,3 5 4 10
1923,10278,0.050000000000000044,0.5273382067680359,0.0004585476672218647,0.00035346229560673237,0.9358657273717499,7,7,8,0.0,5 8 6 1 3 4 7 10
1924,10285,0.050000000000000044,0.4499930143356323,0.00038458067241923085,0.0008717419113963842,0.9320981378149901,6,6,7,0.0,1 4 5 8 3 7 10
1925,10294,0.050000000000000044,0.5126906633377075,0.00041474201457781927,0.0003397592809051275,0.9383693661864108,9,9,10,0.0,7 9 6 8 5 4 2 1 3
1926,10298,0.050000000000000044,0.20793239772319794,0.0004390015674289316,0.0004913120064884424,0.9460985286517886,3,3,4,0.0,3 5 4 10
1927,10302,0.050000000000000044,0.33546584844589233,0.0004074150783708319,0.0018352409824728966,0.858150585259972,3,3,4,0.0,9 7 6 10
1928,10311,0.050000000000000044,0.42867758870124817,0.0003767592166291757,0.0010793664259836078,0.9030750394044676,9,9,10,0.0,5 8 1 7 9 6 4 2 3
1929,10315,0.050000000000000044,0.21282950043678284,0.00038667902117595077,0.0008140195277519524,0.9398560478627752,3,3,4,0.0,5 4 3 10
1930,10319,0.050000000000000044,0.07760586589574814,0.00038945475535001606,0.0006504798075184226,0.9191824672356088,3,3,4,0.0,4 5 3 10
1931,10325,0.050000000000000044,0.4447476863861084,0.0003472911096954097,0.0005703011993318796,0.9327689201419334,5,5,6,0.0,5 3 1 4 6 10
1932,10331,0.050000000000000044,0.48865896463394165,0.00033634550345595926,0.00038353167474269867,0.9641618249975543,5,5,6,0.0,5 3 1 7 4 10
1933,10335,0.050000000000000044,0.1833808869123459,0.00043368722981540486,0.0011306899832561612,0.9001813861546987,3,3,4,0.0,3 5 4 10
1934,10339,0.050000000000000044,0.2767753005027771,0.00036111044755671173,0.00023578456602990627,0.9599719557392895,3,3,4,0.0,5 3 4 10
1935,10348,0.050000000000000044,0.4446294903755188,0.0003465107034167482,0.0008867850410751998,0.9108949523512163,9,9,10,0.0,7 9 2 5 4 1 6 8 3
1936,10352,0.050000000000000044,0.0851333886384964,0.00038933024916332215,0.0008444669656455517,0.9045451429985933,3,3,4,0.0,4 5 3 10
1937,10361,0.050000000000000044,0.3848964273929596,0.00037086702973788814,0.0009265134576708078,0.9069147171733921,8,8,9,0.0,5 7 8 1 2 9 4 3 10
1938,10369,0.050000000000000044,0.4224083423614502,0.0002993924827023875,0.0012043917085975409,0.9263656277530112,7,7,8,0.0,7 9 2 5 8 4 3 10
1939,10375,0.050000000000000044,0.4645631015300751,0.0003314994683023542,0.0008823492680676281,0.9310364268463234,5,5,6,0.0,4 1 5 3 7 10
1940,10383,0.050000000000000044,0.3730508089065552,0.0003074734013353009,0.0009434254607185721,0.9221238913490712,7,7,8,0.0,9 7 2 5 4 6 3 10
1941,10387,0.050000000000000044,0.29809650778770447,0.0003627020923886448,0.00036596995778381824,0.9654395427027724,3,3,4,0.0,3 5 4 10
1942,10391,0.050000000000000044,0.10950151085853577,0.00034235820930916816,0.0004470786079764366,0.9479181067696933,3,3,4,0.0,4 5 3 10
1943,10395,0.050000000000000044,0.21238619089126587,0.0003534094830683898,0.0011898600496351719,0.9272665474275913,3,3,4,0.0,3 5 4 10
1944,10399,0.050000000000000044,0.085133396089077,0.0003151755008730106,0.0008444669656455517,0.9045451429985933,3,3,4,0.0,5 3 4 10
1945,10403,0.050000000000000044,0.2767753005027771,0.0003582640565582551,0.00023578456602990627,0.9599719557392895,3,3,4,0.0,3 5 4 10
1946,10407,0.050000000000000044,0.2764498293399811,0.00033818359952419996,0.0008365531102754176,0.9055910599766815,3,3,4,0.0,5 3 4 10
1947,10412,0.050000000000000044,0.4810376465320587,0.0002838489948771894,0.0008860002271831036,0.9311305553376604,4,4,5,0.0,4 6 3 5 10
1948,10421,0.050000000000000044,0.5456785559654236,0.00032315968160724477,0.00046588623081333935,0.9532000959344766,9,9,10,0.0,7 2 5 9 8 4 1 6 3
1949,10426,0.050000000000000044,0.15142318606376648,0.00030239520128816366,0.0011031581088900566,0.9004543494083227,4,4,5,0.0,7 3 5 4 10
1950,10430,0.050000000000000044,0.18726478517055511,0.00029074559279251844,0.0008420562953688204,0.9279354690406892,3,3,4,0.0,5 3 4 10
1951,10439,0.050000000000000044,0.42867761850357056,0.00029504693682408996,0.0010793664259836078,0.9030750394044676,9,9,10,0.0,7 2 6 9 5 4 8 1 3
1952,10445,0.050000000000000044,0.4473619759082794,0.00032531288161408156,0.001259575947187841,0.9220594391769394,5,5,6,0.0,3 9 2 5 4 10
1953,10453,0.050000000000000044,0.45627841353416443,0.0003602561955631245,0.0009234213503077626,0.9071870077308378,7,7,8,0.0,7 5 8 4 9 2 3 10
1954,10459,0.050000000000000044,0.49372872710227966,0.00031943421345204115,0.0003563815844245255,0.9646599112824934,5,5,6,0.0,5 3 9 2 4 10
1955,10463,0.050000000000000044,0.21282950043678284,0.0003470665105851367,0.0008140195277519524,0.9398560478627752,3,3,4,0.0,5 3 4 10
1956,10466,0.050000000000000044,0.09272846579551697,0.00043303716423300404,0.0006106077926233411,0.9161493977383399,2,2,3,0.0,4 5 10
1957,10470,0.050000000000000044,0.21282950043678284,0.0003311315012979321,0.0008140195277519524,0.9398560478627752,3,3,4,0.0,4 5 3 10
1958,10473,0.050000000000000044,0.16053426265716553,0.0002568425309921925,0.0013944616075605154,0.8969938430788967,2,2,3,0.0,8 7 10
1959,10477,0.050000000000000044,0.085133396089077,0.00029121673287590966,0.0008444669656455517,0.9045451429985933,3,3,4,0.0,5 4 3 10
1960,10481,0.050000000000000044,0.28492799401283264,0.00036271313729230314,0.00031904428033158183,0.9544529469061408,3,3,4,0.0,5 3 4 10
1961,10485,0.050000000000000044,0.28492799401283264,0.000296085996524198,0.00031904428033158183,0.9544529469061408,3,3,4,0.0,5 3 4 10
1962,10493,0.050000000000000044,0.5633746385574341,0.00034201568269054405,0.0004831207625102252,0.9526534494229645,7,7,8,0.0,7 9 2 5 8 4 3 10
1963,10497,0.050000000000000044,0.2767753005027771,0.0002859774249373004,0.00023578456602990627,0.9599719557392895,3,3,4,0.0,3 5 4 10
1964,10503,0.050000000000000044,0.4694957733154297,0.00037175768132631976,0.0008533830405212939,0.933247760992484,5,5,6,0.0,4 6 7 5 3 10
1965,10507,0.050000000000000044,0.2990611493587494,0.000520986708579585,0.0006749939639121294,0.9342031731723179,3,3,4,0.0,5 3 4 10
1966,10511,0.050000000000000044,0.12350565195083618,0.00041174273792421445,0.0004104148247279227,0.9593183607500884,3,3,4,0.0,4 3 5 10
1967,10519,0.050000000000000044,0.3926352858543396,0.0004171218861301895,0.0009371813503094018,0.9062324092146474,7,7,8,0.0,9 7 2 5 8 4 3 10
1968,10525,0.050000000000000044,0.47029659152030945,0.00045914328560077894,0.0007875108858570457,0.943914777440917,5,5,6,0.0,4 5 1 6 3 10
1969,10532,0.050000000000000044,0.5161300301551819,0.00040743593542304424,0.0006212802836671472,0.9300423255998654,6,6,7,0.0,5 8 9 6 3 4 10
1970,10538,0.050000000000000044,0.47029659152030945,0.00037405780555369955,0.0007875108858570457,0.943914777440917,5,5,6,0.0,4 5 1 6 3 10
1971,10544,0.050000000000000044,0.4447125494480133,0.00038824516620176536,0.0005937459645792842,0.934642854068034,5,5,6,0.0,5 3 1 7 4 10
1972,10548,0.050000000000000044,0.18726478517055511,0.00045167336793383583,0.0008420562953688204,0.9279354690406892,3,3,4,0.0,5 4 3 10
1973,10552,0.050000000000000044,0.18338090181350708,0.00037358879490057006,0.0011306899832561612,0.9001813861546987,3,3,4,0.0,4 5 3 10
1974,10561,0.050000000000000044,0.4098359942436218,0.0003768222975648112,0.0011835030745714903,0.9288502269015868,8,8,9,0.0,1 3 6 7 8 4 9 5 10
1975,10570,0.050000000000000044,0.4098359942436218,0.00039518917522703606,0.0011835030745714903,0.9288502269015868,8,8,9,0.0,1 3 6 7 8 4 9 5 10
1976,10574,0.050000000000000044,0.3104131817817688,0.00029311720572877675,0.0007459187181666493,0.9416358080580742,3,3,4,0.0,3 5 4 10
1977,10578,0.050000000000000044,0.20793239772319794,0.00037922905903542414,0.0004913120064884424,0.9460985286517886,3,3,4,0.0,3 5 4 10
1978,10582,0.050000000000000044,0.20793239772319794,0.0003789528418565169,0.0004913120064884424,0.9460985286517886,3,3,4,0.0,3 5 4 10
1979,10588,0.050000000000000044,0.46517282724380493,0.0003882251330651343,0.0008708955720067024,0.9307472451316474,5,5,6,0.0,1 4 5 6 3 10
1980,10593,0.050000000000000044,0.3790765702724457,0.00038753428962081673,0.0017600135179236531,0.874217734546993,4,4,5,0.0,1 4 5 6 10
1981,10600,0.050000000000000044,0.47367042303085327,0.0003601470837436084,0.00037862604949623346,0.964641092010684,6,6,7,0.0,2 5 6 1 3 4 10
1982,10604,0.050000000000000044,0.24339479207992554,0.0002768917656794656,0.0011650301748886704,0.8867031143586219,3,3,4,0.0,3 5 4 10
1983,10608,0.050000000000000044,0.29809650778770447,0.00039787770219845697,0.00036596995778381824,0.9654395427027724,3,3,4,0.0,3 5 4 10
1984,10612,0.050000000000000044,0.29809650778770447,0.0003720006061485037,0.00036596995778381824,0.9654395427027724,3,3,4,0.0,3 5 4 10
1985,10617,0.050000000000000044,0.08694521337747574,0.00036718627088703213,0.0003918322327081114,0.960658891855182,4,4,5,0.0,4 5 8 3 10
1986,10623,0.050000000000000044,0.46517279744148254,0.0003870114451274276,0.0008708955720067024,0.9307472451316474,5,5,6,0.0,1 4 6 3 5 10
1987,10627,0.050000000000000044,0.2767753005027771,0.00036347175046103075,0.00023578456602990627,0.9599719557392895,3,3,4,0.0,3 5 4 10
1988,10634,0.050000000000000044,0.4775204062461853,0.00033325062499248555,0.00037092622369527817,0.9660143805545944,6,6,7,0.0,5 7 4 6 3 8 10
1989,10638,0.050000000000000044,0.28492799401283264,0.0003059579903492704,0.00031904428033158183,0.9544529469061408,3,3,4,0.0,5 4 3 10
1990,10647,0.050000000000000044,0.48968085646629333,0.00036206912288131815,0.0012561776675283909,0.9210129848168664,9,9,10,0.0,4 6 7 5 9 2 1 8 3
1991,10651,0.050000000000000044,0.24339479207992554,0.00030327040440170094,0.0011650301748886704,0.8867031143586219,3,3,4,0.0,5 3 4 10
1992,10655,0.050000000000000044,0.3104131817817688,0.0003671914164442569,0.0007459187181666493,0.9416358080580742,3,3,4,0.0,5 3 4 10
1993,10664,0.050000000000000044,0.552553653717041,0.0003010265483883106,0.0004813329433090985,0.952530410818481,8,8,9,0.0,7 2 5 8 4 9 1 3 10
1994,10667,0.050000000000000044,0.08920542150735855,0.0003304194542579353,0.0006308526499196887,0.9142922303516431,2,2,3,0.0,5 7 10
1995,10676,0.050000000000000044,0.4344484210014343,0.0003509023162122402,0.0011001278180629015,0.9010770874237476,8,8,9,0.0,7 9 2 5 8 4 1 3 10
1996,10685,0.050000000000000044,0.44679558277130127,0.00034918193382004067,0.0009177891188301146,0.9077603006901553,8,8,9,0.0,7 2 8 5 9 4 1 3 10
1997,10694,0.050000000000000044,0.5456784963607788,0.000345216737413365,0.00046588623081333935,0.9532000959344766,9,9,10,0.0,7 5 8 4 9 2 1 6 3
1998,10698,0.050000000000000044,0.12350565195083618,0.00037284342397470027,0.0004104148247279227,0.9593183607500884,3,3,4,0.0,4 5 3 10
1999,10702,0.050000000000000044,0.20793238282203674,0.0003235594631405547,0.0004913120064884424,0.9460985286517886,3,3,4,0.0,4 5 3 10
2000,10705,0.050000000000000044,0.07231554388999939,0.0003271042272293319,0.0009160194895230234,0.8846316837598254,2,2,3,0.0,8 3 10
2001,10709,0.050000000000000044,0.22685597836971283,0.0003055278502870351,0.00036390128661878407,0.9670587569900415,3,3,4,0.0,4 5 3 10
2002,10713,0.050000000000000044,0.2764498293399811,0.00027742020756704733,0.0008365531102754176,0.9055910599766815,3,3,4,0.0,5 3 4 10
2003,10718,0.050000000000000044,0.47489848732948303,0.0003222945088054985,0.0009190965793095529,0.9281672460251841,4,4,5,0.0,1 3 4 5 10
2004,10722,0.050000000000000044,0.07760586589574814,0.00036143631587037817,0.0006504798075184226,0.9191824672356088,3,3,4,0.0,5 4 3 10
2005,10726,0.050000000000000044,0.22685597836971283,0.0003126499068457633,0.00036390128661878407,0.9670587569900415,3,3,4,0.0,4 5 3 10
2006,10730,0.050000000000000044,0.21282950043678284,0.00028972965083085,0.0008140195277519524,0.9398560478627752,3,3,4,0.0,4 5 3 10
2007,10734,0.050000000000000044,0.28492802381515503,0.0003480148734524846,0.00031904428033158183,0.9544529469061408,3,3,4,0.0,3 5 4 10
2008,10738,0.050000000000000044,0.2764498293399811,0.00032672067027306184,0.0008365531102754176,0.9055910599766815,3,3,4,0.0,5 3 4 10
2009,10744,0.050000000000000044,0.03372205048799515,0.0003030608349945396,0.00045751023571938276,0.9481432532867269,5,5,6,0.0,4 5 8 1 3 10
2010,10748,0.050000000000000044,0.24339479207992554,0.0003053498876397498,0.0011650301748886704,0.8867031143586219,3,3,4,0.0,5 3 4 10
2011,10752,0.050000000000000044,0.18338090181350708,0.00041860156488837674,0.0011306899832561612,0.9001813861546987,3,3,4,0.0,4 5 3 10
2012,10756,0.050000000000000044,0.24339479207992554,0.0006115586729720235,0.0011650301748886704,0.8867031143586219,3,3,4,0.0,5 3 4 10
2013,10760,0.050000000000000044,0.20793239772319794,0.0004876003004028462,0.0004913120064884424,0.9460985286517886,3,3,4,0.0,3 5 4 10
2014,10764,0.050000000000000044,0.1989022195339203,0.0003910304149030708,0.0006972261471673846,0.9356720983698592,3,3,4,0.0,3 4 5 10
2015,10768,0.050000000000000044,0.22685597836971283,0.0004119450750295073,0.00036390128661878407,0.9670587569900415,3,3,4,0.0,3 5 4 10
2016,10777,0.050000000000000044,0.35818612575531006,0.0003667974217225694,0.0009382939897477627,0.9230178086425972,8,8,9,0.0,7 4 6 5 2 9 8 3 10
2017,10782,0.050000000000000044,0.46446001529693604,0.00037906625075265763,0.001268398598767817,0.9230119532902197,4,4,5,0.0,4 6 3 5 10
2018,10786,0.050000000000000044,0.21282950043678284,0.0003886254853568971,0.0008140195277519524,0.9398560478627752,3,3,4,0.0,5 4 3 10
2019,10791,0.050000000000000044,0.5027942657470703,0.00045704234507866205,0.0003905950579792261,0.9634129891657092,4,4,5,0.0,5 3 7 4 10
2020,10795,0.050000000000000044,0.2767753005027771,0.0003291617758804932,0.00023578456602990627,0.9599719557392895,3,3,4,0.0,3 5 4 10
2021,10799,0.050000000000000044,0.24339479207992554,0.00034362723090453073,0.0011650301748886704,0.8867031143586219,3,3,4,0.0,3 5 4 10
2022,10803,0.050000000000000044,0.1833808869123459,0.0003690524026751518,0.0011306899832561612,0.9001813861546987,3,3,4,0.0,3 5 4 10
2023,10812,0.050000000000000044,0.5126906037330627,0.0003581657882831577,0.0003397592809051275,0.9383693661864108,9,9,10,0.0,7 2 4 5 9 6 1 8 3
2024,10815,0.050000000000000044,0.10725127905607224,0.00033424125285819173,0.0005412240861915052,0.9254477951281419,2,2,3,0.0,2 8 10
2025,10819,0.050000000000000044,0.28492802381515503,0.00040119879849953577,0.00031904428033158183,0.9544529469061408,3,3,4,0.0,3 5 4 10
2026,10823,0.050000000000000044,0.4264526963233948,0.00040920583705883473,0.0010011573322117329,0.917074837773932,3,3,4,0.0,5 3 4 10
2027,10827,0.050000000000000044,0.21282950043678284,0.000332215589878615,0.0008140195277519524,0.9398560478627752,3,3,4,0.0,5 4 3 10
2028,10831,0.050000000000000044,0.23378056287765503,0.0003793091018451378,0.0017929158639162779,0.8717285928523498,3,3,4,0.0,5 3 4 10
2029,10840,0.050000000000000044,0.48968085646629333,0.00037984301646550495,0.0012561776675283909,0.9210129848168664,9,9,10,0.0,5 8 7 1 9 2 4 6 3
2030,10849,0.050000000000000044,0.41648513078689575,0.00033799569225973554,0.000993124907836318,0.9222150778444429,8,8,9,0.0,1 3 4 6 2 9 8 5 10
2031,10853,0.050000000000000044,0.2767753303050995,0.0003886072736349888,0.00023578456602990627,0.9599719557392895,3,3,4,0.0,4 3 5 10
2032,10862,0.050000000000000044,0.5456785559654236,0.00031887209883684083,0.00046588623081333935,0.9532000959344766,9,9,10,0.0,7 5 6 4 2 8 9 1 3
2033,10868,0.050000000000000044,0.22406049072742462,0.00036971468944102526,0.0008127290057018399,0.9072249517128244,5,5,6,0.0,5 7 6 4 3 10
2034,10872,0.050000000000000044,0.18726478517055511,0.00038053446041885763,0.0008420562953688204,0.9279354690406892,3,3,4,0.0,5 4 3 10
2035,10879,0.050000000000000044,0.4287216067314148,0.000383313450064244,0.0005695183062925935,0.9331280494398935,6,6,7,0.0,5 1 3 6 2 4 10
2036,10883,0.050000000000000044,0.22685597836971283,0.0003334888242534362,0.00036390128661878407,0.9670587569900415,3,3,4,0.0,3 5 4 10
2037,10887,0.050000000000000044,0.18726477026939392,0.0003164800436934456,0.0008420562953688204,0.9279354690406892,3,3,4,0.0,3 5 4 10
2038,10891,0.050000000000000044,0.10950152575969696,0.0003553368878783658,0.0004470786079764366,0.9479181067696933,3,3,4,0.0,3 5 4 10
2039,10896,0.050000000000000044,0.2871163785457611,0.000377346744062379,0.0007144291885197163,0.9440950080132229,4,4,5,0.0,3 5 4 6 10
2040,10900,0.050000000000000044,0.18726478517055511,0.00033396783692296594,0.0008420562953688204,0.9279354690406892,3,3,4,0.0,4 5 3 10
2041,10904,0.050000000000000044,0.22685597836971283,0.0003305002064735163,0.00036390128661878407,0.9670587569900415,3,3,4,0.0,4 5 3 10
2042,10910,0.050000000000000044,0.45943984389305115,0.00032509163914558786,0.0007157496293075383,0.943914234496467,5,5,6,0.0,4 5 1 6 3 10
2043,10919,0.050000000000000044,0.5456786155700684,0.00034141708521120664,0.00046588623081333935,0.9532000959344766,9,9,10,0.0,8 9 3 1 4 2 7 6 5
2044,10922,0.050000000000000044,0.08030916005373001,0.00032338254580584663,0.0012251040898263454,0.8625902950178995,2,2,3,0.0,3 8 10
2045,10925,0.050000000000000044,0.2187088578939438,0.0004065769608132541,0.0021694849710911512,0.8388154917749865,2,2,3,0.0,3 5 10
2046,10934,0.050000000000000044,0.4446294903755188,0.0003750149367584123,0.0008867850410751998,0.9108949523512163,9,9,10,0.0,7 5 6 1 2 9 4 8 3
2047,10943,0.050000000000000044,0.4899129271507263,0.0003388805812897368,0.0006008654017932713,0.9323195703460544,9,9,10,0.0,5 8 1 6 4 9 7 2 3
2048,10950,0.050000000000000044,0.45761293172836304,0.0003988020221835801,0.0007541353115811944,0.9447891494784145,6,6,7,0.0,4 6 7 5 1 3 10
2049,10954,0.050000000000000044,0.1989022195339203,0.00033692912984406576,0.0006972261471673846,0.9356720983698592,3,3,4,0.0,4 3 5 10
2050,10958,0.050000000000000044,0.20793236792087555,0.00033739610807970166,0.0004913120064884424,0.9460985286517886,3,3,4,0.0,4 3 5 10
2051,10962,0.050000000000000044,0.10560298711061478,0.00025744668528204784,0.0003561797784641385,0.958056779700142,3,3,4,0.0,3 5 4 10
2052,10971,0.050000000000000044,0.48991289734840393,0.0003052824855937312,0.0006008654017932713,0.9323195703460544,9,9,10,0.0,8 5 6 1 4 7 9 2 3
2053,10975,0.050000000000000044,0.2764498293399811,0.00031900709291221574,0.0008365531102754176,0.9055910599766815,3,3,4,0.0,5 3 4 10
2054,10981,0.050000000000000044,0.46517279744148254,0.00031035905703902245,0.0008708955720067024,0.9307472451316474,5,5,6,0.0,4 6 3 1 5 10
2055,10988,0.050000000000000044,0.3812379837036133,0.00028125091713653613,0.0009844203013926744,0.9192100698471636,6,6,7,0.0,5 3 1 6 2 4 10
2056,10991,0.050000000000000044,0.11796269565820694,0.0003160324607354899,0.0006844833260402083,0.9263382747007465,2,2,3,0.0,3 5 10
2057,10995,0.050000000000000044,0.1989022195339203,0.00031659609521739185,0.0006972261471673846,0.9356720983698592,3,3,4,0.0,5 4 3 10
2058,11001,0.050000000000000044,0.4447476863861084,0.0003136348362507609,0.0005703011993318796,0.9327689201419334,5,5,6,0.0,5 1 6 4 3 10
2059,11010,0.050000000000000044,0.5186152458190918,0.00047941725481198065,0.0003492700052447617,0.936694852343354,8,8,9,0.0,8 4 9 1 5 7 6 3 10
2060,11016,0.050000000000000044,0.39774206280708313,0.00044064962518556666,0.0009847618639469147,0.9191200736551307,5,5,6,0.0,5 1 4 6 3 10
2061,11021,0.050000000000000044,0.2194034457206726,0.0004372413095552474,0.0011355584720149636,0.8887895109678987,4,4,5,0.0,5 7 4 3 10
2062,11025,0.050000000000000044,0.11574307084083557,0.0003964873540098779,0.0006716125644743443,0.9484512512345092,3,3,4,0.0,4 3 5 10
2063,11029,0.050000000000000044,0.10560297966003418,0.0003653628591564484,0.0003561797784641385,0.958056779700142,3,3,4,0.0,5 4 3 10
2064,11038,0.050000000000000044,0.5126906633377075,0.0003894443604319046,0.0003397592809051275,0.9383693661864108,9,9,10,0.0,8 5 6 1 9 4 2 7 3
2065,11040,0.050000000000000044,0.20138707756996155,0.0004065930552314967,0.0020302291959524155,0.7926958797324568,1,1,2,0.0,6 10
2066,11044,0.050000000000000044,0.12350565195083618,0.000375958981749136,0.0004104148247279227,0.9593183607500884,3,3,4,0.0,4 3 5 10
2067,11049,0.050000000000000044,0.4753968119621277,0.00038517615757882595,0.0007237818208523095,0.9440221804926143,4,4,5,0.0,4 6 3 5 10
2068,11056,0.050000000000000044,0.45761293172836304,0.0003834519718241479,0.0007541353115811944,0.9447891494784145,6,6,7,0.0,4 6 7 5 1 3 10
2069,11060,0.050000000000000044,0.1892881989479065,0.0004437155512277968,0.0003878751886077225,0.9448756375189485,3,3,4,0.0,5 4 3 10
2070,11067,0.050000000000000044,0.47588473558425903,0.00038713019291338114,0.0003739505191333592,0.9654119291766928,6,6,7,0.0,5 7 6 4 1 3 10
2071,11071,0.050000000000000044,0.20793236792087555,0.00038416557072196156,0.0004913120064884424,0.9460985286517886,3,3,4,0.0,4 3 5 10
2072,11075,0.050000000000000044,0.2193916141986847,0.0003967773081967607,0.00038377163582481444,0.9497855476299732,3,3,4,0.0,7 8 4 10
2073,11081,0.050000000000000044,0.5217130184173584,0.0003904872088848303,0.0006412691436707973,0.9292931073344136,5,5,6,0.0,7 5 6 4 3 10
2074,11085,0.050000000000000044,0.2767753005027771,0.0002872983750421554,0.00023578456602990627,0.9599719557392895,3,3,4,0.0,3 5 4 10
2075,11089,0.050000000000000044,0.08509133011102676,0.0003442635279498063,0.0004329143848735839,0.945085162232662,3,3,4,0.0,6 4 3 10
2076,11093,0.050000000000000044,0.07760586589574814,0.00034887825313489884,0.0006504798075184226,0.9191824672356088,3,3,4,0.0,4 5 3 10
2077,11097,0.050000000000000044,0.18726478517055511,0.00038994789792923257,0.0008420562953688204,0.9279354690406892,3,3,4,0.0,5 4 3 10
2078,11101,0.050000000000000044,0.20793238282203674,0.0003500705206533894,0.0004913120064884424,0.9460985286517886,3,3,4,0.0,5 4 3 10
2079,11109,0.050000000000000044,0.4203769862651825,0.00032568870301474817,0.0012179692275822163,0.9253342895858282,7,7,8,0.0,1 3 4 6 8 5 2 10
2080,11113,0.050000000000000044,0.24339479207992554,0.0003542795093380846,0.0011650301748886704,0.8867031143586219,3,3,4,0.0,5 3 4 10
2081,11122,0.050000000000000044,0.35818618535995483,0.0003440417478688889,0.0009382939897477627,0.9230178086425972,8,8,9,0.0,7 5 6 2 4 9 8 3 10
2082,11126,0.050000000000000044,0.3104131817817688,0.0004555397972580977,0.0007459187181666493,0.9416358080580742,3,3,4,0.0,5 3 4 10
2083,11129,0.050000000000000044,0.19746263325214386,0.00039497676577108604,0.0024265942629426718,0.8271231824769134,2,2,3,0.0,5 7 10
2084,11136,0.050000000000000044,0.45761287212371826,0.0003091215995872127,0.0007541353115811944,0.9447891494784145,6,6,7,0.0,4 5 6 1 7 3 10
2085,11145,0.050000000000000044,0.3636035621166229,0.0003522631822205666,0.0009860428981482983,0.9005956213376468,8,8,9,0.0,5 6 1 2 4 9 7 8 10
2086,11149,0.050000000000000044,0.10950151085853577,0.0003255169212934561,0.0004470786079764366,0.9479181067696933,3,3,4,0.0,4 5 3 10
2087,11153,0.050000000000000044,0.22685596346855164,0.000343144747603219,0.00036390128661878407,0.9670587569900415,3,3,4,0.0,4 3 5 10
2088,11156,0.050000000000000044,0.3177257180213928,0.00028283098557343084,0.001686803181655705,0.8829201133445561,2,2,3,0.0,4 6 10
2089,11162,0.050000000000000044,0.4608151912689209,0.0003353855718160048,0.0010239568073302507,0.9187780575257561,5,5,6,0.0,1 3 4 6 5 10
2090,11166,0.050000000000000044,0.11574307084083557,0.0003336131339892745,0.0006716125644743443,0.9484512512345092,3,3,4,0.0,4 3 5 10
2091,11175,0.050000000000000044,0.4903440773487091,0.00031417675523294345,0.0007789268274791539,0.9268132494441395,8,8,9,0.0,5 1 6 3 4 2 9 8 10
2092,11178,0.050000000000000044,0.1527559757232666,0.0003131775398893903,0.00192103604786098,0.8562845697230023,2,2,3,0.0,7 4 10
2093,11184,0.050000000000000044,0.22406049072742462,0.0002825168242755656,0.0008127290057018399,0.9072249517128244,5,5,6,0.0,5 7 6 4 3 10
2094,11188,0.050000000000000044,0.085133396089077,0.00027515029796632007,0.0008444669656455517,0.9045451429985933,3,3,4,0.0,4 3 5 10
2095,11193,0.050000000000000044,0.06544308364391327,0.00030394046916626394,0.0005181438755244017,0.9441433872642189,4,4,5,0.0,4 3 2 8 10
2096,11196,0.050000000000000044,0.26578599214553833,0.0003682127474651982,0.002444216748699546,0.82672347613875,2,2,3,0.0,1 6 10
2097,11200,0.050000000000000044,0.22685596346855164,0.00029454053583322093,0.00036390128661878407,0.9670587569900415,3,3,4,0.0,4 3 5 10
2098,11204,0.050000000000000044,0.23378056287765503,0.0003420718203415163,0.0017929158639162779,0.8717285928523498,3,3,4,0.0,5 3 4 10
2099,11213,0.050000000000000044,0.4286775588989258,0.00033722406887035404,0.0010793664259836078,0.9030750394044676,9,9,10,0.0,5 6 1 2 4 9 7 8 3
2100,11220,0.050000000000000044,0.44981253147125244,0.00033419192602325765,0.0008646164205856621,0.9314323766035217,6,6,7,0.0,4 6 3 1 8 5 10
2101,11224,0.050000000000000044,0.3104132115840912,0.00038440091884694993,0.0007459187181666493,0.9416358080580742,3,3,4,0.0,4 3 5 10
2102,11228,0.050000000000000044,0.108040951192379,0.00037795582466060296,0.0004871294368058443,0.9462413316709959,3,3,4,0.0,5 4 3 10
2103,11232,0.050000000000000044,0.10950151085853577,0.00038869449781486765,0.0004470786079764366,0.9479181067696933,3,3,4,0.0,4 5 3 10
2104,11236,0.050000000000000044,0.07760586589574814,0.0003423119560466148,0.0006504798075184226,0.9191824672356088,3,3,4,0.0,4 5 3 10
2105,11244,0.050000000000000044,0.5284916758537292,0.0003434308346186299,0.0003504905034787953,0.9359725139299839,7,7,8,0.0,8 4 3 9 1 2 5 10
2106,11247,0.050000000000000044,0.07713957130908966,0.0002958347904495895,0.0006700539961457253,0.9222926603503941,2,2,3,0.0,2 8 10
2107,11256,0.050000000000000044,0.4490157961845398,0.0004193025912779073,0.0003453334211371839,0.9665093282580942,8,8,9,0.0,5 6 1 2 4 9 7 3 10
2108,11262,0.050000000000000044,0.19730041921138763,0.0004501727332050602,0.0011002920800819993,0.8927804558016316,5,5,6,0.0,5 7 6 4 3 10
2109,11268,0.050000000000000044,0.25004470348358154,0.0004794128811530148,0.0006410286296159029,0.9381364431945379,5,5,6,0.0,5 6 4 3 1 10
2110,11272,0.050000000000000044,0.108040951192379,0.0004974120311089791,0.0004871294368058443,0.9462413316709959,3,3,4,0.0,4 3 5 10
2111,11277,0.050000000000000044,0.18249140679836273,0.00045523661538027227,0.000788929290138185,0.9421254418409395,4,4,5,0.0,9 4 5 3 10
2112,11281,0.050000000000000044,0.21238617599010468,0.00040087288653012365,0.0011898600496351719,0.9272665474275913,3,3,4,0.0,5 4 3 10
2113,11286,0.050000000000000044,0.040596187114715576,0.0003475103760138154,0.0006407032487913966,0.920841137848697,4,4,5,0.0,5 4 3 6 10
2114,11290,0.050000000000000044,0.2990611493587494,0.00042892836790997535,0.0006749939639121294,0.9342031731723179,3,3,4,0.0,5 3 4 10
2115,11298,0.050000000000000044,0.4969651401042938,0.0004119460136280395,0.0007961807423271239,0.9256060530966442,7,7,8,0.0,5 1 6 4 3 8 7 10
2116,11307,0.050000000000000044,0.4818466305732727,0.0003546850639395416,0.0007713983068242669,0.9280170600387344,9,9,10,0.0,4 6 1 7 2 8 5 9 3
2117,11310,0.050000000000000044,0.10449837148189545,0.0003371900481094296,0.0005452943732962012,0.9371222096376839,2,2,3,0.0,7 8 10
2118,11316,0.050000000000000044,0.39774203300476074,0.00036149135848972946,0.0009847618639469147,0.9191200736551307,5,5,6,0.0,5 1 6 4 3 10
2119,11320,0.050000000000000044,0.4226478934288025,0.00032040664518717676,0.0013027092209085822,0.8957646186159001,3,3,4,0.0,1 3 7 10
2120,11324,0.050000000000000044,0.21282950043678284,0.000336805431288667,0.0008140195277519524,0.9398560478627752,3,3,4,0.0,4 5 3 10
2121,11333,0.050000000000000044,0.42270463705062866,0.00036814480295611755,0.0006473037647083402,0.9480397880041925,8,8,9,0.0,4 5 7 8 1 9 2 3 10
2122,11342,0.050000000000000044,0.4874666929244995,0.0003913261559015761,0.0007891450077295303,0.9258725322100836,8,8,9,0.0,7 4 2 1 8 9 5 3 10
2123,11348,0.050000000000000044,0.45943981409072876,0.0003495126438792795,0.0007157496293075383,0.943914234496467,5,5,6,0.0,5 1 6 4 3 10
2124,11352,0.050000000000000044,0.3104132115840912,0.000310821233142633,0.0007459187181666493,0.9416358080580742,3,3,4,0.0,5 4 3 10
2125,11357,0.050000000000000044,0.15428495407104492,0.00041594942449592055,0.0008400750230066478,0.928208780433987,4,4,5,0.0,2 4 3 5 10
2126,11361,0.050000000000000044,0.08509133011102676,0.00031786260660737753,0.0004329143848735839,0.945085162232662,3,3,4,0.0,6 4 3 10
2127,11365,0.050000000000000044,0.4264526963233948,0.00032644452585373074,0.0010011573322117329,0.917074837773932,3,3,4,0.0,5 3 4 10
2128,11369,0.050000000000000044,0.17178700864315033,0.0003565371298464015,0.0012108059599995613,0.8881999953837089,3,3,4,0.0,7 5 4 10
2129,11373,0.050000000000000044,0.12350565195083618,0.00039502879371866584,0.0004104148247279227,0.9593183607500884,3,3,4,0.0,4 5 3 10
2130,11377,0.050000000000000044,0.18726478517055511,0.0004024531153845601,0.0008420562953688204,0.9279354690406892,3,3,4,0.0,4 3 5 10
2131,11381,0.050000000000000044,0.20793238282203674,0.00031317102548200637,0.0004913120064884424,0.9460985286517886,3,3,4,0.0,4 5 3 10
2132,11388,0.050000000000000044,0.4328922629356384,0.0003460617985443345,0.0012571734841912985,0.9239444768180303,6,6,7,0.0,3 4 9 1 5 7 10
2133,11392,0.050000000000000044,0.08509133011102676,0.0003549128523445688,0.0004329143848735839,0.945085162232662,3,3,4,0.0,6 4 3 10
2134,11401,0.050000000000000044,0.49743834137916565,0.0003161758811782218,0.0012734245974570513,0.919392938438834,8,8,9,0.0,4 6 3 2 5 9 1 8 10
2135,11406,0.050000000000000044,0.15080131590366364,0.00036477463436312973,0.0011269100941717625,0.9010513631912672,4,4,5,0.0,4 3 5 1 10
2136,11415,0.050000000000000044,0.43493911623954773,0.00034683995505070523,0.0010968622518703341,0.9010071717246959,8,8,9,0.0,5 6 1 3 7 8 9 4 10
2137,11423,0.050000000000000044,0.43591147661209106,0.00034438435250194743,0.0008636314305476844,0.9337622531812625,7,7,8,0.0,1 3 7 4 8 9 5 10
2138,11430,0.050000000000000044,0.4513600766658783,0.0003254303425949599,0.0011228423099964857,0.8994765942484388,6,6,7,0.0,5 1 8 7 3 4 10
2139,11434,0.050000000000000044,0.23378059267997742,0.00031799815769772977,0.0017929158639162779,0.8717285928523498,3,3,4,0.0,3 5 4 10
2140,11442,0.050000000000000044,0.36934277415275574,0.00036199669921188615,0.0009633312001824379,0.921001506121065,7,7,8,0.0,5 6 1 3 7 4 9 10
2141,11446,0.050000000000000044,0.49409186840057373,0.0003186241665389389,0.0008299891487695277,0.9397777851746284,3,3,4,0.0,4 5 3 10
2142,11451,0.050000000000000044,0.2871164381504059,0.0004038312006741762,0.0007144291885197163,0.9440950080132229,4,4,5,0.0,6 4 5 3 10
2143,11455,0.050000000000000044,0.22685597836971283,0.00032590737100690603,0.00036390128661878407,0.9670587569900415,3,3,4,0.0,4 5 3 10
2144,11459,0.050000000000000044,0.23378056287765503,0.0002905318615376018,0.0017929158639162779,0.8717285928523498,3,3,4,0.0,5 4 3 10
2145,11468,0.050000000000000044,0.5186153054237366,0.0003080518120744576,0.0003492700052447617,0.936694852343354,8,8,9,0.0,5 6 1 3 9 8 7 4 10
2146,11476,0.050000000000000044,0.46109598875045776,0.00029379242369032,0.00035688653588294983,0.9650566423495658,7,7,8,0.0,4 5 9 7 6 1 3 10
2147,11480,0.050000000000000044,0.2764498293399811,0.00032057408679975197,0.0008365531102754176,0.9055910599766815,3,3,4,0.0,5 4 3 10
2148,11487,0.050000000000000044,0.4565073251724243,0.00031895657385965545,0.0007498611230403185,0.9438077810615761,6,6,7,0.0,4 5 1 9 7 3 10
2149,11496,0.050000000000000044,0.4344484210014343,0.00035642464192480675,0.0011001278180629015,0.9010770874237476,8,8,9,0.0,7 2 4 8 9 5 1 3 10
2150,11500,0.050000000000000044,0.24339479207992554,0.0004047015754622407,0.0011650301748886704,0.8867031143586219,3,3,4,0.0,5 3 4 10
2151,11503,0.050000000000000044,0.11796269565820694,0.0006096303695812821,0.0006844833260402083,0.9263382747007465,2,2,3,0.0,3 5 10
2152,11507,0.050000000000000044,0.1892881989479065,0.0004486509787966497,0.0003878751886077225,0.9448756375189485,3,3,4,0.0,5 4 3 10
2153,11513,0.050000000000000044,0.4702194631099701,0.00043010156756887835,0.000949425098951906,0.9036548545542001,5,5,6,0.0,5 6 3 4 9 10
2154,11517,0.050000000000000044,0.17178700864315033,0.0004693575174314901,0.0012108059599995613,0.8881999953837089,3,3,4,0.0,7 5 4 10
2155,11525,0.050000000000000044,0.4617225229740143,0.0004403276070661377,0.0003550348337739706,0.96523404087734,7,7,8,0.0,9 7 5 2 4 1 3 10
2156,11533,0.050000000000000044,0.4424149990081787,0.0003985137227573432,0.0011112233623862267,0.8996898238763089,7,7,8,0.0,7 3 5 1 4 8 9 10
2157,11537,0.050000000000000044,0.2990611493587494,0.0004272666774340905,0.0006749939639121294,0.9342031731723179,3,3,4,0.0,5 4 3 10
2158,11541,0.050000000000000044,0.2767753005027771,0.000467539532110095,0.00023578456602990627,0.9599719557392895,3,3,4,0.0,3 5 4 10
2159,11550,0.050000000000000044,0.4899129569530487,0.0003837874909448955,0.0006008654017932713,0.9323195703460544,9,9,10,0.0,2 5 7 4 9 8 1 6 3
2160,11559,0.050000000000000044,0.4818466007709503,0.0004677918623201549,0.0007713983068242669,0.9280170600387344,9,9,10,0.0,7 4 2 9 5 1 6 8 3
2161,11564,0.050000000000000044,0.4753968119621277,0.0004288141964934766,0.0007237818208523095,0.9440221804926143,4,4,5,0.0,4 6 3 5 10
2162,11568,0.050000000000000044,0.12350565195083618,0.0003614323759393301,0.0004104148247279227,0.9593183607500884,3,3,4,0.0,4 3 5 10
2163,11577,0.050000000000000044,0.48968082666397095,0.00042062437407568924,0.0012561776675283909,0.9210129848168664,9,9,10,0.0,5 1 6 8 7 9 2 4 3
2164,11581,0.050000000000000044,0.11574307084083557,0.00044905584218213335,0.0006716125644743443,0.9484512512345092,3,3,4,0.0,4 5 3 10
2165,11586,0.050000000000000044,0.21852093935012817,0.0004699893295764923,0.0003058956644963473,0.953530293387692,4,4,5,0.0,7 1 4 5 10
2166,11591,0.050000000000000044,0.2659640312194824,0.0003399879380594939,0.0008849415462464094,0.9339459641935142,4,4,5,0.0,1 7 4 5 10
2167,11595,0.050000000000000044,0.07760586589574814,0.0003575270966393873,0.0006504798075184226,0.9191824672356088,3,3,4,0.0,4 3 5 10
2168,11599,0.050000000000000044,0.21238619089126587,0.00039096884574973956,0.0011898600496351719,0.9272665474275913,3,3,4,0.0,3 5 4 10
2169,11605,0.050000000000000044,0.47418320178985596,0.00043520105343001586,0.0007554629119113088,0.9447963526749299,5,5,6,0.0,4 6 7 5 3 10
2170,11609,0.050000000000000044,0.1989022195339203,0.00040604889363748953,0.0006972261471673846,0.9356720983698592,3,3,4,0.0,4 3 5 10
2171,11612,0.050000000000000044,0.17330282926559448,0.0003366533783264458,0.0011428403668105602,0.90176088102029,2,2,3,0.0,1 7 10
2172,11615,0.050000000000000044,0.10975062102079391,0.00039455188865152496,0.0005318587645888329,0.9411291696937416,2,2,3,0.0,1 7 10
2173,11620,0.050000000000000044,0.2720816135406494,0.00030339976656250655,0.0006728802691213787,0.9348399362722843,4,4,5,0.0,5 1 3 4 10
2174,11626,0.050000000000000044,0.4616134464740753,0.00035371263705504435,0.0010330337099730968,0.9202696497282999,5,5,6,0.0,1 5 7 4 3 10
2175,11632,0.050000000000000044,0.2567373514175415,0.0004169664268071453,0.0007331505184993148,0.9426968545784706,5,5,6,0.0,1 3 4 5 8 10
2176,11638,0.050000000000000044,0.3975455164909363,0.00031794427923159674,0.0009837745456025004,0.9189038903017248,5,5,6,0.0,5 1 3 4 8 10
2177,11642,0.050000000000000044,0.3104132115840912,0.00031412021053256467,0.0007459187181666493,0.9416358080580742,3,3,4,0.0,5 4 3 10
2178,11646,0.050000000000000044,0.21238619089126587,0.00034075690928148106,0.0011898600496351719,0.9272665474275913,3,3,4,0.0,3 5 4 10
2179,11650,0.050000000000000044,0.20793238282203674,0.0002848011572496034,0.0004913120064884424,0.9460985286517886,3,3,4,0.0,5 4 3 10
2180,11654,0.050000000000000044,0.07760586589574814,0.0003203498272341676,0.0006504798075184226,0.9191824672356088,3,3,4,0.0,4 5 3 10
2181,11663,0.050000000000000044,0.48968085646629333,0.0003351131793654834,0.0012561776675283909,0.9210129848168664,9,9,10,0.0,4 2 7 8 9 5 1 6 3
2182,11668,0.050000000000000044,0.41023337841033936,0.0003503909625578672,0.0010001191403716803,0.9173148049752579,4,4,5,0.0,5 1 3 4 10
2183,11672,0.050000000000000044,0.10560297966003418,0.0003179018858645577,0.0003561797784641385,0.958056779700142,3,3,4,0.0,4 5 3 10
2184,11678,0.050000000000000044,0.25989198684692383,0.0003756279475055635,0.000707523780874908,0.944197369599881,5,5,6,0.0,1 9 3 4 5 10
2185,11685,0.050000000000000044,0.496279776096344,0.0003078364534303546,0.0006829911144450307,0.9248667147351644,6,6,7,0.0,5 1 9 4 7 6 10
2186,11689,0.050000000000000044,0.2764498293399811,0.00035154205761500634,0.0008365531102754176,0.9055910599766815,3,3,4,0.0,5 4 3 10
2187,11693,0.050000000000000044,0.22685596346855164,0.000393966052797623,0.00036390128661878407,0.9670587569900415,3,3,4,0.0,4 3 5 10
2188,11698,0.050000000000000044,0.47489848732948303,0.00035506359999999405,0.0009190965793095529,0.9281672460251841,4,4,5,0.0,1 4 5 3 10
2189,11704,0.050000000000000044,0.44775182008743286,0.00031507389212492853,0.0012642915826290846,0.9227161618319476,5,5,6,0.0,1 5 7 4 3 10
2190,11710,0.050000000000000044,0.14278589189052582,0.0003091144220282634,0.0004779102746397257,0.9464179647911459,5,5,6,0.0,5 2 1 3 4 10
2191,11714,0.050000000000000044,0.10950153321027756,0.0003377692337380722,0.0004470786079764366,0.9479181067696933,3,3,4,0.0,4 3 5 10
2192,11720,0.050000000000000044,0.39655253291130066,0.0003887745624524541,0.0009865451138466597,0.900334528391554,5,5,6,0.0,7 5 1 3 4 10
2193,11724,0.050000000000000044,0.2767753005027771,0.0003580384291126393,0.00023578456602990627,0.9599719557392895,3,3,4,0.0,3 5 4 10
2194,11731,0.050000000000000044,0.4526270031929016,0.0003294682163479073,0.0008504093275405467,0.9328599317922887,6,6,7,0.0,1 5 3 6 7 4 10
2195,11740,0.050000000000000044,0.4620480537414551,0.0003127925576538675,0.0008870880701579154,0.9190916731935902,8,8,9,0.0,7 9 5 4 8 2 1 6 10
2196,11745,0.050000000000000044,0.2619895040988922,0.00029436680488288404,0.0003029381623491645,0.9555676925338265,4,4,5,0.0,5 4 3 7 10
2197,11753,0.050000000000000044,0.3730508089065552,0.0003820474430540344,0.0009434254607185721,0.9221238913490712,7,7,8,0.0,5 7 4 6 9 2 3 10
2198,11757,0.050000000000000044,0.07760586589574814,0.0004935785982524976,0.0006504798075184226,0.9191824672356088,3,3,4,0.0,4 3 5 10
2199,11762,0.050000000000000044,0.5018078088760376,0.0004894464334938675,0.00039425771683454514,0.9631912887326745,4,4,5,0.0,5 3 1 4 10
2200,11766,0.050000000000000044,0.1989022195339203,0.0005402946408139542,0.0006972261471673846,0.9356720983698592,3,3,4,0.0,3 4 5 10
2201,11770,0.050000000000000044,0.2767753005027771,0.00046731829206692055,0.00023578456602990627,0.9599719557392895,3,3,4,0.0,3 4 5 10
2202,11774,0.050000000000000044,0.21282950043678284,0.0003594945155782625,0.0008140195277519524,0.9398560478627752,3,3,4,0.0,5 4 3 10
2203,11778,0.050000000000000044,0.18726478517055511,0.0003944143718399573,0.0008420562953688204,0.9279354690406892,3,3,4,0.0,5 4 3 10
2204,11782,0.050000000000000044,0.10950151085853577,0.0003665369513328187,0.0004470786079764366,0.9479181067696933,3,3,4,0.0,4 5 3 10
2205,11786,0.050000000000000044,0.2764498293399811,0.0003816276803263463,0.0008365531102754176,0.9055910599766815,3,3,4,0.0,5 3 4 10
2206,11790,0.050000000000000044,0.37779709696769714,0.0004152889086981304,0.0012155130971223116,0.8987537276943288,3,3,4,0.0,5 3 1 10
2207,11794,0.050000000000000044,0.28492799401283264,0.00040440769225824624,0.00031904428033158183,0.9544529469061408,3,3,4,0.0,5 3 4 10
2208,11798,0.050000000000000044,0.18726477026939392,0.00033788718428695574,0.0008420562953688204,0.9279354690406892,3,3,4,0.0,3 5 4 10
2209,11804,0.050000000000000044,0.4419555068016052,0.0003506218830201154,0.0005994986277073622,0.9332900908061356,5,5,6,0.0,5 1 3 2 4 10
2210,11813,0.050000000000000044,0.48968082666397095,0.00038329033931303356,0.0012561776675283909,0.9210129848168664,9,9,10,0.0,5 1 8 4 9 7 6 2 3
2211,11820,0.050000000000000044,0.47724783420562744,0.0003954364552295634,0.00035609977203421295,0.9647330834611134,6,6,7,0.0,5 3 2 4 9 1 10
2212,11828,0.050000000000000044,0.5051717758178711,0.00033608807279961184,0.0006181485950946808,0.9294261764934315,7,7,8,0.0,8 9 5 1 2 4 3 10
2213,11832,0.050000000000000044,0.10560297966003418,0.0003760543986572884,0.0003561797784641385,0.958056779700142,3,3,4,0.0,4 3 5 10
2214,11836,0.050000000000000044,0.1989022195339203,0.000368416694982443,0.0006972261471673846,0.9356720983698592,3,3,4,0.0,4 3 5 10
2215,11840,0.050000000000000044,0.085133396089077,0.00033206578518729657,0.0008444669656455517,0.9045451429985933,3,3,4,0.0,5 4 3 10
2216,11845,0.050000000000000044,0.07083111256361008,0.00032935700728558003,0.00047345642815344036,0.9472198674320182,4,4,5,0.0,4 3 5 1 10
2217,11854,0.050000000000000044,0.4818466305732727,0.00036090845888894465,0.0007713983068242669,0.9280170600387344,9,9,10,0.0,4 9 8 7 6 5 2 1 3
2218,11858,0.050000000000000044,0.22685596346855164,0.00038773222331656143,0.00036390128661878407,0.9670587569900415,3,3,4,0.0,4 3 5 10
2219,11862,0.050000000000000044,0.056600578129291534,0.00039418673623003997,0.0010916083119809628,0.8770112408575348,3,3,4,0.0,5 3 1 10
2220,11866,0.050000000000000044,0.29809650778770447,0.00031884262716630474,0.00036596995778381824,0.9654395427027724,3,3,4,0.0,3 5 4 10
2221,11870,0.050000000000000044,0.1833808869123459,0.00036381590325618163,0.0011306899832561612,0.9001813861546987,3,3,4,0.0,4 3 5 10
2222,11874,0.050000000000000044,0.1892881989479065,0.0002963737861136906,0.0003878751886077225,0.9448756375189485,3,3,4,0.0,5 4 3 10
2223,11883,0.050000000000000044,0.5456784963607788,0.00034863970035480126,0.00046588623081333935,0.9532000959344766,9,9,10,0.0,7 5 8 1 9 6 2 4 3
2224,11887,0.050000000000000044,0.07760586589574814,0.00033540216463734396,0.0006504798075184226,0.9191824672356088,3,3,4,0.0,5 4 3 10
2225,11891,0.050000000000000044,0.108040951192379,0.0002989087952300906,0.0004871294368058443,0.9462413316709959,3,3,4,0.0,4 3 5 10
2226,11895,0.050000000000000044,0.10950823873281479,0.00043538599129533395,0.0003611558931879699,0.9537193116407474,3,3,4,0.0,4 5 3 10
2227,11904,0.050000000000000044,0.5126906633377075,0.00028706920663050067,0.0003397592809051275,0.9383693661864108,9,9,10,0.0,1 7 6 8 4 5 9 2 3
2228,11908,0.050000000000000044,0.10560297966003418,0.00028908057720400393,0.0003561797784641385,0.958056779700142,3,3,4,0.0,4 3 5 10
2229,11912,0.050000000000000044,0.108040951192379,0.0003721937391674146,0.0004871294368058443,0.9462413316709959,3,3,4,0.0,3 5 4 10
2230,11916,0.050000000000000044,0.28492799401283264,0.000293943659926299,0.00031904428033158183,0.9544529469061408,3,3,4,0.0,5 3 4 10
2231,11925,0.050000000000000044,0.4818466007709503,0.0003448723841251598,0.0007713983068242669,0.9280170600387344,9,9,10,0.0,4 9 7 5 1 6 2 8 3
2232,11929,0.050000000000000044,0.20793238282203674,0.00031341113935923204,0.0004913120064884424,0.9460985286517886,3,3,4,0.0,5 4 3 10
2233,11938,0.050000000000000044,0.4899129271507263,0.00035258612155707344,0.0006008654017932713,0.9323195703460544,9,9,10,0.0,7 5 8 4 1 6 9 2 3
2234,11944,0.050000000000000044,0.40051281452178955,0.0002833108519553207,0.0009764599381014705,0.9204629983190408,5,5,6,0.0,5 3 7 6 4 10
2235,11948,0.050000000000000044,0.1989022195339203,0.0002898933926189784,0.0006972261471673846,0.9356720983698592,3,3,4,0.0,3 4 5 10
2236,11952,0.050000000000000044,0.0851333886384964,0.0003125218936474994,0.0008444669656455517,0.9045451429985933,3,3,4,0.0,4 5 3 10
2237,11956,0.050000000000000044,0.10950823873281479,0.00028884681887575425,0.0003611558931879699,0.9537193116407474,3,3,4,0.0,4 5 3 10
2238,11962,0.050000000000000044,0.4673134386539459,0.00032232611314005527,0.0009902333840727806,0.9228382773972011,5,5,6,0.0,3 5 7 6 4 10
2239,11971,0.050000000000000044,0.42867758870124817,0.000300377342177348,0.0010793664259836078,0.9030750394044676,9,9,10,0.0,8 5 9 4 7 6 2 1 3
2240,11975,0.050000000000000044,0.09907301515340805,0.00028989998099859804,0.0005196542479097843,0.9415486772831498,3,3,4,0.0,4 7 8 10
2241,11978,0.050000000000000044,0.10453203320503235,0.00034777450491674244,0.0005239369929768145,0.9348012406409991,2,2,3,0.0,8 3 10
2242,11987,0.050000000000000044,0.4279634952545166,0.00028954892251123156,0.0007162338588386774,0.9452142089109217,8,8,9,0.0,4 6 7 5 2 9 1 3 10
2243,11996,0.050000000000000044,0.5126906037330627,0.00035621969275073044,0.0003397592809051275,0.9383693661864108,9,9,10,0.0,4 9 8 1 5 7 6 2 3
2244,12002,0.050000000000000044,0.44775184988975525,0.0003961324691772461,0.0012642915826290846,0.9227161618319476,5,5,6,0.0,3 5 7 1 4 10
2245,12009,0.050000000000000044,0.45761293172836304,0.0005572715724286224,0.0007541353115811944,0.9447891494784145,6,6,7,0.0,4 6 7 5 1 3 10
2246,12015,0.050000000000000044,0.4491235315799713,0.0006083548748089621,0.0005674242856912315,0.9354219601559369,5,5,6,0.0,3 5 7 6 4 10
2247,12019,0.050000000000000044,0.22473883628845215,0.0005145795585121959,0.0012073888210579753,0.8770633098557503,3,3,4,0.0,8 3 4 10
2248,12023,0.050000000000000044,0.2767753005027771,0.0005128509874339215,0.00023578456602990627,0.9599719557392895,3,3,4,0.0,3 5 4 10
2249,12029,0.050000000000000044,0.4491235315799713,0.00036791126573613536,0.0005674242856912315,0.9354219601559369,5,5,6,0.0,5 3 7 6 4 10
2250,12036,0.050000000000000044,0.47588473558425903,0.00044334025837347975,0.0003739505191333592,0.9654119291766928,6,6,7,0.0,5 7 6 4 1 3 10
2251,12040,0.050000000000000044,0.07760586589574814,0.00044296158012002707,0.0006504798075184226,0.9191824672356088,3,3,4,0.0,4 5 3 10
2252,12045,0.050000000000000044,0.46446001529693604,0.00035657115513458847,0.001268398598767817,0.9230119532902197,4,4,5,0.0,4 6 3 5 10
2253,12053,0.050000000000000044,0.38750091195106506,0.0003698703039844986,0.0009521585889160633,0.9048686899802915,7,7,8,0.0,4 9 7 8 6 5 3 10
2254,12057,0.050000000000000044,0.11574307084083557,0.00044663191511062905,0.0006716125644743443,0.9484512512345092,3,3,4,0.0,4 5 3 10
2255,12061,0.050000000000000044,0.22685596346855164,0.0004024000882054679,0.00036390128661878407,0.9670587569900415,3,3,4,0.0,4 3 5 10
2256,12065,0.050000000000000044,0.10950823128223419,0.0004092806557309814,0.0003611558931879699,0.9537193116407474,3,3,4,0.0,4 3 5 10
2257,12071,0.050000000000000044,0.4673134386539459,0.0003346812785215055,0.0009902333840727806,0.9228382773972011,5,5,6,0.0,3 5 7 6 4 10
2258,12080,0.050000000000000044,0.49839460849761963,0.00033065600695812865,0.000610654940828681,0.9320328336266643,8,8,9,0.0,7 2 4 3 8 9 6 5 10
2259,12084,0.050000000000000044,0.2764498293399811,0.00037812863592989743,0.0008365531102754176,0.9055910599766815,3,3,4,0.0,5 3 4 10
2260,12088,0.050000000000000044,0.28492802381515503,0.00039794170879758894,0.00031904428033158183,0.9544529469061408,3,3,4,0.0,3 5 4 10
2261,12090,0.050000000000000044,0.27686813473701477,0.00034787839103955775,0.002023107372224331,0.8145137375639253,1,1,2,0.0,7 10
2262,12094,0.050000000000000044,0.23378059267997742,0.000393701164284721,0.0017929158639162779,0.8717285928523498,3,3,4,0.0,3 5 4 10
2263,12099,0.050000000000000044,0.15498045086860657,0.0003272062924224883,0.0010537258349359035,0.9025470054266569,4,4,5,0.0,9 5 4 3 10
2264,12103,0.050000000000000044,0.108040951192379,0.00035341827606316656,0.0004871294368058443,0.9462413316709959,3,3,4,0.0,4 3 5 10
2265,12107,0.050000000000000044,0.108040951192379,0.00038871583819855005,0.0004871294368058443,0.9462413316709959,3,3,4,0.0,4 3 5 10
2266,12112,0.050000000000000044,0.15142318606376648,0.00036073396331630646,0.0011031581088900566,0.9004543494083227,4,4,5,0.0,7 3 5 4 10
2267,12118,0.050000000000000044,0.4673134386539459,0.0003174303055857308,0.0009902333840727806,0.9228382773972011,5,5,6,0.0,3 5 7 6 4 10
2268,12122,0.050000000000000044,0.23378059267997742,0.0004063089581904933,0.0017929158639162779,0.8717285928523498,3,3,4,0.0,3 5 4 10
2269,12128,0.050000000000000044,0.47418320178985596,0.00035026650099704665,0.0007554629119113088,0.9447963526749299,5,5,6,0.0,4 6 7 3 5 10
2270,12132,0.050000000000000044,0.1892882138490677,0.00035438381019048393,0.0003878751886077225,0.9448756375189485,3,3,4,0.0,4 3 5 10
2271,12141,0.050000000000000044,0.48184657096862793,0.00033295328871140047,0.0007713983068242669,0.9280170600387344,9,9,10,0.0,4 9 7 5 6 2 1 3 8
2272,12145,0.050000000000000044,0.18726477026939392,0.0003297915536677465,0.0008420562953688204,0.9279354690406892,3,3,4,0.0,3 5 4 10
2273,12149,0.050000000000000044,0.28492799401283264,0.0003481834937701933,0.00031904428033158183,0.9544529469061408,3,3,4,0.0,5 3 4 10
2274,12154,0.050000000000000044,0.5015164613723755,0.0003708076197654009,0.00039242079947143793,0.9629009841862671,4,4,5,0.0,5 3 2 4 10
2275,12163,0.050000000000000044,0.384896457195282,0.0003520204918459058,0.0009265134576708078,0.9069147171733921,8,8,9,0.0,4 9 8 1 2 7 3 5 10
2276,12167,0.050000000000000044,0.1892881989479065,0.0002861644607037306,0.0003878751886077225,0.9448756375189485,3,3,4,0.0,5 4 3 10
2277,12176,0.050000000000000044,0.5126906633377075,0.00034223497884037596,0.0003397592809051275,0.9383693661864108,9,9,10,0.0,9 7 6 2 1 4 3 8 5
2278,12180,0.050000000000000044,0.24339479207992554,0.0003253352806495968,0.0011650301748886704,0.8867031143586219,3,3,4,0.0,3 5 4 10
2279,12184,0.050000000000000044,0.22685596346855164,0.00038473452150356025,0.00036390128661878407,0.9670587569900415,3,3,4,0.0,4 3 5 10
2280,12188,0.050000000000000044,0.11574307084083557,0.000345083128195256,0.0006716125644743443,0.9484512512345092,3,3,4,0.0,4 5 3 10
2281,12197,0.050000000000000044,0.37928977608680725,0.0003002522345114913,0.0009104710770770907,0.9083804065775786,9,9,10,0.0,7 6 9 2 4 3 8 1 5
2282,12201,0.050000000000000044,0.17178699374198914,0.00026602712387102656,0.0012108059599995613,0.8881999953837089,3,3,4,0.0,4 7 5 10
2283,12205,0.050000000000000044,0.10950151085853577,0.0003146022791042924,0.0004470786079764366,0.9479181067696933,3,3,4,0.0,4 5 3 10
2284,12214,0.050000000000000044,0.49633991718292236,0.0003312632131079833,0.0006134753348305821,0.9306162230218633,8,8,9,0.0,5 8 1 7 2 9 3 4 10
2285,12220,0.050000000000000044,0.47418320178985596,0.00034436338076678413,0.0007554629119113088,0.9447963526749299,5,5,6,0.0,4 6 7 3 5 10
2286,12224,0.050000000000000044,0.1850685477256775,0.00038556499930564314,0.0006042480235919356,0.9317338100050916,3,3,4,0.0,8 3 4 10
2287,12228,0.050000000000000044,0.1850685477256775,0.00035328377271071076,0.0006042480235919356,0.9317338100050916,3,3,4,0.0,8 3 4 10
2288,12232,0.050000000000000044,0.29809650778770447,0.000411758192058187,0.00036596995778381824,0.9654395427027724,3,3,4,0.0,3 5 4 10
2289,12236,0.050000000000000044,0.08473435789346695,0.0003457854109001346,0.0010096830083057284,0.926533911328466,3,3,4,0.0,4 3 1 10
2290,12240,0.050000000000000044,0.2764498293399811,0.000366705146007007,0.0008365531102754176,0.9055910599766815,3,3,4,0.0,5 3 4 10
2291,12244,0.050000000000000044,0.29809650778770447,0.000350855385477189,0.00036596995778381824,0.9654395427027724,3,3,4,0.0,3 5 4 10
2292,12248,0.050000000000000044,0.23378059267997742,0.0003123726855847053,0.0017929158639162779,0.8717285928523498,3,3,4,0.0,3 5 4 10
2293,12256,0.050000000000000044,0.5263693928718567,0.000515276948135579,0.000354599003912881,0.9353545375620143,7,7,8,0.0,6 7 9 8 4 5 3 10
2294,12261,0.050000000000000044,0.1514231562614441,0.0004993082315195352,0.0011031581088900566,0.9004543494083227,4,4,5,0.0,4 7 5 3 10
2295,12265,0.050000000000000044,0.29809650778770447,0.0004321802989579737,0.00036596995778381824,0.9654395427027724,3,3,4,0.0,3 5 4 10
2296,12274,0.050000000000000044,0.5525535941123962,0.00045948201053154963,0.0004813329433090985,0.952530410818481,8,8,9,0.0,5 1 8 7 2 9 4 3 10
2297,12278,0.050000000000000044,0.24339479207992554,0.00045364804827841,0.0011650301748886704,0.8867031143586219,3,3,4,0.0,3 5 4 10
2298,12282,0.050000000000000044,0.2990611493587494,0.00043765382724814117,0.0006749939639121294,0.9342031731723179,3,3,4,0.0,5 3 4 10
2299,12286,0.050000000000000044,0.2767753005027771,0.00046035839477553964,0.00023578456602990627,0.9599719557392895,3,3,4,0.0,3 5 4 10
2300,12290,0.050000000000000044,0.1095082238316536,0.0003991273188148625,0.0003611558931879699,0.9537193116407474,3,3,4,0.0,3 5 4 10
2301,12295,0.050000000000000044,0.4810376763343811,0.00045727185788564385,0.0008860002271831036,0.9311305553376604,4,4,5,0.0,6 4 3 5 10
2302,12300,0.050000000000000044,0.5015164613723755,0.0004167309438344091,0.00039242079947143793,0.9629009841862671,4,4,5,0.0,5 3 2 4 10
2303,12304,0.050000000000000044,0.12350565195083618,0.00035680355358636007,0.0004104148247279227,0.9593183607500884,3,3,4,0.0,4 5 3 10
2304,12313,0.050000000000000044,0.38299793004989624,0.00035552377812564373,0.0009321386460214853,0.9064327901258055,8,8,9,0.0,5 1 8 7 4 6 9 3 10
2305,12319,0.050000000000000044,0.49486756324768066,0.0003954176645493135,0.0007392345578409731,0.9210227084003929,5,5,6,0.0,5 1 8 3 6 10
2306,12323,0.050000000000000044,0.23378059267997742,0.0003553583810571581,0.0017929158639162779,0.8717285928523498,3,3,4,0.0,3 5 4 10
2307,12331,0.050000000000000044,0.5284916758537292,0.0003797848039539531,0.0003504905034787953,0.9359725139299839,7,7,8,0.0,5 1 8 9 2 3 4 10
2308,12335,0.050000000000000044,0.2990611493587494,0.0003175786987412721,0.0006749939639121294,0.9342031731723179,3,3,4,0.0,5 3 4 10
2309,12340,0.050000000000000044,0.2751680314540863,0.0003543193859513849,0.0003525406355038285,0.9669716516675761,4,4,5,0.0,3 5 6 4 10
2310,12346,0.050000000000000044,0.4681140184402466,0.00033552852012993145,0.0006834827945567667,0.9475515836165436,5,5,6,0.0,4 3 7 5 6 10
2311,12355,0.050000000000000044,0.4818466007709503,0.0003213452032974197,0.0007713983068242669,0.9280170600387344,9,9,10,0.0,9 3 2 4 7 1 8 5 6
2312,12359,0.050000000000000044,0.2767753005027771,0.0003382120994501747,0.00023578456602990627,0.9599719557392895,3,3,4,0.0,3 5 4 10
2313,12364,0.050000000000000044,0.25931644439697266,0.000311774670262821,0.00031208075233735144,0.9549832606464447,4,4,5,0.0,5 1 4 3 10
2314,12368,0.050000000000000044,0.17178699374198914,0.0002887855371227488,0.0012108059599995613,0.8881999953837089,3,3,4,0.0,4 7 5 10
2315,12372,0.050000000000000044,0.085133396089077,0.0002818643188220449,0.0008444669656455517,0.9045451429985933,3,3,4,0.0,5 4 3 10
2316,12376,0.050000000000000044,0.1892881989479065,0.00035162753192707896,0.0003878751886077225,0.9448756375189485,3,3,4,0.0,5 4 3 10
2317,12379,0.050000000000000044,0.08768980950117111,0.0003146271628793329,0.001172045012935996,0.8709456620385757,2,2,3,0.0,3 5 10
2318,12388,0.050000000000000044,0.5456785559654236,0.0003224515789447145,0.00046588623081333935,0.9532000959344766,9,9,10,0.0,5 1 8 9 2 4 7 6 3
2319,12391,0.050000000000000044,0.07231554388999939,0.00037538111791945994,0.0009160194895230234,0.8846316837598254,2,2,3,0.0,3 8 10
2320,12398,0.050000000000000044,0.4548354744911194,0.00034201157645189336,0.0006655090255662799,0.9485684057407515,6,6,7,0.0,4 8 9 3 7 5 10
2321,12401,0.050000000000000044,0.09346074610948563,0.00034666425199247897,0.0006077494472265244,0.916692987048952,2,2,3,0.0,3 8 10
2322,12406,0.050000000000000044,0.15988072752952576,0.00030991187086328866,0.0007985481061041355,0.9318051968615914,4,4,5,0.0,4 3 6 5 10
2323,12410,0.050000000000000044,0.1989022195339203,0.00032949913293123245,0.0006972261471673846,0.9356720983698592,3,3,4,0.0,4 3 5 10
2324,12419,0.050000000000000044,0.4446294903755188,0.000329600301079659,0.0008867850410751998,0.9108949523512163,9,9,10,0.0,1 7 6 4 5 2 8 9 3
2325,12427,0.050000000000000044,0.4445108473300934,0.0002928559624706395,0.0011028468143194914,0.9004312480902842,7,7,8,0.0,5 1 8 9 2 4 3 10
2326,12431,0.050000000000000044,0.09722921252250671,0.00028781704895664006,0.0004254916566424072,0.9465197260612257,3,3,4,0.0,3 8 4 10
2327,12436,0.050000000000000044,0.4810376465320587,0.0003186775953508914,0.0008860002271831036,0.9311305553376604,4,4,5,0.0,4 6 3 5 10
2328,12440,0.050000000000000044,0.22685596346855164,0.0002911538613261655,0.00036390128661878407,0.9670587569900415,3,3,4,0.0,4 3 5 10
2329,12443,0.050000000000000044,0.10449837893247604,0.0003287603612989187,0.0005452943732962012,0.9371222096376839,2,2,3,0.0,8 7 10
2330,12447,0.050000000000000044,0.2767753005027771,0.0003407402182347141,0.00023578456602990627,0.9599719557392895,3,3,4,0.0,3 5 4 10
2331,12451,0.050000000000000044,0.0943659320473671,0.00032894530158955604,0.0005458531668409705,0.9379870183898776,3,3,4,0.0,4 2 8 10
2332,12455,0.050000000000000044,0.28492799401283264,0.0003288397056167014,0.00031904428033158183,0.9544529469061408,3,3,4,0.0,5 4 3 10
2333,12463,0.050000000000000044,0.46183523535728455,0.00032056263262347784,0.0009033996029756963,0.9089565217743022,7,7,8,0.0,4 6 3 7 8 1 5 10
2334,12472,0.050000000000000044,0.37928977608680725,0.0003360967611014429,0.0009104710770770907,0.9083804065775786,9,9,10,0.0,5 1 8 9 2 3 4 6 7
2335,12476,0.050000000000000044,0.28492799401283264,0.0002896977457567118,0.00031904428033158183,0.9544529469061408,3,3,4,0.0,5 4 3 10
2336,12484,0.050000000000000044,0.5624510049819946,0.0003378478104423266,0.000485204451251775,0.9522103099562184,7,7,8,0.0,5 1 8 9 2 3 4 10
2337,12488,0.050000000000000044,0.12350565195083618,0.0002685152358026244,0.0004104148247279227,0.9593183607500884,3,3,4,0.0,4 3 5 10
2338,12492,0.050000000000000044,0.1989022195339203,0.0003604498051572591,0.0006972261471673846,0.9356720983698592,3,3,4,0.0,4 3 5 10
2339,12498,0.050000000000000044,0.5804235935211182,0.0002919099448869626,0.0004964687977917492,0.9505594743417928,5,5,6,0.0,4 3 7 5 8 10
2340,12502,0.050000000000000044,0.085133396089077,0.00040474677371094003,0.0008444669656455517,0.9045451429985933,3,3,4,0.0,5 4 3 10
2341,12506,0.050000000000000044,0.07045043259859085,0.00043607909901766106,0.0005223354091867805,0.925744119903137,3,3,4,0.0,3 5 8 10
2342,12510,0.050000000000000044,0.1892881989479065,0.0003922442701878026,0.0003878751886077225,0.9448756375189485,3,3,4,0.0,5 4 3 10
2343,12513,0.050000000000000044,0.11796269565820694,0.00042561998513216775,0.0006844833260402083,0.9263382747007465,2,2,3,0.0,3 5 10
2344,12522,0.050000000000000044,0.4446295201778412,0.00040287731745694246,0.0008867850410751998,0.9108949523512163,9,9,10,0.0,8 7 9 4 6 5 2 1 3
2345,12527,0.050000000000000044,0.2736387848854065,0.00035381893976591525,0.0006645540124736726,0.9357582198347405,4,4,5,0.0,8 3 4 5 10
2346,12535,0.050000000000000044,0.446091890335083,0.00037981797504471615,0.0010969156865030527,0.9010629394887886,7,7,8,0.0,8 9 5 4 6 3 1 10
2347,12540,0.050000000000000044,0.4824187755584717,0.00036107595078647135,0.0007825948996469378,0.940571178012172,4,4,5,0.0,3 4 7 5 10
2348,12544,0.050000000000000044,0.2990611493587494,0.00035404113441472873,0.0006749939639121294,0.9342031731723179,3,3,4,0.0,4 3 5 10
2349,12548,0.050000000000000044,0.2767753005027771,0.00036695207381853834,0.00023578456602990627,0.9599719557392895,3,3,4,0.0,3 4 5 10
2350,12552,0.050000000000000044,0.29324138164520264,0.00031651156677980907,0.0008895862265489995,0.9337466172386718,3,3,4,0.0,8 3 4 10
2351,12557,0.050000000000000044,0.15142317116260529,0.0003277323325164616,0.0011031581088900566,0.9004543494083227,4,4,5,0.0,4 7 3 5 10
2352,12561,0.050000000000000044,0.18726478517055511,0.0003386569951544516,0.0008420562953688204,0.9279354690406892,3,3,4,0.0,4 3 5 10
2353,12565,0.050000000000000044,0.20793238282203674,0.0003040399606106803,0.0004913120064884424,0.9460985286517886,3,3,4,0.0,5 4 3 10
2354,12568,0.050000000000000044,0.10015594959259033,0.00032015864659721654,0.0013697737595066428,0.9159745314954719,2,2,3,0.0,3 5 10
2355,12572,0.050000000000000044,0.5175549983978271,0.00034012083779089153,0.00039680927875451744,0.9629182144202176,3,3,4,0.0,5 3 4 10
2356,12576,0.050000000000000044,0.09710327535867691,0.00035809618566418067,0.0008842917159199715,0.9358234457609628,3,3,4,0.0,4 5 2 10
2357,12580,0.050000000000000044,0.1892882138490677,0.00032491311139892787,0.0003878751886077225,0.9448756375189485,3,3,4,0.0,4 3 5 10
2358,12584,0.050000000000000044,0.10950151085853577,0.0003293360859970562,0.0004470786079764366,0.9479181067696933,3,3,4,0.0,4 5 3 10
2359,12588,0.050000000000000044,0.21238617599010468,0.0003007734048878774,0.0011898600496351719,0.9272665474275913,3,3,4,0.0,5 4 3 10
2360,12592,0.050000000000000044,0.4725092351436615,0.0003400423374841921,0.000608788977842778,0.9322087477303501,3,3,4,0.0,5 3 4 10
2361,12600,0.050000000000000044,0.444180965423584,0.0003211557959730271,0.000715667731128633,0.9448793673274349,7,7,8,0.0,4 6 2 3 8 9 5 10
2362,12604,0.050000000000000044,0.24339476227760315,0.0003140165063086897,0.0011650301748886704,0.8867031143586219,3,3,4,0.0,3 4 5 10
2363,12608,0.050000000000000044,0.23378056287765503,0.00030914552189642563,0.0017929158639162779,0.8717285928523498,3,3,4,0.0,5 3 4 10
2364,12612,0.050000000000000044,0.10950151085853577,0.00026495075508137234,0.0004470786079764366,0.9479181067696933,3,3,4,0.0,4 5 3 10
2365,12617,0.050000000000000044,0.2832341492176056,0.00036783425020985304,0.0007426048978231847,0.9420240639435409,4,4,5,0.0,1 4 3 5 10
2366,12621,0.050000000000000044,0.21282950043678284,0.00036617829027818516,0.0008140195277519524,0.9398560478627752,3,3,4,0.0,4 5 3 10
2367,12625,0.050000000000000044,0.17178699374198914,0.00033299147617071867,0.0012108059599995613,0.8881999953837089,3,3,4,0.0,4 7 5 10
2368,12631,0.050000000000000044,0.5839030742645264,0.0002772784258316581,0.00048886175500229,0.9522849419170838,5,5,6,0.0,8 9 5 4 3 10
2369,12635,0.050000000000000044,0.108040951192379,0.00029963432461954653,0.0004871294368058443,0.9462413316709959,3,3,4,0.0,4 3 5 10
2370,12640,0.050000000000000044,0.048571787774562836,0.00035717134014703336,0.0008235207642428577,0.9067015312479169,4,4,5,0.0,5 6 4 3 10
2371,12644,0.050000000000000044,0.23378056287765503,0.0003560930708772503,0.0017929158639162779,0.8717285928523498,3,3,4,0.0,5 3 4 10
2372,12648,0.050000000000000044,0.17335917055606842,0.00025248818565160036,0.0009536605211906135,0.919602355052685,3,3,4,0.0,8 4 3 10
2373,12657,0.050000000000000044,0.4818466305732727,0.000325287171613632,0.0007713983068242669,0.9280170600387344,9,9,10,0.0,4 6 7 8 2 9 5 1 3
2374,12666,0.050000000000000044,0.4818466305732727,0.0003231630382490241,0.0007713983068242669,0.9280170600387344,9,9,10,0.0,4 6 7 8 9 5 2 1 3
2375,12671,0.050000000000000044,0.04869760572910309,0.0003037187096197158,0.000820850720629096,0.9066436832391975,4,4,5,0.0,4 3 9 5 10
2376,12679,0.050000000000000044,0.4146968722343445,0.00032967657534754835,0.0005573295638896525,0.9338840715250489,7,7,8,0.0,5 1 6 4 9 7 3 10
2377,12683,0.050000000000000044,0.08776979893445969,0.0003283868281869218,0.0006229288410395384,0.9321322016922954,3,3,4,0.0,3 5 2 10
2378,12688,0.050000000000000044,0.27356770634651184,0.0003495222714263946,0.0003503828775137663,0.9659577143621076,4,4,5,0.0,3 4 8 5 10
2379,12692,0.050000000000000044,0.23378056287765503,0.00023800335475243628,0.0017929158639162779,0.8717285928523498,3,3,4,0.0,3 4 5 10
2380,12696,0.050000000000000044,0.18338090181350708,0.0003125177536276169,0.0011306899832561612,0.9001813861546987,3,3,4,0.0,4 5 3 10
2381,12705,0.050000000000000044,0.40502312779426575,0.00027919190405454073,0.0009569015237502754,0.9247751360167789,9,9,10,0.0,6 4 7 8 5 2 9 1 3
2382,12710,0.050000000000000044,0.20922580361366272,0.00030771226156502964,0.0017679492011666298,0.8744249383472659,4,4,5,0.0,8 3 4 5 10
2383,12714,0.050000000000000044,0.29324138164520264,0.000316377634590026,0.0008895862265489995,0.9337466172386718,3,3,4,0.0,8 3 4 10
2384,12718,0.050000000000000044,0.21238619089126587,0.00027143069019075483,0.0011898600496351719,0.9272665474275913,3,3,4,0.0,3 5 4 10
2385,12722,0.050000000000000044,0.28492799401283264,0.0003162395296385512,0.00031904428033158183,0.9544529469061408,3,3,4,0.0,4 3 5 10
2386,12727,0.050000000000000044,0.25515463948249817,0.0002826754644047469,0.0007922337390482426,0.9093863053267266,4,4,5,0.0,9 4 3 5 10
2387,12733,0.050000000000000044,0.527350664138794,0.00029476202083363506,0.0012934511760249734,0.9180555387215155,5,5,6,0.0,4 5 8 9 3 10
2388,12737,0.050000000000000044,0.07760586589574814,0.0003155239173793234,0.0006504798075184226,0.9191824672356088,3,3,4,0.0,4 5 3 10
2389,12744,0.050000000000000044,0.5129201412200928,0.00028257946334114034,0.0006798646645620465,0.9365001916088048,6,6,7,0.0,7 2 4 6 8 9 10
2390,12748,0.050000000000000044,0.12350565195083618,0.00028885338542750105,0.0004104148247279227,0.9593183607500884,3,3,4,0.0,4 5 3 10
2391,12752,0.050000000000000044,0.1989022195339203,0.00043106245720991865,0.0006972261471673846,0.9356720983698592,3,3,4,0.0,4 3 5 10
2392,12760,0.050000000000000044,0.5074751377105713,0.0004884484987996984,0.0006130955880507827,0.9305472095252217,7,7,8,0.0,8 5 6 1 4 9 3 10
2393,12769,0.050000000000000044,0.3568345904350281,0.0004893236651292278,0.0009391813073307276,0.9221201227550416,8,8,9,0.0,5 7 4 6 9 2 1 3 10
2394,12777,0.050000000000000044,0.5090116858482361,0.0003666548764158506,0.0012723454274237156,0.9197843591112302,7,7,8,0.0,4 9 7 8 5 2 3 10
2395,12781,0.050000000000000044,0.4264526963233948,0.00043033133988501504,0.0010011573322117329,0.917074837773932,3,3,4,0.0,5 4 3 10
2396,12785,0.050000000000000044,0.12350565195083618,0.0003674651452456601,0.0004104148247279227,0.9593183607500884,3,3,4,0.0,4 5 3 10
2397,12789,0.050000000000000044,0.10950152575969696,0.00046598004701081663,0.0004470786079764366,0.9479181067696933,3,3,4,0.0,3 5 4 10
2398,12793,0.050000000000000044,0.18726478517055511,0.00033214985160157084,0.0008420562953688204,0.9279354690406892,3,3,4,0.0,4 5 3 10
2399,12799,0.050000000000000044,0.2211691439151764,0.0004288270235216866,0.0008314115693792701,0.9054227424486497,5,5,6,0.0,2 5 1 4 3 10
2400,12803,0.050000000000000044,0.10950151085853577,0.00036419650859897956,0.0004470786079764366,0.9479181067696933,3,3,4,0.0,4 5 3 10
2401,12811,0.050000000000000044,0.4241308569908142,0.0003461625037743943,0.001197366276755929,0.9275213584667082,7,7,8,0.0,3 6 4 8 1 9 5 10
2402,12815,0.050000000000000044,0.28492799401283264,0.00041643864824436605,0.00031904428033158183,0.9544529469061408,3,3,4,0.0,5 4 3 10
2403,12819,0.050000000000000044,0.1833808869123459,0.0003782434796448797,0.0011306899832561612,0.9001813861546987,3,3,4,0.0,4 3 5 10
2404,12826,0.050000000000000044,0.44660478830337524,0.0003760564057821674,0.001013437518849969,0.9053009934324714,6,6,7,0.0,4 6 1 2 5 9 10
2405,12835,0.050000000000000044,0.4446294903755188,0.0004508048004936427,0.0008867850410751998,0.9108949523512163,9,9,10,0.0,4 6 7 8 1 5 2 9 3
2406,12844,0.050000000000000044,0.42867758870124817,0.0003901734372549173,0.0010793664259836078,0.9030750394044676,9,9,10,0.0,5 8 7 1 9 2 4 6 3
2407,12848,0.050000000000000044,0.07760586589574814,0.00040555468876846135,0.0006504798075184226,0.9191824672356088,3,3,4,0.0,4 5 3 10
2408,12852,0.050000000000000044,0.1850685477256775,0.00035389231925364584,0.0006042480235919356,0.9317338100050916,3,3,4,0.0,8 3 4 10
2409,12861,0.050000000000000044,0.39456647634506226,0.0003401767527167168,0.001156308688223362,0.9284406856132071,9,9,10,0.0,7 6 5 4 2 8 9 1 3
2410,12870,0.050000000000000044,0.5126906633377075,0.00034171036289383966,0.0003397592809051275,0.9383693661864108,9,9,10,0.0,9 8 4 1 5 7 2 6 3
2411,12874,0.050000000000000044,0.3104132115840912,0.00038123141712276265,0.0007459187181666493,0.9416358080580742,3,3,4,0.0,5 4 3 10
2412,12878,0.050000000000000044,0.22685596346855164,0.00030753218379686587,0.00036390128661878407,0.9670587569900415,3,3,4,0.0,4 3 5 10
2413,12882,0.050000000000000044,0.28492799401283264,0.00038907805719645694,0.00031904428033158183,0.9544529469061408,3,3,4,0.0,5 4 3 10
2414,12886,0.050000000000000044,0.29324138164520264,0.0003246108099119738,0.0008895862265489995,0.9337466172386718,3,3,4,0.0,8 4 3 10
2415,12894,0.050000000000000044,0.43414419889450073,0.0003796129567490425,0.0009787597227841616,0.9221430935771797,7,7,8,0.0,3 6 4 1 2 7 5 10
2416,12898,0.050000000000000044,0.21238617599010468,0.0003896391535818111,0.0011898600496351719,0.9272665474275913,3,3,4,0.0,5 4 3 10
2417,12902,0.050000000000000044,0.3104132115840912,0.0003127791205770336,0.0007459187181666493,0.9416358080580742,3,3,4,0.0,5 4 3 10
2418,12906,0.050000000000000044,0.0836065337061882,0.00031291758932638913,0.0004993352340534329,0.9388204050227096,3,3,4,0.0,1 4 7 10
2419,12911,0.050000000000000044,0.47380977869033813,0.0002936639764811844,0.0009754732018336654,0.9010147334704359,4,4,5,0.0,4 5 8 3 10
2420,12919,0.050000000000000044,0.371351420879364,0.0003646920304163359,0.0009468531352467835,0.9211725542470193,7,7,8,0.0,5 2 1 3 6 4 9 10
2421,12928,0.050000000000000044,0.42867758870124817,0.00032614100685653585,0.0010793664259836078,0.9030750394044676,9,9,10,0.0,7 2 4 6 8 9 5 1 3
2422,12934,0.050000000000000044,0.2237938642501831,0.00032204938179347664,0.000233104161452502,0.9609101041974267,5,5,6,0.0,2 5 1 3 4 10
2423,12943,0.050000000000000044,0.48968079686164856,0.00030104559522846504,0.0012561776675283909,0.9210129848168664,9,9,10,0.0,4 6 1 7 8 2 9 5 3
2424,12948,0.050000000000000044,0.17530277371406555,0.00029376364836934953,0.0004849766264669597,0.946232221604244,4,4,5,0.0,4 5 2 3 10
2425,12957,0.050000000000000044,0.4818466603755951,0.00032549713149718527,0.0007713983068242669,0.9280170600387344,9,9,10,0.0,4 6 1 7 8 2 9 5 3
2426,12966,0.050000000000000044,0.4480500817298889,0.00032765977731388476,0.00034580283681862056,0.9660522542123137,8,8,9,0.0,2 4 9 8 5 7 1 3 10
2427,12970,0.050000000000000044,0.20793238282203674,0.0003152636272716336,0.0004913120064884424,0.9460985286517886,3,3,4,0.0,4 5 3 10
2428,12979,0.050000000000000044,0.5219144821166992,0.0003305040008854121,0.00034261622931808233,0.9375728052131628,8,8,9,0.0,2 5 1 4 9 3 6 8 10
2429,12983,0.050000000000000044,0.3104132115840912,0.0003246245614718646,0.0007459187181666493,0.9416358080580742,3,3,4,0.0,4 3 5 10
2430,12986,0.050000000000000044,0.3375820517539978,0.00034571375969486934,0.0012269353028386831,0.8684030768243368,2,2,3,0.0,4 5 10
2431,12990,0.050000000000000044,0.10950151085853577,0.00036157014255877584,0.0004470786079764366,0.9479181067696933,3,3,4,0.0,4 5 3 10
2432,12994,0.050000000000000044,0.10950823873281479,0.000314006487315055,0.0003611558931879699,0.9537193116407474,3,3,4,0.0,4 5 3 10
2433,12999,0.050000000000000044,0.27356770634651184,0.0003693685110192746,0.0003503828775137663,0.9659577143621076,4,4,5,0.0,3 5 8 4 10
2434,13004,0.050000000000000044,0.1560644954442978,0.0005028433981351555,0.0003867507621180266,0.9448141625746819,4,4,5,0.0,1 4 3 5 10
2435,13008,0.050000000000000044,0.21238617599010468,0.0004476636095205322,0.0011898600496351719,0.9272665474275913,3,3,4,0.0,5 4 3 10
2436,13016,0.050000000000000044,0.4641750752925873,0.0004887284121650737,0.00034611375303938985,0.9657995282327945,7,7,8,0.0,2 5 1 9 4 3 8 10
2437,13020,0.050000000000000044,0.06819874793291092,0.00045633353875018656,0.0007168389856815338,0.9208405800562409,3,3,4,0.0,4 6 3 10
2438,13029,0.050000000000000044,0.45113691687583923,0.00043049258723234135,0.0009024869650602341,0.9092221474286067,8,8,9,0.0,4 6 3 1 8 7 9 5 10
2439,13033,0.050000000000000044,0.0851333886384964,0.00037697569496231154,0.0008444669656455517,0.9045451429985933,3,3,4,0.0,4 5 3 10
2440,13035,0.050000000000000044,0.1656569391489029,0.0003615389869082719,0.0010881915222853422,0.9153951142917915,1,1,2,0.0,4 10
2441,13043,0.050000000000000044,0.4143882095813751,0.0003865187827614136,0.0005636164569295943,0.9341892426552231,7,7,8,0.0,2 5 1 8 3 9 4 10
2442,13049,0.050000000000000044,0.47029659152030945,0.00038846259606846917,0.0007875108858570457,0.943914777440917,5,5,6,0.0,4 6 1 3 5 10
2443,13053,0.050000000000000044,0.07760586589574814,0.0003903869292116724,0.0006504798075184226,0.9191824672356088,3,3,4,0.0,4 5 3 10
2444,13062,0.050000000000000044,0.3560076951980591,0.0003515028349486076,0.0009529025992378592,0.9225819800292694,8,8,9,0.0,2 5 1 8 3 7 6 4 10
2445,13065,0.050000000000000044,0.08768980950117111,0.00032792734176230926,0.001172045012935996,0.8709456620385757,2,2,3,0.0,3 5 10
2446,13074,0.050000000000000044,0.4818466305732727,0.00032138863429685845,0.0007713983068242669,0.9280170600387344,9,9,10,0.0,7 4 6 8 9 5 2 1 3
2447,13079,0.050000000000000044,0.048571787774562836,0.00033305950346402825,0.0008235207642428577,0.9067015312479169,4,4,5,0.0,5 6 4 3 10
2448,13083,0.050000000000000044,0.24339479207992554,0.00035547922016121447,0.0011650301748886704,0.8867031143586219,3,3,4,0.0,5 4 3 10
2449,13087,0.050000000000000044,0.11574307084083557,0.0003292733526905067,0.0006716125644743443,0.9484512512345092,3,3,4,0.0,4 5 3 10
2450,13091,0.050000000000000044,0.4725092351436615,0.00039145057962741703,0.000608788977842778,0.9322087477303501,3,3,4,0.0,5 4 3 10
2451,13095,0.050000000000000044,0.1892881989479065,0.00034854410478146747,0.0003878751886077225,0.9448756375189485,3,3,4,0.0,5 4 3 10
2452,13099,0.050000000000000044,0.10950823873281479,0.0004248446348356083,0.0003611558931879699,0.9537193116407474,3,3,4,0.0,5 4 3 10
2453,13103,0.050000000000000044,0.22685597836971283,0.0003394464511075057,0.00036390128661878407,0.9670587569900415,3,3,4,0.0,4 5 3 10
2454,13108,0.050000000000000044,0.283777117729187,0.0003302446508314461,0.0007375478744506836,0.9422391793036149,4,4,5,0.0,5 4 2 3 10
2455,13114,0.050000000000000044,0.14584669470787048,0.0003192438040665972,0.00046305308933369815,0.94836918423207,5,5,6,0.0,5 4 9 3 7 10
2456,13118,0.050000000000000044,0.0851333886384964,0.00034153326123487204,0.0008444669656455517,0.9045451429985933,3,3,4,0.0,4 5 3 10
2457,13122,0.050000000000000044,0.10950823873281479,0.0004118712531635538,0.0003611558931879699,0.9537193116407474,3,3,4,0.0,4 5 3 10
2458,13126,0.050000000000000044,0.0851333886384964,0.0003975320505560376,0.0008444669656455517,0.9045451429985933,3,3,4,0.0,4 5 3 10
2459,13130,0.050000000000000044,0.12350565195083618,0.0002735068992478773,0.0004104148247279227,0.9593183607500884,3,3,4,0.0,4 5 3 10
2460,13134,0.050000000000000044,0.085133396089077,0.00038481296360259876,0.0008444669656455517,0.9045451429985933,3,3,4,0.0,5 4 3 10
2461,13138,0.050000000000000044,0.10950823873281479,0.00031725390726933256,0.0003611558931879699,0.9537193116407474,3,3,4,0.0,4 5 3 10
2462,13142,0.050000000000000044,0.2767753005027771,0.00032818355975905433,0.00023578456602990627,0.9599719557392895,3,3,4,0.0,3 5 4 10
2463,13146,0.050000000000000044,0.28492799401283264,0.00039281713543459773,0.00031904428033158183,0.9544529469061408,3,3,4,0.0,5 4 3 10
2464,13150,0.050000000000000044,0.29809650778770447,0.0003097456537943799,0.00036596995778381824,0.9654395427027724,3,3,4,0.0,5 4 3 10
2465,13154,0.050000000000000044,0.2990611493587494,0.0003345148725202307,0.0006749939639121294,0.9342031731723179,3,3,4,0.0,4 3 5 10
2466,13159,0.050000000000000044,0.25515463948249817,0.00039340285584330557,0.0007922337390482426,0.9093863053267266,4,4,5,0.0,9 4 3 5 10
2467,13168,0.050000000000000044,0.5456785559654236,0.0003457755503606879,0.00046588623081333935,0.9532000959344766,9,9,10,0.0,5 1 6 2 3 8 9 7 4
2468,13176,0.050000000000000044,0.45472633838653564,0.0003715558850672096,0.0009282922837883234,0.9065243865980122,7,7,8,0.0,7 5 1 3 8 9 4 10
2469,13182,0.050000000000000044,0.45943981409072876,0.00034270022782341886,0.0007157496293075383,0.943914234496467,5,5,6,0.0,4 6 1 5 3 10
2470,13186,0.050000000000000044,0.10950823873281479,0.00034850787051254883,0.0003611558931879699,0.9537193116407474,3,3,4,0.0,4 5 3 10
2471,13193,0.050000000000000044,0.45871078968048096,0.0002959985410728093,0.0007437109015882015,0.944963339640893,6,6,7,0.0,4 6 1 5 3 9 10
2472,13201,0.050000000000000044,0.5051717758178711,0.0003365728880453389,0.0006181485950946808,0.9294261764934315,7,7,8,0.0,5 1 2 8 3 9 4 10
2473,13205,0.050000000000000044,0.21238617599010468,0.0002920922270277515,0.0011898600496351719,0.9272665474275913,3,3,4,0.0,5 4 3 10
2474,13209,0.050000000000000044,0.3104132115840912,0.00029364542569965124,0.0007459187181666493,0.9416358080580742,3,3,4,0.0,5 4 3 10
2475,13213,0.050000000000000044,0.29809650778770447,0.00027066525944974273,0.00036596995778381824,0.9654395427027724,3,3,4,0.0,3 5 4 10
2476,13218,0.050000000000000044,0.1668257713317871,0.000304928538389504,0.0006886467454023659,0.9364799934037376,4,4,5,0.0,5 2 4 3 10
2477,13222,0.050000000000000044,0.1989022195339203,0.0003029816652997397,0.0006972261471673846,0.9356720983698592,3,3,4,0.0,5 4 3 10
2478,13226,0.050000000000000044,0.1892881989479065,0.0003441106528043747,0.0003878751886077225,0.9448756375189485,3,3,4,0.0,5 4 3 10
2479,13230,0.050000000000000044,0.3104131817817688,0.00031189135916065425,0.0007459187181666493,0.9416358080580742,3,3,4,0.0,5 3 4 10
2480,13234,0.050000000000000044,0.2764498293399811,0.0002946487657027319,0.0008365531102754176,0.9055910599766815,3,3,4,0.0,5 4 3 10
2481,13238,0.050000000000000044,0.07760586589574814,0.00026932425680570304,0.0006504798075184226,0.9191824672356088,3,3,4,0.0,4 5 3 10
2482,13242,0.050000000000000044,0.22685597836971283,0.0002888200106099248,0.00036390128661878407,0.9670587569900415,3,3,4,0.0,4 5 3 10
2483,13248,0.050000000000000044,0.4409491717815399,0.00035246501890166354,0.001307420083321631,0.9191157308974116,5,5,6,0.0,3 5 1 2 4 10
2484,13252,0.050000000000000044,0.108040951192379,0.0004182106567895971,0.0004871294368058443,0.9462413316709959,3,3,4,0.0,3 5 4 10
2485,13257,0.050000000000000044,0.17892195284366608,0.00040959132602438333,0.0004640428815037012,0.9481763219046678,4,4,5,0.0,4 3 9 5 10
2486,13261,0.050000000000000044,0.22685596346855164,0.0004806474025826901,0.00036390128661878407,0.9670587569900415,3,3,4,0.0,4 3 5 10
2487,13269,0.050000000000000044,0.41341477632522583,0.0004499428869166877,0.0005502243875525892,0.9324635983390488,7,7,8,0.0,2 5 1 6 3 9 4 10
2488,13273,0.050000000000000044,0.17178700864315033,0.000477845489513129,0.0012108059599995613,0.8881999953837089,3,3,4,0.0,7 5 4 10
2489,13277,0.050000000000000044,0.10560297966003418,0.0004433092617546208,0.0003561797784641385,0.958056779700142,3,3,4,0.0,5 4 3 10
2490,13281,0.050000000000000044,0.09014768898487091,0.00046666146954521537,0.0005903443670831621,0.9320858756210942,3,3,4,0.0,9 4 5 10
2491,13285,0.050000000000000044,0.2764498293399811,0.00047295544209191576,0.0008365531102754176,0.9055910599766815,3,3,4,0.0,5 4 3 10
2492,13294,0.050000000000000044,0.5456785559654236,0.00045030487429661054,0.00046588623081333935,0.9532000959344766,9,9,10,0.0,6 2 5 8 1 3 9 7 4
2493,13298,0.050000000000000044,0.2990611493587494,0.00041773559496505186,0.0006749939639121294,0.9342031731723179,3,3,4,0.0,5 3 4 10
2494,13302,0.050000000000000044,0.2990611493587494,0.0003410137942410074,0.0006749939639121294,0.9342031731723179,3,3,4,0.0,5 3 4 10
2495,13306,0.050000000000000044,0.17757384479045868,0.000468528778583277,0.0008497813250869513,0.9226011532878196,3,3,4,0.0,5 7 4 10
2496,13313,0.050000000000000044,0.44640111923217773,0.0003842450553617839,0.0011396934278309345,0.8971679769146315,6,6,7,0.0,5 1 6 3 4 7 10
2497,13317,0.050000000000000044,0.10950151085853577,0.00038977234362391755,0.0004470786079764366,0.9479181067696933,3,3,4,0.0,4 5 3 10
2498,13326,0.050000000000000044,0.4899129569530487,0.00042658422090527084,0.0006008654017932713,0.9323195703460544,9,9,10,0.0,6 2 5 1 8 3 9 7 4
2499,13330,0.050000000000000044,0.1892881989479065,0.0004050991192343645,0.0003878751886077225,0.9448756375189485,3,3,4,0.0,5 4 3 10
2500,13339,0.050000000000000044,0.43484368920326233,0.00038496578215724893,0.0011012931354343891,0.9017294964063182,8,8,9,0.0,2 8 3 9 6 7 5 4 10
2501,13343,0.050000000000000044,0.10950151085853577,0.0003928983205696568,0.0004470786079764366,0.9479181067696933,3,3,4,0.0,4 5 3 10
2502,13347,0.050000000000000044,0.12350565195083618,0.0003725612041307613,0.0004104148247279227,0.9593183607500884,3,3,4,0.0,4 5 3 10
2503,13352,0.050000000000000044,0.2871164381504059,0.00038715897826477883,0.0007144291885197163,0.9440950080132229,4,4,5,0.0,6 4 5 3 10
2504,13358,0.050000000000000044,0.4461645781993866,0.00035867266221127164,0.0005746555398218334,0.9340556871088379,5,5,6,0.0,2 6 3 5 4 10
2505,13363,0.050000000000000044,0.249868243932724,0.0003798755642492324,0.00023457463248632848,0.9602524111319807,4,4,5,0.0,3 2 5 4 10
2506,13367,0.050000000000000044,0.2990611493587494,0.00039826412103138864,0.0006749939639121294,0.9342031731723179,3,3,4,0.0,5 3 4 10
2507,13376,0.050000000000000044,0.48184657096862793,0.0003789801266975701,0.0007713983068242669,0.9280170600387344,9,9,10,0.0,4 5 6 1 7 9 8 2 3
2508,13380,0.050000000000000044,0.1892881989479065,0.0003408523043617606,0.0003878751886077225,0.9448756375189485,3,3,4,0.0,5 4 3 10
2509,13384,0.050000000000000044,0.18726478517055511,0.00040588455158285797,0.0008420562953688204,0.9279354690406892,3,3,4,0.0,5 4 3 10
2510,13388,0.050000000000000044,0.1989022195339203,0.00038403117650887,0.0006972261471673846,0.9356720983698592,3,3,4,0.0,5 4 3 10
2511,13395,0.050000000000000044,0.39481067657470703,0.0003830607124005577,0.0009619564516469836,0.903527435531018,6,6,7,0.0,6 2 3 4 7 5 10
2512,13398,0.050000000000000044,0.1156189814209938,0.0003929060185328126,0.0005255595315247774,0.9336438208782999,2,2,3,0.0,4 3 10
2513,13402,0.050000000000000044,0.2764498293399811,0.00040257155342260376,0.0008365531102754176,0.9055910599766815,3,3,4,0.0,5 4 3 10
2514,13406,0.050000000000000044,0.2767753005027771,0.0003896282069035806,0.00023578456602990627,0.9599719557392895,3,3,4,0.0,3 5 4 10
2515,13414,0.050000000000000044,0.44465211033821106,0.0004044325978611596,0.0011051547480747104,0.9010175388930952,7,7,8,0.0,2 8 3 9 7 5 4 10
2516,13419,0.050000000000000044,0.18240182101726532,0.00028970467101316897,0.0007912245346233249,0.9421663034295356,4,4,5,0.0,4 6 3 5 10
2517,13422,0.050000000000000044,0.11796268820762634,0.00032239546029207605,0.0006844833260402083,0.9263382747007465,2,2,3,0.0,5 3 10
2518,13426,0.050000000000000044,0.12350565195083618,0.00035940886300522834,0.0004104148247279227,0.9593183607500884,3,3,4,0.0,4 5 3 10
2519,13435,0.050000000000000044,0.48184657096862793,0.00041271822798686725,0.0007713983068242669,0.9280170600387344,9,9,10,0.0,5 2 6 8 9 1 7 4 3
2520,13444,0.050000000000000044,0.48968085646629333,0.00035977850913897983,0.0012561776675283909,0.9210129848168664,9,9,10,0.0,5 6 2 8 4 7 9 1 3
2521,13452,0.050000000000000044,0.4617225229740143,0.00031494761060457677,0.0003550348337739706,0.96523404087734,7,7,8,0.0,2 5 1 9 4 7 3 10
2522,13456,0.050000000000000044,0.24339479207992554,0.00036495988751994446,0.0011650301748886704,0.8867031143586219,3,3,4,0.0,5 3 4 10
2523,13465,0.050000000000000044,0.5126906633377075,0.0003407374638805373,0.0003397592809051275,0.9383693661864108,9,9,10,0.0,2 5 6 9 4 7 8 1 3
2524,13473,0.050000000000000044,0.5283328890800476,0.0003573364192561712,0.0003510063688736409,0.9359909681233441,7,7,8,0.0,2 8 3 9 7 5 4 10
2525,13477,0.050000000000000044,0.23378056287765503,0.00036395559436641634,0.0017929158639162779,0.8717285928523498,3,3,4,0.0,5 3 4 10
2526,13482,0.050000000000000044,0.2832341492176056,0.0003742810746189207,0.0007426048978231847,0.9420240639435409,4,4,5,0.0,1 5 4 3 10
2527,13491,0.050000000000000044,0.444629430770874,0.00032683348399586976,0.0008867850410751998,0.9108949523512163,9,9,10,0.0,8 6 1 9 7 5 2 4 3
2528,13496,0.050000000000000044,0.48634472489356995,0.0003674621693789959,0.000796152395196259,0.9439676916060635,4,4,5,0.0,4 5 6 3 10
2529,13500,0.050000000000000044,0.2764498293399811,0.00034059371682815254,0.0008365531102754176,0.9055910599766815,3,3,4,0.0,5 3 4 10
2530,13503,0.050000000000000044,0.11796269565820694,0.0005297856114339083,0.0006844833260402083,0.9263382747007465,2,2,3,0.0,3 5 10
2531,13507,0.050000000000000044,0.29809650778770447,0.0005008726875530556,0.00036596995778381824,0.9654395427027724,3,3,4,0.0,5 3 4 10
2532,13511,0.050000000000000044,0.24339479207992554,0.0005086074233986437,0.0011650301748886704,0.8867031143586219,3,3,4,0.0,5 3 4 10
2533,13520,0.050000000000000044,0.379289835691452,0.000420521369152185,0.0009104710770770907,0.9083804065775786,9,9,10,0.0,6 2 4 7 5 9 8 1 3
2534,13529,0.050000000000000044,0.4899129271507263,0.0004381592217315402,0.0006008654017932713,0.9323195703460544,9,9,10,0.0,5 8 6 9 2 1 7 4 3
2535,13533,0.050000000000000044,0.24339479207992554,0.00035554364148993045,0.0011650301748886704,0.8867031143586219,3,3,4,0.0,5 4 3 10
2536,13536,0.050000000000000044,0.11651229858398438,0.0003943266929127276,0.0007187516894191504,0.9275227136883384,2,2,3,0.0,3 5 10
2537,13540,0.050000000000000044,0.20793236792087555,0.0003748939489014447,0.0004913120064884424,0.9460985286517886,3,3,4,0.0,4 3 5 10
2538,13544,0.050000000000000044,0.28492799401283264,0.00030850404436932877,0.00031904428033158183,0.9544529469061408,3,3,4,0.0,5 4 3 10
2539,13548,0.050000000000000044,0.3104131817817688,0.0003626653560786508,0.0007459187181666493,0.9416358080580742,3,3,4,0.0,5 3 4 10
2540,13557,0.050000000000000044,0.4446294605731964,0.0003510641302758207,0.0008867850410751998,0.9108949523512163,9,9,10,0.0,5 6 1 8 7 9 2 4 3
2541,13561,0.050000000000000044,0.28492799401283264,0.00036906458262819797,0.00031904428033158183,0.9544529469061408,3,3,4,0.0,4 5 3 10
2542,13568,0.050000000000000044,0.4366695284843445,0.00034021784917318394,0.0012184832012280822,0.9250198743448955,6,6,7,0.0,4 1 6 3 8 5 10
2543,13572,0.050000000000000044,0.1892881989479065,0.000385064457077533,0.0003878751886077225,0.9448756375189485,3,3,4,0.0,5 4 3 10
2544,13576,0.050000000000000044,0.48632514476776123,0.0003137314924970269,0.0007457327446900308,0.9416614441681702,3,3,4,0.0,4 5 3 10
2545,13581,0.050000000000000044,0.46034061908721924,0.0003557030751835555,0.0012866274919360876,0.9203374585004991,4,4,5,0.0,4 5 8 3 10
2546,13590,0.050000000000000044,0.42867758870124817,0.00034454705180703767,0.0010793664259836078,0.9030750394044676,9,9,10,0.0,5 8 6 7 9 2 1 4 3
2547,13594,0.050000000000000044,0.28492799401283264,0.0002876177823054604,0.00031904428033158183,0.9544529469061408,3,3,4,0.0,5 4 3 10
2548,13602,0.050000000000000044,0.38924142718315125,0.0003044890981982462,0.0009454594110138714,0.9049143438957251,7,7,8,0.0,6 2 3 4 7 5 9 10
2549,13606,0.050000000000000044,0.23378056287765503,0.00034146528923884034,0.0017929158639162779,0.8717285928523498,3,3,4,0.0,5 4 3 10
2550,13613,0.050000000000000044,0.4442027807235718,0.0003876311945662435,0.0010239199036732316,0.9188303098029387,6,6,7,0.0,6 4 1 3 2 5 10
2551,13621,0.050000000000000044,0.43862226605415344,0.00032262553213513456,0.0006584106013178825,0.9483515344356385,7,7,8,0.0,4 6 1 3 8 9 5 10
2552,13626,0.050000000000000044,0.4077455699443817,0.00030231317214202136,0.0007969530415721238,0.9157151397756178,4,4,5,0.0,5 3 7 8 10
2553,13631,0.050000000000000044,0.3257593512535095,0.0003176664060447365,0.0008503631688654423,0.8805249193672192,4,4,5,0.0,5 8 1 6 10
2554,13635,0.050000000000000044,0.28492799401283264,0.00034043437699438073,0.00031904428033158183,0.9544529469061408,3,3,4,0.0,4 3 5 10
2555,13639,0.050000000000000044,0.29809650778770447,0.00027173547277925536,0.00036596995778381824,0.9654395427027724,3,3,4,0.0,3 5 4 10
2556,13647,0.050000000000000044,0.4282015562057495,0.0003271052919444628,0.001038925489410758,0.9206324013461681,7,7,8,0.0,1 3 2 8 9 4 5 10
2557,13655,0.050000000000000044,0.5090116858482361,0.0003343444950587582,0.0012723454274237156,0.9197843591112302,7,7,8,0.0,3 2 9 4 7 5 8 10
2558,13663,0.050000000000000044,0.44185909628868103,0.0003078038935200311,0.000741609139367938,0.944723462945074,7,7,8,0.0,4 6 1 3 2 8 5 10
2559,13672,0.050000000000000044,0.43493908643722534,0.00029409630870860483,0.0010968622518703341,0.9010071717246959,8,8,9,0.0,5 8 7 9 6 1 4 3 10
2560,13676,0.050000000000000044,0.24339479207992554,0.00030945131584303454,0.0011650301748886704,0.8867031143586219,3,3,4,0.0,3 5 4 10
2561,13681,0.050000000000000044,0.16048283874988556,0.0002876583661418408,0.0003713379555847496,0.947024543967882,4,4,5,0.0,9 4 3 5 10
2562,13690,0.050000000000000044,0.42039692401885986,0.0003263048969933556,0.0008476452203467488,0.9336198897463105,8,8,9,0.0,1 6 3 8 9 4 2 5 10
2563,13694,0.050000000000000044,0.1833808869123459,0.0002551537108956836,0.0011306899832561612,0.9001813861546987,3,3,4,0.0,3 5 4 10
2564,13698,0.050000000000000044,0.21238619089126587,0.0002948983274109196,0.0011898600496351719,0.9272665474275913,3,3,4,0.0,3 5 4 10
2565,13702,0.050000000000000044,0.0851333886384964,0.00032320391619578004,0.0008444669656455517,0.9045451429985933,3,3,4,0.0,4 5 3 10
2566,13706,0.050000000000000044,0.1892881989479065,0.0002930974405899178,0.0003878751886077225,0.9448756375189485,3,3,4,0.0,5 4 3 10
2567,13710,0.050000000000000044,0.10950151085853577,0.00027766302446252666,0.0004470786079764366,0.9479181067696933,3,3,4,0.0,4 5 3 10
2568,13717,0.050000000000000044,0.46504393219947815,0.000328450309877683,0.0009287495049647987,0.9057109244300693,6,6,7,0.0,6 4 1 3 8 5 10
2569,13724,0.050000000000000044,0.5104483366012573,0.0002647664722254766,0.0013370926026254892,0.9170532236484795,6,6,7,0.0,4 6 1 3 8 5 10
2570,13733,0.050000000000000044,0.49633997678756714,0.0002781199097322921,0.0006134753348305821,0.9306162230218633,8,8,9,0.0,2 5 1 8 3 7 9 4 10
2571,13738,0.050000000000000044,0.3067379891872406,0.0003053721331525594,0.0012628540862351656,0.8688793141975131,4,4,5,0.0,2 8 5 1 10
2572,13747,0.050000000000000044,0.48968085646629333,0.00030642385051275295,0.0012561776675283909,0.9210129848168664,9,9,10,0.0,4 6 1 5 2 8 7 9 3
2573,13756,0.050000000000000044,0.48968082666397095,0.0004220653855655756,0.0012561776675283909,0.9210129848168664,9,9,10,0.0,1 5 6 8 7 9 2 4 3
2574,13765,0.050000000000000044,0.4217497706413269,0.00045076021989290085,0.0008423286490142345,0.9344141621510282,8,8,9,0.0,1 6 3 8 7 9 4 5 10
2575,13769,0.050000000000000044,0.3104132115840912,0.0004042389409733005,0.0007459187181666493,0.9416358080580742,3,3,4,0.0,4 3 5 10
2576,13775,0.050000000000000044,0.4694957733154297,0.00039719577277234447,0.0008533830405212939,0.933247760992484,5,5,6,0.0,6 7 4 3 5 10
2577,13784,0.050000000000000044,0.5456785559654236,0.00043696687013531726,0.00046588623081333935,0.9532000959344766,9,9,10,0.0,6 2 9 8 1 5 7 3 4
2578,13788,0.050000000000000044,0.21238619089126587,0.0004050091447425075,0.0011898600496351719,0.9272665474275913,3,3,4,0.0,3 5 4 10
2579,13793,0.050000000000000044,0.2486698031425476,0.000381713971728459,0.0008334614103659987,0.9052761701443958,4,4,5,0.0,2 3 5 4 10
2580,13797,0.050000000000000044,0.21238619089126587,0.00040519319736631587,0.0011898600496351719,0.9272665474275913,3,3,4,0.0,3 5 4 10
2581,13801,0.050000000000000044,0.12350565195083618,0.0003178942497470416,0.0004104148247279227,0.9593183607500884,3,3,4,0.0,4 3 5 10
2582,13805,0.050000000000000044,0.11574307084083557,0.0004318044084357098,0.0006716125644743443,0.9484512512345092,3,3,4,0.0,4 3 5 10
2583,13809,0.050000000000000044,0.24339479207992554,0.0003271272435085848,0.0011650301748886704,0.8867031143586219,3,3,4,0.0,5 3 4 10
2584,13813,0.050000000000000044,0.1989022195339203,0.0003607554317568429,0.0006972261471673846,0.9356720983698592,3,3,4,0.0,4 3 5 10
2585,13820,0.050000000000000044,0.3859424293041229,0.00032398042302312594,0.0009648202685639262,0.9210678389501912,6,6,7,0.0,9 6 7 5 4 3 10
2586,13826,0.050000000000000044,0.24815532565116882,0.00033780264978607494,0.0003360679547768086,0.9661060972548977,5,5,6,0.0,2 9 4 3 5 10
2587,13830,0.050000000000000044,0.21238619089126587,0.0003529749228619039,0.0011898600496351719,0.9272665474275913,3,3,4,0.0,5 3 4 10
2588,13833,0.050000000000000044,0.11926677823066711,0.00027097977969485026,0.0006260458612814546,0.9276475031349661,2,2,3,0.0,2 8 10
2589,13841,0.050000000000000044,0.414874404668808,0.00035751885661738925,0.0005584293976426125,0.9340901452512009,7,7,8,0.0,9 6 2 8 4 5 3 10
2590,13845,0.050000000000000044,0.22685596346855164,0.0003296059148851782,0.00036390128661878407,0.9670587569900415,3,3,4,0.0,4 3 5 10
2591,13854,0.050000000000000044,0.4492681622505188,0.00032669104338209663,0.0003471437667030841,0.9667776637620932,8,8,9,0.0,9 6 2 7 8 5 4 3 10
2592,13859,0.050000000000000044,0.4753968119621277,0.00036340565420687196,0.0007237818208523095,0.9440221804926143,4,4,5,0.0,4 6 3 5 10
2593,13862,0.050000000000000044,0.09007231146097183,0.0002939547994174063,0.001167328329756856,0.8750507655807114,2,2,3,0.0,7 8 10
2594,13868,0.050000000000000044,0.47029659152030945,0.00032195971774247784,0.0007875108858570457,0.943914777440917,5,5,6,0.0,4 6 1 5 3 10
2595,13873,0.050000000000000044,0.2645028829574585,0.0003049241320695728,0.0003006814804393798,0.9569242395345436,4,4,5,0.0,9 4 3 5 10
2596,13882,0.050000000000000044,0.43493911623954773,0.00032398612367817096,0.0010968622518703341,0.9010071717246959,8,8,9,0.0,6 5 1 4 7 8 9 3 10
2597,13891,0.050000000000000044,0.43444839119911194,0.0002867927202411617,0.0011001278180629015,0.9010770874237476,8,8,9,0.0,9 8 7 5 2 4 1 3 10
2598,13896,0.050000000000000044,0.04891399294137955,0.0003126094350591302,0.0004460143973119557,0.9376226108472497,4,4,5,0.0,8 4 2 5 10
2599,13904,0.050000000000000044,0.4645358622074127,0.00031781522193341516,0.00034877241705544293,0.9661886008206078,7,7,8,0.0,9 2 8 4 7 5 3 10
2600,13909,0.050000000000000044,0.17892195284366608,0.00033702291548252104,0.0004640428815037012,0.9481763219046678,4,4,5,0.0,9 4 3 5 10
2601,13918,0.050000000000000044,0.4899129271507263,0.00036621538068478304,0.0006008654017932713,0.9323195703460544,9,9,10,0.0,9 6 2 8 1 5 7 4 3
2602,13923,0.050000000000000044,0.4753968119621277,0.0003690323035698384,0.0007237818208523095,0.9440221804926143,4,4,5,0.0,4 6 3 5 10
2603,13929,0.050000000000000044,0.4825441539287567,0.0003590662478624533,0.00048549080383963883,0.9170613512839773,5,5,6,0.0,6 2 5 1 3 10
2604,13933,0.050000000000000044,0.11574307084083557,0.0003240756850573234,0.0006716125644743443,0.9484512512345092,3,3,4,0.0,4 3 5 10
2605,13937,0.050000000000000044,0.10560298711061478,0.000336556215188466,0.0003561797784641385,0.958056779700142,3,3,4,0.0,3 5 4 10
2606,13941,0.050000000000000044,0.20793236792087555,0.0003172993892803788,0.0004913120064884424,0.9460985286517886,3,3,4,0.0,4 3 5 10
2607,13944,0.050000000000000044,0.09007231146097183,0.00025884400626334053,0.001167328329756856,0.8750507655807114,2,2,3,0.0,7 8 10
2608,13949,0.050000000000000044,0.21962693333625793,0.0003662872302811593,0.0011279303580522537,0.8883410995199337,4,4,5,0.0,9 4 3 5 10
2609,13957,0.050000000000000044,0.4429183304309845,0.00028728127290378325,0.0011157135013490915,0.9010817981042704,7,7,8,0.0,2 6 4 3 7 5 8 10
2610,13960,0.050000000000000044,0.0747266337275505,0.00030502011456216377,0.0009134599822573364,0.8880026695029489,2,2,3,0.0,2 8 10
2611,13966,0.050000000000000044,0.44094914197921753,0.000342636873635153,0.001307420083321631,0.9191157308974116,5,5,6,0.0,1 2 5 3 4 10
2612,13969,0.050000000000000044,0.10047424584627151,0.00022441481511729458,0.00139409932307899,0.9178067911305552,2,2,3,0.0,7 8 10
2613,13974,0.050000000000000044,0.15630514919757843,0.0003095334570389241,0.00038530267192982137,0.9448391498552633,4,4,5,0.0,3 2 5 4 10
2614,13978,0.050000000000000044,0.28492799401283264,0.00030362431425601244,0.00031904428033158183,0.9544529469061408,3,3,4,0.0,4 3 5 10
2615,13987,0.050000000000000044,0.48968082666397095,0.00031383951298064657,0.0012561776675283909,0.9210129848168664,9,9,10,0.0,7 2 4 9 5 8 1 6 3
2616,13993,0.050000000000000044,0.24215902388095856,0.000314271909398182,0.00028450143872760236,0.9584184853309117,5,5,6,0.0,9 8 5 3 4 10
2617,13996,0.050000000000000044,0.10975062102079391,0.0002357196450854341,0.0005318587645888329,0.9411291696937416,2,2,3,0.0,1 7 10
2618,14005,0.050000000000000044,0.4899129271507263,0.0004554218192222632,0.0006008654017932713,0.9323195703460544,9,9,10,0.0,9 6 2 1 8 4 7 5 3
2619,14009,0.050000000000000044,0.3104131817817688,0.0005156757251825184,0.0007459187181666493,0.9416358080580742,3,3,4,0.0,3 5 4 10
2620,14015,0.050000000000000044,0.5209770798683167,0.0005597022585182762,0.0013251153286546469,0.9148324716672319,5,5,6,0.0,3 4 5 9 2 10
2621,14019,0.050000000000000044,0.10950823128223419,0.00044200273259775713,0.0003611558931879699,0.9537193116407474,3,3,4,0.0,5 3 4 10
2622,14023,0.050000000000000044,0.4908347427845001,0.0004263741211616434,0.0009209985146299005,0.9276692834057082,3,3,4,0.0,4 5 3 10
2623,14026,0.050000000000000044,0.0747266337275505,0.00044404121581465006,0.0009134599822573364,0.8880026695029489,2,2,3,0.0,2 8 10
2624,14031,0.050000000000000044,0.5027942657470703,0.0004625256289727986,0.0003905950579792261,0.9634129891657092,4,4,5,0.0,5 3 7 4 10
2625,14039,0.050000000000000044,0.4562734067440033,0.0003776974954234902,0.0009239205392077565,0.9072977651916134,7,7,8,0.0,8 9 6 3 4 7 5 10
2626,14047,0.050000000000000044,0.5644559860229492,0.00033587374127819203,0.00047985248966142535,0.9529805467613529,7,7,8,0.0,6 8 4 9 7 5 3 10
2627,14054,0.050000000000000044,0.4507136344909668,0.00038807153136336377,0.0009866103064268827,0.9226340505867027,6,6,7,0.0,1 7 3 5 6 4 10
2628,14059,0.050000000000000044,0.18143923580646515,0.0003777842735871673,0.0011598051059991121,0.9293632187153015,4,4,5,0.0,5 7 3 4 10
2629,14063,0.050000000000000044,0.2767753005027771,0.0003813755392911844,0.00023578456602990627,0.9599719557392895,3,3,4,0.0,3 5 4 10
2630,14067,0.050000000000000044,0.07760586589574814,0.0004016940511064604,0.0006504798075184226,0.9191824672356088,3,3,4,0.0,4 3 5 10
2631,14071,0.050000000000000044,0.1833808869123459,0.0003975760264438577,0.0011306899832561612,0.9001813861546987,3,3,4,0.0,5 4 3 10
2632,14075,0.050000000000000044,0.1989022195339203,0.0003432631056057289,0.0006972261471673846,0.9356720983698592,3,3,4,0.0,4 3 5 10
2633,14079,0.050000000000000044,0.22685596346855164,0.0003635766697698273,0.00036390128661878407,0.9670587569900415,3,3,4,0.0,4 3 5 10
2634,14083,0.050000000000000044,0.085133396089077,0.00035589723847806454,0.0008444669656455517,0.9045451429985933,3,3,4,0.0,5 4 3 10
2635,14089,0.050000000000000044,0.46131056547164917,0.00037305248649014783,0.000713591929525137,0.9450598069235204,5,5,6,0.0,4 5 6 2 3 10
2636,14093,0.050000000000000044,0.12350565195083618,0.0003459625586401671,0.0004104148247279227,0.9593183607500884,3,3,4,0.0,4 3 5 10
2637,14102,0.050000000000000044,0.4446294903755188,0.00028270700002192624,0.0008867850410751998,0.9108949523512163,9,9,10,0.0,4 7 8 9 5 6 2 1 3
2638,14106,0.050000000000000044,0.22685597836971283,0.0003095970896538347,0.00036390128661878407,0.9670587569900415,3,3,4,0.0,4 5 3 10
2639,14111,0.050000000000000044,0.21612530946731567,0.000299056590301916,0.0011619356228038669,0.8870668646555027,4,4,5,0.0,5 3 1 4 10
2640,14115,0.050000000000000044,0.2990611493587494,0.0003725223650690168,0.0006749939639121294,0.9342031731723179,3,3,4,0.0,4 3 5 10
2641,14119,0.050000000000000044,0.108040951192379,0.000320087176078232,0.0004871294368058443,0.9462413316709959,3,3,4,0.0,4 3 5 10
2642,14125,0.050000000000000044,0.4651728570461273,0.0003026604244951159,0.0008708955720067024,0.9307472451316474,5,5,6,0.0,4 1 3 6 5 10
2643,14129,0.050000000000000044,0.48632514476776123,0.0003527282751747407,0.0007457327446900308,0.9416614441681702,3,3,4,0.0,4 5 3 10
2644,14133,0.050000000000000044,0.2767753005027771,0.000371122318028938,0.00023578456602990627,0.9599719557392895,3,3,4,0.0,3 5 4 10
2645,14137,0.050000000000000044,0.2767753005027771,0.0003242100719944574,0.00023578456602990627,0.9599719557392895,3,3,4,0.0,3 5 4 10
2646,14142,0.050000000000000044,0.48634472489356995,0.0003105645242612809,0.000796152395196259,0.9439676916060635,4,4,5,0.0,4 3 6 5 10
2647,14145,0.050000000000000044,0.11128176003694534,0.00026718478087180603,0.0004892295110039413,0.9380265261433071,2,2,3,0.0,3 5 10
2648,14154,0.050000000000000044,0.4899129271507263,0.0003508933586999774,0.0006008654017932713,0.9323195703460544,9,9,10,0.0,9 8 6 7 5 1 4 2 3
2649,14158,0.050000000000000044,0.11574307084083557,0.0003041831369046122,0.0006716125644743443,0.9484512512345092,3,3,4,0.0,4 5 3 10
2650,14163,0.050000000000000044,0.249868243932724,0.00028407637728378177,0.00023457463248632848,0.9602524111319807,4,4,5,0.0,2 4 3 5 10
2651,14167,0.050000000000000044,0.22685596346855164,0.0003524642961565405,0.00036390128661878407,0.9670587569900415,3,3,4,0.0,4 3 5 10
2652,14171,0.050000000000000044,0.1833808720111847,0.0002819857982103713,0.0011306899832561612,0.9001813861546987,3,3,4,0.0,5 3 4 10
2653,14175,0.050000000000000044,0.2767753005027771,0.00036212770646670833,0.00023578456602990627,0.9599719557392895,3,3,4,0.0,3 5 4 10
2654,14179,0.050000000000000044,0.29809650778770447,0.00031034372659632936,0.00036596995778381824,0.9654395427027724,3,3,4,0.0,3 5 4 10
2655,14185,0.050000000000000044,0.4478359520435333,0.0002925065637100488,0.0005842300597578287,0.9359327100004722,5,5,6,0.0,5 3 7 8 4 10
2656,14188,0.050000000000000044,0.16209827363491058,0.0002581805019872263,0.002448043553158641,0.8638633465245986,2,2,3,0.0,5 4 10
2657,14192,0.050000000000000044,0.2990611493587494,0.0002991228648170363,0.0006749939639121294,0.9342031731723179,3,3,4,0.0,4 3 5 10
2658,14198,0.050000000000000044,0.4478359520435333,0.0003279858938185498,0.0005842300597578287,0.9359327100004722,5,5,6,0.0,5 3 7 8 4 10
2659,14204,0.050000000000000044,0.5804235339164734,0.0003088986535052148,0.0004964687977917492,0.9505594743417928,5,5,6,0.0,5 3 7 8 4 10
2660,14213,0.050000000000000044,0.4446294605731964,0.000320903271333211,0.0008867850410751998,0.9108949523512163,9,9,10,0.0,7 5 8 6 3 9 1 2 4
2661,14217,0.050000000000000044,0.2990611493587494,0.0003179792474838905,0.0006749939639121294,0.9342031731723179,3,3,4,0.0,4 3 5 10
2662,14222,0.050000000000000044,0.504064679145813,0.0003090398269705474,0.00038871655124239624,0.9639171475409469,4,4,5,0.0,4 5 8 3 10
2663,14226,0.050000000000000044,0.28492799401283264,0.00032199951237998903,0.00031904428033158183,0.9544529469061408,3,3,4,0.0,4 3 5 10
2664,14231,0.050000000000000044,0.47086799144744873,0.0003706571995280683,0.0010803010081872344,0.916299346528779,4,4,5,0.0,4 5 8 3 10
2665,14239,0.050000000000000044,0.5658178329467773,0.000298590926831821,0.0004733985406346619,0.9528515584651696,7,7,8,0.0,8 4 9 3 6 1 5 10
2666,14243,0.050000000000000044,0.3104132115840912,0.0003815817544818856,0.0007459187181666493,0.9416358080580742,3,3,4,0.0,4 3 5 10
2667,14247,0.050000000000000044,0.1892882138490677,0.0002983921513077803,0.0003878751886077225,0.9448756375189485,3,3,4,0.0,5 3 4 10
2668,14253,0.050000000000000044,0.46366697549819946,0.00036643647763412446,0.0006982661434449255,0.9455544915444503,5,5,6,0.0,4 3 9 1 5 10
2669,14260,0.050000000000000044,0.39141806960105896,0.0004668496008629778,0.000967417610809207,0.9014870258364893,6,6,7,0.0,5 1 6 4 3 9 10
2670,14264,0.050000000000000044,0.1833808869123459,0.0004228911639074795,0.0011306899832561612,0.9001813861546987,3,3,4,0.0,5 4 3 10
2671,14268,0.050000000000000044,0.22611406445503235,0.00036692253343062475,0.0003502937906887382,0.9490164049882243,3,3,4,0.0,8 3 4 10
2672,14276,0.050000000000000044,0.46313413977622986,0.0004035631463921163,0.00035318650770932436,0.9658126475535307,7,7,8,0.0,5 7 8 6 4 9 3 10
2673,14281,0.050000000000000044,0.258991003036499,0.0004633922828361392,0.00031350614153780043,0.9549518861363816,4,4,5,0.0,4 2 3 5 10
2674,14285,0.050000000000000044,0.24339479207992554,0.000333931966451928,0.0011650301748886704,0.8867031143586219,3,3,4,0.0,5 4 3 10
2675,14289,0.050000000000000044,0.4725092351436615,0.00041513775795465335,0.000608788977842778,0.9322087477303501,3,3,4,0.0,5 3 4 10
2676,14298,0.050000000000000044,0.4446294903755188,0.0003490850827397986,0.0008867850410751998,0.9108949523512163,9,9,10,0.0,7 5 8 6 4 2 9 1 3
2677,14302,0.050000000000000044,0.11574307084083557,0.00038813072023913264,0.0006716125644743443,0.9484512512345092,3,3,4,0.0,4 3 5 10
2678,14306,0.050000000000000044,0.1989022195339203,0.00032069387088995427,0.0006972261471673846,0.9356720983698592,3,3,4,0.0,4 3 5 10
2679,14311,0.050000000000000044,0.42423751950263977,0.00035453998716548083,0.001201795763336122,0.9043985771881272,4,4,5,0.0,4 3 6 1 10
2680,14315,0.050000000000000044,0.12350565195083618,0.0004043515509692952,0.0004104148247279227,0.9593183607500884,3,3,4,0.0,4 3 5 10
2681,14319,0.050000000000000044,0.2990611493587494,0.0003479548904579133,0.0006749939639121294,0.9342031731723179,3,3,4,0.0,4 3 5 10
2682,14323,0.050000000000000044,0.12350565195083618,0.0003092419356107712,0.0004104148247279227,0.9593183607500884,3,3,4,0.0,4 3 5 10
2683,14327,0.050000000000000044,0.23378056287765503,0.00030809133750153705,0.0017929158639162779,0.8717285928523498,3,3,4,0.0,5 4 3 10
2684,14330,0.050000000000000044,0.10977286100387573,0.00037521028813595575,0.0007364894263446331,0.9202891252181902,2,2,3,0.0,4 5 10
2685,14335,0.050000000000000044,0.2508307993412018,0.0003365111042512581,0.00023337107268162072,0.9605787595408425,4,4,5,0.0,3 5 4 7 10
2686,14343,0.050000000000000044,0.4969651401042938,0.00028389999170030933,0.0007961807423271239,0.9256060530966442,7,7,8,0.0,4 6 1 3 5 7 8 10
2687,14349,0.050000000000000044,0.4541859030723572,0.0003495236160233617,0.0012292243773117661,0.9264801728797193,5,5,6,0.0,3 5 7 6 4 10
2688,14353,0.050000000000000044,0.10950151085853577,0.0002529156736272853,0.0004470786079764366,0.9479181067696933,3,3,4,0.0,4 5 3 10
2689,14357,0.050000000000000044,0.2764498293399811,0.000333891628542915,0.0008365531102754176,0.9055910599766815,3,3,4,0.0,5 3 4 10
2690,14361,0.050000000000000044,0.3104132115840912,0.00036333518073661253,0.0007459187181666493,0.9416358080580742,3,3,4,0.0,4 3 5 10
2691,14364,0.050000000000000044,0.062310896813869476,0.0002802786378500362,0.00137040123809129,0.8440199261099348,2,2,3,0.0,4 1 10
2692,14373,0.050000000000000044,0.4818466007709503,0.00031195723083025467,0.0007713983068242669,0.9280170600387344,9,9,10,0.0,4 6 1 5 2 8 7 9 3
2693,14377,0.050000000000000044,0.23378056287765503,0.00037194322067080066,0.0017929158639162779,0.8717285928523498,3,3,4,0.0,5 4 3 10
2694,14386,0.050000000000000044,0.5126906633377075,0.0002783185272063646,0.0003397592809051275,0.9383693661864108,9,9,10,0.0,8 9 6 4 7 5 2 1 3
2695,14392,0.050000000000000044,0.4563097059726715,0.0003145480707947475,0.0008137403056025505,0.9046209273454551,5,5,6,0.0,5 1 6 2 8 10
2696,14401,0.050000000000000044,0.5456785559654236,0.00038259536247803934,0.00046588623081333935,0.9532000959344766,9,9,10,0.0,5 1 7 2 8 4 6 9 3
2697,14405,0.050000000000000044,0.1989022195339203,0.0003192863950971514,0.0006972261471673846,0.9356720983698592,3,3,4,0.0,4 3 5 10
2698,14409,0.050000000000000044,0.22685596346855164,0.0003153012330585625,0.00036390128661878407,0.9670587569900415,3,3,4,0.0,4 3 5 10
2699,14414,0.050000000000000044,0.1585763394832611,0.000293298126780428,0.00037898129085078835,0.946226403949944,4,4,5,0.0,5 4 3 8 10
2700,14418,0.050000000000000044,0.22685596346855164,0.0002980389581352938,0.00036390128661878407,0.9670587569900415,3,3,4,0.0,4 3 5 10
2701,14422,0.050000000000000044,0.18726478517055511,0.0003089066958636977,0.0008420562953688204,0.9279354690406892,3,3,4,0.0,4 3 5 10
2702,14426,0.050000000000000044,0.1892881989479065,0.00030591698305215687,0.0003878751886077225,0.9448756375189485,3,3,4,0.0,5 4 3 10
2703,14431,0.050000000000000044,0.4753967821598053,0.00030769753211643545,0.0007237818208523095,0.9440221804926143,4,4,5,0.0,4 3 6 5 10
2704,14436,0.050000000000000044,0.15080131590366364,0.0003727733943378553,0.0011269100941717625,0.9010513631912672,4,4,5,0.0,5 4 3 1 10
2705,14440,0.050000000000000044,0.085133396089077,0.00027928226336371154,0.0008444669656455517,0.9045451429985933,3,3,4,0.0,5 4 3 10
2706,14444,0.050000000000000044,0.2990611493587494,0.0002961333084385842,0.0006749939639121294,0.9342031731723179,3,3,4,0.0,4 3 5 10
2707,14449,0.050000000000000044,0.05988524109125137,0.00031922642956487833,0.00038525075069628656,0.9541269883105927,4,4,5,0.0,8 3 4 6 10
2708,14458,0.050000000000000044,0.4899129271507263,0.0003158024337608367,0.0006008654017932713,0.9323195703460544,9,9,10,0.0,5 6 1 8 7 4 2 9 3
2709,14462,0.050000000000000044,0.108040951192379,0.00035333321284269914,0.0004871294368058443,0.9462413316709959,3,3,4,0.0,4 3 5 10
2710,14466,0.050000000000000044,0.21238617599010468,0.00028215408383402973,0.0011898600496351719,0.9272665474275913,3,3,4,0.0,5 4 3 10
2711,14470,0.050000000000000044,0.20793238282203674,0.0003648087731562555,0.0004913120064884424,0.9460985286517886,3,3,4,0.0,4 5 3 10
2712,14479,0.050000000000000044,0.4511369466781616,0.00028603072051838454,0.0009024869650602341,0.9092221474286067,8,8,9,0.0,8 1 3 4 9 7 6 5 10
2713,14485,0.050000000000000044,0.22622138261795044,0.00029558541912895936,0.00022960125352256,0.9616762684142122,5,5,6,0.0,9 8 4 3 5 10
2714,14490,0.050000000000000044,0.15071962773799896,0.00032086698338389396,0.0011138301342725754,0.9000975375155631,4,4,5,0.0,5 3 2 4 10
2715,14495,0.050000000000000044,0.5027942657470703,0.00028832489042542877,0.0003905950579792261,0.9634129891657092,4,4,5,0.0,5 3 7 4 10
2716,14504,0.050000000000000044,0.48991289734840393,0.00042219909503021173,0.0006008654017932713,0.9323195703460544,9,9,10,0.0,5 6 1 4 8 7 9 2 3
2717,14507,0.050000000000000044,0.10449837893247604,0.00037520419573411345,0.0005452943732962012,0.9371222096376839,2,2,3,0.0,8 7 10
2718,14516,0.050000000000000044,0.48991289734840393,0.00039361042824263376,0.0006008654017932713,0.9323195703460544,9,9,10,0.0,5 8 6 7 9 1 4 2 3
2719,14521,0.050000000000000044,0.41219669580459595,0.0003748646937310696,0.0009924061596393585,0.9181259467613115,4,4,5,0.0,5 3 7 4 10
2720,14525,0.050000000000000044,0.085133396089077,0.0003765083456528373,0.0008444669656455517,0.9045451429985933,3,3,4,0.0,4 3 5 10
2721,14534,0.050000000000000044,0.38299787044525146,0.0003337422757694084,0.0009321386460214853,0.9064327901258055,8,8,9,0.0,5 1 6 8 3 7 9 4 10
2722,14537,0.050000000000000044,0.10093612223863602,0.0003688992098129044,0.0005887215957045555,0.9234273165251781,2,2,3,0.0,3 5 10
2723,14538,0.050000000000000044,0.0,0.00039475562516599894,0.0031594049651175737,0.6811429803535413,0,0,1,0.0,10
2724,14542,0.050000000000000044,0.21282950043678284,0.00036872913915431127,0.0008140195277519524,0.9398560478627752,3,3,4,0.0,4 3 5 10
2725,14548,0.050000000000000044,0.4447476863861084,0.00033882919524330646,0.0005703011993318796,0.9327689201419334,5,5,6,0.0,5 6 1 3 4 10
2726,14553,0.050000000000000044,0.41405490040779114,0.0003725239192135632,0.0009859255515038967,0.91895652472902,4,4,5,0.0,5 4 8 3 10
2727,14562,0.050000000000000044,0.5456785559654236,0.00034013150272787444,0.00046588623081333935,0.9532000959344766,9,9,10,0.0,5 6 9 4 8 7 2 1 3
2728,14566,0.050000000000000044,0.24339476227760315,0.0003564070939319208,0.0011650301748886704,0.8867031143586219,3,3,4,0.0,4 3 5 10
2729,14572,0.050000000000000044,0.39774203300476074,0.00031577792833559215,0.0009847618639469147,0.9191200736551307,5,5,6,0.0,5 6 1 3 4 10
2730,14578,0.050000000000000044,0.4447476863861084,0.00031744225513345253,0.0005703011993318796,0.9327689201419334,5,5,6,0.0,5 6 1 3 4 10
2731,14582,0.050000000000000044,0.085133396089077,0.00033322924718959257,0.0008444669656455517,0.9045451429985933,3,3,4,0.0,5 3 4 10
2732,14591,0.050000000000000044,0.48968085646629333,0.0003129814382797728,0.0012561776675283909,0.9210129848168664,9,9,10,0.0,5 6 1 8 7 9 4 2 3
2733,14600,0.050000000000000044,0.4818466007709503,0.00030682018970967166,0.0007713983068242669,0.9280170600387344,9,9,10,0.0,4 6 1 3 8 9 7 2 5
2734,14606,0.050000000000000044,0.39774203300476074,0.00031889168167253956,0.0009847618639469147,0.9191200736551307,5,5,6,0.0,5 6 1 3 4 10
2735,14615,0.050000000000000044,0.4899129569530487,0.0002910401025373075,0.0006008654017932713,0.9323195703460544,9,9,10,0.0,5 1 6 8 3 7 9 2 4
2736,14624,0.050000000000000044,0.5456785559654236,0.00029954357887618244,0.00046588623081333935,0.9532000959344766,9,9,10,0.0,5 1 6 8 3 7 9 2 4
2737,14628,0.050000000000000044,0.28492799401283264,0.00026996288579539396,0.00031904428033158183,0.9544529469061408,3,3,4,0.0,4 3 5 10
2738,14631,0.050000000000000044,0.08029144257307053,0.00028651896961188567,0.0008871744503267109,0.8932462026155803,2,2,3,0.0,7 8 10
2739,14635,0.050000000000000044,0.085133396089077,0.0003400111527298577,0.0008444669656455517,0.9045451429985933,3,3,4,0.0,5 3 4 10
2740,14640,0.050000000000000044,0.41405490040779114,0.00029155203956179323,0.0009859255515038967,0.91895652472902,4,4,5,0.0,5 4 8 3 10
2741,14649,0.050000000000000044,0.5126906633377075,0.0003082582423101283,0.0003397592809051275,0.9383693661864108,9,9,10,0.0,5 1 6 8 3 7 9 2 4
2742,14657,0.050000000000000044,0.4326760172843933,0.00028141046095697675,0.0006865473696961999,0.9463106708669776,7,7,8,0.0,4 6 1 3 8 2 5 10
2743,14665,0.050000000000000044,0.44609183073043823,0.0003109834869974293,0.0010969156865030527,0.9010629394887886,7,7,8,0.0,5 1 6 8 3 9 4 10
2744,14670,0.050000000000000044,0.41405490040779114,0.0003225499589461833,0.0009859255515038967,0.91895652472902,4,4,5,0.0,5 4 8 3 10
2745,14677,0.050000000000000044,0.47501140832901,0.00029245888332038054,0.00037512602284550667,0.9650563971714231,6,6,7,0.0,5 4 2 8 7 3 10
2746,14681,0.050000000000000044,0.1833808869123459,0.0003244085601181723,0.0011306899832561612,0.9001813861546987,3,3,4,0.0,4 3 5 10
2747,14690,0.050000000000000044,0.48968085646629333,0.0003013540182210919,0.0012561776675283909,0.9210129848168664,9,9,10,0.0,4 6 1 5 2 8 7 9 3
2748,14695,0.050000000000000044,0.283234179019928,0.00033603861811570823,0.0007426048978231847,0.9420240639435409,4,4,5,0.0,1 3 4 5 10
2749,14699,0.050000000000000044,0.13961148262023926,0.0002751392821664922,0.0013567646965384483,0.9088777361546203,3,3,4,0.0,1 4 7 10
2750,14703,0.050000000000000044,0.17039965093135834,0.0002951682290586177,0.0006856386316940188,0.9234814337154631,3,3,4,0.0,1 4 7 10
2751,14708,0.050000000000000044,0.47494110465049744,0.00032009604619815947,0.0007224188884720206,0.9436010817745778,4,4,5,0.0,4 5 8 3 10
2752,14714,0.050000000000000044,0.45430612564086914,0.00029015677864663303,0.0010100038489326835,0.8993439702726856,5,5,6,0.0,8 1 3 4 9 10
2753,14718,0.050000000000000044,0.20793236792087555,0.00034297445381525904,0.0004913120064884424,0.9460985286517886,3,3,4,0.0,4 3 5 10
2754,14722,0.050000000000000044,0.5175549983978271,0.0002909443537646439,0.00039680927875451744,0.9629182144202176,3,3,4,0.0,5 3 4 10
2755,14728,0.050000000000000044,0.15239331126213074,0.0002876624057535082,0.0011034378549084067,0.9330136698363936,5,5,6,0.0,3 5 4 8 9 10
2756,14732,0.050000000000000044,0.29809650778770447,0.00024031657085288316,0.00036596995778381824,0.9654395427027724,3,3,4,0.0,3 5 4 10
2757,14735,0.050000000000000044,0.10093612968921661,0.0003325745201436803,0.0005887215957045555,0.9234273165251781,2,2,3,0.0,5 3 10
2758,14739,0.050000000000000044,0.29809650778770447,0.0002635765449667815,0.00036596995778381824,0.9654395427027724,3,3,4,0.0,3 5 4 10
2759,14743,0.050000000000000044,0.23378056287765503,0.00027349204174242914,0.0017929158639162779,0.8717285928523498,3,3,4,0.0,5 4 3 10
2760,14746,0.050000000000000044,0.10449837148189545,0.00027523709771533805,0.0005452943732962012,0.9371222096376839,2,2,3,0.0,7 8 10
2761,14755,0.050000000000000044,0.36360353231430054,0.0003238887551964985,0.0009860428981482983,0.9005956213376468,8,8,9,0.0,5 1 6 8 7 9 4 2 10
2762,14764,0.050000000000000044,0.5126906633377075,0.0003454520839214739,0.0003397592809051275,0.9383693661864108,9,9,10,0.0,5 1 6 8 7 9 4 2 3
2763,14768,0.050000000000000044,0.1989022195339203,0.00035330819082446396,0.0006972261471673846,0.9356720983698592,3,3,4,0.0,4 3 5 10
2764,14773,0.050000000000000044,0.477268248796463,0.0003608645289205015,0.0009086476638913155,0.9294773622036122,4,4,5,0.0,4 5 8 3 10
2765,14782,0.050000000000000044,0.41938620805740356,0.0003986019162564642,0.0009745925199240446,0.9237666151505163,8,8,9,0.0,7 5 8 4 9 6 2 3 10
2766,14786,0.050000000000000044,0.23378056287765503,0.00034999530180357397,0.0017929158639162779,0.8717285928523498,3,3,4,0.0,5 4 3 10
2767,14795,0.050000000000000044,0.4446294903755188,0.0002808672725223005,0.0008867850410751998,0.9108949523512163,9,9,10,0.0,4 5 8 9 7 2 1 6 3
2768,14799,0.050000000000000044,0.2990611493587494,0.00027853791834786534,0.0006749939639121294,0.9342031731723179,3,3,4,0.0,4 3 5 10
2769,14803,0.050000000000000044,0.2696991264820099,0.0003322611009934917,0.00034416522248648107,0.9476906512814101,3,3,4,0.0,4 8 3 10
2770,14809,0.050000000000000044,0.46627259254455566,0.0002883791530621238,0.0008838503272272646,0.9326273452016601,5,5,6,0.0,4 5 8 9 3 10
2771,14813,0.050000000000000044,0.22685596346855164,0.0002843627044057939,0.00036390128661878407,0.9670587569900415,3,3,4,0.0,4 3 5 10
2772,14817,0.050000000000000044,0.21238619089126587,0.0003085060088778846,0.0011898600496351719,0.9272665474275913,3,3,4,0.0,5 3 4 10
2773,14821,0.050000000000000044,0.09810332953929901,0.00029193949012551457,0.00038812862476333976,0.953743404107485,3,3,4,0.0,8 3 4 10
2774,14830,0.050000000000000044,0.48968085646629333,0.00030017627351399924,0.0012561776675283909,0.9210129848168664,9,9,10,0.0,7 2 4 5 8 9 1 6 3
2775,14838,0.050000000000000044,0.4236389994621277,0.00031893630512058735,0.0012138428865000606,0.9280980608141433,7,7,8,0.0,7 5 8 9 4 6 3 10
2776,14847,0.050000000000000044,0.5554210543632507,0.0003123190868387206,0.0004711332148872316,0.9530430480430299,8,8,9,0.0,5 6 9 3 8 7 1 4 10
2777,14856,0.050000000000000044,0.5456785559654236,0.0003169791598338634,0.00046588623081333935,0.9532000959344766,9,9,10,0.0,4 5 8 9 2 7 1 6 3
2778,14862,0.050000000000000044,0.47029659152030945,0.0003084479079310161,0.0007875108858570457,0.943914777440917,5,5,6,0.0,4 6 1 3 5 10
2779,14866,0.050000000000000044,0.28492799401283264,0.0003471898926363792,0.00031904428033158183,0.9544529469061408,3,3,4,0.0,5 4 3 10
2780,14875,0.050000000000000044,0.512690544128418,0.000319505472564035,0.0003397592809051275,0.9383693661864108,9,9,10,0.0,5 1 6 9 8 3 7 2 4
2781,14883,0.050000000000000044,0.372738778591156,0.000317541416734457,0.0009531954419799149,0.92265049544441,7,7,8,0.0,7 5 9 8 6 4 3 10
2782,14888,0.050000000000000044,0.47047069668769836,0.00031525021768175066,0.0007426905212923884,0.9420004344936217,4,4,5,0.0,4 5 1 3 10
2783,14892,0.050000000000000044,0.10560298711061478,0.00025526987155899405,0.0003561797784641385,0.958056779700142,3,3,4,0.0,3 5 4 10
2784,14896,0.050000000000000044,0.29809650778770447,0.0002914210854214616,0.00036596995778381824,0.9654395427027724,3,3,4,0.0,3 5 4 10
2785,14899,0.050000000000000044,0.08768980950117111,0.00027026278742899496,0.001172045012935996,0.8709456620385757,2,2,3,0.0,3 5 10
2786,14907,0.050000000000000044,0.4680051803588867,0.0002847460527846124,0.0004779036098625511,0.921558264762553,7,7,8,0.0,5 1 6 9 8 3 7 10
2787,14916,0.050000000000000044,0.40591859817504883,0.0003046166416930242,0.0011920612305402756,0.9257569310091177,8,8,9,0.0,7 5 8 9 4 2 1 3 10
2788,14921,0.050000000000000044,0.2194034457206726,0.0002711844048462808,0.0011355584720149636,0.8887895109678987,4,4,5,0.0,7 5 3 4 10
2789,14924,0.050000000000000044,0.10093612223863602,0.00023501025862060487,0.0005887215957045555,0.9234273165251781,2,2,3,0.0,3 5 10
2790,14928,0.050000000000000044,0.3104132115840912,0.0002679484459804371,0.0007459187181666493,0.9416358080580742,3,3,4,0.0,4 3 5 10
2791,14932,0.050000000000000044,0.29809650778770447,0.0002545385323173832,0.00036596995778381824,0.9654395427027724,3,3,4,0.0,3 5 4 10
2792,14936,0.050000000000000044,0.3104132115840912,0.0002517323700885754,0.0007459187181666493,0.9416358080580742,3,3,4,0.0,4 3 5 10
2793,14940,0.050000000000000044,0.22685596346855164,0.0003250045847380534,0.00036390128661878407,0.9670587569900415,3,3,4,0.0,4 3 5 10
2794,14949,0.050000000000000044,0.42867758870124817,0.00027508020704974316,0.0010793664259836078,0.9030750394044676,9,9,10,0.0,5 6 1 8 9 7 4 2 3
2795,14953,0.050000000000000044,0.17178700864315033,0.00029167698812671006,0.0012108059599995613,0.8881999953837089,3,3,4,0.0,7 5 4 10
2796,14958,0.050000000000000044,0.1751536726951599,0.000268733172561042,0.00048609846271574497,0.9461801094617628,4,4,5,0.0,5 1 4 3 10
2797,14962,0.050000000000000044,0.20793238282203674,0.0002714450820349157,0.0004913120064884424,0.9460985286517886,3,3,4,0.0,5 4 3 10
2798,14967,0.050000000000000044,0.17993007600307465,0.00028212987235747277,0.0008114007068797946,0.9402563097077232,4,4,5,0.0,1 4 5 3 10
2799,14976,0.050000000000000044,0.5126906037330627,0.0002909106551669538,0.0003397592809051275,0.9383693661864108,9,9,10,0.0,5 6 1 8 4 9 2 7 3
2800,14984,0.050000000000000044,0.3977116346359253,0.000259914659181959,0.0012855122331529856,0.9082172089715916,7,7,8,0.0,7 5 8 4 6 1 9 10
2801,14987,0.050000000000000044,0.08768980950117111,0.0003413268520186345,0.001172045012935996,0.8709456620385757,2,2,3,0.0,3 5 10
2802,14991,0.050000000000000044,0.24339479207992554,0.00026045613776659593,0.0011650301748886704,0.8867031143586219,3,3,4,0.0,5 4 3 10
2803,15000,0.050000000000000044,0.42867758870124817,0.00028434758617853123,0.0010793664259836078,0.9030750394044676,9,9,10,0.0,7 2 5 8 9 1 6 4 3
2804,15004,0.050000000000000044,0.21238619089126587,0.00040349386108573526,0.0011898600496351719,0.9272665474275913,3,3,4,0.0,5 3 4 10
2805,15013,0.050000000000000044,0.48184657096862793,0.00040924041079253785,0.0007713983068242669,0.9280170600387344,9,9,10,0.0,7 2 4 6 8 9 5 1 3
2806,15017,0.050000000000000044,0.1080409437417984,0.00038327737274812534,0.0004871294368058443,0.9462413316709959,3,3,4,0.0,4 5 3 10
2807,15021,0.050000000000000044,0.20793238282203674,0.0004243220464559272,0.0004913120064884424,0.9460985286517886,3,3,4,0.0,4 5 3 10
2808,15029,0.050000000000000044,0.36838221549987793,0.0003948130579374265,0.0009678013157099485,0.9206580619607896,7,7,8,0.0,7 2 5 4 8 1 3 10
2809,15033,0.050000000000000044,0.22685597836971283,0.00038493767351610586,0.00036390128661878407,0.9670587569900415,3,3,4,0.0,4 5 3 10
2810,15037,0.050000000000000044,0.20793238282203674,0.0003146295857732184,0.0004913120064884424,0.9460985286517886,3,3,4,0.0,5 4 3 10
2811,15046,0.050000000000000044,0.4270930290222168,0.0003347151780164697,0.000722878728993237,0.9449876690555837,8,8,9,0.0,4 6 1 2 5 8 7 3 10
2812,15052,0.050000000000000044,0.1839606761932373,0.00031287374198048684,0.0017496783984825015,0.8766054021865661,5,5,6,0.0,5 1 6 3 4 10
2813,15056,0.050000000000000044,0.07760586589574814,0.000349787762388587,0.0006504798075184226,0.9191824672356088,3,3,4,0.0,4 5 3 10
2814,15060,0.050000000000000044,0.051212094724178314,0.00035576130903791636,0.0008344413945451379,0.9016930275064019,3,3,4,0.0,8 4 2 10
2815,15069,0.050000000000000044,0.42867758870124817,0.000369020087722068,0.0010793664259836078,0.9030750394044676,9,9,10,0.0,7 2 5 8 6 1 9 4 3
2816,15073,0.050000000000000044,0.11574307084083557,0.0003796474265982397,0.0006716125644743443,0.9484512512345092,3,3,4,0.0,4 5 3 10
2817,15074,0.050000000000000044,0.0,0.0003422809240873903,0.0019189880695194006,0.7990946108597141,0,0,1,0.0,10
2818,15079,0.050000000000000044,0.4810376465320587,0.0003744447254575789,0.0008860002271831036,0.9311305553376604,4,4,5,0.0,3 6 4 5 10
2819,15084,0.050000000000000044,0.15465021133422852,0.0003255787247326225,0.000837070110719651,0.9284224099835091,4,4,5,0.0,5 4 1 3 10
2820,15091,0.050000000000000044,0.45258134603500366,0.00029709805052594414,0.0008643315522931516,0.9338150339535527,6,6,7,0.0,4 8 9 3 7 5 10
2821,15095,0.050000000000000044,0.08425717055797577,0.0003377828616066836,0.00047544774133712053,0.9368110465663225,3,3,4,0.0,8 4 2 10
2822,15101,0.050000000000000044,0.22622138261795044,0.00035010246210731566,0.00022960125352256,0.9616762684142122,5,5,6,0.0,9 8 4 3 5 10
2823,15105,0.050000000000000044,0.1892882138490677,0.0002897023114201147,0.0003878751886077225,0.9448756375189485,3,3,4,0.0,5 3 4 10
2824,15109,0.050000000000000044,0.04877985268831253,0.00034723155840765685,0.0008664907072670758,0.9019606346607775,3,3,4,0.0,8 9 4 10
2825,15113,0.050000000000000044,0.21282950043678284,0.00030600653917645104,0.0008140195277519524,0.9398560478627752,3,3,4,0.0,5 4 3 10
2826,15122,0.050000000000000044,0.37928980588912964,0.00041089806796258525,0.0009104710770770907,0.9083804065775786,9,9,10,0.0,7 2 5 8 9 6 4 1 3
2827,15126,0.050000000000000044,0.23378056287765503,0.00032833028672030196,0.0017929158639162779,0.8717285928523498,3,3,4,0.0,5 4 3 10
2828,15130,0.050000000000000044,0.2764498293399811,0.00033354329571011476,0.0008365531102754176,0.9055910599766815,3,3,4,0.0,5 3 4 10
2829,15135,0.050000000000000044,0.15465021133422852,0.00032518391963094474,0.000837070110719651,0.9284224099835091,4,4,5,0.0,1 4 5 3 10
2830,15139,0.050000000000000044,0.22685597836971283,0.000350749418430496,0.00036390128661878407,0.9670587569900415,3,3,4,0.0,4 5 3 10
2831,15142,0.050000000000000044,0.08029144257307053,0.000371392253631105,0.0008871744503267109,0.8932462026155803,2,2,3,0.0,8 7 10
2832,15146,0.050000000000000044,0.21282950043678284,0.000349918169376906,0.0008140195277519524,0.9398560478627752,3,3,4,0.0,5 4 3 10
2833,15150,0.050000000000000044,0.10950151085853577,0.00033366855495842174,0.0004470786079764366,0.9479181067696933,3,3,4,0.0,4 5 3 10
2834,15159,0.050000000000000044,0.5456785559654236,0.00033949628899184364,0.00046588623081333935,0.9532000959344766,9,9,10,0.0,7 2 5 8 9 4 1 6 3
2835,15165,0.050000000000000044,0.49021947383880615,0.0003038601716980338,0.00038048700662329793,0.96472436513012,5,5,6,0.0,4 5 6 1 3 10
2836,15169,0.050000000000000044,0.29809650778770447,0.0003773656499106437,0.00036596995778381824,0.9654395427027724,3,3,4,0.0,3 5 4 10
2837,15173,0.050000000000000044,0.1989022195339203,0.00030308860732475296,0.0006972261471673846,0.9356720983698592,3,3,4,0.0,5 4 3 10
2838,15178,0.050000000000000044,0.20631703734397888,0.0002922130224760622,0.0012311260215938091,0.8809682261043723,4,4,5,0.0,7 5 1 4 10
2839,15187,0.050000000000000044,0.4899129271507263,0.0003052938425551272,0.0006008654017932713,0.9323195703460544,9,9,10,0.0,7 5 8 9 1 6 4 2 3
2840,15195,0.050000000000000044,0.4177834391593933,0.00035020711766264867,0.0005566441104747355,0.9358641721494274,7,7,8,0.0,5 1 6 8 7 4 3 10
2841,15204,0.050000000000000044,0.552553653717041,0.0003049116122484621,0.0004813329433090985,0.952530410818481,8,8,9,0.0,7 2 5 8 9 1 3 4 10
2842,15207,0.050000000000000044,0.06259491294622421,0.0002879923073730121,0.0010411033872514963,0.88532728327972,2,2,3,0.0,8 4 10
2843,15211,0.050000000000000044,0.1989022195339203,0.0002919078578997869,0.0006972261471673846,0.9356720983698592,3,3,4,0.0,5 4 3 10
2844,15220,0.050000000000000044,0.48968082666397095,0.0002785665549001553,0.0012561776675283909,0.9210129848168664,9,9,10,0.0,5 6 1 8 4 9 7 2 3
2845,15225,0.050000000000000044,0.15142317116260529,0.00035075877094641327,0.0011031581088900566,0.9004543494083227,4,4,5,0.0,5 4 3 7 10
2846,15230,0.050000000000000044,0.18249143660068512,0.00028927811072207985,0.000788929290138185,0.9421254418409395,4,4,5,0.0,5 4 3 9 10
2847,15238,0.050000000000000044,0.46027764678001404,0.0002865596234187251,0.00036977941635996103,0.9656318098076316,7,7,8,0.0,5 2 1 6 8 3 4 10
2848,15246,0.050000000000000044,0.46027764678001404,0.0003015574475284666,0.00036977941635996103,0.9656318098076316,7,7,8,0.0,5 2 1 6 8 3 4 10
2849,15250,0.050000000000000044,0.3104132115840912,0.0003019841606146656,0.0007459187181666493,0.9416358080580742,3,3,4,0.0,5 4 3 10
2850,15254,0.050000000000000044,0.09232038259506226,0.000490109647216741,0.00044277016422711313,0.9426560057648297,3,3,4,0.0,8 4 7 10
2851,15263,0.050000000000000044,0.444629430770874,0.0005261368609757887,0.0008867850410751998,0.9108949523512163,9,9,10,0.0,7 6 9 8 5 1 4 2 3
2852,15268,0.050000000000000044,0.2720816135406494,0.0004696214338764548,0.0006728802691213787,0.9348399362722843,4,4,5,0.0,1 3 4 5 10
2853,15277,0.050000000000000044,0.4899129271507263,0.0003891117327536146,0.0006008654017932713,0.9323195703460544,9,9,10,0.0,5 1 8 9 4 7 2 6 3
2854,15281,0.050000000000000044,0.24339479207992554,0.00048378937208326533,0.0011650301748886704,0.8867031143586219,3,3,4,0.0,5 3 4 10
2855,15285,0.050000000000000044,0.1833808869123459,0.0003348923710291274,0.0011306899832561612,0.9001813861546987,3,3,4,0.0,3 5 4 10
2856,15293,0.050000000000000044,0.37204039096832275,0.00039396131614921615,0.0009572904091328382,0.9224656412774402,7,7,8,0.0,5 6 1 8 7 4 3 10
2857,15301,0.050000000000000044,0.4372134208679199,0.00034376097391941585,0.0008447408326901495,0.9335423989684346,7,7,8,0.0,4 6 5 1 8 7 3 10
2858,15306,0.050000000000000044,0.24885979294776917,0.00037341492716223,0.0008352602599188685,0.9057000170192736,4,4,5,0.0,1 3 4 5 10
2859,15315,0.050000000000000044,0.48184657096862793,0.0003650563853120224,0.0007713983068242669,0.9280170600387344,9,9,10,0.0,4 6 1 5 8 9 7 2 3
2860,15319,0.050000000000000044,0.12350565195083618,0.0004108215725864284,0.0004104148247279227,0.9593183607500884,3,3,4,0.0,4 3 5 10
2861,15320,0.050000000000000044,0.0,0.0003645758843049407,0.003827625187113881,0.730517147410125,0,0,1,0.0,10
2862,15329,0.050000000000000044,0.5527865290641785,0.00033106231260009937,0.00047670904314145446,0.9516940403565782,8,8,9,0.0,8 5 6 3 1 7 2 4 10
2863,15336,0.050000000000000044,0.4459705352783203,0.0003451539814705029,0.000698526855558157,0.9448541595238426,6,6,7,0.0,4 5 6 1 8 3 10
2864,15340,0.050000000000000044,0.13735470175743103,0.00035971932084066793,0.001753079704940319,0.8720096269717681,3,3,4,0.0,1 7 4 10
2865,15349,0.050000000000000044,0.5126906037330627,0.00034825717254231375,0.0003397592809051275,0.9383693661864108,9,9,10,0.0,5 2 1 8 4 7 9 6 3
2866,15358,0.050000000000000044,0.37928977608680725,0.00030824976016042963,0.0009104710770770907,0.9083804065775786,9,9,10,0.0,5 6 1 8 4 9 7 2 3
2867,15367,0.050000000000000044,0.5126906633377075,0.00035333149329138297,0.0003397592809051275,0.9383693661864108,9,9,10,0.0,5 6 1 8 7 9 4 2 3
2868,15374,0.050000000000000044,0.3852873742580414,0.00035865706948763024,0.0009683582466095686,0.920871250428853,6,6,7,0.0,5 4 6 1 8 3 10
2869,15378,0.050000000000000044,0.1095082238316536,0.00028789917269023135,0.0003611558931879699,0.9537193116407474,3,3,4,0.0,3 5 4 10
2870,15382,0.050000000000000044,0.12350565195083618,0.00028064358775736764,0.0004104148247279227,0.9593183607500884,3,3,4,0.0,3 5 4 10
2871,15386,0.050000000000000044,0.22685597836971283,0.0002922990170191042,0.00036390128661878407,0.9670587569900415,3,3,4,0.0,4 5 3 10
2872,15394,0.050000000000000044,0.5658178329467773,0.0003333761778776534,0.0004733985406346619,0.9528515584651696,7,7,8,0.0,5 6 1 8 9 3 4 10
2873,15398,0.050000000000000044,0.1892882138490677,0.0002977358817588538,0.0003878751886077225,0.9448756375189485,3,3,4,0.0,5 3 4 10
2874,15402,0.050000000000000044,0.21238619089126587,0.00032977994123939425,0.0011898600496351719,0.9272665474275913,3,3,4,0.0,3 5 4 10
2875,15406,0.050000000000000044,0.2990611493587494,0.00038157712697284296,0.0006749939639121294,0.9342031731723179,3,3,4,0.0,4 5 3 10
2876,15415,0.050000000000000044,0.5456785559654236,0.00030720283717124,0.00046588623081333935,0.9532000959344766,9,9,10,0.0,8 4 5 1 6 9 7 2 3
2877,15419,0.050000000000000044,0.23378056287765503,0.00030667620012536645,0.0017929158639162779,0.8717285928523498,3,3,4,0.0,5 3 4 10
2878,15424,0.050000000000000044,0.2765032947063446,0.0003267350897658616,0.0006546202348545194,0.937862343988719,4,4,5,0.0,6 4 3 5 10
2879,15433,0.050000000000000044,0.48968082666397095,0.00028779060165915225,0.0012561776675283909,0.9210129848168664,9,9,10,0.0,5 6 1 8 4 9 7 2 3
2880,15437,0.050000000000000044,0.18726477026939392,0.00035398277395870537,0.0008420562953688204,0.9279354690406892,3,3,4,0.0,3 5 4 10
2881,15441,0.050000000000000044,0.2990611493587494,0.0003158194085699506,0.0006749939639121294,0.9342031731723179,3,3,4,0.0,4 5 3 10
2882,15450,0.050000000000000044,0.37928980588912964,0.00032044291502744373,0.0009104710770770907,0.9083804065775786,9,9,10,0.0,7 5 9 8 2 4 1 6 3
2883,15459,0.050000000000000044,0.5126906633377075,0.0003161589184957039,0.0003397592809051275,0.9383693661864108,9,9,10,0.0,9 4 8 1 6 5 7 2 3
2884,15464,0.050000000000000044,0.06991557031869888,0.0002730052161496133,0.0003394202794879675,0.9595537763819825,4,4,5,0.0,3 5 4 9 10
2885,15473,0.050000000000000044,0.5126906037330627,0.000332582434768685,0.0003397592809051275,0.9383693661864108,9,9,10,0.0,5 6 1 8 4 7 2 9 3
2886,15478,0.050000000000000044,0.504064679145813,0.00036230310797691345,0.00038871655124239624,0.9639171475409469,4,4,5,0.0,4 5 8 3 10
2887,15482,0.050000000000000044,0.1892882138490677,0.00029729596280958503,0.0003878751886077225,0.9448756375189485,3,3,4,0.0,3 5 4 10
2888,15486,0.050000000000000044,0.2767753005027771,0.0002910832663474139,0.00023578456602990627,0.9599719557392895,3,3,4,0.0,3 5 4 10
2889,15488,0.050000000000000044,0.22481855750083923,0.0003052338433917612,0.0017439918592572212,0.8387347898541814,1,1,2,0.0,5 10
2890,15494,0.050000000000000044,0.39915215969085693,0.00027241578936809674,0.0009752758778631687,0.9193998646438476,5,5,6,0.0,5 4 9 7 3 10
2891,15498,0.050000000000000044,0.28492799401283264,0.0002921508057625033,0.00031904428033158183,0.9544529469061408,3,3,4,0.0,5 4 3 10
2892,15502,0.050000000000000044,0.20793238282203674,0.0004327991991885938,0.0004913120064884424,0.9460985286517886,3,3,4,0.0,5 4 3 10
2893,15508,0.050000000000000044,0.4960480332374573,0.0005430514380956689,0.00035357996239326894,0.9656287449346711,5,5,6,0.0,5 4 8 3 9 10
2894,15513,0.050000000000000044,0.46034061908721924,0.0004334932193160057,0.0012866274919360876,0.9203374585004991,4,4,5,0.0,4 5 8 3 10
2895,15519,0.050000000000000044,0.45110100507736206,0.00047569602126410854,0.0012468632776290178,0.9247271988582969,5,5,6,0.0,4 5 8 3 9 10
2896,15526,0.050000000000000044,0.43593066930770874,0.00034837697291680215,0.0012224488891661167,0.9245837830457926,6,6,7,0.0,4 5 1 8 7 3 10
2897,15535,0.050000000000000044,0.48968082666397095,0.00036689896337015345,0.0012561776675283909,0.9210129848168664,9,9,10,0.0,8 5 6 1 4 9 2 7 3
2898,15544,0.050000000000000044,0.4446294903755188,0.0003291534117629959,0.0008867850410751998,0.9108949523512163,9,9,10,0.0,4 6 5 1 9 7 2 8 3
2899,15548,0.050000000000000044,0.10626781731843948,0.00036558409919962287,0.0007968444260768592,0.9430220179374946,3,3,4,0.0,4 7 5 10
2900,15552,0.050000000000000044,0.10626781731843948,0.0003558246389729902,0.0007968444260768592,0.9430220179374946,3,3,4,0.0,4 7 5 10
2901,15557,0.050000000000000044,0.47086799144744873,0.0003533210256136954,0.0010803010081872344,0.916299346528779,4,4,5,0.0,4 5 8 3 10
2902,15566,0.050000000000000044,0.42867758870124817,0.00032459589096510573,0.0010793664259836078,0.9030750394044676,9,9,10,0.0,5 6 1 8 7 9 2 4 3
2903,15570,0.050000000000000044,0.23378056287765503,0.0003270836314186454,0.0017929158639162779,0.8717285928523498,3,3,4,0.0,5 4 3 10
2904,15577,0.050000000000000044,0.4607357978820801,0.00029215113318059593,0.0007178953383117914,0.944925220946778,6,6,7,0.0,4 6 8 3 5 9 10
2905,15580,0.050000000000000044,0.08065784722566605,0.0003570365855315079,0.0008540889248251915,0.8896883496489735,2,2,3,0.0,7 5 10
2906,15585,0.050000000000000044,0.19420970976352692,0.0003173595701809973,0.0003620861389208585,0.9674759012127603,4,4,5,0.0,4 3 1 5 10
2907,15589,0.050000000000000044,0.5175549983978271,0.0003229469366488047,0.00039680927875451744,0.9629182144202176,3,3,4,0.0,5 4 3 10
2908,15593,0.050000000000000044,0.4725092351436615,0.0003413704616832547,0.000608788977842778,0.9322087477303501,3,3,4,0.0,5 4 3 10
2909,15602,0.050000000000000044,0.4446295201778412,0.0002617170911334041,0.0008867850410751998,0.9108949523512163,9,9,10,0.0,8 5 6 1 4 7 9 2 3
2910,15606,0.050000000000000044,0.29809650778770447,0.00026649333085515536,0.00036596995778381824,0.9654395427027724,3,3,4,0.0,5 4 3 10
2911,15611,0.050000000000000044,0.48634472489356995,0.0002769995131529868,0.000796152395196259,0.9439676916060635,4,4,5,0.0,4 6 3 5 10
2912,15615,0.050000000000000044,0.4908347427845001,0.00032855019526323304,0.0009209985146299005,0.9276692834057082,3,3,4,0.0,4 5 3 10
2913,15620,0.050000000000000044,0.1751536726951599,0.0003447082417551428,0.00048609846271574497,0.9461801094617628,4,4,5,0.0,5 1 4 3 10
2914,15624,0.050000000000000044,0.10626781731843948,0.00032627103792037815,0.0007968444260768592,0.9430220179374946,3,3,4,0.0,4 7 5 10
2915,15628,0.050000000000000044,0.21282950043678284,0.00031042995397001505,0.0008140195277519524,0.9398560478627752,3,3,4,0.0,4 3 5 10
2916,15637,0.050000000000000044,0.48991289734840393,0.00032000521443680755,0.0006008654017932713,0.9323195703460544,9,9,10,0.0,5 6 1 8 4 7 9 2 3
2917,15641,0.050000000000000044,0.108040951192379,0.00029321585316210985,0.0004871294368058443,0.9462413316709959,3,3,4,0.0,3 5 4 10
2918,15650,0.050000000000000044,0.4446294903755188,0.0002784402960161161,0.0008867850410751998,0.9108949523512163,9,9,10,0.0,4 6 5 1 7 9 2 8 3
2919,15659,0.050000000000000044,0.48991289734840393,0.0002701232895358569,0.0006008654017932713,0.9323195703460544,9,9,10,0.0,5 1 6 8 4 7 9 2 3
2920,15667,0.050000000000000044,0.5063202977180481,0.0003076821485592518,0.000395653914893046,0.930211429133143,7,7,8,0.0,5 1 6 8 4 7 9 10
2921,15669,0.050000000000000044,0.29347968101501465,0.0002747904945863411,0.0018801814876496792,0.8688620283621652,1,1,2,0.0,4 10
2922,15673,0.050000000000000044,0.2990611493587494,0.00029489631560863927,0.0006749939639121294,0.9342031731723179,3,3,4,0.0,4 5 3 10
2923,15678,0.050000000000000044,0.48634472489356995,0.00030943446909077467,0.000796152395196259,0.9439676916060635,4,4,5,0.0,4 6 3 5 10
2924,15683,0.050000000000000044,0.2745687961578369,0.0002996028691995889,0.00034899334423244,0.9663806680709514,4,4,5,0.0,5 4 3 7 10
2925,15687,0.050000000000000044,0.04877986013889313,0.00030972817694419064,0.0008664907072670758,0.9019606346607775,3,3,4,0.0,4 9 8 10
2926,15691,0.050000000000000044,0.108040951192379,0.00029122872365405783,0.0004871294368058443,0.9462413316709959,3,3,4,0.0,3 5 4 10
2927,15696,0.050000000000000044,0.25931644439697266,0.0003058902220800519,0.00031208075233735144,0.9549832606464447,4,4,5,0.0,4 1 5 3 10
2928,15700,0.050000000000000044,0.0713115856051445,0.0003206530018360354,0.0006949979579076171,0.9150922836893095,3,3,4,0.0,4 7 5 10
2929,15704,0.050000000000000044,0.29809650778770447,0.00025489262407063507,0.00036596995778381824,0.9654395427027724,3,3,4,0.0,5 4 3 10
2930,15709,0.050000000000000044,0.20912501215934753,0.0002746406360529363,0.0017775630112737417,0.8749212066639618,4,4,5,0.0,5 4 7 3 10
2931,15718,0.050000000000000044,0.4899129271507263,0.00024959839356597513,0.0006008654017932713,0.9323195703460544,9,9,10,0.0,5 6 1 8 7 4 9 2 3
2932,15722,0.050000000000000044,0.10560298711061478,0.0002486307639628649,0.0003561797784641385,0.958056779700142,3,3,4,0.0,3 5 4 10
2933,15731,0.050000000000000044,0.42867758870124817,0.00026826377628215897,0.0010793664259836078,0.9030750394044676,9,9,10,0.0,5 6 1 8 4 7 2 9 3
2934,15735,0.050000000000000044,0.23378056287765503,0.0002841012719727587,0.0017929158639162779,0.8717285928523498,3,3,4,0.0,5 4 3 10
2935,15739,0.050000000000000044,0.10013158619403839,0.0002664624153112527,0.0008882643305696547,0.9401026972515263,3,3,4,0.0,4 7 8 10
2936,15746,0.050000000000000044,0.44981253147125244,0.00026965605502482504,0.0008646164205856621,0.9314323766035217,6,6,7,0.0,4 6 3 1 8 5 10
2937,15750,0.050000000000000044,0.29809650778770447,0.0003088481680606492,0.00036596995778381824,0.9654395427027724,3,3,4,0.0,5 4 3 10
2938,15758,0.050000000000000044,0.3675949275493622,0.000454839326266665,0.0010028501274064183,0.8976869727623307,7,7,8,0.0,5 1 6 4 7 9 2 10
2939,15762,0.050000000000000044,0.21238619089126587,0.00038230536301853135,0.0011898600496351719,0.9272665474275913,3,3,4,0.0,4 3 5 10
2940,15766,0.050000000000000044,0.11225897818803787,0.0004506938348640688,0.0004727839841507375,0.9502955832287191,3,3,4,0.0,4 7 5 10
2941,15773,0.050000000000000044,0.40777647495269775,0.0003631579498427787,0.0012941164895892143,0.8835133708455333,6,6,7,0.0,7 6 9 2 8 5 10
2942,15778,0.050000000000000044,0.45695164799690247,0.00039260840276256204,0.0006045941263437271,0.9326007251675361,4,4,5,0.0,5 1 3 4 10
2943,15782,0.050000000000000044,0.11574307084083557,0.00032589562761131674,0.0006716125644743443,0.9484512512345092,3,3,4,0.0,4 5 3 10
2944,15786,0.050000000000000044,0.22685596346855164,0.0004060575884068385,0.00036390128661878407,0.9670587569900415,3,3,4,0.0,4 3 5 10
2945,15790,0.050000000000000044,0.2990611493587494,0.00036328758142190054,0.0006749939639121294,0.9342031731723179,3,3,4,0.0,4 3 5 10
2946,15796,0.050000000000000044,0.25004470348358154,0.00036220019683241844,0.0006410286296159029,0.9381364431945379,5,5,6,0.0,1 6 3 4 5 10
2947,15802,0.050000000000000044,0.476794958114624,0.0002988981602053779,0.0009280235972255468,0.9062835116129851,5,5,6,0.0,4 6 3 7 5 10
2948,15805,0.050000000000000044,0.11280357092618942,0.0002990398449279989,0.0006751836044713855,0.9241352745472463,2,2,3,0.0,4 7 10
2949,15810,0.050000000000000044,0.4753968119621277,0.0003448907897109166,0.0007237818208523095,0.9440221804926143,4,4,5,0.0,4 6 3 5 10
2950,15816,0.050000000000000044,0.44775184988975525,0.00039234804959657293,0.0012642915826290846,0.9227161618319476,5,5,6,0.0,1 3 4 7 5 10
2951,15821,0.050000000000000044,0.19737015664577484,0.0003355460125021636,0.00034986442187801003,0.9691345387456249,4,4,5,0.0,4 3 5 6 10
2952,15825,0.050000000000000044,0.3104132115840912,0.00036663218634203076,0.0007459187181666493,0.9416358080580742,3,3,4,0.0,4 3 5 10
2953,15834,0.050000000000000044,0.4480500817298889,0.0003078057149347539,0.00034580283681862056,0.9660522542123137,8,8,9,0.0,5 2 1 8 4 9 7 3 10
2954,15838,0.050000000000000044,0.1892882138490677,0.0003290029417257756,0.0003878751886077225,0.9448756375189485,3,3,4,0.0,4 3 5 10
2955,15844,0.050000000000000044,0.4645630717277527,0.00031664364602571976,0.0008823492680676281,0.9310364268463234,5,5,6,0.0,1 3 4 7 5 10
2956,15852,0.050000000000000044,0.4977317452430725,0.00032052196729637217,0.0007932761218398809,0.9258203749920327,7,7,8,0.0,5 8 9 3 2 7 4 10
2957,15855,0.050000000000000044,0.11682190746068954,0.0003107056060495476,0.0007344138575717807,0.9293879280121516,2,2,3,0.0,4 7 10
2958,15859,0.050000000000000044,0.10560298711061478,0.00031684305940871127,0.0003561797784641385,0.958056779700142,3,3,4,0.0,3 5 4 10
2959,15862,0.050000000000000044,0.10093612223863602,0.0002412501877794663,0.0005887215957045555,0.9234273165251781,2,2,3,0.0,3 5 10
2960,15866,0.050000000000000044,0.3104132115840912,0.0003655051259556785,0.0007459187181666493,0.9416358080580742,3,3,4,0.0,4 3 5 10
2961,15870,0.050000000000000044,0.2764498293399811,0.0003182107975590043,0.0008365531102754176,0.9055910599766815,3,3,4,0.0,5 3 4 10
2962,15879,0.050000000000000044,0.48968082666397095,0.00031472167595186166,0.0012561776675283909,0.9210129848168664,9,9,10,0.0,5 6 1 7 4 9 2 8 3
2963,15882,0.050000000000000044,0.17955344915390015,0.00035319640301167965,0.0023847990669310093,0.8868862852702243,2,2,3,0.0,8 7 10
2964,15886,0.050000000000000044,0.07760586589574814,0.00027360772219253704,0.0006504798075184226,0.9191824672356088,3,3,4,0.0,4 3 5 10
2965,15890,0.050000000000000044,0.24339476227760315,0.0003255154733778909,0.0011650301748886704,0.8867031143586219,3,3,4,0.0,3 4 5 10
2966,15894,0.050000000000000044,0.23378056287765503,0.0004097088458365761,0.0017929158639162779,0.8717285928523498,3,3,4,0.0,4 3 5 10
2967,15900,0.050000000000000044,0.47029659152030945,0.0003600180013260494,0.0007875108858570457,0.943914777440917,5,5,6,0.0,4 6 1 3 5 10
2968,15904,0.050000000000000044,0.2767753303050995,0.00025753143927431665,0.00023578456602990627,0.9599719557392895,3,3,4,0.0,4 3 5 10
2969,15910,0.050000000000000044,0.5195609927177429,0.0003483535498768712,0.0013352559180930257,0.9145186247567643,5,5,6,0.0,5 9 4 7 3 10
2970,15914,0.050000000000000044,0.1892882138490677,0.00026035437258542515,0.0003878751886077225,0.9448756375189485,3,3,4,0.0,4 3 5 10
2971,15919,0.050000000000000044,0.2832341492176056,0.000296327710384503,0.0007426048978231847,0.9420240639435409,4,4,5,0.0,1 4 3 5 10
2972,15923,0.050000000000000044,0.07760586589574814,0.0002892124975915067,0.0006504798075184226,0.9191824672356088,3,3,4,0.0,4 3 5 10
2973,15932,0.050000000000000044,0.4874567985534668,0.00027908879241699143,0.0007913691806606948,0.9263054944140733,8,8,9,0.0,4 8 9 7 5 2 6 3 10
2974,15936,0.050000000000000044,0.4264526963233948,0.0003049777587875724,0.0010011573322117329,0.917074837773932,3,3,4,0.0,5 3 4 10
2975,15945,0.050000000000000044,0.48184657096862793,0.0003171608873849942,0.0007713983068242669,0.9280170600387344,9,9,10,0.0,7 4 8 9 5 2 1 6 3
2976,15954,0.050000000000000044,0.3792897164821625,0.0002912136858665488,0.0009104710770770907,0.9083804065775786,9,9,10,0.0,8 9 4 1 2 5 7 6 3
2977,15958,0.050000000000000044,0.22685596346855164,0.000314324555802159,0.00036390128661878407,0.9670587569900415,3,3,4,0.0,4 3 5 10
2978,15962,0.050000000000000044,0.21238619089126587,0.0002457488917571027,0.0011898600496351719,0.9272665474275913,3,3,4,0.0,3 4 5 10
2979,15967,0.050000000000000044,0.2832341492176056,0.0002584847738035023,0.0007426048978231847,0.9420240639435409,4,4,5,0.0,1 4 3 5 10
2980,15972,0.050000000000000044,0.1668257862329483,0.0002669504057848826,0.0006886467454023659,0.9364799934037376,4,4,5,0.0,4 3 2 5 10
2981,15981,0.050000000000000044,0.42867761850357056,0.0002753570604707218,0.0010793664259836078,0.9030750394044676,9,9,10,0.0,4 6 5 8 1 9 2 7 3
2982,15985,0.050000000000000044,0.28492799401283264,0.0003014481990248896,0.00031904428033158183,0.9544529469061408,3,3,4,0.0,4 5 3 10
2983,15994,0.050000000000000044,0.48968085646629333,0.0002894229886199658,0.0012561776675283909,0.9210129848168664,9,9,10,0.0,5 9 4 2 8 7 1 6 3
2984,15999,0.050000000000000044,0.19737017154693604,0.00029923499678261576,0.00034986442187801003,0.9691345387456249,4,4,5,0.0,4 6 3 5 10
2985,16006,0.050000000000000044,0.44774532318115234,0.00047589764497908097,0.0008807640406303108,0.9307920445868575,6,6,7,0.0,1 3 4 7 2 5 10
2986,16010,0.050000000000000044,0.1095082238316536,0.0005521071725524962,0.0003611558931879699,0.9537193116407474,3,3,4,0.0,3 5 4 10
2987,16016,0.050000000000000044,0.44195544719696045,0.000497769748714442,0.0005994986277073622,0.9332900908061356,5,5,6,0.0,1 3 2 4 5 10
2988,16020,0.050000000000000044,0.108040951192379,0.0004986931744497269,0.0004871294368058443,0.9462413316709959,3,3,4,0.0,4 3 5 10
2989,16024,0.050000000000000044,0.21282950043678284,0.0004339807783253491,0.0008140195277519524,0.9398560478627752,3,3,4,0.0,5 4 3 10
2990,16029,0.050000000000000044,0.2871164083480835,0.0004150820372160524,0.0007144291885197163,0.9440950080132229,4,4,5,0.0,6 4 3 5 10
2991,16033,0.050000000000000044,0.2767753005027771,0.0004959068610332906,0.00023578456602990627,0.9599719557392895,3,3,4,0.0,3 5 4 10
2992,16036,0.050000000000000044,0.07920322567224503,0.0003933344269171357,0.0012084287591278553,0.8585446856286948,2,2,3,0.0,1 7 10
2993,16040,0.050000000000000044,0.18726478517055511,0.0003652681698440574,0.0008420562953688204,0.9279354690406892,3,3,4,0.0,5 4 3 10
2994,16044,0.050000000000000044,0.085133396089077,0.0003562727215467021,0.0008444669656455517,0.9045451429985933,3,3,4,0.0,4 3 5 10
2995,16048,0.050000000000000044,0.1833808869123459,0.00040797107794787735,0.0011306899832561612,0.9001813861546987,3,3,4,0.0,4 3 5 10
2996,16052,0.050000000000000044,0.20793236792087555,0.0003772999334614724,0.0004913120064884424,0.9460985286517886,3,3,4,0.0,4 3 5 10
2997,16056,0.050000000000000044,0.20793236792087555,0.00037899836024735123,0.0004913120064884424,0.9460985286517886,3,3,4,0.0,4 3 5 10
2998,16065,0.050000000000000044,0.4982354938983917,0.0004161176297606693,0.0012691824231296778,0.9197595400489893,8,8,9,0.0,7 2 1 5 8 9 4 3 10
2999,16073,0.050000000000000044,0.4645358920097351,0.00034608780333655886,0.00034877241705544293,0.9661886008206078,7,7,8,0.0,9 5 2 4 8 7 3 10
3000,16078,0.050000000000000044,0.2865625023841858,0.00032541551045142116,0.0007203413988463581,0.9439258649147931,4,4,5,0.0,7 5 3 4 10
