episode,global_step,epsilon,scalar_return,loss,mse,ssim,k,k_effective,cost,actions
1,2,0.9993666666666666,0.10911453515291214,,0.0023062494583427906,0.7860097233222645,1,1,0.1111111111111111,8 10
2,7,0.9977833333333334,0.16623391211032867,,0.0006524226628243923,0.9386318469869679,4,4,0.4444444444444444,3 4 5 6 10
3,11,0.9965166666666667,0.04122143238782883,,0.0008564235176891088,0.9081694614961655,3,3,0.3333333333333333,8 5 9 10
4,19,0.9939833333333333,-0.3454354703426361,,0.0006317737861536443,0.924216018828002,7,7,0.7777777777777778,2 6 4 7 5 1 9 10
5,28,0.9911333333333333,0.33756500482559204,,0.001136177801527083,0.8992367424558091,8,8,0.8888888888888888,2 4 1 6 8 9 7 5 10
6,34,0.9892333333333333,0.32686612010002136,,0.001022778102196753,0.8954606952409256,5,5,0.5555555555555556,9 3 7 5 6 10
7,39,0.98765,-0.14096947014331818,,0.0005939966067671776,0.9299242685014087,4,4,0.4444444444444444,9 2 5 1 10
8,41,0.9870166666666667,0.0009595304727554321,,0.001075230073183775,0.8606651243593159,1,1,0.1111111111111111,9 10
9,47,0.9851166666666666,0.28545981645584106,,0.0011348314583301544,0.9100674955477754,5,5,0.5555555555555556,1 5 9 7 6 10
10,54,0.9829,0.32782554626464844,,0.0008553127991035581,0.9302645927377037,6,6,0.6666666666666666,2 9 5 6 8 4 10
11,63,0.98005,-0.3726158142089844,,0.0003453679964877665,0.9657643216614491,8,8,0.8888888888888888,7 8 3 1 2 5 9 4 10
12,71,0.9775166666666667,-0.06701546907424927,,0.0017496992368251085,0.8754001992724738,7,7,0.7777777777777778,3 5 8 6 7 2 9 10
13,76,0.9759333333333333,0.28710538148880005,,0.002088910201564431,0.8720381481708088,4,4,0.4444444444444444,6 9 2 3 10
14,85,0.9730833333333333,-0.4610964059829712,,0.00038265169132500887,0.9554485108318,9,9,1.0,8 2 5 7 4 9 6 3 1
15,88,0.9721333333333333,0.3763643205165863,,0.0018727949354797602,0.8794147993862079,2,2,0.2222222222222222,5 3 10
16,93,0.97055,0.009906746447086334,,0.0028153355233371258,0.8247265125426612,4,4,0.4444444444444444,6 2 9 4 10
17,98,0.9689666666666666,0.00835275650024414,,0.0006570566329173744,0.9461810773285051,4,4,0.4444444444444444,6 1 4 2 10
18,100,0.9683333333333334,0.1334400773048401,,0.0019556432962417603,0.800921233774547,1,1,0.1111111111111111,3 10
19,104,0.9670666666666666,0.45293858647346497,,0.0005224489141255617,0.9122306733756513,3,3,0.3333333333333333,2 8 4 10
20,106,0.9664333333333334,0.2136620581150055,,0.0023845075629651546,0.8251365632190858,1,1,0.1111111111111111,8 10
21,108,0.9658,0.053220368921756744,,0.0011728492099791765,0.886545326875237,1,1,0.1111111111111111,3 10
22,109,0.9654833333333334,0.0,,0.002150712301954627,0.7679219787539504,0,0,0.0,10
23,113,0.9642166666666667,-0.036052390933036804,,0.000676613999530673,0.9277072937784807,3,3,0.3333333333333333,7 5 8 10
24,122,0.9613666666666667,-0.061570242047309875,,0.0006980064790695906,0.9211397613448564,8,8,0.8888888888888888,9 8 3 4 5 1 2 7 10
25,128,0.9594666666666667,-0.19487792253494263,0.013911708258092403,0.0004900325438939035,0.9433808290575687,5,5,0.5555555555555556,5 4 1 2 6 10
26,133,0.9578833333333333,0.22106142342090607,0.0129012456163764,0.0013741785660386086,0.8834410282568929,4,4,0.4444444444444444,8 6 4 1 10
27,141,0.95535,-0.07490146160125732,0.007870274886954576,0.0012528939405456185,0.8787314694875344,7,7,0.7777777777777778,5 2 7 6 8 1 9 10
28,150,0.9525,-0.225229412317276,0.005201103372706307,0.00032430374994874,0.9546719396688425,8,8,0.8888888888888888,3 4 7 9 6 1 5 8 10
29,159,0.94965,0.39781486988067627,0.0028976634558704165,0.0012130457907915115,0.9249279778295691,9,9,1.0,2 8 7 1 3 9 6 4 5
30,162,0.9487,0.34000396728515625,0.002914058044552803,0.0016896098386496305,0.8938816215280404,2,2,0.2222222222222222,4 8 10
31,168,0.9468,0.4427921175956726,0.002573926583863795,0.0014556734822690487,0.9059246909427019,5,5,0.5555555555555556,1 3 2 8 5 10
32,177,0.94395,-0.15065376460552216,0.001838079304434359,0.0010176234645769,0.9020638197625009,9,9,1.0,8 5 1 3 2 6 4 7 9
33,183,0.94205,-0.19035819172859192,0.0014019461620288591,0.0006162576610222459,0.9287155372280003,5,5,0.5555555555555556,7 1 4 3 2 10
34,187,0.9407833333333333,0.18722215294837952,0.001543317746836692,0.0015102728502824903,0.8339301274555617,3,3,0.3333333333333333,2 6 9 10
35,188,0.9404666666666667,0.0,0.001253166701644659,0.0032505933195352554,0.755452067235498,0,0,0.0,10
36,194,0.9385666666666667,0.007471457123756409,0.0010824099008459598,0.002228441182523966,0.8576041444011437,5,5,0.5555555555555556,2 3 8 7 6 10
37,200,0.9366666666666666,-0.2206295132637024,0.0011663424860065181,0.001152152894064784,0.8742767525360644,5,5,0.5555555555555556,1 8 9 2 5 10
38,201,0.93635,0.0,0.0015549978706985712,0.0023183857556432486,0.8213479642675443,0,0,0.0,10
39,209,0.9338166666666666,0.008646458387374878,0.0009815650846576318,0.0005896267248317599,0.9428797673597914,7,7,0.7777777777777778,5 1 6 7 4 8 3 10
40,211,0.9331833333333334,0.13519889116287231,0.0007041721837595105,0.003983908332884312,0.7575321177670712,1,1,0.1111111111111111,9 10
41,218,0.9309666666666667,0.4031514525413513,0.0008034124704343932,0.0009127592784352601,0.9076713455240735,6,6,0.6666666666666666,6 5 3 4 1 2 10
42,225,0.92875,-0.11637294292449951,0.0007502614919628416,0.000606491114012897,0.9304069533997286,6,6,0.6666666666666666,3 2 6 1 7 4 10
43,231,0.92685,0.3970809876918793,0.0006422623312876871,0.0008944963337853551,0.9148552877015648,5,5,0.5555555555555556,6 2 4 9 1 10
44,233,0.9262166666666667,0.15316301584243774,0.000755928602302447,0.0036978404968976974,0.7570185112079226,1,1,0.1111111111111111,2 10
45,242,0.9233666666666667,-0.12094151973724365,0.0006755802832129928,0.0002061943378066644,0.9657234065899101,9,9,1.0,3 4 6 5 9 2 8 7 1
46,248,0.9214666666666667,0.026828959584236145,0.0006546404959711557,0.0003287849249318242,0.944094498591956,5,5,0.5555555555555556,8 5 6 1 2 10
47,251,0.9205166666666666,0.40395450592041016,0.0025249952256369093,0.002156833652406931,0.8755835775246092,2,2,0.2222222222222222,4 5 10
48,255,0.91925,-0.01720544695854187,0.0036426918231882155,0.0004930556751787663,0.939367881587371,3,3,0.3333333333333333,4 2 5 10
49,258,0.9183,0.02045898139476776,0.002454066493858894,0.0038897418417036533,0.8226151564771029,2,2,0.2222222222222222,7 2 10
50,264,0.9164,-0.18711048364639282,0.0020520579613124332,0.0006085996283218265,0.925565890232533,5,5,0.5555555555555556,7 4 5 8 3 10
51,273,0.91355,0.43527817726135254,0.0012057246963700487,0.0003408566699363291,0.9391656106915968,8,8,0.8888888888888888,3 1 8 5 7 4 6 2 10
52,275,0.9129166666666667,0.10252518951892853,0.0008818079659249634,0.002220975933596492,0.845628573329993,1,1,0.1111111111111111,7 10
53,277,0.9122833333333333,0.3026158809661865,0.0010021926136687398,0.0022990102879703045,0.8035066326355892,1,1,0.1111111111111111,3 10
54,284,0.9100666666666667,-0.037321776151657104,0.0007697229988739959,0.0012577918823808432,0.8669084116515308,6,6,0.6666666666666666,4 2 3 6 7 1 10
55,285,0.9097500000000001,0.0,0.0005414803163148463,0.002573377685621381,0.7079943261833531,0,0,0.0,10
56,294,0.9069,0.2966666519641876,0.000695346660601596,0.0009142567869275808,0.9300807623921337,8,8,0.8888888888888888,7 1 5 4 6 8 9 3 10
57,303,0.90405,-0.2715943455696106,0.0006133343623433677,0.0009720096131786704,0.940607339923362,9,9,1.0,5 1 8 2 4 7 3 9 6
58,312,0.9012,0.3991244435310364,0.0005003811351747976,0.0005774699384346604,0.936160917851219,9,9,1.0,7 5 4 2 6 1 8 3 9
59,313,0.9008833333333334,0.0,0.0005047305021435022,0.004335587844252586,0.7633276272936244,0,0,0.0,10
60,317,0.8996166666666666,-0.14002341032028198,0.0005515769735211506,0.0013281069695949554,0.8492706471015383,3,3,0.3333333333333333,6 8 1 10
61,319,0.8989833333333334,0.08726166933774948,0.0004886219248874113,0.003720454405993223,0.7640823175240303,1,1,0.1111111111111111,8 10
62,325,0.8970833333333333,0.09343358874320984,0.0005661472387146205,0.0007516673649661243,0.9290193456992525,5,5,0.5555555555555556,6 8 4 7 5 10
63,326,0.8967666666666667,0.0,0.0004569197481032461,0.0047253090888261795,0.6450714768927548,0,0,0.0,10
64,335,0.8939166666666667,0.3978147506713867,0.0004741840821225196,0.0012130457907915115,0.9249279778295691,9,9,1.0,8 5 2 3 7 9 6 1 4
65,342,0.8917,-0.03627122938632965,0.0004701148219672697,0.0020456044003367424,0.8614756196037413,6,6,0.6666666666666666,9 8 3 7 1 6 10
66,351,0.88885,-0.29589080810546875,0.0004924438770912173,0.0007217969396151602,0.9391822799349228,9,9,1.0,1 4 2 8 9 5 6 7 3
67,352,0.8885333333333334,0.0,0.0006180386990308762,0.003362582065165043,0.6735280434663024,0,0,0.0,10
68,361,0.8856833333333334,-0.29020291566848755,0.0004237789447264125,0.0003181181673426181,0.9554741363640206,9,9,1.0,9 2 5 3 1 6 7 4 8
69,369,0.88315,0.3278965651988983,0.0004495870161917992,0.0008044340065680444,0.9371283563223803,7,7,0.7777777777777778,7 6 8 3 4 1 5 10
70,371,0.8825166666666666,0.052483271807432175,0.000418735493440181,0.0023537324741482735,0.8390926550121427,1,1,0.1111111111111111,7 10
71,376,0.8809333333333333,-0.01612456887960434,0.00045561976730823517,0.0008107747416943312,0.9140592480917749,4,4,0.4444444444444444,9 7 2 5 10
72,377,0.8806166666666666,0.0,0.0003859771532006562,0.002573377685621381,0.7079943261833531,0,0,0.0,10
73,386,0.8777666666666667,-0.10907061398029327,0.00041209919274681143,0.00026052328757941723,0.9618873739710319,9,9,1.0,5 9 4 3 2 1 6 7 8
74,391,0.8761833333333333,0.3757235109806061,0.0003789708425756544,0.0013222614070400596,0.8782158451294361,4,4,0.4444444444444444,2 6 5 8 10
75,393,0.87555,0.14440946280956268,0.00042404598207212985,0.0018255708273500204,0.8741793861517442,1,1,0.1111111111111111,4 10
76,398,0.8739666666666667,0.11614246666431427,0.0004009281750768423,0.0009547247900627553,0.8903102173639392,4,4,0.4444444444444444,2 6 7 5 10
77,399,0.87365,0.0,0.0004251404607202858,0.002123134210705757,0.8024349885059169,0,0,0.0,10
78,405,0.87175,0.055492281913757324,0.00040405439600969356,0.0011272847186774015,0.8917171135456184,5,5,0.5555555555555556,7 6 4 9 5 10
79,411,0.86985,0.31842702627182007,0.00042146379807187867,0.0012621538480743766,0.9038035613479144,5,5,0.5555555555555556,5 8 3 1 6 10
80,419,0.8673166666666667,0.4939091205596924,0.00040703230479266495,0.0004613228957168758,0.9560480100079467,7,7,0.7777777777777778,1 5 3 4 8 9 7 10
81,428,0.8644666666666667,-0.09816247224807739,0.0003430841768729604,0.001039355294778943,0.9001721756069896,8,8,0.8888888888888888,7 5 6 4 8 3 1 2 10
82,432,0.8632,0.06855534017086029,0.00041749345837160945,0.0006743467529304326,0.9422755834428366,3,3,0.3333333333333333,2 4 7 10
83,439,0.8609833333333333,-0.09038765728473663,0.0004077074201112347,0.00048088375478982925,0.9470060821910534,6,6,0.6666666666666666,6 1 7 5 4 2 10
84,445,0.8590833333333333,-0.1668301224708557,0.0004477625770960003,0.0005249661044217646,0.9461934984474488,5,5,0.5555555555555556,8 3 6 7 5 10
85,451,0.8571833333333333,0.33064037561416626,0.00034449251446252066,0.000645291293039918,0.94626394591065,5,5,0.5555555555555556,7 3 4 2 9 10
86,456,0.8556,0.10349951684474945,0.00038383223582059143,0.0005029883468523622,0.9466009777522115,4,4,0.4444444444444444,8 9 3 7 10
87,459,0.85465,-0.022808529436588287,0.0004019474727101624,0.0008037214865908027,0.9140130568929149,2,2,0.2222222222222222,8 1 10
88,467,0.8521166666666666,0.318173885345459,0.0003850574685202446,0.0011253042612224817,0.9330184271140523,7,7,0.7777777777777778,8 7 9 3 4 6 5 10
89,468,0.8518,0.0,0.0003731791512109339,0.0028499681502580643,0.7693135804229823,0,0,0.0,10
90,471,0.85085,0.02115042507648468,0.00045931808805714053,0.0008771221619099379,0.9183234738786212,2,2,0.2222222222222222,8 4 10
91,472,0.8505333333333334,0.0,0.0004923442611470819,0.0017141567077487707,0.8677197799516242,0,0,0.0,10
92,475,0.8495833333333334,0.11965489387512207,0.00047820475689756375,0.001696392660960555,0.8612536111897506,2,2,0.2222222222222222,7 3 10
93,480,0.848,-0.005217850208282471,0.00036896388046443463,0.0012996956938877702,0.8787635722497698,4,4,0.4444444444444444,9 5 2 3 10
94,482,0.8473666666666666,0.11480648070573807,0.00043852344970218837,0.0020389046985656023,0.8271890546634847,1,1,0.1111111111111111,7 10
95,484,0.8467333333333333,0.05966370552778244,0.00046676021884195507,0.0010643962305039167,0.8938761080762506,1,1,0.1111111111111111,4 10
96,493,0.8438833333333333,-0.21260368824005127,0.0003672774117957387,0.000421119446400553,0.9534574667530026,8,8,0.8888888888888888,1 4 8 5 2 9 3 7 10
97,497,0.8426166666666667,0.46925783157348633,0.0003291678185632918,0.0008157343836501241,0.9243927462985484,3,3,0.3333333333333333,4 9 8 10
98,500,0.8416666666666667,0.3498002290725708,0.0003533750617255767,0.0011435477063059807,0.8821173681125629,2,2,0.2222222222222222,7 8 10
99,509,0.8388166666666667,-0.05973882973194122,0.0023788504897513324,0.0006867631454952061,0.9223396097809324,8,8,0.8888888888888888,8 6 9 4 3 5 1 2 10
100,514,0.8372333333333333,-0.12874874472618103,0.0017786182928830386,0.0005390706937760115,0.9366264541530439,4,4,0.4444444444444444,9 7 8 6 10
101,519,0.83565,0.3382357358932495,0.0013296368066221475,0.0011136746034026146,0.8844167202197272,4,4,0.4444444444444444,7 6 9 2 10
102,525,0.83375,-0.06086955964565277,0.0012883138842880726,0.0008997072582133114,0.9208115812980179,5,5,0.5555555555555556,2 4 5 9 6 10
103,528,0.8328,0.11305596679449081,0.0012528830751155813,0.0008323058136738837,0.9115637315262228,2,2,0.2222222222222222,7 5 10
104,531,0.83185,0.051999546587467194,0.0009547007891039053,0.0007699312409386039,0.8960535639673294,2,2,0.2222222222222222,4 2 10
105,534,0.8309,0.005869515240192413,0.0012071824943025906,0.0009639046620577574,0.9071776191576625,2,2,0.2222222222222222,9 3 10
106,536,0.8302666666666667,0.28657788038253784,0.0008819135546218604,0.0017836694605648518,0.8476207488693749,1,1,0.1111111111111111,4 10
107,538,0.8296333333333333,0.07145357131958008,0.0009353159985039383,0.0027491827495396137,0.8041830419227215,1,1,0.1111111111111111,9 10
108,542,0.8283666666666667,-0.07557186484336853,0.0010636449296725914,0.0006506821373477578,0.9232497276133647,3,3,0.3333333333333333,3 2 9 10
109,550,0.8258333333333334,0.32750171422958374,0.0009774674254003912,0.0008052383782342076,0.9368434024090999,7,7,0.7777777777777778,3 1 6 4 5 2 7 10
110,558,0.8233,0.4270379841327667,0.0008933032295317389,0.000769365462474525,0.928551796890184,7,7,0.7777777777777778,7 9 8 5 4 1 3 10
111,559,0.8229833333333334,0.0,0.0009780032560229301,0.001008792663924396,0.8773070637725834,0,0,0.0,10
112,568,0.8201333333333334,0.42282634973526,0.0007850672183040944,0.0003227495471946895,0.9422542529355615,9,9,1.0,9 3 4 6 7 8 2 1 5
113,575,0.8179166666666666,0.33841249346733093,0.0007986422362072128,0.0004903413355350494,0.9553053307299382,6,6,0.6666666666666666,3 6 8 2 7 5 10
114,577,0.8172833333333334,0.02208257094025612,0.0007238154648803174,0.0013892791466787457,0.8656732950771535,1,1,0.1111111111111111,8 10
115,584,0.8150666666666667,-0.122525155544281,0.0006795830309524068,0.0011641805758699775,0.8937313891991565,6,6,0.6666666666666666,6 1 7 2 3 5 10
116,589,0.8134833333333333,-0.11665233969688416,0.0007254625554196537,0.0007004218641668558,0.9261683357633677,4,4,0.4444444444444444,4 9 6 8 10
117,591,0.81285,0.0173320509493351,0.0007822270854376256,0.0015752427279949188,0.8734967424716982,1,1,0.1111111111111111,7 10
118,599,0.8103166666666667,-0.3035753667354584,0.000762512929213699,0.0005898961098864675,0.955116568472099,7,7,0.7777777777777778,4 9 1 5 3 7 8 10
119,601,0.8096833333333333,0.21998783946037292,0.0008036002982407808,0.002636719960719347,0.841886814165413,1,1,0.1111111111111111,5 10
120,606,0.8081,0.10375823080539703,0.0006712564150802791,0.0011950560146942735,0.8887775589963344,4,4,0.4444444444444444,1 4 5 3 10
121,613,0.8058833333333333,-0.12027245759963989,0.0006359791067162794,0.0008845392148941755,0.9222253211081808,6,6,0.6666666666666666,5 3 2 7 8 9 10
122,617,0.8046166666666666,0.3747446835041046,0.0005592634988715872,0.0017664668848738074,0.9021177075971605,3,3,0.3333333333333333,7 5 6 10
123,618,0.8043,0.0,0.0005577944684773684,0.002573377685621381,0.7079943261833531,0,0,0.0,10
124,623,0.8027166666666667,0.36017242074012756,0.0006114146439358592,0.0012250709114596248,0.8792578262519468,4,4,0.4444444444444444,7 9 1 4 10
125,626,0.8017666666666667,0.025224201381206512,0.0005773967034959545,0.0008564105955883861,0.9216707786113272,2,2,0.2222222222222222,1 7 10
126,628,0.8011333333333334,0.061282929033041,0.0006119375175330788,0.0015391330234706402,0.8901685508240488,1,1,0.1111111111111111,6 10
127,633,0.79955,0.3110247254371643,0.0005963923642411828,0.0019192469771951437,0.8835546404442237,4,4,0.4444444444444444,3 9 1 2 10
128,638,0.7979666666666667,-0.013172149658203125,0.0006477471208199859,0.0014249472878873348,0.9030818483846508,4,4,0.4444444444444444,4 6 9 1 10
129,645,0.79575,0.004436492919921875,0.0005973445950075984,0.0016353465616703033,0.8892673807623979,6,6,0.6666666666666666,3 6 4 5 7 8 10
130,648,0.7948,0.02369723469018936,0.0007464646090132495,0.0008499757968820632,0.9193024975419328,2,2,0.2222222222222222,3 4 10
131,651,0.79385,-0.04465028643608093,0.0005412755611663064,0.0011499938555061817,0.8673197642748336,2,2,0.2222222222222222,9 6 10
132,660,0.791,0.265317440032959,0.000564258371014148,0.001152815530076623,0.9162087571252399,8,8,0.8888888888888888,2 5 6 4 1 7 9 8 10
133,665,0.7894166666666667,0.07102514803409576,0.0005103523202706128,0.0014333296567201614,0.8691657539213455,4,4,0.4444444444444444,4 9 6 7 10
134,670,0.7878333333333334,0.37731823325157166,0.0005805320804938674,0.0005736587336286902,0.9475555051556666,4,4,0.4444444444444444,3 1 5 8 10
135,672,0.7872,0.08169006556272507,0.00044529090519063175,0.0017935188952833414,0.8454277359722149,1,1,0.1111111111111111,1 10
136,675,0.78625,0.11000248044729233,0.0004935853454905251,0.0008278614841401577,0.9328222060210639,2,2,0.2222222222222222,6 7 10
137,679,0.7849833333333334,-0.04816373437643051,0.0005220229140832089,0.0007859322358854115,0.9215004118192636,3,3,0.3333333333333333,7 6 8 10
138,682,0.7840333333333334,-0.00927823781967163,0.0006145176012068987,0.0007198157254606485,0.9188848010548939,2,2,0.2222222222222222,5 1 10
139,691,0.7811833333333333,-0.4604269564151764,0.0005251380918909692,0.0003566162195056677,0.956461872431526,9,9,1.0,2 4 5 7 3 8 6 1 9
140,692,0.7808666666666667,0.0,0.00046066567301750183,0.001842327183112502,0.7705962758325262,0,0,0.0,10
141,696,0.7796,-0.005744382739067078,0.0004378080338938162,0.0007385832723230124,0.9459734463557051,3,3,0.3333333333333333,4 5 3 10
142,705,0.77675,0.39912453293800354,0.0005153900064114067,0.0005774699384346604,0.936160917851219,9,9,1.0,9 5 7 2 4 6 8 1 3
143,710,0.7751666666666667,0.3147861361503601,0.0005013917223550379,0.0016586126293987036,0.8740388973750058,4,4,0.4444444444444444,4 5 8 1 10
144,716,0.7732666666666667,0.027410686016082764,0.0004625761309095348,0.0003753559722099453,0.9500441348421588,5,5,0.5555555555555556,7 8 2 9 4 10
145,721,0.7716833333333333,0.3176921010017395,0.0005305801401846111,0.0009526677313260734,0.9130121425677902,4,4,0.4444444444444444,4 9 2 8 10
146,724,0.7707333333333333,-0.02445533126592636,0.00043507379208070535,0.0019518773769959807,0.8872348609137903,2,2,0.2222222222222222,3 7 10
147,730,0.7688333333333334,-0.03553183376789093,0.0005140126886544749,0.0003636959590949118,0.950066106320845,5,5,0.5555555555555556,3 9 4 7 5 10
148,739,0.7659833333333333,-0.1026439517736435,0.0005180509922663785,0.0015773784834891558,0.8908787631605808,8,8,0.8888888888888888,4 5 7 9 2 1 6 3 10
149,748,0.7631333333333333,-0.07112143933773041,0.0005226203421544698,0.00037580248317681253,0.9619729726284069,8,8,0.8888888888888888,9 6 7 1 3 5 8 2 10
150,753,0.76155,0.10654467344284058,0.001740528957452625,0.0005329583073034883,0.9505249821668431,4,4,0.4444444444444444,3 1 6 4 10
151,758,0.7599666666666667,-0.1056104525923729,0.002251053205691278,0.0009628989500924945,0.9294363778000354,4,4,0.4444444444444444,4 5 8 6 10
152,762,0.7587,0.30884236097335815,0.002203808107879013,0.0014896506909281015,0.8557778589702106,3,3,0.3333333333333333,8 2 6 10
153,765,0.75775,0.11379346251487732,0.001780115223179261,0.0005225643399171531,0.928547061625403,2,2,0.2222222222222222,2 4 10
154,767,0.7571166666666667,0.0884694904088974,0.0016276017995551229,0.002542470581829548,0.8013848194256691,1,1,0.1111111111111111,7 10
155,770,0.7561666666666667,0.11293858289718628,0.0018722840662424762,0.0019527582917362452,0.8292325138514164,2,2,0.2222222222222222,4 1 10
156,773,0.7552166666666666,-0.04385935142636299,0.0016764463701595862,0.0016244957223534584,0.817762529599291,2,2,0.2222222222222222,9 6 10
157,775,0.7545833333333334,0.03451820835471153,0.0018068498466163874,0.001201205886900425,0.8625056232180663,1,1,0.1111111111111111,4 10
158,777,0.75395,0.03983094170689583,0.001363046991173178,0.0013118644710630178,0.8802974892649512,1,1,0.1111111111111111,8 10
159,779,0.7533166666666666,0.1339123547077179,0.001488756446633488,0.0021121851168572903,0.7995512596421236,1,1,0.1111111111111111,7 10
160,785,0.7514166666666666,-0.15213251113891602,0.0013822076531747978,0.0006263888208195567,0.9517324302837199,5,5,0.5555555555555556,4 1 5 6 3 10
161,794,0.7485666666666666,0.471827894449234,0.0012149768816824588,0.0004546406853478402,0.9546431709661212,8,8,0.8888888888888888,6 5 4 1 3 8 7 2 10
162,796,0.7479333333333333,0.052182380110025406,0.0010288077464792877,0.0034269026946276426,0.8043096757238658,1,1,0.1111111111111111,4 10
163,802,0.7460333333333333,0.34790682792663574,0.0013513979113971193,0.0014689646195620298,0.9203547511236492,5,5,0.5555555555555556,4 2 7 5 6 10
164,809,0.7438166666666667,0.2928291857242584,0.0011140243399755231,0.0009378477116115391,0.924018919698265,6,6,0.6666666666666666,6 1 5 3 7 4 10
165,812,0.7428666666666667,0.07953540235757828,0.0012537599929297965,0.001349239842966199,0.8864749423167297,2,2,0.2222222222222222,4 1 10
166,813,0.74255,0.0,0.0009666525293141603,0.002150712301954627,0.7679219787539504,0,0,0.0,10
167,816,0.7416,0.006674483418464661,0.000959955466290315,0.0015387700404971838,0.9049322825106798,2,2,0.2222222222222222,5 9 10
168,824,0.7390666666666666,0.363070547580719,0.0011232619726797566,0.00030841477564536035,0.970887054657114,7,7,0.7777777777777778,1 8 4 6 9 3 5 10
169,826,0.7384333333333334,0.0429161973297596,0.0009596088202670217,0.001217765617184341,0.8771533304637167,1,1,0.1111111111111111,5 10
170,828,0.7378,-0.02261921390891075,0.0009458496351726353,0.0018979962915182114,0.850053531916172,1,1,0.1111111111111111,9 10
171,829,0.7374833333333334,0.0,0.0008305386872962117,0.004335587844252586,0.7633276272936244,0,0,0.0,10
172,838,0.7346333333333334,0.4562515616416931,0.0009546459057471819,0.0004373207048047334,0.9572884005612907,9,9,1.0,4 3 6 5 2 7 1 8 9
173,842,0.7333666666666667,0.040277205407619476,0.0008367354021174833,0.0008639527950435877,0.9078862626863008,3,3,0.3333333333333333,4 7 2 10
174,845,0.7324166666666667,-0.010794036090373993,0.0009342296592270335,0.001093982718884945,0.8963464770098433,2,2,0.2222222222222222,6 7 10
175,851,0.7305166666666667,0.0340467244386673,0.000850306823849678,0.0012643958907574415,0.8770236867202023,5,5,0.5555555555555556,5 1 7 6 8 10
176,854,0.7295666666666667,0.4198873043060303,0.0008929990969287852,0.0009392201318405569,0.8869639261050967,2,2,0.2222222222222222,5 2 10
177,856,0.7289333333333334,0.23068472743034363,0.0005892108893021941,0.0015251798322424293,0.8367638343349365,1,1,0.1111111111111111,7 10
178,859,0.7279833333333334,0.19155144691467285,0.0008731797570362687,0.002115605166181922,0.850484042435632,2,2,0.2222222222222222,2 9 10
179,862,0.7270333333333334,0.1275331676006317,0.000837786472402513,0.0007741065928712487,0.9220827803387796,2,2,0.2222222222222222,5 4 10
180,866,0.7257666666666667,0.4312083423137665,0.0008163479069480672,0.0008339787600561976,0.9313874242740919,3,3,0.3333333333333333,5 7 4 10
181,872,0.7238666666666667,0.3537452220916748,0.0008709270623512566,0.0013488249387592077,0.8834454632152701,5,5,0.5555555555555556,6 3 8 2 9 10
182,876,0.7226,0.04014359414577484,0.0009096502617467195,0.0011402042582631111,0.9018877816655618,3,3,0.3333333333333333,9 7 1 10
183,880,0.7213333333333334,0.03262419253587723,0.0008251870167441666,0.002618286991491914,0.8781334131282802,3,3,0.3333333333333333,9 2 8 10
184,887,0.7191166666666666,0.41086551547050476,0.0008143713431698936,0.0008901041001081467,0.9129172053617757,6,6,0.6666666666666666,1 5 8 2 3 7 10
185,896,0.7162666666666666,-0.08757972717285156,0.00071634193106244,0.000606982153840363,0.9514482831593501,9,9,1.0,5 9 4 2 6 1 3 8 7
186,905,0.7134166666666666,0.29417476058006287,0.0007443740097288457,0.000637863646261394,0.9507563770455214,8,8,0.8888888888888888,5 6 7 1 2 8 3 4 10
187,908,0.7124666666666667,0.17183817923069,0.0005629586715561649,0.0013637416996061802,0.8878484855136889,2,2,0.2222222222222222,4 8 10
188,909,0.7121500000000001,0.0,0.0009992453269660473,0.002730385400354862,0.7102124447359589,0,0,0.0,10
189,912,0.7112,0.13048729300498962,0.0007407605298794806,0.0007082116790115833,0.9408397962661476,2,2,0.2222222222222222,4 5 10
190,915,0.71025,0.27979913353919983,0.0006800384338324269,0.002654306124895811,0.8389725055585435,2,2,0.2222222222222222,1 5 10
191,920,0.7086666666666668,0.12306906282901764,0.000787871889770031,0.001118013635277748,0.9172910179114512,4,4,0.4444444444444444,5 4 1 6 10
192,923,0.7077166666666668,0.13073496520519257,0.0010003590141423047,0.0026866323314607143,0.8293374690623659,2,2,0.2222222222222222,4 3 10
193,926,0.7067666666666668,0.08323599398136139,0.0007098280863525966,0.001519873272627592,0.8936562753070975,2,2,0.2222222222222222,8 4 10
194,935,0.7039166666666667,0.3978147804737091,0.0007853094721212983,0.0012130457907915115,0.9249279778295691,9,9,1.0,5 6 4 3 8 9 2 1 7
195,940,0.7023333333333333,0.350292444229126,0.0007881600176915526,0.0012739994563162327,0.9033768785924747,4,4,0.4444444444444444,1 6 5 3 10
196,943,0.7013833333333332,0.13048729300498962,0.0007136397180147469,0.0007082116790115833,0.9408397962661476,2,2,0.2222222222222222,5 4 10
197,946,0.7004333333333334,0.11305596679449081,0.0009317645647873481,0.0008323058136738837,0.9115637315262228,2,2,0.2222222222222222,7 5 10
198,951,0.69885,0.35285815596580505,0.0007387131103314459,0.0009375216905027628,0.921141667763274,4,4,0.4444444444444444,2 8 7 5 10
199,959,0.6963166666666667,0.38421526551246643,0.0008083329594228417,0.0009031022782437503,0.9092255556484181,7,7,0.7777777777777778,6 3 5 8 2 1 4 10
200,963,0.69505,0.08750835061073303,0.0006775846850359812,0.0015697551425546408,0.9087668095984441,3,3,0.3333333333333333,3 5 2 10
201,971,0.6925166666666667,-0.03933072090148926,0.0007341635136981495,0.0009175401064567268,0.9201305040848241,7,7,0.7777777777777778,1 2 4 8 9 7 6 10
202,975,0.69125,0.07963882386684418,0.0006971405819058418,0.0011351716239005327,0.8950697519903943,3,3,0.3333333333333333,7 4 5 10
203,981,0.68935,0.4602341651916504,0.0009012992086354643,0.0006573767168447375,0.9273444330862388,5,5,0.5555555555555556,4 1 5 9 7 10
204,987,0.68745,0.05968761444091797,0.0008353686037783822,0.0003883779572788626,0.9432247810499846,5,5,0.5555555555555556,6 7 5 9 1 10
205,990,0.6865,0.016289450228214264,0.001037967352507015,0.001383608439937234,0.9088039434560343,2,2,0.2222222222222222,8 4 10
206,992,0.6858666666666666,0.06062532961368561,0.0007610518077854067,0.0011297360761091113,0.8922865877058644,1,1,0.1111111111111111,4 10
207,993,0.68555,0.0,0.0009326643776148558,0.004335587844252586,0.7633276272936244,0,0,0.0,10
208,997,0.6842833333333334,0.09183314442634583,0.0006180013006087393,0.0005723385838791728,0.9536684431870968,3,3,0.3333333333333333,4 6 7 10
209,1006,0.6814333333333333,0.4228263795375824,0.0018908229540102184,0.0003227495471946895,0.9422542529355615,9,9,1.0,7 8 4 6 5 9 3 1 2
210,1011,0.6798500000000001,-0.13181376457214355,0.0018035854678601026,0.0005667242803610861,0.9364770487411552,4,4,0.4444444444444444,2 9 1 4 10
211,1019,0.6773166666666667,0.2849566638469696,0.0016578374488744885,0.0013603913830593228,0.9169922453173027,7,7,0.7777777777777778,8 7 1 6 5 9 3 10
212,1027,0.6747833333333333,0.3122222125530243,0.0014519647229462862,0.000518966990057379,0.9402120776660519,7,7,0.7777777777777778,3 4 9 5 2 1 8 10
213,1031,0.6735166666666667,-0.08352424949407578,0.0016098170599434525,0.0009544854401610792,0.8891553210535316,3,3,0.3333333333333333,9 1 4 10
214,1034,0.6725666666666666,0.16510243713855743,0.001857071416452527,0.0013820866588503122,0.8542153880124144,2,2,0.2222222222222222,4 7 10
215,1037,0.6716166666666668,0.010284073650836945,0.001420805851618449,0.0008944729343056679,0.9065311827279371,2,2,0.2222222222222222,9 4 10
216,1044,0.6694,0.4466651678085327,0.0013362467871047556,0.0007810313254594803,0.9281937256366829,6,6,0.6666666666666666,9 6 5 7 4 3 10
217,1049,0.6678166666666667,0.001293078064918518,0.0012958677718415857,0.0007036820752546191,0.9227143877610015,4,4,0.4444444444444444,6 5 1 2 10
218,1055,0.6659166666666667,-0.16586953401565552,0.0012563702766783535,0.00046738487435504794,0.9459042080836404,5,5,0.5555555555555556,8 6 3 9 4 10
219,1056,0.6656,0.0,0.0010309620993211865,0.001579762203618884,0.777240292106032,0,0,0.0,10
220,1063,0.6633833333333333,0.28373342752456665,0.0012022798348750388,0.0009962718468159437,0.9220066314184425,6,6,0.6666666666666666,7 6 5 2 8 4 10
221,1068,0.6618,0.3444824814796448,0.0011472802143543959,0.0010348823852837086,0.8938973820751686,4,4,0.4444444444444444,5 7 3 1 10
222,1077,0.65895,0.25003328919410706,0.0011349321769860883,0.0014579714043065906,0.9216348702103502,8,8,0.8888888888888888,1 4 6 9 2 5 7 8 10
223,1085,0.6564166666666666,0.3192616105079651,0.001224483348778449,0.0007534766336902976,0.9414547134487581,7,7,0.7777777777777778,6 7 5 9 4 1 2 10
224,1093,0.6538833333333334,0.49691224098205566,0.00081704965850804,0.0004519728827290237,0.9568909371048034,7,7,0.7777777777777778,5 9 4 6 2 8 3 10
225,1095,0.65325,0.06098437309265137,0.0007565871637780219,0.0017735688015818596,0.8871583074395513,1,1,0.1111111111111111,4 10
226,1101,0.6513500000000001,0.3219311237335205,0.0009127832114851723,0.001600029063411057,0.9045152560044767,5,5,0.5555555555555556,7 4 1 2 3 10
227,1104,0.6504000000000001,-0.04108878970146179,0.000645942403934896,0.0016359202563762665,0.8244523608727063,2,2,0.2222222222222222,7 9 10
228,1107,0.6494500000000001,0.11464866995811462,0.0007519500019649664,0.0008302467176690698,0.9131896928413444,2,2,0.2222222222222222,8 2 10
229,1109,0.6488166666666667,0.2641291618347168,0.001039171649608761,0.0014765099622309208,0.8367333410177092,1,1,0.1111111111111111,7 10
230,1113,0.6475500000000001,0.06042186915874481,0.0012623977236216888,0.0010041058994829655,0.9151156762798675,3,3,0.3333333333333333,6 5 4 10
231,1116,0.6466000000000001,0.0966932624578476,0.0005861130096794417,0.0009405421442352235,0.9042561111637302,2,2,0.2222222222222222,4 8 10
232,1121,0.6450166666666667,0.33221977949142456,0.0008921548957005143,0.0010638479143381119,0.888897390475809,4,4,0.4444444444444444,1 3 5 9 10
233,1127,0.6431166666666668,0.3483872711658478,0.0008612053643446416,0.000968213367741555,0.9032774873423378,5,5,0.5555555555555556,2 5 6 7 4 10
234,1128,0.6428,0.0,0.001096127787604928,0.0032505933195352554,0.755452067235498,0,0,0.0,10
235,1137,0.63995,0.47731316089630127,0.0007946234157619377,0.00044167545274831355,0.9571342403412432,8,8,0.8888888888888888,3 8 5 1 2 6 4 9 10
236,1145,0.6374166666666667,-0.06471537053585052,0.0007613461784785613,0.0017512066988274455,0.8785935571853528,7,7,0.7777777777777778,5 4 8 9 2 6 7 10
237,1152,0.6352,-0.017547667026519775,0.0008265260756681008,0.000328508613165468,0.9495471913132741,6,6,0.6666666666666666,9 7 3 6 1 8 10
238,1156,0.6339333333333333,0.013940766453742981,0.0010425936343381181,0.0019006661605089903,0.8470924670735206,3,3,0.3333333333333333,5 4 8 10
239,1160,0.6326666666666667,0.18162792921066284,0.0007749990763841197,0.0010957804042845964,0.9188612481306765,3,3,0.3333333333333333,8 3 9 10
240,1161,0.63235,0.0,0.0008068506722338498,0.003362582065165043,0.6735280434663024,0,0,0.0,10
241,1168,0.6301333333333334,0.39311733841896057,0.0008781689352222852,0.00031608648714609444,0.9698006711395261,6,6,0.6666666666666666,5 2 9 6 4 3 10
242,1175,0.6279166666666667,0.03534814715385437,0.000828804905592863,0.00038153643254190683,0.959959515776844,6,6,0.6666666666666666,8 3 5 9 2 7 10
243,1181,0.6260166666666667,0.05803072452545166,0.0007374098737879345,0.0011131770443171263,0.8936623445270178,5,5,0.5555555555555556,6 7 4 5 2 10
244,1186,0.6244333333333334,-0.12155064940452576,0.0008247482008300721,0.0007632204215042293,0.925077815490302,4,4,0.4444444444444444,9 4 2 5 10
245,1190,0.6231666666666666,0.07484820485115051,0.0007922495133243501,0.000887856469489634,0.9227472281484344,3,3,0.3333333333333333,8 4 7 10
246,1192,0.6225333333333334,0.11368073523044586,0.0009052554960362613,0.003016088390722871,0.81944920127496,1,1,0.1111111111111111,5 10
247,1196,0.6212666666666666,0.2199639528989792,0.0006025236507412046,0.0008114546653814614,0.9388695206231793,3,3,0.3333333333333333,4 5 3 10
248,1201,0.6196833333333334,0.3451259136199951,0.0006289839860983193,0.0012593197170644999,0.8978467151061958,4,4,0.4444444444444444,6 3 1 7 10
249,1203,0.61905,0.24103716015815735,0.00064598408062011,0.0028862464241683483,0.7851694083033964,1,1,0.1111111111111111,5 10
250,1207,0.6177833333333334,0.1133163571357727,0.0005773849261458963,0.0005351071595214307,0.9243393238638301,3,3,0.3333333333333333,6 5 9 10
251,1212,0.6162,0.17034946382045746,0.0006093291565775871,0.0007653214852325618,0.9418320332816608,4,4,0.4444444444444444,3 5 4 1 10
252,1214,0.6155666666666666,0.14131218194961548,0.0007887241954449564,0.0032084486447274685,0.7736320572867746,1,1,0.1111111111111111,9 10
253,1219,0.6139833333333333,0.3650880455970764,0.000612745655234903,0.0009835887467488647,0.9016255986446008,4,4,0.4444444444444444,7 5 4 6 10
254,1224,0.6124,0.40980949997901917,0.0005960629903711378,0.001807849039323628,0.8881434077279604,4,4,0.4444444444444444,1 9 3 4 10
255,1229,0.6108166666666667,0.41856110095977783,0.0006298818858340383,0.001162209315225482,0.8954209576977703,4,4,0.4444444444444444,6 7 5 4 10
256,1236,0.6086,0.36037907004356384,0.0006807740511638778,0.0004029729461763054,0.9597853159224095,6,6,0.6666666666666666,5 7 4 8 2 9 10
257,1237,0.6082833333333333,0.0,0.0006672233575955033,0.0051157474517822266,0.6636837995749556,0,0,0.0,10
258,1243,0.6063833333333333,0.3625849485397339,0.0007812887876449773,0.0011978679103776813,0.9168217898336517,5,5,0.5555555555555556,7 6 5 8 4 10
259,1245,0.60575,0.28657788038253784,0.0007358427392318845,0.0017836694605648518,0.8476207488693749,1,1,0.1111111111111111,4 10
260,1251,0.60385,0.4032268822193146,0.000944942895633479,0.0006949799135327339,0.9499589128599155,5,5,0.5555555555555556,4 9 5 6 3 10
261,1254,0.6029,0.1238940954208374,0.0018434430627773206,0.0013737315312027931,0.9045014745344305,2,2,0.2222222222222222,3 8 10
262,1257,0.60195,0.2965112626552582,0.001708953835380574,0.001715507241897285,0.865885255430846,2,2,0.2222222222222222,9 8 10
263,1264,0.5997333333333333,-0.27127382159233093,0.0013241437596401998,0.0009149980032816529,0.9001871876321139,6,6,0.6666666666666666,6 2 3 5 9 8 10
264,1265,0.5994166666666667,0.0,0.0016838859301060438,0.0017141567077487707,0.8677197799516242,0,0,0.0,10
265,1269,0.59815,0.3149600028991699,0.0012864282762166113,0.0011764629743993282,0.8777716424090258,3,3,0.3333333333333333,4 7 1 10
266,1275,0.59625,-0.18941786885261536,0.001443272359513988,0.0006272185128182173,0.9243554394785204,5,5,0.5555555555555556,3 5 6 4 8 10
267,1277,0.5956166666666667,0.032946571707725525,0.0012811150518245995,0.0020640594884753227,0.8664998300484295,1,1,0.1111111111111111,1 10
268,1280,0.5946666666666667,0.0863892212510109,0.0015657194113979738,0.0009615645976737142,0.8945678930716339,2,2,0.2222222222222222,9 5 10
269,1282,0.5940333333333334,0.2641291618347168,0.0013996587367728353,0.0014765099622309208,0.8367333410177092,1,1,0.1111111111111111,7 10
270,1286,0.5927666666666667,0.06360143423080444,0.0010422929481137544,0.0004745791375171393,0.9316585548532137,3,3,0.3333333333333333,8 3 9 10
271,1289,0.5918166666666667,0.12504348158836365,0.0012257469546360273,0.0013652106281369925,0.905449037797811,2,2,0.2222222222222222,7 5 10
272,1296,0.5896,-0.10866679251194,0.0010381705360487103,0.0005745626403950155,0.9359037982085089,6,6,0.6666666666666666,5 1 3 9 2 7 10
273,1299,0.58865,0.12389408051967621,0.0008463463940036794,0.0013737315312027931,0.9045014745344305,2,2,0.2222222222222222,8 3 10
274,1308,0.5858000000000001,-0.10001282393932343,0.0009951554820872843,0.00030655122827738523,0.9707374561591324,9,9,1.0,9 4 3 5 1 7 8 2 6
275,1317,0.5829500000000001,0.2528366148471832,0.0009435062076792949,0.00048494775546714664,0.9422573891117301,9,9,1.0,7 9 3 4 6 8 2 1 5
276,1320,0.5820000000000001,0.012118108570575714,0.0010283371472420793,0.0011745740193873644,0.8756806970121036,2,2,0.2222222222222222,3 5 10
277,1325,0.5804166666666667,-0.09248865395784378,0.0010008478304371238,0.00048737265751697123,0.942111900034189,4,4,0.4444444444444444,3 5 7 1 10
278,1328,0.5794666666666667,0.05891477316617966,0.0009359222215910753,0.0014218839351087809,0.8670023535239852,2,2,0.2222222222222222,7 3 10
279,1333,0.5778833333333333,0.4058271050453186,0.0010058703133836388,0.0009582421625964344,0.9289785528225507,4,4,0.4444444444444444,4 3 9 8 10
280,1339,0.5759833333333333,0.09245020151138306,0.001008626490753765,0.0007843858911655843,0.9305574958800703,5,5,0.5555555555555556,4 3 1 8 6 10
281,1347,0.57345,0.021201208233833313,0.0010014581785071641,0.0006239003269001842,0.9502078234157154,7,7,0.7777777777777778,6 4 8 1 3 5 9 10
282,1350,0.5725,0.43605250120162964,0.0007093223975971341,0.0006097344448789954,0.9044612140951769,2,2,0.2222222222222222,8 2 10
283,1358,0.5699666666666667,0.455230176448822,0.0008180735894711688,0.0003445429028943181,0.9382862857986999,7,7,0.7777777777777778,5 6 1 2 7 3 4 10
284,1362,0.5687,0.16383498907089233,0.0008150256762746722,0.00026421662187203765,0.948949969108975,3,3,0.3333333333333333,5 6 3 10
285,1368,0.5668,0.08214813470840454,0.0008264527714345604,0.0010233449283987284,0.9258553233710821,5,5,0.5555555555555556,9 3 2 7 8 10
286,1375,0.5645833333333334,0.39382898807525635,0.00083166836494846,0.00031449698144569993,0.9700414393801468,6,6,0.6666666666666666,8 6 9 3 4 5 10
287,1379,0.5633166666666667,0.21676753461360931,0.0008274087158497423,0.0030254567973315716,0.8347314422048726,3,3,0.3333333333333333,9 7 2 10
288,1387,0.5607833333333334,0.32096782326698303,0.0008630724551039748,0.0009195635793730617,0.908052115268146,7,7,0.7777777777777778,7 4 5 1 8 9 3 10
289,1390,0.5598333333333334,0.012118108570575714,0.0006172178739992281,0.0011745740193873644,0.8756806970121036,2,2,0.2222222222222222,3 5 10
290,1396,0.5579333333333334,0.11062736809253693,0.0008569182634043196,0.0006523415213450789,0.9385745461396741,5,5,0.5555555555555556,5 3 8 4 6 10
291,1404,0.5554,0.31461402773857117,0.0008204538535210304,0.0011390650179237127,0.9305844251213177,7,7,0.7777777777777778,1 7 8 4 3 5 9 10
292,1408,0.5541333333333334,0.033332034945487976,0.000854761223308742,0.000570667558349669,0.9150450595883779,3,3,0.3333333333333333,4 1 8 10
293,1410,0.5535000000000001,0.022572971880435944,0.0005589918873738497,0.001237743068486452,0.8487866355613424,1,1,0.1111111111111111,5 10
294,1411,0.5531833333333334,0.0,0.0010826746001839638,0.0047253090888261795,0.6450714768927548,0,0,0.0,10
295,1414,0.5522333333333334,0.017629660665988922,0.0006337544473353773,0.0014503221027553082,0.9144533487761063,2,2,0.2222222222222222,3 5 10
296,1418,0.5509666666666666,0.06223157048225403,0.0007747346971882507,0.0007458014297299087,0.920612473195855,3,3,0.3333333333333333,5 3 8 10
297,1421,0.5500166666666666,0.10284934937953949,0.0007912100797208647,0.0005679064779542387,0.9175956491978925,2,2,0.2222222222222222,8 3 10
298,1422,0.5497000000000001,0.0,0.000929710571654141,0.003157365135848522,0.6812835540576793,0,0,0.0,10
299,1425,0.5487500000000001,-0.012998096644878387,0.0006703681816967825,0.0013196321669965982,0.84324686788244,2,2,0.2222222222222222,3 1 10
300,1434,0.5459,0.3022924065589905,0.0006803462553458909,0.0009097418515011668,0.9091273010149156,8,8,0.8888888888888888,4 7 3 8 1 9 5 2 10
301,1443,0.54305,0.42282634973526,0.0007832261746645801,0.0003227495471946895,0.9422542529355615,9,9,1.0,5 4 6 7 1 3 8 2 9
302,1447,0.5417833333333333,-0.08125872910022736,0.0007256064855027944,0.0009302785620093346,0.8896059351624405,3,3,0.3333333333333333,4 7 2 10
303,1449,0.54115,0.044679805636405945,0.0007120968657545745,0.0008147645276039839,0.9029013579766688,1,1,0.1111111111111111,6 10
304,1455,0.53925,0.03531019389629364,0.000766419272016113,0.0018553659319877625,0.8705281435415663,5,5,0.5555555555555556,6 7 9 3 5 10
305,1459,0.5379833333333334,0.11205743253231049,0.0007259655976668,0.0012282440438866615,0.928728565697721,3,3,0.3333333333333333,5 4 3 10
306,1461,0.53735,0.151058629155159,0.0006199517811182886,0.003432619385421276,0.734963142096013,1,1,0.1111111111111111,6 10
307,1463,0.5367166666666667,0.11213045567274094,0.0009296578064095229,0.0012670725118368864,0.9117457708620713,1,1,0.1111111111111111,3 10
308,1466,0.5357666666666667,0.03283549100160599,0.0007215251680463552,0.0007626908482052386,0.923609083440868,2,2,0.2222222222222222,3 5 10
309,1468,0.5351333333333333,0.03884042054414749,0.0009489149088039994,0.0008692104602232575,0.9043948443320787,1,1,0.1111111111111111,4 10
310,1475,0.5329166666666667,0.4152263104915619,0.0006792883837728628,0.0015217026229947805,0.9083421634118141,6,6,0.6666666666666666,3 4 6 8 1 9 10
311,1480,0.5313333333333333,-0.13132241368293762,0.0006316622137092053,0.0007408676901832223,0.9084055679855817,4,4,0.4444444444444444,4 5 9 2 10
312,1483,0.5303833333333333,0.08722882717847824,0.0005853124409137914,0.0024641952477395535,0.85251992926728,2,2,0.2222222222222222,5 6 10
313,1488,0.5288,0.0014324188232421875,0.0007028989726677537,0.0009178405744023621,0.9169423426196919,4,4,0.4444444444444444,9 8 3 6 10
314,1493,0.5272166666666667,0.35906732082366943,0.0006390906404703855,0.0012523879995569587,0.8856128681180877,4,4,0.4444444444444444,6 4 2 1 10
315,1497,0.52595,-0.07554333657026291,0.000541176603292115,0.0012041883310303092,0.8598005095857786,3,3,0.3333333333333333,7 1 6 10
316,1506,0.5231,0.27103859186172485,0.0013612397597171366,0.0007414560532197356,0.9423843823311303,8,8,0.8888888888888888,7 8 1 6 3 2 4 9 10
317,1508,0.5224666666666666,0.0589144229888916,0.0011276344594080001,0.0007895955350250006,0.8966935165890899,1,1,0.1111111111111111,4 10
318,1513,0.5208833333333334,0.3592374622821808,0.001525855530053377,0.0009344061836600304,0.9235703097689592,4,4,0.4444444444444444,9 3 4 5 10
319,1522,0.5180333333333333,0.4416680335998535,0.0012425913139142925,0.00032859109342098236,0.9410542413397436,8,8,0.8888888888888888,1 6 9 3 8 4 7 5 10
320,1527,0.5164500000000001,-0.09694967418909073,0.0010798595030792058,0.0005555037059821188,0.9388097539880755,4,4,0.4444444444444444,2 8 6 3 10
321,1533,0.5145500000000001,0.06635884940624237,0.0009625682626695683,0.00048344553215429187,0.954836575529238,5,5,0.5555555555555556,3 2 9 4 6 10
322,1539,0.51265,0.393407940864563,0.0010829194798134267,0.0006468939245678484,0.9508999620656196,5,5,0.5555555555555556,4 6 3 9 5 10
323,1541,0.5120166666666666,0.04180096089839935,0.000940494384849444,0.0011427679564803839,0.8781731870649969,1,1,0.1111111111111111,5 10
324,1544,0.5110666666666667,-0.023479700088500977,0.0010912098611394565,0.0010593078332021832,0.8750872157079995,2,2,0.2222222222222222,5 1 10
325,1553,0.5082166666666666,0.37252289056777954,0.0009515121152314047,0.0008689177921041846,0.9134493609990008,8,8,0.8888888888888888,5 7 4 6 9 8 1 3 10
326,1557,0.50695,0.09087589383125305,0.0008612220990471542,0.0005537295364774764,0.9516673303440691,3,3,0.3333333333333333,2 3 8 10
327,1560,0.506,-0.034465860575437546,0.0007765049813315272,0.0008015622152015567,0.9015994121394741,2,2,0.2222222222222222,2 6 10
328,1566,0.5041,-0.0563817173242569,0.001032837530753265,0.0008812195155769587,0.9248043405828946,5,5,0.5555555555555556,8 9 4 2 7 10
329,1570,0.5028333333333334,0.027723774313926697,0.000979842763626948,0.001435101148672402,0.9006727391080964,3,3,0.3333333333333333,1 6 7 10
330,1574,0.5015666666666667,0.18159368634223938,0.0007486645481549203,0.0009213280281983316,0.9191232599876157,3,3,0.3333333333333333,3 1 4 10
331,1577,0.5006166666666667,0.1664864718914032,0.0008032044085363547,0.0013945571845397353,0.8572386678587313,2,2,0.2222222222222222,3 4 10
332,1583,0.4987166666666667,0.3053608536720276,0.0008491813884271929,0.001215156982652843,0.9121768249643969,5,5,0.5555555555555556,9 7 8 1 3 10
333,1592,0.4958666666666668,0.287009596824646,0.0008026998645315567,0.0008903128327801824,0.9111763622421288,9,9,1.0,4 1 2 8 6 7 5 9 3
334,1597,0.4942833333333334,0.4025673270225525,0.0009070624597370625,0.0007755841361358762,0.943690968298671,4,4,0.4444444444444444,4 6 5 7 10
335,1601,0.49301666666666677,0.06298413872718811,0.0007674796652281657,0.0009290665620937943,0.9114900705328169,3,3,0.3333333333333333,3 5 7 10
336,1603,0.4923833333333334,0.03355327621102333,0.0006050163501640782,0.0010058264015242457,0.8915819431191109,1,1,0.1111111111111111,1 10
337,1607,0.49111666666666676,-0.07066129893064499,0.0007968850695760921,0.0008609932847321033,0.8971858753885865,3,3,0.3333333333333333,8 2 7 10
338,1615,0.48858333333333337,0.36081546545028687,0.0007529334543505684,0.00031328669865615666,0.9701113992068345,7,7,0.7777777777777778,6 2 9 3 8 5 4 10
339,1624,0.48573333333333335,0.3542383909225464,0.0008090908134666582,0.0010637337109073997,0.9040379662257171,8,8,0.8888888888888888,1 2 5 9 4 7 8 3 10
340,1626,0.4851,0.04180096089839935,0.000806480209575966,0.0011427679564803839,0.8781731870649969,1,1,0.1111111111111111,5 10
341,1630,0.48383333333333334,0.04830490052700043,0.0007912581932032481,0.0014046111609786749,0.8660905326447504,3,3,0.3333333333333333,2 5 6 10
342,1634,0.4825666666666667,0.04974914342164993,0.000696992821758613,0.0008143362356349826,0.913523412611907,3,3,0.3333333333333333,7 2 5 10
343,1636,0.4819333333333333,-0.00820009782910347,0.000636761134956032,0.0010687457397580147,0.8772845846632945,1,1,0.1111111111111111,2 10
344,1637,0.4816166666666667,0.0,0.0006204327801242471,0.004247801844030619,0.6964328202865265,0,0,0.0,10
345,1640,0.4806666666666667,0.005869515240192413,0.0005861191699902216,0.0009639046620577574,0.9071776191576625,2,2,0.2222222222222222,9 3 10
346,1645,0.4790833333333333,0.03274214267730713,0.0006381492828950285,0.0004976105992682278,0.9545850315874311,4,4,0.4444444444444444,3 5 9 8 10
347,1647,0.47844999999999993,0.11213045567274094,0.0007657050155103207,0.0012670725118368864,0.9117457708620713,1,1,0.1111111111111111,3 10
348,1650,0.47750000000000004,0.28508079051971436,0.000640248937997967,0.0016824628692120314,0.8832477242591725,2,2,0.2222222222222222,6 4 10
349,1656,0.4756,0.38184231519699097,0.0006562359340023249,0.0005024517886340618,0.9408218765478497,5,5,0.5555555555555556,6 4 3 9 5 10
350,1664,0.47306666666666675,0.29758527874946594,0.0006555459549417719,0.0007762660388834774,0.9402612908416639,7,7,0.7777777777777778,4 7 2 5 9 1 8 10
351,1665,0.47275,0.0,0.0008219005540013313,0.003824138082563877,0.7307142555142235,0,0,0.0,10
352,1670,0.47116666666666673,0.15786470472812653,0.0007509412826038897,0.0006980121252126992,0.933768135862033,4,4,0.4444444444444444,4 3 8 5 10
353,1677,0.46895,0.40019360184669495,0.0007303106249310076,0.0009241729276254773,0.9069079142086004,6,6,0.6666666666666666,1 9 3 7 4 5 10
354,1684,0.46673333333333333,0.38550496101379395,0.0006550290230994246,0.0009818836115300655,0.9033567465478544,6,6,0.6666666666666666,2 5 6 4 7 9 10
355,1692,0.46420000000000006,0.4229639768600464,0.0005620288284262642,0.00078632403165102,0.9277193761219168,7,7,0.7777777777777778,3 2 6 1 4 5 7 10
356,1695,0.46325000000000005,0.1639065444469452,0.0007058582074629763,0.0004106268170289695,0.939526899187304,2,2,0.2222222222222222,4 3 10
357,1699,0.4619833333333333,0.12982140481472015,0.0006441122823162004,0.0006762558477930725,0.9445037597548948,3,3,0.3333333333333333,4 5 1 10
358,1701,0.46135000000000004,0.03451820835471153,0.00056468416005373,0.001201205886900425,0.8625056232180663,1,1,0.1111111111111111,4 10
359,1704,0.46040000000000003,0.10284934937953949,0.0008158797475819787,0.0005679064779542387,0.9175956491978925,2,2,0.2222222222222222,8 3 10
360,1707,0.45945,0.31547456979751587,0.0006550232646986842,0.0021927710622549057,0.8423692379124667,2,2,0.2222222222222222,1 2 10
361,1713,0.4575500000000001,0.11073516309261322,0.0006029469465526441,0.0006447932100854814,0.9381005131284065,5,5,0.5555555555555556,5 9 3 4 7 10
362,1716,0.4566000000000001,0.14341361820697784,0.0004918489042514315,0.0017113493522629142,0.8996180292577721,2,2,0.2222222222222222,3 5 10
363,1719,0.4556500000000001,0.016289442777633667,0.0006126875329452256,0.001383608439937234,0.9088039434560343,2,2,0.2222222222222222,4 8 10
364,1722,0.4547000000000001,0.18858784437179565,0.0005351674820606908,0.00047776405699551105,0.9299233404124393,2,2,0.2222222222222222,8 7 10
365,1730,0.4521666666666667,-0.1430942714214325,0.0006763906640117057,0.0007216443191282451,0.9479120238357435,7,7,0.7777777777777778,8 1 7 5 9 3 4 10
366,1732,0.45153333333333334,0.13808876276016235,0.0007295752875506878,0.0017590336501598358,0.865744694735186,1,1,0.1111111111111111,6 10
367,1737,0.44995000000000007,0.0932425856590271,0.000668983714422211,0.0012434035306796432,0.8797393647619434,4,4,0.4444444444444444,7 5 3 1 10
368,1740,0.44900000000000007,-0.011645585298538208,0.00047559944990401465,0.0013467525132000446,0.8489571959931984,2,2,0.2222222222222222,4 6 10
369,1746,0.44710000000000005,0.37532007694244385,0.0006438909573868538,0.0007373659173026681,0.9450681987755647,5,5,0.5555555555555556,4 6 3 5 1 10
370,1754,0.44456666666666667,0.3848790228366852,0.0010305640680599026,0.0009023758466355503,0.909825405559982,7,7,0.7777777777777778,9 3 8 4 2 6 5 10
371,1758,0.4433,0.08827407658100128,0.0009941382013494149,0.0004008449614048004,0.9459195906178988,3,3,0.3333333333333333,5 3 4 10
372,1764,0.4414,0.3997098505496979,0.0012765534629579633,0.0007072486914694309,0.9482504165909662,5,5,0.5555555555555556,4 1 3 9 5 10
373,1768,0.44013333333333327,0.18746306002140045,0.0013085792743368074,0.0003463376488070935,0.9487630057278201,3,3,0.3333333333333333,4 3 8 10
374,1771,0.43918333333333337,0.030010737478733063,0.0015425394133975108,0.0007216023514047265,0.9223943627688604,2,2,0.2222222222222222,4 3 10
375,1774,0.43823333333333336,0.2566828727722168,0.0012117632043858368,0.0016879672184586525,0.863819959618851,2,2,0.2222222222222222,3 7 10
376,1780,0.43633333333333335,0.3710862696170807,0.0010370475841530908,0.0012204537633806467,0.9262449854595075,5,5,0.5555555555555556,3 5 4 9 7 10
377,1786,0.43443333333333334,0.3117884695529938,0.0007336128716512272,0.0010206196457147598,0.9201055336721445,5,5,0.5555555555555556,4 7 6 9 5 10
378,1788,0.4338000000000001,0.0173320509493351,0.0009882778977043927,0.0015752427279949188,0.8734967424716982,1,1,0.1111111111111111,7 10
379,1796,0.4312666666666667,0.355078786611557,0.0008627993011032231,0.0003406606847420335,0.9692926321900699,7,7,0.7777777777777778,4 2 5 6 7 8 3 10
380,1800,0.43000000000000005,0.05275046080350876,0.0009170948032988235,0.0010820005554705858,0.9047128774588938,3,3,0.3333333333333333,8 3 5 10
381,1805,0.42841666666666667,0.3592374324798584,0.0007707361364737153,0.0009344061836600304,0.9235703097689592,4,4,0.4444444444444444,4 5 3 9 10
382,1807,0.4277833333333333,0.04717379808425903,0.0010445235529914498,0.0008143529994413257,0.9070444910230024,1,1,0.1111111111111111,3 10
383,1810,0.4268333333333333,0.056428708136081696,0.000944684996890525,0.0021262415684759617,0.8666539151801791,2,2,0.2222222222222222,8 1 10
384,1815,0.42525,0.03675241768360138,0.0009257204132154584,0.0004948273999616504,0.957541836799963,4,4,0.4444444444444444,9 5 3 1 10
385,1818,0.4243,0.20029033720493317,0.0006908224895596504,0.0004651432391256094,0.935964977680999,2,2,0.2222222222222222,4 3 10
386,1825,0.42208333333333337,0.36117085814476013,0.000889964634552598,0.0008072595810517669,0.9372790936163574,6,6,0.6666666666666666,4 5 6 3 8 7 10
387,1827,0.42145,0.0589144229888916,0.0007582251855637878,0.0007895955350250006,0.8966935165890899,1,1,0.1111111111111111,4 10
388,1832,0.4198666666666667,-0.007671341300010681,0.0008697204408235848,0.000764203374274075,0.9188428634199602,4,4,0.4444444444444444,6 1 8 7 10
389,1838,0.4179666666666667,0.36904987692832947,0.0007888667072014263,0.00077333755325526,0.9433933690314344,5,5,0.5555555555555556,9 3 4 2 8 10
390,1847,0.4151166666666667,0.356391966342926,0.0007771755659228398,0.0010532259475439787,0.9044432411862894,8,8,0.8888888888888888,9 1 6 7 3 4 5 8 10
391,1854,0.41290000000000004,0.3394407033920288,0.0008471782036524798,0.0009279530495405197,0.9064033543702114,6,6,0.6666666666666666,2 8 9 4 3 5 10
392,1856,0.41226666666666667,0.12164306640625,0.0006179579067975283,0.0008133089868351817,0.8925867437891104,1,1,0.1111111111111111,8 10
393,1861,0.4106833333333334,0.09638549387454987,0.000775426474865526,0.0012021324364468455,0.8798366428821323,4,4,0.4444444444444444,8 9 3 5 10
394,1870,0.4078333333333334,0.29571181535720825,0.0007680401969183651,0.0008091325289569795,0.9384603590198419,8,8,0.8888888888888888,3 9 4 1 2 5 6 8 10
395,1872,0.4072,0.05966370552778244,0.0005835183255840093,0.0010643962305039167,0.8938761080762506,1,1,0.1111111111111111,4 10
396,1875,0.40625,0.16738271713256836,0.0007368345783712963,0.0004056544858030975,0.9406281643670039,2,2,0.2222222222222222,7 8 10
397,1879,0.40498333333333336,0.04605840891599655,0.0006224639946594834,0.0005306045059114695,0.9220826689964525,3,3,0.3333333333333333,5 7 2 10
398,1880,0.4046666666666666,0.0,0.0005420912057161331,0.0021720165386795998,0.7463474946271509,0,0,0.0,10
399,1888,0.40213333333333334,0.30929720401763916,0.0006583108188351616,0.0009322652476839721,0.9301319129490399,7,7,0.7777777777777778,7 1 4 8 6 3 9 10
400,1891,0.40118333333333345,0.3572767674922943,0.0006535326441129049,0.0009208053234033287,0.9300473891863075,2,2,0.2222222222222222,8 3 10
401,1900,0.39833333333333343,0.2870095372200012,0.0008030853350646794,0.0008903128327801824,0.9111763622421288,9,9,1.0,8 9 4 1 7 3 6 2 5
402,1905,0.39675000000000005,0.1800275593996048,0.0007473434088751674,0.0006942949257791042,0.946933462436219,4,4,0.4444444444444444,4 5 3 6 10
403,1914,0.39390000000000003,0.287009596824646,0.0007986099032374719,0.0008903128327801824,0.9111763622421288,9,9,1.0,4 5 2 8 6 7 9 1 3
404,1921,0.3916833333333334,0.3347100615501404,0.000792636552692524,0.0007656770758330822,0.942113783693342,6,6,0.6666666666666666,4 3 8 7 9 6 10
405,1924,0.3907333333333334,0.11113286763429642,0.0007094641526540121,0.001075435895472765,0.9014329623240495,2,2,0.2222222222222222,3 5 10
406,1927,0.38978333333333337,0.10284934937953949,0.0005613506073132157,0.0005679064779542387,0.9175956491978925,2,2,0.2222222222222222,8 3 10
407,1930,0.38883333333333336,0.19695644080638885,0.0006942860103057077,0.0014335900777950883,0.9005007406034452,2,2,0.2222222222222222,1 3 10
408,1933,0.38788333333333336,0.10523057729005814,0.000528958102222532,0.0011991013307124376,0.8964561648693437,2,2,0.2222222222222222,8 3 10
409,1935,0.38725,0.2852259874343872,0.0008381900552194566,0.0027376851066946983,0.8188216988878783,1,1,0.1111111111111111,4 10
410,1939,0.38598333333333334,-0.04294653236865997,0.0006862001173431054,0.000759204151108861,0.9262750114133752,3,3,0.3333333333333333,7 5 2 10
411,1947,0.38344999999999996,0.42143571376800537,0.000618943537119776,0.0007906281389296055,0.9269971269028933,7,7,0.7777777777777778,3 5 9 1 7 4 2 10
412,1950,0.38250000000000006,0.07838326692581177,0.000702382589224726,0.0030772641766816378,0.8693878660941946,2,2,0.2222222222222222,4 7 10
413,1959,0.37965000000000004,0.4385821223258972,0.0006352817452150501,0.00033405396970920265,0.9399992089882475,8,8,0.8888888888888888,8 5 3 4 7 1 9 2 10
414,1963,0.3783833333333334,0.029317185282707214,0.0006964803978917189,0.0013863848289474845,0.8990453395385662,3,3,0.3333333333333333,8 9 7 10
415,1968,0.3768,0.40532660484313965,0.0006943855085410177,0.0012097187573090196,0.9264121021007882,4,4,0.4444444444444444,4 6 5 3 10
416,1975,0.3745833333333334,0.33168020844459534,0.000631456113686519,0.0011569189373403788,0.9162088033347862,6,6,0.6666666666666666,4 6 2 5 7 9 10
417,1982,0.37236666666666673,0.3099917769432068,0.0006688685306081814,0.000667556538246572,0.9287992238059338,6,6,0.6666666666666666,4 6 8 3 7 9 10
418,1985,0.37141666666666673,0.11236689984798431,0.0006813345438179871,0.0005396537599153817,0.9231267675987748,2,2,0.2222222222222222,3 5 10
419,1988,0.3704666666666667,0.10284934937953949,0.0007716075051575899,0.0005679064779542387,0.9175956491978925,2,2,0.2222222222222222,8 3 10
420,1993,0.36888333333333334,0.40316301584243774,0.0006674896460026503,0.0012269511353224516,0.9254885753190342,4,4,0.4444444444444444,4 3 9 5 10
421,1997,0.3676166666666667,0.19546644389629364,0.0006924621411599219,0.0008336851024068892,0.9083935805152344,3,3,0.3333333333333333,3 5 4 10
422,2003,0.3657166666666667,0.49633240699768066,0.000984236200262482,0.0003510367532726377,0.9373227710991779,5,5,0.5555555555555556,3 9 2 5 4 10
423,2005,0.3650833333333333,0.06098437309265137,0.0017423692625015974,0.0017735688015818596,0.8871583074395513,1,1,0.1111111111111111,4 10
424,2008,0.3641333333333333,0.0027982816100120544,0.0012677606428042054,0.0008845811826176941,0.8935189673081306,2,2,0.2222222222222222,7 8 10
425,2013,0.36255000000000004,0.41459521651268005,0.0010311453370377421,0.0008974188240244985,0.9322367595435607,4,4,0.4444444444444444,3 9 5 4 10
426,2019,0.36065,0.09471727907657623,0.0010656029626261443,0.0007566186250187457,0.9138243154187407,5,5,0.5555555555555556,5 3 4 7 6 10
427,2023,0.3593833333333334,0.19546644389629364,0.0009120498580159619,0.0008336851024068892,0.9083935805152344,3,3,0.3333333333333333,5 3 4 10
428,2026,0.3584333333333334,0.1275331676006317,0.0009669373588015636,0.0007741065928712487,0.9220827803387796,2,2,0.2222222222222222,5 4 10
429,2028,0.3578,0.3217147886753082,0.0008307843818329275,0.0013502801302820444,0.8558880206325958,1,1,0.1111111111111111,3 10
430,2032,0.35653333333333337,0.17189262807369232,0.0010363655746914446,0.000968016916885972,0.8919000662375999,3,3,0.3333333333333333,5 3 1 10
431,2034,0.3559,0.04281405359506607,0.001058533729519695,0.0013543919194489717,0.8872737571614818,1,1,0.1111111111111111,4 10
432,2037,0.35495,0.10523057729005814,0.0008640830443861584,0.0011991013307124376,0.8964561648693437,2,2,0.2222222222222222,3 8 10
433,2039,0.3543166666666667,0.14379219710826874,0.0006014618847984821,0.0022430517710745335,0.8439664203323664,1,1,0.1111111111111111,3 10
434,2045,0.3524166666666667,0.4142064154148102,0.0007979071330434332,0.001086807926185429,0.9009826440590032,5,5,0.5555555555555556,3 9 5 6 4 10
435,2046,0.35209999999999997,0.0,0.0011613720562309027,0.002573377685621381,0.7079943261833531,0,0,0.0,10
436,2052,0.35019999999999996,0.4673711359500885,0.0009973046641486387,0.000785261217970401,0.927469013969765,5,5,0.5555555555555556,3 5 4 9 6 10
437,2057,0.3486166666666667,0.40603312849998474,0.0009590942179784178,0.0009376353118568659,0.9276846175864959,4,4,0.4444444444444444,3 5 4 2 10
438,2059,0.3479833333333333,0.07973717153072357,0.0012503521284088492,0.002548032905906439,0.7888770713134158,1,1,0.1111111111111111,5 10
439,2062,0.3470333333333333,0.13135163486003876,0.0006203547042484084,0.0016562682576477528,0.8244917621652238,2,2,0.2222222222222222,5 2 10
440,2066,0.34576666666666667,0.2199639528989792,0.0008743304788367823,0.0008114546653814614,0.9388695206231793,3,3,0.3333333333333333,3 5 4 10
441,2073,0.34355000000000013,0.03972606360912323,0.0008421794710946935,0.00037970347329974174,0.962134518216538,6,6,0.6666666666666666,3 5 9 2 8 1 10
442,2079,0.3416500000000001,0.47273552417755127,0.0011205971240997314,0.0006218620692379773,0.9314221076924225,5,5,0.5555555555555556,3 9 4 2 5 10
443,2084,0.34006666666666674,0.3972506523132324,0.0009066630387678743,0.001086508622393012,0.8898834366081161,4,4,0.4444444444444444,5 3 9 7 10
444,2086,0.33943333333333336,0.027509715408086777,0.0007828838424757123,0.0011905112769454718,0.8504554558275146,1,1,0.1111111111111111,7 10
445,2091,0.3378500000000001,-0.0858912393450737,0.0007536954362876713,0.0003428914351388812,0.9597381890422524,4,4,0.4444444444444444,4 8 3 2 10
446,2096,0.3362666666666667,0.4138423204421997,0.0007745691807940602,0.0008518388494849205,0.9048502256254378,4,4,0.4444444444444444,6 7 2 8 10
447,2099,0.3353166666666667,0.10423704236745834,0.0009284697201413413,0.0015450150240212679,0.8592284659408785,2,2,0.2222222222222222,5 7 10
448,2102,0.3343666666666667,0.168205127120018,0.0007986035586024324,0.0012793028727173805,0.8777010495841999,2,2,0.2222222222222222,5 7 10
449,2106,0.33310000000000006,0.09243181347846985,0.0008946033049141988,0.0014639898436143994,0.9109401001144249,3,3,0.3333333333333333,5 9 3 10
450,2114,0.3305666666666667,0.3209458887577057,0.0008062745837378316,0.0009211251745000482,0.9084309800467083,7,7,0.7777777777777778,3 5 4 9 6 8 7 10
451,2121,0.32835000000000003,-0.10061141848564148,0.0006125990683878106,0.0009543686755932868,0.9317380540188087,6,6,0.6666666666666666,3 6 5 2 1 8 10
452,2124,0.3274,0.1238940954208374,0.0007943254895508289,0.0013737315312027931,0.9045014745344305,2,2,0.2222222222222222,3 8 10
453,2126,0.32676666666666665,0.05966370552778244,0.0005710770492441952,0.0010643962305039167,0.8938761080762506,1,1,0.1111111111111111,4 10
454,2134,0.3242333333333334,0.3237946331501007,0.0007480826025130227,0.000961395213380456,0.9273286507720755,7,7,0.7777777777777778,3 8 7 1 4 9 5 10
455,2138,0.32296666666666674,0.17429064214229584,0.0006657648627879098,0.00038731994573026896,0.9453723645911914,3,3,0.3333333333333333,4 9 5 10
456,2144,0.3210666666666667,0.3144853711128235,0.0006837673621096959,0.0010542324744164944,0.8909803804244921,5,5,0.5555555555555556,3 9 1 7 8 10
457,2153,0.3182166666666667,0.3655691146850586,0.0007882888635827436,0.0008934944053180516,0.9111274182087743,8,8,0.8888888888888888,3 9 8 1 7 4 2 5 10
458,2156,0.3172666666666667,0.3898942768573761,0.0006304041016846895,0.0014864490367472172,0.8755969397289575,2,2,0.2222222222222222,8 7 10
459,2159,0.3163166666666667,0.17110209167003632,0.0007805820399274429,0.0005366748664528131,0.9259966222057728,2,2,0.2222222222222222,3 5 10
460,2164,0.3147333333333333,0.3976675570011139,0.0007749262731522322,0.0009061512537300587,0.901639699608123,4,4,0.4444444444444444,7 1 8 9 10
461,2167,0.3137833333333333,0.11410621553659439,0.0007477484177798033,0.00218987581320107,0.8792645317213289,2,2,0.2222222222222222,5 7 10
462,2176,0.3109333333333333,0.39041006565093994,0.0007029592589889136,0.0007451956626027822,0.9318165417127179,9,9,1.0,7 3 8 4 9 6 2 1 5
463,2180,0.30966666666666665,0.06766325235366821,0.000731440435629338,0.0006851163925603032,0.9423000522037607,3,3,0.3333333333333333,3 5 8 10
464,2184,0.3084,0.16024765372276306,0.000650335568934679,0.0010378370061516762,0.8841022051667061,3,3,0.3333333333333333,3 7 5 10
465,2191,0.30618333333333336,0.34694090485572815,0.0006722211671460952,0.0005171499215066433,0.9409780656602167,6,6,0.6666666666666666,5 1 3 6 7 4 10
466,2194,0.30523333333333347,0.16580474376678467,0.0007688448919604222,0.0014818604104220867,0.8525504401035598,2,2,0.2222222222222222,5 7 10
467,2196,0.3046000000000001,0.05966370552778244,0.0007191069016698748,0.0010643962305039167,0.8938761080762506,1,1,0.1111111111111111,4 10
468,2198,0.3039666666666667,0.027509715408086777,0.0006779548129998147,0.0011905112769454718,0.8504554558275146,1,1,0.1111111111111111,7 10
469,2202,0.3027000000000001,0.43612128496170044,0.0006488493672804907,0.0011007825378328562,0.9164959155067394,3,3,0.3333333333333333,3 5 4 10
470,2204,0.3020666666666667,0.02325085550546646,0.0008830756705719978,0.0012016997206956148,0.8453352974636943,1,1,0.1111111111111111,2 10
471,2211,0.29985000000000006,0.39241671562194824,0.0007372789134803627,0.0003188293776474893,0.9696544136555243,6,6,0.6666666666666666,3 9 6 5 7 4 10
472,2214,0.29890000000000005,0.1123993769288063,0.0008061822348584732,0.000531350146047771,0.9218586992104754,2,2,0.2222222222222222,7 5 10
473,2219,0.2973166666666667,0.3674476444721222,0.000777031562756747,0.0006760263349860907,0.9234139058034642,4,4,0.4444444444444444,3 9 5 1 10
474,2222,0.29636666666666667,0.08741503208875656,0.0006472469152261814,0.0019239955581724644,0.8586067747453163,2,2,0.2222222222222222,3 8 10
475,2227,0.2947833333333334,0.0054444968700408936,0.0007351804058998823,0.0012109116651117802,0.8888095881475422,4,4,0.4444444444444444,5 7 1 6 10
476,2229,0.29415,0.03983094170689583,0.000771688501117751,0.0013118644710630178,0.8802974892649512,1,1,0.1111111111111111,8 10
477,2234,0.29256666666666664,0.4178103804588318,0.0006262254901230335,0.0006817359244450927,0.947281070912919,4,4,0.4444444444444444,3 5 9 4 10
478,2236,0.2919333333333334,0.032698459923267365,0.000679995326208882,0.0009224530076608062,0.8808223174599207,1,1,0.1111111111111111,7 10
479,2238,0.2913,0.013415224850177765,0.00046217509952839464,0.002370016649365425,0.8581012226818362,1,1,0.1111111111111111,8 10
480,2240,0.29066666666666663,0.1960265189409256,0.0007107935380190611,0.0020097398664802313,0.7949280334231261,1,1,0.1111111111111111,6 10
481,2249,0.2878166666666666,0.4099857211112976,0.0006034107063896954,0.0003901626623701304,0.9319246592759802,8,8,0.8888888888888888,6 4 7 1 2 8 9 3 10
482,2258,0.2849666666666667,0.39781486988067627,0.0013595671237756808,0.0012130457907915115,0.9249279778295691,9,9,1.0,7 1 8 4 6 9 5 2 3
483,2262,0.28370000000000006,0.07620018720626831,0.0010767735948320478,0.00061524793272838,0.9442968301200413,3,3,0.3333333333333333,2 7 8 10
484,2267,0.2821166666666667,0.41459518671035767,0.001081453706137836,0.0008974188240244985,0.9322367595435607,4,4,0.4444444444444444,3 5 9 4 10
485,2276,0.27926666666666666,0.3991244435310364,0.0011851940459261339,0.0005774699384346604,0.936160917851219,9,9,1.0,2 7 8 6 5 4 9 1 3
486,2279,0.27831666666666666,0.4448530673980713,0.0008976389071904123,0.000598641752731055,0.9088616980844388,2,2,0.2222222222222222,3 5 10
487,2281,0.2776833333333334,0.046487025916576385,0.001227639731951058,0.00152482814155519,0.8309204229524672,1,1,0.1111111111111111,4 10
488,2283,0.27705,0.11864059418439865,0.0007837025623302907,0.0010407974477857351,0.9079279539028048,1,1,0.1111111111111111,5 10
489,2288,0.27546666666666664,0.42982572317123413,0.0009251522365957499,0.0011121872812509537,0.89846318530519,4,4,0.4444444444444444,9 3 5 4 10
490,2294,0.2735666666666666,0.3799075186252594,0.0009385756857227534,0.0011581021826714277,0.9305058751591924,5,5,0.5555555555555556,3 5 9 6 4 10
491,2298,0.2723,0.044951051473617554,0.0008929000905482098,0.0013896699529141188,0.8601980945549453,3,3,0.3333333333333333,4 9 5 10
492,2303,0.2707166666666666,0.40316301584243774,0.000813572364859283,0.0012269511353224516,0.9254885753190342,4,4,0.4444444444444444,3 5 9 4 10
493,2306,0.2697666666666666,0.11305596679449081,0.0008168484782800078,0.0008323058136738837,0.9115637315262228,2,2,0.2222222222222222,7 5 10
494,2315,0.2669166666666668,0.29464900493621826,0.000710687144116188,0.0009207972325384617,0.9285259821433375,8,8,0.8888888888888888,1 8 7 6 4 3 2 5 10
495,2318,0.2659666666666668,0.09433943033218384,0.0007458101220739385,0.0009693301399238408,0.9300510606658728,2,2,0.2222222222222222,4 6 10
496,2323,0.2643833333333334,0.49316638708114624,0.0006968892179429531,0.00040003086905926466,0.9298996788922445,4,4,0.4444444444444444,3 4 8 9 10
497,2326,0.2634333333333334,0.0170421302318573,0.0007195942065057656,0.0006009192438796163,0.933253424877786,2,2,0.2222222222222222,4 8 10
498,2331,0.26185,0.014096125960350037,0.0008199353353120387,0.001746585825458169,0.9073567545034797,4,4,0.4444444444444444,9 4 5 7 10
499,2334,0.2609,0.18513724207878113,0.0006629266426898539,0.0012561061885207891,0.8670401223951798,2,2,0.2222222222222222,5 4 10
500,2337,0.25995,0.0779656395316124,0.0007052586297504604,0.0019162757089361548,0.8441961786196897,2,2,0.2222222222222222,5 4 10
501,2346,0.2571,0.4562515616416931,0.0008134748269286421,0.0004373207048047334,0.9572884005612907,9,9,1.0,7 9 8 1 4 3 6 5 2
502,2349,0.25615,0.04071243852376938,0.001017829015230139,0.00194821588229388,0.8744629141669743,2,2,0.2222222222222222,7 4 10
503,2354,0.2545666666666667,0.08719372749328613,0.000818897649878636,0.0013049885164946318,0.8778195075699605,4,4,0.4444444444444444,4 8 7 9 10
504,2363,0.2517166666666667,0.33762699365615845,0.0008724940901932617,0.0010417363373562694,0.9060982882657601,9,9,1.0,3 9 7 2 8 4 6 1 5
505,2370,0.24950000000000006,0.3564353287220001,0.0007094343974521118,0.001263163983821869,0.8948365254471616,6,6,0.6666666666666666,3 9 4 6 7 8 10
506,2374,0.24823333333333342,0.13757473230361938,0.0007051228021737188,0.00047424115473404527,0.9324436944496334,3,3,0.3333333333333333,5 7 2 10
507,2380,0.2463333333333334,-0.0438837856054306,0.0006008095224387944,0.0010548785794526339,0.9254335158290817,5,5,0.5555555555555556,7 5 2 9 6 10
508,2383,0.2453833333333334,0.10581894963979721,0.0005899210421678921,0.001094674109481275,0.8964623187122673,2,2,0.2222222222222222,7 5 10
509,2391,0.24285,0.4248901307582855,0.000733444481738843,0.0007784373592585325,0.9281391236359667,7,7,0.7777777777777778,7 8 6 2 5 3 4 10
510,2398,0.24063333333333337,0.44717150926589966,0.0006801753521098622,0.0006321336841210723,0.9305242974395276,6,6,0.6666666666666666,6 4 9 5 7 2 10
511,2405,0.23841666666666672,0.3303256332874298,0.000787617447453418,0.0012950317468494177,0.9240410231982937,6,6,0.6666666666666666,3 4 9 2 6 8 10
512,2411,0.2365166666666667,0.3472883403301239,0.0006715420895488933,0.0008307958487421274,0.9325111037237608,5,5,0.5555555555555556,1 3 2 5 9 10
513,2417,0.2346166666666667,0.32042962312698364,0.0006748136268773427,0.0010456705931574106,0.8948117034348098,5,5,0.5555555555555556,5 7 8 6 2 10
514,2426,0.23176666666666668,0.3530403971672058,0.0006058757296866841,0.0008603661553934216,0.9146283618866617,9,9,1.0,5 9 6 7 4 2 8 1 3
515,2431,0.2301833333333334,0.3747253119945526,0.0006837545603048057,0.001131750294007361,0.9144025455615467,4,4,0.4444444444444444,5 4 7 9 10
516,2440,0.2273333333333334,0.4416680634021759,0.0006109359480130175,0.00032859109342098236,0.9410542413397436,8,8,0.8888888888888888,7 1 8 6 3 9 4 5 10
517,2449,0.22448333333333337,0.4094548523426056,0.0006695665393231644,0.0007548851426690817,0.9304624109326305,8,8,0.8888888888888888,6 4 7 8 1 9 3 5 10
518,2455,0.22258333333333336,0.37615084648132324,0.0005765655708576863,0.0004541799717117101,0.9547672428890585,5,5,0.5555555555555556,5 7 9 2 4 10
519,2462,0.2203666666666667,0.3540968596935272,0.0006206026300787926,0.0006666338886134326,0.9482083308746359,6,6,0.6666666666666666,5 9 4 2 1 3 10
520,2465,0.2194166666666667,0.11668162047863007,0.000683230561359475,0.0026243135798722506,0.8063350944656892,2,2,0.2222222222222222,5 2 10
521,2473,0.21688333333333332,0.4935038685798645,0.0005625048470392358,0.000462863827124238,0.9559989232795842,7,7,0.7777777777777778,8 5 2 9 4 1 3 10
522,2478,0.21530000000000005,0.09353980422019958,0.0005515173193998635,0.0012379416730254889,0.8795972366714307,4,4,0.4444444444444444,4 7 9 5 10
523,2480,0.21466666666666667,0.01719096675515175,0.0008290561381727457,0.0017430841689929366,0.7986555485349419,1,1,0.1111111111111111,1 10
524,2482,0.2140333333333333,0.06098437309265137,0.0005212321411818266,0.0017735688015818596,0.8871583074395513,1,1,0.1111111111111111,4 10
525,2491,0.2111833333333334,0.2870096266269684,0.0006390513735823333,0.0008903128327801824,0.9111763622421288,9,9,1.0,6 4 7 1 8 2 5 9 3
526,2493,0.21055000000000013,0.21998783946037292,0.0005899746902287006,0.002636719960719347,0.841886814165413,1,1,0.1111111111111111,5 10
527,2496,0.20960000000000012,0.08355478197336197,0.0006170355676052471,0.0019523093942552805,0.8547255588290099,2,2,0.2222222222222222,4 3 10
528,2505,0.2067500000000001,0.3711589574813843,0.0009418818032524238,0.000874463003128767,0.9131631202880608,8,8,0.8888888888888888,4 6 7 2 5 9 8 3 10
529,2508,0.2058000000000001,0.1787094622850418,0.0010592771771674354,0.001622771262191236,0.8945728667638532,2,2,0.2222222222222222,4 7 10
530,2511,0.2048500000000001,0.03257124125957489,0.0011554905213415623,0.0007565421983599663,0.9228043225765512,2,2,0.2222222222222222,8 3 10
531,2514,0.20390000000000008,0.10284934937953949,0.0012801659759134054,0.0005679064779542387,0.9175956491978925,2,2,0.2222222222222222,8 3 10
532,2519,0.2023166666666667,0.4893273115158081,0.000977118860464543,0.0006678929785266519,0.9325213320509007,4,4,0.4444444444444444,4 9 3 1 10
533,2524,0.20073333333333332,0.40316301584243774,0.0009848967310972512,0.0012269511353224516,0.9254885753190342,4,4,0.4444444444444444,3 9 4 5 10
534,2533,0.1978833333333333,0.42282634973526,0.0010318738059140742,0.0003227495471946895,0.9422542529355615,9,9,1.0,9 7 6 8 5 4 2 3 1
535,2536,0.1969333333333333,0.15531590580940247,0.0009358798852190375,0.0014099169056862593,0.8748676295388893,2,2,0.2222222222222222,2 1 10
536,2539,0.1959833333333333,0.004562191665172577,0.0008124915378478667,0.0008559779962524772,0.8926549833290075,2,2,0.2222222222222222,5 3 10
537,2543,0.19471666666666665,0.0410737469792366,0.00103793187008705,0.0005587369087152183,0.9212769042084815,3,3,0.3333333333333333,6 7 4 10
538,2546,0.19376666666666664,0.10850393772125244,0.0010469214175827801,0.0008389106369577348,0.9069942867872831,2,2,0.2222222222222222,1 7 10
539,2549,0.19281666666666664,0.10850393772125244,0.0006827813922427595,0.0008389106369577348,0.9069942867872831,2,2,0.2222222222222222,1 7 10
540,2554,0.19123333333333337,0.4039052128791809,0.0011203829431906342,0.0005602201563306153,0.9380694560697757,4,4,0.4444444444444444,4 9 3 5 10
541,2556,0.1906000000000001,0.040166184306144714,0.0006778166862204671,0.0011256439611315727,0.8741914829533818,1,1,0.1111111111111111,3 10
542,2564,0.18806666666666672,0.3224625885486603,0.0008797301779850386,0.0009159882320091128,0.9086501148311193,7,7,0.7777777777777778,4 6 9 2 7 3 5 10
543,2569,0.18648333333333345,0.3650880455970764,0.0007952817599289119,0.0009835887467488647,0.9016255986446008,4,4,0.4444444444444444,6 4 7 5 10
544,2573,0.1852166666666667,0.4268442392349243,0.0007235739903990179,0.0008054295904003084,0.9396085455287225,3,3,0.3333333333333333,3 5 4 10
545,2577,0.18395000000000006,0.1195136159658432,0.0011642743047559634,0.0014397994382306933,0.8605650714139026,3,3,0.3333333333333333,2 7 8 10
546,2581,0.18268333333333342,0.4219055473804474,0.0011817364720627666,0.000634961761534214,0.934013288472552,3,3,0.3333333333333333,4 5 3 10
547,2584,0.1817333333333334,0.15710057318210602,0.0008104753311878691,0.0015318566001951694,0.8460378921219767,2,2,0.2222222222222222,2 8 10
548,2586,0.18110000000000004,0.06062532961368561,0.0008128077024593949,0.0011297360761091113,0.8922865877058644,1,1,0.1111111111111111,4 10
549,2590,0.1798333333333334,0.1566517949104309,0.0009061497403308749,0.0012161259073764086,0.8873469877398964,3,3,0.3333333333333333,4 5 3 10
550,2591,0.17951666666666666,0.0,0.0010763544123619795,0.0051157474517822266,0.6636837995749556,0,0,0.0,10
551,2594,0.17856666666666665,0.1169002503156662,0.0005862519125609348,0.0008034592028707266,0.9365896917303734,2,2,0.2222222222222222,5 3 10
552,2602,0.17603333333333337,0.460341215133667,0.0007267345645232126,0.00033477466786280274,0.9398101141208984,7,7,0.7777777777777778,1 3 4 8 9 2 5 10
553,2604,0.1754,0.03799684718251228,0.0005363424716051668,0.002125915139913559,0.8768251535441731,1,1,0.1111111111111111,3 10
554,2606,0.17476666666666663,0.04510943219065666,0.0008259691821876913,0.0009057357674464583,0.8937286822552771,1,1,0.1111111111111111,3 10
555,2614,0.17223333333333346,0.38421526551246643,0.0006889969008625485,0.0009031022782437503,0.9092255556484181,7,7,0.7777777777777778,8 3 4 5 6 1 2 10
556,2617,0.17128333333333345,0.07465614378452301,0.0006698271414885918,0.00155686738435179,0.8862327093548639,2,2,0.2222222222222222,2 8 10
557,2618,0.1709666666666667,0.0,0.0007082648226059973,0.0019171861931681633,0.7992119064685245,0,0,0.0,10
558,2625,0.16875000000000007,0.45945852994918823,0.0007365498043197606,0.0012417782563716173,0.922881051224704,6,6,0.6666666666666666,6 4 9 3 5 8 10
559,2632,0.16653333333333342,0.4564714729785919,0.0007252548904424268,0.0006061516469344497,0.9336659375680045,6,6,0.6666666666666666,6 4 9 3 5 7 10
560,2638,0.1646333333333334,0.4698529541492462,0.0009669357580908885,0.0013033882714807987,0.9172774434054224,5,5,0.5555555555555556,7 3 1 4 5 10
561,2640,0.16400000000000003,0.024119332432746887,0.0007168455922510475,0.0017540492117404938,0.8133872485853616,1,1,0.1111111111111111,8 10
562,2647,0.1617833333333334,-0.04867658019065857,0.0007318394907218005,0.0014137047110125422,0.8560420074339571,6,6,0.6666666666666666,2 8 5 6 9 1 10
563,2649,0.16115000000000002,0.022266119718551636,0.0009496596467215568,0.0012151640839874744,0.8455058391539294,1,1,0.1111111111111111,3 10
564,2655,0.15925,0.44250157475471497,0.0007260167233956357,0.00045766113908030093,0.9224342614872986,5,5,0.5555555555555556,7 1 8 6 4 10
565,2659,0.15798333333333336,0.0701843649148941,0.0006123646016931161,0.0008939431281760335,0.9173958156430622,3,3,0.3333333333333333,5 3 9 10
566,2662,0.15703333333333336,0.1169002503156662,0.0006909009340840081,0.0008034592028707266,0.9365896917303734,2,2,0.2222222222222222,5 3 10
567,2665,0.15608333333333335,0.19791531562805176,0.0006880303165720155,0.0011633896501734853,0.8739712917900397,2,2,0.2222222222222222,2 8 10
568,2668,0.15513333333333335,0.10815343260765076,0.0005806428380310535,0.00117151637095958,0.8979088339985621,2,2,0.2222222222222222,5 3 10
569,2670,0.15450000000000008,0.23068472743034363,0.0006227267731446773,0.0015251798322424293,0.8367638343349365,1,1,0.1111111111111111,7 10
570,2679,0.15165000000000006,0.3563920259475708,0.0006096671762255331,0.0010532259475439787,0.9044432411862894,8,8,0.8888888888888888,7 1 8 4 3 9 6 5 10
571,2682,0.15070000000000006,0.10815343260765076,0.0008167697427173456,0.00117151637095958,0.8979088339985621,2,2,0.2222222222222222,5 3 10
572,2684,0.15006666666666668,0.03884042054414749,0.0006602700450457633,0.0008692104602232575,0.9043948443320787,1,1,0.1111111111111111,4 10
573,2686,0.14943333333333342,0.06098437309265137,0.0009036465780809522,0.0017735688015818596,0.8871583074395513,1,1,0.1111111111111111,4 10
574,2689,0.1484833333333334,0.11236691474914551,0.0006068340347458919,0.0005396537599153817,0.9231267675987748,2,2,0.2222222222222222,5 3 10
575,2692,0.1475333333333334,0.15710057318210602,0.0005713234422728419,0.0015318566001951694,0.8460378921219767,2,2,0.2222222222222222,2 8 10
576,2695,0.1465833333333334,-0.013313300907611847,0.0008011692746852835,0.001356769702397287,0.8468473247129483,2,2,0.2222222222222222,4 2 10
577,2702,0.14436666666666675,0.3923555612564087,0.0005923114409337618,0.0010857810266315937,0.9011991688368153,6,6,0.6666666666666666,3 9 6 5 4 7 10
578,2705,0.14341666666666675,0.09341372549533844,0.0006670160995175441,0.0018240439239889383,0.8610716218861899,2,2,0.2222222222222222,2 8 10
579,2708,0.14246666666666674,0.1792849898338318,0.0006771198241040111,0.0012298867804929614,0.884983474581406,2,2,0.2222222222222222,2 8 10
580,2712,0.1412,0.02859334647655487,0.0007040937925921753,0.0012087994255125523,0.8935360369249274,3,3,0.3333333333333333,2 8 6 10
581,2714,0.14056666666666673,0.053220368921756744,0.0005806701665278524,0.0011728492099791765,0.886545326875237,1,1,0.1111111111111111,3 10
582,2720,0.13866666666666672,0.46365678310394287,0.0007174703350756317,0.000645991531200707,0.9280503270848611,5,5,0.5555555555555556,7 1 8 5 4 10
583,2723,0.1377166666666667,0.11236691474914551,0.0005376190141153833,0.0005396537599153817,0.9231267675987748,2,2,0.2222222222222222,5 3 10
584,2732,0.1348666666666668,0.3711588680744171,0.0006509983342968755,0.000874463003128767,0.9131631202880608,8,8,0.8888888888888888,7 2 8 5 4 9 6 3 10
585,2735,0.1339166666666668,0.15710057318210602,0.00088189016484345,0.0015318566001951694,0.8460378921219767,2,2,0.2222222222222222,2 8 10
586,2741,0.13201666666666678,0.49727997183799744,0.0006920486436380694,0.0005915588699281216,0.9450654498568329,5,5,0.5555555555555556,7 1 8 4 5 10
587,2747,0.13011666666666677,0.31520721316337585,0.000662682238422955,0.0009882941376417875,0.9200664437625128,5,5,0.5555555555555556,4 1 6 3 5 10
588,2749,0.1294833333333334,0.03451820835471153,0.0006676529010292143,0.001201205886900425,0.8625056232180663,1,1,0.1111111111111111,4 10
589,2752,0.1285333333333334,0.11668163537979126,0.0007873224288535615,0.0026243135798722506,0.8063350944656892,2,2,0.2222222222222222,2 5 10
590,2755,0.12758333333333338,0.13333460688591003,0.001232473140892883,0.0006554607534781098,0.9395266219743225,2,2,0.2222222222222222,2 8 10
591,2757,0.12695,0.03451820835471153,0.0011611609370447695,0.001201205886900425,0.8625056232180663,1,1,0.1111111111111111,4 10
592,2759,0.12631666666666674,0.0589144229888916,0.0009724261180963367,0.0007895955350250006,0.8966935165890899,1,1,0.1111111111111111,4 10
593,2765,0.12441666666666673,0.47156447172164917,0.0011250615255751957,0.0003986117662861943,0.9300121920677201,5,5,0.5555555555555556,8 3 4 2 9 10
594,2770,0.12283333333333335,0.4039052128791809,0.0009535712539218366,0.0005602201563306153,0.9380694560697757,4,4,0.4444444444444444,3 9 4 5 10
595,2772,0.12219999999999998,0.040166184306144714,0.0008240854367613792,0.0011256439611315727,0.8741914829533818,1,1,0.1111111111111111,3 10
596,2776,0.12093333333333334,0.06186772882938385,0.000766916578868404,0.0007468840340152383,0.920307109900944,3,3,0.3333333333333333,3 5 7 10
597,2779,0.11998333333333333,0.153483584523201,0.0009317128181767961,0.00233058026060462,0.8365330472056988,2,2,0.2222222222222222,7 5 10
598,2788,0.11713333333333331,0.471827894449234,0.0008628835979228219,0.0004546406853478402,0.9546431709661212,8,8,0.8888888888888888,6 4 8 7 1 2 3 5 10
599,2791,0.11618333333333342,0.1169002577662468,0.0008719227820013961,0.0008034592028707266,0.9365896917303734,2,2,0.2222222222222222,3 5 10
600,2797,0.1142833333333334,0.4506734013557434,0.0008226761613817265,0.0006854492239654064,0.9244510956400923,5,5,0.5555555555555556,8 3 4 2 9 10
601,2799,0.11365000000000003,0.029178842902183533,0.0009080337476916611,0.001665644347667694,0.8132051601695887,1,1,0.1111111111111111,3 10
602,2805,0.11175000000000002,0.3814070224761963,0.0008631429809611291,0.0010287647601217031,0.9232072144853091,5,5,0.5555555555555556,3 9 4 5 7 10
603,2808,0.11080000000000001,0.19324557483196259,0.0008236234231541554,0.00048408107249997556,0.9337721387108214,2,2,0.2222222222222222,2 8 10
604,2811,0.10985,0.21137651801109314,0.0006703939676905671,0.0013093352317810059,0.9068713030920726,2,2,0.2222222222222222,4 3 10
605,2814,0.10890000000000011,0.15221481025218964,0.0007159353311484059,0.0004358246806077659,0.9368535895675739,2,2,0.2222222222222222,2 8 10
606,2818,0.10763333333333336,0.2199639528989792,0.0007507739355787635,0.0008114546653814614,0.9388695206231793,3,3,0.3333333333333333,3 5 4 10
607,2820,0.1070000000000001,0.03884042054414749,0.0009013967355713248,0.0008692104602232575,0.9043948443320787,1,1,0.1111111111111111,4 10
608,2824,0.10573333333333335,0.1901683807373047,0.0006694116673315875,0.00024145617499016225,0.9591054467309386,3,3,0.3333333333333333,3 5 4 10
609,2829,0.10415000000000008,0.40402528643608093,0.0006498460075818002,0.0005569405620917678,0.9378831401183829,4,4,0.4444444444444444,3 6 5 4 10
610,2832,0.10320000000000007,0.12662246823310852,0.0007209873292595148,0.0026898588985204697,0.8240171939861618,2,2,0.2222222222222222,2 8 10
611,2835,0.10225000000000006,0.11236691474914551,0.0007072043566343685,0.0005396537599153817,0.9231267675987748,2,2,0.2222222222222222,5 3 10
612,2839,0.10098333333333331,0.17797595262527466,0.0006892614474054426,0.0004667523317039013,0.9538161026116784,3,3,0.3333333333333333,2 8 5 10
613,2842,0.10003333333333331,0.15710057318210602,0.0007081610383465886,0.0015318566001951694,0.8460378921219767,2,2,0.2222222222222222,2 8 10
614,2844,0.09940000000000004,0.03451820835471153,0.0008940926345530897,0.001201205886900425,0.8625056232180663,1,1,0.1111111111111111,4 10
615,2849,0.09781666666666666,0.40532660484313965,0.0008676995988935232,0.0012097187573090196,0.9264121021007882,4,4,0.4444444444444444,6 4 3 5 10
616,2852,0.09686666666666677,0.15710057318210602,0.0006419690325856209,0.0015318566001951694,0.8460378921219767,2,2,0.2222222222222222,2 8 10
617,2854,0.09623333333333339,0.022266119718551636,0.001023203192744404,0.0012151640839874744,0.8455058391539294,1,1,0.1111111111111111,3 10
618,2856,0.09560000000000013,-0.02261921390891075,0.00043348838516976684,0.0018979962915182114,0.850053531916172,1,1,0.1111111111111111,9 10
619,2860,0.09433333333333338,0.17137986421585083,0.0007203693821793422,0.0004831195983570069,0.9515890292690427,3,3,0.3333333333333333,2 3 8 10
620,2862,0.09370000000000012,0.2068304419517517,0.0010828840895555913,0.0016920720227062702,0.8199673588348909,1,1,0.1111111111111111,6 10
621,2866,0.09243333333333337,0.2199639528989792,0.0005749718038714491,0.0008114546653814614,0.9388695206231793,3,3,0.3333333333333333,3 5 4 10
622,2871,0.0908500000000001,0.4178103804588318,0.0007430388941429555,0.0006817359244450927,0.947281070912919,4,4,0.4444444444444444,3 4 9 5 10
623,2873,0.09021666666666672,0.022266119718551636,0.00066578877158463,0.0012151640839874744,0.8455058391539294,1,1,0.1111111111111111,3 10
624,2879,0.08831666666666671,0.13054996728897095,0.0007849430160907408,0.0006388971814885736,0.949416640220159,5,5,0.5555555555555556,9 6 5 3 4 10
625,2883,0.08705000000000007,0.2199639528989792,0.0007977386703714728,0.0008114546653814614,0.9388695206231793,3,3,0.3333333333333333,3 5 4 10
626,2886,0.08610000000000007,0.07465614378452301,0.0005846240480119983,0.00155686738435179,0.8862327093548639,2,2,0.2222222222222222,2 8 10
627,2889,0.08515000000000006,0.12662246823310852,0.0006387948718232413,0.0026898588985204697,0.8240171939861618,2,2,0.2222222222222222,2 8 10
628,2895,0.08325000000000005,0.37282073497772217,0.0006047213149334615,0.0012003045994788408,0.9265883971585955,5,5,0.5555555555555556,4 3 6 1 5 10
629,2898,0.08230000000000004,0.21662713587284088,0.0008526696086240312,0.001026777783408761,0.906708117348544,2,2,0.2222222222222222,3 4 10
630,2903,0.08071666666666666,0.4178103804588318,0.0006115209427662194,0.0006817359244450927,0.947281070912919,4,4,0.4444444444444444,3 5 4 9 10
631,2905,0.08008333333333328,0.04548247531056404,0.000554410828044638,0.0012849284103140235,0.8850821269704882,1,1,0.1111111111111111,3 10
632,2907,0.07945000000000002,0.0589144229888916,0.0005272635607980192,0.0007895955350250006,0.8966935165890899,1,1,0.1111111111111111,4 10
633,2911,0.07818333333333338,0.1566517949104309,0.0004901922948192805,0.0012161259073764086,0.8873469877398964,3,3,0.3333333333333333,3 5 4 10
634,2914,0.07723333333333338,0.1169002503156662,0.0005312427529133856,0.0008034592028707266,0.9365896917303734,2,2,0.2222222222222222,5 3 10
635,2920,0.07533333333333336,0.4673711359500885,0.0007083359426663568,0.000785261217970401,0.927469013969765,5,5,0.5555555555555556,9 3 4 6 5 10
636,2923,0.07438333333333336,0.18894577026367188,0.00047550237892816466,0.0006270104204304516,0.9425918584186739,2,2,0.2222222222222222,3 5 10
637,2930,0.07216666666666671,0.4573553502559662,0.0005601395137741097,0.0006023147143423557,0.9336266373234328,6,6,0.6666666666666666,7 6 8 5 3 4 10
638,2936,0.0702666666666667,0.5398128628730774,0.0007228667624682809,0.00045516519458033144,0.956084152482069,5,5,0.5555555555555556,6 4 9 3 5 10
639,2940,0.06900000000000006,0.462897926568985,0.0006549397076014429,0.00042539057903923094,0.9627984907482524,3,3,0.3333333333333333,3 5 4 10
640,2947,0.06678333333333342,0.5190915465354919,0.0005971370930118221,0.0004520918882917613,0.9568754933535273,6,6,0.6666666666666666,6 4 8 9 3 5 10
641,2949,0.06615000000000004,0.06062532961368561,0.0006503653130494058,0.0011297360761091113,0.8922865877058644,1,1,0.1111111111111111,4 10
642,2953,0.0648833333333334,0.462897926568985,0.0007822045154171064,0.00042539057903923094,0.9627984907482524,3,3,0.3333333333333333,3 5 4 10
643,2955,0.06425000000000003,0.046487025916576385,0.0008489189203828573,0.00152482814155519,0.8309204229524672,1,1,0.1111111111111111,4 10
644,2964,0.06140000000000001,0.3040144443511963,0.000609899039975264,0.000902039697393775,0.908895626035159,8,8,0.8888888888888888,8 5 2 6 4 9 1 3 10
645,2967,0.060450000000000004,0.09341372549533844,0.0005974983408426245,0.0018240439239889383,0.8610716218861899,2,2,0.2222222222222222,2 8 10
646,2969,0.05981666666666663,0.05966370552778244,0.0006329139287117869,0.0010643962305039167,0.8938761080762506,1,1,0.1111111111111111,4 10
647,2976,0.057600000000000096,0.44945433735847473,0.0005596748004401368,0.001296731410548091,0.9185097204979762,6,6,0.6666666666666666,6 3 8 2 4 5 10
648,2984,0.05506666666666671,0.39003461599349976,0.0006487247155746445,0.0008846846176311374,0.9116706122045143,7,7,0.7777777777777778,6 4 8 1 5 3 9 10
649,2987,0.0541166666666667,0.40209901332855225,0.0006091213629891475,0.0014980398118495941,0.8780306685233088,2,2,0.2222222222222222,3 5 10
650,2993,0.05221666666666669,0.3825228810310364,0.0007294365689934542,0.0008894877973943949,0.9327637040444985,5,5,0.5555555555555556,3 4 7 5 9 10
651,2997,0.05095000000000005,0.1901683807373047,0.0006900139123899862,0.00024145617499016225,0.9591054467309386,3,3,0.3333333333333333,3 5 4 10
652,3006,0.050000000000000044,0.47731316089630127,0.0008785220820249782,0.00044167545274831355,0.9571342403412432,8,8,0.8888888888888888,6 4 8 3 1 2 9 5 10
653,3015,0.050000000000000044,0.4562515318393707,0.0008619446178070373,0.0004373207048047334,0.9572884005612907,9,9,1.0,6 4 8 1 3 2 9 7 5
654,3018,0.050000000000000044,0.12730371952056885,0.0009456976937750975,0.0007031548302620649,0.9380041736662034,2,2,0.2222222222222222,8 7 10
655,3026,0.050000000000000044,0.462283194065094,0.0007375882196356542,0.0003310257743578404,0.9403775211392629,7,7,0.7777777777777778,6 9 7 5 4 2 3 10
656,3031,0.050000000000000044,0.42982572317123413,0.0007977156026754528,0.0011121872812509537,0.89846318530519,4,4,0.4444444444444444,9 5 4 3 10
657,3037,0.050000000000000044,0.38732630014419556,0.0006796712890112152,0.0006685452535748482,0.9482795550763677,5,5,0.5555555555555556,1 3 4 9 5 10
658,3044,0.050000000000000044,0.5161322355270386,0.0007091538781034094,0.00046145799569785595,0.9560802736265339,6,6,0.6666666666666666,9 5 7 8 4 3 10
659,3051,0.050000000000000044,0.3391490578651428,0.0006788114010955074,0.0009299874654971063,0.9066301368079486,6,6,0.6666666666666666,6 4 8 9 3 5 10
660,3059,0.050000000000000044,0.46094653010368347,0.0006142353704490233,0.00033323888783343136,0.9398730677174898,7,7,0.7777777777777778,6 9 7 8 3 4 5 10
661,3062,0.050000000000000044,0.1935204267501831,0.0007058048504404724,0.00030801689717918634,0.9415807791683252,2,2,0.2222222222222222,3 5 10
662,3067,0.050000000000000044,0.40316301584243774,0.0006271013990044594,0.0012269511353224516,0.9254885753190342,4,4,0.4444444444444444,3 4 9 5 10
663,3069,0.050000000000000044,0.04281405359506607,0.0005630420637317002,0.0013543919194489717,0.8872737571614818,1,1,0.1111111111111111,4 10
664,3072,0.050000000000000044,0.20809057354927063,0.0006592485976095,0.0005641941679641604,0.947874285076943,2,2,0.2222222222222222,4 3 10
665,3077,0.050000000000000044,0.4039052128791809,0.0005440785258542747,0.0005602201563306153,0.9380694560697757,4,4,0.4444444444444444,4 9 3 5 10
666,3080,0.050000000000000044,0.001976914703845978,0.0005592669864806036,0.0006541679613292217,0.9233952464090658,2,2,0.2222222222222222,4 6 10
667,3086,0.050000000000000044,0.40199095010757446,0.0005468478484544903,0.0010072835721075535,0.904119386205917,5,5,0.5555555555555556,9 5 7 2 6 10
668,3090,0.050000000000000044,0.4197719097137451,0.000522547445143573,0.0013346211053431034,0.9167494995249037,3,3,0.3333333333333333,3 5 4 10
669,3096,0.050000000000000044,0.3271142244338989,0.0006002378844035169,0.001017377246171236,0.894324841524843,5,5,0.5555555555555556,8 3 1 4 2 10
670,3101,0.050000000000000044,0.40477675199508667,0.0005782713531516492,0.0010784901678562164,0.9168382316969521,4,4,0.4444444444444444,1 3 5 4 10
671,3104,0.050000000000000044,0.11668163537979126,0.0005287728660429517,0.0026243135798722506,0.8063350944656892,2,2,0.2222222222222222,2 5 10
672,3106,0.050000000000000044,0.03884042054414749,0.0005043776473030448,0.0008692104602232575,0.9043948443320787,1,1,0.1111111111111111,4 10
673,3111,0.050000000000000044,0.37121686339378357,0.0005996500956825912,0.0011235808487981558,0.9107757679648547,4,4,0.4444444444444444,1 3 2 4 10
674,3114,0.050000000000000044,0.08308648318052292,0.0004658125011095156,0.0028296257369220257,0.8642653909187397,2,2,0.2222222222222222,2 1 10
675,3116,0.050000000000000044,0.04281405359506607,0.0005706163792638108,0.0013543919194489717,0.8872737571614818,1,1,0.1111111111111111,4 10
676,3124,0.050000000000000044,0.3209458291530609,0.0005336457106750458,0.0009211251745000482,0.9084309800467083,7,7,0.7777777777777778,9 7 6 8 4 3 5 10
677,3128,0.050000000000000044,0.11205743253231049,0.0005604883190244436,0.0012282440438866615,0.928728565697721,3,3,0.3333333333333333,5 3 4 10
678,3130,0.050000000000000044,0.03884042054414749,0.0005252285773167387,0.0008692104602232575,0.9043948443320787,1,1,0.1111111111111111,4 10
679,3135,0.050000000000000044,0.41459524631500244,0.0005334831192158162,0.0008974188240244985,0.9322367595435607,4,4,0.4444444444444444,4 9 3 5 10
680,3137,0.050000000000000044,0.04281405359506607,0.0008017690561246127,0.0013543919194489717,0.8872737571614818,1,1,0.1111111111111111,4 10
681,3139,0.050000000000000044,0.03884042054414749,0.0005067132296971977,0.0008692104602232575,0.9043948443320787,1,1,0.1111111111111111,4 10
682,3145,0.050000000000000044,0.4673710763454437,0.0004888202189855898,0.000785261217970401,0.927469013969765,5,5,0.5555555555555556,9 4 3 6 5 10
683,3154,0.050000000000000044,0.4193282723426819,0.0004881936345352895,0.0005844912957400084,0.9358204742461691,8,8,0.8888888888888888,6 9 7 2 8 3 4 5 10
684,3157,0.050000000000000044,0.11792918294668198,0.0006230413370455304,0.000804286974016577,0.9374519547582665,2,2,0.2222222222222222,2 1 10
685,3160,0.050000000000000044,0.12662246823310852,0.0005878554075025022,0.0026898588985204697,0.8240171939861618,2,2,0.2222222222222222,2 8 10
686,3163,0.050000000000000044,0.3330039978027344,0.0007082401231552163,0.001506376313045621,0.8633329017479836,2,2,0.2222222222222222,7 6 10
687,3165,0.050000000000000044,0.03451820835471153,0.0004209219041513279,0.001201205886900425,0.8625056232180663,1,1,0.1111111111111111,4 10
688,3171,0.050000000000000044,0.3275894224643707,0.0005799598972468326,0.0009262704406864941,0.9241495356052299,5,5,0.5555555555555556,1 3 9 5 4 10
689,3178,0.050000000000000044,0.44613122940063477,0.0005501584756919849,0.0006365708541125059,0.9305509651848309,6,6,0.6666666666666666,6 4 8 1 3 5 10
690,3181,0.050000000000000044,0.11379346251487732,0.0004330922965891659,0.0005225643399171531,0.928547061625403,2,2,0.2222222222222222,2 4 10
691,3186,0.050000000000000044,0.41459524631500244,0.0005830586538650096,0.0008974188240244985,0.9322367595435607,4,4,0.4444444444444444,4 9 3 5 10
692,3190,0.050000000000000044,0.20790411531925201,0.00048382230306742713,0.0007259475532919168,0.9303995626009602,3,3,0.3333333333333333,4 3 5 10
693,3195,0.050000000000000044,0.4303478002548218,0.0005340152885764838,0.0007181070977821946,0.947020506603681,4,4,0.4444444444444444,3 9 4 5 10
694,3198,0.050000000000000044,0.08666543662548065,0.0004966098349541426,0.000671122339554131,0.9333015457947388,2,2,0.2222222222222222,4 1 10
695,3201,0.050000000000000044,0.172509104013443,0.000545529784479489,0.0014624252216890454,0.8594186275191915,2,2,0.2222222222222222,7 8 10
696,3204,0.050000000000000044,0.19435951113700867,0.0004933042897998045,0.0011888995068147779,0.8720131784004207,2,2,0.2222222222222222,7 8 10
697,3206,0.050000000000000044,0.046487025916576385,0.00045938731636852026,0.00152482814155519,0.8309204229524672,1,1,0.1111111111111111,4 10
698,3211,0.050000000000000044,0.45042890310287476,0.00043888501822948457,0.0003419184358790517,0.9670160694156333,4,4,0.4444444444444444,9 4 3 5 10
699,3214,0.050000000000000044,0.09236723929643631,0.0004666480914844821,0.003013712354004383,0.799225418371072,2,2,0.2222222222222222,2 1 10
700,3217,0.050000000000000044,0.06213594973087311,0.0003511688361565272,0.0006810955819673836,0.8927327037637214,2,2,0.2222222222222222,2 1 10
701,3219,0.050000000000000044,0.046487025916576385,0.00042600811866577715,0.00152482814155519,0.8309204229524672,1,1,0.1111111111111111,4 10
702,3224,0.050000000000000044,0.4183122217655182,0.0004441343480721116,0.0009870502399280667,0.9236960482476866,4,4,0.4444444444444444,3 4 6 5 10
703,3226,0.050000000000000044,0.0589144229888916,0.000566227943636477,0.0007895955350250006,0.8966935165890899,1,1,0.1111111111111111,4 10
704,3228,0.050000000000000044,0.046487025916576385,0.0004897238686680794,0.00152482814155519,0.8309204229524672,1,1,0.1111111111111111,4 10
705,3233,0.050000000000000044,0.41129985451698303,0.0004713315749540925,0.001047596917487681,0.9211327501624716,4,4,0.4444444444444444,3 4 9 5 10
706,3236,0.050000000000000044,0.21662713587284088,0.0005622388368162016,0.001026777783408761,0.906708117348544,2,2,0.2222222222222222,4 3 10
707,3239,0.050000000000000044,0.11852535605430603,0.00043026388933261234,0.001429002732038498,0.9011649027838861,2,2,0.2222222222222222,5 3 10
708,3244,0.050000000000000044,0.4303478002548218,0.0005288129614200443,0.0007181070977821946,0.947020506603681,4,4,0.4444444444444444,4 9 3 5 10
709,3249,0.050000000000000044,0.409161239862442,0.0004712740774266422,0.00045684719225391746,0.954807923953896,4,4,0.4444444444444444,1 3 9 5 10
710,3257,0.050000000000000044,0.4390847384929657,0.0007083258315105923,0.0005926471203565598,0.9353004375054068,7,7,0.7777777777777778,6 9 7 2 5 4 3 10
711,3260,0.050000000000000044,0.172509104013443,0.0007049433382538458,0.0014624252216890454,0.8594186275191915,2,2,0.2222222222222222,7 8 10
712,3263,0.050000000000000044,0.16738271713256836,0.0007850084220990539,0.0004056544858030975,0.9406281643670039,2,2,0.2222222222222222,7 8 10
713,3266,0.050000000000000044,0.13331416249275208,0.0006430560218480726,0.0012975872959941626,0.9118230704497213,2,2,0.2222222222222222,7 8 10
714,3271,0.050000000000000044,0.4178103506565094,0.0006932954536750912,0.0006817359244450927,0.947281070912919,4,4,0.4444444444444444,3 9 4 5 10
715,3274,0.050000000000000044,0.16738271713256836,0.0005659847132240733,0.0004056544858030975,0.9406281643670039,2,2,0.2222222222222222,7 8 10
716,3277,0.050000000000000044,0.10047644376754761,0.00073331652674824,0.0012954178964719176,0.8977892453141076,2,2,0.2222222222222222,3 4 10
717,3280,0.050000000000000044,0.14341361820697784,0.0007950010476633906,0.0017113493522629142,0.8996180292577721,2,2,0.2222222222222222,3 5 10
718,3283,0.050000000000000044,0.1639065444469452,0.0006134715319300691,0.0004106268170289695,0.939526899187304,2,2,0.2222222222222222,4 3 10
719,3292,0.050000000000000044,0.41014695167541504,0.0006329906399413529,0.0007524118991568685,0.9306850550999681,8,8,0.8888888888888888,8 4 6 1 3 2 9 5 10
720,3300,0.050000000000000044,0.37858548760414124,0.0006788626778870821,0.0010532522574067116,0.9044165295702665,7,7,0.7777777777777778,3 4 6 8 1 9 5 10
721,3303,0.050000000000000044,0.17989303171634674,0.0005808174998189012,0.001258210395462811,0.8877759535357302,2,2,0.2222222222222222,7 8 10
722,3305,0.050000000000000044,0.04281405359506607,0.0005764596280641854,0.0013543919194489717,0.8872737571614818,1,1,0.1111111111111111,4 10
723,3308,0.050000000000000044,0.20556098222732544,0.0004857963358517736,0.0013487274991348386,0.903586375169394,2,2,0.2222222222222222,7 8 10
724,3316,0.050000000000000044,0.4992430806159973,0.0004936011573590804,0.00044275051914155483,0.9570903429201185,7,7,0.7777777777777778,6 4 3 8 1 9 5 10
725,3322,0.050000000000000044,0.4808470904827118,0.0005578212294494733,0.0012458970304578543,0.9224571272571361,5,5,0.5555555555555556,3 4 8 9 5 10
726,3324,0.050000000000000044,0.04281405359506607,0.0005406872660387307,0.0013543919194489717,0.8872737571614818,1,1,0.1111111111111111,4 10
727,3329,0.050000000000000044,0.4303478002548218,0.0005767709924839437,0.0007181070977821946,0.947020506603681,4,4,0.4444444444444444,4 9 3 5 10
728,3331,0.050000000000000044,0.03884042054414749,0.000537521147634834,0.0008692104602232575,0.9043948443320787,1,1,0.1111111111111111,4 10
729,3339,0.050000000000000044,0.44045478105545044,0.0005359314855013508,0.000585604109801352,0.9349691365689358,7,7,0.7777777777777778,6 4 8 1 3 9 5 10
730,3341,0.050000000000000044,0.046487025916576385,0.0005028847954235971,0.00152482814155519,0.8309204229524672,1,1,0.1111111111111111,4 10
731,3348,0.050000000000000044,0.46065279841423035,0.000523623511461275,0.0005920806434005499,0.9344882248733614,6,6,0.6666666666666666,6 4 8 5 9 3 10
732,3351,0.050000000000000044,0.09907955676317215,0.0005675342787678043,0.001777750439941883,0.8664663751364888,2,2,0.2222222222222222,8 7 10
733,3354,0.050000000000000044,0.18858784437179565,0.0005693184987952312,0.00047776405699551105,0.9299233404124393,2,2,0.2222222222222222,8 7 10
734,3363,0.050000000000000044,0.4193282723426819,0.0005602060765441922,0.0005844912957400084,0.9358204742461691,8,8,0.8888888888888888,6 4 8 7 5 9 2 3 10
735,3368,0.050000000000000044,0.4039052128791809,0.0004387540102470666,0.0005602201563306153,0.9380694560697757,4,4,0.4444444444444444,4 9 3 5 10
736,3371,0.050000000000000044,0.19859154522418976,0.0005401902890298516,0.0004633694770745933,0.9346287384646969,2,2,0.2222222222222222,7 4 10
737,3376,0.050000000000000044,0.3592374622821808,0.00042000436806119976,0.0009344061836600304,0.9235703097689592,4,4,0.4444444444444444,4 9 3 5 10
738,3380,0.050000000000000044,0.19198879599571228,0.00045163516188040376,0.0003517318400554359,0.9524080036794955,3,3,0.3333333333333333,5 3 4 10
739,3387,0.050000000000000044,0.4494543671607971,0.0005481845499681574,0.001296731410548091,0.9185097204979762,6,6,0.6666666666666666,4 3 8 2 6 5 10
740,3390,0.050000000000000044,0.12730371952056885,0.0004565189398514728,0.0007031548302620649,0.9380041736662034,2,2,0.2222222222222222,8 7 10
741,3392,0.050000000000000044,0.03451820835471153,0.0006020208238624036,0.001201205886900425,0.8625056232180663,1,1,0.1111111111111111,4 10
742,3397,0.050000000000000044,0.39442020654678345,0.0004988140077330172,0.000797008688095957,0.9396103240115464,4,4,0.4444444444444444,7 8 5 4 10
743,3400,0.050000000000000044,0.172509104013443,0.0004471634844473253,0.0014624252216890454,0.8594186275191915,2,2,0.2222222222222222,7 8 10
744,3403,0.050000000000000044,0.106321781873703,0.0004842716540830831,0.0010925107635557652,0.8969012815217342,2,2,0.2222222222222222,8 7 10
745,3404,0.050000000000000044,0.0,0.0004911338910460472,0.0015377991367131472,0.8204179049738628,0,0,0.0,10
746,3408,0.050000000000000044,0.462897926568985,0.000469322876597289,0.00042539057903923094,0.9627984907482524,3,3,0.3333333333333333,4 3 5 10
747,3417,0.050000000000000044,0.4195944368839264,0.00046132625235865515,0.0005814561736769974,0.9353443691230132,8,8,0.8888888888888888,4 3 8 6 1 2 9 5 10
748,3421,0.050000000000000044,0.43453365564346313,0.0005331666543497704,0.0009676149347797036,0.9256354660752554,3,3,0.3333333333333333,4 3 5 10
749,3423,0.050000000000000044,0.03451820835471153,0.0005123567825648934,0.001201205886900425,0.8625056232180663,1,1,0.1111111111111111,4 10
750,3426,0.050000000000000044,0.20239529013633728,0.0005266909526350597,0.0011052954941987991,0.8738184083479055,2,2,0.2222222222222222,7 5 10
751,3434,0.050000000000000044,0.4992430806159973,0.00046436449338216335,0.00044275051914155483,0.9570903429201185,7,7,0.7777777777777778,6 4 8 1 9 3 5 10
752,3438,0.050000000000000044,0.19198879599571228,0.0004466600585146807,0.0003517318400554359,0.9524080036794955,3,3,0.3333333333333333,4 3 5 10
753,3440,0.050000000000000044,0.03451820835471153,0.00047869200352579355,0.001201205886900425,0.8625056232180663,1,1,0.1111111111111111,4 10
754,3447,0.050000000000000044,0.45945852994918823,0.00045626966415771415,0.0012417782563716173,0.922881051224704,6,6,0.6666666666666666,6 5 3 8 4 9 10
755,3452,0.050000000000000044,0.3592374622821808,0.0004246880591381341,0.0009344061836600304,0.9235703097689592,4,4,0.4444444444444444,3 9 4 5 10
756,3454,0.050000000000000044,0.03451820835471153,0.0003862770099658519,0.001201205886900425,0.8625056232180663,1,1,0.1111111111111111,4 10
757,3462,0.050000000000000044,0.4992430806159973,0.000426871392846806,0.00044275051914155483,0.9570903429201185,7,7,0.7777777777777778,6 3 8 1 4 9 5 10
758,3465,0.050000000000000044,0.106321781873703,0.00042833743888574344,0.0010925107635557652,0.8969012815217342,2,2,0.2222222222222222,8 7 10
759,3468,0.050000000000000044,0.20239529013633728,0.0004354222813465943,0.0011052954941987991,0.8738184083479055,2,2,0.2222222222222222,7 5 10
760,3470,0.050000000000000044,0.04281405359506607,0.00048554790555499494,0.0013543919194489717,0.8872737571614818,1,1,0.1111111111111111,4 10
761,3472,0.050000000000000044,0.046487025916576385,0.00046666699927300215,0.00152482814155519,0.8309204229524672,1,1,0.1111111111111111,4 10
762,3476,0.050000000000000044,0.43453365564346313,0.0004623422646545805,0.0009676149347797036,0.9256354660752554,3,3,0.3333333333333333,3 5 4 10
763,3481,0.050000000000000044,0.4173508584499359,0.00044943351531401277,0.0008328834665007889,0.9444973288938917,4,4,0.4444444444444444,4 3 6 5 10
764,3483,0.050000000000000044,0.0589144229888916,0.00043143483344465494,0.0007895955350250006,0.8966935165890899,1,1,0.1111111111111111,4 10
765,3487,0.050000000000000044,0.01088743656873703,0.00047015296877361834,0.0015378823736682534,0.888273929009894,3,3,0.3333333333333333,2 8 6 10
766,3489,0.050000000000000044,0.03884042054414749,0.0004671917704399675,0.0008692104602232575,0.9043948443320787,1,1,0.1111111111111111,4 10
767,3496,0.050000000000000044,0.3971270024776459,0.00044481062962274464,0.0010692275827750564,0.903353480943318,6,6,0.6666666666666666,9 2 8 3 5 4 10
768,3498,0.050000000000000044,0.05966370552778244,0.0002950393391074613,0.0010643962305039167,0.8938761080762506,1,1,0.1111111111111111,4 10
769,3502,0.050000000000000044,0.19198879599571228,0.000632613489869982,0.0003517318400554359,0.9524080036794955,3,3,0.3333333333333333,3 5 4 10
770,3511,0.050000000000000044,0.4101470112800598,0.0007595960374197199,0.0007524118991568685,0.9306850550999681,8,8,0.8888888888888888,6 5 3 8 4 1 2 9 10
771,3514,0.050000000000000044,0.1169002503156662,0.0007024775647247831,0.0008034592028707266,0.9365896917303734,2,2,0.2222222222222222,5 3 10
772,3518,0.050000000000000044,0.1901683807373047,0.0008701972110429779,0.00024145617499016225,0.9591054467309386,3,3,0.3333333333333333,5 3 4 10
773,3521,0.050000000000000044,0.11921658366918564,0.0006083970656618476,0.0021879877895116806,0.8868179797005533,2,2,0.2222222222222222,4 3 10
774,3526,0.050000000000000044,0.4083661139011383,0.0005653880827594549,0.0007428517565131187,0.9452801419247061,4,4,0.4444444444444444,4 3 6 5 10
775,3531,0.050000000000000044,0.4183122217655182,0.000705149827990681,0.0009870502399280667,0.9236960482476866,4,4,0.4444444444444444,4 3 6 5 10
776,3534,0.050000000000000044,0.07465614378452301,0.0006192539100690434,0.00155686738435179,0.8862327093548639,2,2,0.2222222222222222,2 8 10
777,3535,0.050000000000000044,0.0,0.0006509667728096247,0.002573377685621381,0.7079943261833531,0,0,0.0,10
778,3540,0.050000000000000044,0.40316301584243774,0.0005926964222453535,0.0012269511353224516,0.9254885753190342,4,4,0.4444444444444444,4 5 9 3 10
779,3543,0.050000000000000044,0.14734843373298645,0.0005581754473193238,0.0006334055215120316,0.9490305221817865,2,2,0.2222222222222222,4 3 10
780,3551,0.050000000000000044,0.4394506812095642,0.0006375360717356671,0.00122960249427706,0.9238471245475105,7,7,0.7777777777777778,5 4 8 6 1 9 3 10
781,3559,0.050000000000000044,0.4404548108577728,0.0005619198927888647,0.000585604109801352,0.9349691365689358,7,7,0.7777777777777778,6 5 8 4 1 9 3 10
782,3563,0.050000000000000044,0.09386483579874039,0.0005944592412561178,0.0004334868863224983,0.9351978396618126,3,3,0.3333333333333333,2 8 9 10
783,3571,0.050000000000000044,0.4992430806159973,0.0005191921591176651,0.00044275051914155483,0.9570903429201185,7,7,0.7777777777777778,6 4 8 1 9 3 5 10
784,3574,0.050000000000000044,0.14734843373298645,0.0006679386909430226,0.0006334055215120316,0.9490305221817865,2,2,0.2222222222222222,4 3 10
785,3577,0.050000000000000044,0.20648209750652313,0.0005612308741547167,0.0005874915514141321,0.9488210503928868,2,2,0.2222222222222222,2 8 10
786,3582,0.050000000000000044,0.4083661139011383,0.0005731926008593291,0.0007428517565131187,0.9452801419247061,4,4,0.4444444444444444,4 3 6 5 10
787,3585,0.050000000000000044,0.12553609907627106,0.0005043614752745876,0.0007633796194568276,0.9186078773880119,2,2,0.2222222222222222,4 3 10
788,3587,0.050000000000000044,0.05966370552778244,0.0005264879582682624,0.0010643962305039167,0.8938761080762506,1,1,0.1111111111111111,4 10
789,3589,0.050000000000000044,0.010370910167694092,0.00047432721476070583,0.001837003044784069,0.796036049945105,1,1,0.1111111111111111,2 10
790,3593,0.050000000000000044,0.126132994890213,0.0005364546523196623,0.002082031685858965,0.8581362747533001,3,3,0.3333333333333333,6 5 7 10
791,3596,0.050000000000000044,0.07465614378452301,0.0004376654784816007,0.00155686738435179,0.8862327093548639,2,2,0.2222222222222222,2 8 10
792,3600,0.050000000000000044,0.43612128496170044,0.000506126118125394,0.0011007825378328562,0.9164959155067394,3,3,0.3333333333333333,4 5 3 10
793,3608,0.050000000000000044,0.46387165784835815,0.0004945816253894009,0.00032860744977369905,0.9410427441813858,7,7,0.7777777777777778,6 4 8 1 3 9 5 10
794,3610,0.050000000000000044,0.03884042054414749,0.0004027716349810362,0.0008692104602232575,0.9043948443320787,1,1,0.1111111111111111,4 10
795,3613,0.050000000000000044,0.16971264779567719,0.0006289379865241548,0.0021276811603456736,0.8450265611199647,2,2,0.2222222222222222,3 5 10
796,3616,0.050000000000000044,0.15710057318210602,0.0005278530976890276,0.0015318566001951694,0.8460378921219767,2,2,0.2222222222222222,2 8 10
797,3619,0.050000000000000044,0.12662246823310852,0.0004071806906722486,0.0026898588985204697,0.8240171939861618,2,2,0.2222222222222222,2 8 10
798,3622,0.050000000000000044,0.3792673349380493,0.0006057270220480859,0.0019148780265823007,0.8847401155719221,2,2,0.2222222222222222,4 3 10
799,3625,0.050000000000000044,0.1238940954208374,0.0006333430840944251,0.0013737315312027931,0.9045014745344305,2,2,0.2222222222222222,3 8 10
800,3630,0.050000000000000044,0.41129985451698303,0.0005212683114223182,0.001047596917487681,0.9211327501624716,4,4,0.4444444444444444,4 3 9 5 10
801,3637,0.050000000000000044,0.4121277928352356,0.00051446065689171,0.0008849536534398794,0.9115838790655703,6,6,0.6666666666666666,6 5 8 3 7 4 10
802,3639,0.050000000000000044,0.0589144229888916,0.0005385991535149515,0.0007895955350250006,0.8966935165890899,1,1,0.1111111111111111,4 10
803,3642,0.050000000000000044,0.13331417739391327,0.0004423484400225182,0.0012975872959941626,0.9118230704497213,2,2,0.2222222222222222,8 7 10
804,3644,0.050000000000000044,0.03451820835471153,0.0005292955611366779,0.001201205886900425,0.8625056232180663,1,1,0.1111111111111111,4 10
805,3646,0.050000000000000044,0.04281405359506607,0.0004594925412675366,0.0013543919194489717,0.8872737571614818,1,1,0.1111111111111111,4 10
806,3649,0.050000000000000044,0.11792918294668198,0.0004042837827000767,0.000804286974016577,0.9374519547582665,2,2,0.2222222222222222,2 1 10
807,3651,0.050000000000000044,0.05966370552778244,0.0005059256800450385,0.0010643962305039167,0.8938761080762506,1,1,0.1111111111111111,4 10
808,3656,0.050000000000000044,0.4183122217655182,0.0004394277057144791,0.0009870502399280667,0.9236960482476866,4,4,0.4444444444444444,4 3 6 5 10
809,3662,0.050000000000000044,0.46568533778190613,0.00045273325910481316,0.0006458546267822385,0.9301015392353362,5,5,0.5555555555555556,6 5 8 3 4 10
810,3665,0.050000000000000044,0.11852537095546722,0.0004123818556157251,0.001429002732038498,0.9011649027838861,2,2,0.2222222222222222,3 5 10
811,3668,0.050000000000000044,0.11113286763429642,0.00036679243203252554,0.001075435895472765,0.9014329623240495,2,2,0.2222222222222222,3 5 10
812,3672,0.050000000000000044,0.462897926568985,0.0004560320812743157,0.00042539057903923094,0.9627984907482524,3,3,0.3333333333333333,5 3 4 10
813,3674,0.050000000000000044,0.05966370552778244,0.0005074739892734215,0.0010643962305039167,0.8938761080762506,1,1,0.1111111111111111,4 10
814,3680,0.050000000000000044,0.40322691202163696,0.0005172611320934569,0.0006949799135327339,0.9499589128599155,5,5,0.5555555555555556,4 3 9 6 5 10
815,3682,0.050000000000000044,0.05966370552778244,0.000529857468791306,0.0010643962305039167,0.8938761080762506,1,1,0.1111111111111111,4 10
816,3685,0.050000000000000044,0.19791531562805176,0.00048032736716171104,0.0011633896501734853,0.8739712917900397,2,2,0.2222222222222222,2 8 10
817,3693,0.050000000000000044,0.43104875087738037,0.0005205368252063636,0.0007564851548522711,0.9301315982439572,7,7,0.7777777777777778,6 4 8 1 9 3 5 10
818,3696,0.050000000000000044,0.12662246823310852,0.0005149628753618648,0.0026898588985204697,0.8240171939861618,2,2,0.2222222222222222,2 8 10
819,3705,0.050000000000000044,0.30395984649658203,0.0004597071804002755,0.00090520188678056,0.9096526631755437,8,8,0.8888888888888888,6 4 8 1 3 9 7 5 10
820,3710,0.050000000000000044,0.41946446895599365,0.0004955809330567717,0.0008618919528089464,0.9339211289012332,4,4,0.4444444444444444,4 3 6 5 10
821,3713,0.050000000000000044,0.1985398530960083,0.00045955696259625256,0.001383081078529358,0.8987387401205748,2,2,0.2222222222222222,2 8 10
822,3715,0.050000000000000044,0.03451820835471153,0.00041517263161949813,0.001201205886900425,0.8625056232180663,1,1,0.1111111111111111,4 10
823,3717,0.050000000000000044,0.03451820835471153,0.0003468157956376672,0.001201205886900425,0.8625056232180663,1,1,0.1111111111111111,4 10
824,3725,0.050000000000000044,0.44045478105545044,0.00046343520443770103,0.000585604109801352,0.9349691365689358,7,7,0.7777777777777778,6 4 8 1 3 9 5 10
825,3728,0.050000000000000044,0.08355478942394257,0.00045451417099684477,0.0019523093942552805,0.8547255588290099,2,2,0.2222222222222222,3 4 10
826,3731,0.050000000000000044,0.09403984248638153,0.0005443977715913206,0.0013915984891355038,0.8971356978456132,2,2,0.2222222222222222,8 7 10
827,3733,0.050000000000000044,0.2762148976325989,0.0006448754284065217,0.0018813424976542592,0.8687248382092798,1,1,0.1111111111111111,4 10
828,3740,0.050000000000000044,0.37039849162101746,0.0004416296599499349,0.0011791377328336239,0.8944947444761834,6,6,0.6666666666666666,9 4 7 2 5 1 10
829,3743,0.050000000000000044,0.1985398530960083,0.000391659646993503,0.001383081078529358,0.8987387401205748,2,2,0.2222222222222222,2 8 10
830,3752,0.050000000000000044,0.4412497282028198,0.0006066450150683522,0.00032900102087296546,0.9408086722054464,8,8,0.8888888888888888,8 4 7 5 6 9 2 3 10
831,3754,0.050000000000000044,0.03884042054414749,0.0009363059652969241,0.0008692104602232575,0.9043948443320787,1,1,0.1111111111111111,4 10
832,3759,0.050000000000000044,0.4367155134677887,0.0008661631378345192,0.0003903039905708283,0.9637448352791467,4,4,0.4444444444444444,4 3 5 2 10
833,3762,0.050000000000000044,0.10284935683012009,0.0009001677196162442,0.0005679064779542387,0.9175956491978925,2,2,0.2222222222222222,3 8 10
834,3764,0.050000000000000044,0.05966370552778244,0.0006022501329425722,0.0010643962305039167,0.8938761080762506,1,1,0.1111111111111111,4 10
835,3767,0.050000000000000044,0.1935204267501831,0.00069530251979207,0.00030801689717918634,0.9415807791683252,2,2,0.2222222222222222,3 5 10
836,3770,0.050000000000000044,0.14341361820697784,0.0007754955052708586,0.0017113493522629142,0.8996180292577721,2,2,0.2222222222222222,3 5 10
837,3773,0.050000000000000044,0.16971264779567719,0.0008088252895201246,0.0021276811603456736,0.8450265611199647,2,2,0.2222222222222222,3 5 10
838,3775,0.050000000000000044,0.06062532961368561,0.0006846869946457446,0.0011297360761091113,0.8922865877058644,1,1,0.1111111111111111,4 10
839,3778,0.050000000000000044,0.106321781873703,0.0006180551912014683,0.0010925107635557652,0.8969012815217342,2,2,0.2222222222222222,8 7 10
840,3786,0.050000000000000044,0.37858548760414124,0.0006991700138314627,0.0010532522574067116,0.9044165295702665,7,7,0.7777777777777778,6 4 8 9 3 1 5 10
841,3790,0.050000000000000044,0.4268442392349243,0.0006475316768046468,0.0008054295904003084,0.9396085455287225,3,3,0.3333333333333333,3 5 4 10
842,3792,0.050000000000000044,0.1090407520532608,0.0006362902640830725,0.0016165326815098524,0.8638715870250969,1,1,0.1111111111111111,4 10
843,3796,0.050000000000000044,0.19016839563846588,0.000650264453724958,0.00024145617499016225,0.9591054467309386,3,3,0.3333333333333333,4 5 3 10
844,3799,0.050000000000000044,0.17110209167003632,0.0006329010454161713,0.0005366748664528131,0.9259966222057728,2,2,0.2222222222222222,3 5 10
845,3802,0.050000000000000044,0.17110209167003632,0.000626653180612872,0.0005366748664528131,0.9259966222057728,2,2,0.2222222222222222,3 5 10
846,3806,0.050000000000000044,0.15380367636680603,0.0005524139705812559,0.0017689340747892857,0.8747772203047409,3,3,0.3333333333333333,4 5 3 10
847,3810,0.050000000000000044,0.19546645879745483,0.0005250096364761703,0.0008336851024068892,0.9083935805152344,3,3,0.3333333333333333,4 5 3 10
848,3812,0.050000000000000044,0.14440946280956268,0.00048546481411904097,0.0018255708273500204,0.8741793861517442,1,1,0.1111111111111111,4 10
849,3816,0.050000000000000044,0.43612128496170044,0.0005529142217710614,0.0011007825378328562,0.9164959155067394,3,3,0.3333333333333333,4 5 3 10
850,3820,0.050000000000000044,0.42808064818382263,0.0006428697524825111,0.0009422020521014929,0.9351801989371938,3,3,0.3333333333333333,4 5 3 10
851,3824,0.050000000000000044,0.1901683807373047,0.0005160685177543201,0.00024145617499016225,0.9591054467309386,3,3,0.3333333333333333,3 5 4 10
852,3828,0.050000000000000044,0.20790411531925201,0.0004848478638450615,0.0007259475532919168,0.9303995626009602,3,3,0.3333333333333333,3 5 4 10
853,3832,0.050000000000000044,0.16383498907089233,0.0005018794472562149,0.00026421662187203765,0.948949969108975,3,3,0.3333333333333333,6 5 3 10
854,3836,0.050000000000000044,0.4197719097137451,0.0005265649597276933,0.0013346211053431034,0.9167494995249037,3,3,0.3333333333333333,5 4 3 10
855,3838,0.050000000000000044,0.14440946280956268,0.00048220131429843605,0.0018255708273500204,0.8741793861517442,1,1,0.1111111111111111,4 10
856,3842,0.050000000000000044,0.4268442392349243,0.0006024927060934715,0.0008054295904003084,0.9396085455287225,3,3,0.3333333333333333,5 3 4 10
857,3845,0.050000000000000044,0.09403984248638153,0.0004247369555135568,0.0013915984891355038,0.8971356978456132,2,2,0.2222222222222222,8 7 10
858,3849,0.050000000000000044,0.19546644389629364,0.0005080942937638611,0.0008336851024068892,0.9083935805152344,3,3,0.3333333333333333,3 5 4 10
859,3852,0.050000000000000044,0.11431776732206345,0.0005046117100088546,0.0005292989080771804,0.9235449083388632,2,2,0.2222222222222222,8 7 10
860,3860,0.050000000000000044,0.44045478105545044,0.0005229040871199686,0.000585604109801352,0.9349691365689358,7,7,0.7777777777777778,6 4 8 3 1 9 5 10
861,3866,0.050000000000000044,0.46568530797958374,0.0005378242737303177,0.0006458546267822385,0.9301015392353362,5,5,0.5555555555555556,6 5 3 8 4 10
862,3870,0.050000000000000044,0.43612128496170044,0.0005782696098322049,0.0011007825378328562,0.9164959155067394,3,3,0.3333333333333333,3 5 4 10
863,3872,0.050000000000000044,0.03451820835471153,0.0004685115709435195,0.001201205886900425,0.8625056232180663,1,1,0.1111111111111111,4 10
864,3876,0.050000000000000044,0.15380369126796722,0.0004859118489548564,0.0017689340747892857,0.8747772203047409,3,3,0.3333333333333333,3 5 4 10
865,3885,0.050000000000000044,0.33762696385383606,0.0005367584138487776,0.0010417363373562694,0.9060982882657601,9,9,1.0,6 5 7 8 4 9 2 1 3
866,3888,0.050000000000000044,0.14804299175739288,0.0004825129096085827,0.0016535327304154634,0.8460232028992366,2,2,0.2222222222222222,4 5 10
867,3892,0.050000000000000044,0.43612128496170044,0.00042601488530635834,0.0011007825378328562,0.9164959155067394,3,3,0.3333333333333333,4 5 3 10
868,3894,0.050000000000000044,0.03884042054414749,0.0004037518228869885,0.0008692104602232575,0.9043948443320787,1,1,0.1111111111111111,4 10
869,3901,0.050000000000000044,0.3952147960662842,0.0005509970194127943,0.0009484706097282469,0.9068100340797275,6,6,0.6666666666666666,6 4 3 8 1 9 10
870,3904,0.050000000000000044,0.13333460688591003,0.0005629301886074245,0.0006554607534781098,0.9395266219743225,2,2,0.2222222222222222,2 8 10
871,3912,0.050000000000000044,0.37858545780181885,0.0005408060387708247,0.0010532522574067116,0.9044165295702665,7,7,0.7777777777777778,6 4 3 8 1 9 5 10
872,3915,0.050000000000000044,0.2144363671541214,0.00042686813200513524,0.001267503947019577,0.9071904704435402,2,2,0.2222222222222222,4 5 10
873,3918,0.050000000000000044,0.11431776732206345,0.0004498666385188699,0.0005292989080771804,0.9235449083388632,2,2,0.2222222222222222,8 7 10
874,3920,0.050000000000000044,0.06062532961368561,0.0005500026454683393,0.0011297360761091113,0.8922865877058644,1,1,0.1111111111111111,4 10
875,3927,0.050000000000000044,0.4473094046115875,0.0004753955124345209,0.001307924510911107,0.9174960928212732,6,6,0.6666666666666666,5 8 1 3 2 4 10
876,3933,0.050000000000000044,0.4528566598892212,0.00051467911786555,0.0008397112251259387,0.9233140418312638,5,5,0.5555555555555556,5 2 6 4 7 10
877,3940,0.050000000000000044,0.4589332342147827,0.00044222906581126153,0.0005958469118922949,0.933650977032505,6,6,0.6666666666666666,7 8 5 4 9 3 10
878,3945,0.050000000000000044,0.481728732585907,0.00047291648224927484,0.0013851389521732926,0.9159852434990664,4,4,0.4444444444444444,5 4 3 6 10
879,3953,0.050000000000000044,0.37858545780181885,0.0004316694976296276,0.0010532522574067116,0.9044165295702665,7,7,0.7777777777777778,6 4 8 3 1 9 5 10
880,3957,0.050000000000000044,0.4268442392349243,0.0005242807892500423,0.0008054295904003084,0.9396085455287225,3,3,0.3333333333333333,5 3 4 10
881,3961,0.050000000000000044,0.1566517949104309,0.000520205961947795,0.0012161259073764086,0.8873469877398964,3,3,0.3333333333333333,3 5 4 10
882,3970,0.050000000000000044,0.3039598762989044,0.00045637394780189626,0.00090520188678056,0.9096526631755437,8,8,0.8888888888888888,6 5 3 8 4 1 9 7 10
883,3972,0.050000000000000044,0.04281405359506607,0.00042091663635801524,0.0013543919194489717,0.8872737571614818,1,1,0.1111111111111111,4 10
884,3976,0.050000000000000044,0.18066416680812836,0.0004581526591209695,0.0011029032757505774,0.9183565860837876,3,3,0.3333333333333333,3 5 9 10
885,3979,0.050000000000000044,0.09113205969333649,0.0003895188953417043,0.0005975330714136362,0.9099776574568856,2,2,0.2222222222222222,2 8 10
886,3982,0.050000000000000044,0.2034444361925125,0.00047790718963369727,0.0013933340087532997,0.9044119703775,2,2,0.2222222222222222,5 3 10
887,3986,0.050000000000000044,0.1700071096420288,0.000459021728602238,0.0009789830073714256,0.8906032620407597,3,3,0.3333333333333333,6 5 3 10
888,3992,0.050000000000000044,0.34838730096817017,0.00046857593406457454,0.000968213367741555,0.9032774873423378,5,5,0.5555555555555556,5 2 4 6 7 10
889,3996,0.050000000000000044,0.4268442392349243,0.0003449776631896384,0.0008054295904003084,0.9396085455287225,3,3,0.3333333333333333,5 3 4 10
890,3999,0.050000000000000044,0.12390187382698059,0.0004723167415553083,0.0014034229097887874,0.9066027235970627,2,2,0.2222222222222222,2 8 10
891,4004,0.050000000000000044,0.31588104367256165,0.0008335866965353489,0.001191288698464632,0.9123201995875407,4,4,0.4444444444444444,3 2 8 4 10
892,4009,0.050000000000000044,0.17140229046344757,0.0008574582054279745,0.000759625225327909,0.9425225540924724,4,4,0.4444444444444444,5 3 4 8 10
893,4012,0.050000000000000044,0.13333460688591003,0.0006784810296570262,0.0006554607534781098,0.9395266219743225,2,2,0.2222222222222222,2 8 10
894,4015,0.050000000000000044,0.14415983855724335,0.0006128596724011004,0.0023962240666151047,0.828305654015113,2,2,0.2222222222222222,4 5 10
895,4017,0.050000000000000044,0.05966370552778244,0.0008325703674927354,0.0010643962305039167,0.8938761080762506,1,1,0.1111111111111111,4 10
896,4019,0.050000000000000044,0.046487025916576385,0.000779349880758673,0.00152482814155519,0.8309204229524672,1,1,0.1111111111111111,4 10
897,4022,0.050000000000000044,0.021021254360675812,0.0005580461778057119,0.0020908007863909006,0.8615691028557514,2,2,0.2222222222222222,4 2 10
898,4024,0.050000000000000044,0.06062532961368561,0.0006282482063397765,0.0011297360761091113,0.8922865877058644,1,1,0.1111111111111111,4 10
899,4027,0.050000000000000044,0.09113205969333649,0.0006566258671227843,0.0005975330714136362,0.9099776574568856,2,2,0.2222222222222222,2 8 10
900,4031,0.050000000000000044,0.462897926568985,0.0006331091717584059,0.00042539057903923094,0.9627984907482524,3,3,0.3333333333333333,5 3 4 10
901,4035,0.050000000000000044,0.3735106587409973,0.000632415569270961,0.0010207341983914375,0.9165832582821318,3,3,0.3333333333333333,5 3 4 10
902,4041,0.050000000000000044,0.4682142436504364,0.0005390887090470642,0.000634743133559823,0.9299564163480729,5,5,0.5555555555555556,6 5 7 8 4 10
903,4049,0.050000000000000044,0.43945080041885376,0.0005965848977211863,0.00122960249427706,0.9238471245475105,7,7,0.7777777777777778,6 4 8 3 1 9 5 10
904,4051,0.050000000000000044,0.029178842902183533,0.0006877779960632324,0.001665644347667694,0.8132051601695887,1,1,0.1111111111111111,3 10
905,4055,0.050000000000000044,0.15380369126796722,0.0006075066776247695,0.0017689340747892857,0.8747772203047409,3,3,0.3333333333333333,3 5 4 10
906,4062,0.050000000000000044,0.45906591415405273,0.0006002915615681559,0.0005951557541266084,0.9336166450937636,6,6,0.6666666666666666,9 3 2 8 5 4 10
907,4066,0.050000000000000044,0.43612128496170044,0.0005461524488055147,0.0011007825378328562,0.9164959155067394,3,3,0.3333333333333333,5 3 4 10
908,4069,0.050000000000000044,0.11464868485927582,0.0006161319809810569,0.0008302467176690698,0.9131896928413444,2,2,0.2222222222222222,2 8 10
909,4073,0.050000000000000044,0.43453365564346313,0.00044105303823016584,0.0009676149347797036,0.9256354660752554,3,3,0.3333333333333333,5 3 4 10
910,4077,0.050000000000000044,0.428080677986145,0.0006152190617285669,0.0009422020521014929,0.9351801989371938,3,3,0.3333333333333333,5 3 4 10
911,4080,0.050000000000000044,0.20859096944332123,0.0005159194309574863,0.0005442805704660714,0.9466023426613683,2,2,0.2222222222222222,2 5 10
912,4084,0.050000000000000044,0.43453365564346313,0.0004913997545372695,0.0009676149347797036,0.9256354660752554,3,3,0.3333333333333333,5 3 4 10
913,4088,0.050000000000000044,0.15380367636680603,0.0005561574216699228,0.0017689340747892857,0.8747772203047409,3,3,0.3333333333333333,4 5 3 10
914,4092,0.050000000000000044,0.18562233448028564,0.0006256290580495261,0.0010757001582533121,0.9215833348854402,3,3,0.3333333333333333,1 7 5 10
915,4096,0.050000000000000044,0.43453365564346313,0.000497132095915731,0.0009676149347797036,0.9256354660752554,3,3,0.3333333333333333,5 3 4 10
916,4098,0.050000000000000044,0.04510943219065666,0.0006007935444358736,0.0009057357674464583,0.8937286822552771,1,1,0.1111111111111111,3 10
917,4101,0.050000000000000044,0.09493808448314667,0.0005564420910862585,0.0012092192191630602,0.893166597812978,2,2,0.2222222222222222,2 8 10
918,4107,0.050000000000000044,0.4251715838909149,0.0004835466534132138,0.0009165317751467228,0.9083179900429337,5,5,0.5555555555555556,9 5 3 4 8 10
919,4109,0.050000000000000044,0.03884042054414749,0.0006021610170137137,0.0008692104602232575,0.9043948443320787,1,1,0.1111111111111111,4 10
920,4117,0.050000000000000044,0.44045478105545044,0.0004914288147119805,0.000585604109801352,0.9349691365689358,7,7,0.7777777777777778,6 4 8 3 1 9 5 10
921,4121,0.050000000000000044,0.19546645879745483,0.0004887695613433607,0.0008336851024068892,0.9083935805152344,3,3,0.3333333333333333,4 5 3 10
922,4124,0.050000000000000044,0.12390187382698059,0.0004580004703408728,0.0014034229097887874,0.9066027235970627,2,2,0.2222222222222222,2 8 10
923,4129,0.050000000000000044,0.34958943724632263,0.0004738611576613039,0.0009756630752235651,0.9198462009677989,4,4,0.4444444444444444,5 3 7 4 10
924,4133,0.050000000000000044,0.4268442392349243,0.0004048423652420752,0.0008054295904003084,0.9396085455287225,3,3,0.3333333333333333,5 3 4 10
925,4135,0.050000000000000044,0.026320703327655792,0.000544877169886604,0.0017540480475872755,0.8176725338635065,1,1,0.1111111111111111,5 10
926,4139,0.050000000000000044,0.43612128496170044,0.0005218425794737414,0.0011007825378328562,0.9164959155067394,3,3,0.3333333333333333,5 3 4 10
927,4146,0.050000000000000044,0.4552255868911743,0.00046988235720034154,0.001264162827283144,0.9209190796480451,6,6,0.6666666666666666,5 2 6 4 9 3 10
928,4148,0.050000000000000044,0.03451820835471153,0.0003214323805877939,0.001201205886900425,0.8625056232180663,1,1,0.1111111111111111,4 10
929,4154,0.050000000000000044,0.393407940864563,0.0004682583724691843,0.0006468939245678484,0.9508999620656196,5,5,0.5555555555555556,3 9 6 5 4 10
930,4160,0.050000000000000044,0.3799075186252594,0.00045887995899344486,0.0011581021826714277,0.9305058751591924,5,5,0.5555555555555556,3 9 6 5 4 10
931,4162,0.050000000000000044,0.024714116007089615,0.00034969985426869243,0.000965597340837121,0.8763016812795691,1,1,0.1111111111111111,5 10
932,4165,0.050000000000000044,0.12390187382698059,0.00043755603837780654,0.0014034229097887874,0.9066027235970627,2,2,0.2222222222222222,2 8 10
933,4169,0.050000000000000044,0.06299345195293427,0.0004325752015574835,0.001313686021603644,0.9080367490702379,3,3,0.3333333333333333,2 8 5 10
934,4171,0.050000000000000044,0.022572971880435944,0.00046385098539758474,0.001237743068486452,0.8487866355613424,1,1,0.1111111111111111,5 10
935,4180,0.050000000000000044,0.4412497282028198,0.0004923106947292885,0.00032900102087296546,0.9408086722054464,8,8,0.8888888888888888,4 8 5 7 6 9 2 3 10
936,4183,0.050000000000000044,0.11464868485927582,0.0005700010418271025,0.0008302467176690698,0.9131896928413444,2,2,0.2222222222222222,2 8 10
937,4186,0.050000000000000044,0.07465614378452301,0.0004498888544427852,0.00155686738435179,0.8862327093548639,2,2,0.2222222222222222,2 8 10
938,4189,0.050000000000000044,0.12390187382698059,0.0005422047494600216,0.0014034229097887874,0.9066027235970627,2,2,0.2222222222222222,2 8 10
939,4193,0.050000000000000044,0.20647011697292328,0.0004923208471154794,0.0004077803750988096,0.9643421330789324,3,3,0.3333333333333333,4 5 3 10
940,4196,0.050000000000000044,0.12390187382698059,0.000378796966591229,0.0014034229097887874,0.9066027235970627,2,2,0.2222222222222222,2 8 10
941,4199,0.050000000000000044,0.12390187382698059,0.000407658798697715,0.0014034229097887874,0.9066027235970627,2,2,0.2222222222222222,2 8 10
942,4201,0.050000000000000044,0.04717379808425903,0.0004189389874227345,0.0008143529994413257,0.9070444910230024,1,1,0.1111111111111111,3 10
943,4205,0.050000000000000044,0.4219055473804474,0.0004445012891665101,0.000634961761534214,0.934013288472552,3,3,0.3333333333333333,5 3 4 10
944,4209,0.050000000000000044,0.4197719097137451,0.00047667640319559723,0.0013346211053431034,0.9167494995249037,3,3,0.3333333333333333,5 3 4 10
945,4212,0.050000000000000044,0.15221481025218964,0.0004542406628994892,0.0004358246806077659,0.9368535895675739,2,2,0.2222222222222222,2 8 10
946,4215,0.050000000000000044,0.13333460688591003,0.0005663717650653174,0.0006554607534781098,0.9395266219743225,2,2,0.2222222222222222,2 8 10
947,4219,0.050000000000000044,0.4219055473804474,0.0005138536726008169,0.000634961761534214,0.934013288472552,3,3,0.3333333333333333,5 3 4 10
948,4221,0.050000000000000044,0.0357915535569191,0.0004876837192568928,0.000863197143189609,0.9005468635510888,1,1,0.1111111111111111,5 10
949,4224,0.050000000000000044,0.12390187382698059,0.00045483810633110505,0.0014034229097887874,0.9066027235970627,2,2,0.2222222222222222,2 8 10
950,4227,0.050000000000000044,0.017629660665988922,0.0003516374175281574,0.0014503221027553082,0.9144533487761063,2,2,0.2222222222222222,5 3 10
951,4230,0.050000000000000044,0.13333460688591003,0.0003688330956113835,0.0006554607534781098,0.9395266219743225,2,2,0.2222222222222222,2 8 10
952,4232,0.050000000000000044,0.046487025916576385,0.00042001987458206713,0.00152482814155519,0.8309204229524672,1,1,0.1111111111111111,4 10
953,4235,0.050000000000000044,0.19324557483196259,0.00044096097311315435,0.00048408107249997556,0.9337721387108214,2,2,0.2222222222222222,2 8 10
954,4237,0.050000000000000044,0.046487025916576385,0.0005642058094963431,0.00152482814155519,0.8309204229524672,1,1,0.1111111111111111,4 10
955,4240,0.050000000000000044,0.09493808448314667,0.00034456313005648553,0.0012092192191630602,0.893166597812978,2,2,0.2222222222222222,2 8 10
956,4246,0.050000000000000044,0.48163536190986633,0.0004177269826565559,0.0003823567822109908,0.9339431863406609,5,5,0.5555555555555556,5 8 1 3 4 10
957,4250,0.050000000000000044,0.428080677986145,0.0005541543650906533,0.0009422020521014929,0.9351801989371938,3,3,0.3333333333333333,5 3 4 10
958,4254,0.050000000000000044,0.4268442392349243,0.0007262187573360279,0.0008054295904003084,0.9396085455287225,3,3,0.3333333333333333,5 3 4 10
959,4257,0.050000000000000044,0.09949229657649994,0.0007892244611866772,0.0026217291597276926,0.8786038204708649,2,2,0.2222222222222222,2 8 10
960,4261,0.050000000000000044,0.1566517949104309,0.0006629000708926469,0.0012161259073764086,0.8873469877398964,3,3,0.3333333333333333,3 5 4 10
961,4266,0.050000000000000044,0.41946449875831604,0.0006220150622539222,0.0008618919528089464,0.9339211289012332,4,4,0.4444444444444444,3 6 5 4 10
962,4268,0.050000000000000044,0.03799684718251228,0.0006102606712374836,0.002125915139913559,0.8768251535441731,1,1,0.1111111111111111,3 10
963,4271,0.050000000000000044,-0.0029091238975524902,0.0008727496218246719,0.0009118479210883379,0.8881854983522832,2,2,0.2222222222222222,2 8 10
964,4274,0.050000000000000044,0.12662246823310852,0.0008901742985472083,0.0026898588985204697,0.8240171939861618,2,2,0.2222222222222222,2 8 10
965,4278,0.050000000000000044,0.3735106289386749,0.0006430678477045149,0.0010207341983914375,0.9165832582821318,3,3,0.3333333333333333,4 5 3 10
966,4282,0.050000000000000044,0.4197719097137451,0.0006736602808814496,0.0013346211053431034,0.9167494995249037,3,3,0.3333333333333333,4 5 3 10
967,4287,0.050000000000000044,0.40316301584243774,0.0005895186681300401,0.0012269511353224516,0.9254885753190342,4,4,0.4444444444444444,4 5 3 9 10
968,4296,0.050000000000000044,0.3725995123386383,0.0008096353590695395,0.0008682303014211357,0.9133775463498305,8,8,0.8888888888888888,9 6 3 7 2 1 5 4 10
969,4299,0.050000000000000044,0.1985398530960083,0.0007102666034673651,0.001383081078529358,0.8987387401205748,2,2,0.2222222222222222,2 8 10
970,4303,0.050000000000000044,0.43612128496170044,0.0006936062563909218,0.0011007825378328562,0.9164959155067394,3,3,0.3333333333333333,4 5 3 10
971,4306,0.050000000000000044,0.1169002503156662,0.0006952042652604481,0.0008034592028707266,0.9365896917303734,2,2,0.2222222222222222,5 3 10
972,4309,0.050000000000000044,0.09556440263986588,0.0005622736449974278,0.0006272533209994435,0.9192769209213121,2,2,0.2222222222222222,4 3 10
973,4315,0.050000000000000044,0.3614272475242615,0.0006813165576507648,0.0011904563289135695,0.9150910773685514,5,5,0.5555555555555556,9 6 5 7 4 10
974,4319,0.050000000000000044,0.31151193380355835,0.0005674880958395079,0.0014690202660858631,0.854055179116913,3,3,0.3333333333333333,9 6 5 10
975,4323,0.050000000000000044,0.17884241044521332,0.0005542219732888043,0.00048579537542536855,0.9557441059991664,3,3,0.3333333333333333,6 5 3 10
976,4330,0.050000000000000044,0.4471715986728668,0.0005390353409373867,0.0006321336841210723,0.9305242974395276,6,6,0.6666666666666666,9 6 5 7 4 2 10
977,4333,0.050000000000000044,0.10815343260765076,0.0004822044090057413,0.00117151637095958,0.8979088339985621,2,2,0.2222222222222222,5 3 10
978,4338,0.050000000000000044,0.4173508584499359,0.0006182267388794571,0.0008328834665007889,0.9444973288938917,4,4,0.4444444444444444,4 6 3 5 10
979,4341,0.050000000000000044,0.03448189049959183,0.0005326952765850971,0.0007644308498129249,0.9263012466086219,2,2,0.2222222222222222,5 3 10
980,4345,0.050000000000000044,0.15591171383857727,0.0004535047701210715,0.0010758726857602596,0.8824139355762677,3,3,0.3333333333333333,2 3 8 10
981,4348,0.050000000000000044,0.09493808448314667,0.0005200496816542,0.0012092192191630602,0.893166597812978,2,2,0.2222222222222222,2 8 10
982,4353,0.050000000000000044,0.4011785089969635,0.0004750874766614288,0.0009780169930309057,0.9263598893577505,4,4,0.4444444444444444,6 5 7 4 10
983,4357,0.050000000000000044,0.15380369126796722,0.0005129300261614844,0.0017689340747892857,0.8747772203047409,3,3,0.3333333333333333,3 5 4 10
984,4359,0.050000000000000044,0.03061489760875702,0.00042426168511155993,0.0021534007973968983,0.868552092803857,1,1,0.1111111111111111,5 10
985,4363,0.050000000000000044,0.2199639528989792,0.000520428002346307,0.0008114546653814614,0.9388695206231793,3,3,0.3333333333333333,3 5 4 10
986,4368,0.050000000000000044,0.45042890310287476,0.0005285027145873755,0.0003419184358790517,0.9670160694156333,4,4,0.4444444444444444,3 4 9 5 10
987,4375,0.050000000000000044,0.45945852994918823,0.00046686486790089736,0.0012417782563716173,0.922881051224704,6,6,0.6666666666666666,8 5 3 4 6 9 10
988,4379,0.050000000000000044,0.19272661209106445,0.0004753812972921878,0.0010274159722030163,0.9255853887297453,3,3,0.3333333333333333,2 3 8 10
989,4381,0.050000000000000044,0.03884042054414749,0.0004239873815095052,0.0008692104602232575,0.9043948443320787,1,1,0.1111111111111111,4 10
990,4384,0.050000000000000044,0.09113205969333649,0.0004373802706444015,0.0005975330714136362,0.9099776574568856,2,2,0.2222222222222222,2 8 10
991,4392,0.050000000000000044,0.46042126417160034,0.0004644760883820709,0.0005649551749229431,0.9465035837449302,7,7,0.7777777777777778,6 2 4 8 7 5 9 10
992,4394,0.050000000000000044,0.0589144229888916,0.0005307641986291856,0.0007895955350250006,0.8966935165890899,1,1,0.1111111111111111,4 10
993,4397,0.050000000000000044,0.12390187382698059,0.000434915185905993,0.0014034229097887874,0.9066027235970627,2,2,0.2222222222222222,2 8 10
994,4399,0.050000000000000044,0.06062532961368561,0.00046757904055994004,0.0011297360761091113,0.8922865877058644,1,1,0.1111111111111111,4 10
995,4401,0.050000000000000044,0.05966370552778244,0.0005001579993404448,0.0010643962305039167,0.8938761080762506,1,1,0.1111111111111111,4 10
996,4408,0.050000000000000044,0.3225798010826111,0.00044070419971831143,0.000977753079496324,0.9020907879407284,6,6,0.6666666666666666,8 5 4 7 9 2 10
997,4416,0.050000000000000044,0.37858545780181885,0.0004407770938996691,0.0010532522574067116,0.9044165295702665,7,7,0.7777777777777778,8 1 4 3 9 6 5 10
998,4419,0.050000000000000044,0.09113205969333649,0.00047408258736444014,0.0005975330714136362,0.9099776574568856,2,2,0.2222222222222222,2 8 10
999,4421,0.050000000000000044,-0.0004987604916095734,0.0004411311383591965,0.001411285251379013,0.8351108978206777,1,1,0.1111111111111111,1 10
1000,4424,0.050000000000000044,0.09493808448314667,0.0005738919620246937,0.0012092192191630602,0.893166597812978,2,2,0.2222222222222222,2 8 10
1001,4426,0.050000000000000044,0.06062532961368561,0.0005721994239138439,0.0011297360761091113,0.8922865877058644,1,1,0.1111111111111111,4 10
1002,4429,0.050000000000000044,0.12865948677062988,0.0004961816011928022,0.0027313060127198696,0.8294823150317695,2,2,0.2222222222222222,1 7 10
1003,4431,0.050000000000000044,0.03061489760875702,0.0004165769641986117,0.0021534007973968983,0.868552092803857,1,1,0.1111111111111111,5 10
1004,4436,0.050000000000000044,0.4185611605644226,0.00045496757375076415,0.001162209315225482,0.8954209576977703,4,4,0.4444444444444444,6 5 7 4 10
1005,4441,0.050000000000000044,0.5034486055374146,0.0005327034508809447,0.00038115211646072567,0.9332050097824985,4,4,0.4444444444444444,6 5 7 4 10
1006,4446,0.050000000000000044,0.48689186573028564,0.0004669570829719305,0.000645325577352196,0.9289268661161949,4,4,0.4444444444444444,6 5 7 4 10
1007,4450,0.050000000000000044,0.43612128496170044,0.0005369229329517111,0.0011007825378328562,0.9164959155067394,3,3,0.3333333333333333,4 5 3 10
1008,4453,0.050000000000000044,0.09949229657649994,0.0005442062974907458,0.0026217291597276926,0.8786038204708649,2,2,0.2222222222222222,2 8 10
1009,4458,0.050000000000000044,0.41884228587150574,0.0004382662591524422,0.0007939439965412021,0.9433801927017967,4,4,0.4444444444444444,8 4 3 9 10
1010,4465,0.050000000000000044,0.48267820477485657,0.0004655496865910079,0.0003340237308293581,0.9396794419935002,6,6,0.6666666666666666,4 6 3 8 9 5 10
1011,4467,0.050000000000000044,0.046487025916576385,0.000545003596926108,0.00152482814155519,0.8309204229524672,1,1,0.1111111111111111,4 10
1012,4471,0.050000000000000044,0.42808064818382263,0.0004389237074065022,0.0009422020521014929,0.9351801989371938,3,3,0.3333333333333333,4 3 5 10
1013,4473,0.050000000000000044,0.0589144229888916,0.0004883847723249346,0.0007895955350250006,0.8966935165890899,1,1,0.1111111111111111,4 10
1014,4477,0.050000000000000044,0.4197719097137451,0.0004593010016833432,0.0013346211053431034,0.9167494995249037,3,3,0.3333333333333333,4 5 3 10
1015,4480,0.050000000000000044,0.09493808448314667,0.0004266317797979961,0.0012092192191630602,0.893166597812978,2,2,0.2222222222222222,2 8 10
1016,4483,0.050000000000000044,0.09949229657649994,0.00044727273052558303,0.0026217291597276926,0.8786038204708649,2,2,0.2222222222222222,2 8 10
1017,4486,0.050000000000000044,0.07465614378452301,0.00045021371139834326,0.00155686738435179,0.8862327093548639,2,2,0.2222222222222222,2 8 10
1018,4490,0.050000000000000044,0.43453365564346313,0.00032518884108867496,0.0009676149347797036,0.9256354660752554,3,3,0.3333333333333333,4 3 5 10
1019,4495,0.050000000000000044,0.04571226239204407,0.0004327972885221243,0.00044020081986673176,0.9608945524791759,4,4,0.4444444444444444,2 8 4 7 10
1020,4504,0.050000000000000044,0.4412497282028198,0.0007339339515763439,0.00032900102087296546,0.9408086722054464,8,8,0.8888888888888888,8 5 4 7 9 2 6 3 10
1021,4508,0.050000000000000044,0.43453365564346313,0.0009623422229196876,0.0009676149347797036,0.9256354660752554,3,3,0.3333333333333333,3 4 5 10
1022,4512,0.050000000000000044,0.43453365564346313,0.000841083747218363,0.0009676149347797036,0.9256354660752554,3,3,0.3333333333333333,5 4 3 10
1023,4514,0.050000000000000044,0.06062532961368561,0.0008029346354305744,0.0011297360761091113,0.8922865877058644,1,1,0.1111111111111111,4 10
1024,4518,0.050000000000000044,0.4219055473804474,0.0009873994713416323,0.000634961761534214,0.934013288472552,3,3,0.3333333333333333,5 4 3 10
1025,4525,0.050000000000000044,0.4590659439563751,0.0006308510034744229,0.0005951557541266084,0.9336166450937636,6,6,0.6666666666666666,5 2 4 9 3 8 10
1026,4528,0.050000000000000044,0.11852535605430603,0.0006448140290255348,0.001429002732038498,0.9011649027838861,2,2,0.2222222222222222,5 3 10
1027,4532,0.050000000000000044,0.1901683807373047,0.000662333084619604,0.00024145617499016225,0.9591054467309386,3,3,0.3333333333333333,5 3 4 10
1028,4536,0.050000000000000044,0.42808064818382263,0.0006887691342853941,0.0009422020521014929,0.9351801989371938,3,3,0.3333333333333333,5 4 3 10
1029,4538,0.050000000000000044,0.04548247531056404,0.0008097632671706378,0.0012849284103140235,0.8850821269704882,1,1,0.1111111111111111,3 10
1030,4541,0.050000000000000044,0.09493808448314667,0.0005623423882449666,0.0012092192191630602,0.893166597812978,2,2,0.2222222222222222,2 8 10
1031,4545,0.050000000000000044,0.42808064818382263,0.0006211224244907498,0.0009422020521014929,0.9351801989371938,3,3,0.3333333333333333,5 4 3 10
1032,4549,0.050000000000000044,0.13752861320972443,0.0006195338719408028,0.001209365320391953,0.8724532053051749,3,3,0.3333333333333333,4 5 1 10
1033,4551,0.050000000000000044,0.03451820835471153,0.0003946706128772348,0.001201205886900425,0.8625056232180663,1,1,0.1111111111111111,4 10
1034,4553,0.050000000000000044,0.06098437309265137,0.0005153816455276683,0.0017735688015818596,0.8871583074395513,1,1,0.1111111111111111,4 10
1035,4555,0.050000000000000044,0.03884042054414749,0.0004704808379756287,0.0008692104602232575,0.9043948443320787,1,1,0.1111111111111111,4 10
1036,4558,0.050000000000000044,0.11921658366918564,0.0005825200544980665,0.0021879877895116806,0.8868179797005533,2,2,0.2222222222222222,4 3 10
1037,4561,0.050000000000000044,0.09403984248638153,0.0005556223428963373,0.0013915984891355038,0.8971356978456132,2,2,0.2222222222222222,8 7 10
1038,4565,0.050000000000000044,0.15380367636680603,0.0005575802570092492,0.0017689340747892857,0.8747772203047409,3,3,0.3333333333333333,4 3 5 10
1039,4571,0.050000000000000044,0.4528566300868988,0.0005331194503620887,0.0008397112251259387,0.9233140418312638,5,5,0.5555555555555556,5 2 4 6 7 10
1040,4575,0.050000000000000044,0.19016839563846588,0.000588222210353706,0.00024145617499016225,0.9591054467309386,3,3,0.3333333333333333,4 3 5 10
1041,4580,0.050000000000000044,0.10349640250205994,0.0005756639642640948,0.0017181015573441982,0.8784957558412756,4,4,0.4444444444444444,4 3 5 8 10
1042,4584,0.050000000000000044,0.15665176510810852,0.0006869116332381964,0.0012161259073764086,0.8873469877398964,3,3,0.3333333333333333,4 3 5 10
1043,4589,0.050000000000000044,0.4724958539009094,0.0005537486693356186,0.0008493055938743055,0.9225555650012813,4,4,0.4444444444444444,5 7 4 6 10
1044,4591,0.050000000000000044,0.06062532961368561,0.0005503701831912622,0.0011297360761091113,0.8922865877058644,1,1,0.1111111111111111,4 10
1045,4600,0.050000000000000044,0.41855788230895996,0.00046576074803144566,0.000585098285228014,0.9351785856251484,8,8,0.8888888888888888,7 9 3 4 8 6 1 5 10
1046,4607,0.050000000000000044,0.3203694820404053,0.0005516522006863463,0.000978569034487009,0.9000577861432087,6,6,0.6666666666666666,3 9 2 4 8 1 10
1047,4612,0.050000000000000044,0.40854373574256897,0.0004244132142048329,0.0009267329587601125,0.9290830131961247,4,4,0.4444444444444444,4 3 8 5 10
1048,4616,0.050000000000000044,0.15380367636680603,0.00048688644892536104,0.0017689340747892857,0.8747772203047409,3,3,0.3333333333333333,4 3 5 10
1049,4623,0.050000000000000044,0.44510015845298767,0.000559828506084159,0.001326282392255962,0.9173370805102778,6,6,0.6666666666666666,5 7 4 6 9 2 10
1050,4627,0.050000000000000044,0.19546647369861603,0.0005900429387111217,0.0008336851024068892,0.9083935805152344,3,3,0.3333333333333333,4 3 5 10
1051,4633,0.050000000000000044,0.32758939266204834,0.0005133237524811799,0.0009262704406864941,0.9241495356052299,5,5,0.5555555555555556,4 9 1 3 5 10
1052,4637,0.050000000000000044,0.19198879599571228,0.0005295253067743033,0.0003517318400554359,0.9524080036794955,3,3,0.3333333333333333,4 3 5 10
1053,4644,0.050000000000000044,0.3382713794708252,0.0005180555370835853,0.0009339908719994128,0.9067682230780865,6,6,0.6666666666666666,9 6 5 7 3 4 10
1054,4648,0.050000000000000044,0.20647011697292328,0.00043497194565134123,0.0004077803750988096,0.9643421330789324,3,3,0.3333333333333333,4 3 5 10
1055,4651,0.050000000000000044,0.08355478197336197,0.0004930752620566636,0.0019523093942552805,0.8547255588290099,2,2,0.2222222222222222,4 3 10
1056,4655,0.050000000000000044,0.19016839563846588,0.00056791229872033,0.00024145617499016225,0.9591054467309386,3,3,0.3333333333333333,4 3 5 10
1057,4660,0.050000000000000044,0.3231670558452606,0.0004834815743379295,0.0011618271237239242,0.9152626415778851,4,4,0.4444444444444444,4 9 3 8 10
1058,4664,0.050000000000000044,0.15380367636680603,0.0004883913061348721,0.0017689340747892857,0.8747772203047409,3,3,0.3333333333333333,4 3 5 10
1059,4666,0.050000000000000044,0.053220368921756744,0.00041328986117150635,0.0011728492099791765,0.886545326875237,1,1,0.1111111111111111,3 10
1060,4670,0.050000000000000044,0.059309378266334534,0.0005039488605689257,0.001007093582302332,0.9139798096027868,3,3,0.3333333333333333,2 8 4 10
1061,4678,0.050000000000000044,0.4980912506580353,0.0004782681899087038,0.0004475153982639313,0.9570397685207737,7,7,0.7777777777777778,5 7 4 6 8 9 3 10
1062,4683,0.050000000000000044,0.3718529939651489,0.0003734407015144825,0.0006767056183889508,0.9263724521484655,4,4,0.4444444444444444,3 4 8 9 10
1063,4686,0.050000000000000044,0.08323599398136139,0.0003896642883773893,0.001519873272627592,0.8936562753070975,2,2,0.2222222222222222,8 4 10
1064,4689,0.050000000000000044,0.08323599398136139,0.0003956588819467773,0.001519873272627592,0.8936562753070975,2,2,0.2222222222222222,8 4 10
1065,4698,0.050000000000000044,0.35645925998687744,0.0004776867442867822,0.0010566823184490204,0.9051627156000217,8,8,0.8888888888888888,5 7 4 6 9 2 8 3 10
1066,4701,0.050000000000000044,0.11649145931005478,0.00046119943726807833,0.002212017774581909,0.8839205625764893,2,2,0.2222222222222222,3 8 10
1067,4708,0.050000000000000044,0.5055791735649109,0.0004580767875138138,0.0004901695065200329,0.9521593698494216,6,6,0.6666666666666666,3 8 1 2 5 4 10
1068,4716,0.050000000000000044,0.29992878437042236,0.0004106785163457971,0.0009749897290021181,0.9009457829449321,7,7,0.7777777777777778,1 3 7 2 4 9 8 10
1069,4719,0.050000000000000044,0.08355478197336197,0.0004302566424788286,0.0019523093942552805,0.8547255588290099,2,2,0.2222222222222222,4 3 10
1070,4723,0.050000000000000044,0.38093748688697815,0.00036949856439605355,0.0008434053743258119,0.9238832180646296,3,3,0.3333333333333333,5 4 7 10
1071,4726,0.050000000000000044,0.09571248292922974,0.0004071005484244476,0.0012363875284790993,0.896635685386258,2,2,0.2222222222222222,8 4 10
1072,4728,0.050000000000000044,0.0589144229888916,0.00038769750972278416,0.0007895955350250006,0.8966935165890899,1,1,0.1111111111111111,4 10
1073,4732,0.050000000000000044,0.42808064818382263,0.00043056224239990115,0.0009422020521014929,0.9351801989371938,3,3,0.3333333333333333,5 4 3 10
1074,4734,0.050000000000000044,0.03451820835471153,0.0002805934054777026,0.001201205886900425,0.8625056232180663,1,1,0.1111111111111111,4 10
1075,4738,0.050000000000000044,0.20647011697292328,0.0004203606804367155,0.0004077803750988096,0.9643421330789324,3,3,0.3333333333333333,4 3 5 10
1076,4740,0.050000000000000044,0.040166184306144714,0.0004561423265840858,0.0011256439611315727,0.8741914829533818,1,1,0.1111111111111111,3 10
1077,4744,0.050000000000000044,0.05260992795228958,0.0004960311198374256,0.0005175065016373992,0.9268858159906658,3,3,0.3333333333333333,8 7 2 10
1078,4753,0.050000000000000044,0.35645920038223267,0.0006520903617557553,0.0010566823184490204,0.9051627156000217,8,8,0.8888888888888888,8 5 4 7 6 9 2 3 10
1079,4757,0.050000000000000044,0.4219055473804474,0.0006956108409212902,0.000634961761534214,0.934013288472552,3,3,0.3333333333333333,4 3 5 10
1080,4760,0.050000000000000044,-0.00824735313653946,0.0006233147772339483,0.0011763644870370626,0.9059160312861382,2,2,0.2222222222222222,4 7 10
1081,4763,0.050000000000000044,0.09113205969333649,0.0007949891733005643,0.0005975330714136362,0.9099776574568856,2,2,0.2222222222222222,2 8 10
1082,4765,0.050000000000000044,0.024714116007089615,0.0006199934869073331,0.000965597340837121,0.8763016812795691,1,1,0.1111111111111111,5 10
1083,4767,0.050000000000000044,0.040398694574832916,0.0006287014693953097,0.0012774724746122956,0.8782929067503258,1,1,0.1111111111111111,5 10
1084,4769,0.050000000000000044,0.026320703327655792,0.0007034874870441854,0.0017540480475872755,0.8176725338635065,1,1,0.1111111111111111,5 10
1085,4776,0.050000000000000044,0.4080122709274292,0.0005850106577521988,0.0008993636583909392,0.9101779754146243,6,6,0.6666666666666666,8 5 4 7 9 3 10
1086,4779,0.050000000000000044,0.13440808653831482,0.0007548225888361534,0.0012641591019928455,0.9109420144352419,2,2,0.2222222222222222,4 3 10
1087,4784,0.050000000000000044,0.32316699624061584,0.0006852431164588779,0.0011618271237239242,0.9152626415778851,4,4,0.4444444444444444,4 3 8 9 10
1088,4787,0.050000000000000044,0.11560302972793579,0.0009233131616686782,0.0010585244745016098,0.9055477057657826,2,2,0.2222222222222222,4 3 10
1089,4789,0.050000000000000044,0.03884042054414749,0.0008528520702384412,0.0008692104602232575,0.9043948443320787,1,1,0.1111111111111111,4 10
1090,4792,0.050000000000000044,0.13440808653831482,0.0005533195993242165,0.0012641591019928455,0.9109420144352419,2,2,0.2222222222222222,4 3 10
1091,4794,0.050000000000000044,0.06098437309265137,0.0006923211622051895,0.0017735688015818596,0.8871583074395513,1,1,0.1111111111111111,4 10
1092,4798,0.050000000000000044,0.19547434151172638,0.0006294766426435672,0.0010095504112541676,0.9271872929440242,3,3,0.3333333333333333,4 3 1 10
1093,4802,0.050000000000000044,0.19198879599571228,0.0006194161178427748,0.0003517318400554359,0.9524080036794955,3,3,0.3333333333333333,4 3 5 10
1094,4805,0.050000000000000044,0.11236691474914551,0.0004781037860084325,0.0005396537599153817,0.9231267675987748,2,2,0.2222222222222222,5 3 10
1095,4809,0.050000000000000044,0.462897926568985,0.0005652324325637892,0.00042539057903923094,0.9627984907482524,3,3,0.3333333333333333,5 4 3 10
1096,4812,0.050000000000000044,0.1859825849533081,0.000578500204331552,0.0012629900593310595,0.8942409133213028,2,2,0.2222222222222222,5 3 10
1097,4814,0.050000000000000044,0.03451820835471153,0.0008127117471303791,0.001201205886900425,0.8625056232180663,1,1,0.1111111111111111,4 10
1098,4819,0.050000000000000044,0.32316699624061584,0.0005047018406912684,0.0011618271237239242,0.9152626415778851,4,4,0.4444444444444444,4 3 8 9 10
1099,4822,0.050000000000000044,0.11560302972793579,0.0005418572400230914,0.0010585244745016098,0.9055477057657826,2,2,0.2222222222222222,4 3 10
1100,4828,0.050000000000000044,0.5028184652328491,0.0005865367129445076,0.00033793295733630657,0.9390370235927891,5,5,0.5555555555555556,8 4 9 5 3 10
1101,4830,0.050000000000000044,0.05966370552778244,0.0005574755923589692,0.0010643962305039167,0.8938761080762506,1,1,0.1111111111111111,4 10
1102,4832,0.050000000000000044,0.046487025916576385,0.0005920534022152424,0.00152482814155519,0.8309204229524672,1,1,0.1111111111111111,4 10
1103,4835,0.050000000000000044,0.15334375202655792,0.0006489462005750587,0.001789748901501298,0.8799217367117315,2,2,0.2222222222222222,4 2 10
1104,4838,0.050000000000000044,0.11464868485927582,0.0005928649916313589,0.0008302467176690698,0.9131896928413444,2,2,0.2222222222222222,2 8 10
1105,4842,0.050000000000000044,0.2199639528989792,0.0006136469164630398,0.0008114546653814614,0.9388695206231793,3,3,0.3333333333333333,4 5 3 10
1106,4850,0.050000000000000044,0.4283517301082611,0.0005090355880383868,0.0007657382520847023,0.9291872492903903,7,7,0.7777777777777778,5 7 4 9 8 2 3 10
1107,4854,0.050000000000000044,0.19198879599571228,0.0006447725172620267,0.0003517318400554359,0.9524080036794955,3,3,0.3333333333333333,4 3 5 10
1108,4856,0.050000000000000044,0.03884042054414749,0.00047254406672436744,0.0008692104602232575,0.9043948443320787,1,1,0.1111111111111111,4 10
1109,4861,0.050000000000000044,0.3960459232330322,0.0006305321119725704,0.0013037422904744744,0.9237105850579923,4,4,0.4444444444444444,4 3 8 9 10
1110,4866,0.050000000000000044,0.41884228587150574,0.0006257461674977094,0.0007939439965412021,0.9433801927017967,4,4,0.4444444444444444,4 3 8 9 10
1111,4870,0.050000000000000044,0.09243181347846985,0.0006113422714406624,0.0014639898436143994,0.9109401001144249,3,3,0.3333333333333333,5 9 3 10
1112,4873,0.050000000000000044,0.13333460688591003,0.00046329285639027756,0.0006554607534781098,0.9395266219743225,2,2,0.2222222222222222,2 8 10
1113,4877,0.050000000000000044,0.15380369126796722,0.0004955440163030289,0.0017689340747892857,0.8747772203047409,3,3,0.3333333333333333,5 3 4 10
1114,4881,0.050000000000000044,0.43453365564346313,0.0005904794306843542,0.0009676149347797036,0.9256354660752554,3,3,0.3333333333333333,5 3 4 10
1115,4883,0.050000000000000044,0.04717379808425903,0.0004730522632598877,0.0008143529994413257,0.9070444910230024,1,1,0.1111111111111111,3 10
1116,4887,0.050000000000000044,0.462897926568985,0.0005179819272598252,0.00042539057903923094,0.9627984907482524,3,3,0.3333333333333333,5 3 4 10
1117,4892,0.050000000000000044,0.4039052128791809,0.00045473137288354337,0.0005602201563306153,0.9380694560697757,4,4,0.4444444444444444,3 9 4 5 10
1118,4895,0.050000000000000044,0.43158453702926636,0.0005879082794611653,0.0011344421654939651,0.8911311244603145,2,2,0.2222222222222222,5 7 10
1119,4900,0.050000000000000044,0.41129985451698303,0.000491320330183953,0.001047596917487681,0.9211327501624716,4,4,0.4444444444444444,4 9 3 5 10
1120,4906,0.050000000000000044,0.5027927160263062,0.00048198663474371034,0.0005687281955033541,0.9453014041453282,5,5,0.5555555555555556,4 2 5 6 7 10
1121,4911,0.050000000000000044,0.41129985451698303,0.0004626138019375503,0.001047596917487681,0.9211327501624716,4,4,0.4444444444444444,4 9 3 5 10
1122,4918,0.050000000000000044,0.5156251192092896,0.0006119859837261694,0.0004635226505342871,0.9560502696866513,6,6,0.6666666666666666,4 2 5 9 8 3 10
1123,4922,0.050000000000000044,0.2199639528989792,0.0005058877577539533,0.0008114546653814614,0.9388695206231793,3,3,0.3333333333333333,4 5 3 10
1124,4927,0.050000000000000044,0.5115424394607544,0.00041309575899504123,0.0006137783639132977,0.9422385646085677,4,4,0.4444444444444444,8 5 7 4 10
1125,4930,0.050000000000000044,0.23374401032924652,0.0005980372079648077,0.001810329733416438,0.8178458276086273,2,2,0.2222222222222222,9 7 10
1126,4937,0.050000000000000044,0.47820186614990234,0.0004546509506846113,0.0003427324118092656,0.9383924666716851,6,6,0.6666666666666666,8 7 5 4 6 3 10
1127,4944,0.050000000000000044,0.4573553502559662,0.0004580113496298769,0.0006023147143423557,0.9336266373234328,6,6,0.6666666666666666,8 5 7 4 6 3 10
1128,4946,0.050000000000000044,0.04281405359506607,0.0004485162935452536,0.0013543919194489717,0.8872737571614818,1,1,0.1111111111111111,4 10
1129,4949,0.050000000000000044,0.11560302972793579,0.0004467054386623204,0.0010585244745016098,0.9055477057657826,2,2,0.2222222222222222,4 3 10
1130,4953,0.050000000000000044,0.20790410041809082,0.0005067597885499708,0.0007259475532919168,0.9303995626009602,3,3,0.3333333333333333,4 5 3 10
1131,4958,0.050000000000000044,0.41459524631500244,0.00041709208162501457,0.0008974188240244985,0.9322367595435607,4,4,0.4444444444444444,4 9 3 5 10
1132,4963,0.050000000000000044,0.307341992855072,0.0005193142278585583,0.0011393922613933682,0.8830650042250806,4,4,0.4444444444444444,7 1 2 8 10
1133,4967,0.050000000000000044,0.19546645879745483,0.00044618104584515095,0.0008336851024068892,0.9083935805152344,3,3,0.3333333333333333,4 5 3 10
1134,4971,0.050000000000000044,0.166197270154953,0.0004888051189482212,0.00102502410300076,0.9117044124854163,3,3,0.3333333333333333,3 5 1 10
1135,4974,0.050000000000000044,0.1859825849533081,0.0004259038153880586,0.0012629900593310595,0.8942409133213028,2,2,0.2222222222222222,3 5 10
1136,4977,0.050000000000000044,0.20845095813274384,0.00041396158242908615,0.001094325794838369,0.8804312563112602,2,2,0.2222222222222222,3 5 10
1137,4980,0.050000000000000044,0.20845095813274384,0.0004084445536136627,0.001094325794838369,0.8804312563112602,2,2,0.2222222222222222,3 5 10
1138,4984,0.050000000000000044,0.1901683807373047,0.0004718537602457218,0.00024145617499016225,0.9591054467309386,3,3,0.3333333333333333,3 5 4 10
1139,4990,0.050000000000000044,0.43584707379341125,0.0005396649406369155,0.00047306451597251,0.9212832453347273,5,5,0.5555555555555556,6 2 5 7 1 10
1140,4994,0.050000000000000044,0.462897926568985,0.0004469153573154472,0.00042539057903923094,0.9627984907482524,3,3,0.3333333333333333,4 5 3 10
1141,5000,0.050000000000000044,0.4812122583389282,0.0003825986156395326,0.00038113031769171357,0.9331857061166401,5,5,0.5555555555555556,4 6 9 5 7 10
1142,5004,0.050000000000000044,0.1919887810945511,0.0009410968632437289,0.0003517318400554359,0.9524080036794955,3,3,0.3333333333333333,4 5 3 10
1143,5007,0.050000000000000044,0.19225460290908813,0.0007921521901153028,0.0005902587436139584,0.9415065264517573,2,2,0.2222222222222222,5 7 10
1144,5010,0.050000000000000044,0.026913456618785858,0.0008237774794300398,0.0008007374126464128,0.919711335518981,2,2,0.2222222222222222,4 2 10
1145,5014,0.050000000000000044,0.15380369126796722,0.0007413525599986315,0.0017689340747892857,0.8747772203047409,3,3,0.3333333333333333,5 3 4 10
1146,5018,0.050000000000000044,0.41304609179496765,0.0008032257755985484,0.0008714161813259125,0.9349319519171675,3,3,0.3333333333333333,5 7 4 10
1147,5020,0.050000000000000044,0.03451820835471153,0.000690822082106024,0.001201205886900425,0.8625056232180663,1,1,0.1111111111111111,4 10
1148,5023,0.050000000000000044,0.1859825849533081,0.0006255604869996508,0.0012629900593310595,0.8942409133213028,2,2,0.2222222222222222,5 3 10
1149,5027,0.050000000000000044,0.4268442392349243,0.000616636811173521,0.0008054295904003084,0.9396085455287225,3,3,0.3333333333333333,5 4 3 10
1150,5029,0.050000000000000044,0.0589144229888916,0.000757635134505108,0.0007895955350250006,0.8966935165890899,1,1,0.1111111111111111,4 10
1151,5032,0.050000000000000044,0.14734843373298645,0.0006688366799304882,0.0006334055215120316,0.9490305221817865,2,2,0.2222222222222222,4 3 10
1152,5037,0.050000000000000044,0.3482218384742737,0.0007515441509895026,0.000990218366496265,0.919986479170399,4,4,0.4444444444444444,5 4 3 6 10
1153,5039,0.050000000000000044,0.04548247531056404,0.0006306394352577627,0.0012849284103140235,0.8850821269704882,1,1,0.1111111111111111,3 10
1154,5042,0.050000000000000044,0.11921658366918564,0.0006227780249901116,0.0021879877895116806,0.8868179797005533,2,2,0.2222222222222222,4 3 10
1155,5050,0.050000000000000044,0.3209458291530609,0.0006518646478070877,0.0009211251745000482,0.9084309800467083,7,7,0.7777777777777778,5 7 8 4 6 9 3 10
1156,5053,0.050000000000000044,0.15221481025218964,0.0005684715579263866,0.0004358246806077659,0.9368535895675739,2,2,0.2222222222222222,2 8 10
1157,5056,0.050000000000000044,0.19435951113700867,0.0006775825362031659,0.0011888995068147779,0.8720131784004207,2,2,0.2222222222222222,8 7 10
1158,5059,0.050000000000000044,0.09556440263986588,0.0005548932143331816,0.0006272533209994435,0.9192769209213121,2,2,0.2222222222222222,4 3 10
1159,5062,0.050000000000000044,0.15134380757808685,0.0007057912298478186,0.0024468160700052977,0.8412959741891318,2,2,0.2222222222222222,8 7 10
1160,5067,0.050000000000000044,0.41946446895599365,0.0005735294544138014,0.0008618919528089464,0.9339211289012332,4,4,0.4444444444444444,5 4 3 6 10
1161,5070,0.050000000000000044,0.20859096944332123,0.0006541680583419899,0.0005442805704660714,0.9466023426613683,2,2,0.2222222222222222,2 5 10
1162,5074,0.050000000000000044,0.19546644389629364,0.000593699405726511,0.0008336851024068892,0.9083935805152344,3,3,0.3333333333333333,5 3 4 10
1163,5078,0.050000000000000044,0.21996396780014038,0.0005679722089553252,0.0008114546653814614,0.9388695206231793,3,3,0.3333333333333333,4 3 5 10
1164,5083,0.050000000000000044,0.41946446895599365,0.0005706037452910095,0.0008618919528089464,0.9339211289012332,4,4,0.4444444444444444,4 3 6 5 10
1165,5088,0.050000000000000044,0.44399383664131165,0.0005767097696661949,0.0003841592697426677,0.9669864250083458,4,4,0.4444444444444444,4 3 6 5 10
1166,5090,0.050000000000000044,0.06062532961368561,0.000603271066211164,0.0011297360761091113,0.8922865877058644,1,1,0.1111111111111111,4 10
1167,5092,0.050000000000000044,0.06098437309265137,0.0005901998083572835,0.0017735688015818596,0.8871583074395513,1,1,0.1111111111111111,4 10
1168,5094,0.050000000000000044,0.046487025916576385,0.0006836945831310004,0.00152482814155519,0.8309204229524672,1,1,0.1111111111111111,4 10
1169,5099,0.050000000000000044,0.5233331918716431,0.0005367627542000264,0.000576879654545337,0.9455040099894391,4,4,0.4444444444444444,6 5 7 4 10
1170,5102,0.050000000000000044,0.13333460688591003,0.0005973232716011504,0.0006554607534781098,0.9395266219743225,2,2,0.2222222222222222,2 8 10
1171,5106,0.050000000000000044,0.42808064818382263,0.0005162454544915818,0.0009422020521014929,0.9351801989371938,3,3,0.3333333333333333,5 4 3 10
1172,5108,0.050000000000000044,0.05966370552778244,0.0004962487728334963,0.0010643962305039167,0.8938761080762506,1,1,0.1111111111111111,4 10
1173,5111,0.050000000000000044,0.13333460688591003,0.0005416491088302185,0.0006554607534781098,0.9395266219743225,2,2,0.2222222222222222,2 8 10
1174,5114,0.050000000000000044,0.08809962123632431,0.000463770479351903,0.00255720317363739,0.8583896849193697,2,2,0.2222222222222222,2 3 10
1175,5117,0.050000000000000044,0.07465614378452301,0.0005103954754304141,0.00155686738435179,0.8862327093548639,2,2,0.2222222222222222,2 8 10
1176,5119,0.050000000000000044,0.04281405359506607,0.0004894051526207477,0.0013543919194489717,0.8872737571614818,1,1,0.1111111111111111,4 10
1177,5124,0.050000000000000044,0.40775445103645325,0.0005522961902897805,0.0005151416407898068,0.9585819272468404,4,4,0.4444444444444444,8 4 3 9 10
1178,5126,0.050000000000000044,0.06098437309265137,0.0004991844616597518,0.0017735688015818596,0.8871583074395513,1,1,0.1111111111111111,4 10
1179,5130,0.050000000000000044,0.4268442392349243,0.0004913737066090107,0.0008054295904003084,0.9396085455287225,3,3,0.3333333333333333,5 4 3 10
1180,5135,0.050000000000000044,0.3960459530353546,0.00043688015430234375,0.0013037422904744744,0.9237105850579923,4,4,0.4444444444444444,8 4 3 9 10
1181,5139,0.050000000000000044,0.4268442392349243,0.00047032317525008693,0.0008054295904003084,0.9396085455287225,3,3,0.3333333333333333,5 4 3 10
1182,5141,0.050000000000000044,0.05966370552778244,0.0005136003892403096,0.0010643962305039167,0.8938761080762506,1,1,0.1111111111111111,4 10
1183,5150,0.050000000000000044,0.41855791211128235,0.00043129092147056427,0.000585098285228014,0.9351785856251484,8,8,0.8888888888888888,7 8 4 3 9 6 1 5 10
1184,5154,0.050000000000000044,0.4268442392349243,0.0005444897906272672,0.0008054295904003084,0.9396085455287225,3,3,0.3333333333333333,5 4 3 10
1185,5156,0.050000000000000044,0.06062532961368561,0.0004547546850517392,0.0011297360761091113,0.8922865877058644,1,1,0.1111111111111111,4 10
1186,5159,0.050000000000000044,0.1935204267501831,0.00045156016130931675,0.00030801689717918634,0.9415807791683252,2,2,0.2222222222222222,5 3 10
1187,5163,0.050000000000000044,0.47964638471603394,0.0004127252541366033,0.0009038804564625025,0.9178493492278701,3,3,0.3333333333333333,5 4 3 10
1188,5169,0.050000000000000044,0.450751930475235,0.0004251132146843399,0.0008475152426399291,0.9226932906048476,5,5,0.5555555555555556,5 4 3 6 8 10
1189,5171,0.050000000000000044,0.0589144229888916,0.00048046765732578933,0.0007895955350250006,0.8966935165890899,1,1,0.1111111111111111,4 10
1190,5173,0.050000000000000044,0.03884042054414749,0.0004898782208329067,0.0008692104602232575,0.9043948443320787,1,1,0.1111111111111111,4 10
1191,5176,0.050000000000000044,0.11921658366918564,0.0005556111961292723,0.0021879877895116806,0.8868179797005533,2,2,0.2222222222222222,3 4 10
1192,5181,0.050000000000000044,0.3718529939651489,0.00042660440667532387,0.0006767056183889508,0.9263724521484655,4,4,0.4444444444444444,8 4 3 9 10
1193,5190,0.050000000000000044,0.3563920557498932,0.0004739506111945957,0.0010532259475439787,0.9044432411862894,8,8,0.8888888888888888,8 4 3 9 6 1 7 5 10
1194,5193,0.050000000000000044,0.1104436069726944,0.000475576933240518,0.001106159994378686,0.9033732995674386,2,2,0.2222222222222222,4 5 10
1195,5195,0.050000000000000044,0.06062532961368561,0.00044336056453175843,0.0011297360761091113,0.8922865877058644,1,1,0.1111111111111111,4 10
1196,5202,0.050000000000000044,0.39382895827293396,0.00045571942713909915,0.00031449698144569993,0.9700414393801468,6,6,0.6666666666666666,4 3 6 9 5 8 10
1197,5210,0.050000000000000044,0.43896809220314026,0.0005109327030368149,0.0012298526708036661,0.9233251346206551,7,7,0.7777777777777778,5 7 8 4 6 9 3 10
1198,5214,0.050000000000000044,0.43453365564346313,0.00043686493154382333,0.0009676149347797036,0.9256354660752554,3,3,0.3333333333333333,5 3 4 10
1199,5220,0.050000000000000044,0.37898510694503784,0.0003942220549409588,0.0011583585292100906,0.9296678332819556,5,5,0.5555555555555556,8 4 3 9 5 10
1200,5226,0.050000000000000044,0.393407940864563,0.00046522769359095645,0.0006468939245678484,0.9508999620656196,5,5,0.5555555555555556,4 3 6 9 5 10
1201,5230,0.050000000000000044,0.15380367636680603,0.00042246356315445155,0.0017689340747892857,0.8747772203047409,3,3,0.3333333333333333,4 5 3 10
1202,5234,0.050000000000000044,0.3735106289386749,0.00039728431147523224,0.0010207341983914375,0.9165832582821318,3,3,0.3333333333333333,5 4 3 10
1203,5236,0.050000000000000044,0.03451820835471153,0.0004507903795456514,0.001201205886900425,0.8625056232180663,1,1,0.1111111111111111,4 10
1204,5245,0.050000000000000044,0.3525679111480713,0.00043303283099602495,0.0010726273758336902,0.9038624360927078,8,8,0.8888888888888888,7 8 6 4 1 2 3 5 10
1205,5248,0.050000000000000044,0.14341361820697784,0.0005268423313585421,0.0017113493522629142,0.8996180292577721,2,2,0.2222222222222222,3 5 10
1206,5251,0.050000000000000044,0.11464868485927582,0.0005670274064565698,0.0008302467176690698,0.9131896928413444,2,2,0.2222222222222222,2 8 10
1207,5255,0.050000000000000044,0.17696836590766907,0.0008399312646361068,0.00037597696064040065,0.9456780639684158,3,3,0.3333333333333333,2 3 8 10
1208,5257,0.050000000000000044,0.03451820835471153,0.0007534156320616603,0.001201205886900425,0.8625056232180663,1,1,0.1111111111111111,4 10
1209,5259,0.050000000000000044,0.05966370552778244,0.00046732081682421267,0.0010643962305039167,0.8938761080762506,1,1,0.1111111111111111,4 10
1210,5265,0.050000000000000044,0.331356406211853,0.0005818355469576394,0.0009125455981120467,0.925786499301687,5,5,0.5555555555555556,4 3 6 9 5 10
1211,5274,0.050000000000000044,0.4094548523426056,0.0005579950132717689,0.0007548851426690817,0.9304624109326305,8,8,0.8888888888888888,3 4 9 6 8 1 7 5 10
1212,5280,0.050000000000000044,0.4776940941810608,0.0005061370223605385,0.0006083064945414662,0.9331706460392575,5,5,0.5555555555555556,6 5 4 3 9 10
1213,5289,0.050000000000000044,0.41808703541755676,0.00046854052278730605,0.0012227857951074839,0.923950052289702,8,8,0.8888888888888888,4 3 6 9 8 1 7 5 10
1214,5293,0.050000000000000044,0.4219055473804474,0.0004782024334417656,0.000634961761534214,0.934013288472552,3,3,0.3333333333333333,4 3 5 10
1215,5298,0.050000000000000044,0.44399383664131165,0.00047849838156253097,0.0003841592697426677,0.9669864250083458,4,4,0.4444444444444444,3 4 6 5 10
1216,5307,0.050000000000000044,0.4416680932044983,0.0004478620669235372,0.00032859109342098236,0.9410542413397436,8,8,0.8888888888888888,7 6 5 4 8 9 1 3 10
1217,5308,0.050000000000000044,0.0,0.0003538531018421054,0.003157365135848522,0.6812835540576793,0,0,0.0,10
1218,5312,0.050000000000000044,0.09266164898872375,0.00042599438165780157,0.0005274303257465363,0.9512997288057552,3,3,0.3333333333333333,6 7 5 10
1219,5314,0.050000000000000044,0.03884042054414749,0.0005119169363752007,0.0008692104602232575,0.9043948443320787,1,1,0.1111111111111111,4 10
1220,5318,0.050000000000000044,0.43453365564346313,0.0005080618720967323,0.0009676149347797036,0.9256354660752554,3,3,0.3333333333333333,4 5 3 10
1221,5322,0.050000000000000044,0.43612128496170044,0.000447460261057131,0.0011007825378328562,0.9164959155067394,3,3,0.3333333333333333,4 5 3 10
1222,5326,0.050000000000000044,0.2199639528989792,0.0004267771219019778,0.0008114546653814614,0.9388695206231793,3,3,0.3333333333333333,4 5 3 10
1223,5330,0.050000000000000044,0.20790410041809082,0.00045623883488588035,0.0007259475532919168,0.9303995626009602,3,3,0.3333333333333333,4 5 3 10
1224,5332,0.050000000000000044,0.046487025916576385,0.0004332040116423741,0.00152482814155519,0.8309204229524672,1,1,0.1111111111111111,4 10
1225,5336,0.050000000000000044,0.20790410041809082,0.00038113303162390366,0.0007259475532919168,0.9303995626009602,3,3,0.3333333333333333,4 5 3 10
1226,5338,0.050000000000000044,0.06062532961368561,0.0004299046122469008,0.0011297360761091113,0.8922865877058644,1,1,0.1111111111111111,4 10
1227,5346,0.050000000000000044,0.46387168765068054,0.00047963324686861597,0.00032860744977369905,0.9410427441813858,7,7,0.7777777777777778,3 6 9 4 8 1 5 10
1228,5348,0.050000000000000044,0.024119332432746887,0.00043729606841225177,0.0017540492117404938,0.8133872485853616,1,1,0.1111111111111111,8 10
1229,5352,0.050000000000000044,0.15380369126796722,0.00040540257759857923,0.0017689340747892857,0.8747772203047409,3,3,0.3333333333333333,5 3 4 10
1230,5354,0.050000000000000044,0.0589144229888916,0.00046805007150396705,0.0007895955350250006,0.8966935165890899,1,1,0.1111111111111111,4 10
1231,5362,0.050000000000000044,0.4318496584892273,0.0004461857351998333,0.0012695814948529005,0.9202959574891895,7,7,0.7777777777777778,2 8 3 1 4 7 5 10
1232,5365,0.050000000000000044,0.20859096944332123,0.0005075165148203572,0.0005442805704660714,0.9466023426613683,2,2,0.2222222222222222,2 5 10
1233,5368,0.050000000000000044,0.2034444361925125,0.00043293404936169583,0.0013933340087532997,0.9044119703775,2,2,0.2222222222222222,5 3 10
1234,5371,0.050000000000000044,0.17867568135261536,0.0005525954572173456,0.0013039932819083333,0.8900871157876519,2,2,0.2222222222222222,1 7 10
1235,5378,0.050000000000000044,0.3009015619754791,0.0005310243245081178,0.0009016676340252161,0.9270073596419108,6,6,0.6666666666666666,3 4 6 8 9 5 10
1236,5387,0.050000000000000044,0.35645925998687744,0.0004179486131761223,0.0010566823184490204,0.9051627156000217,8,8,0.8888888888888888,8 2 7 6 4 9 5 3 10
1237,5396,0.050000000000000044,0.3040144443511963,0.0004715046864779045,0.000902039697393775,0.908895626035159,8,8,0.8888888888888888,2 8 3 1 4 6 9 5 10
1238,5405,0.050000000000000044,0.41734156012535095,0.0005224092391371313,0.0012294133193790913,0.923952450774229,8,8,0.8888888888888888,2 8 3 1 4 6 9 5 10
1239,5410,0.050000000000000044,0.16262918710708618,0.0005222584353759885,0.000372959824744612,0.9678535100856661,4,4,0.4444444444444444,6 3 4 5 10
1240,5413,0.050000000000000044,0.1859825849533081,0.00036790408194065094,0.0012629900593310595,0.8942409133213028,2,2,0.2222222222222222,5 3 10
1241,5416,0.050000000000000044,0.16971264779567719,0.0005761276891765496,0.0021276811603456736,0.8450265611199647,2,2,0.2222222222222222,5 3 10
1242,5418,0.050000000000000044,0.06062532961368561,0.0004610846663126722,0.0011297360761091113,0.8922865877058644,1,1,0.1111111111111111,4 10
1243,5422,0.050000000000000044,0.4268442392349243,0.00041888361010933295,0.0008054295904003084,0.9396085455287225,3,3,0.3333333333333333,5 3 4 10
1244,5426,0.050000000000000044,0.19198879599571228,0.00043847886990988627,0.0003517318400554359,0.9524080036794955,3,3,0.3333333333333333,5 3 4 10
1245,5435,0.050000000000000044,0.47731319069862366,0.0003236409748852667,0.00044167545274831355,0.9571342403412432,8,8,0.8888888888888888,3 8 1 4 9 6 2 5 10
1246,5444,0.050000000000000044,0.3685014247894287,0.0004096875782124698,0.0008827917044982314,0.9120272727025391,8,8,0.8888888888888888,4 9 3 8 6 1 2 5 10
1247,5446,0.050000000000000044,0.0589144229888916,0.0005871124158147722,0.0007895955350250006,0.8966935165890899,1,1,0.1111111111111111,4 10
1248,5450,0.050000000000000044,0.462897926568985,0.00032145627483259887,0.00042539057903923094,0.9627984907482524,3,3,0.3333333333333333,4 3 5 10
1249,5456,0.050000000000000044,0.45117494463920593,0.0004268124806306635,0.0008469247259199619,0.9230130370994244,5,5,0.5555555555555556,5 4 3 1 6 10
1250,5459,0.050000000000000044,0.10850393772125244,0.00031854566380692023,0.0008389106369577348,0.9069942867872831,2,2,0.2222222222222222,1 7 10
1251,5461,0.050000000000000044,0.04281405359506607,0.00027051409415435046,0.0013543919194489717,0.8872737571614818,1,1,0.1111111111111111,4 10
1252,5469,0.050000000000000044,0.44045478105545044,0.0004193792228761595,0.000585604109801352,0.9349691365689358,7,7,0.7777777777777778,3 6 4 8 1 9 5 10
1253,5472,0.050000000000000044,0.20845095813274384,0.00034437553646663827,0.001094325794838369,0.8804312563112602,2,2,0.2222222222222222,5 3 10
1254,5481,0.050000000000000044,0.4101470410823822,0.00035959047737479623,0.0007524118991568685,0.9306850550999681,8,8,0.8888888888888888,2 8 6 3 4 9 1 5 10
1255,5485,0.050000000000000044,0.17137986421585083,0.0002860702334146481,0.0004831195983570069,0.9515890292690427,3,3,0.3333333333333333,2 8 3 10
1256,5489,0.050000000000000044,0.43612128496170044,0.00040847405762178823,0.0011007825378328562,0.9164959155067394,3,3,0.3333333333333333,3 5 4 10
1257,5493,0.050000000000000044,0.4219055473804474,0.00038980590034043416,0.000634961761534214,0.934013288472552,3,3,0.3333333333333333,3 4 5 10
1258,5496,0.050000000000000044,0.10047644376754761,0.0003996376181021333,0.0012954178964719176,0.8977892453141076,2,2,0.2222222222222222,4 3 10
1259,5498,0.050000000000000044,0.0589144229888916,0.0005378466739784926,0.0007895955350250006,0.8966935165890899,1,1,0.1111111111111111,4 10
1260,5500,0.050000000000000044,0.04281405359506607,0.00032700118026696146,0.0013543919194489717,0.8872737571614818,1,1,0.1111111111111111,4 10
1261,5508,0.050000000000000044,0.39003461599349976,0.0007187871451606043,0.0008846846176311374,0.9116706122045143,7,7,0.7777777777777778,3 4 8 1 6 9 5 10
1262,5513,0.050000000000000044,0.45042890310287476,0.0007714616600424052,0.0003419184358790517,0.9670160694156333,4,4,0.4444444444444444,4 9 3 5 10
1263,5515,0.050000000000000044,0.06098437309265137,0.0005906770820729434,0.0017735688015818596,0.8871583074395513,1,1,0.1111111111111111,4 10
1264,5518,0.050000000000000044,0.20859096944332123,0.0005613269944054385,0.0005442805704660714,0.9466023426613683,2,2,0.2222222222222222,2 5 10
1265,5523,0.050000000000000044,0.41129985451698303,0.000518019642913714,0.001047596917487681,0.9211327501624716,4,4,0.4444444444444444,4 9 3 5 10
1266,5527,0.050000000000000044,0.19546647369861603,0.0006178179464768618,0.0008336851024068892,0.9083935805152344,3,3,0.3333333333333333,4 3 5 10
1267,5529,0.050000000000000044,0.05966370552778244,0.000697656098054722,0.0010643962305039167,0.8938761080762506,1,1,0.1111111111111111,4 10
1268,5533,0.050000000000000044,0.19198879599571228,0.0004786219142260961,0.0003517318400554359,0.9524080036794955,3,3,0.3333333333333333,4 3 5 10
1269,5541,0.050000000000000044,0.37858545780181885,0.0004581750399665907,0.0010532522574067116,0.9044165295702665,7,7,0.7777777777777778,6 4 9 3 8 1 5 10
1270,5544,0.050000000000000044,0.20859096944332123,0.0005293902941048145,0.0005442805704660714,0.9466023426613683,2,2,0.2222222222222222,2 5 10
1271,5546,0.050000000000000044,0.03884042054414749,0.00042023776040878147,0.0008692104602232575,0.9043948443320787,1,1,0.1111111111111111,4 10
1272,5548,0.050000000000000044,0.03884042054414749,0.00048757529293652624,0.0008692104602232575,0.9043948443320787,1,1,0.1111111111111111,4 10
1273,5551,0.050000000000000044,0.12100356817245483,0.00047963687878412503,0.0014072624035179615,0.9029707356171148,2,2,0.2222222222222222,1 7 10
1274,5555,0.050000000000000044,0.462897926568985,0.000552207748114597,0.00042539057903923094,0.9627984907482524,3,3,0.3333333333333333,4 3 5 10
1275,5559,0.050000000000000044,0.19016839563846588,0.0004882242574240081,0.00024145617499016225,0.9591054467309386,3,3,0.3333333333333333,4 3 5 10
1276,5562,0.050000000000000044,0.15296532213687897,0.00048104032369640964,0.00039184308843687177,0.9318727257613904,2,2,0.2222222222222222,2 5 10
1277,5565,0.050000000000000044,0.11921658366918564,0.0005358049141553541,0.0021879877895116806,0.8868179797005533,2,2,0.2222222222222222,4 3 10
1278,5572,0.050000000000000044,0.48267820477485657,0.0004457272797091199,0.0003340237308293581,0.9396794419935002,6,6,0.6666666666666666,6 4 3 8 9 5 10
1279,5579,0.050000000000000044,0.47153571248054504,0.0005365867442118802,0.00035872188163921237,0.9374128835592486,6,6,0.6666666666666666,6 4 3 8 1 5 10
1280,5583,0.050000000000000044,0.20790411531925201,0.0004444950172910467,0.0007259475532919168,0.9303995626009602,3,3,0.3333333333333333,3 5 4 10
1281,5590,0.050000000000000044,0.49326956272125244,0.00048482448827209216,0.0005249395617283881,0.9478820437270877,6,6,0.6666666666666666,9 4 3 8 1 2 10
1282,5593,0.050000000000000044,0.09556440263986588,0.0004904847980166475,0.0006272533209994435,0.9192769209213121,2,2,0.2222222222222222,4 3 10
1283,5596,0.050000000000000044,0.15296532213687897,0.00044846934421608847,0.00039184308843687177,0.9318727257613904,2,2,0.2222222222222222,2 5 10
1284,5598,0.050000000000000044,0.05966370552778244,0.0005968150799162686,0.0010643962305039167,0.8938761080762506,1,1,0.1111111111111111,4 10
1285,5602,0.050000000000000044,0.3735106289386749,0.0005374288230086677,0.0010207341983914375,0.9165832582821318,3,3,0.3333333333333333,4 5 3 10
1286,5606,0.050000000000000044,0.19016839563846588,0.0004769369261339307,0.00024145617499016225,0.9591054467309386,3,3,0.3333333333333333,4 3 5 10
1287,5608,0.050000000000000044,0.06098437309265137,0.0004731002700282261,0.0017735688015818596,0.8871583074395513,1,1,0.1111111111111111,4 10
1288,5612,0.050000000000000044,0.43612128496170044,0.0005150533688720316,0.0011007825378328562,0.9164959155067394,3,3,0.3333333333333333,4 3 5 10
1289,5616,0.050000000000000044,0.3735106289386749,0.00045294701703824103,0.0010207341983914375,0.9165832582821318,3,3,0.3333333333333333,4 3 5 10
1290,5621,0.050000000000000044,0.14075487852096558,0.0004154978960286826,0.00040138233453035355,0.9584727069533537,4,4,0.4444444444444444,2 3 8 5 10
1291,5624,0.050000000000000044,0.13333460688591003,0.0005273569258861244,0.0006554607534781098,0.9395266219743225,2,2,0.2222222222222222,2 8 10
1292,5629,0.050000000000000044,0.41459521651268005,0.0004587226372677833,0.0008974188240244985,0.9322367595435607,4,4,0.4444444444444444,3 9 4 5 10
1293,5631,0.050000000000000044,0.03884042054414749,0.0003949320234823972,0.0008692104602232575,0.9043948443320787,1,1,0.1111111111111111,4 10
1294,5639,0.050000000000000044,0.43896812200546265,0.0004398567725729663,0.0012298526708036661,0.9233251346206551,7,7,0.7777777777777778,7 9 8 5 4 6 3 10
1295,5642,0.050000000000000044,0.09341372549533844,0.00043211984060083825,0.0018240439239889383,0.8610716218861899,2,2,0.2222222222222222,2 8 10
1296,5646,0.050000000000000044,0.20790411531925201,0.0004502021911321208,0.0007259475532919168,0.9303995626009602,3,3,0.3333333333333333,3 5 4 10
1297,5648,0.050000000000000044,0.0589144229888916,0.000614478747593239,0.0007895955350250006,0.8966935165890899,1,1,0.1111111111111111,4 10
1298,5651,0.050000000000000044,0.09556440263986588,0.00048310480390985805,0.0006272533209994435,0.9192769209213121,2,2,0.2222222222222222,4 3 10
1299,5653,0.050000000000000044,0.04281405359506607,0.0005038506933487952,0.0013543919194489717,0.8872737571614818,1,1,0.1111111111111111,4 10
1300,5655,0.050000000000000044,0.06098437309265137,0.0003824761515716091,0.0017735688015818596,0.8871583074395513,1,1,0.1111111111111111,4 10
1301,5662,0.050000000000000044,0.37992170453071594,0.00046807239829961745,0.0010002788621932268,0.9011800837892414,6,6,0.6666666666666666,4 7 9 8 5 6 10
1302,5664,0.050000000000000044,0.05966370552778244,0.0004233484069118276,0.0010643962305039167,0.8938761080762506,1,1,0.1111111111111111,4 10
1303,5673,0.050000000000000044,0.41734156012535095,0.00038562779081985354,0.0012294133193790913,0.923952450774229,8,8,0.8888888888888888,2 6 8 3 1 4 9 5 10
1304,5678,0.050000000000000044,0.41459521651268005,0.00043105226941406725,0.0008974188240244985,0.9322367595435607,4,4,0.4444444444444444,3 9 4 5 10
1305,5685,0.050000000000000044,0.3485722839832306,0.00033141077645788234,0.0011441437527537346,0.9314813585431447,6,6,0.6666666666666666,4 3 6 8 9 5 10
1306,5689,0.050000000000000044,0.4197719097137451,0.00041288480861112475,0.0013346211053431034,0.9167494995249037,3,3,0.3333333333333333,4 3 5 10
1307,5697,0.050000000000000044,0.46387168765068054,0.0004425379120220896,0.00032860744977369905,0.9410427441813858,7,7,0.7777777777777778,4 6 3 8 1 9 5 10
1308,5702,0.050000000000000044,0.4122615456581116,0.00043022758909501136,0.0018379850080236793,0.8948649940624673,4,4,0.4444444444444444,4 3 6 8 10
1309,5707,0.050000000000000044,0.40316301584243774,0.0004899772116914392,0.0012269511353224516,0.9254885753190342,4,4,0.4444444444444444,3 9 4 5 10
1310,5711,0.050000000000000044,0.19198879599571228,0.0004169576204731129,0.0003517318400554359,0.9524080036794955,3,3,0.3333333333333333,4 3 5 10
1311,5715,0.050000000000000044,0.3735106289386749,0.0005489622781169601,0.0010207341983914375,0.9165832582821318,3,3,0.3333333333333333,4 3 5 10
1312,5717,0.050000000000000044,0.03884042054414749,0.00040583222289569676,0.0008692104602232575,0.9043948443320787,1,1,0.1111111111111111,4 10
1313,5723,0.050000000000000044,0.42517155408859253,0.0004291302660324921,0.0009165317751467228,0.9083179900429337,5,5,0.5555555555555556,8 4 9 5 3 10
1314,5727,0.050000000000000044,0.3735106289386749,0.0004383525447337888,0.0010207341983914375,0.9165832582821318,3,3,0.3333333333333333,4 3 5 10
1315,5729,0.050000000000000044,0.03451820835471153,0.00043346644088160247,0.001201205886900425,0.8625056232180663,1,1,0.1111111111111111,4 10
1316,5731,0.050000000000000044,0.04281405359506607,0.00043224377441219985,0.0013543919194489717,0.8872737571614818,1,1,0.1111111111111111,4 10
1317,5733,0.050000000000000044,0.06098437309265137,0.000486442178953439,0.0017735688015818596,0.8871583074395513,1,1,0.1111111111111111,4 10
1318,5736,0.050000000000000044,0.11852537095546722,0.00037828692196247477,0.001429002732038498,0.9011649027838861,2,2,0.2222222222222222,3 5 10
1319,5739,0.050000000000000044,0.20845095813274384,0.0003752781388660272,0.001094325794838369,0.8804312563112602,2,2,0.2222222222222222,3 5 10
1320,5744,0.050000000000000044,0.45042890310287476,0.0004310481948778033,0.0003419184358790517,0.9670160694156333,4,4,0.4444444444444444,3 9 4 5 10
1321,5746,0.050000000000000044,0.03884042054414749,0.00038573537312913686,0.0008692104602232575,0.9043948443320787,1,1,0.1111111111111111,4 10
1322,5749,0.050000000000000044,0.14734843373298645,0.0004356417533320685,0.0006334055215120316,0.9490305221817865,2,2,0.2222222222222222,4 3 10
1323,5751,0.050000000000000044,0.06098437309265137,0.0004546803538687527,0.0017735688015818596,0.8871583074395513,1,1,0.1111111111111111,4 10
1324,5753,0.050000000000000044,0.03884042054414749,0.0006347524176817387,0.0008692104602232575,0.9043948443320787,1,1,0.1111111111111111,4 10
1325,5755,0.050000000000000044,0.06098437309265137,0.00106509163742885,0.0017735688015818596,0.8871583074395513,1,1,0.1111111111111111,4 10
1326,5757,0.050000000000000044,0.0589144229888916,0.0008733522845432162,0.0007895955350250006,0.8966935165890899,1,1,0.1111111111111111,4 10
1327,5763,0.050000000000000044,0.42300087213516235,0.0006265425181481987,0.000921656028367579,0.9069983575949345,5,5,0.5555555555555556,6 2 4 5 3 10
1328,5772,0.050000000000000044,0.419594407081604,0.0005981504412678381,0.0005814561736769974,0.9353443691230132,8,8,0.8888888888888888,6 4 3 8 9 1 2 5 10
1329,5776,0.050000000000000044,0.21996396780014038,0.0006782448035664856,0.0008114546653814614,0.9388695206231793,3,3,0.3333333333333333,4 3 5 10
1330,5778,0.050000000000000044,0.03884042054414749,0.0005429525481304154,0.0008692104602232575,0.9043948443320787,1,1,0.1111111111111111,4 10
1331,5780,0.050000000000000044,0.06062532961368561,0.0005946778110228479,0.0011297360761091113,0.8922865877058644,1,1,0.1111111111111111,4 10
1332,5783,0.050000000000000044,0.09113205969333649,0.0004806344707806905,0.0005975330714136362,0.9099776574568856,2,2,0.2222222222222222,2 8 10
1333,5785,0.050000000000000044,0.03799684718251228,0.0005072446656413376,0.002125915139913559,0.8768251535441731,1,1,0.1111111111111111,3 10
1334,5790,0.050000000000000044,0.3592374622821808,0.0005983541253954172,0.0009344061836600304,0.9235703097689592,4,4,0.4444444444444444,3 9 4 5 10
1335,5793,0.050000000000000044,0.02366727590560913,0.0005466223422748347,0.00084163888823241,0.9186120476489543,2,2,0.2222222222222222,3 1 10
1336,5798,0.050000000000000044,0.41129985451698303,0.0004653644748032093,0.001047596917487681,0.9211327501624716,4,4,0.4444444444444444,3 9 4 5 10
1337,5807,0.050000000000000044,0.35833731293678284,0.000488026888989326,0.0010462853824719787,0.9052856655771468,8,8,0.8888888888888888,6 4 3 8 9 1 2 5 10
1338,5809,0.050000000000000044,0.022266119718551636,0.0003596418828237802,0.0012151640839874744,0.8455058391539294,1,1,0.1111111111111111,3 10
1339,5812,0.050000000000000044,0.20556098222732544,0.0005008925800211728,0.0013487274991348386,0.903586375169394,2,2,0.2222222222222222,7 8 10
1340,5817,0.050000000000000044,0.41459521651268005,0.0004608103830832988,0.0008974188240244985,0.9322367595435607,4,4,0.4444444444444444,3 9 4 5 10
1341,5821,0.050000000000000044,0.4268442392349243,0.0005257849115878344,0.0008054295904003084,0.9396085455287225,3,3,0.3333333333333333,4 3 5 10
1342,5825,0.050000000000000044,0.43612128496170044,0.00045894629147369415,0.0011007825378328562,0.9164959155067394,3,3,0.3333333333333333,4 3 5 10
1343,5828,0.050000000000000044,0.09949229657649994,0.0005496188532561064,0.0026217291597276926,0.8786038204708649,2,2,0.2222222222222222,2 8 10
1344,5831,0.050000000000000044,0.12390187382698059,0.00048060525053491193,0.0014034229097887874,0.9066027235970627,2,2,0.2222222222222222,2 8 10
1345,5836,0.050000000000000044,0.41459521651268005,0.0004278628970496356,0.0008974188240244985,0.9322367595435607,4,4,0.4444444444444444,3 9 4 5 10
1346,5845,0.050000000000000044,0.3040144145488739,0.00048248317196137377,0.000902039697393775,0.908895626035159,8,8,0.8888888888888888,6 4 3 9 8 1 2 5 10
1347,5851,0.050000000000000044,0.4032268822193146,0.000540283668669872,0.0006949799135327339,0.9499589128599155,5,5,0.5555555555555556,3 9 4 6 5 10
1348,5854,0.050000000000000044,0.15221481025218964,0.0003248695866204798,0.0004358246806077659,0.9368535895675739,2,2,0.2222222222222222,2 8 10
1349,5856,0.050000000000000044,0.04717379808425903,0.00047925999388098717,0.0008143529994413257,0.9070444910230024,1,1,0.1111111111111111,3 10
1350,5861,0.050000000000000044,0.41459521651268005,0.00039519392885267735,0.0008974188240244985,0.9322367595435607,4,4,0.4444444444444444,3 9 4 5 10
1351,5865,0.050000000000000044,0.1430359184741974,0.0004600063621182926,0.00033123246976174414,0.9468930776316261,3,3,0.3333333333333333,2 3 8 10
1352,5869,0.050000000000000044,0.15591171383857727,0.0004119717195862904,0.0010758726857602596,0.8824139355762677,3,3,0.3333333333333333,2 3 8 10
1353,5878,0.050000000000000044,0.3040144145488739,0.0004447940219607618,0.000902039697393775,0.908895626035159,8,8,0.8888888888888888,3 4 8 9 1 6 2 5 10
1354,5881,0.050000000000000044,0.07465614378452301,0.000452266065015768,0.00155686738435179,0.8862327093548639,2,2,0.2222222222222222,2 8 10
1355,5885,0.050000000000000044,0.17696836590766907,0.0004554249462671578,0.00037597696064040065,0.9456780639684158,3,3,0.3333333333333333,2 3 8 10
1356,5889,0.050000000000000044,0.059139467775821686,0.0004602755871019326,0.0007071533473208547,0.9370988782375661,3,3,0.3333333333333333,9 7 5 10
1357,5892,0.050000000000000044,0.11410621553659439,0.00039309822022914886,0.00218987581320107,0.8792645317213289,2,2,0.2222222222222222,7 5 10
1358,5896,0.050000000000000044,0.17696836590766907,0.00037381245783763006,0.00037597696064040065,0.9456780639684158,3,3,0.3333333333333333,2 3 8 10
1359,5900,0.050000000000000044,0.43453365564346313,0.00045116121327737346,0.0009676149347797036,0.9256354660752554,3,3,0.3333333333333333,3 4 5 10
1360,5902,0.050000000000000044,0.03799684718251228,0.0004548166471067816,0.002125915139913559,0.8768251535441731,1,1,0.1111111111111111,3 10
1361,5905,0.050000000000000044,0.10850393772125244,0.000444260435566927,0.0008389106369577348,0.9069942867872831,2,2,0.2222222222222222,1 7 10
1362,5907,0.050000000000000044,0.04548247531056404,0.0004421174235176295,0.0012849284103140235,0.8850821269704882,1,1,0.1111111111111111,3 10
1363,5910,0.050000000000000044,0.14341361820697784,0.00043062247762766975,0.0017113493522629142,0.8996180292577721,2,2,0.2222222222222222,3 5 10
1364,5912,0.050000000000000044,0.04510943219065666,0.0004104086838196963,0.0009057357674464583,0.8937286822552771,1,1,0.1111111111111111,3 10
1365,5914,0.050000000000000044,0.053220368921756744,0.0004605208378052339,0.0011728492099791765,0.886545326875237,1,1,0.1111111111111111,3 10
1366,5918,0.050000000000000044,0.17696836590766907,0.00045874052739236504,0.00037597696064040065,0.9456780639684158,3,3,0.3333333333333333,2 3 8 10
1367,5920,0.050000000000000044,0.04510943219065666,0.0004828604724025354,0.0009057357674464583,0.8937286822552771,1,1,0.1111111111111111,3 10
1368,5923,0.050000000000000044,0.09949229657649994,0.00038674083771184087,0.0026217291597276926,0.8786038204708649,2,2,0.2222222222222222,2 8 10
1369,5926,0.050000000000000044,0.11464868485927582,0.00037344673182815313,0.0008302467176690698,0.9131896928413444,2,2,0.2222222222222222,2 8 10
1370,5930,0.050000000000000044,0.17696836590766907,0.0004021183485747315,0.00037597696064040065,0.9456780639684158,3,3,0.3333333333333333,2 3 8 10
1371,5934,0.050000000000000044,0.4268442392349243,0.0003526097716530785,0.0008054295904003084,0.9396085455287225,3,3,0.3333333333333333,3 4 5 10
1372,5938,0.050000000000000044,0.43612128496170044,0.00042689984547905624,0.0011007825378328562,0.9164959155067394,3,3,0.3333333333333333,3 4 5 10
1373,5945,0.050000000000000044,0.5145989060401917,0.0003913629542304469,0.0004589259042404592,0.9539594593392541,6,6,0.6666666666666666,6 4 3 1 7 5 10
1374,5948,0.050000000000000044,0.09341372549533844,0.0003795799178381761,0.0018240439239889383,0.8610716218861899,2,2,0.2222222222222222,2 8 10
1375,5950,0.050000000000000044,0.0589144229888916,0.0004040264611830935,0.0007895955350250006,0.8966935165890899,1,1,0.1111111111111111,4 10
1376,5952,0.050000000000000044,0.0589144229888916,0.0003935186832677573,0.0007895955350250006,0.8966935165890899,1,1,0.1111111111111111,4 10
1377,5956,0.050000000000000044,0.11600004136562347,0.0003845227329293266,0.0022590088192373514,0.8561395123798319,3,3,0.3333333333333333,2 3 8 10
1378,5958,0.050000000000000044,0.03884042054414749,0.00042723289516288787,0.0008692104602232575,0.9043948443320787,1,1,0.1111111111111111,4 10
1379,5961,0.050000000000000044,0.09493808448314667,0.0003715048951562494,0.0012092192191630602,0.893166597812978,2,2,0.2222222222222222,2 8 10
1380,5966,0.050000000000000044,0.41129985451698303,0.0003375176806002855,0.001047596917487681,0.9211327501624716,4,4,0.4444444444444444,3 9 4 5 10
1381,5969,0.050000000000000044,0.10815343260765076,0.0004442095135649045,0.00117151637095958,0.8979088339985621,2,2,0.2222222222222222,3 5 10
1382,5973,0.050000000000000044,0.3735106587409973,0.0004070070935995318,0.0010207341983914375,0.9165832582821318,3,3,0.3333333333333333,3 5 4 10
1383,5975,0.050000000000000044,0.046487025916576385,0.0003347851161379367,0.00152482814155519,0.8309204229524672,1,1,0.1111111111111111,4 10
1384,5978,0.050000000000000044,0.11289169639348984,0.00041528638879147667,0.0008389668073505163,0.9120918852182971,2,2,0.2222222222222222,3 5 10
1385,5981,0.050000000000000044,0.09341372549533844,0.0004871738686536749,0.0018240439239889383,0.8610716218861899,2,2,0.2222222222222222,2 8 10
1386,5984,0.050000000000000044,0.12390187382698059,0.00040145805299592513,0.0014034229097887874,0.9066027235970627,2,2,0.2222222222222222,2 8 10
1387,5986,0.050000000000000044,0.0589144229888916,0.0004593223857227713,0.0007895955350250006,0.8966935165890899,1,1,0.1111111111111111,4 10
1388,5988,0.050000000000000044,0.06062532961368561,0.0004204101278446615,0.0011297360761091113,0.8922865877058644,1,1,0.1111111111111111,4 10
1389,5991,0.050000000000000044,0.172509104013443,0.0004767749536161621,0.0014624252216890454,0.8594186275191915,2,2,0.2222222222222222,7 8 10
1390,6000,0.050000000000000044,0.3040143847465515,0.0004338556965295639,0.000902039697393775,0.908895626035159,8,8,0.8888888888888888,3 6 8 4 9 1 2 5 10
1391,6002,0.050000000000000044,0.046487025916576385,0.0005049894098192453,0.00152482814155519,0.8309204229524672,1,1,0.1111111111111111,4 10
1392,6004,0.050000000000000044,0.06062532961368561,0.000727306556655094,0.0011297360761091113,0.8922865877058644,1,1,0.1111111111111111,4 10
1393,6008,0.050000000000000044,0.17137986421585083,0.0006329176248982549,0.0004831195983570069,0.9515890292690427,3,3,0.3333333333333333,2 3 8 10
1394,6012,0.050000000000000044,0.19198879599571228,0.0005030132160754874,0.0003517318400554359,0.9524080036794955,3,3,0.3333333333333333,4 3 5 10
1395,6016,0.050000000000000044,0.462897926568985,0.0005607523198705167,0.00042539057903923094,0.9627984907482524,3,3,0.3333333333333333,4 3 5 10
1396,6020,0.050000000000000044,0.4197719395160675,0.00059117229830008,0.0013346211053431034,0.9167494995249037,3,3,0.3333333333333333,3 4 5 10
1397,6022,0.050000000000000044,0.023182403296232224,0.00046263221884146333,0.0009992809500545263,0.8784014193737585,1,1,0.1111111111111111,8 10
1398,6027,0.050000000000000044,0.3959753215312958,0.0005549338005948812,0.000609029782935977,0.9367936444906219,4,4,0.4444444444444444,7 3 4 5 10
1399,6036,0.050000000000000044,0.3904101252555847,0.0004589676520683699,0.0007451956626027822,0.9318165417127179,9,9,1.0,3 8 4 9 1 6 2 7 5
1400,6038,0.050000000000000044,0.05966370552778244,0.0004349813825683668,0.0010643962305039167,0.8938761080762506,1,1,0.1111111111111111,4 10
1401,6040,0.050000000000000044,0.03824324533343315,0.0005563030717894435,0.002167296363040805,0.8795478753169709,1,1,0.1111111111111111,7 10
1402,6042,0.050000000000000044,0.03451820835471153,0.0004585869173752144,0.001201205886900425,0.8625056232180663,1,1,0.1111111111111111,4 10
1403,6046,0.050000000000000044,0.21996396780014038,0.00041593448258936405,0.0008114546653814614,0.9388695206231793,3,3,0.3333333333333333,4 3 5 10
1404,6054,0.050000000000000044,0.46387168765068054,0.0004678764125856105,0.00032860744977369905,0.9410427441813858,7,7,0.7777777777777778,6 4 3 8 1 9 5 10
1405,6056,0.050000000000000044,0.024119332432746887,0.0004913822922389954,0.0017540492117404938,0.8133872485853616,1,1,0.1111111111111111,8 10
1406,6060,0.050000000000000044,0.42808064818382263,0.0005781876679975539,0.0009422020521014929,0.9351801989371938,3,3,0.3333333333333333,4 3 5 10
1407,6063,0.050000000000000044,0.09556440263986588,0.0005204971045410881,0.0006272533209994435,0.9192769209213121,2,2,0.2222222222222222,4 3 10
1408,6066,0.050000000000000044,0.13440808653831482,0.0005134551611263305,0.0012641591019928455,0.9109420144352419,2,2,0.2222222222222222,4 3 10
1409,6068,0.050000000000000044,0.012556690722703934,0.00041910307481884956,0.0013720751740038395,0.8630426604960747,1,1,0.1111111111111111,1 10
1410,6075,0.050000000000000044,0.37938469648361206,0.00040910324813531976,0.0011461906833574176,0.8982211196978934,6,6,0.6666666666666666,7 5 9 4 8 6 10
1411,6077,0.050000000000000044,0.03451820835471153,0.0004527778801275417,0.001201205886900425,0.8625056232180663,1,1,0.1111111111111111,4 10
1412,6086,0.050000000000000044,0.35833731293678284,0.0004564855415891442,0.0010462853824719787,0.9052856655771468,8,8,0.8888888888888888,8 3 4 9 1 6 2 5 10
1413,6093,0.050000000000000044,0.43112659454345703,0.0004451419975209449,0.00067638058681041,0.9249611312654157,6,6,0.6666666666666666,6 4 3 8 9 1 10
1414,6099,0.050000000000000044,0.41272997856140137,0.0005504137855799248,0.001097400556318462,0.9013378492929706,5,5,0.5555555555555556,8 7 5 3 4 10
1415,6103,0.050000000000000044,0.462897926568985,0.00043561017810134217,0.00042539057903923094,0.9627984907482524,3,3,0.3333333333333333,3 4 5 10
1416,6105,0.050000000000000044,0.06062532961368561,0.00048258468450512737,0.0011297360761091113,0.8922865877058644,1,1,0.1111111111111111,4 10
1417,6107,0.050000000000000044,0.03451820835471153,0.0004914434975944459,0.001201205886900425,0.8625056232180663,1,1,0.1111111111111111,4 10
1418,6111,0.050000000000000044,0.4219055473804474,0.00048414410412078723,0.000634961761534214,0.934013288472552,3,3,0.3333333333333333,3 4 5 10
1419,6114,0.050000000000000044,0.10219607502222061,0.00039493758231401443,0.001137232524342835,0.895769706866333,2,2,0.2222222222222222,3 8 10
1420,6118,0.050000000000000044,0.42808064818382263,0.00044663289008894935,0.0009422020521014929,0.9351801989371938,3,3,0.3333333333333333,3 5 4 10
1421,6120,0.050000000000000044,0.06098437309265137,0.000311809970298782,0.0017735688015818596,0.8871583074395513,1,1,0.1111111111111111,4 10
1422,6123,0.050000000000000044,0.09136611223220825,0.00042242197863136727,0.0005936009110882878,0.909606045548329,2,2,0.2222222222222222,1 7 10
1423,6127,0.050000000000000044,0.18409720063209534,0.0004048126647830941,0.0008935531368479133,0.9194881443319649,3,3,0.3333333333333333,2 3 8 10
1424,6131,0.050000000000000044,0.4312083423137665,0.00036316149635240436,0.0008339787600561976,0.9313874242740919,3,3,0.3333333333333333,7 5 4 10
1425,6139,0.050000000000000044,0.32418859004974365,0.0004316192826081533,0.0009091193787753582,0.9086365709335994,7,7,0.7777777777777778,6 4 3 8 9 1 5 10
1426,6142,0.050000000000000044,0.11410621553659439,0.0004540439210056017,0.00218987581320107,0.8792645317213289,2,2,0.2222222222222222,7 5 10
1427,6146,0.050000000000000044,0.2199639528989792,0.00044107811845606193,0.0008114546653814614,0.9388695206231793,3,3,0.3333333333333333,3 5 4 10
1428,6150,0.050000000000000044,0.43453365564346313,0.0004469876948860474,0.0009676149347797036,0.9256354660752554,3,3,0.3333333333333333,4 3 5 10
1429,6152,0.050000000000000044,0.06098437309265137,0.00042465870501473546,0.0017735688015818596,0.8871583074395513,1,1,0.1111111111111111,4 10
1430,6156,0.050000000000000044,0.43612128496170044,0.0004222400311846286,0.0011007825378328562,0.9164959155067394,3,3,0.3333333333333333,3 5 4 10
1431,6165,0.050000000000000044,0.35833725333213806,0.0004114381833157192,0.0010462853824719787,0.9052856655771468,8,8,0.8888888888888888,6 2 3 8 4 1 9 5 10
1432,6169,0.050000000000000044,0.4268442392349243,0.00037898995651630685,0.0008054295904003084,0.9396085455287225,3,3,0.3333333333333333,4 3 5 10
1433,6173,0.050000000000000044,0.18409720063209534,0.000364432497008238,0.0008935531368479133,0.9194881443319649,3,3,0.3333333333333333,2 3 8 10
1434,6179,0.050000000000000044,0.46568533778190613,0.0004462413489818573,0.0006458546267822385,0.9301015392353362,5,5,0.5555555555555556,6 4 3 8 5 10
1435,6183,0.050000000000000044,0.3735106289386749,0.0003642849696916528,0.0010207341983914375,0.9165832582821318,3,3,0.3333333333333333,4 3 5 10
1436,6192,0.050000000000000044,0.44398295879364014,0.0004059352019491295,0.00032435840694233775,0.9418037795460606,8,8,0.8888888888888888,8 4 3 9 1 6 2 5 10
1437,6194,0.050000000000000044,0.03451820835471153,0.0003796423407038674,0.001201205886900425,0.8625056232180663,1,1,0.1111111111111111,4 10
1438,6196,0.050000000000000044,0.004773322492837906,0.0004310775548219681,0.0014834990724921227,0.8516427760813098,1,1,0.1111111111111111,9 10
1439,6199,0.050000000000000044,0.13005588948726654,0.0004662804227943222,0.00044658128172159195,0.927286875526134,2,2,0.2222222222222222,2 3 10
1440,6201,0.050000000000000044,0.06062532961368561,0.0004246793396305293,0.0011297360761091113,0.8922865877058644,1,1,0.1111111111111111,4 10
1441,6203,0.050000000000000044,0.06098437309265137,0.00039015694346744567,0.0017735688015818596,0.8871583074395513,1,1,0.1111111111111111,4 10
1442,6207,0.050000000000000044,0.1566517949104309,0.0004606448346748948,0.0012161259073764086,0.8873469877398964,3,3,0.3333333333333333,3 5 4 10
1443,6209,0.050000000000000044,0.04281405359506607,0.00037870340747758746,0.0013543919194489717,0.8872737571614818,1,1,0.1111111111111111,4 10
1444,6212,0.050000000000000044,0.11113286763429642,0.0003630028998789688,0.001075435895472765,0.9014329623240495,2,2,0.2222222222222222,3 5 10
1445,6215,0.050000000000000044,0.11305596679449081,0.00036313939684381086,0.0008323058136738837,0.9115637315262228,2,2,0.2222222222222222,5 7 10
1446,6217,0.050000000000000044,0.06062532961368561,0.0003098440502071753,0.0011297360761091113,0.8922865877058644,1,1,0.1111111111111111,4 10
1447,6221,0.050000000000000044,0.4197719395160675,0.00044202064600540325,0.0013346211053431034,0.9167494995249037,3,3,0.3333333333333333,3 4 5 10
1448,6225,0.050000000000000044,0.4268442392349243,0.0004204846700304188,0.0008054295904003084,0.9396085455287225,3,3,0.3333333333333333,4 3 5 10
1449,6228,0.050000000000000044,0.19435951113700867,0.0003614782084090014,0.0011888995068147779,0.8720131784004207,2,2,0.2222222222222222,7 8 10
1450,6231,0.050000000000000044,0.13440808653831482,0.000309314588472868,0.0012641591019928455,0.9109420144352419,2,2,0.2222222222222222,4 3 10
1451,6234,0.050000000000000044,0.07500181347131729,0.0003638236181965719,0.0020146332681179047,0.8460999555779481,2,2,0.2222222222222222,2 1 10
1452,6237,0.050000000000000044,0.07757385820150375,0.0003622620909785231,0.0009872668888419867,0.8871121035709393,2,2,0.2222222222222222,3 6 10
1453,6240,0.050000000000000044,0.14341361820697784,0.00043658991732324165,0.0017113493522629142,0.8996180292577721,2,2,0.2222222222222222,3 5 10
1454,6249,0.050000000000000044,0.44398289918899536,0.00040335824370332476,0.00032435840694233775,0.9418037795460606,8,8,0.8888888888888888,6 8 9 3 4 1 2 5 10
1455,6253,0.050000000000000044,0.4219055473804474,0.0005600838339887559,0.000634961761534214,0.934013288472552,3,3,0.3333333333333333,4 3 5 10
1456,6261,0.050000000000000044,0.32418859004974365,0.0005184343826840632,0.0009091193787753582,0.9086365709335994,7,7,0.7777777777777778,4 3 6 8 1 9 5 10
1457,6263,0.050000000000000044,0.05966370552778244,0.0006197763432282954,0.0010643962305039167,0.8938761080762506,1,1,0.1111111111111111,4 10
1458,6266,0.050000000000000044,0.12553609907627106,0.00036262536499028403,0.0007633796194568276,0.9186078773880119,2,2,0.2222222222222222,4 3 10
1459,6270,0.050000000000000044,0.20790411531925201,0.0005318635230651125,0.0007259475532919168,0.9303995626009602,3,3,0.3333333333333333,4 3 5 10
1460,6273,0.050000000000000044,0.13331417739391327,0.0005399250464203457,0.0012975872959941626,0.9118230704497213,2,2,0.2222222222222222,8 7 10
1461,6281,0.050000000000000044,0.4394507110118866,0.0005063567623437848,0.00122960249427706,0.9238471245475105,7,7,0.7777777777777778,4 3 8 1 9 6 5 10
1462,6289,0.050000000000000044,0.40847247838974,0.0005074569889984559,0.0008403334650211036,0.9235004273450332,7,7,0.7777777777777778,5 7 9 8 1 6 4 10
1463,6292,0.050000000000000044,0.10423704236745834,0.00039091868287262815,0.0015450150240212679,0.8592284659408785,2,2,0.2222222222222222,5 7 10
1464,6294,0.050000000000000044,0.04281405359506607,0.00027256255270913243,0.0013543919194489717,0.8872737571614818,1,1,0.1111111111111111,4 10
1465,6297,0.050000000000000044,0.11113286763429642,0.00041927923060332734,0.001075435895472765,0.9014329623240495,2,2,0.2222222222222222,3 5 10
1466,6299,0.050000000000000044,0.03884042054414749,0.0003368946345290169,0.0008692104602232575,0.9043948443320787,1,1,0.1111111111111111,4 10
1467,6304,0.050000000000000044,0.1077154129743576,0.0005239052523393184,0.0017010396113619208,0.8830497534535869,4,4,0.4444444444444444,4 3 5 6 10
1468,6308,0.050000000000000044,0.4219055473804474,0.00041356086876476184,0.000634961761534214,0.934013288472552,3,3,0.3333333333333333,4 3 5 10
1469,6311,0.050000000000000044,0.21662713587284088,0.0004876793924874316,0.001026777783408761,0.906708117348544,2,2,0.2222222222222222,4 3 10
1470,6315,0.050000000000000044,0.4219055473804474,0.00037068603705847636,0.000634961761534214,0.934013288472552,3,3,0.3333333333333333,4 3 5 10
1471,6319,0.050000000000000044,0.462897926568985,0.00039974231185624376,0.00042539057903923094,0.9627984907482524,3,3,0.3333333333333333,4 3 5 10
1472,6326,0.050000000000000044,0.4552255868911743,0.000422371896482738,0.001264162827283144,0.9209190796480451,6,6,0.6666666666666666,3 2 5 9 6 4 10
1473,6328,0.050000000000000044,0.04281405359506607,0.000509367702761665,0.0013543919194489717,0.8872737571614818,1,1,0.1111111111111111,4 10
1474,6332,0.050000000000000044,0.19198879599571228,0.0004945189430145547,0.0003517318400554359,0.9524080036794955,3,3,0.3333333333333333,4 3 5 10
1475,6336,0.050000000000000044,0.15380367636680603,0.00043035535782109946,0.0017689340747892857,0.8747772203047409,3,3,0.3333333333333333,4 3 5 10
1476,6341,0.050000000000000044,0.4740596413612366,0.00038321191095747054,0.001429943135008216,0.9129811244862825,4,4,0.4444444444444444,4 3 1 5 10
1477,6343,0.050000000000000044,0.03451820835471153,0.0004105093248654157,0.001201205886900425,0.8625056232180663,1,1,0.1111111111111111,4 10
1478,6347,0.050000000000000044,0.19546645879745483,0.0005182535896892659,0.0008336851024068892,0.9083935805152344,3,3,0.3333333333333333,4 5 3 10
1479,6351,0.050000000000000044,0.20647011697292328,0.0003419434870011173,0.0004077803750988096,0.9643421330789324,3,3,0.3333333333333333,4 5 3 10
1480,6354,0.050000000000000044,0.10047644376754761,0.00044795854288774234,0.0012954178964719176,0.8977892453141076,2,2,0.2222222222222222,4 3 10
1481,6363,0.050000000000000044,0.3040143847465515,0.00038635218030928325,0.000902039697393775,0.908895626035159,8,8,0.8888888888888888,6 4 3 1 8 9 2 5 10
1482,6367,0.050000000000000044,0.2064700871706009,0.00042899270192719996,0.0004077803750988096,0.9643421330789324,3,3,0.3333333333333333,3 5 4 10
1483,6370,0.050000000000000044,0.13333460688591003,0.000368364475434646,0.0006554607534781098,0.9395266219743225,2,2,0.2222222222222222,2 8 10
1484,6378,0.050000000000000044,0.4992430508136749,0.00038470636354759336,0.00044275051914155483,0.9570903429201185,7,7,0.7777777777777778,6 4 8 3 1 9 5 10
1485,6381,0.050000000000000044,0.04528983682394028,0.000532885518623516,0.003603613004088402,0.8457178327834917,2,2,0.2222222222222222,4 6 10
1486,6382,0.050000000000000044,0.0,0.0004355483688414097,0.00327123561874032,0.7650048866597814,0,0,0.0,10
1487,6384,0.050000000000000044,0.06062532961368561,0.0004708012565970421,0.0011297360761091113,0.8922865877058644,1,1,0.1111111111111111,4 10
1488,6387,0.050000000000000044,0.12553609907627106,0.00043206543584043783,0.0007633796194568276,0.9186078773880119,2,2,0.2222222222222222,4 3 10
1489,6391,0.050000000000000044,0.4219055473804474,0.0004250154088367708,0.000634961761534214,0.934013288472552,3,3,0.3333333333333333,3 4 5 10
1490,6398,0.050000000000000044,0.3391490876674652,0.0004263055327880595,0.0009299874654971063,0.9066301368079486,6,6,0.6666666666666666,6 5 3 4 9 8 10
1491,6400,0.050000000000000044,0.06062532961368561,0.0004914875753456727,0.0011297360761091113,0.8922865877058644,1,1,0.1111111111111111,4 10
1492,6404,0.050000000000000044,0.20647011697292328,0.00030966231861384585,0.0004077803750988096,0.9643421330789324,3,3,0.3333333333333333,4 3 5 10
1493,6407,0.050000000000000044,0.12553609907627106,0.0004047849409592648,0.0007633796194568276,0.9186078773880119,2,2,0.2222222222222222,4 3 10
1494,6409,0.050000000000000044,0.03884042054414749,0.0003250533918617293,0.0008692104602232575,0.9043948443320787,1,1,0.1111111111111111,4 10
1495,6413,0.050000000000000044,0.20647011697292328,0.000298092720186105,0.0004077803750988096,0.9643421330789324,3,3,0.3333333333333333,4 3 5 10
1496,6419,0.050000000000000044,0.4528566598892212,0.00039568231053029496,0.0008397112251259387,0.9233140418312638,5,5,0.5555555555555556,2 5 6 4 7 10
1497,6423,0.050000000000000044,0.19016839563846588,0.00048108818737091497,0.00024145617499016225,0.9591054467309386,3,3,0.3333333333333333,4 3 5 10
1498,6425,0.050000000000000044,0.046487025916576385,0.000582039006985724,0.00152482814155519,0.8309204229524672,1,1,0.1111111111111111,4 10
1499,6431,0.050000000000000044,0.4588189721107483,0.0004437942795145015,0.0008175658877007663,0.925065054656776,5,5,0.5555555555555556,2 5 3 9 4 10
1500,6433,0.050000000000000044,0.03451820835471153,0.00046217386261560023,0.001201205886900425,0.8625056232180663,1,1,0.1111111111111111,4 10
1501,6442,0.050000000000000044,0.2870095670223236,0.0003751325550385647,0.0008903128327801824,0.9111763622421288,9,9,1.0,6 4 3 8 1 9 2 5 7
1502,6445,0.050000000000000044,0.134408101439476,0.00039256192394532263,0.0012641591019928455,0.9109420144352419,2,2,0.2222222222222222,3 4 10
1503,6448,0.050000000000000044,0.08641081303358078,0.000475184836735328,0.0014137182151898742,0.8897607826343189,2,2,0.2222222222222222,5 7 10
1504,6450,0.050000000000000044,0.06062532961368561,0.0005168143106857315,0.0011297360761091113,0.8922865877058644,1,1,0.1111111111111111,4 10
1505,6454,0.050000000000000044,0.4197719097137451,0.0004237189277773723,0.0013346211053431034,0.9167494995249037,3,3,0.3333333333333333,4 3 5 10
1506,6458,0.050000000000000044,0.4197719097137451,0.0004106007399968803,0.0013346211053431034,0.9167494995249037,3,3,0.3333333333333333,4 3 5 10
1507,6465,0.050000000000000044,0.44681018590927124,0.00040955581269892197,0.0007794432458467782,0.9280271357574305,6,6,0.6666666666666666,2 6 5 3 4 9 10
1508,6468,0.050000000000000044,0.09341372549533844,0.0004071327857673168,0.0018240439239889383,0.8610716218861899,2,2,0.2222222222222222,2 8 10
1509,6472,0.050000000000000044,0.43612128496170044,0.0003548778986441903,0.0011007825378328562,0.9164959155067394,3,3,0.3333333333333333,4 3 5 10
1510,6474,0.050000000000000044,0.0589144229888916,0.00048469024477526546,0.0007895955350250006,0.8966935165890899,1,1,0.1111111111111111,4 10
1511,6478,0.050000000000000044,0.43612128496170044,0.000424938669311814,0.0011007825378328562,0.9164959155067394,3,3,0.3333333333333333,4 3 5 10
1512,6487,0.050000000000000044,0.3563920557498932,0.00040394567703414295,0.0010532259475439787,0.9044432411862894,8,8,0.8888888888888888,4 3 6 8 1 9 7 5 10
1513,6491,0.050000000000000044,0.4197719097137451,0.00042470348125789315,0.0013346211053431034,0.9167494995249037,3,3,0.3333333333333333,4 3 5 10
1514,6493,0.050000000000000044,0.03884042054414749,0.0002856299470295198,0.0008692104602232575,0.9043948443320787,1,1,0.1111111111111111,4 10
1515,6499,0.050000000000000044,0.45572787523269653,0.0003678719707143803,0.000825457158498466,0.9234417587093451,5,5,0.5555555555555556,2 5 3 6 4 10
1516,6503,0.050000000000000044,0.3735106289386749,0.0006234669417608529,0.0010207341983914375,0.9165832582821318,3,3,0.3333333333333333,4 3 5 10
1517,6509,0.050000000000000044,0.3562188148498535,0.000751941644314987,0.0009436166728846729,0.9049040027201956,5,5,0.5555555555555556,6 5 3 4 9 10
1518,6513,0.050000000000000044,-0.08091576397418976,0.0006724186532665044,0.0007072786102071404,0.9239143217502961,3,3,0.3333333333333333,4 7 9 10
1519,6517,0.050000000000000044,0.07963879406452179,0.0005215756827965379,0.0011351716239005327,0.8950697519903943,3,3,0.3333333333333333,5 7 4 10
1520,6520,0.050000000000000044,0.13333460688591003,0.0004778090806212276,0.0006554607534781098,0.9395266219743225,2,2,0.2222222222222222,2 8 10
1521,6525,0.050000000000000044,0.4039052128791809,0.00043540713959373535,0.0005602201563306153,0.9380694560697757,4,4,0.4444444444444444,4 9 3 5 10
1522,6527,0.050000000000000044,0.03884042054414749,0.000497671717312187,0.0008692104602232575,0.9043948443320787,1,1,0.1111111111111111,4 10
1523,6535,0.050000000000000044,0.43104875087738037,0.00046344563816091977,0.0007564851548522711,0.9301315982439572,7,7,0.7777777777777778,9 8 4 3 6 1 5 10
1524,6538,0.050000000000000044,0.153483584523201,0.0005108002418031296,0.00233058026060462,0.8365330472056988,2,2,0.2222222222222222,5 7 10
1525,6543,0.050000000000000044,0.45042890310287476,0.00046566649107262494,0.0003419184358790517,0.9670160694156333,4,4,0.4444444444444444,9 5 3 4 10
1526,6546,0.050000000000000044,0.16580474376678467,0.00048533369166155654,0.0014818604104220867,0.8525504401035598,2,2,0.2222222222222222,5 7 10
1527,6551,0.050000000000000044,0.4178103804588318,0.0005308814637828618,0.0006817359244450927,0.947281070912919,4,4,0.4444444444444444,4 9 3 5 10
1528,6553,0.050000000000000044,0.029178842902183533,0.00036587155773304403,0.001665644347667694,0.8132051601695887,1,1,0.1111111111111111,3 10
1529,6557,0.050000000000000044,0.127752885222435,0.00040027406794251874,0.0012926876079291105,0.893853450820789,3,3,0.3333333333333333,1 6 7 10
1530,6566,0.050000000000000044,0.47731316089630127,0.000476802684715949,0.00044167545274831355,0.9571342403412432,8,8,0.8888888888888888,8 4 3 6 1 9 2 5 10
1531,6571,0.050000000000000044,0.3592374622821808,0.0005668665748089552,0.0009344061836600304,0.9235703097689592,4,4,0.4444444444444444,4 9 3 5 10
1532,6579,0.050000000000000044,0.4404548108577728,0.0004703855884145014,0.000585604109801352,0.9349691365689358,7,7,0.7777777777777778,8 4 3 6 1 9 5 10
1533,6582,0.050000000000000044,0.14734843373298645,0.0005178989182847241,0.0006334055215120316,0.9490305221817865,2,2,0.2222222222222222,4 3 10
1534,6584,0.050000000000000044,0.03451820835471153,0.00041138430242426693,0.001201205886900425,0.8625056232180663,1,1,0.1111111111111111,4 10
1535,6588,0.050000000000000044,0.462897926568985,0.00048509827320231125,0.00042539057903923094,0.9627984907482524,3,3,0.3333333333333333,5 3 4 10
1536,6590,0.050000000000000044,0.026320703327655792,0.000382102356525138,0.0017540480475872755,0.8176725338635065,1,1,0.1111111111111111,5 10
1537,6592,0.050000000000000044,0.024714116007089615,0.0004490921855904162,0.000965597340837121,0.8763016812795691,1,1,0.1111111111111111,5 10
1538,6601,0.050000000000000044,0.3040143847465515,0.0004344431896849225,0.000902039697393775,0.908895626035159,8,8,0.8888888888888888,8 1 6 9 3 4 2 5 10
1539,6610,0.050000000000000044,0.47731319069862366,0.0004208857006031192,0.00044167545274831355,0.9571342403412432,8,8,0.8888888888888888,8 4 9 1 3 6 2 5 10
1540,6612,0.050000000000000044,0.03451820835471153,0.0004820273898076266,0.001201205886900425,0.8625056232180663,1,1,0.1111111111111111,4 10
1541,6614,0.050000000000000044,0.046487025916576385,0.0004310165095375851,0.00152482814155519,0.8309204229524672,1,1,0.1111111111111111,4 10
1542,6618,0.050000000000000044,0.40840256214141846,0.0004217216410324909,0.0014431127347052097,0.9130205695769849,3,3,0.3333333333333333,8 4 3 10
1543,6624,0.050000000000000044,0.4726371169090271,0.0005226467716662834,0.0006182265351526439,0.9304230107209345,5,5,0.5555555555555556,8 4 5 7 3 10
1544,6626,0.050000000000000044,0.06098437309265137,0.00046959894825704396,0.0017735688015818596,0.8871583074395513,1,1,0.1111111111111111,4 10
1545,6630,0.050000000000000044,0.05448952317237854,0.0004119623772567138,0.0010160226374864578,0.9086910458226266,3,3,0.3333333333333333,4 3 7 10
1546,6632,0.050000000000000044,0.046487025916576385,0.00036434666253626347,0.00152482814155519,0.8309204229524672,1,1,0.1111111111111111,4 10
1547,6641,0.050000000000000044,0.41734156012535095,0.0004470201513160848,0.0012294133193790913,0.923952450774229,8,8,0.8888888888888888,4 9 3 6 8 1 2 5 10
1548,6645,0.050000000000000044,0.4363706707954407,0.00046061582543188706,0.001036990201100707,0.8979081857891911,3,3,0.3333333333333333,8 4 3 10
1549,6649,0.050000000000000044,0.17137986421585083,0.00045410526217892766,0.0004831195983570069,0.9515890292690427,3,3,0.3333333333333333,2 3 8 10
1550,6656,0.050000000000000044,0.4066958725452423,0.0004029516421724111,0.0009034173563122749,0.9095986432148926,6,6,0.6666666666666666,8 6 9 3 4 5 10
1551,6662,0.050000000000000044,0.36206525564193726,0.0004849895534183209,0.0012655123136937618,0.9207154477306384,5,5,0.5555555555555556,3 8 5 1 4 10
1552,6667,0.050000000000000044,0.4039052128791809,0.00039680027985014024,0.0005602201563306153,0.9380694560697757,4,4,0.4444444444444444,4 9 3 5 10
1553,6669,0.050000000000000044,0.05966370552778244,0.00035838744952343404,0.0010643962305039167,0.8938761080762506,1,1,0.1111111111111111,4 10
1554,6671,0.050000000000000044,0.0589144229888916,0.00030326041451189667,0.0007895955350250006,0.8966935165890899,1,1,0.1111111111111111,4 10
1555,6675,0.050000000000000044,0.43453365564346313,0.0005223069019848481,0.0009676149347797036,0.9256354660752554,3,3,0.3333333333333333,5 3 4 10
1556,6678,0.050000000000000044,0.11431776732206345,0.0004440884319289277,0.0005292989080771804,0.9235449083388632,2,2,0.2222222222222222,8 7 10
1557,6680,0.050000000000000044,0.046487025916576385,0.0003542456397553906,0.00152482814155519,0.8309204229524672,1,1,0.1111111111111111,4 10
1558,6686,0.050000000000000044,0.393407940864563,0.00044751678554651636,0.0006468939245678484,0.9508999620656196,5,5,0.5555555555555556,3 6 4 9 5 10
1559,6688,0.050000000000000044,0.05966370552778244,0.00037730514304712415,0.0010643962305039167,0.8938761080762506,1,1,0.1111111111111111,4 10
1560,6691,0.050000000000000044,0.010284073650836945,0.0003566847978315006,0.0008944729343056679,0.9065311827279371,2,2,0.2222222222222222,4 9 10
1561,6694,0.050000000000000044,0.10815343260765076,0.0003873035020660609,0.00117151637095958,0.8979088339985621,2,2,0.2222222222222222,3 5 10
1562,6699,0.050000000000000044,0.4303478002548218,0.0002786722674500197,0.0007181070977821946,0.947020506603681,4,4,0.4444444444444444,4 9 3 5 10
1563,6704,0.050000000000000044,0.3592374622821808,0.00033965714392252265,0.0009344061836600304,0.9235703097689592,4,4,0.4444444444444444,4 9 3 5 10
1564,6709,0.050000000000000044,0.4039052128791809,0.000291132609709166,0.0005602201563306153,0.9380694560697757,4,4,0.4444444444444444,4 9 3 5 10
1565,6710,0.050000000000000044,0.0,0.000267408526269719,0.0034648894798010588,0.7995885665950395,0,0,0.0,10
1566,6717,0.050000000000000044,0.4484623074531555,0.00038162796408869326,0.000771546212490648,0.9281614112903616,6,6,0.6666666666666666,9 8 4 5 1 3 10
1567,6722,0.050000000000000044,0.4058271050453186,0.00036440997500903906,0.0009582421625964344,0.9289785528225507,4,4,0.4444444444444444,8 4 9 3 10
1568,6724,0.050000000000000044,0.022266119718551636,0.00036606588400900364,0.0012151640839874744,0.8455058391539294,1,1,0.1111111111111111,3 10
1569,6727,0.050000000000000044,0.09341372549533844,0.0003615235909819603,0.0018240439239889383,0.8610716218861899,2,2,0.2222222222222222,2 8 10
1570,6729,0.050000000000000044,0.03884042054414749,0.00042583058529999107,0.0008692104602232575,0.9043948443320787,1,1,0.1111111111111111,4 10
1571,6738,0.050000000000000044,0.44398295879364014,0.000388102711036077,0.00032435840694233775,0.9418037795460606,8,8,0.8888888888888888,8 4 9 1 3 6 2 5 10
1572,6742,0.050000000000000044,0.1566517949104309,0.00033835856447694823,0.0012161259073764086,0.8873469877398964,3,3,0.3333333333333333,4 5 3 10
1573,6745,0.050000000000000044,0.11431776732206345,0.00042635919332193833,0.0005292989080771804,0.9235449083388632,2,2,0.2222222222222222,8 7 10
1574,6750,0.050000000000000044,0.39139267802238464,0.00039017442031763494,0.0013058464974164963,0.9195336463280337,4,4,0.4444444444444444,2 5 4 3 10
1575,6752,0.050000000000000044,0.06062532961368561,0.0005646147183142602,0.0011297360761091113,0.8922865877058644,1,1,0.1111111111111111,4 10
1576,6754,0.050000000000000044,0.03451820835471153,0.0007815290591679513,0.001201205886900425,0.8625056232180663,1,1,0.1111111111111111,4 10
1577,6758,0.050000000000000044,0.15409798920154572,0.0008301947236759588,0.00028782730805687606,0.9470429438898311,3,3,0.3333333333333333,2 3 5 10
1578,6764,0.050000000000000044,0.393407940864563,0.0008004441333469003,0.0006468939245678484,0.9508999620656196,5,5,0.5555555555555556,3 6 4 9 5 10
1579,6768,0.050000000000000044,0.12448190152645111,0.0006066742935217917,0.0013849553652107716,0.8617283078918275,3,3,0.3333333333333333,2 3 5 10
1580,6773,0.050000000000000044,0.45042890310287476,0.0005549825495108962,0.0003419184358790517,0.9670160694156333,4,4,0.4444444444444444,4 9 3 5 10
1581,6780,0.050000000000000044,0.47153574228286743,0.0006348782751177039,0.00035872188163921237,0.9374128835592486,6,6,0.6666666666666666,6 5 8 3 1 4 10
1582,6784,0.050000000000000044,0.15380369126796722,0.0005474013451021165,0.0017689340747892857,0.8747772203047409,3,3,0.3333333333333333,3 5 4 10
1583,6789,0.050000000000000044,0.4058271050453186,0.0005057697475422174,0.0009582421625964344,0.9289785528225507,4,4,0.4444444444444444,8 9 4 3 10
1584,6792,0.050000000000000044,0.09088440984487534,0.0005185024250143518,0.0016881362535059452,0.8821958520634634,2,2,0.2222222222222222,6 7 10
1585,6799,0.050000000000000044,0.4552939236164093,0.0005311993715752449,0.0006101247854530811,0.9334369043816284,6,6,0.6666666666666666,2 5 4 7 3 6 10
1586,6802,0.050000000000000044,0.11464868485927582,0.000568329356610775,0.0008302467176690698,0.9131896928413444,2,2,0.2222222222222222,2 8 10
1587,6809,0.050000000000000044,0.44613125920295715,0.0005340929617107447,0.0006365708541125059,0.9305509651848309,6,6,0.6666666666666666,6 8 5 3 1 4 10
1588,6817,0.050000000000000044,0.4394506812095642,0.00047504607209702954,0.00122960249427706,0.9238471245475105,7,7,0.7777777777777778,8 5 3 1 6 4 9 10
1589,6819,0.050000000000000044,0.046487025916576385,0.0005755402817158028,0.00152482814155519,0.8309204229524672,1,1,0.1111111111111111,4 10
1590,6821,0.050000000000000044,0.024714116007089615,0.00047856461605988443,0.000965597340837121,0.8763016812795691,1,1,0.1111111111111111,5 10
1591,6826,0.050000000000000044,0.39360955357551575,0.0004702840407844633,0.000609403126873076,0.9352645872783151,4,4,0.4444444444444444,4 3 5 1 10
1592,6829,0.050000000000000044,0.09341372549533844,0.0007810072662929693,0.0018240439239889383,0.8610716218861899,2,2,0.2222222222222222,2 8 10
1593,6833,0.050000000000000044,0.462897926568985,0.0006320901375147514,0.00042539057903923094,0.9627984907482524,3,3,0.3333333333333333,4 3 5 10
1594,6842,0.050000000000000044,0.47731319069862366,0.0004910106654278934,0.00044167545274831355,0.9571342403412432,8,8,0.8888888888888888,8 4 9 3 1 6 2 5 10
1595,6846,0.050000000000000044,0.462897926568985,0.0004409123066579923,0.00042539057903923094,0.9627984907482524,3,3,0.3333333333333333,5 3 4 10
1596,6848,0.050000000000000044,0.04281405359506607,0.00043719714449252933,0.0013543919194489717,0.8872737571614818,1,1,0.1111111111111111,4 10
1597,6850,0.050000000000000044,0.03884042054414749,0.0004170086176600307,0.0008692104602232575,0.9043948443320787,1,1,0.1111111111111111,4 10
1598,6852,0.050000000000000044,0.03451820835471153,0.0005383314855862409,0.001201205886900425,0.8625056232180663,1,1,0.1111111111111111,4 10
1599,6854,0.050000000000000044,0.06062532961368561,0.0005554521339945495,0.0011297360761091113,0.8922865877058644,1,1,0.1111111111111111,4 10
1600,6856,0.050000000000000044,0.0426967479288578,0.00036425466532818973,0.0013308250345289707,0.8852821593433087,1,1,0.1111111111111111,1 10
1601,6860,0.050000000000000044,0.21996396780014038,0.0005436209175968543,0.0008114546653814614,0.9388695206231793,3,3,0.3333333333333333,4 3 5 10
1602,6866,0.050000000000000044,0.42187371850013733,0.00036114674488392967,0.0009275510674342513,0.9070682549554584,5,5,0.5555555555555556,6 4 8 3 5 10
1603,6869,0.050000000000000044,0.11410621553659439,0.00041752859639624756,0.00218987581320107,0.8792645317213289,2,2,0.2222222222222222,7 5 10
1604,6873,0.050000000000000044,0.15665176510810852,0.00038800154288765043,0.0012161259073764086,0.8873469877398964,3,3,0.3333333333333333,4 3 5 10
1605,6875,0.050000000000000044,0.03884042054414749,0.00039151159580796957,0.0008692104602232575,0.9043948443320787,1,1,0.1111111111111111,4 10
1606,6879,0.050000000000000044,0.17236162722110748,0.00043718771485146135,0.0004908020491711795,0.9527013449709282,3,3,0.3333333333333333,2 3 5 10
1607,6884,0.050000000000000044,0.40402528643608093,0.0004347546782810241,0.0005569405620917678,0.9378831401183829,4,4,0.4444444444444444,6 5 3 4 10
1608,6886,0.050000000000000044,0.06098437309265137,0.0008331829740200192,0.0017735688015818596,0.8871583074395513,1,1,0.1111111111111111,4 10
1609,6890,0.050000000000000044,0.17236162722110748,0.00038392178976209834,0.0004908020491711795,0.9527013449709282,3,3,0.3333333333333333,2 3 5 10
1610,6894,0.050000000000000044,0.20790411531925201,0.0004428126194397919,0.0007259475532919168,0.9303995626009602,3,3,0.3333333333333333,3 5 4 10
1611,6902,0.050000000000000044,0.31481847167015076,0.0004176798011030769,0.001132484059780836,0.9303613031807928,7,7,0.7777777777777778,8 5 2 7 3 4 9 10
1612,6911,0.050000000000000044,0.44398289918899536,0.0004267902824924224,0.00032435840694233775,0.9418037795460606,8,8,0.8888888888888888,6 8 9 3 4 1 2 5 10
1613,6918,0.050000000000000044,0.4598156213760376,0.00039824047624798756,0.0012370613403618336,0.9226800526683878,6,6,0.6666666666666666,8 5 3 7 4 9 10
1614,6920,0.050000000000000044,0.0589144229888916,0.00038209093327168375,0.0007895955350250006,0.8966935165890899,1,1,0.1111111111111111,4 10
1615,6928,0.050000000000000044,0.4992430508136749,0.0004416062911332119,0.00044275051914155483,0.9570903429201185,7,7,0.7777777777777778,8 4 3 6 1 9 5 10
1616,6930,0.050000000000000044,0.03451820835471153,0.00045191147364676,0.001201205886900425,0.8625056232180663,1,1,0.1111111111111111,4 10
1617,6938,0.050000000000000044,0.37858548760414124,0.00042452849811525084,0.0010532522574067116,0.9044165295702665,7,7,0.7777777777777778,8 4 3 6 1 9 5 10
1618,6942,0.050000000000000044,0.15409798920154572,0.0004323928733356297,0.00028782730805687606,0.9470429438898311,3,3,0.3333333333333333,2 3 5 10
1619,6946,0.050000000000000044,0.12678754329681396,0.00046200340875657275,0.0020364089868962765,0.856017530469421,3,3,0.3333333333333333,7 3 5 10
1620,6952,0.050000000000000044,0.5266321897506714,0.0003464019246166572,0.0004925751127302647,0.9515456263148685,5,5,0.5555555555555556,8 5 7 3 4 10
1621,6954,0.050000000000000044,0.0589144229888916,0.00031335266248788685,0.0007895955350250006,0.8966935165890899,1,1,0.1111111111111111,4 10
1622,6956,0.050000000000000044,0.04281405359506607,0.00035492317692842335,0.0013543919194489717,0.8872737571614818,1,1,0.1111111111111111,4 10
1623,6959,0.050000000000000044,0.09341372549533844,0.00043904805594744783,0.0018240439239889383,0.8610716218861899,2,2,0.2222222222222222,2 8 10
1624,6962,0.050000000000000044,0.11921658366918564,0.0004073284605207543,0.0021879877895116806,0.8868179797005533,2,2,0.2222222222222222,3 4 10
1625,6966,0.050000000000000044,0.20790411531925201,0.00044665868335869163,0.0007259475532919168,0.9303995626009602,3,3,0.3333333333333333,3 4 5 10
1626,6968,0.050000000000000044,0.03451820835471153,0.00038336905709002167,0.001201205886900425,0.8625056232180663,1,1,0.1111111111111111,4 10
1627,6970,0.050000000000000044,0.06062532961368561,0.00046234911133069545,0.0011297360761091113,0.8922865877058644,1,1,0.1111111111111111,4 10
1628,6976,0.050000000000000044,0.4118196368217468,0.0004236597887938842,0.0009680592338554561,0.9048725646011327,5,5,0.5555555555555556,8 6 9 3 4 10
1629,6981,0.050000000000000044,0.4020584523677826,0.00045946940081194044,0.001105802715755999,0.9161331591580626,4,4,0.4444444444444444,8 4 3 9 10
1630,6985,0.050000000000000044,0.17696836590766907,0.00045131536899134517,0.00037597696064040065,0.9456780639684158,3,3,0.3333333333333333,2 3 8 10
1631,6988,0.050000000000000044,0.09341372549533844,0.0005382302527626356,0.0018240439239889383,0.8610716218861899,2,2,0.2222222222222222,2 8 10
1632,6993,0.050000000000000044,0.4020584523677826,0.0003289526095613837,0.001105802715755999,0.9161331591580626,4,4,0.4444444444444444,8 4 9 3 10
1633,6997,0.050000000000000044,0.21996396780014038,0.00035573446075432,0.0008114546653814614,0.9388695206231793,3,3,0.3333333333333333,4 3 5 10
1634,7004,0.050000000000000044,0.4598155617713928,0.0006051428624362286,0.0012370613403618336,0.9226800526683878,6,6,0.6666666666666666,5 7 9 4 8 3 10
1635,7007,0.050000000000000044,0.13333460688591003,0.0006390632091400524,0.0006554607534781098,0.9395266219743225,2,2,0.2222222222222222,2 8 10
1636,7010,0.050000000000000044,0.11921658366918564,0.0007585029040152828,0.0021879877895116806,0.8868179797005533,2,2,0.2222222222222222,3 4 10
1637,7014,0.050000000000000044,0.05937010049819946,0.0006443730235332623,0.0020593872759491205,0.8907079133476429,3,3,0.3333333333333333,3 4 7 10
1638,7018,0.050000000000000044,0.4219055473804474,0.0007145104464143515,0.000634961761534214,0.934013288472552,3,3,0.3333333333333333,4 3 5 10
1639,7025,0.050000000000000044,0.4807387590408325,0.0005989734075098697,0.0003377191023901105,0.9390977118585112,6,6,0.6666666666666666,8 5 7 3 4 9 10
1640,7034,0.050000000000000044,0.33762693405151367,0.0005260623131309532,0.0010417363373562694,0.9060982882657601,9,9,1.0,8 1 6 9 3 4 7 2 5
1641,7038,0.050000000000000044,0.1566517949104309,0.000496507047500927,0.0012161259073764086,0.8873469877398964,3,3,0.3333333333333333,5 3 4 10
1642,7047,0.050000000000000044,0.3040143847465515,0.0005041168705146345,0.000902039697393775,0.908895626035159,8,8,0.8888888888888888,8 1 6 9 3 4 2 5 10
1643,7056,0.050000000000000044,0.4195944368839264,0.0004577309850396381,0.0005814561736769974,0.9353443691230132,8,8,0.8888888888888888,8 3 1 4 6 9 2 5 10
1644,7058,0.050000000000000044,0.04717379808425903,0.00045053043868392706,0.0008143529994413257,0.9070444910230024,1,1,0.1111111111111111,3 10
1645,7061,0.050000000000000044,0.015502512454986572,0.00038407193884874385,0.0009003343293443322,0.9139498096583998,2,2,0.2222222222222222,4 8 10
1646,7064,0.050000000000000044,0.04071243852376938,0.00039004099865754444,0.00194821588229388,0.8744629141669743,2,2,0.2222222222222222,4 7 10
1647,7072,0.050000000000000044,0.43896809220314026,0.0004213602042000275,0.0012298526708036661,0.9233251346206551,7,7,0.7777777777777778,7 5 8 4 6 3 9 10
1648,7076,0.050000000000000044,0.462897926568985,0.0004417257150635123,0.00042539057903923094,0.9627984907482524,3,3,0.3333333333333333,5 3 4 10
1649,7078,0.050000000000000044,0.046487025916576385,0.00038870070420671254,0.00152482814155519,0.8309204229524672,1,1,0.1111111111111111,4 10
1650,7081,0.050000000000000044,0.106321781873703,0.0003920383654379596,0.0010925107635557652,0.8969012815217342,2,2,0.2222222222222222,8 7 10
1651,7085,0.050000000000000044,0.3735106587409973,0.0004052560543641448,0.0010207341983914375,0.9165832582821318,3,3,0.3333333333333333,3 5 4 10
1652,7093,0.050000000000000044,0.32418856024742126,0.00039483719956479035,0.0009091193787753582,0.9086365709335994,7,7,0.7777777777777778,8 1 6 9 3 4 5 10
1653,7096,0.050000000000000044,0.20239529013633728,0.0003555627869597326,0.0011052954941987991,0.8738184083479055,2,2,0.2222222222222222,5 7 10
1654,7099,0.050000000000000044,0.09341372549533844,0.0003940140886697918,0.0018240439239889383,0.8610716218861899,2,2,0.2222222222222222,2 8 10
1655,7102,0.050000000000000044,0.09138238430023193,0.0003005334486564,0.0014601555885747075,0.8989381792553115,2,2,0.2222222222222222,1 7 10
1656,7105,0.050000000000000044,0.10423704236745834,0.000382979759403194,0.0015450150240212679,0.8592284659408785,2,2,0.2222222222222222,5 7 10
1657,7109,0.050000000000000044,0.462897926568985,0.00038627103276667185,0.00042539057903923094,0.9627984907482524,3,3,0.3333333333333333,5 3 4 10
1658,7115,0.050000000000000044,0.42187371850013733,0.0004394490388222039,0.0009275510674342513,0.9070682549554584,5,5,0.5555555555555556,8 6 5 3 4 10
1659,7124,0.050000000000000044,0.303176611661911,0.0003757265318805973,0.0009087403886951506,0.9097671382722758,8,8,0.8888888888888888,8 6 9 7 4 3 2 5 10
1660,7128,0.050000000000000044,0.20790411531925201,0.000355872449290473,0.0007259475532919168,0.9303995626009602,3,3,0.3333333333333333,5 4 3 10
1661,7131,0.050000000000000044,0.11152295023202896,0.00045480247354134917,0.00218972098082304,0.8753918363722695,2,2,0.2222222222222222,5 4 10
1662,7134,0.050000000000000044,0.14341361820697784,0.00032702661701478064,0.0017113493522629142,0.8996180292577721,2,2,0.2222222222222222,5 3 10
1663,7138,0.050000000000000044,0.20647011697292328,0.000390666100429371,0.0004077803750988096,0.9643421330789324,3,3,0.3333333333333333,5 3 4 10
1664,7141,0.050000000000000044,0.10565033555030823,0.0004710700110687564,0.000862680550199002,0.9062479717322536,2,2,0.2222222222222222,8 3 10
1665,7144,0.050000000000000044,0.16809000074863434,0.00038257237368573743,0.0004072503070347011,0.9411693652571311,2,2,0.2222222222222222,1 7 10
1666,7148,0.050000000000000044,0.07500305771827698,0.0003757937884074636,0.0012334994971752167,0.9185603137142452,3,3,0.3333333333333333,8 6 7 10
1667,7157,0.050000000000000044,0.3563920259475708,0.00037818399141542614,0.0010532259475439787,0.9044432411862894,8,8,0.8888888888888888,8 1 6 9 3 4 7 5 10
1668,7159,0.050000000000000044,0.03799684718251228,0.000386865867767483,0.002125915139913559,0.8768251535441731,1,1,0.1111111111111111,3 10
1669,7161,0.050000000000000044,0.04717379808425903,0.00033871247433125973,0.0008143529994413257,0.9070444910230024,1,1,0.1111111111111111,3 10
1670,7164,0.050000000000000044,0.10565033555030823,0.0003470586671028286,0.000862680550199002,0.9062479717322536,2,2,0.2222222222222222,8 3 10
1671,7166,0.050000000000000044,0.053220368921756744,0.00042112790106330067,0.0011728492099791765,0.886545326875237,1,1,0.1111111111111111,3 10
1672,7168,0.050000000000000044,0.046487025916576385,0.0003792893548961729,0.00152482814155519,0.8309204229524672,1,1,0.1111111111111111,4 10
1673,7172,0.050000000000000044,0.17304591834545135,0.0003778909012908116,0.000960151432082057,0.892576410781756,3,3,0.3333333333333333,5 9 3 10
1674,7176,0.050000000000000044,0.15380369126796722,0.0003892960667144507,0.0017689340747892857,0.8747772203047409,3,3,0.3333333333333333,5 3 4 10
1675,7180,0.050000000000000044,0.19546647369861603,0.000430343730840832,0.0008336851024068892,0.9083935805152344,3,3,0.3333333333333333,4 3 5 10
1676,7188,0.050000000000000044,0.3761976361274719,0.0003773631906369701,0.001065246295183897,0.904031331576717,7,7,0.7777777777777778,8 2 5 7 9 4 3 10
1677,7190,0.050000000000000044,0.029178842902183533,0.00035621898132376373,0.001665644347667694,0.8132051601695887,1,1,0.1111111111111111,3 10
1678,7199,0.050000000000000044,0.40919575095176697,0.00039785979768364795,0.0007569226436316967,0.9306005718768989,8,8,0.8888888888888888,5 7 8 9 4 6 2 3 10
1679,7201,0.050000000000000044,0.046487025916576385,0.00038290114025585353,0.00152482814155519,0.8309204229524672,1,1,0.1111111111111111,4 10
1680,7206,0.050000000000000044,0.4047767221927643,0.00034258548403158783,0.0010784901678562164,0.9168382316969521,4,4,0.4444444444444444,1 3 4 5 10
1681,7207,0.050000000000000044,0.0,0.0003165777598042041,0.003157365135848522,0.6812835540576793,0,0,0.0,10
1682,7215,0.050000000000000044,0.37568727135658264,0.0003658977002487518,0.0010668020695447922,0.9037607727787157,7,7,0.7777777777777778,8 6 9 3 4 7 5 10
1683,7224,0.050000000000000044,0.3725229501724243,0.0003577740474914511,0.0008689177921041846,0.9134493609990008,8,8,0.8888888888888888,8 6 3 4 1 9 7 5 10
1684,7233,0.050000000000000044,0.41840940713882446,0.00032586261254942254,0.0012215882306918502,0.924165210528266,8,8,0.8888888888888888,5 7 8 9 4 6 2 3 10
1685,7242,0.050000000000000044,0.4184093773365021,0.0003109811594994325,0.0012215882306918502,0.924165210528266,8,8,0.8888888888888888,5 7 9 4 8 6 2 3 10
1686,7246,0.050000000000000044,0.20790410041809082,0.00032785269650048576,0.0007259475532919168,0.9303995626009602,3,3,0.3333333333333333,4 5 3 10
1687,7253,0.050000000000000044,0.3325122892856598,0.0004767728865512514,0.0009469549404457211,0.9042557178510355,6,6,0.6666666666666666,8 6 5 1 4 3 10
1688,7258,0.050000000000000044,0.3918042480945587,0.000672655284870416,0.0012975665740668774,0.9193958482249915,4,4,0.4444444444444444,1 5 4 3 10
1689,7265,0.050000000000000044,0.2981567978858948,0.0006326829648709723,0.0009123519994318485,0.9258671220077488,6,6,0.6666666666666666,6 5 9 7 4 3 10
1690,7270,0.050000000000000044,0.4183122515678406,0.0006228322454262525,0.0009870502399280667,0.9236960482476866,4,4,0.4444444444444444,6 5 3 4 10
1691,7272,0.050000000000000044,0.053220368921756744,0.0005891109758522362,0.0011728492099791765,0.886545326875237,1,1,0.1111111111111111,3 10
1692,7275,0.050000000000000044,0.11152295023202896,0.0006801209140879413,0.00218972098082304,0.8753918363722695,2,2,0.2222222222222222,5 4 10
1693,7277,0.050000000000000044,0.0589144229888916,0.0007694596715737134,0.0007895955350250006,0.8966935165890899,1,1,0.1111111111111111,4 10
1694,7279,0.050000000000000044,0.06062532961368561,0.0006465054757427424,0.0011297360761091113,0.8922865877058644,1,1,0.1111111111111111,4 10
1695,7284,0.050000000000000044,0.44399383664131165,0.000511898280819878,0.0003841592697426677,0.9669864250083458,4,4,0.4444444444444444,6 3 4 5 10
1696,7286,0.050000000000000044,0.06062532961368561,0.0005602250748779625,0.0011297360761091113,0.8922865877058644,1,1,0.1111111111111111,4 10
1697,7292,0.050000000000000044,0.41273000836372375,0.0005174847174203023,0.001097400556318462,0.9013378492929706,5,5,0.5555555555555556,8 5 7 4 3 10
1698,7297,0.050000000000000044,0.41459521651268005,0.0006406563217751682,0.0008974188240244985,0.9322367595435607,4,4,0.4444444444444444,3 9 5 4 10
1699,7303,0.050000000000000044,0.4773765802383423,0.00042151857148079824,0.0012642490910366178,0.9208484604405449,5,5,0.5555555555555556,9 5 3 6 4 10
1700,7306,0.050000000000000044,0.13440808653831482,0.0004618250726101299,0.0012641591019928455,0.9109420144352419,2,2,0.2222222222222222,4 3 10
1701,7310,0.050000000000000044,0.17236162722110748,0.000516335574502591,0.0004908020491711795,0.9527013449709282,3,3,0.3333333333333333,2 3 5 10
1702,7312,0.050000000000000044,0.06062532961368561,0.00044543670082930475,0.0011297360761091113,0.8922865877058644,1,1,0.1111111111111111,4 10
1703,7315,0.050000000000000044,0.13333460688591003,0.0003924036573152989,0.0006554607534781098,0.9395266219743225,2,2,0.2222222222222222,2 8 10
1704,7322,0.050000000000000044,0.457507461309433,0.00045888007402286997,0.0006022971938364208,0.9337786749164784,6,6,0.6666666666666666,9 3 2 6 4 5 10
1705,7324,0.050000000000000044,0.06098437309265137,0.00030669184343423694,0.0017735688015818596,0.8871583074395513,1,1,0.1111111111111111,4 10
1706,7328,0.050000000000000044,0.462897926568985,0.0004421249541337602,0.00042539057903923094,0.9627984907482524,3,3,0.3333333333333333,3 5 4 10
1707,7330,0.050000000000000044,0.0589144229888916,0.00039610255043953657,0.0007895955350250006,0.8966935165890899,1,1,0.1111111111111111,4 10
1708,7333,0.050000000000000044,0.13333460688591003,0.00039130007886948687,0.0006554607534781098,0.9395266219743225,2,2,0.2222222222222222,2 8 10
1709,7337,0.050000000000000044,0.43612128496170044,0.0004054253877256997,0.0011007825378328562,0.9164959155067394,3,3,0.3333333333333333,3 5 4 10
1710,7341,0.050000000000000044,0.4197719097137451,0.00043449293298181146,0.0013346211053431034,0.9167494995249037,3,3,0.3333333333333333,3 5 4 10
1711,7345,0.050000000000000044,0.43612128496170044,0.0004075239266967401,0.0011007825378328562,0.9164959155067394,3,3,0.3333333333333333,3 5 4 10
1712,7354,0.050000000000000044,0.40919575095176697,0.0004163098249894877,0.0007569226436316967,0.9306005718768989,8,8,0.8888888888888888,5 7 8 9 6 4 2 3 10
1713,7356,0.050000000000000044,0.03451820835471153,0.00044498289935290813,0.001201205886900425,0.8625056232180663,1,1,0.1111111111111111,4 10
1714,7360,0.050000000000000044,0.43453365564346313,0.0003491105744615197,0.0009676149347797036,0.9256354660752554,3,3,0.3333333333333333,4 3 5 10
1715,7362,0.050000000000000044,0.06098437309265137,0.0004739341384265572,0.0017735688015818596,0.8871583074395513,1,1,0.1111111111111111,4 10
1716,7369,0.050000000000000044,0.4080122411251068,0.00041737829867218224,0.0008993636583909392,0.9101779754146243,6,6,0.6666666666666666,8 5 7 9 4 3 10
1717,7372,0.050000000000000044,0.10815343260765076,0.0005478798799837629,0.00117151637095958,0.8979088339985621,2,2,0.2222222222222222,5 3 10
1718,7376,0.050000000000000044,0.1357058584690094,0.00043178039049962536,0.0004800893075298518,0.9319669284484616,3,3,0.3333333333333333,2 6 5 10
1719,7378,0.050000000000000044,0.03799684718251228,0.00030211808916646987,0.002125915139913559,0.8768251535441731,1,1,0.1111111111111111,3 10
1720,7385,0.050000000000000044,0.39629676938056946,0.00042904584136392387,0.0010721847647801042,0.9029929871791609,6,6,0.6666666666666666,8 7 5 9 4 3 10
1721,7387,0.050000000000000044,0.06062532961368561,0.00035401714558247477,0.0011297360761091113,0.8922865877058644,1,1,0.1111111111111111,4 10
1722,7392,0.050000000000000044,0.3482218384742737,0.00044277298147790136,0.000990218366496265,0.919986479170399,4,4,0.4444444444444444,6 5 3 4 10
1723,7397,0.050000000000000044,0.47305917739868164,0.00032475171610713005,0.00084448151756078,0.9221764903573162,4,4,0.4444444444444444,5 7 4 3 10
1724,7402,0.050000000000000044,0.45042890310287476,0.00045515194651670756,0.0003419184358790517,0.9670160694156333,4,4,0.4444444444444444,9 5 3 4 10
1725,7406,0.050000000000000044,0.4219055473804474,0.00038172995118657127,0.000634961761534214,0.934013288472552,3,3,0.3333333333333333,4 3 5 10
1726,7410,0.050000000000000044,0.4219055473804474,0.0004230464401189238,0.000634961761534214,0.934013288472552,3,3,0.3333333333333333,4 3 5 10
1727,7414,0.050000000000000044,0.4219055473804474,0.00040808151970850304,0.000634961761534214,0.934013288472552,3,3,0.3333333333333333,4 3 5 10
1728,7422,0.050000000000000044,0.30710527300834656,0.0003925928904209286,0.0009594768052920699,0.9042415157332574,7,7,0.7777777777777778,2 8 4 6 1 7 5 10
1729,7426,0.050000000000000044,0.15591171383857727,0.0003718687075888738,0.0010758726857602596,0.8824139355762677,3,3,0.3333333333333333,2 3 8 10
1730,7429,0.050000000000000044,0.16580474376678467,0.00047329421310375136,0.0014818604104220867,0.8525504401035598,2,2,0.2222222222222222,5 7 10
1731,7432,0.050000000000000044,0.153483584523201,0.00038104749789151054,0.00233058026060462,0.8365330472056988,2,2,0.2222222222222222,5 7 10
1732,7435,0.050000000000000044,0.11113286763429642,0.00036483137713124353,0.001075435895472765,0.9014329623240495,2,2,0.2222222222222222,5 3 10
1733,7441,0.050000000000000044,0.47510889172554016,0.0003358136600581929,0.0012751779286190867,0.9196597326560196,5,5,0.5555555555555556,5 7 6 4 3 10
1734,7446,0.050000000000000044,0.4039052426815033,0.00040213546599261464,0.0005602201563306153,0.9380694560697757,4,4,0.4444444444444444,9 5 3 4 10
1735,7450,0.050000000000000044,0.05434808135032654,0.00031876759021542966,0.0007548589492216706,0.9124419245864491,3,3,0.3333333333333333,2 3 1 10
1736,7452,0.050000000000000044,0.04510943219065666,0.00038815457082819194,0.0009057357674464583,0.8937286822552771,1,1,0.1111111111111111,3 10
1737,7458,0.050000000000000044,0.40088021755218506,0.0003638120542746037,0.0010075726313516498,0.9014183609047628,5,5,0.5555555555555556,8 5 7 4 6 10
1738,7460,0.050000000000000044,0.06062532961368561,0.0004575718194246292,0.0011297360761091113,0.8922865877058644,1,1,0.1111111111111111,4 10
1739,7463,0.050000000000000044,0.11289171129465103,0.0003642399678938091,0.0008389668073505163,0.9120918852182971,2,2,0.2222222222222222,5 3 10
1740,7468,0.050000000000000044,0.4303477704524994,0.00042738922929856925,0.0007181070977821946,0.947020506603681,4,4,0.4444444444444444,9 5 3 4 10
1741,7471,0.050000000000000044,0.04244185984134674,0.000402666162699461,0.00051023781998083,0.9374659651454081,2,2,0.2222222222222222,3 4 10
1742,7479,0.050000000000000044,0.3595225512981415,0.00036325870314612985,0.0011372026056051254,0.8991371696542475,7,7,0.7777777777777778,8 5 1 6 2 7 4 10
1743,7481,0.050000000000000044,0.06062532961368561,0.0005084616132080555,0.0011297360761091113,0.8922865877058644,1,1,0.1111111111111111,4 10
1744,7484,0.050000000000000044,0.11464868485927582,0.0002917880580450098,0.0008302467176690698,0.9131896928413444,2,2,0.2222222222222222,2 8 10
1745,7488,0.050000000000000044,0.17805542051792145,0.0004034010707982816,0.001140053616836667,0.9181837002778875,3,3,0.3333333333333333,2 3 5 10
1746,7494,0.050000000000000044,0.3275894522666931,0.0003821773473949482,0.0009262704406864941,0.9241495356052299,5,5,0.5555555555555556,9 5 3 4 1 10
1747,7498,0.050000000000000044,0.43612128496170044,0.000357188873749692,0.0011007825378328562,0.9164959155067394,3,3,0.3333333333333333,4 3 5 10
1748,7504,0.050000000000000044,0.3692961037158966,0.0005941034833085723,0.0005576799158006907,0.9370229666727051,5,5,0.5555555555555556,9 5 3 4 7 10
1749,7508,0.050000000000000044,0.17137986421585083,0.0006583355570910498,0.0004831195983570069,0.9515890292690427,3,3,0.3333333333333333,2 3 8 10
1750,7513,0.050000000000000044,0.1433728039264679,0.0005684930831193924,0.00042183854384347796,0.9614364994638882,4,4,0.4444444444444444,2 3 8 4 10
1751,7515,0.050000000000000044,0.06062532961368561,0.00044014176819473505,0.0011297360761091113,0.8922865877058644,1,1,0.1111111111111111,4 10
1752,7517,0.050000000000000044,0.05966370552778244,0.0004643979627871886,0.0010643962305039167,0.8938761080762506,1,1,0.1111111111111111,4 10
1753,7519,0.050000000000000044,0.04510943219065666,0.0007238150283228606,0.0009057357674464583,0.8937286822552771,1,1,0.1111111111111111,3 10
1754,7523,0.050000000000000044,0.43612128496170044,0.0006560839974554256,0.0011007825378328562,0.9164959155067394,3,3,0.3333333333333333,3 5 4 10
1755,7525,0.050000000000000044,0.040166184306144714,0.00043493040720932186,0.0011256439611315727,0.8741914829533818,1,1,0.1111111111111111,3 10
1756,7529,0.050000000000000044,0.14330193400382996,0.0005190404408494942,0.0012716627679765224,0.8753056183333345,3,3,0.3333333333333333,2 3 8 10
1757,7533,0.050000000000000044,0.05607373267412186,0.0005289693654049188,0.002046599518507719,0.8851479922158823,3,3,0.3333333333333333,2 3 1 10
1758,7536,0.050000000000000044,0.13333460688591003,0.0004838839328537385,0.0006554607534781098,0.9395266219743225,2,2,0.2222222222222222,2 8 10
1759,7539,0.050000000000000044,0.15710057318210602,0.0004991091749009987,0.0015318566001951694,0.8460378921219767,2,2,0.2222222222222222,2 8 10
1760,7542,0.050000000000000044,0.10219607502222061,0.0004993317609963318,0.001137232524342835,0.895769706866333,2,2,0.2222222222222222,3 8 10
1761,7547,0.050000000000000044,0.3482218384742737,0.00047688474296592176,0.000990218366496265,0.919986479170399,4,4,0.4444444444444444,6 4 3 5 10
1762,7552,0.050000000000000044,0.4367155432701111,0.0004954557865858078,0.0003903039905708283,0.9637448352791467,4,4,0.4444444444444444,2 3 5 4 10
1763,7558,0.050000000000000044,0.4673180878162384,0.00037674009217880666,0.001319575821980834,0.9164631151805734,5,5,0.5555555555555556,2 4 5 6 3 10
1764,7562,0.050000000000000044,0.17236162722110748,0.000416035414673388,0.0004908020491711795,0.9527013449709282,3,3,0.3333333333333333,2 3 5 10
1765,7565,0.050000000000000044,0.003952153027057648,0.00040105732235436636,0.0010044242953881621,0.907318864500551,2,2,0.2222222222222222,4 6 10
1766,7568,0.050000000000000044,0.19435951113700867,0.00033142992955011624,0.0011888995068147779,0.8720131784004207,2,2,0.2222222222222222,7 8 10
1767,7571,0.050000000000000044,0.19645868241786957,0.0003686249644185106,0.0014224149053916335,0.8992482687697683,2,2,0.2222222222222222,5 7 10
1768,7574,0.050000000000000044,0.09341372549533844,0.00036099355202168226,0.0018240439239889383,0.8610716218861899,2,2,0.2222222222222222,2 8 10
1769,7576,0.050000000000000044,0.046487025916576385,0.00047408936370629817,0.00152482814155519,0.8309204229524672,1,1,0.1111111111111111,4 10
1770,7581,0.050000000000000044,0.4783635139465332,0.00040922793559730055,0.0013879274483770132,0.9124808587692014,4,4,0.4444444444444444,2 4 3 5 10
1771,7585,0.050000000000000044,0.0417618528008461,0.0003986518568126485,0.0011866374406963587,0.8993182913018181,3,3,0.3333333333333333,8 6 3 10
1772,7594,0.050000000000000044,0.3031766414642334,0.00036797292543471686,0.0009087403886951506,0.9097671382722758,8,8,0.8888888888888888,8 4 3 7 6 9 2 5 10
1773,7597,0.050000000000000044,0.106321781873703,0.00034350284840911627,0.0010925107635557652,0.8969012815217342,2,2,0.2222222222222222,8 7 10
1774,7600,0.050000000000000044,0.030010737478733063,0.0004244746135858198,0.0007216023514047265,0.9223943627688604,2,2,0.2222222222222222,4 3 10
1775,7602,0.050000000000000044,0.06098437309265137,0.0004359809681773186,0.0017735688015818596,0.8871583074395513,1,1,0.1111111111111111,4 10
1776,7604,0.050000000000000044,0.03884042054414749,0.0004332037642598152,0.0008692104602232575,0.9043948443320787,1,1,0.1111111111111111,4 10
1777,7606,0.050000000000000044,0.046487025916576385,0.00040243426337838173,0.00152482814155519,0.8309204229524672,1,1,0.1111111111111111,4 10
1778,7608,0.050000000000000044,0.04281405359506607,0.0003488405345706269,0.0013543919194489717,0.8872737571614818,1,1,0.1111111111111111,4 10
1779,7610,0.050000000000000044,0.04281405359506607,0.0004388054949231446,0.0013543919194489717,0.8872737571614818,1,1,0.1111111111111111,4 10
1780,7612,0.050000000000000044,0.0589144229888916,0.0003580680931918323,0.0007895955350250006,0.8966935165890899,1,1,0.1111111111111111,4 10
1781,7616,0.050000000000000044,0.4197719097137451,0.0003369441255927086,0.0013346211053431034,0.9167494995249037,3,3,0.3333333333333333,3 5 4 10
1782,7618,0.050000000000000044,0.03451820835471153,0.0002725654630921781,0.001201205886900425,0.8625056232180663,1,1,0.1111111111111111,4 10
1783,7621,0.050000000000000044,0.11464868485927582,0.0003392062596200655,0.0008302467176690698,0.9131896928413444,2,2,0.2222222222222222,2 8 10
1784,7626,0.050000000000000044,0.4051446318626404,0.000477785337716341,0.0007432452403008938,0.9430588558582007,4,4,0.4444444444444444,2 4 3 5 10
1785,7628,0.050000000000000044,0.046487025916576385,0.00033577541762497276,0.00152482814155519,0.8309204229524672,1,1,0.1111111111111111,4 10
1786,7631,0.050000000000000044,0.11464868485927582,0.00045941567320066196,0.0008302467176690698,0.9131896928413444,2,2,0.2222222222222222,2 8 10
1787,7633,0.050000000000000044,0.05966370552778244,0.0003379879199201241,0.0010643962305039167,0.8938761080762506,1,1,0.1111111111111111,4 10
1788,7636,0.050000000000000044,0.13333460688591003,0.0002683158090803772,0.0006554607534781098,0.9395266219743225,2,2,0.2222222222222222,2 8 10
1789,7638,0.050000000000000044,0.05966370552778244,0.00035435215977486223,0.0010643962305039167,0.8938761080762506,1,1,0.1111111111111111,4 10
1790,7642,0.050000000000000044,0.19272661209106445,0.00037276153307175264,0.0010274159722030163,0.9255853887297453,3,3,0.3333333333333333,2 3 8 10
1791,7644,0.050000000000000044,0.03451820835471153,0.0003853862581308931,0.001201205886900425,0.8625056232180663,1,1,0.1111111111111111,4 10
1792,7647,0.050000000000000044,0.09493808448314667,0.00035703972874519724,0.0012092192191630602,0.893166597812978,2,2,0.2222222222222222,2 8 10
1793,7649,0.050000000000000044,0.04281405359506607,0.00031126658723223954,0.0013543919194489717,0.8872737571614818,1,1,0.1111111111111111,4 10
1794,7654,0.050000000000000044,0.4125867784023285,0.00033773754257708787,0.0008169612265191972,0.940406654025655,4,4,0.4444444444444444,2 4 5 3 10
1795,7656,0.050000000000000044,0.04281405359506607,0.00044274519314058125,0.0013543919194489717,0.8872737571614818,1,1,0.1111111111111111,4 10
1796,7658,0.050000000000000044,0.06062532961368561,0.0004444547957973555,0.0011297360761091113,0.8922865877058644,1,1,0.1111111111111111,4 10
1797,7662,0.050000000000000044,0.4268442392349243,0.0003395742241991684,0.0008054295904003084,0.9396085455287225,3,3,0.3333333333333333,4 3 5 10
1798,7667,0.050000000000000044,0.09985703229904175,0.00031099345651455226,0.0017520826077088714,0.8758337728670321,4,4,0.4444444444444444,5 3 4 1 10
1799,7670,0.050000000000000044,0.11113286763429642,0.00035321822118324536,0.001075435895472765,0.9014329623240495,2,2,0.2222222222222222,3 5 10
1800,7676,0.050000000000000044,0.3485303521156311,0.0003428821898220728,0.0009634633315727115,0.9022022679394972,5,5,0.5555555555555556,1 6 3 5 4 10
1801,7678,0.050000000000000044,0.040166184306144714,0.0003265655250288546,0.0011256439611315727,0.8741914829533818,1,1,0.1111111111111111,3 10
1802,7687,0.050000000000000044,0.3685013949871063,0.000356949739701425,0.0008827917044982314,0.9120272727025391,8,8,0.8888888888888888,8 4 3 9 6 1 2 5 10
1803,7692,0.050000000000000044,0.46562644839286804,0.00039042779826559126,0.00086948461830616,0.9194746330008353,4,4,0.4444444444444444,2 4 3 5 10
1804,7695,0.050000000000000044,0.13333460688591003,0.00036431627813726664,0.0006554607534781098,0.9395266219743225,2,2,0.2222222222222222,2 8 10
1805,7697,0.050000000000000044,0.03884042054414749,0.0003334438370075077,0.0008692104602232575,0.9043948443320787,1,1,0.1111111111111111,4 10
1806,7703,0.050000000000000044,0.327297568321228,0.0003481787231673176,0.0009273055475205183,0.9240205548393599,5,5,0.5555555555555556,9 2 3 5 4 10
1807,7707,0.050000000000000044,0.07620018720626831,0.0003295547066954896,0.00061524793272838,0.9442968301200413,3,3,0.3333333333333333,2 8 7 10
1808,7709,0.050000000000000044,0.03451820835471153,0.00037673275801353157,0.001201205886900425,0.8625056232180663,1,1,0.1111111111111111,4 10
1809,7717,0.050000000000000044,0.4393089711666107,0.0003748730287043145,0.0005902826087549329,0.9349469233849103,7,7,0.7777777777777778,8 4 3 6 9 5 7 10
1810,7722,0.050000000000000044,0.46562644839286804,0.0003675865475088358,0.00086948461830616,0.9194746330008353,4,4,0.4444444444444444,2 4 3 5 10
1811,7726,0.050000000000000044,0.4197719097137451,0.00036974315662519075,0.0013346211053431034,0.9167494995249037,3,3,0.3333333333333333,3 5 4 10
1812,7730,0.050000000000000044,0.428080677986145,0.00041492264426779,0.0009422020521014929,0.9351801989371938,3,3,0.3333333333333333,5 3 4 10
1813,7734,0.050000000000000044,0.2064700871706009,0.0003577981988200918,0.0004077803750988096,0.9643421330789324,3,3,0.3333333333333333,3 5 4 10
1814,7736,0.050000000000000044,0.05966370552778244,0.00037340857670642436,0.0010643962305039167,0.8938761080762506,1,1,0.1111111111111111,4 10
1815,7738,0.050000000000000044,0.03884042054414749,0.00033173427800647914,0.0008692104602232575,0.9043948443320787,1,1,0.1111111111111111,4 10
1816,7742,0.050000000000000044,0.20790411531925201,0.0003248829780204687,0.0007259475532919168,0.9303995626009602,3,3,0.3333333333333333,5 3 4 10
1817,7745,0.050000000000000044,0.10047644376754761,0.0003473380832777669,0.0012954178964719176,0.8977892453141076,2,2,0.2222222222222222,4 3 10
1818,7747,0.050000000000000044,0.046487025916576385,0.0003244288673158735,0.00152482814155519,0.8309204229524672,1,1,0.1111111111111111,4 10
1819,7749,0.050000000000000044,0.03451820835471153,0.00033887320023495704,0.001201205886900425,0.8625056232180663,1,1,0.1111111111111111,4 10
1820,7752,0.050000000000000044,0.09556440263986588,0.0005522083374671638,0.0006272533209994435,0.9192769209213121,2,2,0.2222222222222222,4 3 10
1821,7755,0.050000000000000044,0.09556440263986588,0.000622322161992391,0.0006272533209994435,0.9192769209213121,2,2,0.2222222222222222,4 3 10
1822,7764,0.050000000000000044,0.41840943694114685,0.0005420705387627499,0.0012215882306918502,0.924165210528266,8,8,0.8888888888888888,5 7 8 4 6 9 2 3 10
1823,7768,0.050000000000000044,0.42808064818382263,0.000530952871486079,0.0009422020521014929,0.9351801989371938,3,3,0.3333333333333333,4 3 5 10
1824,7773,0.050000000000000044,0.44399383664131165,0.0006021481356583535,0.0003841592697426677,0.9669864250083458,4,4,0.4444444444444444,3 6 4 5 10
1825,7775,0.050000000000000044,0.03884042054414749,0.000366279884474352,0.0008692104602232575,0.9043948443320787,1,1,0.1111111111111111,4 10
1826,7779,0.050000000000000044,0.4268442392349243,0.0004771556123159826,0.0008054295904003084,0.9396085455287225,3,3,0.3333333333333333,5 3 4 10
1827,7785,0.050000000000000044,0.5324628949165344,0.000425127645333608,0.0004741536104120314,0.9531200642251231,5,5,0.5555555555555556,6 5 2 4 3 10
1828,7787,0.050000000000000044,0.03799684718251228,0.00031017421861179173,0.002125915139913559,0.8768251535441731,1,1,0.1111111111111111,3 10
1829,7789,0.050000000000000044,0.046487025916576385,0.000438155751908198,0.00152482814155519,0.8309204229524672,1,1,0.1111111111111111,4 10
1830,7794,0.050000000000000044,0.39531612396240234,0.0004881058353930712,0.0006053246324881911,0.9360592618814972,4,4,0.4444444444444444,3 5 4 8 10
1831,7796,0.050000000000000044,0.03451820835471153,0.00046438952267635614,0.001201205886900425,0.8625056232180663,1,1,0.1111111111111111,4 10
1832,7799,0.050000000000000044,0.172509104013443,0.00045950878605556983,0.0014624252216890454,0.8594186275191915,2,2,0.2222222222222222,7 8 10
1833,7803,0.050000000000000044,0.42808064818382263,0.00037676030478905886,0.0009422020521014929,0.9351801989371938,3,3,0.3333333333333333,4 3 5 10
1834,7806,0.050000000000000044,0.15221481025218964,0.00039909543314327794,0.0004358246806077659,0.9368535895675739,2,2,0.2222222222222222,2 8 10
1835,7810,0.050000000000000044,0.20790411531925201,0.00040017136052483693,0.0007259475532919168,0.9303995626009602,3,3,0.3333333333333333,5 3 4 10
1836,7814,0.050000000000000044,0.42808064818382263,0.0003346690136822872,0.0009422020521014929,0.9351801989371938,3,3,0.3333333333333333,3 5 4 10
1837,7817,0.050000000000000044,0.13333460688591003,0.0003914619058681031,0.0006554607534781098,0.9395266219743225,2,2,0.2222222222222222,2 8 10
1838,7818,0.050000000000000044,0.0,0.0003876638365909457,0.0013349374057725072,0.790675773986313,0,0,0.0,10
1839,7820,0.050000000000000044,0.04281405359506607,0.00034698762465268373,0.0013543919194489717,0.8872737571614818,1,1,0.1111111111111111,4 10
1840,7828,0.050000000000000044,0.46021366119384766,0.00036277305480325595,0.0005654243286699057,0.9464043425783675,7,7,0.7777777777777778,6 2 8 5 7 4 1 10
1841,7832,0.050000000000000044,0.4268442392349243,0.0003943735791835934,0.0008054295904003084,0.9396085455287225,3,3,0.3333333333333333,4 3 5 10
1842,7836,0.050000000000000044,0.3735106289386749,0.0005293410431477241,0.0010207341983914375,0.9165832582821318,3,3,0.3333333333333333,4 3 5 10
1843,7838,0.050000000000000044,0.06098437309265137,0.00038843482616357505,0.0017735688015818596,0.8871583074395513,1,1,0.1111111111111111,4 10
1844,7840,0.050000000000000044,0.04281405359506607,0.0002682365447981283,0.0013543919194489717,0.8872737571614818,1,1,0.1111111111111111,4 10
1845,7844,0.050000000000000044,0.43612128496170044,0.00040162251389119774,0.0011007825378328562,0.9164959155067394,3,3,0.3333333333333333,3 4 5 10
1846,7847,0.050000000000000044,0.09138238430023193,0.00029436144783782464,0.0014601555885747075,0.8989381792553115,2,2,0.2222222222222222,1 7 10
1847,7851,0.050000000000000044,0.462897926568985,0.0003214680473320186,0.00042539057903923094,0.9627984907482524,3,3,0.3333333333333333,5 3 4 10
1848,7854,0.050000000000000044,0.1859825849533081,0.0003601693994520853,0.0012629900593310595,0.8942409133213028,2,2,0.2222222222222222,5 3 10
1849,7856,0.050000000000000044,0.03451820835471153,0.0003646032273536548,0.001201205886900425,0.8625056232180663,1,1,0.1111111111111111,4 10
1850,7860,0.050000000000000044,0.43453365564346313,0.0003402117727091536,0.0009676149347797036,0.9256354660752554,3,3,0.3333333333333333,4 3 5 10
1851,7864,0.050000000000000044,0.3735106587409973,0.00030220344342524186,0.0010207341983914375,0.9165832582821318,3,3,0.3333333333333333,5 3 4 10
1852,7873,0.050000000000000044,0.3040144145488739,0.00030714310964362486,0.000902039697393775,0.908895626035159,8,8,0.8888888888888888,6 4 3 8 9 1 2 5 10
1853,7877,0.050000000000000044,0.43453365564346313,0.0003932149993488565,0.0009676149347797036,0.9256354660752554,3,3,0.3333333333333333,3 5 4 10
1854,7881,0.050000000000000044,0.1566517949104309,0.00035418051265878603,0.0012161259073764086,0.8873469877398964,3,3,0.3333333333333333,5 3 4 10
1855,7884,0.050000000000000044,0.106321781873703,0.0004186059571414565,0.0010925107635557652,0.8969012815217342,2,2,0.2222222222222222,8 7 10
1856,7886,0.050000000000000044,0.05966370552778244,0.00039343298703897744,0.0010643962305039167,0.8938761080762506,1,1,0.1111111111111111,4 10
1857,7890,0.050000000000000044,0.4219055473804474,0.000346014006936457,0.000634961761534214,0.934013288472552,3,3,0.3333333333333333,5 3 4 10
1858,7893,0.050000000000000044,0.20648209750652313,0.00029384168252969783,0.0005874915514141321,0.9488210503928868,2,2,0.2222222222222222,2 8 10
1859,7895,0.050000000000000044,0.05966370552778244,0.0004652277275454253,0.0010643962305039167,0.8938761080762506,1,1,0.1111111111111111,4 10
1860,7898,0.050000000000000044,0.20648209750652313,0.0002788179893589889,0.0005874915514141321,0.9488210503928868,2,2,0.2222222222222222,2 8 10
1861,7902,0.050000000000000044,0.19546644389629364,0.00033117512793978676,0.0008336851024068892,0.9083935805152344,3,3,0.3333333333333333,5 3 4 10
1862,7904,0.050000000000000044,0.05966370552778244,0.0004089491121703759,0.0010643962305039167,0.8938761080762506,1,1,0.1111111111111111,4 10
1863,7906,0.050000000000000044,0.03451820835471153,0.0003670226433314383,0.001201205886900425,0.8625056232180663,1,1,0.1111111111111111,4 10
1864,7908,0.050000000000000044,0.06098437309265137,0.0004753011162392795,0.0017735688015818596,0.8871583074395513,1,1,0.1111111111111111,4 10
1865,7917,0.050000000000000044,0.41014695167541504,0.0002999326954725095,0.0007524118991568685,0.9306850550999681,8,8,0.8888888888888888,9 6 3 4 8 1 2 5 10
1866,7919,0.050000000000000044,0.05966370552778244,0.0003319702809676528,0.0010643962305039167,0.8938761080762506,1,1,0.1111111111111111,4 10
1867,7922,0.050000000000000044,0.11431776732206345,0.00030259265622589737,0.0005292989080771804,0.9235449083388632,2,2,0.2222222222222222,8 7 10
1868,7924,0.050000000000000044,0.03451820835471153,0.0003267034189775586,0.001201205886900425,0.8625056232180663,1,1,0.1111111111111111,4 10
1869,7928,0.050000000000000044,0.15380369126796722,0.0002954885894723702,0.0017689340747892857,0.8747772203047409,3,3,0.3333333333333333,5 3 4 10
1870,7931,0.050000000000000044,0.09341372549533844,0.00030668870992182445,0.0018240439239889383,0.8610716218861899,2,2,0.2222222222222222,2 8 10
1871,7933,0.050000000000000044,0.04281405359506607,0.00032635615207254887,0.0013543919194489717,0.8872737571614818,1,1,0.1111111111111111,4 10
1872,7937,0.050000000000000044,0.42808064818382263,0.00027044068701798096,0.0009422020521014929,0.9351801989371938,3,3,0.3333333333333333,3 5 4 10
1873,7940,0.050000000000000044,-0.019389040768146515,0.00030965460852409404,0.001240018755197525,0.8973109547611365,2,2,0.2222222222222222,4 2 10
1874,7943,0.050000000000000044,0.13333460688591003,0.00031772878719493747,0.0006554607534781098,0.9395266219743225,2,2,0.2222222222222222,2 8 10
1875,7945,0.050000000000000044,0.03451820835471153,0.0004528814315563068,0.001201205886900425,0.8625056232180663,1,1,0.1111111111111111,4 10
1876,7949,0.050000000000000044,0.4219055473804474,0.0003043664983124472,0.000634961761534214,0.934013288472552,3,3,0.3333333333333333,3 4 5 10
1877,7953,0.050000000000000044,0.4219055473804474,0.00036864772118860856,0.000634961761534214,0.934013288472552,3,3,0.3333333333333333,3 4 5 10
1878,7955,0.050000000000000044,0.03884042054414749,0.00028872000984847546,0.0008692104602232575,0.9043948443320787,1,1,0.1111111111111111,4 10
1879,7962,0.050000000000000044,0.38153859972953796,0.0003310199619071292,0.0011390334693714976,0.8992524950385236,6,6,0.6666666666666666,6 2 8 4 5 7 10
1880,7969,0.050000000000000044,0.3278347849845886,0.0003641663726219641,0.0009647097904235125,0.9040714484881986,6,6,0.6666666666666666,6 2 8 4 7 5 10
1881,7978,0.050000000000000044,0.41959434747695923,0.0003633248949578653,0.0005814561736769974,0.9353443691230132,8,8,0.8888888888888888,6 2 8 4 3 9 1 5 10
1882,7982,0.050000000000000044,0.1361226588487625,0.0003729080126504414,0.0013247644528746605,0.8710859207775307,3,3,0.3333333333333333,1 7 5 10
1883,7986,0.050000000000000044,0.4268442392349243,0.0003956473810831085,0.0008054295904003084,0.9396085455287225,3,3,0.3333333333333333,3 4 5 10
1884,7988,0.050000000000000044,0.04281405359506607,0.0002698800162761472,0.0013543919194489717,0.8872737571614818,1,1,0.1111111111111111,4 10
1885,7990,0.050000000000000044,0.03451820835471153,0.0003168614493915811,0.001201205886900425,0.8625056232180663,1,1,0.1111111111111111,4 10
1886,7993,0.050000000000000044,0.172509104013443,0.00032156870292965323,0.0014624252216890454,0.8594186275191915,2,2,0.2222222222222222,7 8 10
1887,7997,0.050000000000000044,0.2199639528989792,0.0002856216306099668,0.0008114546653814614,0.9388695206231793,3,3,0.3333333333333333,5 3 4 10
1888,8000,0.050000000000000044,0.09403984248638153,0.000284948274687243,0.0013915984891355038,0.8971356978456132,2,2,0.2222222222222222,8 7 10
1889,8004,0.050000000000000044,0.4268442392349243,0.0005970209531369619,0.0008054295904003084,0.9396085455287225,3,3,0.3333333333333333,5 3 4 10
1890,8012,0.050000000000000044,0.4613921642303467,0.0005280222867440898,0.0003323886776342988,0.9400064055226504,7,7,0.7777777777777778,6 2 8 4 3 9 5 10
1891,8014,0.050000000000000044,0.053220368921756744,0.0006237996567506343,0.0011728492099791765,0.886545326875237,1,1,0.1111111111111111,3 10
1892,8018,0.050000000000000044,0.43612128496170044,0.00045676788431592286,0.0011007825378328562,0.9164959155067394,3,3,0.3333333333333333,4 3 5 10
1893,8021,0.050000000000000044,0.11921658366918564,0.00038293788869244355,0.0021879877895116806,0.8868179797005533,2,2,0.2222222222222222,4 3 10
1894,8023,0.050000000000000044,0.022266119718551636,0.0005289920081850141,0.0012151640839874744,0.8455058391539294,1,1,0.1111111111111111,3 10
1895,8026,0.050000000000000044,0.09599016606807709,0.00048790022265166044,0.0016083165537565947,0.8511160396384995,2,2,0.2222222222222222,2 5 10
1896,8029,0.050000000000000044,0.10423704981803894,0.0003814762846256296,0.0015450150240212679,0.8592284659408785,2,2,0.2222222222222222,7 5 10
1897,8032,0.050000000000000044,0.134408101439476,0.0004487620123351614,0.0012641591019928455,0.9109420144352419,2,2,0.2222222222222222,3 4 10
1898,8036,0.050000000000000044,0.43453365564346313,0.00037383774179033935,0.0009676149347797036,0.9256354660752554,3,3,0.3333333333333333,4 3 5 10
1899,8039,0.050000000000000044,0.11560304462909698,0.00036397541407495737,0.0010585244745016098,0.9055477057657826,2,2,0.2222222222222222,3 4 10
1900,8043,0.050000000000000044,0.20790411531925201,0.00042335648322477937,0.0007259475532919168,0.9303995626009602,3,3,0.3333333333333333,4 3 5 10
1901,8046,0.050000000000000044,0.09556440263986588,0.0003732479817699641,0.0006272533209994435,0.9192769209213121,2,2,0.2222222222222222,4 3 10
1902,8049,0.050000000000000044,0.12553609907627106,0.00036785843743321794,0.0007633796194568276,0.9186078773880119,2,2,0.2222222222222222,4 3 10
1903,8052,0.050000000000000044,0.20648209750652313,0.00039104721508920193,0.0005874915514141321,0.9488210503928868,2,2,0.2222222222222222,2 8 10
1904,8055,0.050000000000000044,0.09556441009044647,0.00033032225716548663,0.0006272533209994435,0.9192769209213121,2,2,0.2222222222222222,3 4 10
1905,8060,0.050000000000000044,0.5233331918716431,0.00033347845310345293,0.000576879654545337,0.9455040099894391,4,4,0.4444444444444444,6 5 7 4 10
1906,8063,0.050000000000000044,-0.019729092717170715,0.00036416228977032006,0.001254508038982749,0.8980323922212428,2,2,0.2222222222222222,4 9 10
1907,8065,0.050000000000000044,0.03451820835471153,0.00034530871198512614,0.001201205886900425,0.8625056232180663,1,1,0.1111111111111111,4 10
1908,8069,0.050000000000000044,0.43612128496170044,0.00040986340172821656,0.0011007825378328562,0.9164959155067394,3,3,0.3333333333333333,4 3 5 10
1909,8072,0.050000000000000044,0.20648209750652313,0.0003567011250803868,0.0005874915514141321,0.9488210503928868,2,2,0.2222222222222222,2 8 10
1910,8076,0.050000000000000044,0.3735106587409973,0.0003338311507832259,0.0010207341983914375,0.9165832582821318,3,3,0.3333333333333333,5 3 4 10
1911,8080,0.050000000000000044,0.21996396780014038,0.000335047094267793,0.0008114546653814614,0.9388695206231793,3,3,0.3333333333333333,4 3 5 10
1912,8083,0.050000000000000044,0.1169002577662468,0.00042370772765328485,0.0008034592028707266,0.9365896917303734,2,2,0.2222222222222222,3 5 10
1913,8085,0.050000000000000044,0.046487025916576385,0.0003816233220277354,0.00152482814155519,0.8309204229524672,1,1,0.1111111111111111,4 10
1914,8090,0.050000000000000044,0.14281171560287476,0.00030001014238223433,0.0008035814389586449,0.909052956889203,4,4,0.4444444444444444,5 3 4 2 10
1915,8093,0.050000000000000044,0.13333460688591003,0.0003385033633094281,0.0006554607534781098,0.9395266219743225,2,2,0.2222222222222222,2 8 10
1916,8097,0.050000000000000044,0.2199639528989792,0.00043285515130264685,0.0008114546653814614,0.9388695206231793,3,3,0.3333333333333333,4 5 3 10
1917,8100,0.050000000000000044,-0.011368080973625183,0.00030861314735375345,0.0013525572139769793,0.8501560952465684,2,2,0.2222222222222222,3 9 10
1918,8104,0.050000000000000044,0.462897926568985,0.00029215755057521164,0.00042539057903923094,0.9627984907482524,3,3,0.3333333333333333,5 3 4 10
1919,8109,0.050000000000000044,0.47305917739868164,0.00026070336753036827,0.00084448151756078,0.9221764903573162,4,4,0.4444444444444444,5 7 4 3 10
1920,8114,0.050000000000000044,0.4135766923427582,0.00038402198697440326,0.0007928949198685586,0.9397622994307814,4,4,0.4444444444444444,4 3 7 5 10
1921,8119,0.050000000000000044,0.3982577323913574,0.0003609142528148368,0.0007832897244952619,0.9412595742558185,4,4,0.4444444444444444,4 3 1 5 10
1922,8122,0.050000000000000044,0.10850393772125244,0.00039804291251736384,0.0008389106369577348,0.9069942867872831,2,2,0.2222222222222222,1 7 10
1923,8129,0.050000000000000044,0.4728960692882538,0.0002701471821637824,0.00035213452065363526,0.9365814802514812,6,6,0.6666666666666666,6 2 8 4 3 5 10
1924,8133,0.050000000000000044,0.43453365564346313,0.00033283063385169953,0.0009676149347797036,0.9256354660752554,3,3,0.3333333333333333,4 3 5 10
1925,8141,0.050000000000000044,0.43912312388420105,0.00034336295357206836,0.0003765951842069626,0.9338774591613468,7,7,0.7777777777777778,6 5 7 4 1 9 8 10
1926,8144,0.050000000000000044,0.10850393772125244,0.0002929261439324667,0.0008389106369577348,0.9069942867872831,2,2,0.2222222222222222,1 7 10
1927,8149,0.050000000000000044,0.40603312849998474,0.00035483859828673304,0.0009376353118568659,0.9276846175864959,4,4,0.4444444444444444,4 2 3 5 10
1928,8154,0.050000000000000044,0.42982572317123413,0.00036496985703706744,0.0011121872812509537,0.89846318530519,4,4,0.4444444444444444,5 3 4 9 10
1929,8157,0.050000000000000044,0.11852537095546722,0.0004049896961078048,0.001429002732038498,0.9011649027838861,2,2,0.2222222222222222,3 5 10
1930,8159,0.050000000000000044,0.03451820835471153,0.0004481151408981532,0.001201205886900425,0.8625056232180663,1,1,0.1111111111111111,4 10
1931,8163,0.050000000000000044,0.4219055473804474,0.00034026254434138536,0.000634961761534214,0.934013288472552,3,3,0.3333333333333333,5 3 4 10
1932,8167,0.050000000000000044,0.462897926568985,0.0003590036794776097,0.00042539057903923094,0.9627984907482524,3,3,0.3333333333333333,5 3 4 10
1933,8170,0.050000000000000044,0.10423704981803894,0.0003006986031929652,0.0015450150240212679,0.8592284659408785,2,2,0.2222222222222222,7 5 10
1934,8173,0.050000000000000044,0.15221481025218964,0.0002734474352716158,0.0004358246806077659,0.9368535895675739,2,2,0.2222222222222222,2 8 10
1935,8181,0.050000000000000044,0.38723909854888916,0.0003358588946866803,0.0008951083873398602,0.9108640831163182,7,7,0.7777777777777778,9 4 8 3 5 7 2 10
1936,8183,0.050000000000000044,0.046487025916576385,0.0002525524323573336,0.00152482814155519,0.8309204229524672,1,1,0.1111111111111111,4 10
1937,8189,0.050000000000000044,0.3429020047187805,0.00028301453130552545,0.0009829297196120024,0.9014929935123492,5,5,0.5555555555555556,6 5 7 4 1 10
1938,8194,0.050000000000000044,0.40532660484313965,0.0003104867588263005,0.0012097187573090196,0.9264121021007882,4,4,0.4444444444444444,4 6 3 5 10
1939,8198,0.050000000000000044,0.43453365564346313,0.0002752149921434466,0.0009676149347797036,0.9256354660752554,3,3,0.3333333333333333,4 3 5 10
1940,8202,0.050000000000000044,0.3735106587409973,0.0003360800037626177,0.0010207341983914375,0.9165832582821318,3,3,0.3333333333333333,5 3 4 10
1941,8206,0.050000000000000044,0.15449461340904236,0.00032738279696786776,0.0005425562267191708,0.94724137179208,3,3,0.3333333333333333,2 7 5 10
1942,8209,0.050000000000000044,0.03229544311761856,0.0004056131389612953,0.000666158739477396,0.9196459918009399,2,2,0.2222222222222222,2 5 10
1943,8212,0.050000000000000044,0.14341361820697784,0.00026438212565456826,0.0017113493522629142,0.8996180292577721,2,2,0.2222222222222222,3 5 10
1944,8214,0.050000000000000044,0.046487025916576385,0.0002827272401191294,0.00152482814155519,0.8309204229524672,1,1,0.1111111111111111,4 10
1945,8217,0.050000000000000044,0.15221481025218964,0.000284364369387428,0.0004358246806077659,0.9368535895675739,2,2,0.2222222222222222,2 8 10
1946,8221,0.050000000000000044,0.19546644389629364,0.00026884898397838697,0.0008336851024068892,0.9083935805152344,3,3,0.3333333333333333,5 3 4 10
1947,8225,0.050000000000000044,0.43453365564346313,0.00025867226941045374,0.0009676149347797036,0.9256354660752554,3,3,0.3333333333333333,4 3 5 10
1948,8231,0.050000000000000044,0.5008474588394165,0.0003295072043935458,0.0005761137581430376,0.9450630157051982,5,5,0.5555555555555556,5 7 4 6 9 10
1949,8234,0.050000000000000044,0.10423704981803894,0.00034224247792735696,0.0015450150240212679,0.8592284659408785,2,2,0.2222222222222222,7 5 10
1950,8237,0.050000000000000044,0.09138238430023193,0.00027246314857620746,0.0014601555885747075,0.8989381792553115,2,2,0.2222222222222222,1 7 10
1951,8245,0.050000000000000044,0.35954102873802185,0.00027531619525689166,0.0011382075026631355,0.8993451733686978,7,7,0.7777777777777778,5 7 4 6 9 8 2 10
1952,8249,0.050000000000000044,0.4197719097137451,0.00035059133369941264,0.0013346211053431034,0.9167494995249037,3,3,0.3333333333333333,4 3 5 10
1953,8258,0.050000000000000044,0.34198662638664246,0.0004114803903373993,0.0009779699612408876,0.9035163567480095,8,8,0.8888888888888888,6 5 7 2 4 1 8 9 10
1954,8262,0.050000000000000044,0.462897926568985,0.00046000382280908525,0.00042539057903923094,0.9627984907482524,3,3,0.3333333333333333,5 3 4 10
1955,8265,0.050000000000000044,0.13331417739391327,0.0004079726058989763,0.0012975872959941626,0.9118230704497213,2,2,0.2222222222222222,8 7 10
1956,8267,0.050000000000000044,0.0589144229888916,0.00034958854666911066,0.0007895955350250006,0.8966935165890899,1,1,0.1111111111111111,4 10
1957,8270,0.050000000000000044,0.13331417739391327,0.0002832806979616483,0.0012975872959941626,0.9118230704497213,2,2,0.2222222222222222,8 7 10
1958,8273,0.050000000000000044,0.09403984248638153,0.00036270256775120896,0.0013915984891355038,0.8971356978456132,2,2,0.2222222222222222,8 7 10
1959,8275,0.050000000000000044,-0.0010455437004566193,0.00034010299714282155,0.0019222282571718097,0.783482243387775,1,1,0.1111111111111111,6 10
1960,8279,0.050000000000000044,0.19198879599571228,0.0003692339814733714,0.0003517318400554359,0.9524080036794955,3,3,0.3333333333333333,4 3 5 10
1961,8283,0.050000000000000044,0.19198879599571228,0.00032385117083322257,0.0003517318400554359,0.9524080036794955,3,3,0.3333333333333333,4 3 5 10
1962,8288,0.050000000000000044,0.5521359443664551,0.0003157816652674228,0.0004879175394307822,0.9537528201175784,4,4,0.4444444444444444,5 3 4 9 10
1963,8291,0.050000000000000044,0.15221481025218964,0.0002835513829874496,0.0004358246806077659,0.9368535895675739,2,2,0.2222222222222222,2 8 10
1964,8295,0.050000000000000044,0.43453365564346313,0.00034741490526357666,0.0009676149347797036,0.9256354660752554,3,3,0.3333333333333333,4 3 5 10
1965,8299,0.050000000000000044,0.20790411531925201,0.0002872490949812345,0.0007259475532919168,0.9303995626009602,3,3,0.3333333333333333,4 3 5 10
1966,8301,0.050000000000000044,0.06062532961368561,0.000387136111385189,0.0011297360761091113,0.8922865877058644,1,1,0.1111111111111111,4 10
1967,8309,0.050000000000000044,0.32418859004974365,0.00034243223126395606,0.0009091193787753582,0.9086365709335994,7,7,0.7777777777777778,8 4 3 1 9 6 5 10
1968,8313,0.050000000000000044,0.42808064818382263,0.00034627396962605417,0.0009422020521014929,0.9351801989371938,3,3,0.3333333333333333,4 3 5 10
1969,8321,0.050000000000000044,0.43930894136428833,0.00032968728737614583,0.0005902826087549329,0.9349469233849103,7,7,0.7777777777777778,6 4 3 9 8 5 7 10
1970,8325,0.050000000000000044,0.42808064818382263,0.0003243268874939531,0.0009422020521014929,0.9351801989371938,3,3,0.3333333333333333,4 3 5 10
1971,8329,0.050000000000000044,0.4219055473804474,0.0003323760029161349,0.000634961761534214,0.934013288472552,3,3,0.3333333333333333,5 3 4 10
1972,8332,0.050000000000000044,0.10815343260765076,0.00037289415680182475,0.00117151637095958,0.8979088339985621,2,2,0.2222222222222222,3 5 10
1973,8335,0.050000000000000044,0.10423704981803894,0.00024922898834726465,0.0015450150240212679,0.8592284659408785,2,2,0.2222222222222222,7 5 10
1974,8339,0.050000000000000044,0.4197719097137451,0.0003145079463138245,0.0013346211053431034,0.9167494995249037,3,3,0.3333333333333333,3 5 4 10
1975,8344,0.050000000000000044,0.40316301584243774,0.0003590273729059845,0.0012269511353224516,0.9254885753190342,4,4,0.4444444444444444,3 5 4 9 10
1976,8349,0.050000000000000044,0.16946882009506226,0.0003585809899959713,0.0007675307570025325,0.941083818603214,4,4,0.4444444444444444,3 5 4 2 10
1977,8352,0.050000000000000044,0.11289169639348984,0.0002607948457201322,0.0008389668073505163,0.9120918852182971,2,2,0.2222222222222222,3 5 10
1978,8355,0.050000000000000044,0.11289169639348984,0.00022698979591950774,0.0008389668073505163,0.9120918852182971,2,2,0.2222222222222222,3 5 10
1979,8359,0.050000000000000044,0.43453365564346313,0.0002970294844999444,0.0009676149347797036,0.9256354660752554,3,3,0.3333333333333333,4 3 5 10
1980,8364,0.050000000000000044,0.41129985451698303,0.00025816343259066343,0.001047596917487681,0.9211327501624716,4,4,0.4444444444444444,4 3 9 5 10
1981,8369,0.050000000000000044,0.43478235602378845,0.00029313981940504164,0.00040895873098634183,0.9641955890355014,4,4,0.4444444444444444,5 3 8 4 10
1982,8373,0.050000000000000044,0.1566517949104309,0.00031136129109654576,0.0012161259073764086,0.8873469877398964,3,3,0.3333333333333333,5 3 4 10
1983,8376,0.050000000000000044,0.20648209750652313,0.0002832737227436155,0.0005874915514141321,0.9488210503928868,2,2,0.2222222222222222,2 8 10
1984,8379,0.050000000000000044,0.20648209750652313,0.0003515991265885532,0.0005874915514141321,0.9488210503928868,2,2,0.2222222222222222,2 8 10
1985,8381,0.050000000000000044,0.06062532961368561,0.0003146400849800557,0.0011297360761091113,0.8922865877058644,1,1,0.1111111111111111,4 10
1986,8385,0.050000000000000044,0.43453365564346313,0.0003224706160835922,0.0009676149347797036,0.9256354660752554,3,3,0.3333333333333333,4 3 5 10
1987,8389,0.050000000000000044,0.19016839563846588,0.00031094023142941296,0.00024145617499016225,0.9591054467309386,3,3,0.3333333333333333,4 3 5 10
1988,8393,0.050000000000000044,0.462897926568985,0.0002642575345817022,0.00042539057903923094,0.9627984907482524,3,3,0.3333333333333333,5 3 4 10
1989,8397,0.050000000000000044,0.19198879599571228,0.0002921686682384461,0.0003517318400554359,0.9524080036794955,3,3,0.3333333333333333,4 3 5 10
1990,8402,0.050000000000000044,0.4783635139465332,0.00029930707532912495,0.0013879274483770132,0.9124808587692014,4,4,0.4444444444444444,3 2 5 4 10
1991,8406,0.050000000000000044,0.1566517949104309,0.0002648151057655923,0.0012161259073764086,0.8873469877398964,3,3,0.3333333333333333,3 5 4 10
1992,8410,0.050000000000000044,0.2199639528989792,0.0002828341857821215,0.0008114546653814614,0.9388695206231793,3,3,0.3333333333333333,3 5 4 10
1993,8416,0.050000000000000044,0.5378432273864746,0.00030349533578070503,0.0004635290533769876,0.9560476599635466,5,5,0.5555555555555556,8 4 3 9 5 10
1994,8418,0.050000000000000044,0.0589144229888916,0.0001914825406856835,0.0007895955350250006,0.8966935165890899,1,1,0.1111111111111111,4 10
1995,8423,0.050000000000000044,0.4185611605644226,0.00030652071291115135,0.001162209315225482,0.8954209576977703,4,4,0.4444444444444444,5 7 4 6 10
1996,8429,0.050000000000000044,0.42517155408859253,0.0002688746487062114,0.0009165317751467228,0.9083179900429337,5,5,0.5555555555555556,8 4 3 9 5 10
1997,8435,0.050000000000000044,0.5378432273864746,0.00031650284411928925,0.0004635290533769876,0.9560476599635466,5,5,0.5555555555555556,8 4 3 9 5 10
1998,8437,0.050000000000000044,0.06062532961368561,0.00033742611412890255,0.0011297360761091113,0.8922865877058644,1,1,0.1111111111111111,4 10
1999,8440,0.050000000000000044,0.12553609907627106,0.00027738480518261593,0.0007633796194568276,0.9186078773880119,2,2,0.2222222222222222,4 3 10
2000,8442,0.050000000000000044,0.03451820835471153,0.00033036491367965937,0.001201205886900425,0.8625056232180663,1,1,0.1111111111111111,4 10
2001,8445,0.050000000000000044,0.14734843373298645,0.0003333178853305678,0.0006334055215120316,0.9490305221817865,2,2,0.2222222222222222,4 3 10
2002,8448,0.050000000000000044,0.19435951113700867,0.00029149001541857916,0.0011888995068147779,0.8720131784004207,2,2,0.2222222222222222,8 7 10
2003,8452,0.050000000000000044,0.43453365564346313,0.0002845307608367875,0.0009676149347797036,0.9256354660752554,3,3,0.3333333333333333,4 3 5 10
2004,8454,0.050000000000000044,0.03451820835471153,0.00027253916778136045,0.001201205886900425,0.8625056232180663,1,1,0.1111111111111111,4 10
2005,8457,0.050000000000000044,0.1169002503156662,0.0003128608999152978,0.0008034592028707266,0.9365896917303734,2,2,0.2222222222222222,5 3 10
2006,8460,0.050000000000000044,0.11852535605430603,0.00026521932159084827,0.001429002732038498,0.9011649027838861,2,2,0.2222222222222222,5 3 10
2007,8463,0.050000000000000044,0.20173050463199615,0.00034679324987034005,0.00046730253961868584,0.9371812626560009,2,2,0.2222222222222222,4 5 10
2008,8467,0.050000000000000044,0.19546645879745483,0.00031046905132825486,0.0008336851024068892,0.9083935805152344,3,3,0.3333333333333333,4 5 3 10
2009,8469,0.050000000000000044,0.04281405359506607,0.0003494685370242223,0.0013543919194489717,0.8872737571614818,1,1,0.1111111111111111,4 10
2010,8473,0.050000000000000044,0.15665176510810852,0.00027578029403230175,0.0012161259073764086,0.8873469877398964,3,3,0.3333333333333333,4 3 5 10
2011,8476,0.050000000000000044,0.10423704981803894,0.00028901727637276053,0.0015450150240212679,0.8592284659408785,2,2,0.2222222222222222,7 5 10
2012,8480,0.050000000000000044,0.12959392368793488,0.0002839133085217327,0.0013932400615885854,0.8692083699577771,3,3,0.3333333333333333,5 3 1 10
2013,8483,0.050000000000000044,0.12553609907627106,0.0003377797838766128,0.0007633796194568276,0.9186078773880119,2,2,0.2222222222222222,4 3 10
2014,8486,0.050000000000000044,0.07088837772607803,0.0003215884304760645,0.0014080454129725695,0.8809048906921029,2,2,0.2222222222222222,4 9 10
2015,8489,0.050000000000000044,0.14734843373298645,0.0002884925634134561,0.0006334055215120316,0.9490305221817865,2,2,0.2222222222222222,4 3 10
2016,8493,0.050000000000000044,0.3735106587409973,0.00026168798649450764,0.0010207341983914375,0.9165832582821318,3,3,0.3333333333333333,3 5 4 10
2017,8497,0.050000000000000044,0.4197719097137451,0.00026388964033685625,0.0013346211053431034,0.9167494995249037,3,3,0.3333333333333333,3 5 4 10
2018,8500,0.050000000000000044,0.13440808653831482,0.00029314378237662214,0.0012641591019928455,0.9109420144352419,2,2,0.2222222222222222,4 3 10
2019,8504,0.050000000000000044,0.462897926568985,0.0005636197965941392,0.00042539057903923094,0.9627984907482524,3,3,0.3333333333333333,5 3 4 10
2020,8507,0.050000000000000044,0.15221481025218964,0.000472942425403744,0.0004358246806077659,0.9368535895675739,2,2,0.2222222222222222,2 8 10
2021,8511,0.050000000000000044,0.14901798963546753,0.0006401014143193606,0.0012386594898998737,0.8795658659708202,3,3,0.3333333333333333,5 7 4 10
2022,8514,0.050000000000000044,0.10423704981803894,0.00039763812674209476,0.0015450150240212679,0.8592284659408785,2,2,0.2222222222222222,7 5 10
2023,8521,0.050000000000000044,0.48267823457717896,0.0004389769913229559,0.0003340237308293581,0.9396794419935002,6,6,0.6666666666666666,8 3 4 9 6 5 10
2024,8523,0.050000000000000044,0.0589144229888916,0.0004183485871180892,0.0007895955350250006,0.8966935165890899,1,1,0.1111111111111111,4 10
2025,8526,0.050000000000000044,0.19324557483196259,0.0003758529104137172,0.00048408107249997556,0.9337721387108214,2,2,0.2222222222222222,2 8 10
2026,8530,0.050000000000000044,0.3735106587409973,0.0003160696287523024,0.0010207341983914375,0.9165832582821318,3,3,0.3333333333333333,3 5 4 10
2027,8533,0.050000000000000044,0.12504348158836365,0.00048521320180346567,0.0013652106281369925,0.905449037797811,2,2,0.2222222222222222,5 7 10
2028,8536,0.050000000000000044,0.153483584523201,0.00043377981637604535,0.00233058026060462,0.8365330472056988,2,2,0.2222222222222222,5 7 10
2029,8542,0.050000000000000044,0.4808471202850342,0.0004881061710572491,0.0012458970304578543,0.9224571272571361,5,5,0.5555555555555556,4 9 8 3 5 10
2030,8547,0.050000000000000044,0.40477675199508667,0.0003780926403123885,0.0010784901678562164,0.9168382316969521,4,4,0.4444444444444444,1 5 3 4 10
2031,8550,0.050000000000000044,0.15221481025218964,0.0004808295052498579,0.0004358246806077659,0.9368535895675739,2,2,0.2222222222222222,2 8 10
2032,8556,0.050000000000000044,0.5398129224777222,0.00039733854161265,0.00045516519458033144,0.956084152482069,5,5,0.5555555555555556,6 4 3 9 5 10
2033,8560,0.050000000000000044,0.19546644389629364,0.00024694506282685325,0.0008336851024068892,0.9083935805152344,3,3,0.3333333333333333,5 3 4 10
2034,8563,0.050000000000000044,0.10815343260765076,0.0003422369481995702,0.00117151637095958,0.8979088339985621,2,2,0.2222222222222222,5 3 10
2035,8569,0.050000000000000044,0.37033766508102417,0.0004789761539238195,0.0005501604173332453,0.9371008435917595,5,5,0.5555555555555556,6 4 3 1 5 10
2036,8572,0.050000000000000044,0.13333460688591003,0.00035656249383464456,0.0006554607534781098,0.9395266219743225,2,2,0.2222222222222222,2 8 10
2037,8575,0.050000000000000044,0.09403984248638153,0.0002509568294044584,0.0013915984891355038,0.8971356978456132,2,2,0.2222222222222222,7 8 10
2038,8577,0.050000000000000044,0.05966370552778244,0.00032878767524380237,0.0010643962305039167,0.8938761080762506,1,1,0.1111111111111111,4 10
2039,8581,0.050000000000000044,0.18072745203971863,0.00028641564495046623,0.0011218946892768145,0.9196890161221007,3,3,0.3333333333333333,6 5 3 10
2040,8583,0.050000000000000044,0.0829581692814827,0.0003573881695047021,0.0020075307693332434,0.850029904789576,1,1,0.1111111111111111,8 10
2041,8586,0.050000000000000044,0.13333460688591003,0.0003964347900667538,0.0006554607534781098,0.9395266219743225,2,2,0.2222222222222222,2 8 10
2042,8591,0.050000000000000044,0.3982577621936798,0.0003064778109546751,0.0007832897244952619,0.9412595742558185,4,4,0.4444444444444444,4 3 5 1 10
2043,8598,0.050000000000000044,0.4812069535255432,0.00048138427830833407,0.0005707318778149784,0.9464021836286776,6,6,0.6666666666666666,6 7 5 4 9 8 10
2044,8600,0.050000000000000044,0.046487025916576385,0.00022364011965692043,0.00152482814155519,0.8309204229524672,1,1,0.1111111111111111,4 10
2045,8604,0.050000000000000044,0.13436315953731537,0.00033542595338076353,0.001982003217563033,0.862632020554914,3,3,0.3333333333333333,5 7 4 10
2046,8610,0.050000000000000044,0.42517155408859253,0.00037646674415251863,0.0009165317751467228,0.9083179900429337,5,5,0.5555555555555556,4 8 3 9 5 10
2047,8615,0.050000000000000044,0.4831703007221222,0.00026212441152893005,0.0006550316466018558,0.9274990065344448,4,4,0.4444444444444444,5 7 4 3 10
2048,8619,0.050000000000000044,0.42808064818382263,0.00029790627013426274,0.0009422020521014929,0.9351801989371938,3,3,0.3333333333333333,3 5 4 10
2049,8622,0.050000000000000044,0.106321781873703,0.0003410265877998124,0.0010925107635557652,0.8969012815217342,2,2,0.2222222222222222,7 8 10
2050,8625,0.050000000000000044,0.11289169639348984,0.0004055439106499155,0.0008389668073505163,0.9120918852182971,2,2,0.2222222222222222,3 5 10
2051,8627,0.050000000000000044,0.04717379808425903,0.0003242444945499301,0.0008143529994413257,0.9070444910230024,1,1,0.1111111111111111,3 10
2052,8633,0.050000000000000044,0.48086273670196533,0.0002712913167973359,0.0005964280571788549,0.9334936438927894,5,5,0.5555555555555556,4 8 3 9 5 10
2053,8636,0.050000000000000044,0.19435951113700867,0.00028761687766139704,0.0011888995068147779,0.8720131784004207,2,2,0.2222222222222222,7 8 10
2054,8640,0.050000000000000044,0.43453365564346313,0.0003492269606795162,0.0009676149347797036,0.9256354660752554,3,3,0.3333333333333333,4 3 5 10
2055,8644,0.050000000000000044,0.3735106587409973,0.00032839830964803696,0.0010207341983914375,0.9165832582821318,3,3,0.3333333333333333,5 3 4 10
2056,8646,0.050000000000000044,0.04281405359506607,0.0002971544017782435,0.0013543919194489717,0.8872737571614818,1,1,0.1111111111111111,4 10
2057,8649,0.050000000000000044,0.106321781873703,0.0003797537744200478,0.0010925107635557652,0.8969012815217342,2,2,0.2222222222222222,7 8 10
2058,8653,0.050000000000000044,0.4219055473804474,0.0003073339830734767,0.000634961761534214,0.934013288472552,3,3,0.3333333333333333,4 3 5 10
2059,8659,0.050000000000000044,0.5028184056282043,0.00042131749796681106,0.00033793295733630657,0.9390370235927891,5,5,0.5555555555555556,4 8 3 9 5 10
2060,8664,0.050000000000000044,0.3482218384742737,0.0003697272099088877,0.000990218366496265,0.919986479170399,4,4,0.4444444444444444,5 3 6 4 10
2061,8667,0.050000000000000044,0.16580474376678467,0.0003540837302959214,0.0014818604104220867,0.8525504401035598,2,2,0.2222222222222222,5 7 10
2062,8669,0.050000000000000044,0.06098437309265137,0.0004031342105008662,0.0017735688015818596,0.8871583074395513,1,1,0.1111111111111111,4 10
2063,8671,0.050000000000000044,0.03884042054414749,0.00036597222060663626,0.0008692104602232575,0.9043948443320787,1,1,0.1111111111111111,4 10
2064,8676,0.050000000000000044,0.5034486055374146,0.0002695111848879606,0.00038115211646072567,0.9332050097824985,4,4,0.4444444444444444,6 5 7 4 10
2065,8683,0.050000000000000044,0.4066958725452423,0.0002757866833625095,0.0009034173563122749,0.9095986432148926,6,6,0.6666666666666666,6 4 8 3 9 5 10
2066,8685,0.050000000000000044,0.06062532961368561,0.00035424188536126167,0.0011297360761091113,0.8922865877058644,1,1,0.1111111111111111,4 10
2067,8689,0.050000000000000044,0.4268442392349243,0.00034640898957150057,0.0008054295904003084,0.9396085455287225,3,3,0.3333333333333333,4 3 5 10
2068,8693,0.050000000000000044,0.42808064818382263,0.00034979035262949765,0.0009422020521014929,0.9351801989371938,3,3,0.3333333333333333,4 3 5 10
2069,8696,0.050000000000000044,0.09556440263986588,0.0002843017573468387,0.0006272533209994435,0.9192769209213121,2,2,0.2222222222222222,4 3 10
2070,8700,0.050000000000000044,0.462897926568985,0.00023464550758944824,0.00042539057903923094,0.9627984907482524,3,3,0.3333333333333333,5 3 4 10
2071,8703,0.050000000000000044,0.11731629818677902,0.00025898679935683805,0.0008154716924764216,0.9146908416316427,2,2,0.2222222222222222,7 8 10
2072,8706,0.050000000000000044,0.15296532213687897,0.00028019322780892253,0.00039184308843687177,0.9318727257613904,2,2,0.2222222222222222,2 5 10
2073,8712,0.050000000000000044,0.47563478350639343,0.00033489256747998297,0.0006149332621134818,0.9326907101836981,5,5,0.5555555555555556,6 5 7 4 3 10
2074,8715,0.050000000000000044,0.15296532213687897,0.00039621062266329926,0.00039184308843687177,0.9318727257613904,2,2,0.2222222222222222,2 5 10
2075,8717,0.050000000000000044,0.03884042054414749,0.00035954132908955216,0.0008692104602232575,0.9043948443320787,1,1,0.1111111111111111,4 10
2076,8719,0.050000000000000044,0.03451820835471153,0.00032682753226254135,0.001201205886900425,0.8625056232180663,1,1,0.1111111111111111,4 10
2077,8720,0.050000000000000044,0.0,0.0003778770624194294,0.00327123561874032,0.7650048866597814,0,0,0.0,10
2078,8723,0.050000000000000044,0.12553609907627106,0.00023655097174923867,0.0007633796194568276,0.9186078773880119,2,2,0.2222222222222222,4 3 10
2079,8727,0.050000000000000044,0.4197719097137451,0.0002858784391719382,0.0013346211053431034,0.9167494995249037,3,3,0.3333333333333333,3 5 4 10
2080,8731,0.050000000000000044,0.1566517949104309,0.00037588616396533325,0.0012161259073764086,0.8873469877398964,3,3,0.3333333333333333,5 3 4 10
2081,8735,0.050000000000000044,0.3735106587409973,0.00030942135708755814,0.0010207341983914375,0.9165832582821318,3,3,0.3333333333333333,5 3 4 10
2082,8740,0.050000000000000044,0.1800275444984436,0.0003957111737690866,0.0006942949257791042,0.946933462436219,4,4,0.4444444444444444,6 4 3 5 10
2083,8743,0.050000000000000044,0.15134380757808685,0.00040172465378418565,0.0024468160700052977,0.8412959741891318,2,2,0.2222222222222222,7 8 10
2084,8747,0.050000000000000044,0.42808064818382263,0.00041837754542939365,0.0009422020521014929,0.9351801989371938,3,3,0.3333333333333333,4 3 5 10
2085,8754,0.050000000000000044,0.3382714092731476,0.0003262553738230573,0.0009339908719994128,0.9067682230780865,6,6,0.6666666666666666,6 4 3 9 7 5 10
2086,8756,0.050000000000000044,0.05966370552778244,0.0003243603860028088,0.0010643962305039167,0.8938761080762506,1,1,0.1111111111111111,4 10
2087,8759,0.050000000000000044,0.13333460688591003,0.0004763544905775537,0.0006554607534781098,0.9395266219743225,2,2,0.2222222222222222,2 8 10
2088,8764,0.050000000000000044,0.3982577621936798,0.0004290810669772327,0.0007832897244952619,0.9412595742558185,4,4,0.4444444444444444,1 3 5 4 10
2089,8768,0.050000000000000044,0.41966888308525085,0.00048650171811459586,0.001196348457597196,0.9069899972993327,3,3,0.3333333333333333,8 4 3 10
2090,8770,0.050000000000000044,0.03824324533343315,0.0003551167465047911,0.002167296363040805,0.8795478753169709,1,1,0.1111111111111111,7 10
2091,8778,0.050000000000000044,0.431048721075058,0.0003784425753110554,0.0007564851548522711,0.9301315982439572,7,7,0.7777777777777778,8 4 3 6 9 1 5 10
2092,8781,0.050000000000000044,0.09341372549533844,0.0003875902038998902,0.0018240439239889383,0.8610716218861899,2,2,0.2222222222222222,2 8 10
2093,8784,0.050000000000000044,0.20845095813274384,0.0003795263764914125,0.001094325794838369,0.8804312563112602,2,2,0.2222222222222222,5 3 10
2094,8786,0.050000000000000044,0.046487025916576385,0.0003188408591086045,0.00152482814155519,0.8309204229524672,1,1,0.1111111111111111,4 10
2095,8788,0.050000000000000044,0.04281405359506607,0.0002941275743069127,0.0013543919194489717,0.8872737571614818,1,1,0.1111111111111111,4 10
2096,8793,0.050000000000000044,0.40854373574256897,0.00031549882842227814,0.0009267329587601125,0.9290830131961247,4,4,0.4444444444444444,4 8 3 5 10
2097,8796,0.050000000000000044,0.13333460688591003,0.0004025574307888746,0.0006554607534781098,0.9395266219743225,2,2,0.2222222222222222,2 8 10
2098,8800,0.050000000000000044,0.15380369126796722,0.0003426986877457239,0.0017689340747892857,0.8747772203047409,3,3,0.3333333333333333,5 3 4 10
2099,8807,0.050000000000000044,0.39050930738449097,0.00039785476734063456,0.001097400556318462,0.9013395199948627,6,6,0.6666666666666666,8 2 5 7 4 3 10
2100,8811,0.050000000000000044,0.43453365564346313,0.00043990297854179516,0.0009676149347797036,0.9256354660752554,3,3,0.3333333333333333,4 3 5 10
2101,8814,0.050000000000000044,0.17892834544181824,0.0002788776861658941,0.0015070985537022352,0.8870719450434026,2,2,0.2222222222222222,5 2 10
2102,8816,0.050000000000000044,0.04281405359506607,0.00036227531381882727,0.0013543919194489717,0.8872737571614818,1,1,0.1111111111111111,4 10
2103,8818,0.050000000000000044,0.05966370552778244,0.0002914183132816106,0.0010643962305039167,0.8938761080762506,1,1,0.1111111111111111,4 10
2104,8820,0.050000000000000044,0.03451820835471153,0.0003103414492215961,0.001201205886900425,0.8625056232180663,1,1,0.1111111111111111,4 10
2105,8826,0.050000000000000044,0.4816354215145111,0.0002771692864674454,0.0003823567822109908,0.9339431863406609,5,5,0.5555555555555556,8 4 5 3 1 10
2106,8828,0.050000000000000044,0.03884042054414749,0.0002774983804556541,0.0008692104602232575,0.9043948443320787,1,1,0.1111111111111111,4 10
2107,8833,0.050000000000000044,0.42667126655578613,0.0003048660815693438,0.00040784262819215655,0.9599693911980647,4,4,0.4444444444444444,7 1 4 5 10
2108,8837,0.050000000000000044,0.1566517949104309,0.00032952771289274096,0.0012161259073764086,0.8873469877398964,3,3,0.3333333333333333,5 3 4 10
2109,8842,0.050000000000000044,0.15786471962928772,0.00036174996639601884,0.0006980121252126992,0.933768135862033,4,4,0.4444444444444444,5 3 4 8 10
2110,8844,0.050000000000000044,0.04281405359506607,0.0003481134190224111,0.0013543919194489717,0.8872737571614818,1,1,0.1111111111111111,4 10
2111,8847,0.050000000000000044,0.13440808653831482,0.0002986557762293766,0.0012641591019928455,0.9109420144352419,2,2,0.2222222222222222,4 3 10
2112,8850,0.050000000000000044,0.11921658366918564,0.00036486759199760854,0.0021879877895116806,0.8868179797005533,2,2,0.2222222222222222,4 3 10
2113,8852,0.050000000000000044,0.03451820835471153,0.00033430237090215087,0.001201205886900425,0.8625056232180663,1,1,0.1111111111111111,4 10
2114,8856,0.050000000000000044,0.20790411531925201,0.0004076668919879012,0.0007259475532919168,0.9303995626009602,3,3,0.3333333333333333,4 3 5 10
2115,8865,0.050000000000000044,0.38847097754478455,0.00029604016001232795,0.0008331740973517299,0.9243695925518108,8,8,0.8888888888888888,7 1 9 8 5 4 6 2 10
2116,8871,0.050000000000000044,0.470458060503006,0.000291765706303219,0.0007726068142801523,0.928138611043109,5,5,0.5555555555555556,8 4 5 9 3 10
2117,8873,0.050000000000000044,0.03884042054414749,0.00033427127345930785,0.0008692104602232575,0.9043948443320787,1,1,0.1111111111111111,4 10
2118,8878,0.050000000000000044,0.34958943724632263,0.0002903491142205894,0.0009756630752235651,0.9198462009677989,4,4,0.4444444444444444,5 3 7 4 10
2119,8883,0.050000000000000044,0.40854373574256897,0.0003904750046785921,0.0009267329587601125,0.9290830131961247,4,4,0.4444444444444444,4 8 3 5 10
2120,8886,0.050000000000000044,0.13440808653831482,0.00035846456012222916,0.0012641591019928455,0.9109420144352419,2,2,0.2222222222222222,4 3 10
2121,8890,0.050000000000000044,0.4268442392349243,0.0003316453658044338,0.0008054295904003084,0.9396085455287225,3,3,0.3333333333333333,5 3 4 10
2122,8896,0.050000000000000044,0.4484093487262726,0.00033543773073082167,0.0008540839189663529,0.9215803127580817,5,5,0.5555555555555556,7 1 4 8 5 10
2123,8901,0.050000000000000044,0.4083661139011383,0.00027007886092178524,0.0007428517565131187,0.9452801419247061,4,4,0.4444444444444444,4 6 3 5 10
2124,8906,0.050000000000000044,0.17172124981880188,0.0003307082777610049,0.0007549780420958996,0.942536694080736,4,4,0.4444444444444444,5 3 4 7 10
2125,8909,0.050000000000000044,0.10047644376754761,0.00024980488039242726,0.0012954178964719176,0.8977892453141076,2,2,0.2222222222222222,4 3 10
2126,8911,0.050000000000000044,0.03884042054414749,0.00024127448705257848,0.0008692104602232575,0.9043948443320787,1,1,0.1111111111111111,4 10
2127,8915,0.050000000000000044,0.3735106587409973,0.00033339800575049594,0.0010207341983914375,0.9165832582821318,3,3,0.3333333333333333,5 3 4 10
2128,8918,0.050000000000000044,0.10423704981803894,0.00029391373876327026,0.0015450150240212679,0.8592284659408785,2,2,0.2222222222222222,7 5 10
2129,8920,0.050000000000000044,0.06062532961368561,0.000371109286788851,0.0011297360761091113,0.8922865877058644,1,1,0.1111111111111111,4 10
2130,8923,0.050000000000000044,0.10047644376754761,0.00031536040478385985,0.0012954178964719176,0.8977892453141076,2,2,0.2222222222222222,4 3 10
2131,8926,0.050000000000000044,0.12553609907627106,0.0003278693281269322,0.0007633796194568276,0.9186078773880119,2,2,0.2222222222222222,4 3 10
2132,8930,0.050000000000000044,0.4197719097137451,0.000295196681690868,0.0013346211053431034,0.9167494995249037,3,3,0.3333333333333333,5 3 4 10
2133,8932,0.050000000000000044,0.0357915535569191,0.0002988506021210924,0.000863197143189609,0.9005468635510888,1,1,0.1111111111111111,5 10
2134,8939,0.050000000000000044,0.4464131295681,0.0002546767292577507,0.0013195709325373173,0.9179756946675701,6,6,0.6666666666666666,5 4 6 9 7 8 10
2135,8943,0.050000000000000044,0.037854380905628204,0.00027428163230069913,0.0015338498633354902,0.858935121938533,3,3,0.3333333333333333,7 5 9 10
2136,8950,0.050000000000000044,0.36313745379447937,0.0003252778177349163,0.0012297757202759385,0.8959692806076351,6,6,0.6666666666666666,6 1 8 9 4 3 10
2137,8955,0.050000000000000044,0.40854373574256897,0.00026226421468891206,0.0009267329587601125,0.9290830131961247,4,4,0.4444444444444444,4 8 3 5 10
2138,8963,0.050000000000000044,0.35731178522109985,0.0002811379890772514,0.0011444977717474103,0.8980690075370276,7,7,0.7777777777777778,5 7 4 6 1 9 8 10
2139,8967,0.050000000000000044,0.15380366146564484,0.00036305433604866266,0.0017689340747892857,0.8747772203047409,3,3,0.3333333333333333,5 4 3 10
2140,8971,0.050000000000000044,0.3735106289386749,0.0002294749101565685,0.0010207341983914375,0.9165832582821318,3,3,0.3333333333333333,5 4 3 10
2141,8975,0.050000000000000044,0.42808064818382263,0.0003333146232762374,0.0009422020521014929,0.9351801989371938,3,3,0.3333333333333333,4 5 3 10
2142,8979,0.050000000000000044,0.2199639528989792,0.0003285773782408796,0.0008114546653814614,0.9388695206231793,3,3,0.3333333333333333,4 5 3 10
2143,8982,0.050000000000000044,0.13333460688591003,0.00025046566346039373,0.0006554607534781098,0.9395266219743225,2,2,0.2222222222222222,2 8 10
2144,8987,0.050000000000000044,0.108222097158432,0.0002754699904471636,0.0016729255439713597,0.881883158757131,4,4,0.4444444444444444,5 4 3 9 10
2145,8995,0.050000000000000044,0.46387171745300293,0.0002882096996472683,0.00032860744977369905,0.9410427441813858,7,7,0.7777777777777778,8 4 9 6 1 3 5 10
2146,8999,0.050000000000000044,0.462897926568985,0.00025306509996880777,0.00042539057903923094,0.9627984907482524,3,3,0.3333333333333333,5 4 3 10
2147,9003,0.050000000000000044,0.19546645879745483,0.00044301024900050834,0.0008336851024068892,0.9083935805152344,3,3,0.3333333333333333,5 4 3 10
2148,9007,0.050000000000000044,0.42808064818382263,0.00038303976180031896,0.0009422020521014929,0.9351801989371938,3,3,0.3333333333333333,4 3 5 10
2149,9016,0.050000000000000044,0.33762696385383606,0.0004339156019139207,0.0010417363373562694,0.9060982882657601,9,9,1.0,7 6 9 5 4 2 1 8 3
2150,9019,0.050000000000000044,0.16580474376678467,0.0005533846948916713,0.0014818604104220867,0.8525504401035598,2,2,0.2222222222222222,5 7 10
2151,9021,0.050000000000000044,0.04281405359506607,0.00031643819238524884,0.0013543919194489717,0.8872737571614818,1,1,0.1111111111111111,4 10
2152,9024,0.050000000000000044,0.11431776732206345,0.00027514458633959293,0.0005292989080771804,0.9235449083388632,2,2,0.2222222222222222,8 7 10
2153,9032,0.050000000000000044,0.39003461599349976,0.00043504514906089753,0.0008846846176311374,0.9116706122045143,7,7,0.7777777777777778,8 1 4 9 3 6 5 10
2154,9035,0.050000000000000044,0.09341372549533844,0.00032182141634014744,0.0018240439239889383,0.8610716218861899,2,2,0.2222222222222222,2 8 10
2155,9039,0.050000000000000044,0.462897926568985,0.00040234121115645394,0.00042539057903923094,0.9627984907482524,3,3,0.3333333333333333,3 5 4 10
2156,9048,0.050000000000000044,0.33762696385383606,0.0003927309622263743,0.0010417363373562694,0.9060982882657601,9,9,1.0,8 6 9 4 7 5 2 1 3
2157,9052,0.050000000000000044,0.20790411531925201,0.0003525301617628429,0.0007259475532919168,0.9303995626009602,3,3,0.3333333333333333,4 3 5 10
2158,9055,0.050000000000000044,0.15296532213687897,0.00030615820044962067,0.00039184308843687177,0.9318727257613904,2,2,0.2222222222222222,2 5 10
2159,9061,0.050000000000000044,0.47273552417755127,0.0003197318777286758,0.0006218620692379773,0.9314221076924225,5,5,0.5555555555555556,3 9 2 5 4 10
2160,9070,0.050000000000000044,0.409454882144928,0.00043015473703336384,0.0007548851426690817,0.9304624109326305,8,8,0.8888888888888888,4 9 6 8 1 3 7 5 10
2161,9074,0.050000000000000044,0.4268442392349243,0.0003908666330971755,0.0008054295904003084,0.9396085455287225,3,3,0.3333333333333333,4 3 5 10
2162,9076,0.050000000000000044,0.053220368921756744,0.0003781020932365209,0.0011728492099791765,0.886545326875237,1,1,0.1111111111111111,3 10
2163,9082,0.050000000000000044,0.470976322889328,0.0003502103960878837,0.0013043172657489777,0.9186882398641634,5,5,0.5555555555555556,2 5 4 3 9 10
2164,9084,0.050000000000000044,0.06098437309265137,0.00024898830452002585,0.0017735688015818596,0.8871583074395513,1,1,0.1111111111111111,4 10
2165,9088,0.050000000000000044,0.12204815447330475,0.00041197962855221704,0.00038178396061994135,0.9427411295252096,3,3,0.3333333333333333,2 3 4 10
2166,9092,0.050000000000000044,0.21996396780014038,0.00036491453647613525,0.0008114546653814614,0.9388695206231793,3,3,0.3333333333333333,4 3 5 10
2167,9094,0.050000000000000044,0.03451820835471153,0.0003091540129389614,0.001201205886900425,0.8625056232180663,1,1,0.1111111111111111,4 10
2168,9097,0.050000000000000044,0.09871698915958405,0.00033448913018219173,0.002618491416797042,0.8772848113999213,2,2,0.2222222222222222,1 7 10
2169,9101,0.050000000000000044,0.42808064818382263,0.00034373707603663206,0.0009422020521014929,0.9351801989371938,3,3,0.3333333333333333,4 3 5 10
2170,9104,0.050000000000000044,0.11113286763429642,0.0003683589942132433,0.001075435895472765,0.9014329623240495,2,2,0.2222222222222222,3 5 10
2171,9107,0.050000000000000044,0.11113286763429642,0.0004330471468468507,0.001075435895472765,0.9014329623240495,2,2,0.2222222222222222,3 5 10
2172,9109,0.050000000000000044,0.03884042054414749,0.00030111744126770645,0.0008692104602232575,0.9043948443320787,1,1,0.1111111111111111,4 10
2173,9113,0.050000000000000044,0.20790411531925201,0.00034653358306968585,0.0007259475532919168,0.9303995626009602,3,3,0.3333333333333333,4 3 5 10
2174,9118,0.050000000000000044,0.4020584523677826,0.00034170280559919775,0.001105802715755999,0.9161331591580626,4,4,0.4444444444444444,8 4 3 9 10
2175,9122,0.050000000000000044,0.21996396780014038,0.00039089113124646246,0.0008114546653814614,0.9388695206231793,3,3,0.3333333333333333,4 3 5 10
2176,9126,0.050000000000000044,0.3735106587409973,0.00030288925336208194,0.0010207341983914375,0.9165832582821318,3,3,0.3333333333333333,5 3 4 10
2177,9130,0.050000000000000044,0.17548403143882751,0.00031823448080103844,0.001176598947495222,0.9180084017418795,3,3,0.3333333333333333,5 3 1 10
2178,9133,0.050000000000000044,0.14341361820697784,0.00030793928696463507,0.0017113493522629142,0.8996180292577721,2,2,0.2222222222222222,3 5 10
2179,9136,0.050000000000000044,0.12553609907627106,0.00036155932078448433,0.0007633796194568276,0.9186078773880119,2,2,0.2222222222222222,4 3 10
2180,9138,0.050000000000000044,0.03451820835471153,0.0003531436959747225,0.001201205886900425,0.8625056232180663,1,1,0.1111111111111111,4 10
2181,9147,0.050000000000000044,0.41808706521987915,0.0003093482114814429,0.0012227857951074839,0.923950052289702,8,8,0.8888888888888888,4 9 8 3 1 6 7 5 10
2182,9151,0.050000000000000044,0.3735106587409973,0.0003632619191193953,0.0010207341983914375,0.9165832582821318,3,3,0.3333333333333333,3 5 4 10
2183,9153,0.050000000000000044,0.05438796430826187,0.0003576959279598668,0.0008057898376137018,0.9136342033300898,1,1,0.1111111111111111,1 10
2184,9157,0.050000000000000044,0.21996396780014038,0.0003232959716115147,0.0008114546653814614,0.9388695206231793,3,3,0.3333333333333333,4 3 5 10
2185,9165,0.050000000000000044,0.4404548406600952,0.0003250216796004679,0.000585604109801352,0.9349691365689358,7,7,0.7777777777777778,8 6 9 3 1 4 5 10
2186,9170,0.050000000000000044,0.14414827525615692,0.0002962230006232858,0.0007958349888212979,0.9099749164405533,4,4,0.4444444444444444,4 3 5 7 10
2187,9173,0.050000000000000044,0.11595679819583893,0.000266388999686266,0.0007748909993097186,0.9339300135989961,2,2,0.2222222222222222,7 5 10
2188,9178,0.050000000000000044,0.4062563180923462,0.00039096042746677995,0.0009400323033332825,0.9280494844605183,4,4,0.4444444444444444,1 5 3 4 10
2189,9183,0.050000000000000044,0.39180421829223633,0.00030871240887790917,0.0012975665740668774,0.9193958482249915,4,4,0.4444444444444444,1 5 3 4 10
2190,9186,0.050000000000000044,0.12553609907627106,0.00037854330730624497,0.0007633796194568276,0.9186078773880119,2,2,0.2222222222222222,4 3 10
2191,9188,0.050000000000000044,0.05966370552778244,0.00033778135548345745,0.0010643962305039167,0.8938761080762506,1,1,0.1111111111111111,4 10
2192,9196,0.050000000000000044,0.32418859004974365,0.00031284540091292,0.0009091193787753582,0.9086365709335994,7,7,0.7777777777777778,8 6 9 4 3 1 5 10
2193,9200,0.050000000000000044,0.15409798920154572,0.0003160731685056817,0.00028782730805687606,0.9470429438898311,3,3,0.3333333333333333,2 5 3 10
2194,9205,0.050000000000000044,0.4062562882900238,0.00026827860565390436,0.0009400323033332825,0.9280494844605183,4,4,0.4444444444444444,1 3 4 5 10
2195,9212,0.050000000000000044,0.4497290849685669,0.00027788199908432683,0.000768546829931438,0.9288734131172636,6,6,0.6666666666666666,4 9 3 8 6 5 10
2196,9217,0.050000000000000044,0.15469112992286682,0.00030118371068965644,0.00030161417089402676,0.9579591759426274,4,4,0.4444444444444444,4 9 3 5 10
2197,9221,0.050000000000000044,0.3735106587409973,0.0002495398948667571,0.0010207341983914375,0.9165832582821318,3,3,0.3333333333333333,3 5 4 10
2198,9223,0.050000000000000044,0.03451820835471153,0.0002902060659835115,0.001201205886900425,0.8625056232180663,1,1,0.1111111111111111,4 10
2199,9228,0.050000000000000044,0.45042890310287476,0.0003443168941885233,0.0003419184358790517,0.9670160694156333,4,4,0.4444444444444444,9 5 3 4 10
2200,9231,0.050000000000000044,0.11560302972793579,0.0003485796817888816,0.0010585244745016098,0.9055477057657826,2,2,0.2222222222222222,4 3 10
2201,9234,0.050000000000000044,0.15221481025218964,0.00031816594128031284,0.0004358246806077659,0.9368535895675739,2,2,0.2222222222222222,2 8 10
2202,9237,0.050000000000000044,0.13331417739391327,0.00034669153198289376,0.0012975872959941626,0.9118230704497213,2,2,0.2222222222222222,8 7 10
2203,9240,0.050000000000000044,0.09403984248638153,0.00033196072520998615,0.0013915984891355038,0.8971356978456132,2,2,0.2222222222222222,8 7 10
2204,9242,0.050000000000000044,0.05966370552778244,0.00036500317219179124,0.0010643962305039167,0.8938761080762506,1,1,0.1111111111111111,4 10
2205,9246,0.050000000000000044,0.19546647369861603,0.000332578674715478,0.0008336851024068892,0.9083935805152344,3,3,0.3333333333333333,4 3 5 10
2206,9251,0.050000000000000044,0.34664806723594666,0.0004434685397427529,0.0009869566420093179,0.918612294669809,4,4,0.4444444444444444,5 3 4 2 10
2207,9255,0.050000000000000044,0.17696836590766907,0.0005750507261836901,0.00037597696064040065,0.9456780639684158,3,3,0.3333333333333333,2 3 8 10
2208,9258,0.050000000000000044,0.08641081303358078,0.0004652870702557266,0.0014137182151898742,0.8897607826343189,2,2,0.2222222222222222,7 5 10
2209,9262,0.050000000000000044,0.4219055473804474,0.0005322385113686323,0.000634961761534214,0.934013288472552,3,3,0.3333333333333333,5 3 4 10
2210,9270,0.050000000000000044,0.4262280762195587,0.0004816299806407187,0.0013085526879876852,0.9188880837665302,7,7,0.7777777777777778,2 5 4 6 7 8 9 10
2211,9275,0.050000000000000044,0.43671557307243347,0.0005198165366891771,0.0003903039905708283,0.9637448352791467,4,4,0.4444444444444444,2 5 4 3 10
2212,9280,0.050000000000000044,0.4764205813407898,0.0005347592872567475,0.0006733017507940531,0.9250739478859408,4,4,0.4444444444444444,2 5 4 3 10
2213,9282,0.050000000000000044,0.03884042054414749,0.0006193493463797495,0.0008692104602232575,0.9043948443320787,1,1,0.1111111111111111,4 10
2214,9285,0.050000000000000044,0.11560302972793579,0.00047002482460811734,0.0010585244745016098,0.9055477057657826,2,2,0.2222222222222222,4 3 10
2215,9287,0.050000000000000044,0.046487025916576385,0.0004418322496348992,0.00152482814155519,0.8309204229524672,1,1,0.1111111111111111,4 10
2216,9289,0.050000000000000044,0.04281405359506607,0.0003384047595318407,0.0013543919194489717,0.8872737571614818,1,1,0.1111111111111111,4 10
2217,9297,0.050000000000000044,0.41037270426750183,0.0004493920750974212,0.0008343324298039079,0.9242690996522711,7,7,0.7777777777777778,5 7 9 8 4 6 2 10
2218,9300,0.050000000000000044,0.13333460688591003,0.00038848345866426826,0.0006554607534781098,0.9395266219743225,2,2,0.2222222222222222,2 8 10
2219,9302,0.050000000000000044,0.046487025916576385,0.0004670015332521871,0.00152482814155519,0.8309204229524672,1,1,0.1111111111111111,4 10
2220,9305,0.050000000000000044,0.20859096944332123,0.0003753631511547913,0.0005442805704660714,0.9466023426613683,2,2,0.2222222222222222,2 5 10
2221,9308,0.050000000000000044,0.10423704981803894,0.0005376544043732187,0.0015450150240212679,0.8592284659408785,2,2,0.2222222222222222,7 5 10
2222,9310,0.050000000000000044,0.0960620567202568,0.0005011458852095529,0.0008465588325634599,0.8844111252589402,1,1,0.1111111111111111,4 10
2223,9318,0.050000000000000044,0.49382707476615906,0.00040391086804447696,0.00045509031042456627,0.9545238987054326,7,7,0.7777777777777778,7 8 6 1 3 4 5 10
2224,9321,0.050000000000000044,-0.0012527182698249817,0.0003344410700568308,0.0009025807958096266,0.8895648175166138,2,2,0.2222222222222222,8 3 10
2225,9323,0.050000000000000044,0.04548247531056404,0.0004413851856952533,0.0012849284103140235,0.8850821269704882,1,1,0.1111111111111111,3 10
2226,9325,0.050000000000000044,0.04510943219065666,0.0004150799650233239,0.0009057357674464583,0.8937286822552771,1,1,0.1111111111111111,3 10
2227,9331,0.050000000000000044,0.48141050338745117,0.0003768464957829565,0.00038079742807894945,0.9332590711244363,5,5,0.5555555555555556,7 3 2 5 4 10
2228,9333,0.050000000000000044,0.03884042054414749,0.000401332916226238,0.0008692104602232575,0.9043948443320787,1,1,0.1111111111111111,4 10
2229,9335,0.050000000000000044,0.04281405359506607,0.00026392006111564115,0.0013543919194489717,0.8872737571614818,1,1,0.1111111111111111,4 10
2230,9338,0.050000000000000044,0.17162683606147766,0.0004594335041474551,0.0005301336059346795,0.9255065859143714,2,2,0.2222222222222222,2 5 10
2231,9344,0.050000000000000044,0.43794679641723633,0.00033909237148084986,0.000895155593752861,0.9189484512231864,5,5,0.5555555555555556,9 2 4 3 8 10
2232,9347,0.050000000000000044,0.11289169639348984,0.00035269418731331825,0.0008389668073505163,0.9120918852182971,2,2,0.2222222222222222,3 5 10
2233,9353,0.050000000000000044,0.4506734013557434,0.0003445124748395756,0.0006854492239654064,0.9244510956400923,5,5,0.5555555555555556,9 2 3 4 8 10
2234,9357,0.050000000000000044,0.3735106289386749,0.00034955894079757854,0.0010207341983914375,0.9165832582821318,3,3,0.3333333333333333,5 4 3 10
2235,9360,0.050000000000000044,0.11560302972793579,0.0003022861492354423,0.0010585244745016098,0.9055477057657826,2,2,0.2222222222222222,4 3 10
2236,9362,0.050000000000000044,0.024119332432746887,0.00023559496185043827,0.0017540492117404938,0.8133872485853616,1,1,0.1111111111111111,8 10
2237,9365,0.050000000000000044,0.017009064555168152,0.00045229024059760076,0.0006167175015434623,0.9194520173082738,2,2,0.2222222222222222,8 3 10
2238,9370,0.050000000000000044,0.41107919812202454,0.0003896726761013269,0.0010477229952812195,0.9209184199217242,4,4,0.4444444444444444,7 3 4 5 10
2239,9378,0.050000000000000044,0.37858548760414124,0.00038495845365105197,0.0010532522574067116,0.9044165295702665,7,7,0.7777777777777778,9 8 4 1 3 6 5 10
2240,9380,0.050000000000000044,0.040166184306144714,0.00036585649650078267,0.0011256439611315727,0.8741914829533818,1,1,0.1111111111111111,3 10
2241,9382,0.050000000000000044,0.05438796430826187,0.00042548353667370975,0.0008057898376137018,0.9136342033300898,1,1,0.1111111111111111,1 10
2242,9386,0.050000000000000044,0.42808064818382263,0.00032753934647189453,0.0009422020521014929,0.9351801989371938,3,3,0.3333333333333333,4 5 3 10
2243,9393,0.050000000000000044,0.47672709822654724,0.0003040566932343479,0.0003453805693425238,0.9378999201104701,6,6,0.6666666666666666,7 3 4 6 1 5 10
2244,9398,0.050000000000000044,0.3960267901420593,0.00031554640154354276,0.0012690926669165492,0.9215214732025532,4,4,0.4444444444444444,7 3 4 5 10
2245,9403,0.050000000000000044,0.4303478002548218,0.0002822666079737246,0.0007181070977821946,0.947020506603681,4,4,0.4444444444444444,4 9 3 5 10
2246,9409,0.050000000000000044,0.37146326899528503,0.0002645034158679967,0.0005606653867289424,0.9386930517081556,5,5,0.5555555555555556,2 8 4 5 3 10
2247,9412,0.050000000000000044,0.19850707054138184,0.0002740529889706522,0.0011218287982046604,0.8705303985071806,2,2,0.2222222222222222,2 5 10
2248,9415,0.050000000000000044,0.15296532213687897,0.00032735479180701077,0.00039184308843687177,0.9318727257613904,2,2,0.2222222222222222,2 5 10
2249,9419,0.050000000000000044,0.4219055473804474,0.00037883374170633033,0.000634961761534214,0.934013288472552,3,3,0.3333333333333333,5 3 4 10
2250,9423,0.050000000000000044,0.462897926568985,0.0002990719804074615,0.00042539057903923094,0.9627984907482524,3,3,0.3333333333333333,5 3 4 10
2251,9425,0.050000000000000044,0.03451820835471153,0.00026944636192638427,0.001201205886900425,0.8625056232180663,1,1,0.1111111111111111,4 10
2252,9429,0.050000000000000044,0.3876883387565613,0.0003107609081780538,0.0016686213202774525,0.907971567114401,3,3,0.3333333333333333,7 5 4 10
2253,9435,0.050000000000000044,0.34304842352867126,0.00032171691903689254,0.0009845205349847674,0.9020502528399407,5,5,0.5555555555555556,7 3 2 5 4 10
2254,9437,0.050000000000000044,0.06098437309265137,0.0003533572016749531,0.0017735688015818596,0.8871583074395513,1,1,0.1111111111111111,4 10
2255,9440,0.050000000000000044,0.13333460688591003,0.00031102436090198654,0.0006554607534781098,0.9395266219743225,2,2,0.2222222222222222,2 8 10
2256,9442,0.050000000000000044,0.0589144229888916,0.00032483979885000736,0.0007895955350250006,0.8966935165890899,1,1,0.1111111111111111,4 10
2257,9447,0.050000000000000044,0.41107919812202454,0.0003327044367324561,0.0010477229952812195,0.9209184199217242,4,4,0.4444444444444444,7 3 4 5 10
2258,9456,0.050000000000000044,0.40415680408477783,0.0003566565865185112,0.0006273770704865456,0.9308189273270359,8,8,0.8888888888888888,7 5 4 2 8 9 6 1 10
2259,9460,0.050000000000000044,0.19546644389629364,0.0003430344004300423,0.0008336851024068892,0.9083935805152344,3,3,0.3333333333333333,5 3 4 10
2260,9464,0.050000000000000044,0.16937707364559174,0.0002598286264401395,0.00039972783997654915,0.943740930093738,3,3,0.3333333333333333,2 5 4 10
2261,9473,0.050000000000000044,0.33756500482559204,0.0003635480550454102,0.001136177801527083,0.8992367424558091,8,8,0.8888888888888888,7 5 4 6 9 2 8 1 10
2262,9476,0.050000000000000044,0.16971264779567719,0.0003474553959676996,0.0021276811603456736,0.8450265611199647,2,2,0.2222222222222222,5 3 10
2263,9480,0.050000000000000044,0.05194271355867386,0.0003185830937582068,0.001417841180227697,0.8722921525450439,3,3,0.3333333333333333,5 3 2 10
2264,9482,0.050000000000000044,0.04281405359506607,0.00041863927617669106,0.0013543919194489717,0.8872737571614818,1,1,0.1111111111111111,4 10
2265,9484,0.050000000000000044,0.04281405359506607,0.00032957007351797074,0.0013543919194489717,0.8872737571614818,1,1,0.1111111111111111,4 10
2266,9487,0.050000000000000044,0.11132143437862396,0.0002989136701216921,0.001524352584965527,0.868346408647391,2,2,0.2222222222222222,5 3 10
2267,9492,0.050000000000000044,0.41107916831970215,0.00027688645059242845,0.0010477229952812195,0.9209184199217242,4,4,0.4444444444444444,7 3 5 4 10
2268,9496,0.050000000000000044,0.15380369126796722,0.00026308896849513985,0.0017689340747892857,0.8747772203047409,3,3,0.3333333333333333,5 3 4 10
2269,9501,0.050000000000000044,0.4303478002548218,0.0004654160584323108,0.0007181070977821946,0.947020506603681,4,4,0.4444444444444444,4 9 3 5 10
2270,9504,0.050000000000000044,0.11431776732206345,0.0004733568930532783,0.0005292989080771804,0.9235449083388632,2,2,0.2222222222222222,8 7 10
2271,9511,0.050000000000000044,0.4318704605102539,0.0005004469546422895,0.0008358745253644884,0.9238273709232827,6,6,0.6666666666666666,5 7 8 2 4 6 10
2272,9514,0.050000000000000044,0.10047644376754761,0.0005922941005943964,0.0012954178964719176,0.8977892453141076,2,2,0.2222222222222222,4 3 10
2273,9518,0.050000000000000044,0.1532568335533142,0.00040542619171901606,0.00043696246575564146,0.9379463250550589,3,3,0.3333333333333333,2 5 3 10
2274,9522,0.050000000000000044,0.462897926568985,0.00046390485658776015,0.00042539057903923094,0.9627984907482524,3,3,0.3333333333333333,4 3 5 10
2275,9527,0.050000000000000044,0.3672603964805603,0.0003679666435346007,0.000974771217443049,0.9015642965431729,4,4,0.4444444444444444,6 5 3 4 10
2276,9530,0.050000000000000044,0.09556440263986588,0.0004155993616829316,0.0006272533209994435,0.9192769209213121,2,2,0.2222222222222222,4 3 10
2277,9536,0.050000000000000044,0.4902801513671875,0.0004221500518421332,0.00036083016311749816,0.934968064057416,5,5,0.5555555555555556,5 3 8 2 4 10
2278,9539,0.050000000000000044,0.16853228211402893,0.0003654043733452757,0.0015061104204505682,0.8584667166050493,2,2,0.2222222222222222,5 3 10
2279,9542,0.050000000000000044,0.13333460688591003,0.00039186976694812375,0.0006554607534781098,0.9395266219743225,2,2,0.2222222222222222,2 8 10
2280,9543,0.050000000000000044,0.0,0.00027082758606411517,0.0034648894798010588,0.7995885665950395,0,0,0.0,10
2281,9552,0.050000000000000044,0.303176611661911,0.000431733600433088,0.0009087403886951506,0.9097671382722758,8,8,0.8888888888888888,8 6 9 2 7 5 4 3 10
2282,9555,0.050000000000000044,0.10423704981803894,0.0003767695452552289,0.0015450150240212679,0.8592284659408785,2,2,0.2222222222222222,7 5 10
2283,9557,0.050000000000000044,0.05966370552778244,0.00041450056596659124,0.0010643962305039167,0.8938761080762506,1,1,0.1111111111111111,4 10
2284,9564,0.050000000000000044,0.44599875807762146,0.0003352198109496385,0.0006347397575154901,0.9299625298462356,6,6,0.6666666666666666,8 6 9 4 7 5 10
2285,9568,0.050000000000000044,0.42808064818382263,0.00032195115636568516,0.0009422020521014929,0.9351801989371938,3,3,0.3333333333333333,4 3 5 10
2286,9571,0.050000000000000044,0.11289169639348984,0.0004112876389020433,0.0008389668073505163,0.9120918852182971,2,2,0.2222222222222222,3 5 10
2287,9574,0.050000000000000044,0.11289169639348984,0.00032949935606059927,0.0008389668073505163,0.9120918852182971,2,2,0.2222222222222222,3 5 10
2288,9577,0.050000000000000044,0.20648209750652313,0.00034780251250291866,0.0005874915514141321,0.9488210503928868,2,2,0.2222222222222222,2 8 10
2289,9579,0.050000000000000044,0.03799684718251228,0.0003896487323800102,0.002125915139913559,0.8768251535441731,1,1,0.1111111111111111,3 10
2290,9582,0.050000000000000044,0.19791531562805176,0.00033632318566863734,0.0011633896501734853,0.8739712917900397,2,2,0.2222222222222222,2 8 10
2291,9585,0.050000000000000044,0.20648209750652313,0.00041208457939016324,0.0005874915514141321,0.9488210503928868,2,2,0.2222222222222222,2 8 10
2292,9588,0.050000000000000044,0.15134380757808685,0.0003619655714525531,0.0024468160700052977,0.8412959741891318,2,2,0.2222222222222222,7 8 10
2293,9595,0.050000000000000044,0.4772373139858246,0.0003934633028360882,0.00034470512764528394,0.9381449811169423,6,6,0.6666666666666666,6 2 4 7 5 3 10
2294,9599,0.050000000000000044,0.02700679749250412,0.0004400548932608217,0.001823373488150537,0.8614114811522144,3,3,0.3333333333333333,9 2 8 10
2295,9602,0.050000000000000044,0.20648209750652313,0.0003552075650077313,0.0005874915514141321,0.9488210503928868,2,2,0.2222222222222222,2 8 10
2296,9609,0.050000000000000044,0.5190914869308472,0.0003743099722279502,0.0004520918882917613,0.9568754933535273,6,6,0.6666666666666666,8 3 4 6 9 5 10
2297,9614,0.050000000000000044,0.11422404646873474,0.0003853909729514271,0.001101954374462366,0.8934055436380411,4,4,0.4444444444444444,5 3 4 9 10
2298,9618,0.050000000000000044,0.20790411531925201,0.0003252758615417406,0.0007259475532919168,0.9303995626009602,3,3,0.3333333333333333,4 3 5 10
2299,9621,0.050000000000000044,0.15221481025218964,0.00033078300960672397,0.0004358246806077659,0.9368535895675739,2,2,0.2222222222222222,2 8 10
2300,9623,0.050000000000000044,0.0589144229888916,0.000423637218773365,0.0007895955350250006,0.8966935165890899,1,1,0.1111111111111111,4 10
2301,9627,0.050000000000000044,0.43453365564346313,0.00037643060204572976,0.0009676149347797036,0.9256354660752554,3,3,0.3333333333333333,4 5 3 10
2302,9633,0.050000000000000044,0.41854003071784973,0.0002792080679986005,0.00033667677780613303,0.967349492128624,5,5,0.5555555555555556,9 2 3 5 4 10
2303,9635,0.050000000000000044,0.053220368921756744,0.0003107120719505474,0.0011728492099791765,0.886545326875237,1,1,0.1111111111111111,3 10
2304,9643,0.050000000000000044,0.32418859004974365,0.0003580285920179449,0.0009091193787753582,0.9086365709335994,7,7,0.7777777777777778,3 1 8 4 9 6 5 10
2305,9651,0.050000000000000044,0.4992430806159973,0.00030119653820293024,0.00044275051914155483,0.9570903429201185,7,7,0.7777777777777778,3 8 4 6 9 1 5 10
2306,9655,0.050000000000000044,0.15380369126796722,0.00029169508343329653,0.0017689340747892857,0.8747772203047409,3,3,0.3333333333333333,5 3 4 10
2307,9661,0.050000000000000044,0.4836175739765167,0.00030210555511681986,0.00037674803752452135,0.9339694840906633,5,5,0.5555555555555556,5 7 8 4 6 10
2308,9664,0.050000000000000044,0.1792849898338318,0.0002796571934595704,0.0012298867804929614,0.884983474581406,2,2,0.2222222222222222,2 8 10
2309,9667,0.050000000000000044,0.20648209750652313,0.00025664120039436966,0.0005874915514141321,0.9488210503928868,2,2,0.2222222222222222,2 8 10
2310,9672,0.050000000000000044,0.4051446318626404,0.0002978412201628089,0.0007432452403008938,0.9430588558582007,4,4,0.4444444444444444,4 3 5 2 10
2311,9680,0.050000000000000044,0.42891600728034973,0.0003324530516692903,0.0007646300364285707,0.9295498389267893,7,7,0.7777777777777778,5 7 8 6 4 9 3 10
2312,9683,0.050000000000000044,0.15221481025218964,0.0003659405920188874,0.0004358246806077659,0.9368535895675739,2,2,0.2222222222222222,2 8 10
2313,9687,0.050000000000000044,0.19198879599571228,0.0002881579057429917,0.0003517318400554359,0.9524080036794955,3,3,0.3333333333333333,4 3 5 10
2314,9690,0.050000000000000044,0.11132143437862396,0.00038038262088472646,0.001524352584965527,0.868346408647391,2,2,0.2222222222222222,3 5 10
2315,9692,0.050000000000000044,0.046487025916576385,0.00033405478461645544,0.00152482814155519,0.8309204229524672,1,1,0.1111111111111111,4 10
2316,9695,0.050000000000000044,0.11431778222322464,0.00040907098446041346,0.0005292989080771804,0.9235449083388632,2,2,0.2222222222222222,7 8 10
2317,9697,0.050000000000000044,0.046487025916576385,0.0002761494542937726,0.00152482814155519,0.8309204229524672,1,1,0.1111111111111111,4 10
2318,9705,0.050000000000000044,0.46042120456695557,0.00030521052758558653,0.0005649551749229431,0.9465035837449302,7,7,0.7777777777777778,8 7 9 5 4 2 6 10
2319,9707,0.050000000000000044,0.03451820835471153,0.000491874961880967,0.001201205886900425,0.8625056232180663,1,1,0.1111111111111111,4 10
2320,9711,0.050000000000000044,0.4268442392349243,0.0002646884931891691,0.0008054295904003084,0.9396085455287225,3,3,0.3333333333333333,4 3 5 10
2321,9713,0.050000000000000044,0.0589144229888916,0.0003759924293262884,0.0007895955350250006,0.8966935165890899,1,1,0.1111111111111111,4 10
2322,9716,0.050000000000000044,0.10047644376754761,0.0003284588553166638,0.0012954178964719176,0.8977892453141076,2,2,0.2222222222222222,4 3 10
2323,9719,0.050000000000000044,0.03883565217256546,0.0003468237506846587,0.0015883161686360836,0.8568046411120651,2,2,0.2222222222222222,6 2 10
2324,9725,0.050000000000000044,0.426578164100647,0.00033575089279717457,0.0009104452328756452,0.9085272959523195,5,5,0.5555555555555556,8 7 5 3 4 10
2325,9731,0.050000000000000044,0.41272997856140137,0.0002627761229329432,0.001097400556318462,0.9013378492929706,5,5,0.5555555555555556,8 7 5 3 4 10
2326,9733,0.050000000000000044,0.0589144229888916,0.00035924799158237875,0.0007895955350250006,0.8966935165890899,1,1,0.1111111111111111,4 10
2327,9737,0.050000000000000044,0.43453365564346313,0.0003623524899012409,0.0009676149347797036,0.9256354660752554,3,3,0.3333333333333333,4 3 5 10
2328,9740,0.050000000000000044,0.13333460688591003,0.0003755981451831758,0.0006554607534781098,0.9395266219743225,2,2,0.2222222222222222,2 8 10
2329,9742,0.050000000000000044,0.03884042054414749,0.00020882832177449018,0.0008692104602232575,0.9043948443320787,1,1,0.1111111111111111,4 10
2330,9745,0.050000000000000044,0.15221481025218964,0.000363936327630654,0.0004358246806077659,0.9368535895675739,2,2,0.2222222222222222,2 8 10
2331,9747,0.050000000000000044,0.05966370552778244,0.00030522966699209064,0.0010643962305039167,0.8938761080762506,1,1,0.1111111111111111,4 10
2332,9750,0.050000000000000044,0.19324557483196259,0.0003143777430523187,0.00048408107249997556,0.9337721387108214,2,2,0.2222222222222222,2 8 10
2333,9756,0.050000000000000044,0.4182576537132263,0.0007811665709596127,0.0009410849888809025,0.9060368389068404,5,5,0.5555555555555556,7 9 3 5 4 10
2334,9764,0.050000000000000044,0.32041651010513306,0.0006330612741294317,0.0009186526294797659,0.9072586482703048,7,7,0.7777777777777778,9 2 3 4 8 1 5 10
2335,9767,0.050000000000000044,0.19324557483196259,0.00046223228370460373,0.00048408107249997556,0.9337721387108214,2,2,0.2222222222222222,2 8 10
2336,9773,0.050000000000000044,0.5134713649749756,0.0006134809858243292,0.0005321139469742775,0.9475195095492317,5,5,0.5555555555555556,8 4 3 9 7 10
2337,9775,0.050000000000000044,0.06062532961368561,0.0006103146588429809,0.0011297360761091113,0.8922865877058644,1,1,0.1111111111111111,4 10
2338,9778,0.050000000000000044,0.10219607502222061,0.0006005015263023475,0.001137232524342835,0.895769706866333,2,2,0.2222222222222222,3 8 10
2339,9787,0.050000000000000044,0.4775644838809967,0.0004646088313570039,0.00044064008397981524,0.9571462370162912,8,8,0.8888888888888888,4 3 9 8 6 1 7 5 10
2340,9789,0.050000000000000044,0.026320703327655792,0.0004992752074031159,0.0017540480475872755,0.8176725338635065,1,1,0.1111111111111111,5 10
2341,9791,0.050000000000000044,0.0589144229888916,0.0004824793431907892,0.0007895955350250006,0.8966935165890899,1,1,0.1111111111111111,4 10
2342,9794,0.050000000000000044,0.10284934937953949,0.000392077238454173,0.0005679064779542387,0.9175956491978925,2,2,0.2222222222222222,8 3 10
2343,9796,0.050000000000000044,0.04281405359506607,0.00046110906987451017,0.0013543919194489717,0.8872737571614818,1,1,0.1111111111111111,4 10
2344,9805,0.050000000000000044,0.37252292037010193,0.0004360903565409697,0.0008689177921041846,0.9134493609990008,8,8,0.8888888888888888,8 4 3 6 9 1 7 5 10
2345,9809,0.050000000000000044,0.12792052328586578,0.0003145070731989108,0.0012232504086568952,0.8886676454799212,3,3,0.3333333333333333,2 8 6 10
2346,9814,0.050000000000000044,0.4085598587989807,0.00035593879874795675,0.00121139211114496,0.8936109589268847,4,4,0.4444444444444444,3 1 4 5 10
2347,9818,0.050000000000000044,0.42808064818382263,0.0004851518606301397,0.0009422020521014929,0.9351801989371938,3,3,0.3333333333333333,4 3 5 10
2348,9821,0.050000000000000044,0.1792849898338318,0.00037436426888840896,0.0012298867804929614,0.884983474581406,2,2,0.2222222222222222,2 8 10
2349,9824,0.050000000000000044,0.15296532213687897,0.0003930629948930194,0.00039184308843687177,0.9318727257613904,2,2,0.2222222222222222,2 5 10
2350,9827,0.050000000000000044,0.1985398530960083,0.0003287451496968667,0.001383081078529358,0.8987387401205748,2,2,0.2222222222222222,2 8 10
2351,9830,0.050000000000000044,0.10423704981803894,0.00042813918359267217,0.0015450150240212679,0.8592284659408785,2,2,0.2222222222222222,7 5 10
2352,9833,0.050000000000000044,0.10523057729005814,0.0004056044466172655,0.0011991013307124376,0.8964561648693437,2,2,0.2222222222222222,8 3 10
2353,9836,0.050000000000000044,0.10565033555030823,0.00037807267896520597,0.000862680550199002,0.9062479717322536,2,2,0.2222222222222222,8 3 10
2354,9838,0.050000000000000044,0.03799684718251228,0.00037501622864510864,0.002125915139913559,0.8768251535441731,1,1,0.1111111111111111,3 10
2355,9842,0.050000000000000044,0.462897926568985,0.00029196055402280763,0.00042539057903923094,0.9627984907482524,3,3,0.3333333333333333,3 5 4 10
2356,9844,0.050000000000000044,0.06098437309265137,0.000440435076598078,0.0017735688015818596,0.8871583074395513,1,1,0.1111111111111111,4 10
2357,9847,0.050000000000000044,0.09556440263986588,0.00036989582198051113,0.0006272533209994435,0.9192769209213121,2,2,0.2222222222222222,4 3 10
2358,9849,0.050000000000000044,0.05966370552778244,0.0003741964028449729,0.0010643962305039167,0.8938761080762506,1,1,0.1111111111111111,4 10
2359,9852,0.050000000000000044,0.11410621553659439,0.0003021194861503318,0.00218987581320107,0.8792645317213289,2,2,0.2222222222222222,7 5 10
2360,9856,0.050000000000000044,0.4219055473804474,0.0004697417971328832,0.000634961761534214,0.934013288472552,3,3,0.3333333333333333,5 3 4 10
2361,9860,0.050000000000000044,0.42808064818382263,0.00038037096965126693,0.0009422020521014929,0.9351801989371938,3,3,0.3333333333333333,4 3 5 10
2362,9865,0.050000000000000044,0.08919760584831238,0.0003582837904104963,0.0012664685491472483,0.876696453933625,4,4,0.4444444444444444,2 3 8 7 10
2363,9869,0.050000000000000044,0.15380367636680603,0.00040120232733897865,0.0017689340747892857,0.8747772203047409,3,3,0.3333333333333333,4 5 3 10
2364,9871,0.050000000000000044,0.040166184306144714,0.0003060076560359448,0.0011256439611315727,0.8741914829533818,1,1,0.1111111111111111,3 10
2365,9875,0.050000000000000044,0.2199639528989792,0.00029370103948167525,0.0008114546653814614,0.9388695206231793,3,3,0.3333333333333333,4 5 3 10
2366,9878,0.050000000000000044,0.11937884241342545,0.00035413233369278413,0.0014767537359148264,0.9056765748172396,2,2,0.2222222222222222,8 4 10
2367,9881,0.050000000000000044,0.11132143437862396,0.00037538639541404944,0.001524352584965527,0.868346408647391,2,2,0.2222222222222222,5 3 10
2368,9888,0.050000000000000044,0.5106146335601807,0.00037355323105917444,0.0004713188682217151,0.9528384199288455,6,6,0.6666666666666666,2 4 5 6 3 1 10
2369,9890,0.050000000000000044,0.04281405359506607,0.0004427661478985101,0.0013543919194489717,0.8872737571614818,1,1,0.1111111111111111,4 10
2370,9892,0.050000000000000044,0.01719096675515175,0.0002958872210001573,0.0017430841689929366,0.7986555485349419,1,1,0.1111111111111111,1 10
2371,9895,0.050000000000000044,0.15134380757808685,0.0003279127219381432,0.0024468160700052977,0.8412959741891318,2,2,0.2222222222222222,7 8 10
2372,9898,0.050000000000000044,0.09403984248638153,0.0003930813594100376,0.0013915984891355038,0.8971356978456132,2,2,0.2222222222222222,7 8 10
2373,9904,0.050000000000000044,0.4588189423084259,0.00035625582677312195,0.0008175658877007663,0.925065054656776,5,5,0.5555555555555556,9 2 4 5 3 10
2374,9912,0.050000000000000044,0.43104875087738037,0.0003827002456091577,0.0007564851548522711,0.9301315982439572,7,7,0.7777777777777778,3 4 9 8 1 6 5 10
2375,9914,0.050000000000000044,0.029178842902183533,0.00037422761670313776,0.001665644347667694,0.8132051601695887,1,1,0.1111111111111111,3 10
2376,9918,0.050000000000000044,0.4219055473804474,0.00036172984982840717,0.000634961761534214,0.934013288472552,3,3,0.3333333333333333,3 5 4 10
2377,9920,0.050000000000000044,0.04281405359506607,0.0003314678033348173,0.0013543919194489717,0.8872737571614818,1,1,0.1111111111111111,4 10
2378,9923,0.050000000000000044,0.20648209750652313,0.00030085960558305186,0.0005874915514141321,0.9488210503928868,2,2,0.2222222222222222,2 8 10
2379,9928,0.050000000000000044,0.10349641740322113,0.00031243296689353883,0.0017181015573441982,0.8784957558412756,4,4,0.4444444444444444,4 5 8 3 10
2380,9931,0.050000000000000044,0.09341372549533844,0.00032042356906458735,0.0018240439239889383,0.8610716218861899,2,2,0.2222222222222222,2 8 10
2381,9935,0.050000000000000044,0.41966888308525085,0.0003917151116183959,0.001196348457597196,0.9069899972993327,3,3,0.3333333333333333,8 4 3 10
2382,9938,0.050000000000000044,0.16971264779567719,0.0003916229858684043,0.0021276811603456736,0.8450265611199647,2,2,0.2222222222222222,5 3 10
2383,9941,0.050000000000000044,0.1985398530960083,0.00030653227198248106,0.001383081078529358,0.8987387401205748,2,2,0.2222222222222222,2 8 10
2384,9944,0.050000000000000044,0.14341361820697784,0.00036316389256777865,0.0017113493522629142,0.8996180292577721,2,2,0.2222222222222222,5 3 10
2385,9947,0.050000000000000044,0.19324557483196259,0.00034307819441892207,0.00048408107249997556,0.9337721387108214,2,2,0.2222222222222222,2 8 10
2386,9950,0.050000000000000044,0.20845095813274384,0.00029577779544827837,0.001094325794838369,0.8804312563112602,2,2,0.2222222222222222,5 3 10
2387,9959,0.050000000000000044,0.41808703541755676,0.00036111318331677467,0.0012227857951074839,0.923950052289702,8,8,0.8888888888888888,8 4 3 9 1 6 7 5 10
2388,9961,0.050000000000000044,0.03451820835471153,0.0002999652933795005,0.001201205886900425,0.8625056232180663,1,1,0.1111111111111111,4 10
2389,9969,0.050000000000000044,0.4980912506580353,0.00034091094494215213,0.0004475153982639313,0.9570397685207737,7,7,0.7777777777777778,8 6 9 7 5 4 3 10
2390,9971,0.050000000000000044,0.06062532961368561,0.0003064774937229231,0.0011297360761091113,0.8922865877058644,1,1,0.1111111111111111,4 10
2391,9974,0.050000000000000044,0.11560302972793579,0.000300568834063597,0.0010585244745016098,0.9055477057657826,2,2,0.2222222222222222,4 3 10
2392,9983,0.050000000000000044,0.39912453293800354,0.00028636458187571005,0.0005774699384346604,0.936160917851219,9,9,1.0,8 4 3 9 1 6 7 5 2
2393,9987,0.050000000000000044,0.3735106587409973,0.0003089332167292014,0.0010207341983914375,0.9165832582821318,3,3,0.3333333333333333,5 3 4 10
2394,9996,0.050000000000000044,0.41734156012535095,0.00031143505637171783,0.0012294133193790913,0.923952450774229,8,8,0.8888888888888888,8 3 4 9 1 6 5 2 10
2395,10000,0.050000000000000044,0.3735106587409973,0.00028723495779559016,0.0010207341983914375,0.9165832582821318,3,3,0.3333333333333333,5 3 4 10
2396,10002,0.050000000000000044,0.06062532961368561,0.0006787587772123516,0.0011297360761091113,0.8922865877058644,1,1,0.1111111111111111,4 10
2397,10004,0.050000000000000044,0.040166184306144714,0.0006332061602734029,0.0011256439611315727,0.8741914829533818,1,1,0.1111111111111111,3 10
2398,10007,0.050000000000000044,0.10047644376754761,0.0004961224913131446,0.0012954178964719176,0.8977892453141076,2,2,0.2222222222222222,4 3 10
2399,10010,0.050000000000000044,0.20845095813274384,0.0004282284256381293,0.001094325794838369,0.8804312563112602,2,2,0.2222222222222222,5 3 10
2400,10012,0.050000000000000044,0.05966370552778244,0.0005624550103675574,0.0010643962305039167,0.8938761080762506,1,1,0.1111111111111111,4 10
2401,10016,0.050000000000000044,0.4197719097137451,0.00041849409171845764,0.0013346211053431034,0.9167494995249037,3,3,0.3333333333333333,4 5 3 10
2402,10019,0.050000000000000044,0.19324557483196259,0.0004850492502252261,0.00048408107249997556,0.9337721387108214,2,2,0.2222222222222222,2 8 10
2403,10022,0.050000000000000044,0.09341372549533844,0.000752305689578255,0.0018240439239889383,0.8610716218861899,2,2,0.2222222222222222,2 8 10
2404,10023,0.050000000000000044,0.0,0.0003458308055996895,0.002853183075785637,0.7414969990470676,0,0,0.0,10
2405,10031,0.050000000000000044,0.39003461599349976,0.0003899344737874344,0.0008846846176311374,0.9116706122045143,7,7,0.7777777777777778,4 8 3 9 1 6 5 10
2406,10040,0.050000000000000044,0.33756497502326965,0.00045526412173381285,0.001136177801527083,0.8992367424558091,8,8,0.8888888888888888,5 8 9 7 4 1 6 2 10
2407,10042,0.050000000000000044,0.03451820835471153,0.0004109092988073826,0.001201205886900425,0.8625056232180663,1,1,0.1111111111111111,4 10
2408,10045,0.050000000000000044,0.11289171129465103,0.00030853764231627184,0.0008389668073505163,0.9120918852182971,2,2,0.2222222222222222,5 3 10
2409,10050,0.050000000000000044,0.39180421829223633,0.00041291243396699426,0.0012975665740668774,0.9193958482249915,4,4,0.4444444444444444,1 3 5 4 10
2410,10057,0.050000000000000044,0.4820426106452942,0.0003998405715849783,0.0003350285696797073,0.9394248084527276,6,6,0.6666666666666666,9 2 6 5 3 4 10
2411,10060,0.050000000000000044,0.2034444361925125,0.0004290871632595857,0.0013933340087532997,0.9044119703775,2,2,0.2222222222222222,5 3 10
2412,10063,0.050000000000000044,0.13333460688591003,0.0003217242580528061,0.0006554607534781098,0.9395266219743225,2,2,0.2222222222222222,2 8 10
2413,10066,0.050000000000000044,0.19324557483196259,0.00026772111596073955,0.00048408107249997556,0.9337721387108214,2,2,0.2222222222222222,2 8 10
2414,10070,0.050000000000000044,0.2199639528989792,0.00043450211524032056,0.0008114546653814614,0.9388695206231793,3,3,0.3333333333333333,4 5 3 10
2415,10074,0.050000000000000044,0.43612128496170044,0.0003567533931345679,0.0011007825378328562,0.9164959155067394,3,3,0.3333333333333333,4 5 3 10
2416,10077,0.050000000000000044,0.14341361820697784,0.0003292014977584283,0.0017113493522629142,0.8996180292577721,2,2,0.2222222222222222,5 3 10
2417,10081,0.050000000000000044,0.2199639528989792,0.0003761781699722633,0.0008114546653814614,0.9388695206231793,3,3,0.3333333333333333,4 5 3 10
2418,10083,0.050000000000000044,0.0589144229888916,0.00033729617280187085,0.0007895955350250006,0.8966935165890899,1,1,0.1111111111111111,4 10
2419,10088,0.050000000000000044,0.43695327639579773,0.0003711049270350486,0.0009523475309833884,0.904578699403654,4,4,0.4444444444444444,9 5 3 4 10
2420,10092,0.050000000000000044,0.3735106587409973,0.0003513113879307639,0.0010207341983914375,0.9165832582821318,3,3,0.3333333333333333,5 3 4 10
2421,10101,0.050000000000000044,0.3545381426811218,0.00031067799298196204,0.0010614406783133745,0.9039392460328078,8,8,0.8888888888888888,9 4 6 5 7 2 1 3 10
2422,10104,0.050000000000000044,0.15221481025218964,0.00031333551548110944,0.0004358246806077659,0.9368535895675739,2,2,0.2222222222222222,2 8 10
2423,10113,0.050000000000000044,0.41840943694114685,0.00039993141156931716,0.0012215882306918502,0.924165210528266,8,8,0.8888888888888888,4 9 6 5 7 2 8 3 10
2424,10116,0.050000000000000044,0.11289171129465103,0.00039588647390094894,0.0008389668073505163,0.9120918852182971,2,2,0.2222222222222222,5 3 10
2425,10121,0.050000000000000044,0.4791174530982971,0.0003953806532081217,0.0008239984163083136,0.9243580792520049,4,4,0.4444444444444444,9 5 3 4 10
2426,10127,0.050000000000000044,0.4202078580856323,0.0003434355069960778,0.0003302721306681633,0.9677072488896629,5,5,0.5555555555555556,9 5 1 3 4 10
2427,10131,0.050000000000000044,0.04790928214788437,0.000323067964927759,0.0008297995664179325,0.9130570642588113,3,3,0.3333333333333333,2 8 6 10
2428,10136,0.050000000000000044,0.5155434608459473,0.0003527974069584161,0.00035684616887010634,0.9364419431557411,4,4,0.4444444444444444,9 5 3 4 10
2429,10141,0.050000000000000044,0.12621694803237915,0.00040125063387677076,0.0010628976160660386,0.9168127003290849,4,4,0.4444444444444444,4 5 9 2 10
2430,10146,0.050000000000000044,0.3672603666782379,0.0003215937991626561,0.000974771217443049,0.9015642965431729,4,4,0.4444444444444444,5 3 6 4 10
2431,10148,0.050000000000000044,0.05966370552778244,0.0001898489790619351,0.0010643962305039167,0.8938761080762506,1,1,0.1111111111111111,4 10
2432,10150,0.050000000000000044,0.0589144229888916,0.0002514731531846337,0.0007895955350250006,0.8966935165890899,1,1,0.1111111111111111,4 10
2433,10153,0.050000000000000044,0.20648209750652313,0.0003004447304798911,0.0005874915514141321,0.9488210503928868,2,2,0.2222222222222222,2 8 10
2434,10156,0.050000000000000044,0.09113205969333649,0.00032972177723422647,0.0005975330714136362,0.9099776574568856,2,2,0.2222222222222222,2 8 10
2435,10160,0.050000000000000044,0.01843438297510147,0.00031529956322629005,0.002825204748660326,0.8670625355688584,3,3,0.3333333333333333,9 8 4 10
2436,10164,0.050000000000000044,0.462897926568985,0.00025398912839591503,0.00042539057903923094,0.9627984907482524,3,3,0.3333333333333333,3 5 4 10
2437,10166,0.050000000000000044,0.05966370552778244,0.00035459728678688407,0.0010643962305039167,0.8938761080762506,1,1,0.1111111111111111,4 10
2438,10172,0.050000000000000044,0.4127230644226074,0.00029544808785431087,0.0009604935185052454,0.9041532018486583,5,5,0.5555555555555556,8 4 5 3 1 10
2439,10174,0.050000000000000044,0.046487025916576385,0.00026846570835914463,0.00152482814155519,0.8309204229524672,1,1,0.1111111111111111,4 10
2440,10177,0.050000000000000044,0.13333460688591003,0.00031315722056509304,0.0006554607534781098,0.9395266219743225,2,2,0.2222222222222222,2 8 10
2441,10181,0.050000000000000044,0.4219055473804474,0.00028131806175224483,0.000634961761534214,0.934013288472552,3,3,0.3333333333333333,5 4 3 10
2442,10186,0.050000000000000044,0.4303478002548218,0.0003113409271463752,0.0007181070977821946,0.947020506603681,4,4,0.4444444444444444,4 9 3 5 10
2443,10188,0.050000000000000044,0.03451820835471153,0.0003715160273713991,0.001201205886900425,0.8625056232180663,1,1,0.1111111111111111,4 10
2444,10194,0.050000000000000044,0.31639665365219116,0.00029571228272592026,0.0009735467610880733,0.9197842030654197,5,5,0.5555555555555556,5 1 4 2 3 10
2445,10196,0.050000000000000044,0.046487025916576385,0.0003904258774127811,0.00152482814155519,0.8309204229524672,1,1,0.1111111111111111,4 10
2446,10202,0.050000000000000044,0.4588189423084259,0.00033298125587558996,0.0008175658877007663,0.925065054656776,5,5,0.5555555555555556,5 9 3 2 4 10
2447,10206,0.050000000000000044,-0.06213340908288956,0.0003394427949388046,0.0011392133310437202,0.8785328421471519,3,3,0.3333333333333333,2 8 7 10
2448,10210,0.050000000000000044,0.1566517949104309,0.00033126011840067804,0.0012161259073764086,0.8873469877398964,3,3,0.3333333333333333,5 4 3 10
2449,10212,0.050000000000000044,0.06098437309265137,0.00033867190359160304,0.0017735688015818596,0.8871583074395513,1,1,0.1111111111111111,4 10
2450,10216,0.050000000000000044,0.4219055473804474,0.0002769399288808927,0.000634961761534214,0.934013288472552,3,3,0.3333333333333333,5 4 3 10
2451,10219,0.050000000000000044,0.09556440263986588,0.0002793144570508351,0.0006272533209994435,0.9192769209213121,2,2,0.2222222222222222,4 3 10
2452,10222,0.050000000000000044,0.0022618472576141357,0.0003174761465440194,0.0007215095101855695,0.9140339154621651,2,2,0.2222222222222222,4 1 10
2453,10225,0.050000000000000044,0.13333460688591003,0.00030152332813789445,0.0006554607534781098,0.9395266219743225,2,2,0.2222222222222222,2 8 10
2454,10229,0.050000000000000044,0.2199639528989792,0.00029029051802353933,0.0008114546653814614,0.9388695206231793,3,3,0.3333333333333333,4 5 3 10
2455,10232,0.050000000000000044,0.12553609907627106,0.00034397910349071026,0.0007633796194568276,0.9186078773880119,2,2,0.2222222222222222,4 3 10
2456,10234,0.050000000000000044,0.01719096675515175,0.00033746572444215417,0.0017430841689929366,0.7986555485349419,1,1,0.1111111111111111,1 10
2457,10237,0.050000000000000044,0.0004196837544441223,0.00027209395193494856,0.0007151859463192523,0.911089984861764,2,2,0.2222222222222222,4 6 10
2458,10239,0.050000000000000044,0.046487025916576385,0.00026303181948605925,0.00152482814155519,0.8309204229524672,1,1,0.1111111111111111,4 10
2459,10241,0.050000000000000044,0.06062532961368561,0.0002787861449178308,0.0011297360761091113,0.8922865877058644,1,1,0.1111111111111111,4 10
2460,10243,0.050000000000000044,0.046487025916576385,0.0002791096339933574,0.00152482814155519,0.8309204229524672,1,1,0.1111111111111111,4 10
2461,10245,0.050000000000000044,0.0589144229888916,0.0002978477132273838,0.0007895955350250006,0.8966935165890899,1,1,0.1111111111111111,4 10
2462,10248,0.050000000000000044,0.15221481025218964,0.0003808443240510921,0.0004358246806077659,0.9368535895675739,2,2,0.2222222222222222,2 8 10
2463,10252,0.050000000000000044,0.1919887810945511,0.0004720382421510294,0.0003517318400554359,0.9524080036794955,3,3,0.3333333333333333,4 5 3 10
2464,10255,0.050000000000000044,0.20859096944332123,0.0006086224651274582,0.0005442805704660714,0.9466023426613683,2,2,0.2222222222222222,2 5 10
2465,10258,0.050000000000000044,0.1792849898338318,0.00040808443251686793,0.0012298867804929614,0.884983474581406,2,2,0.2222222222222222,2 8 10
2466,10262,0.050000000000000044,0.19546645879745483,0.0004820182439289056,0.0008336851024068892,0.9083935805152344,3,3,0.3333333333333333,4 5 3 10
2467,10271,0.050000000000000044,0.4775644540786743,0.00047643108215803903,0.00044064008397981524,0.9571462370162912,8,8,0.8888888888888888,9 4 6 5 7 8 1 3 10
2468,10279,0.050000000000000044,0.39087986946105957,0.0005190568554098718,0.0008803467499092221,0.9116375419387636,7,7,0.7777777777777778,9 4 6 5 7 1 3 10
2469,10284,0.050000000000000044,0.39734935760498047,0.0003448066592682153,0.0007926641264930367,0.9413301153429623,4,4,0.4444444444444444,4 3 8 2 10
2470,10286,0.050000000000000044,0.032698459923267365,0.0004486393736442551,0.0009224530076608062,0.8808223174599207,1,1,0.1111111111111111,7 10
2471,10290,0.050000000000000044,0.42808064818382263,0.0003579090771381743,0.0009422020521014929,0.9351801989371938,3,3,0.3333333333333333,4 3 5 10
2472,10297,0.050000000000000044,0.44717150926589966,0.00037732795629251214,0.0006321336841210723,0.9305242974395276,6,6,0.6666666666666666,9 2 4 6 5 7 10
2473,10301,0.050000000000000044,0.09243181347846985,0.00043345387530280277,0.0014639898436143994,0.9109401001144249,3,3,0.3333333333333333,5 9 3 10
2474,10302,0.050000000000000044,0.0,0.0004693287191912532,0.0038083093240857124,0.7457163336772752,0,0,0.0,10
2475,10305,0.050000000000000044,0.20648209750652313,0.0003487925957112263,0.0005874915514141321,0.9488210503928868,2,2,0.2222222222222222,2 8 10
2476,10308,0.050000000000000044,0.11560302972793579,0.00034479186676132184,0.0010585244745016098,0.9055477057657826,2,2,0.2222222222222222,4 3 10
2477,10311,0.050000000000000044,0.11560304462909698,0.00031544862819525105,0.0010585244745016098,0.9055477057657826,2,2,0.2222222222222222,3 4 10
2478,10314,0.050000000000000044,0.09556440263986588,0.00040153250059423346,0.0006272533209994435,0.9192769209213121,2,2,0.2222222222222222,4 3 10
2479,10318,0.050000000000000044,0.21996396780014038,0.00034606660119607113,0.0008114546653814614,0.9388695206231793,3,3,0.3333333333333333,3 4 5 10
2480,10322,0.050000000000000044,0.15591171383857727,0.0004403261191328056,0.0010758726857602596,0.8824139355762677,3,3,0.3333333333333333,2 3 8 10
2481,10324,0.050000000000000044,0.03451820835471153,0.00044360717583913356,0.001201205886900425,0.8625056232180663,1,1,0.1111111111111111,4 10
2482,10327,0.050000000000000044,0.13333460688591003,0.0003267622572214653,0.0006554607534781098,0.9395266219743225,2,2,0.2222222222222222,2 8 10
2483,10332,0.050000000000000044,0.3960268199443817,0.0003600893571274355,0.0012690926669165492,0.9215214732025532,4,4,0.4444444444444444,3 7 4 5 10
2484,10334,0.050000000000000044,0.04281405359506607,0.0003345983277540654,0.0013543919194489717,0.8872737571614818,1,1,0.1111111111111111,4 10
2485,10337,0.050000000000000044,0.05706964433193207,0.0004148751322645694,0.0011132634244859219,0.8769151862715144,2,2,0.2222222222222222,2 6 10
2486,10340,0.050000000000000044,0.13333460688591003,0.00034264135562504333,0.0006554607534781098,0.9395266219743225,2,2,0.2222222222222222,2 8 10
2487,10346,0.050000000000000044,0.34220895171165466,0.00038327433867380023,0.0006685679545626044,0.9281454017777859,5,5,0.5555555555555556,9 2 4 8 3 10
2488,10349,0.050000000000000044,0.11132143437862396,0.000372832000721246,0.001524352584965527,0.868346408647391,2,2,0.2222222222222222,5 3 10
2489,10351,0.050000000000000044,0.03884042054414749,0.0005500168772414327,0.0008692104602232575,0.9043948443320787,1,1,0.1111111111111111,4 10
2490,10353,0.050000000000000044,0.06062532961368561,0.0003091490361839533,0.0011297360761091113,0.8922865877058644,1,1,0.1111111111111111,4 10
2491,10356,0.050000000000000044,0.19435951113700867,0.0003148320926508556,0.0011888995068147779,0.8720131784004207,2,2,0.2222222222222222,7 8 10
2492,10364,0.050000000000000044,0.4977980852127075,0.0003260945522924885,0.00044716117554344237,0.956664375225514,7,7,0.7777777777777778,9 6 2 7 5 3 4 10
2493,10369,0.050000000000000044,0.12834668159484863,0.00031684553832747044,0.0008916332153603435,0.9191449448271398,4,4,0.4444444444444444,9 2 3 8 10
2494,10373,0.050000000000000044,0.20790411531925201,0.0003218483761884272,0.0007259475532919168,0.9303995626009602,3,3,0.3333333333333333,4 3 5 10
2495,10376,0.050000000000000044,0.11113286763429642,0.0003584385849535465,0.001075435895472765,0.9014329623240495,2,2,0.2222222222222222,3 5 10
2496,10382,0.050000000000000044,0.4091532826423645,0.0003324197289960769,0.0011062466073781252,0.89905754506021,5,5,0.5555555555555556,4 3 1 5 9 10
2497,10384,0.050000000000000044,0.05966370552778244,0.00030706808320246637,0.0010643962305039167,0.8938761080762506,1,1,0.1111111111111111,4 10
2498,10390,0.050000000000000044,0.4506734013557434,0.000296235103936245,0.0006854492239654064,0.9244510956400923,5,5,0.5555555555555556,9 2 3 4 8 10
2499,10393,0.050000000000000044,0.09113205969333649,0.00028491697351758677,0.0005975330714136362,0.9099776574568856,2,2,0.2222222222222222,2 8 10
2500,10401,0.050000000000000044,0.37543943524360657,0.0003364538788446225,0.0010677017271518707,0.9036563517222365,7,7,0.7777777777777778,9 2 4 6 5 7 3 10
2501,10403,0.050000000000000044,0.05966370552778244,0.0004028860857943073,0.0010643962305039167,0.8938761080762506,1,1,0.1111111111111111,4 10
2502,10405,0.050000000000000044,0.06062532961368561,0.000292117525532376,0.0011297360761091113,0.8922865877058644,1,1,0.1111111111111111,4 10
2503,10409,0.050000000000000044,0.21996396780014038,0.0003245068874093704,0.0008114546653814614,0.9388695206231793,3,3,0.3333333333333333,4 3 5 10
2504,10416,0.050000000000000044,0.34694087505340576,0.0003103135428058782,0.0005171499215066433,0.9409780656602167,6,6,0.6666666666666666,3 1 7 5 4 6 10
2505,10419,0.050000000000000044,0.15221481025218964,0.0003091221102901424,0.0004358246806077659,0.9368535895675739,2,2,0.2222222222222222,2 8 10
2506,10422,0.050000000000000044,0.1792849898338318,0.0003729190308755885,0.0012298867804929614,0.884983474581406,2,2,0.2222222222222222,2 8 10
2507,10430,0.050000000000000044,0.41037270426750183,0.00036313287637312897,0.0008343324298039079,0.9242690996522711,7,7,0.7777777777777778,2 9 4 5 6 7 8 10
2508,10433,0.050000000000000044,0.09113205969333649,0.0002824606781359762,0.0005975330714136362,0.9099776574568856,2,2,0.2222222222222222,2 8 10
2509,10436,0.050000000000000044,0.10815343260765076,0.000317781581543386,0.00117151637095958,0.8979088339985621,2,2,0.2222222222222222,3 5 10
2510,10439,0.050000000000000044,0.11113286763429642,0.00037193307070992887,0.001075435895472765,0.9014329623240495,2,2,0.2222222222222222,3 5 10
2511,10448,0.050000000000000044,0.30395984649658203,0.00030028125426421565,0.00090520188678056,0.9096526631755437,8,8,0.8888888888888888,9 8 4 3 1 6 7 5 10
2512,10450,0.050000000000000044,0.0589144229888916,0.00033235577575396746,0.0007895955350250006,0.8966935165890899,1,1,0.1111111111111111,4 10
2513,10454,0.050000000000000044,0.19546647369861603,0.0002823431022989098,0.0008336851024068892,0.9083935805152344,3,3,0.3333333333333333,4 3 5 10
2514,10458,0.050000000000000044,0.14303593337535858,0.0002811379308695905,0.00033123246976174414,0.9468930776316261,3,3,0.3333333333333333,2 8 3 10
2515,10465,0.050000000000000044,0.3786366879940033,0.00030499041895382106,0.0011474830098450184,0.8976400384012783,6,6,0.6666666666666666,2 9 4 6 5 7 10
2516,10468,0.050000000000000044,0.12390187382698059,0.00028814726586764056,0.0014034229097887874,0.9066027235970627,2,2,0.2222222222222222,2 8 10
2517,10470,0.050000000000000044,0.04281405359506607,0.0003797698736889288,0.0013543919194489717,0.8872737571614818,1,1,0.1111111111111111,4 10
2518,10472,0.050000000000000044,0.02208257094025612,0.0001761732855811715,0.0013892791466787457,0.8656732950771535,1,1,0.1111111111111111,8 10
2519,10481,0.050000000000000044,0.4086800217628479,0.00029642418020456616,0.00075963803101331,0.9306085996870195,8,8,0.8888888888888888,2 4 5 6 7 1 9 3 10
2520,10488,0.050000000000000044,0.44510015845298767,0.0003074397661423843,0.001326282392255962,0.9173370805102778,6,6,0.6666666666666666,2 9 4 6 5 7 10
2521,10493,0.050000000000000044,0.43478235602378845,0.0003185835259500891,0.00040895873098634183,0.9641955890355014,4,4,0.4444444444444444,3 8 4 5 10
2522,10496,0.050000000000000044,0.15710057318210602,0.0003458381009598573,0.0015318566001951694,0.8460378921219767,2,2,0.2222222222222222,2 8 10
2523,10501,0.050000000000000044,0.512422502040863,0.0003689337463583797,0.00036434567300602794,0.9359874182096134,4,4,0.4444444444444444,6 5 4 3 10
2524,10508,0.050000000000000044,0.4631449580192566,0.0007108133203083915,0.00037311253254301846,0.934400626492557,6,6,0.6666666666666666,6 5 4 1 2 7 10
2525,10511,0.050000000000000044,0.153483584523201,0.0004900684871245176,0.00233058026060462,0.8365330472056988,2,2,0.2222222222222222,5 7 10
2526,10516,0.050000000000000044,0.1271759271621704,0.00045378426439128815,0.0010946799302473664,0.9199102153020438,4,4,0.4444444444444444,9 2 3 5 10
2527,10523,0.050000000000000044,0.4066958725452423,0.0004787019778242601,0.0009034173563122749,0.9095986432148926,6,6,0.6666666666666666,8 3 4 6 9 5 10
2528,10527,0.050000000000000044,0.42808064818382263,0.0005266593871056102,0.0009422020521014929,0.9351801989371938,3,3,0.3333333333333333,4 3 5 10
2529,10531,0.050000000000000044,0.17275822162628174,0.0005802672894787975,0.0009437614353373647,0.890555162155529,3,3,0.3333333333333333,2 8 5 10
2530,10533,0.050000000000000044,0.04281405359506607,0.0005210503295529634,0.0013543919194489717,0.8872737571614818,1,1,0.1111111111111111,4 10
2531,10536,0.050000000000000044,0.20648209750652313,0.0004162910724213968,0.0005874915514141321,0.9488210503928868,2,2,0.2222222222222222,2 8 10
2532,10540,0.050000000000000044,0.1566517949104309,0.0004112523820367642,0.0012161259073764086,0.8873469877398964,3,3,0.3333333333333333,5 3 4 10
2533,10546,0.050000000000000044,0.349233478307724,0.00041160530721147853,0.0009611619170755148,0.9023243601519203,5,5,0.5555555555555556,8 5 3 2 4 10
2534,10552,0.050000000000000044,0.47273552417755127,0.000386329503574719,0.0006218620692379773,0.9314221076924225,5,5,0.5555555555555556,9 2 3 5 4 10
2535,10555,0.050000000000000044,0.15710057318210602,0.0004331467498559505,0.0015318566001951694,0.8460378921219767,2,2,0.2222222222222222,2 8 10
2536,10557,0.050000000000000044,0.06062532961368561,0.0003773086064029485,0.0011297360761091113,0.8922865877058644,1,1,0.1111111111111111,4 10
2537,10560,0.050000000000000044,0.11464868485927582,0.00040134965092875063,0.0008302467176690698,0.9131896928413444,2,2,0.2222222222222222,2 8 10
2538,10563,0.050000000000000044,0.19324557483196259,0.0003614686041449507,0.00048408107249997556,0.9337721387108214,2,2,0.2222222222222222,2 8 10
2539,10566,0.050000000000000044,0.1985398530960083,0.00032805314792009693,0.001383081078529358,0.8987387401205748,2,2,0.2222222222222222,2 8 10
2540,10574,0.050000000000000044,0.39003461599349976,0.0003533158414938953,0.0008846846176311374,0.9116706122045143,7,7,0.7777777777777778,8 3 4 6 9 1 5 10
2541,10577,0.050000000000000044,0.19324557483196259,0.000338273598269249,0.00048408107249997556,0.9337721387108214,2,2,0.2222222222222222,2 8 10
2542,10581,0.050000000000000044,0.4197719097137451,0.00040346886817133054,0.0013346211053431034,0.9167494995249037,3,3,0.3333333333333333,3 5 4 10
2543,10584,0.050000000000000044,0.11431776732206345,0.0003945528102728228,0.0005292989080771804,0.9235449083388632,2,2,0.2222222222222222,8 7 10
2544,10588,0.050000000000000044,0.4268442392349243,0.00035688700518221594,0.0008054295904003084,0.9396085455287225,3,3,0.3333333333333333,4 3 5 10
2545,10592,0.050000000000000044,0.4197719097137451,0.000428531137004029,0.0013346211053431034,0.9167494995249037,3,3,0.3333333333333333,3 5 4 10
2546,10593,0.050000000000000044,0.0,0.00019371352391317487,0.003237640717998147,0.7251322270458505,0,0,0.0,10
2547,10596,0.050000000000000044,0.19324557483196259,0.0003432601612682144,0.00048408107249997556,0.9337721387108214,2,2,0.2222222222222222,2 8 10
2548,10602,0.050000000000000044,0.349233478307724,0.00035817882356544334,0.0009611619170755148,0.9023243601519203,5,5,0.5555555555555556,8 2 4 5 3 10
2549,10606,0.050000000000000044,0.15380367636680603,0.00036679638287751004,0.0017689340747892857,0.8747772203047409,3,3,0.3333333333333333,4 5 3 10
2550,10610,0.050000000000000044,0.43612128496170044,0.0002830340090440586,0.0011007825378328562,0.9164959155067394,3,3,0.3333333333333333,3 5 4 10
2551,10614,0.050000000000000044,0.4268442392349243,0.0003212768606317695,0.0008054295904003084,0.9396085455287225,3,3,0.3333333333333333,4 3 5 10
2552,10619,0.050000000000000044,0.3959753215312958,0.00036570520023815334,0.000609029782935977,0.9367936444906219,4,4,0.4444444444444444,7 3 5 4 10
2553,10627,0.050000000000000044,0.4622831642627716,0.0003932301915483549,0.0003310257743578404,0.9403775211392629,7,7,0.7777777777777778,9 2 4 6 5 7 3 10
2554,10630,0.050000000000000044,0.19324557483196259,0.0003120134157749514,0.00048408107249997556,0.9337721387108214,2,2,0.2222222222222222,2 8 10
2555,10634,0.050000000000000044,0.17797595262527466,0.0003637775298557244,0.0004667523317039013,0.9538161026116784,3,3,0.3333333333333333,2 8 5 10
2556,10638,0.050000000000000044,0.43612128496170044,0.00031783677331986837,0.0011007825378328562,0.9164959155067394,3,3,0.3333333333333333,3 5 4 10
2557,10645,0.050000000000000044,0.44510015845298767,0.00031962751485739967,0.001326282392255962,0.9173370805102778,6,6,0.6666666666666666,2 9 4 5 6 7 10
2558,10649,0.050000000000000044,0.42808064818382263,0.00037506225635297596,0.0009422020521014929,0.9351801989371938,3,3,0.3333333333333333,4 3 5 10
2559,10657,0.050000000000000044,0.3785855174064636,0.00033025471202563494,0.0010532522574067116,0.9044165295702665,7,7,0.7777777777777778,8 3 4 6 9 1 5 10
2560,10660,0.050000000000000044,0.15710057318210602,0.0002805035813556363,0.0015318566001951694,0.8460378921219767,2,2,0.2222222222222222,2 8 10
2561,10663,0.050000000000000044,0.09113205969333649,0.0003212646406609565,0.0005975330714136362,0.9099776574568856,2,2,0.2222222222222222,2 8 10
2562,10668,0.050000000000000044,0.39637717604637146,0.00028600709920283406,0.0009901138255372643,0.9230600106358244,4,4,0.4444444444444444,4 8 7 3 10
2563,10671,0.050000000000000044,0.08355478942394257,0.00040129949532759685,0.0019523093942552805,0.8547255588290099,2,2,0.2222222222222222,3 4 10
2564,10674,0.050000000000000044,0.11921658366918564,0.0003097093916342904,0.0021879877895116806,0.8868179797005533,2,2,0.2222222222222222,3 4 10
2565,10676,0.050000000000000044,0.046487025916576385,0.000423074045102112,0.00152482814155519,0.8309204229524672,1,1,0.1111111111111111,4 10
2566,10680,0.050000000000000044,0.06745041906833649,0.0003253707254771143,0.00046188122360035777,0.9336958935796577,3,3,0.3333333333333333,2 3 8 10
2567,10682,0.050000000000000044,0.05966370552778244,0.00020305425277911127,0.0010643962305039167,0.8938761080762506,1,1,0.1111111111111111,4 10
2568,10690,0.050000000000000044,0.39003461599349976,0.00027832508931169286,0.0008846846176311374,0.9116706122045143,7,7,0.7777777777777778,6 8 4 3 1 9 5 10
2569,10696,0.050000000000000044,0.4694490432739258,0.0003546112614761417,0.0013084288220852613,0.9174665638758368,5,5,0.5555555555555556,2 8 4 5 3 10
2570,10702,0.050000000000000044,0.4726371169090271,0.0003760839075160523,0.0006182265351526439,0.9304230107209345,5,5,0.5555555555555556,8 7 5 3 4 10
2571,10708,0.050000000000000044,0.35893967747688293,0.00032159984402824193,0.0009375996305607259,0.9061187349180121,5,5,0.5555555555555556,8 7 5 3 4 10
2572,10715,0.050000000000000044,0.4534231126308441,0.00035453443082847765,0.0012730475282296538,0.9199997955461461,6,6,0.6666666666666666,2 8 5 7 3 4 10
2573,10721,0.050000000000000044,0.4694490432739258,0.00032003716720889014,0.0013084288220852613,0.9174665638758368,5,5,0.5555555555555556,8 2 4 5 3 10
2574,10726,0.050000000000000044,0.4062562882900238,0.00034423946344759316,0.0009400323033332825,0.9280494844605183,4,4,0.4444444444444444,1 3 5 4 10
2575,10729,0.050000000000000044,0.1985398530960083,0.0003619041235651821,0.001383081078529358,0.8987387401205748,2,2,0.2222222222222222,2 8 10
2576,10734,0.050000000000000044,0.4062562882900238,0.000284922998980619,0.0009400323033332825,0.9280494844605183,4,4,0.4444444444444444,1 3 5 4 10
2577,10740,0.050000000000000044,0.5266321897506714,0.00030964826873969287,0.0004925751127302647,0.9515456263148685,5,5,0.5555555555555556,8 7 5 3 4 10
2578,10744,0.050000000000000044,0.0508083775639534,0.0003070558013860136,0.0023499021772295237,0.8921625907848479,3,3,0.3333333333333333,8 1 7 10
2579,10747,0.050000000000000044,0.19791531562805176,0.00029743856672818464,0.0011633896501734853,0.8739712917900397,2,2,0.2222222222222222,2 8 10
2580,10750,0.050000000000000044,0.11921658366918564,0.0002714093473817532,0.0021879877895116806,0.8868179797005533,2,2,0.2222222222222222,3 4 10
2581,10752,0.050000000000000044,0.06062532961368561,0.0005979559500701725,0.0011297360761091113,0.8922865877058644,1,1,0.1111111111111111,4 10
2582,10754,0.050000000000000044,0.06098437309265137,0.0009370063780806959,0.0017735688015818596,0.8871583074395513,1,1,0.1111111111111111,4 10
2583,10757,0.050000000000000044,0.15710057318210602,0.0005710593541152775,0.0015318566001951694,0.8460378921219767,2,2,0.2222222222222222,2 8 10
2584,10760,0.050000000000000044,0.10219606757164001,0.0004119172614688675,0.001137232524342835,0.895769706866333,2,2,0.2222222222222222,8 3 10
2585,10765,0.050000000000000044,0.3592374622821808,0.0005500292521901428,0.0009344061836600304,0.9235703097689592,4,4,0.4444444444444444,9 3 5 4 10
2586,10768,0.050000000000000044,0.20648209750652313,0.0003255523236778875,0.0005874915514141321,0.9488210503928868,2,2,0.2222222222222222,2 8 10
2587,10771,0.050000000000000044,0.11649145931005478,0.00047754709764073294,0.002212017774581909,0.8839205625764893,2,2,0.2222222222222222,3 8 10
2588,10774,0.050000000000000044,0.03229605406522751,0.0004549827038620909,0.0007048537954688072,0.9236993520707778,2,2,0.2222222222222222,5 3 10
2589,10780,0.050000000000000044,0.3369762897491455,0.00040871477297817666,0.0006788092432543635,0.9255254995055701,5,5,0.5555555555555556,2 9 8 5 3 10
2590,10783,0.050000000000000044,0.13333460688591003,0.0005028295757559439,0.0006554607534781098,0.9395266219743225,2,2,0.2222222222222222,2 8 10
2591,10790,0.050000000000000044,0.3912571370601654,0.00036942439120528955,0.0003184183733537793,0.9690308514517354,6,6,0.6666666666666666,9 2 8 5 3 4 10
2592,10797,0.050000000000000044,0.3604902923107147,0.00038810752032856854,0.0006408090121112764,0.9507326152215532,6,6,0.6666666666666666,2 9 8 5 3 4 10
2593,10799,0.050000000000000044,0.046487025916576385,0.00038450128340628,0.00152482814155519,0.8309204229524672,1,1,0.1111111111111111,4 10
2594,10803,0.050000000000000044,0.42808064818382263,0.0004276895124348812,0.0009422020521014929,0.9351801989371938,3,3,0.3333333333333333,4 3 5 10
2595,10806,0.050000000000000044,0.19324557483196259,0.0002662688008664797,0.00048408107249997556,0.9337721387108214,2,2,0.2222222222222222,2 8 10
2596,10814,0.050000000000000044,0.3761976659297943,0.0004752520726469811,0.001065246295183897,0.904031331576717,7,7,0.7777777777777778,2 9 8 5 7 3 4 10
2597,10821,0.050000000000000044,0.3942733108997345,0.00044483989560311396,0.0010789165971800685,0.9020256232138054,6,6,0.6666666666666666,9 2 6 3 5 4 10
2598,10823,0.050000000000000044,0.0589144229888916,0.0003553209389792755,0.0007895955350250006,0.8966935165890899,1,1,0.1111111111111111,4 10
2599,10830,0.050000000000000044,0.3912571370601654,0.00036252624704502523,0.0003184183733537793,0.9690308514517354,6,6,0.6666666666666666,9 2 8 5 3 4 10
2600,10833,0.050000000000000044,0.11464868485927582,0.00031864479145345587,0.0008302467176690698,0.9131896928413444,2,2,0.2222222222222222,2 8 10
2601,10840,0.050000000000000044,0.4505711495876312,0.00044769822229032537,0.0006177217001095414,0.9304589396176526,6,6,0.6666666666666666,8 2 5 7 3 4 10
2602,10847,0.050000000000000044,0.3604902923107147,0.00038950199294569235,0.0006408090121112764,0.9507326152215532,6,6,0.6666666666666666,2 9 8 5 3 4 10
2603,10855,0.050000000000000044,0.462283194065094,0.0003787456080317497,0.0003310257743578404,0.9403775211392629,7,7,0.7777777777777778,2 9 5 6 7 4 3 10
2604,10857,0.050000000000000044,0.06098437309265137,0.00033768317371141165,0.0017735688015818596,0.8871583074395513,1,1,0.1111111111111111,4 10
2605,10860,0.050000000000000044,0.001976914703845978,0.00031531110289506614,0.0006541679613292217,0.9233952464090658,2,2,0.2222222222222222,4 6 10
2606,10863,0.050000000000000044,0.11464868485927582,0.00033439137526632595,0.0008302467176690698,0.9131896928413444,2,2,0.2222222222222222,2 8 10
2607,10865,0.050000000000000044,0.046487025916576385,0.0003071354003623128,0.00152482814155519,0.8309204229524672,1,1,0.1111111111111111,4 10
2608,10868,0.050000000000000044,0.15710057318210602,0.00035490060690790415,0.0015318566001951694,0.8460378921219767,2,2,0.2222222222222222,2 8 10
2609,10874,0.050000000000000044,0.41086360812187195,0.00038385141184941557,0.0011010529706254601,0.8999679704660751,5,5,0.5555555555555556,2 9 4 5 3 10
2610,10876,0.050000000000000044,0.022266119718551636,0.00031321508868131787,0.0012151640839874744,0.8455058391539294,1,1,0.1111111111111111,3 10
2611,10881,0.050000000000000044,0.39546269178390503,0.0003784268570598215,0.0012655470054596663,0.9207769390511217,4,4,0.4444444444444444,8 4 5 3 10
2612,10883,0.050000000000000044,0.06098437309265137,0.00033768880530260503,0.0017735688015818596,0.8871583074395513,1,1,0.1111111111111111,4 10
2613,10886,0.050000000000000044,0.09113205969333649,0.0003413153560056041,0.0005975330714136362,0.9099776574568856,2,2,0.2222222222222222,2 8 10
2614,10889,0.050000000000000044,0.19324557483196259,0.00035906971121827763,0.00048408107249997556,0.9337721387108214,2,2,0.2222222222222222,2 8 10
2615,10896,0.050000000000000044,0.45858797430992126,0.0003353442152729258,0.0012457354459911585,0.9223937732250597,6,6,0.6666666666666666,2 9 8 5 3 4 10
2616,10899,0.050000000000000044,0.19324557483196259,0.00036851864812585217,0.00048408107249997556,0.9337721387108214,2,2,0.2222222222222222,2 8 10
2617,10901,0.050000000000000044,0.05438796430826187,0.00040541085763834417,0.0008057898376137018,0.9136342033300898,1,1,0.1111111111111111,1 10
2618,10909,0.050000000000000044,0.4390481114387512,0.00033290241299255285,0.0005903301644138992,0.934690558261877,7,7,0.7777777777777778,2 9 8 5 3 4 6 10
2619,10912,0.050000000000000044,0.1985398530960083,0.00031563824935195345,0.001383081078529358,0.8987387401205748,2,2,0.2222222222222222,2 8 10
2620,10919,0.050000000000000044,0.45858797430992126,0.0003659990824027253,0.0012457354459911585,0.9223937732250597,6,6,0.6666666666666666,2 9 8 5 3 4 10
2621,10922,0.050000000000000044,0.010816358029842377,0.0002657827183914681,0.0006686878623440862,0.9181070345122806,2,2,0.2222222222222222,4 8 10
2622,10925,0.050000000000000044,0.3740653395652771,0.000577413923262308,0.001535728806629777,0.8848779881096198,2,2,0.2222222222222222,3 5 10
2623,10927,0.050000000000000044,0.03451820835471153,0.00038911361480131745,0.001201205886900425,0.8625056232180663,1,1,0.1111111111111111,4 10
2624,10934,0.050000000000000044,0.3912571370601654,0.0003659408581110516,0.0003184183733537793,0.9690308514517354,6,6,0.6666666666666666,9 2 8 5 3 4 10
2625,10939,0.050000000000000044,0.43466997146606445,0.0003047663893084973,0.0009611535933800042,0.9039881996606675,4,4,0.4444444444444444,5 8 3 4 10
2626,10946,0.050000000000000044,0.5157142877578735,0.0003027241993030267,0.00046290812315419316,0.9559973953524328,6,6,0.6666666666666666,8 3 1 4 9 5 10
2627,10951,0.050000000000000044,0.40477675199508667,0.0003965775831602514,0.0010784901678562164,0.9168382316969521,4,4,0.4444444444444444,1 3 5 4 10
2628,10954,0.050000000000000044,0.14341361820697784,0.0003459340174837659,0.0017113493522629142,0.8996180292577721,2,2,0.2222222222222222,5 3 10
2629,10957,0.050000000000000044,0.15221481025218964,0.0005530776106752455,0.0004358246806077659,0.9368535895675739,2,2,0.2222222222222222,2 8 10
2630,10959,0.050000000000000044,0.03451820835471153,0.0005869048763997853,0.001201205886900425,0.8625056232180663,1,1,0.1111111111111111,4 10
2631,10962,0.050000000000000044,0.11132143437862396,0.00029568534228019416,0.001524352584965527,0.868346408647391,2,2,0.2222222222222222,5 3 10
2632,10965,0.050000000000000044,0.11113286763429642,0.00036234542979703593,0.001075435895472765,0.9014329623240495,2,2,0.2222222222222222,5 3 10
2633,10968,0.050000000000000044,0.13333460688591003,0.00031796306332883734,0.0006554607534781098,0.9395266219743225,2,2,0.2222222222222222,2 8 10
2634,10970,0.050000000000000044,0.046487025916576385,0.00048767024418339133,0.00152482814155519,0.8309204229524672,1,1,0.1111111111111111,4 10
2635,10974,0.050000000000000044,0.4268442392349243,0.0003331949301355053,0.0008054295904003084,0.9396085455287225,3,3,0.3333333333333333,4 3 5 10
2636,10976,0.050000000000000044,0.06062532961368561,0.0003380738489795476,0.0011297360761091113,0.8922865877058644,1,1,0.1111111111111111,4 10
2637,10984,0.050000000000000044,0.39003461599349976,0.0003200189894414507,0.0008846846176311374,0.9116706122045143,7,7,0.7777777777777778,8 3 1 4 6 9 5 10
2638,10987,0.050000000000000044,0.13333460688591003,0.00033950234258857864,0.0006554607534781098,0.9395266219743225,2,2,0.2222222222222222,2 8 10
2639,10990,0.050000000000000044,0.15710057318210602,0.0002380332201331233,0.0015318566001951694,0.8460378921219767,2,2,0.2222222222222222,2 8 10
2640,10993,0.050000000000000044,0.1792849898338318,0.00025929980135212344,0.0012298867804929614,0.884983474581406,2,2,0.2222222222222222,2 8 10
2641,10995,0.050000000000000044,0.04281405359506607,0.00026944198179990053,0.0013543919194489717,0.8872737571614818,1,1,0.1111111111111111,4 10
2642,10999,0.050000000000000044,0.4175718128681183,0.0002792098603094928,0.0010712039656937122,0.9183267900071302,3,3,0.3333333333333333,8 4 3 10
2643,11003,0.050000000000000044,0.4268442392349243,0.000581054511712864,0.0008054295904003084,0.9396085455287225,3,3,0.3333333333333333,4 3 5 10
2644,11006,0.050000000000000044,0.15221481025218964,0.0004238104447722435,0.0004358246806077659,0.9368535895675739,2,2,0.2222222222222222,2 8 10
2645,11009,0.050000000000000044,0.15221481025218964,0.0004257347124318282,0.0004358246806077659,0.9368535895675739,2,2,0.2222222222222222,2 8 10
2646,11014,0.050000000000000044,0.4173508584499359,0.00044553944026120006,0.0008328834665007889,0.9444973288938917,4,4,0.4444444444444444,4 3 6 5 10
2647,11016,0.050000000000000044,0.03884042054414749,0.000383331484044902,0.0008692104602232575,0.9043948443320787,1,1,0.1111111111111111,4 10
2648,11023,0.050000000000000044,0.45906591415405273,0.00043754808471671173,0.0005951557541266084,0.9336166450937636,6,6,0.6666666666666666,2 9 8 4 3 5 10
2649,11025,0.050000000000000044,0.03799684718251228,0.00048594639520160854,0.002125915139913559,0.8768251535441731,1,1,0.1111111111111111,3 10
2650,11028,0.050000000000000044,0.15221481025218964,0.0003147329601536815,0.0004358246806077659,0.9368535895675739,2,2,0.2222222222222222,2 8 10
2651,11031,0.050000000000000044,0.13333460688591003,0.000421363840966175,0.0006554607534781098,0.9395266219743225,2,2,0.2222222222222222,2 8 10
2652,11034,0.050000000000000044,0.09341372549533844,0.00038895037141628563,0.0018240439239889383,0.8610716218861899,2,2,0.2222222222222222,2 8 10
2653,11037,0.050000000000000044,0.15221481025218964,0.0003242902069663008,0.0004358246806077659,0.9368535895675739,2,2,0.2222222222222222,2 8 10
2654,11040,0.050000000000000044,0.20648209750652313,0.00031586837333937484,0.0005874915514141321,0.9488210503928868,2,2,0.2222222222222222,2 8 10
2655,11046,0.050000000000000044,0.34220898151397705,0.0003797870789033671,0.0006685679545626044,0.9281454017777859,5,5,0.5555555555555556,9 2 8 4 3 10
2656,11049,0.050000000000000044,0.11649145931005478,0.000419117568526417,0.002212017774581909,0.8839205625764893,2,2,0.2222222222222222,3 8 10
2657,11052,0.050000000000000044,0.1792849898338318,0.00031043437775224447,0.0012298867804929614,0.884983474581406,2,2,0.2222222222222222,2 8 10
2658,11058,0.050000000000000044,0.3699471056461334,0.00042659482278395444,0.000551615608856082,0.9369611811251618,5,5,0.5555555555555556,9 2 3 4 5 10
2659,11065,0.050000000000000044,0.5156251192092896,0.0003870986152573356,0.0004635226505342871,0.9560502696866513,6,6,0.6666666666666666,9 2 3 5 8 4 10
2660,11073,0.050000000000000044,0.3729817867279053,0.0003237762357457541,0.000948457105550915,0.9067944352039967,7,7,0.7777777777777778,8 6 3 4 9 1 2 10
2661,11076,0.050000000000000044,0.1792849898338318,0.0002743396714019279,0.0012298867804929614,0.884983474581406,2,2,0.2222222222222222,2 8 10
2662,11083,0.050000000000000044,0.3931173086166382,0.0003145150653186387,0.00031608648714609444,0.9698006711395261,6,6,0.6666666666666666,9 2 3 6 5 4 10
2663,11087,0.050000000000000044,0.13898217678070068,0.0002963604056276381,0.0004731028457172215,0.9332186560036878,3,3,0.3333333333333333,2 8 6 10
2664,11091,0.050000000000000044,0.43612128496170044,0.0003429143762332387,0.0011007825378328562,0.9164959155067394,3,3,0.3333333333333333,3 5 4 10
2665,11097,0.050000000000000044,0.5276901125907898,0.00030656124727101997,0.0004903137451037765,0.9520813577346654,5,5,0.5555555555555556,8 2 4 5 3 10
2666,11100,0.050000000000000044,0.1985398530960083,0.0004328861056516568,0.001383081078529358,0.8987387401205748,2,2,0.2222222222222222,2 8 10
2667,11103,0.050000000000000044,0.09113205969333649,0.00029678062613432604,0.0005975330714136362,0.9099776574568856,2,2,0.2222222222222222,2 8 10
2668,11109,0.050000000000000044,0.38474833965301514,0.0002978609942753489,0.0006838058470748365,0.9476263553931795,5,5,0.5555555555555556,4 3 8 5 2 10
2669,11118,0.050000000000000044,0.3040144145488739,0.0003230429299744881,0.000902039697393775,0.908895626035159,8,8,0.8888888888888888,8 4 3 9 6 1 2 5 10
2670,11121,0.050000000000000044,0.09341372549533844,0.0004061686631757766,0.0018240439239889383,0.8610716218861899,2,2,0.2222222222222222,2 8 10
2671,11125,0.050000000000000044,0.09386483579874039,0.0003337653251946904,0.0004334868863224983,0.9351978396618126,3,3,0.3333333333333333,9 2 8 10
2672,11129,0.050000000000000044,0.3084750473499298,0.00030197793239494786,0.0009453312959522009,0.9240417549415413,3,3,0.3333333333333333,9 2 3 10
2673,11132,0.050000000000000044,0.19324557483196259,0.0003908847672088693,0.00048408107249997556,0.9337721387108214,2,2,0.2222222222222222,2 8 10
2674,11135,0.050000000000000044,0.15710057318210602,0.0002913583399883161,0.0015318566001951694,0.8460378921219767,2,2,0.2222222222222222,2 8 10
2675,11142,0.050000000000000044,0.3454192280769348,0.00035366978512943855,0.0005198954604566097,0.9401973444574228,6,6,0.6666666666666666,9 2 8 5 3 4 10
2676,11150,0.050000000000000044,0.38487908244132996,0.0002990320681419689,0.0009023758466355503,0.909825405559982,7,7,0.7777777777777778,9 2 6 3 4 8 5 10
2677,11152,0.050000000000000044,0.06098437309265137,0.00025595692568458617,0.0017735688015818596,0.8871583074395513,1,1,0.1111111111111111,4 10
2678,11155,0.050000000000000044,0.11560302972793579,0.0002831752256800731,0.0010585244745016098,0.9055477057657826,2,2,0.2222222222222222,4 3 10
2679,11156,0.050000000000000044,0.0,0.00023133645299822092,0.004247801844030619,0.6964328202865265,0,0,0.0,10
2680,11158,0.050000000000000044,0.06062532961368561,0.00028109744016546756,0.0011297360761091113,0.8922865877058644,1,1,0.1111111111111111,4 10
2681,11161,0.050000000000000044,0.1792849898338318,0.00029931601602584124,0.0012298867804929614,0.884983474581406,2,2,0.2222222222222222,2 8 10
2682,11163,0.050000000000000044,0.06062532961368561,0.0002959905832540244,0.0011297360761091113,0.8922865877058644,1,1,0.1111111111111111,4 10
2683,11166,0.050000000000000044,0.12662246823310852,0.0003625075429833184,0.0026898588985204697,0.8240171939861618,2,2,0.2222222222222222,2 8 10
2684,11168,0.050000000000000044,0.06062532961368561,0.0005068665486760437,0.0011297360761091113,0.8922865877058644,1,1,0.1111111111111111,4 10
2685,11171,0.050000000000000044,0.15221481025218964,0.00037626833848965663,0.0004358246806077659,0.9368535895675739,2,2,0.2222222222222222,2 8 10
2686,11178,0.050000000000000044,0.4485218822956085,0.0003516098887692871,0.0007717894623056054,0.928271499704946,6,6,0.6666666666666666,2 9 8 4 3 5 10
2687,11183,0.050000000000000044,0.3960459530353546,0.00023486384307034314,0.0013037422904744744,0.9237105850579923,4,4,0.4444444444444444,3 4 8 9 10
2688,11185,0.050000000000000044,0.05966370552778244,0.0002602999593364075,0.0010643962305039167,0.8938761080762506,1,1,0.1111111111111111,4 10
2689,11188,0.050000000000000044,0.19791531562805176,0.00031259876656501245,0.0011633896501734853,0.8739712917900397,2,2,0.2222222222222222,2 8 10
2690,11192,0.050000000000000044,0.19272665679454803,0.0002910266848630272,0.0010274159722030163,0.9255853887297453,3,3,0.3333333333333333,2 8 3 10
2691,11194,0.050000000000000044,0.046487025916576385,0.000321534724207595,0.00152482814155519,0.8309204229524672,1,1,0.1111111111111111,4 10
2692,11196,0.050000000000000044,0.2736901640892029,0.00043148527038283646,0.0017726975493133068,0.8321077360613238,1,1,0.1111111111111111,2 10
2693,11200,0.050000000000000044,0.15380367636680603,0.0003418965934542939,0.0017689340747892857,0.8747772203047409,3,3,0.3333333333333333,3 4 5 10
2694,11208,0.050000000000000044,0.46139219403266907,0.00028070085136278067,0.0003323886776342988,0.9400064055226504,7,7,0.7777777777777778,9 2 8 4 3 6 5 10
2695,11216,0.050000000000000044,0.4390481114387512,0.00024631511041661724,0.0005903301644138992,0.934690558261877,7,7,0.7777777777777778,2 9 8 4 3 6 5 10
2696,11224,0.050000000000000044,0.49691227078437805,0.0003131880093860673,0.0004519728827290237,0.9568909371048034,7,7,0.7777777777777778,2 9 8 4 3 6 5 10
2697,11227,0.050000000000000044,0.11113286763429642,0.0002916176163125783,0.001075435895472765,0.9014329623240495,2,2,0.2222222222222222,3 5 10
2698,11230,0.050000000000000044,0.13333460688591003,0.00032599279074929655,0.0006554607534781098,0.9395266219743225,2,2,0.2222222222222222,2 8 10
2699,11233,0.050000000000000044,0.09113205969333649,0.00023648791830055416,0.0005975330714136362,0.9099776574568856,2,2,0.2222222222222222,2 8 10
2700,11236,0.050000000000000044,0.13333460688591003,0.0002916315376448135,0.0006554607534781098,0.9395266219743225,2,2,0.2222222222222222,2 8 10
2701,11240,0.050000000000000044,0.03156888484954834,0.0003584314981708303,0.0014039191883057356,0.9029506435983247,3,3,0.3333333333333333,2 8 4 10
2702,11243,0.050000000000000044,0.09113205969333649,0.0004087090880299608,0.0005975330714136362,0.9099776574568856,2,2,0.2222222222222222,2 8 10
2703,11252,0.050000000000000044,0.29764410853385925,0.0003505339360951136,0.0006234164466150105,0.95209352881177,8,8,0.8888888888888888,4 3 8 6 9 1 5 2 10
2704,11255,0.050000000000000044,0.10423704981803894,0.0007266339768345157,0.0015450150240212679,0.8592284659408785,2,2,0.2222222222222222,7 5 10
2705,11257,0.050000000000000044,0.046487025916576385,0.000870863936142996,0.00152482814155519,0.8309204229524672,1,1,0.1111111111111111,4 10
2706,11260,0.050000000000000044,0.1792849898338318,0.0005488934887883564,0.0012298867804929614,0.884983474581406,2,2,0.2222222222222222,2 8 10
2707,11262,0.050000000000000044,0.03884042054414749,0.0007108341669663787,0.0008692104602232575,0.9043948443320787,1,1,0.1111111111111111,4 10
2708,11270,0.050000000000000044,0.43682989478111267,0.00048623147085891105,0.0005949994083493948,0.9335638804009071,7,7,0.7777777777777778,9 2 5 8 1 4 3 10
2709,11272,0.050000000000000044,0.04281405359506607,0.0005009308515582234,0.0013543919194489717,0.8872737571614818,1,1,0.1111111111111111,4 10
2710,11275,0.050000000000000044,0.14341361820697784,0.0005786529509350657,0.0017113493522629142,0.8996180292577721,2,2,0.2222222222222222,3 5 10
2711,11278,0.050000000000000044,0.09458945691585541,0.00038320339323642355,0.0009124309872277081,0.8987814840040083,2,2,0.2222222222222222,2 1 10
2712,11286,0.050000000000000044,0.38723912835121155,0.0005289913206070196,0.0008951083873398602,0.9108640831163182,7,7,0.7777777777777778,9 2 8 5 7 3 4 10
2713,11289,0.050000000000000044,0.15221481025218964,0.0005514237952108184,0.0004358246806077659,0.9368535895675739,2,2,0.2222222222222222,2 8 10
2714,11292,0.050000000000000044,0.09341372549533844,0.00046265858691185713,0.0018240439239889383,0.8610716218861899,2,2,0.2222222222222222,2 8 10
2715,11299,0.050000000000000044,0.3912571370601654,0.00039853931022142727,0.0003184183733537793,0.9690308514517354,6,6,0.6666666666666666,9 2 8 5 3 4 10
2716,11306,0.050000000000000044,0.45580583810806274,0.00044657384777175527,0.0006071152165532112,0.9332197337066943,6,6,0.6666666666666666,9 1 5 3 6 4 10
2717,11309,0.050000000000000044,-0.004181355237960815,0.0004018579008212934,0.0007100850925780833,0.9231343119804981,2,2,0.2222222222222222,4 7 10
2718,11316,0.050000000000000044,0.45906591415405273,0.00048204167147300074,0.0005951557541266084,0.9336166450937636,6,6,0.6666666666666666,9 2 8 4 5 3 10
2719,11320,0.050000000000000044,0.29605892300605774,0.0004029273986816406,0.0014588634949177504,0.894892756653314,3,3,0.3333333333333333,9 2 8 10
2720,11322,0.050000000000000044,0.029178842902183533,0.00043756076775025576,0.001665644347667694,0.8132051601695887,1,1,0.1111111111111111,3 10
2721,11330,0.050000000000000044,0.307417094707489,0.0003973626262450125,0.0009590268018655479,0.9044422973988314,7,7,0.7777777777777778,9 2 8 4 6 5 7 10
2722,11332,0.050000000000000044,0.04510943219065666,0.0003810804628301412,0.0009057357674464583,0.8937286822552771,1,1,0.1111111111111111,3 10
2723,11335,0.050000000000000044,0.19791531562805176,0.0004393811298844715,0.0011633896501734853,0.8739712917900397,2,2,0.2222222222222222,2 8 10
2724,11339,0.050000000000000044,0.09395579993724823,0.00037004115438321605,0.001007197191938758,0.928143218407733,3,3,0.3333333333333333,5 1 7 10
2725,11346,0.050000000000000044,0.3454192280769348,0.00037462912067504864,0.0005198954604566097,0.9401973444574228,6,6,0.6666666666666666,9 2 8 5 3 4 10
2726,11354,0.050000000000000044,0.2654598653316498,0.0003849703170999419,0.0009077072027139366,0.9259651794267749,7,7,0.7777777777777778,9 2 8 5 3 4 1 10
2727,11362,0.050000000000000044,0.4992430508136749,0.00044134493873571046,0.00044275051914155483,0.9570903429201185,7,7,0.7777777777777778,6 4 8 3 9 1 5 10
2728,11365,0.050000000000000044,0.15710057318210602,0.0004356103502990057,0.0015318566001951694,0.8460378921219767,2,2,0.2222222222222222,2 8 10
2729,11371,0.050000000000000044,0.2979888319969177,0.0003591323911678046,0.0010623940033838153,0.91345633375021,5,5,0.5555555555555556,9 2 8 5 3 10
2730,11377,0.050000000000000044,0.3369763195514679,0.0003700059435990018,0.0006788092432543635,0.9255254995055701,5,5,0.5555555555555556,9 2 8 5 3 10
2731,11379,0.050000000000000044,0.046487025916576385,0.0003319181123515591,0.00152482814155519,0.8309204229524672,1,1,0.1111111111111111,4 10
2732,11387,0.050000000000000044,0.4262280762195587,0.00034012879041256383,0.0013085526879876852,0.9188880837665302,7,7,0.7777777777777778,9 2 8 4 5 6 7 10
2733,11396,0.050000000000000044,0.38847097754478455,0.0003361022940629886,0.0008331740973517299,0.9243695925518108,8,8,0.8888888888888888,9 2 8 4 6 5 7 1 10
2734,11402,0.050000000000000044,0.2979888319969177,0.00038413469155784696,0.0010623940033838153,0.91345633375021,5,5,0.5555555555555556,9 2 8 5 3 10
2735,11411,0.050000000000000044,0.41959434747695923,0.00033929051520923775,0.0005814561736769974,0.9353443691230132,8,8,0.8888888888888888,9 2 1 8 5 4 6 3 10
2736,11418,0.050000000000000044,0.5156251192092896,0.00044397759484127164,0.0004635226505342871,0.9560502696866513,6,6,0.6666666666666666,9 2 8 4 3 5 10
2737,11421,0.050000000000000044,0.19324557483196259,0.0004117269612227877,0.00048408107249997556,0.9337721387108214,2,2,0.2222222222222222,2 8 10
2738,11423,0.050000000000000044,0.03451820835471153,0.00040661294769961387,0.001201205886900425,0.8625056232180663,1,1,0.1111111111111111,4 10
2739,11425,0.050000000000000044,0.029178842902183533,0.0003463641623966396,0.001665644347667694,0.8132051601695887,1,1,0.1111111111111111,3 10
2740,11432,0.050000000000000044,0.29877060651779175,0.0003411515707349671,0.0009078137809410691,0.9259572037795778,6,6,0.6666666666666666,9 2 4 8 5 3 10
2741,11441,0.050000000000000044,0.42137232422828674,0.0003403909860127088,0.00036932353395968676,0.9356058886126304,8,8,0.8888888888888888,9 2 8 4 6 5 7 1 10
2742,11445,0.050000000000000044,0.403438001871109,0.00033283478842349723,0.0009194145677611232,0.9318297210013257,3,3,0.3333333333333333,4 8 3 10
2743,11452,0.050000000000000044,0.3971269428730011,0.000409034126537985,0.0010692275827750564,0.903353480943318,6,6,0.6666666666666666,9 2 8 4 3 5 10
2744,11458,0.050000000000000044,0.2979888319969177,0.0003425292088650167,0.0010623940033838153,0.91345633375021,5,5,0.5555555555555556,9 2 8 5 3 10
2745,11466,0.050000000000000044,0.3583693504333496,0.0003128475091216387,0.00031805498292669654,0.9692302632824419,7,7,0.7777777777777778,9 2 8 5 3 4 7 10
2746,11470,0.050000000000000044,0.08256971836090088,0.00039509765338152647,0.0011581435101106763,0.9008510927010801,3,3,0.3333333333333333,3 5 4 10
2747,11477,0.050000000000000044,0.4585879147052765,0.00037832558155059814,0.0012457354459911585,0.9223937732250597,6,6,0.6666666666666666,9 2 8 4 3 5 10
2748,11481,0.050000000000000044,0.21996396780014038,0.0003608165425248444,0.0008114546653814614,0.9388695206231793,3,3,0.3333333333333333,4 3 5 10
2749,11484,0.050000000000000044,0.10523057729005814,0.0002415387959141905,0.0011991013307124376,0.8964561648693437,2,2,0.2222222222222222,8 3 10
2750,11487,0.050000000000000044,0.12553609907627106,0.00039842680174236494,0.0007633796194568276,0.9186078773880119,2,2,0.2222222222222222,4 3 10
2751,11493,0.050000000000000044,0.3689282536506653,0.0004340666443264733,0.0007642422569915652,0.9426241316140478,5,5,0.5555555555555556,4 8 3 1 5 10
2752,11500,0.050000000000000044,0.40311166644096375,0.00037395809860234816,0.0009162122150883079,0.9084315338259503,6,6,0.6666666666666666,9 2 8 4 3 5 10
2753,11503,0.050000000000000044,0.11731629818677902,0.001022558892145753,0.0008154716924764216,0.9146908416316427,2,2,0.2222222222222222,7 8 10
2754,11509,0.050000000000000044,0.3677089214324951,0.0008399281553768864,0.0004956703633069992,0.9536553697569758,5,5,0.5555555555555556,9 2 8 5 3 10
2755,11512,0.050000000000000044,0.14341361820697784,0.0006385999925745031,0.0017113493522629142,0.8996180292577721,2,2,0.2222222222222222,3 5 10
2756,11515,0.050000000000000044,0.20648209750652313,0.0006691856154551109,0.0005874915514141321,0.9488210503928868,2,2,0.2222222222222222,2 8 10
2757,11517,0.050000000000000044,0.0589144229888916,0.0005805154651170596,0.0007895955350250006,0.8966935165890899,1,1,0.1111111111111111,4 10
2758,11521,0.050000000000000044,0.15277209877967834,0.0005353738961275667,0.0005718354368582368,0.948589413525375,3,3,0.3333333333333333,9 2 8 10
2759,11524,0.050000000000000044,0.16971264779567719,0.0005276637675706297,0.0021276811603456736,0.8450265611199647,2,2,0.2222222222222222,3 5 10
2760,11526,0.050000000000000044,0.03884042054414749,0.0004715280228992924,0.0008692104602232575,0.9043948443320787,1,1,0.1111111111111111,4 10
2761,11532,0.050000000000000044,0.3492334485054016,0.0005177937176388999,0.0009611619170755148,0.9023243601519203,5,5,0.5555555555555556,3 8 2 5 4 10
2762,11537,0.050000000000000044,0.515543520450592,0.0004772801999934018,0.00035684616887010634,0.9364419431557411,4,4,0.4444444444444444,4 9 3 5 10
2763,11540,0.050000000000000044,0.11113286763429642,0.000381775675729538,0.001075435895472765,0.9014329623240495,2,2,0.2222222222222222,5 3 10
2764,11546,0.050000000000000044,0.38290876150131226,0.0004469662526389584,0.0008796275360509753,0.9323937326634256,5,5,0.5555555555555556,4 2 8 5 3 10
2765,11550,0.050000000000000044,0.41966888308525085,0.000429732768679969,0.001196348457597196,0.9069899972993327,3,3,0.3333333333333333,4 8 3 10
2766,11554,0.050000000000000044,0.15380369126796722,0.00044009842531522736,0.0017689340747892857,0.8747772203047409,3,3,0.3333333333333333,5 3 4 10
2767,11561,0.050000000000000044,0.38550499081611633,0.0004254748304707131,0.0009818836115300655,0.9033567465478544,6,6,0.6666666666666666,4 9 2 5 6 7 10
2768,11564,0.050000000000000044,0.1792849898338318,0.0005262599443085492,0.0012298867804929614,0.884983474581406,2,2,0.2222222222222222,2 8 10
2769,11567,0.050000000000000044,0.19324557483196259,0.00041654025941776734,0.00048408107249997556,0.9337721387108214,2,2,0.2222222222222222,2 8 10
2770,11571,0.050000000000000044,0.4175718128681183,0.00038554544880753383,0.0010712039656937122,0.9183267900071302,3,3,0.3333333333333333,4 8 3 10
2771,11574,0.050000000000000044,0.11000248044729233,0.0003222560868986572,0.0008278614841401577,0.9328222060210639,2,2,0.2222222222222222,6 7 10
2772,11577,0.050000000000000044,0.11921658366918564,0.00031713913873924565,0.0021879877895116806,0.8868179797005533,2,2,0.2222222222222222,3 4 10
2773,11579,0.050000000000000044,0.05438796430826187,0.0003542308695614338,0.0008057898376137018,0.9136342033300898,1,1,0.1111111111111111,1 10
2774,11586,0.050000000000000044,0.45858800411224365,0.0003833457262122205,0.0012457354459911585,0.9223937732250597,6,6,0.6666666666666666,2 8 4 9 5 3 10
2775,11590,0.050000000000000044,0.4197719097137451,0.00040003532194532454,0.0013346211053431034,0.9167494995249037,3,3,0.3333333333333333,4 3 5 10
2776,11595,0.050000000000000044,0.5521358847618103,0.00043332081404514613,0.0004879175394307822,0.9537528201175784,4,4,0.4444444444444444,4 3 9 5 10
2777,11600,0.050000000000000044,0.5521358847618103,0.0003624533303081989,0.0004879175394307822,0.9537528201175784,4,4,0.4444444444444444,4 3 9 5 10
2778,11604,0.050000000000000044,0.42808064818382263,0.0003631843501352705,0.0009422020521014929,0.9351801989371938,3,3,0.3333333333333333,4 3 5 10
2779,11607,0.050000000000000044,0.19324557483196259,0.0002990466891787946,0.00048408107249997556,0.9337721387108214,2,2,0.2222222222222222,2 8 10
2780,11613,0.050000000000000044,0.4761483073234558,0.00041016702986477566,0.00039080838905647397,0.9316757952486576,5,5,0.5555555555555556,4 3 9 8 1 10
2781,11619,0.050000000000000044,0.32129737734794617,0.0003749063228800272,0.0009546263609081507,0.9218321018603128,5,5,0.5555555555555556,2 8 4 5 3 10
2782,11624,0.050000000000000044,0.40949150919914246,0.0003787744004512206,0.0007153531769290566,0.9439977007374327,4,4,0.4444444444444444,4 3 5 7 10
2783,11626,0.050000000000000044,0.05438796430826187,0.00045309466077014804,0.0008057898376137018,0.9136342033300898,1,1,0.1111111111111111,1 10
2784,11629,0.050000000000000044,0.20648209750652313,0.0004394111941413333,0.0005874915514141321,0.9488210503928868,2,2,0.2222222222222222,2 8 10
2785,11632,0.050000000000000044,0.0008537471294403076,0.00045457448383482796,0.0012410441413521767,0.8612948164574173,2,2,0.2222222222222222,4 7 10
2786,11640,0.050000000000000044,0.46387168765068054,0.0003941452123399358,0.00032860744977369905,0.9410427441813858,7,7,0.7777777777777778,4 9 3 8 6 1 5 10
2787,11646,0.050000000000000044,0.3706207871437073,0.00042485380739284057,0.001210095826536417,0.9251648800692042,5,5,0.5555555555555556,3 9 2 4 5 10
2788,11649,0.050000000000000044,0.15710057318210602,0.00034134704037569463,0.0015318566001951694,0.8460378921219767,2,2,0.2222222222222222,2 8 10
2789,11651,0.050000000000000044,0.03355327621102333,0.0003779044491238892,0.0010058264015242457,0.8915819431191109,1,1,0.1111111111111111,1 10
2790,11654,0.050000000000000044,0.1985398530960083,0.0003921702057899286,0.001383081078529358,0.8987387401205748,2,2,0.2222222222222222,8 2 10
2791,11658,0.050000000000000044,0.16699735820293427,0.0003606149912229739,0.0005174658726900816,0.9519206289197545,3,3,0.3333333333333333,4 2 3 10
2792,11661,0.050000000000000044,0.1985398530960083,0.0004069433392335971,0.001383081078529358,0.8987387401205748,2,2,0.2222222222222222,8 2 10
2793,11664,0.050000000000000044,0.13333460688591003,0.0003841327561531216,0.0006554607534781098,0.9395266219743225,2,2,0.2222222222222222,8 2 10
2794,11673,0.050000000000000044,0.35833731293678284,0.0003546840647080292,0.0010462853824719787,0.9052856655771468,8,8,0.8888888888888888,2 9 8 4 6 1 3 5 10
2795,11677,0.050000000000000044,0.02700679749250412,0.0003830168498097919,0.001823373488150537,0.8614114811522144,3,3,0.3333333333333333,9 2 8 10
2796,11680,0.050000000000000044,0.11464866995811462,0.00031856494994523626,0.0008302467176690698,0.9131896928413444,2,2,0.2222222222222222,8 2 10
2797,11683,0.050000000000000044,0.11464866995811462,0.0003334519181710978,0.0008302467176690698,0.9131896928413444,2,2,0.2222222222222222,8 2 10
2798,11686,0.050000000000000044,0.13331417739391327,0.0003689351142384112,0.0012975872959941626,0.9118230704497213,2,2,0.2222222222222222,8 7 10
2799,11694,0.050000000000000044,0.4603411853313446,0.0003727681723830756,0.00033477466786280274,0.9398101141208984,7,7,0.7777777777777778,2 8 4 9 1 3 5 10
2800,11698,0.050000000000000044,0.43612128496170044,0.0004353615513537079,0.0011007825378328562,0.9164959155067394,3,3,0.3333333333333333,3 5 4 10
2801,11700,0.050000000000000044,0.046487025916576385,0.00031498202588409185,0.00152482814155519,0.8309204229524672,1,1,0.1111111111111111,4 10
2802,11703,0.050000000000000044,0.15710057318210602,0.0003206006367690861,0.0015318566001951694,0.8460378921219767,2,2,0.2222222222222222,2 8 10
2803,11709,0.050000000000000044,0.41086363792419434,0.0003386268920924825,0.0011010529706254601,0.8999679704660751,5,5,0.5555555555555556,4 9 2 3 5 10
2804,11712,0.050000000000000044,0.14341361820697784,0.00031485419215944904,0.0017113493522629142,0.8996180292577721,2,2,0.2222222222222222,3 5 10
2805,11720,0.050000000000000044,0.40483856201171875,0.00030655970294901635,0.0008516023517586291,0.9219890599195512,7,7,0.7777777777777778,2 8 4 9 1 5 7 10
2806,11722,0.050000000000000044,0.04281405359506607,0.00033168586378451437,0.0013543919194489717,0.8872737571614818,1,1,0.1111111111111111,4 10
2807,11724,0.050000000000000044,0.11564766615629196,0.00025023052148753777,0.0011978161055594683,0.8766530596791776,1,1,0.1111111111111111,4 10
2808,11730,0.050000000000000044,0.32129737734794617,0.0003301115599848951,0.0009546263609081507,0.9218321018603128,5,5,0.5555555555555556,2 8 3 5 4 10
2809,11734,0.050000000000000044,0.09702882170677185,0.00038168393075466156,0.0005506484303623438,0.9562838631421859,3,3,0.3333333333333333,4 3 9 10
2810,11738,0.050000000000000044,0.07577919960021973,0.00032414408633485436,0.0006690307054668665,0.9280488719271139,3,3,0.3333333333333333,4 9 3 10
2811,11743,0.050000000000000044,0.4173508584499359,0.00030364834528882054,0.0008328834665007889,0.9444973288938917,4,4,0.4444444444444444,4 6 3 5 10
2812,11746,0.050000000000000044,0.16971264779567719,0.00037479021314842004,0.0021276811603456736,0.8450265611199647,2,2,0.2222222222222222,5 3 10
2813,11748,0.050000000000000044,-0.0004987604916095734,0.00032582739368081093,0.001411285251379013,0.8351108978206777,1,1,0.1111111111111111,1 10
2814,11750,0.050000000000000044,-0.0004987604916095734,0.00040288385935127735,0.001411285251379013,0.8351108978206777,1,1,0.1111111111111111,1 10
2815,11757,0.050000000000000044,0.3971269726753235,0.0007968022754149777,0.0010692275827750564,0.903353480943318,6,6,0.6666666666666666,2 8 4 9 3 5 10
2816,11759,0.050000000000000044,0.06098437309265137,0.0006860330468043685,0.0017735688015818596,0.8871583074395513,1,1,0.1111111111111111,4 10
2817,11762,0.050000000000000044,0.04138810932636261,0.000698811161176612,0.0006253769970498979,0.9275462117652973,2,2,0.2222222222222222,2 8 10
2818,11767,0.050000000000000044,0.40854373574256897,0.0005536589247640223,0.0009267329587601125,0.9290830131961247,4,4,0.4444444444444444,4 8 3 5 10
2819,11770,0.050000000000000044,0.07465614378452301,0.0006061955549133321,0.00155686738435179,0.8862327093548639,2,2,0.2222222222222222,2 8 10
2820,11775,0.050000000000000044,0.40854373574256897,0.000482740142615512,0.0009267329587601125,0.9290830131961247,4,4,0.4444444444444444,4 8 3 5 10
2821,11777,0.050000000000000044,0.0589144229888916,0.0005919474642723799,0.0007895955350250006,0.8966935165890899,1,1,0.1111111111111111,4 10
2822,11780,0.050000000000000044,0.15221481025218964,0.0004829990405899783,0.0004358246806077659,0.9368535895675739,2,2,0.2222222222222222,2 8 10
2823,11783,0.050000000000000044,0.09113204479217529,0.0005911603996840616,0.0005975330714136362,0.9099776574568856,2,2,0.2222222222222222,8 2 10
2824,11785,0.050000000000000044,0.022266119718551636,0.0004874177247984335,0.0012151640839874744,0.8455058391539294,1,1,0.1111111111111111,3 10
2825,11788,0.050000000000000044,0.11852535605430603,0.0005443881382234395,0.001429002732038498,0.9011649027838861,2,2,0.2222222222222222,5 3 10
2826,11790,0.050000000000000044,0.23708730936050415,0.000552836834685877,0.0015065476763993502,0.8384729640715612,1,1,0.1111111111111111,4 10
2827,11794,0.050000000000000044,0.15380369126796722,0.0005078410977148451,0.0017689340747892857,0.8747772203047409,3,3,0.3333333333333333,5 3 4 10
2828,11797,0.050000000000000044,0.19791531562805176,0.00039065427457292873,0.0011633896501734853,0.8739712917900397,2,2,0.2222222222222222,2 8 10
2829,11800,0.050000000000000044,0.10815343260765076,0.0004793219074296455,0.00117151637095958,0.8979088339985621,2,2,0.2222222222222222,5 3 10
2830,11803,0.050000000000000044,0.11792918294668198,0.0004373639724993457,0.000804286974016577,0.9374519547582665,2,2,0.2222222222222222,2 1 10
2831,11806,0.050000000000000044,0.007836714386940002,0.0004159218321243922,0.0008695279830135405,0.8993501283503033,2,2,0.2222222222222222,4 5 10
2832,11809,0.050000000000000044,0.12390187382698059,0.0003974544330655287,0.0014034229097887874,0.9066027235970627,2,2,0.2222222222222222,8 2 10
2833,11811,0.050000000000000044,0.05966370552778244,0.0004836365260416642,0.0010643962305039167,0.8938761080762506,1,1,0.1111111111111111,4 10
2834,11818,0.050000000000000044,0.5109072923660278,0.0005065722091655646,0.0004774448461830616,0.9545487767876116,6,6,0.6666666666666666,1 3 7 5 4 9 10
2835,11824,0.050000000000000044,0.42020782828330994,0.00036854928960868466,0.0003302721306681633,0.9677072488896629,5,5,0.5555555555555556,1 3 9 5 4 10
2836,11827,0.050000000000000044,0.1880398839712143,0.0005466599541250616,0.0006530408281832933,0.944121281772533,2,2,0.2222222222222222,2 4 10
2837,11830,0.050000000000000044,0.1104436069726944,0.00031813333043828607,0.001106159994378686,0.9033732995674386,2,2,0.2222222222222222,4 5 10
2838,11833,0.050000000000000044,0.172509104013443,0.00035353235822791856,0.0014624252216890454,0.8594186275191915,2,2,0.2222222222222222,8 7 10
2839,11838,0.050000000000000044,0.49253222346305847,0.00034727088641375305,0.0006293143960647285,0.9307696960520943,4,4,0.4444444444444444,9 5 3 4 10
2840,11843,0.050000000000000044,0.4039052426815033,0.0004074368509463966,0.0005602201563306153,0.9380694560697757,4,4,0.4444444444444444,9 5 3 4 10
2841,11849,0.050000000000000044,0.5247091054916382,0.00035049288271693513,0.0004999345983378589,0.9513232863899077,5,5,0.5555555555555556,1 4 3 7 5 10
2842,11851,0.050000000000000044,0.03451820835471153,0.00038132006011437625,0.001201205886900425,0.8625056232180663,1,1,0.1111111111111111,4 10
2843,11854,0.050000000000000044,0.11560302972793579,0.00046682079361441237,0.0010585244745016098,0.9055477057657826,2,2,0.2222222222222222,4 3 10
2844,11863,0.050000000000000044,0.41524437069892883,0.0003914715683398147,0.0012392164207994938,0.9228136617597303,8,8,0.8888888888888888,5 2 4 6 7 9 1 3 10
2845,11866,0.050000000000000044,0.11132143437862396,0.000393978562594081,0.001524352584965527,0.868346408647391,2,2,0.2222222222222222,3 5 10
2846,11869,0.050000000000000044,0.12390187382698059,0.0002911080470463882,0.0014034229097887874,0.9066027235970627,2,2,0.2222222222222222,8 2 10
2847,11874,0.050000000000000044,0.45042890310287476,0.00045394584303721787,0.0003419184358790517,0.9670160694156333,4,4,0.4444444444444444,9 5 3 4 10
2848,11880,0.050000000000000044,0.4202078580856323,0.0003166540797489385,0.0003302721306681633,0.9677072488896629,5,5,0.5555555555555556,9 5 3 1 4 10
2849,11883,0.050000000000000044,0.1985398530960083,0.00042462309162753326,0.001383081078529358,0.8987387401205748,2,2,0.2222222222222222,8 2 10
2850,11885,0.050000000000000044,0.024714116007089615,0.0004625747387763113,0.000965597340837121,0.8763016812795691,1,1,0.1111111111111111,5 10
2851,11893,0.050000000000000044,0.39003461599349976,0.0003343612370372284,0.0008846846176311374,0.9116706122045143,7,7,0.7777777777777778,4 3 8 9 6 1 5 10
2852,11897,0.050000000000000044,0.13687030971050262,0.0003547416490619071,0.001147603616118431,0.8917951859117405,3,3,0.3333333333333333,4 5 1 10
2853,11903,0.050000000000000044,0.47273555397987366,0.00036411975937274593,0.0006218620692379773,0.9314221076924225,5,5,0.5555555555555556,9 5 3 2 4 10
2854,11906,0.050000000000000044,0.15710057318210602,0.0003432408072209607,0.0015318566001951694,0.8460378921219767,2,2,0.2222222222222222,2 8 10
2855,11909,0.050000000000000044,0.09341372549533844,0.0005367977622275552,0.0018240439239889383,0.8610716218861899,2,2,0.2222222222222222,2 8 10
2856,11914,0.050000000000000044,0.3592374920845032,0.00046334037324413657,0.0009344061836600304,0.9235703097689592,4,4,0.4444444444444444,9 5 3 4 10
2857,11921,0.050000000000000044,0.3527597486972809,0.00038049418279635053,0.0008583898888900876,0.933637900324483,6,6,0.6666666666666666,4 8 3 1 7 5 10
2858,11924,0.050000000000000044,0.19435951113700867,0.00036451372822436195,0.0011888995068147779,0.8720131784004207,2,2,0.2222222222222222,8 7 10
2859,11933,0.050000000000000044,0.409454882144928,0.00040445436995166045,0.0007548851426690817,0.9304624109326305,8,8,0.8888888888888888,8 4 3 1 9 6 7 5 10
2860,11935,0.050000000000000044,0.06062532961368561,0.0003981740155722946,0.0011297360761091113,0.8922865877058644,1,1,0.1111111111111111,4 10
2861,11938,0.050000000000000044,0.12390187382698059,0.0003709022227364282,0.0014034229097887874,0.9066027235970627,2,2,0.2222222222222222,2 8 10
2862,11944,0.050000000000000044,0.5276901125907898,0.0004833754404292752,0.0004903137451037765,0.9520813577346654,5,5,0.5555555555555556,8 2 4 5 3 10
2863,11948,0.050000000000000044,0.4268442392349243,0.00045563108869828284,0.0008054295904003084,0.9396085455287225,3,3,0.3333333333333333,4 3 5 10
2864,11951,0.050000000000000044,0.11132143437862396,0.0004993184314419826,0.001524352584965527,0.868346408647391,2,2,0.2222222222222222,3 5 10
2865,11956,0.050000000000000044,0.5155434608459473,0.00033174373384099455,0.00035684616887010634,0.9364419431557411,4,4,0.4444444444444444,9 5 3 4 10
2866,11961,0.050000000000000044,0.3691132068634033,0.00035525606363080443,0.0009709074511192739,0.9024514671720733,4,4,0.4444444444444444,9 5 3 4 10
2867,11969,0.050000000000000044,0.45912155508995056,0.0003497700017760508,0.000336871889885515,0.9393739615091954,7,7,0.7777777777777778,9 7 8 4 1 5 3 10
2868,11974,0.050000000000000044,0.3592374920845032,0.00033280076459050176,0.0009344061836600304,0.9235703097689592,4,4,0.4444444444444444,9 5 3 4 10
2869,11976,0.050000000000000044,0.0589144229888916,0.00036811108293477446,0.0007895955350250006,0.8966935165890899,1,1,0.1111111111111111,4 10
2870,11978,0.050000000000000044,0.06062532961368561,0.00034327372850384563,0.0011297360761091113,0.8922865877058644,1,1,0.1111111111111111,4 10
2871,11981,0.050000000000000044,0.13333460688591003,0.00033214775612577796,0.0006554607534781098,0.9395266219743225,2,2,0.2222222222222222,2 8 10
2872,11987,0.050000000000000044,0.5299612879753113,0.0003344227346436431,0.0004877376777585596,0.9537588863253735,5,5,0.5555555555555556,9 5 3 7 4 10
2873,11990,0.050000000000000044,0.09113205969333649,0.0003695422977519532,0.0005975330714136362,0.9099776574568856,2,2,0.2222222222222222,2 8 10
2874,11993,0.050000000000000044,0.11649145931005478,0.00022953099202519903,0.002212017774581909,0.8839205625764893,2,2,0.2222222222222222,3 8 10
2875,11996,0.050000000000000044,0.1792849898338318,0.0003589456803941478,0.0012298867804929614,0.884983474581406,2,2,0.2222222222222222,2 8 10
2876,12002,0.050000000000000044,0.5276901125907898,0.0004608868111972697,0.0004903137451037765,0.9520813577346654,5,5,0.5555555555555556,8 2 4 5 3 10
2877,12005,0.050000000000000044,0.15134380757808685,0.0006333042789871494,0.0024468160700052977,0.8412959741891318,2,2,0.2222222222222222,8 7 10
2878,12008,0.050000000000000044,0.17989304661750793,0.0005441847412536541,0.001258210395462811,0.8877759535357302,2,2,0.2222222222222222,8 7 10
2879,12016,0.050000000000000044,0.439450740814209,0.0005511242161446717,0.00122960249427706,0.9238471245475105,7,7,0.7777777777777778,8 3 4 6 9 1 5 10
2880,12019,0.050000000000000044,0.09138238430023193,0.0005373840006844451,0.0014601555885747075,0.8989381792553115,2,2,0.2222222222222222,1 7 10
2881,12023,0.050000000000000044,0.20790410041809082,0.0004744876496260986,0.0007259475532919168,0.9303995626009602,3,3,0.3333333333333333,4 5 3 10
2882,12029,0.050000000000000044,0.35875222086906433,0.00048587031778879464,0.0009386521996930242,0.9061989865302331,5,5,0.5555555555555556,6 5 4 7 3 10
2883,12035,0.050000000000000044,0.4988490641117096,0.0004274229140719399,0.000345442327670753,0.9378297026850523,5,5,0.5555555555555556,6 5 3 7 4 10
2884,12037,0.050000000000000044,0.04717379808425903,0.00044296946725808084,0.0008143529994413257,0.9070444910230024,1,1,0.1111111111111111,3 10
2885,12045,0.050000000000000044,0.43223047256469727,0.0004020725427835714,0.0003902371972799301,0.931967858008057,7,7,0.7777777777777778,9 7 3 6 4 8 1 10
2886,12051,0.050000000000000044,0.4170188009738922,0.00045568812735533964,0.0003395242092665285,0.9667923990260548,5,5,0.5555555555555556,9 5 3 7 4 10
2887,12054,0.050000000000000044,0.06213594973087311,0.00044692040925535065,0.0006810955819673836,0.8927327037637214,2,2,0.2222222222222222,2 1 10
2888,12058,0.050000000000000044,0.19016839563846588,0.00044457057811087,0.00024145617499016225,0.9591054467309386,3,3,0.3333333333333333,4 3 5 10
2889,12064,0.050000000000000044,0.3692961037158966,0.0003833383525488898,0.0005576799158006907,0.9370229666727051,5,5,0.5555555555555556,9 5 3 7 4 10
2890,12070,0.050000000000000044,0.32594481110572815,0.00038258750767757493,0.0009338423260487616,0.9235560910667733,5,5,0.5555555555555556,9 5 3 7 4 10
2891,12074,0.050000000000000044,0.1919887810945511,0.00044088083086535335,0.0003517318400554359,0.9524080036794955,3,3,0.3333333333333333,4 5 3 10
2892,12077,0.050000000000000044,0.12553609907627106,0.00043423284660093486,0.0007633796194568276,0.9186078773880119,2,2,0.2222222222222222,4 3 10
2893,12083,0.050000000000000044,0.4170188009738922,0.00032269854030649486,0.0003395242092665285,0.9667923990260548,5,5,0.5555555555555556,9 5 3 7 4 10
2894,12089,0.050000000000000044,0.3710862696170807,0.00036790628898112726,0.0012204537633806467,0.9262449854595075,5,5,0.5555555555555556,3 5 9 7 4 10
2895,12090,0.050000000000000044,0.0,0.0003023747995030135,0.005171672441065311,0.6759086361699754,0,0,0.0,10
2896,12095,0.050000000000000044,0.40316301584243774,0.00028367466584313663,0.0012269511353224516,0.9254885753190342,4,4,0.4444444444444444,3 5 9 4 10
2897,12103,0.050000000000000044,0.439450740814209,0.0003726470749825239,0.00122960249427706,0.9238471245475105,7,7,0.7777777777777778,3 8 4 9 6 1 5 10
2898,12110,0.050000000000000044,0.41185787320137024,0.0003392856285375144,0.0008853274630382657,0.9113582358490698,6,6,0.6666666666666666,6 5 4 9 7 3 10
2899,12112,0.050000000000000044,0.06098437309265137,0.00027381005929782987,0.0017735688015818596,0.8871583074395513,1,1,0.1111111111111111,4 10
2900,12114,0.050000000000000044,0.06098437309265137,0.00040688866283744574,0.0017735688015818596,0.8871583074395513,1,1,0.1111111111111111,4 10
2901,12120,0.050000000000000044,0.3814070522785187,0.0003764324064832181,0.0010287647601217031,0.9232072144853091,5,5,0.5555555555555556,3 5 9 7 4 10
2902,12128,0.050000000000000044,0.37858548760414124,0.0002937051813205471,0.0010532522574067116,0.9044165295702665,7,7,0.7777777777777778,8 6 9 3 4 1 5 10
2903,12132,0.050000000000000044,0.15380367636680603,0.00036897891550324857,0.0017689340747892857,0.8747772203047409,3,3,0.3333333333333333,4 5 3 10
2904,12138,0.050000000000000044,0.3843412697315216,0.00033009036026972655,0.0007831862312741578,0.9420033472365347,5,5,0.5555555555555556,4 3 8 1 9 10
2905,12140,0.050000000000000044,0.03451820835471153,0.0003825647581834346,0.001201205886900425,0.8625056232180663,1,1,0.1111111111111111,4 10
2906,12143,0.050000000000000044,0.13333460688591003,0.00038637030714501935,0.0006554607534781098,0.9395266219743225,2,2,0.2222222222222222,2 8 10
2907,12149,0.050000000000000044,0.4170188009738922,0.00034576466714497656,0.0003395242092665285,0.9667923990260548,5,5,0.5555555555555556,9 5 3 7 4 10
2908,12154,0.050000000000000044,0.4039052426815033,0.000386022066231817,0.0005602201563306153,0.9380694560697757,4,4,0.4444444444444444,9 3 5 4 10
2909,12163,0.050000000000000044,0.3725229501724243,0.0004216627502400014,0.0008689177921041846,0.9134493609990008,8,8,0.8888888888888888,8 6 9 1 4 3 7 5 10
2910,12167,0.050000000000000044,0.20647011697292328,0.00039509989437647164,0.0004077803750988096,0.9643421330789324,3,3,0.3333333333333333,4 3 5 10
2911,12172,0.050000000000000044,0.40264397859573364,0.00034614294418133795,0.0008853257168084383,0.9374151566684884,4,4,0.4444444444444444,4 3 8 5 10
2912,12178,0.050000000000000044,0.38503432273864746,0.0003398981813613015,0.0008758765179663897,0.9339692516608981,5,5,0.5555555555555556,1 3 9 5 4 10
2913,12181,0.050000000000000044,0.11464868485927582,0.0002591344527900219,0.0008302467176690698,0.9131896928413444,2,2,0.2222222222222222,2 8 10
2914,12183,0.050000000000000044,0.06098437309265137,0.0003252164169680327,0.0017735688015818596,0.8871583074395513,1,1,0.1111111111111111,4 10
2915,12186,0.050000000000000044,0.12390187382698059,0.0003580821697444965,0.0014034229097887874,0.9066027235970627,2,2,0.2222222222222222,2 8 10
2916,12191,0.050000000000000044,0.49253225326538086,0.000241652931435965,0.0006293143960647285,0.9307696960520943,4,4,0.4444444444444444,4 3 9 5 10
2917,12193,0.050000000000000044,0.04281405359506607,0.0002987812549690716,0.0013543919194489717,0.8872737571614818,1,1,0.1111111111111111,4 10
2918,12200,0.050000000000000044,0.41185787320137024,0.0003198845993860492,0.0008853274630382657,0.9113582358490698,6,6,0.6666666666666666,6 5 9 7 4 3 10
2919,12205,0.050000000000000044,0.49253225326538086,0.0004326319554820657,0.0006293143960647285,0.9307696960520943,4,4,0.4444444444444444,4 3 9 5 10
2920,12210,0.050000000000000044,0.515543520450592,0.0003535064694005996,0.00035684616887010634,0.9364419431557411,4,4,0.4444444444444444,4 3 9 5 10
2921,12214,0.050000000000000044,0.4268442392349243,0.00025924975852831267,0.0008054295904003084,0.9396085455287225,3,3,0.3333333333333333,4 3 5 10
2922,12218,0.050000000000000044,0.20790410041809082,0.00032367761741625145,0.0007259475532919168,0.9303995626009602,3,3,0.3333333333333333,4 5 3 10
2923,12224,0.050000000000000044,0.3843412697315216,0.0003072396987893929,0.0007831862312741578,0.9420033472365347,5,5,0.5555555555555556,4 3 8 1 9 10
2924,12228,0.050000000000000044,0.1725269854068756,0.00029709671798627824,0.0005423409747891128,0.9567660641957265,3,3,0.3333333333333333,2 8 4 10
2925,12230,0.050000000000000044,0.022266119718551636,0.0002819198853103444,0.0012151640839874744,0.8455058391539294,1,1,0.1111111111111111,3 10
2926,12232,0.050000000000000044,0.04548247531056404,0.00032159707916434854,0.0012849284103140235,0.8850821269704882,1,1,0.1111111111111111,3 10
2927,12236,0.050000000000000044,0.1617402881383896,0.00027274641979602166,0.0004224436415825039,0.9416422580283547,3,3,0.3333333333333333,4 5 1 10
2928,12238,0.050000000000000044,0.03451820835471153,0.0002918542450061068,0.001201205886900425,0.8625056232180663,1,1,0.1111111111111111,4 10
2929,12242,0.050000000000000044,0.20647011697292328,0.00033929601340787485,0.0004077803750988096,0.9643421330789324,3,3,0.3333333333333333,4 3 5 10
2930,12245,0.050000000000000044,0.153483584523201,0.0004141869624921431,0.00233058026060462,0.8365330472056988,2,2,0.2222222222222222,7 5 10
2931,12253,0.050000000000000044,0.4393090009689331,0.0004933250256726751,0.0005902826087549329,0.9349469233849103,7,7,0.7777777777777778,7 8 4 5 6 9 3 10
2932,12255,0.050000000000000044,0.03884042054414749,0.0006498032016679645,0.0008692104602232575,0.9043948443320787,1,1,0.1111111111111111,4 10
2933,12261,0.050000000000000044,0.40762585401535034,0.0007476939645130187,0.0011119928676635027,0.8984514772980591,5,5,0.5555555555555556,9 5 3 7 4 10
2934,12264,0.050000000000000044,0.16971264779567719,0.0006293006590567529,0.0021276811603456736,0.8450265611199647,2,2,0.2222222222222222,5 3 10
2935,12266,0.050000000000000044,0.06098437309265137,0.0004259468405507505,0.0017735688015818596,0.8871583074395513,1,1,0.1111111111111111,4 10
2936,12272,0.050000000000000044,0.375286340713501,0.0006225638693043342,0.0009266666602343321,0.9291441812579754,5,5,0.5555555555555556,4 3 8 1 5 10
2937,12276,0.050000000000000044,0.17156311869621277,0.00044348552910378203,0.0004990381421521306,0.9529144214410844,3,3,0.3333333333333333,2 6 5 10
2938,12284,0.050000000000000044,0.32418856024742126,0.0004339043443906121,0.0009091193787753582,0.9086365709335994,7,7,0.7777777777777778,8 6 3 1 4 9 5 10
2939,12287,0.050000000000000044,0.14341361820697784,0.0004189519095234573,0.0017113493522629142,0.8996180292577721,2,2,0.2222222222222222,3 5 10
2940,12289,0.050000000000000044,0.06062532961368561,0.0003897844871971756,0.0011297360761091113,0.8922865877058644,1,1,0.1111111111111111,4 10
2941,12295,0.050000000000000044,0.39533230662345886,0.0004785087852117916,0.0011689862003549933,0.8955799831469475,5,5,0.5555555555555556,2 8 4 5 7 10
2942,12301,0.050000000000000044,0.37146326899528503,0.00044432185920110595,0.0005606653867289424,0.9386930517081556,5,5,0.5555555555555556,2 8 4 5 3 10
2943,12303,0.050000000000000044,0.06098437309265137,0.0004625363653758541,0.0017735688015818596,0.8871583074395513,1,1,0.1111111111111111,4 10
2944,12306,0.050000000000000044,0.13333460688591003,0.0003839638375211507,0.0006554607534781098,0.9395266219743225,2,2,0.2222222222222222,2 8 10
2945,12311,0.050000000000000044,0.15775273740291595,0.00044873624574393034,0.000714643916580826,0.9349383583533778,4,4,0.4444444444444444,2 8 4 3 10
2946,12316,0.050000000000000044,0.15775273740291595,0.0004528332210611552,0.000714643916580826,0.9349383583533778,4,4,0.4444444444444444,2 8 4 3 10
2947,12319,0.050000000000000044,0.31948724389076233,0.00043835760637496907,0.0015223042573779821,0.8499824533529146,2,2,0.2222222222222222,6 5 10
2948,12321,0.050000000000000044,0.05966370552778244,0.00039284018566831946,0.0010643962305039167,0.8938761080762506,1,1,0.1111111111111111,4 10
2949,12326,0.050000000000000044,0.40058663487434387,0.00041077814530581235,0.0007803814951330423,0.9426679953348055,4,4,0.4444444444444444,4 8 3 9 10
2950,12332,0.050000000000000044,0.3724888265132904,0.0003742624297350024,0.0012059486471116543,0.926634707837504,5,5,0.5555555555555556,3 9 1 5 4 10
2951,12335,0.050000000000000044,0.13333460688591003,0.0004205044824630022,0.0006554607534781098,0.9395266219743225,2,2,0.2222222222222222,2 8 10
2952,12340,0.050000000000000044,0.14412684738636017,0.0004437763651367277,0.0009658875642344356,0.9285520345645909,4,4,0.4444444444444444,2 8 5 3 10
2953,12346,0.050000000000000044,0.3760330379009247,0.0004394065763335675,0.0005107072647660971,0.9590630254328393,5,5,0.5555555555555556,2 8 4 9 3 10
2954,12350,0.050000000000000044,0.06360143423080444,0.0004417011878103949,0.0004745791375171393,0.9316585548532137,3,3,0.3333333333333333,9 8 3 10
2955,12356,0.050000000000000044,0.38503432273864746,0.00036580811623328674,0.0008758765179663897,0.9339692516608981,5,5,0.5555555555555556,1 3 9 5 4 10
2956,12362,0.050000000000000044,0.470458060503006,0.0004527834147059669,0.0007726068142801523,0.928138611043109,5,5,0.5555555555555556,8 3 9 5 4 10
2957,12364,0.050000000000000044,0.06062532961368561,0.0003310445317765698,0.0011297360761091113,0.8922865877058644,1,1,0.1111111111111111,4 10
2958,12366,0.050000000000000044,0.04717379808425903,0.00036686744715552777,0.0008143529994413257,0.9070444910230024,1,1,0.1111111111111111,3 10
2959,12368,0.050000000000000044,0.04510943219065666,0.00039301654032897204,0.0009057357674464583,0.8937286822552771,1,1,0.1111111111111111,3 10
2960,12372,0.050000000000000044,0.2199639528989792,0.00039425351860700175,0.0008114546653814614,0.9388695206231793,3,3,0.3333333333333333,4 5 3 10
2961,12375,0.050000000000000044,0.19791531562805176,0.00037839521731560427,0.0011633896501734853,0.8739712917900397,2,2,0.2222222222222222,2 8 10
2962,12381,0.050000000000000044,0.4644589424133301,0.0003948202356696129,0.001341216149739921,0.9159827666638439,5,5,0.5555555555555556,2 8 4 5 7 10
2963,12384,0.050000000000000044,0.14341361820697784,0.0003615965833887458,0.0017113493522629142,0.8996180292577721,2,2,0.2222222222222222,3 5 10
2964,12386,0.050000000000000044,0.03451820835471153,0.00038473098538815975,0.001201205886900425,0.8625056232180663,1,1,0.1111111111111111,4 10
2965,12389,0.050000000000000044,0.1571005880832672,0.000435744800294439,0.0015318566001951694,0.8460378921219767,2,2,0.2222222222222222,8 2 10
2966,12394,0.050000000000000044,0.10349641740322113,0.00038511724560521545,0.0017181015573441982,0.8784957558412756,4,4,0.4444444444444444,3 5 4 8 10
2967,12399,0.050000000000000044,0.4303478002548218,0.0003252853493904695,0.0007181070977821946,0.947020506603681,4,4,0.4444444444444444,4 3 9 5 10
2968,12403,0.050000000000000044,0.19016839563846588,0.00040591645665699616,0.00024145617499016225,0.9591054467309386,3,3,0.3333333333333333,3 4 5 10
2969,12412,0.050000000000000044,0.41734158992767334,0.00040669327588855394,0.0012294133193790913,0.923952450774229,8,8,0.8888888888888888,4 3 9 8 1 6 5 2 10
2970,12415,0.050000000000000044,0.11431776732206345,0.0003214554744772613,0.0005292989080771804,0.9235449083388632,2,2,0.2222222222222222,8 7 10
2971,12419,0.050000000000000044,0.2199639528989792,0.0003831629655905999,0.0008114546653814614,0.9388695206231793,3,3,0.3333333333333333,4 5 3 10
2972,12421,0.050000000000000044,0.03451820835471153,0.0003694617043947801,0.001201205886900425,0.8625056232180663,1,1,0.1111111111111111,4 10
2973,12427,0.050000000000000044,0.459473192691803,0.000383858927913631,0.0008083113934844732,0.9238968678660399,5,5,0.5555555555555556,8 2 4 5 3 10
2974,12433,0.050000000000000044,0.32129737734794617,0.00042710053094197065,0.0009546263609081507,0.9218321018603128,5,5,0.5555555555555556,2 8 4 5 3 10
2975,12439,0.050000000000000044,0.459473192691803,0.000376177597596931,0.0008083113934844732,0.9238968678660399,5,5,0.5555555555555556,8 2 4 5 3 10
2976,12447,0.050000000000000044,0.3241885304450989,0.0003656076005427167,0.0009091193787753582,0.9086365709335994,7,7,0.7777777777777778,4 3 9 8 6 1 5 10
2977,12450,0.050000000000000044,0.13333460688591003,0.0003519714518915862,0.0006554607534781098,0.9395266219743225,2,2,0.2222222222222222,8 2 10
2978,12453,0.050000000000000044,0.14341361820697784,0.0003702830969511221,0.0017113493522629142,0.8996180292577721,2,2,0.2222222222222222,3 5 10
2979,12456,0.050000000000000044,0.1985398530960083,0.00025732505309861153,0.001383081078529358,0.8987387401205748,2,2,0.2222222222222222,2 8 10
2980,12459,0.050000000000000044,0.106321781873703,0.0003518125255747388,0.0010925107635557652,0.8969012815217342,2,2,0.2222222222222222,8 7 10
2981,12465,0.050000000000000044,0.39533230662345886,0.0003766757436096668,0.0011689862003549933,0.8955799831469475,5,5,0.5555555555555556,2 8 4 5 7 10
2982,12468,0.050000000000000044,0.19324557483196259,0.0003315741875364135,0.00048408107249997556,0.9337721387108214,2,2,0.2222222222222222,2 8 10
2983,12474,0.050000000000000044,0.4644589424133301,0.0002834834691990788,0.001341216149739921,0.9159827666638439,5,5,0.5555555555555556,8 2 4 5 7 10
2984,12477,0.050000000000000044,0.13333460688591003,0.00030615708480278653,0.0006554607534781098,0.9395266219743225,2,2,0.2222222222222222,2 8 10
2985,12481,0.050000000000000044,0.43453365564346313,0.0002771297804429196,0.0009676149347797036,0.9256354660752554,3,3,0.3333333333333333,4 3 5 10
2986,12483,0.050000000000000044,0.0589144229888916,0.00045718089677393436,0.0007895955350250006,0.8966935165890899,1,1,0.1111111111111111,4 10
2987,12489,0.050000000000000044,0.3714632987976074,0.0003623205848271027,0.0005606653867289424,0.9386930517081556,5,5,0.5555555555555556,2 8 5 4 3 10
2988,12491,0.050000000000000044,0.04281405359506607,0.0003693357575684786,0.0013543919194489717,0.8872737571614818,1,1,0.1111111111111111,4 10
2989,12495,0.050000000000000044,0.08922481536865234,0.00034103685175068676,0.0010657855309545994,0.9258989425426998,3,3,0.3333333333333333,8 3 2 10
2990,12499,0.050000000000000044,0.2199639528989792,0.0003966884105466306,0.0008114546653814614,0.9388695206231793,3,3,0.3333333333333333,4 5 3 10
2991,12503,0.050000000000000044,0.19016839563846588,0.0007016524177743122,0.00024145617499016225,0.9591054467309386,3,3,0.3333333333333333,3 4 5 10
2992,12506,0.050000000000000044,0.0023117512464523315,0.0007518765632994473,0.0012369357282295823,0.8636669197189538,2,2,0.2222222222222222,4 8 10
2993,12509,0.050000000000000044,0.10523057729005814,0.0006547312174613277,0.0011991013307124376,0.8964561648693437,2,2,0.2222222222222222,8 3 10
2994,12511,0.050000000000000044,0.029178842902183533,0.0004420134937390685,0.001665644347667694,0.8132051601695887,1,1,0.1111111111111111,3 10
2995,12514,0.050000000000000044,0.10423704236745834,0.0004945626715198159,0.0015450150240212679,0.8592284659408785,2,2,0.2222222222222222,5 7 10
2996,12517,0.050000000000000044,0.10565033555030823,0.0005327508746025463,0.000862680550199002,0.9062479717322536,2,2,0.2222222222222222,8 3 10
2997,12520,0.050000000000000044,0.11731629818677902,0.0004316165674633036,0.0008154716924764216,0.9146908416316427,2,2,0.2222222222222222,8 7 10
2998,12526,0.050000000000000044,0.470976322889328,0.0004915097476138423,0.0013043172657489777,0.9186882398641634,5,5,0.5555555555555556,3 5 9 2 4 10
2999,12531,0.050000000000000044,0.45042890310287476,0.0005791235889773816,0.0003419184358790517,0.9670160694156333,4,4,0.4444444444444444,5 3 9 4 10
3000,12535,0.050000000000000044,0.18072745203971863,0.0006683395695290528,0.0011218946892768145,0.9196890161221007,3,3,0.3333333333333333,6 5 3 10
