episode,global_step,epsilon,scalar_return,loss,mse,ssim,k,paid_k,total_k,cost,actions
1,5,0.9984166666666666,0.040612027049064636,,0.001924561453051865,0.8961176847580568,4,4,5,0.0,2 4 5 8 10
2,11,0.9965166666666667,0.41400301456451416,,0.000964779406785965,0.9308790248263888,5,5,6,0.0,1 4 7 8 9 10
3,12,0.9962,0.0,,0.003433574689552188,0.7811278320082622,0,0,1,0.0,10
4,16,0.9949333333333333,0.35005688667297363,,0.0008332989527843893,0.9077612421742234,3,3,4,0.0,1 3 8 10
5,17,0.9946166666666667,0.0,,0.0010097383055835962,0.8772352220940178,0,0,1,0.0,10
6,18,0.9943,0.0,,0.0038122893311083317,0.7455259617759961,0,0,1,0.0,10
7,22,0.9930333333333333,0.14190159738063812,,0.0007818965241312981,0.9139625711918019,3,3,4,0.0,8 1 5 10
8,28,0.9911333333333333,0.3607959747314453,,0.0010808901861310005,0.8882790906853114,5,5,6,0.0,6 7 9 5 3 10
9,36,0.9886,0.4290972352027893,,0.0003333153435960412,0.9673697736012383,7,7,8,0.0,5 6 9 4 7 1 3 10
10,38,0.9879666666666667,0.11474058032035828,,0.0007828282541595399,0.8936941840826543,1,1,2,0.0,7 10
11,47,0.9851166666666666,-0.06915291398763657,,0.0006720139645040035,0.9463900308723824,8,8,9,0.0,8 4 5 2 1 3 7 9 10
12,52,0.9835333333333334,0.111993208527565,,0.0010614185594022274,0.8922052691634147,4,4,5,0.0,6 1 7 5 10
13,53,0.9832166666666666,0.0,,0.0015812440542504191,0.7771263515552358,0,0,1,0.0,10
14,56,0.9822666666666666,0.39095208048820496,,0.0020398329943418503,0.8783654507059121,2,2,3,0.0,6 5 10
15,64,0.9797333333333333,-0.04657358676195145,,0.0005291853449307382,0.9419778420652986,7,7,8,0.0,1 4 7 2 8 5 6 10
16,71,0.9775166666666667,0.5363193154335022,,0.0007569823646917939,0.930977913166765,6,6,7,0.0,4 9 2 8 3 7 10
17,79,0.9749833333333333,0.15983588993549347,,0.0006928549846634269,0.9333799731043941,7,7,8,0.0,7 2 8 1 3 9 4 10
18,81,0.97435,0.24413280189037323,,0.00198098411783576,0.8419445934002238,1,1,2,0.0,5 10
19,85,0.9730833333333333,0.2943970561027527,,0.0016849879175424576,0.8751790608488705,3,3,4,0.0,1 2 6 10
20,93,0.97055,0.03072419762611389,,0.0010059651685878634,0.920643864068846,7,7,8,0.0,9 5 8 3 7 1 2 10
21,97,0.9692833333333334,0.30076420307159424,,0.002029597293585539,0.8334893292518206,3,3,4,0.0,6 3 1 10
22,105,0.96675,0.17160505056381226,,0.0006232066079974174,0.9377401380951425,7,7,8,0.0,5 3 7 1 8 4 6 10
23,109,0.9654833333333334,0.2941575348377228,,0.001600287389010191,0.8715880258400857,3,3,4,0.0,9 6 3 10
24,110,0.9651666666666666,0.0,,0.0028538373298943043,0.6946785218192001,0,0,1,0.0,10
25,117,0.96295,0.0899600237607956,,0.000745479017496109,0.9226108486282414,6,6,7,0.0,4 9 7 8 2 3 10
26,122,0.9613666666666667,0.18874838948249817,,0.0011128068435937166,0.8937322865201517,4,4,5,0.0,7 2 6 5 10
27,131,0.9585166666666667,0.04774801433086395,0.011547734960913658,0.0004454011213965714,0.9578100663037278,8,8,9,0.0,9 2 8 7 6 5 4 1 10
28,136,0.9569333333333333,0.10485219955444336,0.007115722261369228,0.00120938615873456,0.9064480217525849,4,4,5,0.0,2 8 6 3 10
29,138,0.9563,0.06357906758785248,0.005894131492823362,0.0018233954906463623,0.811724990331673,1,1,2,0.0,3 10
30,140,0.9556666666666667,0.1427215039730072,0.005021762102842331,0.000596851808950305,0.9107613826434124,1,1,2,0.0,2 10
31,143,0.9547166666666667,0.33279871940612793,0.004690613908072312,0.0015465108444914222,0.8800856228054066,2,2,3,0.0,8 3 10
32,144,0.9544,0.0,0.004454088397324085,0.003858348820358515,0.6075436459371419,0,0,1,0.0,10
33,148,0.9531333333333334,0.053009480237960815,0.003941918606869876,0.0012376854429021478,0.879463783962548,3,3,4,0.0,8 1 7 10
34,154,0.9512333333333334,-0.0057467445731163025,0.003422546355674664,0.0012571115512400866,0.8651660864244743,5,5,6,0.0,6 4 5 3 1 10
35,160,0.9493333333333334,-0.0357896164059639,0.0026586916646920145,0.0010673492215573788,0.8775341341473543,5,5,6,0.0,6 2 1 9 3 10
36,164,0.9480666666666666,0.1748974472284317,0.0016731610521674156,0.0006636452162638307,0.9392994875165852,3,3,4,0.0,7 5 6 10
37,165,0.94775,0.0,0.0015877729747444391,0.0032402859069406986,0.724997494196991,0,0,1,0.0,10
38,174,0.9449,0.31005412340164185,0.0014561763188491266,0.0010793664259836078,0.9030750394044676,9,9,10,0.0,2 3 9 4 7 1 6 8 5
39,176,0.9442666666666667,0.30233871936798096,0.0011175893305335194,0.0016238575335592031,0.8398539921740573,1,1,2,0.0,3 10
40,178,0.9436333333333333,0.2755821943283081,0.001029016770189628,0.002715782495215535,0.8396726515804119,1,1,2,0.0,3 10
41,187,0.9407833333333333,0.39870133996009827,0.00098116625384945,0.0003179351333528757,0.9672944707248923,9,9,10,0.0,8 3 1 6 7 5 4 9 2
42,193,0.9388833333333333,0.3729104995727539,0.0008768395443136493,0.0005419568624347448,0.9496020280294271,5,5,6,0.0,3 6 4 2 9 10
43,200,0.9366666666666666,0.20228679478168488,0.0007698556957101184,0.0011852558236569166,0.902875728169888,6,6,7,0.0,1 5 3 7 6 9 10
44,207,0.93445,0.13341492414474487,0.0007079003761256379,0.0009281195234507322,0.8921258335625233,6,6,7,0.0,3 5 9 2 6 7 10
45,210,0.9335,0.1795606017112732,0.0005977136121752361,0.0008378989878110588,0.9270958431711803,2,2,3,0.0,4 7 10
46,217,0.9312833333333334,-0.02255549281835556,0.0006499374035878905,0.0006336310761980712,0.9302225184142944,6,6,7,0.0,5 8 7 3 6 1 10
47,222,0.9297,0.025999583303928375,0.0005475158803164959,0.000858270563185215,0.909213987146986,4,4,5,0.0,9 4 2 7 10
48,229,0.9274833333333333,0.05908159911632538,0.0005694118153769523,0.0010814758716151118,0.9084843146248182,6,6,7,0.0,7 9 5 8 6 2 10
49,237,0.92495,-0.07034023106098175,0.0005970601341687143,0.00047394519788213074,0.9210156688685933,7,7,8,0.0,2 9 8 1 7 5 3 10
50,239,0.9243166666666667,0.23695741593837738,0.0005639228620566428,0.0027765915729105473,0.8002138242953846,1,1,2,0.0,7 10
51,243,0.92305,0.07425542920827866,0.0005834362818859518,0.0009864472085610032,0.9059422856526766,3,3,4,0.0,8 7 3 10
52,250,0.9208333333333334,-0.037080101668834686,0.0005515244847629219,0.0009727015276439488,0.9136949239052858,6,6,7,0.0,4 6 9 1 8 5 10
53,252,0.9202,0.19717302918434143,0.00512077915482223,0.002370540052652359,0.8344859696401994,1,1,2,0.0,8 10
54,261,0.91735,0.13512401282787323,0.002848309464752674,0.00030623964266851544,0.9617493655997706,9,9,10,0.0,3 4 9 7 5 2 1 6 8
55,262,0.9170333333333334,0.0,0.0014822585508227348,0.0027219681069254875,0.7970984436465841,0,0,1,0.0,10
56,265,0.9160833333333334,0.09758003801107407,0.0012202030435825388,0.0012703435495495796,0.8871299212485082,2,2,3,0.0,9 6 10
57,266,0.9157666666666666,0.0,0.0017717534210532904,0.0033651564735919237,0.673386523691665,0,0,1,0.0,10
58,268,0.9151333333333334,0.09116023033857346,0.0018670997815206647,0.0030213359277695417,0.8128535559857164,1,1,2,0.0,6 10
59,277,0.9122833333333333,0.14866875112056732,0.0010356610420987839,0.0007790932431817055,0.9345213708320498,8,8,9,0.0,4 5 3 9 7 8 6 2 10
60,279,0.91165,0.11953593790531158,0.0006632763834204525,0.002884667133912444,0.8185299673011387,1,1,2,0.0,1 10
61,282,0.9107000000000001,0.052569013088941574,0.0006676752430697283,0.0018992176046594977,0.7924495907932272,2,2,3,0.0,1 5 10
62,288,0.9088,0.36982229351997375,0.0006674639880657196,0.0011248065857216716,0.909914479173463,5,5,6,0.0,6 3 5 2 8 10
63,291,0.90785,0.1527373194694519,0.0006320976923840741,0.0016306617762893438,0.8459045298565866,2,2,3,0.0,3 2 10
64,297,0.90595,0.010937243700027466,0.0005619295019035538,0.0006613851292058825,0.924862365678006,5,5,6,0.0,3 6 7 4 9 10
65,304,0.9037333333333334,0.16658172011375427,0.0005645229996714209,0.0007773245451971889,0.9103264797935162,6,6,7,0.0,8 5 7 1 4 6 10
66,306,0.9031,0.08926241099834442,0.00048464376595802605,0.001672184793278575,0.8808546189737022,1,1,2,0.0,8 10
67,315,0.90025,0.12379953265190125,0.0004992537594969488,0.0007521686493419111,0.9353232094386812,9,9,10,0.0,4 8 3 9 1 6 5 7 2
68,322,0.8980333333333334,-0.011411450803279877,0.00048686050078166384,0.0013788404176011682,0.9176010384576508,6,6,7,0.0,4 1 8 3 2 7 10
69,331,0.8951833333333333,0.14644509553909302,0.0005845995910931379,0.0009569015237502754,0.9247751360167789,9,9,10,0.0,2 9 5 6 4 8 3 1 7
70,340,0.8923333333333333,-0.05659310519695282,0.0005152994773298916,0.0015899100108072162,0.8544397539371684,9,9,10,0.0,7 8 4 3 9 2 1 6 5
71,345,0.89075,0.1783258318901062,0.0004288734635338187,0.0005433793412521482,0.9279083609935361,4,4,5,0.0,3 2 6 9 10
72,349,0.8894833333333334,0.20382827520370483,0.0004985256164218299,0.00036833673948422074,0.9402664353834038,3,3,4,0.0,5 2 1 10
73,358,0.8866333333333334,0.14644509553909302,0.00046388610563654866,0.0009569015237502754,0.9247751360167789,9,9,10,0.0,1 3 7 5 6 8 4 9 2
74,367,0.8837833333333334,0.1223067194223404,0.00044128821334905096,0.0007183094276115298,0.9157781647994458,8,8,9,0.0,7 5 4 8 3 1 6 2 10
75,373,0.8818833333333334,0.10522104799747467,0.0004180446412647143,0.0009667635895311832,0.9153777169557588,5,5,6,0.0,3 6 1 4 7 10
76,378,0.8803,0.27162256836891174,0.0004705046361777931,0.00109461834654212,0.9156421865563614,4,4,5,0.0,3 2 4 5 10
77,386,0.8777666666666667,0.18465901911258698,0.0004283935886633117,0.00032744952477514744,0.9603139648256064,7,7,8,0.0,9 8 2 5 4 3 1 10
78,390,0.8765000000000001,0.023813553154468536,0.000449307648523245,0.001224255422130227,0.8639941876189391,3,3,4,0.0,1 9 3 10
79,391,0.8761833333333333,0.0,0.0003821889404207468,0.003259751247242093,0.7499087076461415,0,0,1,0.0,10
80,396,0.8746,0.1987580955028534,0.0004074519209098071,0.0010881584603339434,0.9018555485536028,4,4,5,0.0,2 8 4 9 10
81,400,0.8733333333333333,0.20638087391853333,0.00033630472171353176,0.001403765520080924,0.9030357620697668,3,3,4,0.0,8 2 4 10
82,409,0.8704833333333333,-0.11098682135343552,0.00035243409931556217,0.00042979855788871646,0.9519469536725746,9,9,10,0.0,4 2 8 7 9 6 5 3 1
83,414,0.8689,0.1886465847492218,0.0003816676791757345,0.0011105443118140101,0.8934220236313045,4,4,5,0.0,5 6 9 7 10
84,422,0.8663666666666667,0.06220105290412903,0.00040086600347422063,0.0003114547289442271,0.9542432843611158,7,7,8,0.0,4 7 5 8 1 2 9 10
85,429,0.86415,0.39517199993133545,0.000379994952319456,0.000958777847699821,0.9030776214603153,6,6,7,0.0,7 4 9 3 5 2 10
86,434,0.8625666666666667,0.05453183501958847,0.0004567057068925351,0.0016913863364607096,0.9116001906411614,4,4,5,0.0,4 8 7 6 10
87,441,0.86035,0.18600700795650482,0.0004503910812283201,0.0008221844909712672,0.9220493861455271,6,6,7,0.0,4 1 8 2 3 5 10
88,444,0.8594,0.13996882736682892,0.00041701575779976946,0.002094489522278309,0.864054459934516,2,2,3,0.0,4 9 10
89,452,0.8568666666666667,0.39191994071006775,0.0003497082616377156,0.0009377880487591028,0.9056622429122965,7,7,8,0.0,4 7 8 6 1 3 5 10
90,454,0.8562333333333334,0.13737832009792328,0.00048822027747519314,0.0012952551478520036,0.8948274537274231,1,1,2,0.0,7 10
91,461,0.8540166666666666,0.029177457094192505,0.0003836860456171313,0.0017250895034521818,0.8402675291020578,6,6,7,0.0,3 4 7 8 6 2 10
92,466,0.8524333333333334,0.4162527322769165,0.00035582599230110645,0.0004497781628742814,0.9525818032224737,4,4,5,0.0,3 5 8 6 10
93,473,0.8502166666666666,0.09441176056861877,0.0003767376557724284,0.0007588836015202105,0.9438770344474228,6,6,7,0.0,8 6 1 4 7 2 10
94,480,0.848,0.16215024888515472,0.00041869514721578786,0.0007956175250001252,0.9077173440886592,6,6,7,0.0,6 1 5 9 4 7 10
95,489,0.8451500000000001,0.537731409072876,0.00033755809353250597,0.0006118930177763104,0.9411858805719936,9,9,10,0.0,7 1 8 2 3 6 5 4 9
96,498,0.8423,0.34336838126182556,0.00041073165549379255,0.00092788360780105,0.9235402262203759,9,9,10,0.0,3 7 6 2 4 5 8 9 1
97,501,0.84135,0.399605929851532,0.0013851657762036969,0.001183990971185267,0.9023456672000545,2,2,3,0.0,8 3 10
98,510,0.8385,0.5066062808036804,0.0017247603197271626,0.0008753763977438211,0.9437196407949953,8,8,9,0.0,1 8 3 9 4 7 2 5 10
99,519,0.83565,0.12218712270259857,0.001261299256131881,0.0007110305596143007,0.9149647487967533,8,8,9,0.0,9 7 5 4 3 8 1 2 10
100,523,0.8343833333333334,0.4494364261627197,0.0006927705398993567,0.0010484656086191535,0.8937535118062478,3,3,4,0.0,5 2 6 10
101,530,0.8321666666666667,0.17314395308494568,0.0008113249371360455,0.0007410141406580806,0.9133086242534743,6,6,7,0.0,3 6 4 5 8 2 10
102,536,0.8302666666666667,0.0676894336938858,0.0008217134745791554,0.001374231418594718,0.8628717687304324,5,5,6,0.0,5 1 2 9 4 10
103,539,0.8293166666666667,0.18904274702072144,0.0006464638281613588,0.0026079509407281876,0.8330881394109246,2,2,3,0.0,4 2 10
104,543,0.82805,0.1872149407863617,0.0006360857805702835,0.0006470722728408873,0.9275032824589722,3,3,4,0.0,1 2 8 10
105,552,0.8252,0.4087560474872589,0.0006715364547239409,0.0006344392895698547,0.9489724816451033,9,9,10,0.0,8 9 3 4 5 2 7 6 1
106,560,0.8226666666666667,-0.0696607455611229,0.0006188325933180749,0.0006941125029698014,0.9240266551727631,7,7,8,0.0,3 6 2 9 8 7 1 10
107,568,0.8201333333333334,0.4067509174346924,0.0005296870331221726,0.0010386400390416384,0.9166959327037638,7,7,8,0.0,5 7 6 9 3 4 8 10
108,574,0.8182333333333334,9.306520223617554e-05,0.0005260327889118344,0.0019832304678857327,0.8962698265484907,5,5,6,0.0,9 8 1 2 4 10
109,575,0.8179166666666666,0.0,0.0005572022055275738,0.0028555647004395723,0.7413556939444984,0,0,1,0.0,10
110,579,0.81665,0.3204801678657532,0.0005586785118794069,0.0014595467364415526,0.8649607080518845,3,3,4,0.0,2 5 1 10
111,588,0.8138,0.06593319773674011,0.0005190971229846278,0.00034499255707487464,0.9663301571034223,8,8,9,0.0,6 4 9 5 1 7 8 3 10
112,589,0.8134833333333333,0.0,0.00043466530041769147,0.003211486153304577,0.615390015092726,0,0,1,0.0,10
113,597,0.8109500000000001,0.06391595304012299,0.0005152278936293442,0.0007778583094477654,0.9323445142343126,7,7,8,0.0,2 5 3 4 6 7 8 10
114,604,0.8087333333333333,0.22669528424739838,0.0005142460909805127,0.0009843002771958709,0.9224535261727117,6,6,7,0.0,5 3 2 7 4 6 10
115,613,0.8058833333333333,0.5058103203773499,0.0004778348084073514,0.00088233791757375,0.9439990619833135,8,8,9,0.0,8 5 3 6 7 9 1 4 10
116,619,0.8039833333333333,0.1352081596851349,0.0005484176799654961,0.0006871498189866543,0.946325378915501,5,5,6,0.0,2 7 5 6 4 10
117,628,0.8011333333333334,0.0011347383260726929,0.0005078980951414754,0.000746132165659219,0.9347026239500318,9,9,10,0.0,7 2 1 5 4 6 9 8 3
118,634,0.7992333333333334,0.15890555083751678,0.0004681070374014477,0.00035568163730204105,0.9439491837880132,5,5,6,0.0,1 3 9 2 8 10
119,635,0.7989166666666667,0.0,0.000514751416631043,0.0019189880695194006,0.7990946108597141,0,0,1,0.0,10
120,636,0.7986,0.0,0.0006323264678940177,0.0043410551734268665,0.7631438153090415,0,0,1,0.0,10
121,640,0.7973333333333333,0.10111117362976074,0.0005070300176157616,0.0003786321613006294,0.9311998551368147,3,3,4,0.0,4 5 3 10
122,642,0.7967,0.2785052955150604,0.0002962686266982928,0.001823922386392951,0.805972031655408,1,1,2,0.0,7 10
123,643,0.7963833333333333,0.0,0.00031300444970838726,0.0032737974543124437,0.764852500138594,0,0,1,0.0,10
124,652,0.7935333333333333,0.5635417699813843,0.0004348486319132563,0.0007094616303220391,0.9453501731476234,8,8,9,0.0,3 1 5 9 6 4 7 8 10
125,655,0.7925833333333334,0.1837058961391449,0.0005025048934233686,0.0011460746172815561,0.9026345421209063,2,2,3,0.0,4 5 10
126,664,0.7897333333333334,0.039028316736221313,0.00043869137233640585,0.00027926155598834157,0.9584517932710693,8,8,9,0.0,2 5 7 6 4 3 8 1 10
127,673,0.7868833333333334,0.4279852509498596,0.00039779884294451523,0.000987825682386756,0.8867267172752606,8,8,9,0.0,1 3 5 7 9 6 8 4 10
128,677,0.7856166666666666,0.5039783716201782,0.0003303599623905029,0.001134092453867197,0.9290625971014413,3,3,4,0.0,6 3 5 10
129,684,0.7834,0.3865755796432495,0.00040093060150476437,0.0009800834814086556,0.8998257565742865,6,6,7,0.0,4 5 2 3 1 6 10
130,688,0.7821333333333333,0.41998931765556335,0.000401600802433677,0.0007902735378593206,0.8981206734597187,3,3,4,0.0,3 5 1 10
131,693,0.78055,-0.00906362384557724,0.00040121133788488804,0.0011456639040261507,0.8654769386489312,4,4,5,0.0,3 9 2 6 10
132,700,0.7783333333333333,-0.002799972891807556,0.00039961847609707287,0.0012175430310890079,0.9261113662144234,6,6,7,0.0,5 3 2 6 4 7 10
133,704,0.7770666666666667,0.3213725686073303,0.00039575114351464435,0.001509506138972938,0.8699019244394744,3,3,4,0.0,8 2 6 10
134,712,0.7745333333333333,0.3649854362010956,0.0004176390320935752,0.0010106952395290136,0.8970537728028689,7,7,8,0.0,3 1 7 6 8 4 9 10
135,715,0.7735833333333333,0.40236324071884155,0.0004461986633638541,0.0007252720533870161,0.9177711395885658,2,2,3,0.0,5 3 10
136,724,0.7707333333333333,0.13512402772903442,0.0003603249497245997,0.00030623964266851544,0.9617493655997706,9,9,10,0.0,5 1 3 9 8 4 2 6 7
137,730,0.7688333333333334,0.2621544599533081,0.00038623295646781725,0.00048886175500229,0.9522849419170838,5,5,6,0.0,8 3 9 5 4 10
138,739,0.7659833333333333,0.12379953265190125,0.0003880732143039091,0.0007521686493419111,0.9353232094386812,9,9,10,0.0,8 3 9 2 7 6 5 1 4
139,741,0.76535,0.0941101536154747,0.00034045193751808256,0.0008407123386859894,0.8841966111899556,1,1,2,0.0,3 10
140,745,0.7640833333333333,0.14822903275489807,0.0003249579604016617,0.0004660719132516533,0.9352520022820349,3,3,4,0.0,8 2 5 10
141,749,0.7628166666666667,0.09139712154865265,0.0003893783868988976,0.0020875786431133747,0.8030028145020556,3,3,4,0.0,8 3 5 10
142,757,0.7602833333333333,0.12361712753772736,0.0014850563784420956,0.0008322325302287936,0.9006409118933145,7,7,8,0.0,8 7 9 3 2 5 1 10
143,765,0.75775,0.16249114274978638,0.0011318253746139817,0.0008022483671084046,0.9246528936233305,7,7,8,0.0,3 5 4 6 9 2 8 10
144,769,0.7564833333333333,0.05270778387784958,0.0011089031322626397,0.0012022564187645912,0.8751211083459798,3,3,4,0.0,1 5 3 10
145,775,0.7545833333333334,0.036959387362003326,0.0010574478073976934,0.0008237851434387267,0.9386155062247683,5,5,6,0.0,3 4 9 8 2 10
146,782,0.7523666666666666,0.10218799114227295,0.0009542031745825495,0.0006859710556454957,0.9465818202984603,6,6,7,0.0,1 5 7 6 2 4 10
147,784,0.7517333333333334,0.26975035667419434,0.0008341331558767706,0.0020456702914088964,0.826771015396583,1,1,2,0.0,7 10
148,789,0.75015,0.24462014436721802,0.0009804715286009015,0.000679461401887238,0.9335591515944772,4,4,5,0.0,4 5 1 3 10
149,792,0.7492,0.11073829233646393,0.0008255974777663747,0.0007956521003507078,0.9132356949496071,2,2,3,0.0,3 4 10
150,796,0.7479333333333333,0.16993319988250732,0.0011054400238208473,0.00039459235267713666,0.9438966987178385,3,3,4,0.0,9 5 4 10
151,799,0.7469833333333333,0.41812190413475037,0.0008794193660529951,0.0018152007833123207,0.8771428489142876,2,2,3,0.0,2 6 10
152,803,0.7457166666666667,0.20356538891792297,0.0008134558593155816,0.000984779093414545,0.8845783518660508,3,3,4,0.0,5 2 3 10
153,810,0.7435,0.21536529064178467,0.0009318026381411723,0.0005696531152352691,0.9417375252802506,6,6,7,0.0,1 3 2 9 4 8 10
154,815,0.7419166666666667,0.011067509651184082,0.0009907968225888908,0.0014831337612122297,0.8356338825417897,4,4,5,0.0,5 3 6 2 10
155,816,0.7416,0.0,0.0009435088140890002,0.002381409052759409,0.7495851443806945,0,0,1,0.0,10
156,825,0.73875,0.443190336227417,0.000658885226584971,0.0007403031340800226,0.9528818902837536,8,8,9,0.0,5 3 2 8 9 1 4 6 10
157,829,0.7374833333333334,0.5462623238563538,0.0006870422657812014,0.0009567467495799065,0.9412110539221877,3,3,4,0.0,4 3 5 10
158,835,0.7355833333333334,0.13017097115516663,0.0007027167303021997,0.0005813605384901166,0.9525720461866376,5,5,6,0.0,3 8 2 9 4 10
159,841,0.7336833333333334,-0.0010270699858665466,0.000737346369229878,0.0005084285512566566,0.9132990522418662,5,5,6,0.0,7 1 2 9 5 10
160,844,0.7327333333333333,0.14129486680030823,0.0007494350623649856,0.0014828528510406613,0.8644970658719185,2,2,3,0.0,8 5 10
161,853,0.7298833333333333,0.37928977608680725,0.0007149249302326805,0.0009104710770770907,0.9083804065775786,9,9,10,0.0,6 1 7 4 9 8 3 2 5
162,862,0.7270333333333334,0.5264805555343628,0.0007051249655584494,0.0005368294660001993,0.9353582777357555,9,9,10,0.0,3 5 4 7 9 1 2 6 8
163,871,0.7241833333333334,0.001134723424911499,0.0007302242382946941,0.000746132165659219,0.9347026239500318,9,9,10,0.0,3 7 6 4 8 2 9 1 5
164,880,0.7213333333333334,0.39493197202682495,0.0006695091465695037,0.000435663532698527,0.9528251209879885,9,9,10,0.0,8 7 6 3 5 9 2 1 4
165,888,0.7188000000000001,0.1769271343946457,0.0005588653439190239,0.0007648739265277982,0.9339520685489906,7,7,8,0.0,5 1 3 8 6 7 4 10
166,895,0.7165833333333333,-0.05220399796962738,0.0006394919099485767,0.0011021867394447327,0.8872205562242855,6,6,7,0.0,1 5 8 3 6 9 10
167,902,0.7143666666666666,0.38137301802635193,0.0006248549658006855,0.0009802246931940317,0.9208805201382473,6,6,7,0.0,7 8 6 2 3 9 10
168,904,0.7137333333333333,0.11705823242664337,0.0006040433945599943,0.0019310463685542345,0.8392349012887081,1,1,2,0.0,7 10
169,913,0.7108833333333333,0.38195309042930603,0.0006244508614246217,0.0009363439166918397,0.906452640191199,8,8,9,0.0,3 5 6 4 9 2 8 7 10
170,916,0.7099333333333333,0.32737448811531067,0.00042563396467206377,0.0010262496070936322,0.8675085755683012,2,2,3,0.0,1 3 10
171,925,0.7070833333333333,0.5349805355072021,0.0006676668838028692,0.0005440234672278166,0.9342281241656484,8,8,9,0.0,9 5 3 1 6 7 4 2 10
172,928,0.7061333333333333,0.2662299871444702,0.0006390076111226032,0.0010413177078589797,0.8693554330789943,2,2,3,0.0,9 5 10
173,935,0.7039166666666667,0.16274721920490265,0.0006724370011527624,0.0011296323500573635,0.9206866876672904,6,6,7,0.0,6 5 8 7 4 1 10
174,944,0.7010666666666667,0.4481082260608673,0.000481414560150976,0.0005823540850542486,0.9282077593589367,9,9,10,0.0,3 4 6 9 5 8 2 7 1
175,951,0.69885,0.09088514745235443,0.0005647982678575707,0.0003207515401300043,0.9516258225394203,6,6,7,0.0,3 8 2 6 1 4 10
176,954,0.6979,0.10583285242319107,0.00043365767730089527,0.0020779212936758995,0.878580408952643,2,2,3,0.0,7 5 10
177,961,0.6956833333333333,0.1723056584596634,0.0004938890633638948,0.0007449798285961151,0.9128633619116688,6,6,7,0.0,3 6 1 7 4 5 10
178,964,0.6947333333333333,0.3345881402492523,0.00044925184920430183,0.0019224232528358698,0.8815899176094526,2,2,3,0.0,2 9 10
179,969,0.6931499999999999,0.04630900174379349,0.00046933124540373685,0.0011907087173312902,0.9129948059050421,4,4,5,0.0,5 1 3 6 10
180,978,0.6903,0.5411314368247986,0.0004249792352008323,0.0006397218676283956,0.9381793259015123,8,8,9,0.0,5 1 2 7 8 3 4 9 10
181,985,0.6880833333333334,0.1421012133359909,0.0005409970181062818,0.00092937215231359,0.9007873231285959,6,6,7,0.0,9 8 3 6 2 4 10
182,987,0.68745,0.07352717220783234,0.00046505642239935696,0.001005322439596057,0.862981702002844,1,1,2,0.0,5 10
183,989,0.6868166666666666,0.22334152460098267,0.0005201706080697477,0.0011913373600691557,0.8606827794158927,1,1,2,0.0,3 10
184,993,0.68555,0.17972701787948608,0.00044668680493487045,0.0012886158656328917,0.8715847118112051,3,3,4,0.0,9 5 2 10
185,1001,0.6830166666666666,0.43627291917800903,0.0007575288764201105,0.0006709874141961336,0.9476550413864829,7,7,8,0.0,9 5 3 6 2 4 8 10
186,1003,0.6823833333333333,0.2133442461490631,0.001964766765013337,0.00287498626857996,0.7861801119062797,1,1,2,0.0,3 10
187,1012,0.6795333333333333,0.4430909752845764,0.001825334167935782,0.0007468047551810741,0.9531893851002955,8,8,9,0.0,8 3 7 2 9 6 4 5 10
188,1021,0.6766833333333333,0.5328031778335571,0.0016628621766964595,0.0005611433298327029,0.9352654878550634,8,8,9,0.0,8 7 3 9 1 5 2 4 10
189,1027,0.6747833333333333,0.12028874456882477,0.0013087309392479558,0.0007717214757576585,0.9209250239710746,5,5,6,0.0,1 8 3 4 2 10
190,1036,0.6719333333333334,0.3100541830062866,0.0012499235324665075,0.0010793664259836078,0.9030750394044676,9,9,10,0.0,6 1 5 7 3 8 9 2 4
191,1040,0.6706666666666667,0.0874476507306099,0.0013435778091661632,0.0004581557877827436,0.9221069950446504,3,3,4,0.0,8 7 4 10
192,1045,0.6690833333333334,0.44024163484573364,0.0012297163484618068,0.0005075107328593731,0.9422954179869254,4,4,5,0.0,8 2 4 3 10
193,1049,0.6678166666666667,0.15106357634067535,0.0011032405018340796,0.0011219391599297523,0.9014522375519012,3,3,4,0.0,3 9 8 10
194,1058,0.6649666666666667,0.09667439758777618,0.0011174876061785552,0.0007016467861831188,0.9162951103643061,9,9,10,0.0,8 7 2 3 1 9 5 4 6
195,1060,0.6643333333333333,0.08760206401348114,0.0009319877426605672,0.0027624310459941626,0.7333804321310324,1,1,2,0.0,8 10
196,1069,0.6614833333333334,0.4481082558631897,0.0010418305108841094,0.0005823540850542486,0.9282077593589367,9,9,10,0.0,6 3 5 9 8 2 1 4 7
197,1076,0.6592666666666667,-0.03928796201944351,0.0010877706850546279,0.0008060007821768522,0.9088596840002591,6,6,7,0.0,6 1 5 9 2 3 10
198,1085,0.6564166666666666,0.531575620174408,0.0009373178214041723,0.00033191684633493423,0.9561981121332835,8,8,9,0.0,7 5 9 8 1 4 2 3 10
199,1089,0.65515,0.0461382120847702,0.0009853762749116868,0.0015624512452632189,0.8353428985662182,3,3,4,0.0,8 5 4 10
200,1095,0.65325,0.34820014238357544,0.0007501942648862799,0.0012352345511317253,0.9029365738457363,5,5,6,0.0,9 8 2 5 7 10
201,1101,0.6513500000000001,0.12753041088581085,0.0010965706508917112,0.0007600127719342709,0.943728207195273,5,5,6,0.0,8 7 4 6 1 10
202,1110,0.6485000000000001,0.13884325325489044,0.0008811218172518744,0.0007789268274791539,0.9268132494441395,8,8,9,0.0,6 3 5 8 9 1 2 4 10
203,1119,0.6456500000000001,0.04850487411022186,0.0007291944477603667,0.0005914922803640366,0.9533852734088047,8,8,9,0.0,1 4 8 3 2 7 5 9 10
204,1124,0.6440666666666667,0.3561599850654602,0.0008143659448251128,0.0016640927642583847,0.871655981194817,4,4,5,0.0,7 8 9 2 10
205,1128,0.6428,0.4097076654434204,0.0006520844472106546,0.0010713881347328424,0.9125906124303513,3,3,4,0.0,8 9 3 10
206,1133,0.6412166666666668,0.11699831485748291,0.0009249157039448619,0.00045383928227238357,0.9354137612615272,4,4,5,0.0,8 2 6 1 10
207,1137,0.63995,0.2971361577510834,0.0006789781764382496,0.001077873632311821,0.8640845665059248,3,3,4,0.0,9 2 6 10
208,1146,0.6371,0.38613808155059814,0.0008334182655542261,0.0005136092659085989,0.9457555724380983,8,8,9,0.0,7 8 1 9 6 4 2 5 10
209,1154,0.6345666666666667,0.05282585322856903,0.0007119199872249737,0.0008331005810759962,0.9328399639705132,7,7,8,0.0,8 7 9 4 2 3 5 10
210,1158,0.6333,0.05795484036207199,0.0008099465630948544,0.001126609742641449,0.8912223527179178,3,3,4,0.0,5 7 9 10
211,1167,0.63045,0.13512404263019562,0.0008541400440865093,0.00030623964266851544,0.9617493655997706,9,9,10,0.0,1 9 5 4 7 8 2 3 6
212,1172,0.6288666666666667,-0.002922743558883667,0.0009406109340488911,0.0016595413908362389,0.8208886315153555,4,4,5,0.0,8 6 9 1 10
213,1173,0.6285499999999999,0.0,0.0006035844562575221,0.001993488287553191,0.7898744387400152,0,0,1,0.0,10
214,1180,0.6263333333333334,0.48263055086135864,0.0008342973971074181,0.0009672900196164846,0.9128501846340975,6,6,7,0.0,8 2 3 9 6 1 10
215,1182,0.6256999999999999,0.1126687228679657,0.0008487129816785455,0.0014848669525235891,0.8873469179250326,1,1,2,0.0,4 10
216,1187,0.6241166666666667,0.3301471769809723,0.0008174641581717879,0.0014558001421391964,0.8950498003277852,4,4,5,0.0,7 4 2 1 10
217,1191,0.62285,0.04205857962369919,0.0010621968103805557,0.0015743270050734282,0.8263047127480597,3,3,4,0.0,9 3 4 10
218,1199,0.6203166666666666,0.173363596200943,0.0007911833381513134,0.0006157811731100082,0.9386138939403892,7,7,8,0.0,8 3 4 6 1 5 9 10
219,1204,0.6187333333333334,0.032476313412189484,0.0006231623119674623,0.001266916748136282,0.8646331836561385,4,4,5,0.0,6 3 4 5 10
220,1209,0.61715,0.16662050783634186,0.000700230710208416,0.0007053559529595077,0.945673524199428,4,4,5,0.0,7 6 5 4 10
221,1213,0.6158833333333333,0.1623150110244751,0.0008920410764403641,0.0007543298415839672,0.9350383091633796,3,3,4,0.0,8 7 2 10
222,1216,0.6149333333333333,0.4634844660758972,0.0006150376866571605,0.0012354671489447355,0.8946147571261375,2,2,3,0.0,8 3 10
223,1221,0.6133500000000001,0.029082275927066803,0.0007201312342658639,0.0020503546111285686,0.8790737914295776,4,4,5,0.0,6 3 1 7 10
224,1230,0.6105,0.5534909963607788,0.0007417604340136879,0.000699592987075448,0.9451701391253545,9,9,10,0.0,8 3 2 5 6 1 4 9 7
225,1238,0.6079666666666667,0.3585529029369354,0.0007701438444200903,0.00102908699773252,0.8952495574366465,7,7,8,0.0,8 3 7 2 5 9 1 10
226,1244,0.6060666666666666,0.17868000268936157,0.0007977173275624713,0.0005026753060519695,0.9410585169276215,5,5,6,0.0,8 7 2 5 1 10
227,1246,0.6054333333333334,0.33087295293807983,0.0005069190956419334,0.0019766325131058693,0.8762118708264519,1,1,2,0.0,7 10
228,1250,0.6041666666666667,0.1148236021399498,0.0006094671116443351,0.0013977752532809973,0.8939858328254271,3,3,4,0.0,8 1 3 10
229,1256,0.6022666666666667,0.025641106069087982,0.0043881475770225125,0.000366411404684186,0.9329062137535721,5,5,6,0.0,4 5 2 6 3 10
230,1260,0.601,0.06320133060216904,0.002414785325527191,0.0011428995057940483,0.9015818349485519,3,3,4,0.0,7 1 9 10
231,1263,0.60005,0.05021681636571884,0.0020362910193701587,0.0016414436977356672,0.8417518606207884,2,2,3,0.0,8 9 10
232,1268,0.5984666666666667,0.005080237984657288,0.0018198180478066206,0.0010721811559051275,0.8814719540114635,4,4,5,0.0,1 7 3 2 10
233,1277,0.5956166666666667,0.44063055515289307,0.0025210435786801907,0.0007624455029144883,0.9523024704134564,8,8,9,0.0,6 2 5 8 7 3 1 4 10
234,1281,0.59435,0.1634688824415207,0.0023733567213639617,0.0010725308675318956,0.913474955346865,3,3,4,0.0,4 2 8 10
235,1286,0.5927666666666667,0.45299822092056274,0.0022081860806792974,0.0008382952655665576,0.9369759429578407,4,4,5,0.0,4 8 3 9 10
236,1295,0.5899166666666666,0.5377313494682312,0.0024847572721127006,0.0006118930177763104,0.9411858805719936,9,9,10,0.0,2 8 6 4 3 9 7 5 1
237,1299,0.58865,0.15197080373764038,0.0020949302124790847,0.0010459049372002482,0.9198071944320244,3,3,4,0.0,2 8 6 10
238,1302,0.5877,0.0663873478770256,0.0016348564919705193,0.0007817831356078386,0.8786477445847356,2,2,3,0.0,1 4 10
239,1308,0.5858000000000001,0.002049364149570465,0.0021394980528081455,0.001262187259271741,0.9086546256305488,5,5,6,0.0,2 4 9 1 6 10
240,1312,0.5845333333333333,0.1881369948387146,0.002162957680411637,0.000332564115524292,0.95088282975232,3,3,4,0.0,4 7 5 10
241,1314,0.5839000000000001,0.0741235613822937,0.002131005050614476,0.002096122596412897,0.7715846716197081,1,1,2,0.0,8 10
242,1323,0.5810500000000001,0.3547621965408325,0.0020636875544571215,0.001008027931675315,0.8972696705004831,8,8,9,0.0,3 2 8 7 9 6 1 4 10
243,1326,0.5801000000000001,0.2534945011138916,0.0016343383661781747,0.0022994522005319595,0.8634672419819482,2,2,3,0.0,4 8 10
244,1333,0.5778833333333333,0.4519227147102356,0.0020795312843152453,0.0006725498242303729,0.9470616254100618,6,6,7,0.0,2 7 5 8 4 3 10
245,1334,0.5775666666666667,0.0,0.002969728782773018,0.003249702975153923,0.7495482381982519,0,0,1,0.0,10
246,1343,0.5747166666666668,0.04035273194313049,0.0020106530800047847,0.0002766860998235643,0.9592066958068242,8,8,9,0.0,6 2 1 4 7 3 5 9 10
247,1347,0.57345,0.44718748331069946,0.0016773302049841732,0.0010819730814546347,0.8976420672426574,3,3,4,0.0,9 1 7 10
248,1352,0.5718666666666667,0.34013867378234863,0.0018792158225551248,0.0013807250652462244,0.8868125671527474,4,4,5,0.0,2 7 4 8 10
249,1357,0.5702833333333334,0.2278674840927124,0.001582393213175237,0.0007437773747369647,0.912754570908056,4,4,5,0.0,4 3 5 8 10
250,1358,0.5699666666666667,0.0,0.0018683450762182474,0.0028555647004395723,0.7413556939444984,0,0,1,0.0,10
251,1366,0.5674333333333335,0.19724497199058533,0.0017426509584765881,0.0010096085024997592,0.9219785537327088,7,7,8,0.0,7 5 3 2 1 4 8 10
252,1370,0.5661666666666667,0.0850241482257843,0.0021656120952684432,0.001151172793470323,0.9100609856273416,3,3,4,0.0,9 5 4 10
253,1376,0.5642666666666667,0.01601579785346985,0.00160502460009108,0.0006311304168775678,0.9294610741801834,5,5,6,0.0,1 3 2 7 5 10
254,1383,0.5620499999999999,-0.024624869227409363,0.0016965840311188782,0.0011063098208978772,0.9189717175702561,6,6,7,0.0,1 6 8 2 4 9 10
255,1391,0.5595166666666667,0.06885446608066559,0.001444614099455066,0.0006859709974378347,0.9465815812951744,7,7,8,0.0,7 4 9 6 5 1 2 10
256,1398,0.5573,0.231782466173172,0.0017231266413416182,0.0004998455988243222,0.950841388294161,6,6,7,0.0,1 7 3 4 5 9 10
257,1403,0.5557166666666666,0.2728422284126282,0.0015446143457666039,0.0010803010081872344,0.916299346528779,4,4,5,0.0,4 8 3 5 10
258,1411,0.5531833333333334,0.06516958773136139,0.001829132714192383,0.0007701826980337501,0.9333271813910016,7,7,8,0.0,7 3 9 8 2 4 5 10
259,1418,0.5509666666666666,0.17438198626041412,0.0015178381498636945,0.00041965136188082397,0.9466227244111786,6,6,7,0.0,3 6 5 2 8 9 10
260,1427,0.5481166666666667,0.14428023993968964,0.001430222874559048,0.00022809734218753874,0.9621770804156589,8,8,9,0.0,2 3 4 8 1 7 9 5 10
261,1428,0.5478000000000001,0.0,0.0010024444200098515,0.0051753344014286995,0.6757166840116118,0,0,1,0.0,10
262,1434,0.5459,-0.00689978152513504,0.0010957529302686453,0.0012752985348924994,0.8643877180680792,5,5,6,0.0,5 7 4 1 8 10
263,1443,0.54305,0.32081687450408936,0.0016296487689639132,0.0011028731241822243,0.90043125098724,8,8,9,0.0,5 2 9 6 7 4 3 1 10
264,1447,0.5417833333333333,0.14771504700183868,0.0014515812217723578,0.00044899171916767955,0.9326574781313804,3,3,4,0.0,8 3 7 10
265,1451,0.5405166666666666,0.3617527484893799,0.0017338756879325956,0.0013657923555001616,0.8692868655828779,3,3,4,0.0,2 6 9 10
266,1457,0.5386166666666667,-0.024175748229026794,0.0014102484565228224,0.0014462746912613511,0.8405672476563811,5,5,6,0.0,1 2 7 3 8 10
267,1460,0.5376666666666667,0.08190202713012695,0.0015083972830325365,0.0017327649984508753,0.8776114248226571,2,2,3,0.0,7 6 10
268,1469,0.5348166666666667,0.5264805555343628,0.0014457740730399059,0.0005368294660001993,0.9353582777357555,9,9,10,0.0,8 9 3 2 6 7 4 5 1
269,1475,0.5329166666666667,0.3277559280395508,0.0013746512704528868,0.0012976727448403835,0.8831299049835143,5,5,6,0.0,8 2 6 7 5 10
270,1479,0.53165,0.08293478190898895,0.0016583871620241553,0.000694505637511611,0.9194864946972318,3,3,4,0.0,1 4 3 10
271,1484,0.5300666666666667,0.06196612864732742,0.0012388172559440135,0.00205783499404788,0.8076349199704126,4,4,5,0.0,4 8 2 6 10
272,1488,0.5288,0.2718748152256012,0.001290765343583189,0.0006805580342188478,0.9332163441620599,3,3,4,0.0,4 5 3 10
273,1497,0.52595,0.496115505695343,0.001291553884382463,0.0008741158526390791,0.9440860008326991,9,9,10,0.0,2 8 7 6 3 9 4 5 1
274,1502,0.5243666666666666,0.10185500979423523,0.002581352461129427,0.0013902185019105673,0.8657825138778664,4,4,5,0.0,2 8 9 4 10
275,1507,0.5227833333333334,0.09267795085906982,0.0028681602329015733,0.0017445653211325407,0.8360355731086555,4,4,5,0.0,1 4 5 3 10
276,1515,0.5202500000000001,0.5722638964653015,0.002938539895694703,0.0007238480029627681,0.9448136808118128,7,7,8,0.0,2 9 6 4 5 1 3 10
277,1520,0.5186666666666666,0.2506057620048523,0.002760851592756808,0.0008254395797848701,0.9292212368546144,4,4,5,0.0,4 5 3 8 10
278,1526,0.5167666666666666,0.25854575634002686,0.002469338185619563,0.0005033815978094935,0.950197055581492,5,5,6,0.0,8 3 2 4 5 10
279,1532,0.5148666666666666,0.2202877551317215,0.0024375914751241603,0.000666427135001868,0.9353838635965136,5,5,6,0.0,1 6 5 4 3 10
280,1541,0.5120166666666666,0.40837448835372925,0.0026552881269405284,0.0004433357098605484,0.951698135571304,8,8,9,0.0,6 3 5 4 2 9 1 8 10
281,1549,0.5094833333333334,0.14823439717292786,0.002615332807181403,0.0007201640401035547,0.9141360701866864,7,7,8,0.0,2 5 8 4 6 9 3 10
282,1553,0.5082166666666666,0.4624675214290619,0.002629787370096892,0.00131333083845675,0.9178564078512288,3,3,4,0.0,9 5 2 10
283,1554,0.5079,0.0,0.0031159454956650734,0.0047282506711781025,0.6448978719295431,0,0,1,0.0,10
284,1563,0.50505,0.4274076521396637,0.0021061047316632336,0.0006633003940805793,0.9211676484162119,8,8,9,0.0,2 9 5 6 4 8 7 1 10
285,1569,0.50315,0.41407617926597595,0.0020266371817948916,0.0007506631664000452,0.902247232990727,5,5,6,0.0,9 3 6 1 5 10
286,1570,0.5028333333333334,0.0,0.002114090835675597,0.002769269049167633,0.7464573161712724,0,0,1,0.0,10
287,1573,0.5018833333333333,0.09632215648889542,0.0016875379563619692,0.0016221298137679696,0.894690085711859,2,2,3,0.0,7 4 10
288,1578,0.5003,0.09470287710428238,0.0020849192747846245,0.0012996419100090861,0.9016713439691789,4,4,5,0.0,4 1 9 8 10
289,1583,0.4987166666666667,0.24841174483299255,0.002037544222548604,0.0008400750230066478,0.928208780433987,4,4,5,0.0,2 5 4 3 10
290,1586,0.4977666666666667,0.27119868993759155,0.001823117840103805,0.001876267371699214,0.8613687975865907,2,2,3,0.0,2 6 10
291,1588,0.4971333333333333,0.15452608466148376,0.0014458141813520342,0.0017740618204697967,0.832005413862634,1,1,2,0.0,2 10
292,1595,0.4949166666666668,0.45192277431488037,0.0018879922406215752,0.0006725498242303729,0.9470616254100618,6,6,7,0.0,7 2 8 3 4 5 10
293,1604,0.49206666666666676,0.5378536581993103,0.0018666643235418531,0.0008485933649353683,0.9377134912220958,8,8,9,0.0,2 9 8 1 7 4 6 3 10
294,1609,0.4904833333333334,0.25992366671562195,0.0018361034337431193,0.00035415354068391025,0.9582003313388042,4,4,5,0.0,3 1 4 5 10
295,1614,0.4889,0.23852628469467163,0.0016016035107895732,0.0007025685044936836,0.9232658151178382,4,4,5,0.0,9 5 6 3 10
296,1619,0.48731666666666673,0.07068953663110733,0.001493166689760983,0.0008849415462464094,0.9339459641935142,4,4,5,0.0,7 4 1 5 10
297,1622,0.4863666666666667,0.2561466693878174,0.00145142312006404,0.0009316230425611138,0.9093537154240926,2,2,3,0.0,2 8 10
298,1631,0.4835166666666667,0.4961155652999878,0.0014734921795833441,0.0008741158526390791,0.9440860008326991,9,9,10,0.0,2 8 9 3 4 6 5 1 7
299,1640,0.4806666666666667,0.5068271160125732,0.0018916036674959792,0.0008757499745115638,0.9439653884242959,8,8,9,0.0,5 3 4 6 7 9 2 8 10
300,1642,0.4800333333333333,0.06440548598766327,0.0016251615015789866,0.0021526473574340343,0.7534363235255059,1,1,2,0.0,5 10
301,1646,0.4787666666666667,0.4699091613292694,0.0015667684201616794,0.0005399419460445642,0.9253671903530851,3,3,4,0.0,2 8 9 10
302,1650,0.47750000000000004,0.06417911499738693,0.0015999292372725904,0.0011327374959364533,0.8899144805640018,3,3,4,0.0,8 7 4 10
303,1652,0.47686666666666677,0.09241673350334167,0.0012273360625840724,0.002805043011903763,0.7471625084072954,1,1,2,0.0,7 10
304,1660,0.4743333333333334,0.4590632915496826,0.0013725828612223268,0.0007501494255848229,0.9528765552605233,7,7,8,0.0,4 7 3 8 9 2 5 10
305,1666,0.47243333333333337,0.16635701060295105,0.0014957537835774322,0.0010855096625164151,0.8968324905237035,5,5,6,0.0,9 7 5 6 1 10
306,1671,0.47085,0.09786833822727203,0.00146129266358912,0.0017027452122420073,0.8419667925955849,4,4,5,0.0,4 5 3 7 10
307,1675,0.46958333333333335,0.14914017915725708,0.001749499177094549,0.00045729815610684454,0.9348799906290102,3,3,4,0.0,5 3 1 10
308,1683,0.46704999999999997,0.43186694383621216,0.0014957895909901708,0.0003803875297307968,0.952880037490026,7,7,8,0.0,2 8 9 5 7 3 4 10
309,1691,0.4645166666666667,0.3374864459037781,0.0013783406466245651,0.0011028468143194914,0.9004312480902842,7,7,8,0.0,2 8 9 5 4 1 3 10
310,1695,0.46325000000000005,0.20108982920646667,0.0014096910454099998,0.0005039464449509978,0.9504095853154639,3,3,4,0.0,4 7 5 10
311,1698,0.46230000000000004,0.12413325905799866,0.0010960659516664843,0.002108748070895672,0.8039842280564778,2,2,3,0.0,7 1 10
312,1701,0.46135000000000004,0.26288145780563354,0.0018196358966330688,0.0014144494198262691,0.8407549256819891,2,2,3,0.0,1 3 10
313,1702,0.4610333333333333,0.0,0.0023706182837486267,0.0033651564735919237,0.673386523691665,0,0,1,0.0,10
314,1705,0.4600833333333333,0.1896999180316925,0.0011415578968202074,0.0007206269074231386,0.9197575384119745,2,2,3,0.0,1 9 10
315,1709,0.45881666666666665,0.09045407921075821,0.0015073362737894058,0.0017070816829800606,0.9061700632611863,3,3,4,0.0,7 5 4 10
316,1715,0.45691666666666675,0.2466394156217575,0.0016850678948685527,0.0010691143106669188,0.9176962962119389,5,5,6,0.0,4 9 2 5 3 10
317,1718,0.45596666666666674,0.21743008494377136,0.0014948475485046704,0.0011607427150011063,0.8946657282916007,2,2,3,0.0,9 4 10
318,1723,0.45438333333333336,0.09786834567785263,0.0013090524589642882,0.0017027452122420073,0.8419667925955849,4,4,5,0.0,7 4 5 3 10
319,1727,0.4531166666666667,0.3220522999763489,0.0016612218751106411,0.0015066300984472036,0.8701919177358839,3,3,4,0.0,2 8 9 10
320,1734,0.4509000000000001,0.11056549847126007,0.0015743422055883066,0.00046224994002841413,0.9556673857140909,6,6,7,0.0,9 5 6 4 7 2 10
321,1743,0.44805000000000006,0.392397940158844,0.0015469479064146678,0.0010166018037125468,0.9171850596965423,8,8,9,0.0,2 8 3 9 4 6 1 5 10
322,1745,0.4474166666666667,0.04297640547156334,0.001336414716206491,0.001557128969579935,0.830267253337377,1,1,2,0.0,9 10
323,1749,0.44615000000000005,0.13259899616241455,0.0012804435391444713,0.001409339951351285,0.8634098373114283,3,3,4,0.0,5 7 1 10
324,1757,0.44361666666666666,0.45793455839157104,0.0031513699505012482,0.000755301327444613,0.9523513313741662,7,7,8,0.0,4 9 2 8 3 1 5 10
325,1761,0.44235,0.08057194203138351,0.003166901762597263,0.0007449145196005702,0.9212662822231384,3,3,4,0.0,5 7 8 10
326,1770,0.4395,0.427304744720459,0.0023820557786772647,0.0009876589756458998,0.8858564166832764,8,8,9,0.0,2 8 9 5 1 3 4 6 10
327,1775,0.43791666666666673,0.051940642297267914,0.001781713287346065,0.0008838960202410817,0.9245681127934195,4,4,5,0.0,8 7 9 4 10
328,1783,0.43538333333333334,0.3360852599143982,0.0019705400191014633,0.0011132921790704131,0.9002168224094598,7,7,8,0.0,8 3 1 5 4 2 6 10
329,1788,0.4338000000000001,0.4272852838039398,0.0022343997843563557,0.000524153932929039,0.9366007162862668,4,4,5,0.0,4 9 5 1 10
330,1796,0.4312666666666667,0.17345979809761047,0.0016656385923852213,0.0006123321363702416,0.9384348409141854,7,7,8,0.0,9 5 2 8 4 3 1 10
331,1800,0.43000000000000005,0.39677584171295166,0.0019225557043682784,0.0008635525591671467,0.8968753174886409,3,3,4,0.0,2 8 7 10
332,1803,0.42905000000000004,0.06139390915632248,0.0020030968201657138,0.0017655458068475127,0.7990685844933448,2,2,3,0.0,5 2 10
333,1806,0.42810000000000004,0.09353770315647125,0.0012209695802691083,0.002399567048996687,0.8721537747631883,2,2,3,0.0,7 4 10
334,1812,0.4262,0.0984787791967392,0.00149730930570513,0.0011254658456891775,0.8890083169611116,5,5,6,0.0,4 5 3 7 9 10
335,1821,0.42335,0.4961155354976654,0.002013720869500604,0.0008741158526390791,0.9440860008326991,9,9,10,0.0,2 4 5 8 9 7 6 1 3
336,1826,0.4217666666666666,0.13027647137641907,0.0018825743114575743,0.0009784060530364513,0.9080277900084163,4,4,5,0.0,4 5 7 2 10
337,1835,0.4189166666666667,0.325203537940979,0.0017808873413337602,0.0010834166314452887,0.9022266122553493,8,8,9,0.0,3 2 8 9 6 5 1 4 10
338,1840,0.41733333333333344,0.03127249330282211,0.0016210349975153803,0.0012806988088414073,0.8631970501559101,4,4,5,0.0,8 7 5 4 10
339,1844,0.4160666666666667,0.18235012888908386,0.0021143601916264743,0.0009070546948350966,0.9239550912564489,3,3,4,0.0,7 4 5 10
340,1851,0.41385000000000005,0.45420509576797485,0.0014464800977813347,0.0006703345570713282,0.9484906469102988,6,6,7,0.0,5 4 3 6 8 7 10
341,1859,0.41131666666666666,0.3725234568119049,0.0015405686281155795,0.0009475686820223927,0.9220649564769406,7,7,8,0.0,5 4 6 8 3 2 9 10
342,1868,0.40846666666666664,0.4222412705421448,0.0016255397737647097,0.0006504050688818097,0.9479491497156312,8,8,9,0.0,4 9 6 5 3 2 8 1 10
343,1874,0.40656666666666663,0.2463170886039734,0.0014717330729278426,0.001072175451554358,0.9174683390630411,5,5,6,0.0,2 8 5 4 3 10
344,1880,0.4046666666666666,0.17029356956481934,0.001638539251871407,0.000347289809724316,0.9485210768089992,5,5,6,0.0,4 1 2 3 7 10
345,1882,0.40403333333333336,0.16704745590686798,0.0016622015973553061,0.0008686967194080353,0.9044694332461295,1,1,2,0.0,4 10
346,1886,0.4027666666666666,0.40958142280578613,0.0014252213877625763,0.0006987589877098799,0.9293159676115521,3,3,4,0.0,4 2 8 10
347,1889,0.4018166666666667,0.09102329611778259,0.0015405207717170317,0.0009811114287003875,0.8852453729786715,2,2,3,0.0,8 3 10
348,1892,0.4008666666666667,0.1494637429714203,0.001497394444110493,0.0013899937039241195,0.8948917763748435,2,2,3,0.0,1 7 10
349,1899,0.39865000000000006,0.5615381598472595,0.0016582548185916884,0.0006502710748463869,0.9381492181850528,6,6,7,0.0,3 2 6 5 4 8 10
350,1903,0.3973833333333334,0.04938529431819916,0.0017622473824303597,0.001522023812867701,0.8388270302348981,3,3,4,0.0,8 4 9 10
351,1912,0.3945333333333334,0.4583286643028259,0.0018686997807688182,0.0005837412318214774,0.9277698023778504,8,8,9,0.0,2 8 6 1 5 9 4 3 10
352,1914,0.39390000000000003,0.23535652458667755,0.0015521040186285973,0.0019510070560500026,0.7831869407841553,1,1,2,0.0,2 10
353,1923,0.39105,0.4213733673095703,0.0015193861779860323,0.0009719681693241,0.8884891295865373,9,9,10,0.0,9 5 2 8 6 1 4 3 7
354,1930,0.38883333333333336,0.172305628657341,0.0014832591405138373,0.0007449798285961151,0.9128633619116688,6,6,7,0.0,4 5 1 3 6 7 10
355,1933,0.38788333333333336,0.08106007426977158,0.001445062148074309,0.0017895983764901757,0.8799767539959388,2,2,3,0.0,2 4 10
356,1937,0.3866166666666666,0.22431716322898865,0.001323543387115933,0.00039680927875451744,0.9629182144202176,3,3,4,0.0,4 5 3 10
357,1943,0.3847166666666667,0.3602868914604187,0.0017119226201126974,0.001088569639250636,0.8897351649602018,5,5,6,0.0,7 2 5 6 8 10
358,1946,0.3837666666666667,0.20871581137180328,0.0016229034129840632,0.0015423144213855267,0.88905602811385,2,2,3,0.0,4 5 10
359,1952,0.3818666666666668,0.2237626165151596,0.0013845980962893616,0.0006422816077247262,0.9364042031566538,5,5,6,0.0,9 5 1 3 4 10
360,1955,0.3809166666666668,0.05642792582511902,0.0016617702785879374,0.0015520433662459254,0.861859042175318,2,2,3,0.0,1 5 10
361,1963,0.3783833333333334,0.3691924512386322,0.001405000628437847,0.0009565729415044188,0.9203755833943874,7,7,8,0.0,4 1 7 2 9 5 3 10
362,1967,0.37711666666666677,0.19187837839126587,0.0015501268790103495,0.0007125287083908916,0.9225120335356659,3,3,4,0.0,3 4 5 10
363,1971,0.37585,0.2624897360801697,0.001575123955262825,0.0008646699134260416,0.9188100051901145,3,3,4,0.0,3 4 5 10
364,1974,0.3749,0.10991331189870834,0.001230790396220982,0.0008190380176529288,0.9144812475327363,2,2,3,0.0,8 7 10
365,1978,0.3736333333333334,0.08134669810533524,0.0012085715134162456,0.0012263983953744173,0.908843602444733,3,3,4,0.0,8 3 9 10
366,1983,0.37205,0.4916490316390991,0.0014640842797234654,0.0011324004735797644,0.9277587392756119,4,4,5,0.0,2 8 9 5 10
367,1991,0.3695166666666667,0.4362729489803314,0.001370798097923398,0.0006709874141961336,0.9476550413864829,7,7,8,0.0,2 8 9 5 6 3 4 10
368,2000,0.3666666666666667,0.5633853077888489,0.001241206443713357,0.0007099350914359093,0.9452587824655911,8,8,9,0.0,2 5 8 6 4 3 7 9 10
369,2008,0.3641333333333333,0.5718053579330444,0.0031996302714105695,0.000728494836948812,0.9449370830152605,7,7,8,0.0,4 5 8 6 3 7 2 10
370,2017,0.3612833333333334,0.537731409072876,0.00241578031434781,0.0006118930177763104,0.9411858805719936,9,9,10,0.0,2 1 3 8 9 5 4 6 7
371,2021,0.36001666666666676,0.08213990926742554,0.002225930365966633,0.0017230461817234755,0.8891960603231924,3,3,4,0.0,9 5 3 10
372,2026,0.3584333333333334,0.06887000054121017,0.0023468058556318284,0.0013092992594465613,0.918656335362066,4,4,5,0.0,2 5 4 3 10
373,2033,0.35621666666666674,0.18784043192863464,0.0024097369917269263,0.0008176272385753691,0.9235334090542991,6,6,7,0.0,9 1 4 6 5 3 10
374,2039,0.3543166666666667,-0.004581637680530548,0.0020276276821581027,0.0012397280661389232,0.866071650578987,5,5,6,0.0,5 3 4 2 8 10
375,2043,0.35305,0.20271086692810059,0.002076923701679334,0.0006925154593773186,0.9477242445052734,3,3,4,0.0,3 4 5 10
376,2046,0.35209999999999997,0.3067185878753662,0.0017444816961263616,0.001080083311535418,0.863286148017,2,2,3,0.0,6 2 10
377,2051,0.3505166666666667,0.1951107233762741,0.0018539844546467065,0.0003653846506495029,0.9641863331464469,4,4,5,0.0,9 5 3 4 10
378,2059,0.3479833333333333,0.06442633271217346,0.0020061348332092166,0.0007771474774926901,0.9329536403224812,7,7,8,0.0,9 8 5 3 4 2 1 10
379,2064,0.34640000000000004,0.1939990222454071,0.0014465310843661428,0.00038396441959775984,0.9646238789724255,4,4,5,0.0,3 4 6 5 10
380,2068,0.3451333333333333,0.19187837839126587,0.001681375375483185,0.0007125287083908916,0.9225120335356659,3,3,4,0.0,3 4 5 10
381,2073,0.34355000000000013,0.2866194546222687,0.0017880310071632266,0.0005029075546190143,0.9504435967286333,4,4,5,0.0,9 4 5 3 10
382,2077,0.3422833333333334,0.10751000791788101,0.0023480970121454448,0.0006972261471673846,0.9356720983698592,3,3,4,0.0,4 5 3 10
383,2081,0.34101666666666675,0.06341002136468887,0.0015565398789476603,0.0013525376562029123,0.8544895497729889,3,3,4,0.0,7 4 5 10
384,2083,0.34038333333333337,0.29347968101501465,0.001395502535160631,0.0018801814876496792,0.8688620283621652,1,1,2,0.0,4 10
385,2086,0.33943333333333336,0.3909260034561157,0.001418527642575403,0.001271967077627778,0.902894350041178,2,2,3,0.0,4 3 10
386,2091,0.3378500000000001,0.13211816549301147,0.002234138851054013,0.0011318449396640062,0.8901272291377381,4,4,5,0.0,3 4 6 5 10
387,2095,0.33658333333333335,0.41586899757385254,0.0015265792317222804,0.001432179007679224,0.912319933616874,3,3,4,0.0,4 1 3 10
388,2102,0.3343666666666667,0.47065937519073486,0.001598038278254015,0.0007760152802802622,0.9506763904117376,6,6,7,0.0,9 4 5 3 2 1 10
389,2107,0.3327833333333333,0.16274836659431458,0.0018074955325573683,0.00031350614153780043,0.9549518861363816,4,4,5,0.0,3 4 5 2 10
390,2116,0.3299333333333333,0.38195309042930603,0.0016470540237302582,0.0009363439166918397,0.906452640191199,8,8,9,0.0,2 9 7 5 8 4 3 6 10
391,2117,0.32961666666666667,0.0,0.0018580845789983869,0.0028538373298943043,0.6946785218192001,0,0,1,0.0,10
392,2123,0.32771666666666666,0.1317089945077896,0.0013652086490765214,0.0006805983721278608,0.9279584859306265,5,5,6,0.0,3 4 5 2 8 10
393,2127,0.32645,0.12612539529800415,0.001778981415554881,0.0017454905901104212,0.8363535951437622,3,3,4,0.0,3 4 5 10
394,2133,0.3245500000000001,0.5598239898681641,0.0015130853086399536,0.000589997973293066,0.934573881097767,5,5,6,0.0,4 5 3 8 2 10
395,2139,0.3226500000000001,0.10267199575901031,0.0015069971753594775,0.0010889455443248153,0.8923115370602444,5,5,6,0.0,3 9 8 4 5 10
396,2147,0.3201166666666667,0.09955993294715881,0.0015948955551721156,0.00034585598041303456,0.9666589324525363,7,7,8,0.0,9 6 5 3 8 4 1 10
397,2155,0.31758333333333333,0.20690834522247314,0.0012651286742766388,0.000485204451251775,0.9522103099562184,7,7,8,0.0,9 4 5 2 8 3 1 10
398,2162,0.3153666666666667,0.4366694688796997,0.0012871394698907221,0.0004609780735336244,0.9505329469969667,6,6,7,0.0,2 6 5 9 3 4 10
399,2167,0.3137833333333333,0.5058944225311279,0.001432456320617348,0.0012220896314829588,0.9101598180662154,4,4,5,0.0,2 7 5 6 10
400,2174,0.31156666666666666,0.2018631398677826,0.0014084851302738702,0.0007908434490673244,0.933144486510371,6,6,7,0.0,9 4 6 3 5 2 10
401,2181,0.30935,0.5753297805786133,0.0013950681812795146,0.0007806735811755061,0.9440126030326031,6,6,7,0.0,2 6 4 1 5 3 10
402,2185,0.30808333333333326,0.10203929990530014,0.0013526148832170293,0.0005755744641646743,0.9362337090137031,3,3,4,0.0,7 5 4 10
403,2188,0.30713333333333337,0.10991331189870834,0.0012359606722990673,0.0008190380176529288,0.9144812475327363,2,2,3,0.0,8 7 10
404,2197,0.30428333333333346,0.44256556034088135,0.0015683215137364136,0.0007471978897228837,0.9528276377072941,8,8,9,0.0,4 3 5 1 2 8 7 9 10
405,2201,0.3030166666666667,0.07071080803871155,0.001381672511342913,0.0005520365666598082,0.9104713278066248,3,3,4,0.0,5 3 7 10
406,2205,0.3017500000000001,0.167627215385437,0.0014297474990598857,0.0006932829273864627,0.9203184261191614,3,3,4,0.0,9 5 1 10
407,2210,0.3001666666666667,0.2153613567352295,0.0011745940893888474,0.0008068503811955452,0.9064856293776231,4,4,5,0.0,1 4 5 7 10
408,2215,0.2985833333333334,0.46708136796951294,0.0012440540362149478,0.00042420398676767945,0.9489801673486599,4,4,5,0.0,4 5 8 7 10
409,2218,0.2976333333333334,0.10182824730873108,0.0010675581094498436,0.0010964535176753998,0.8968866375251701,2,2,3,0.0,8 7 10
410,2226,0.29510000000000003,0.5722638964653015,0.0014465579151874408,0.0007238480029627681,0.9448136808118128,7,7,8,0.0,4 5 3 1 2 6 9 10
411,2231,0.29351666666666665,0.44278961420059204,0.0014087812509387732,0.0011735735461115837,0.9291118904328091,4,4,5,0.0,4 1 3 8 10
412,2237,0.29161666666666664,0.23753897845745087,0.0011984081356786191,0.0003376344102434814,0.9597597682093326,5,5,6,0.0,8 3 2 4 5 10
413,2243,0.2897166666666666,0.18844042718410492,0.0011933364245730143,0.0011287219822406769,0.918660577196145,5,5,6,0.0,9 4 6 5 7 10
414,2251,0.28718333333333346,0.5722638964653015,0.0016745407046983019,0.0007238480029627681,0.9448136808118128,7,7,8,0.0,5 6 3 4 2 9 1 10
415,2254,0.28623333333333345,0.091082364320755,0.002006405654052893,0.0012427582405507565,0.8784250103902873,2,2,3,0.0,7 8 10
416,2258,0.2849666666666667,0.15274202823638916,0.002551494922954589,0.0011352731380611658,0.9048127768722924,3,3,4,0.0,5 3 2 10
417,2264,0.2830666666666667,0.11361552774906158,0.002182723682684203,0.0008807171834632754,0.9297220069166454,5,5,6,0.0,5 3 4 2 6 10
418,2269,0.2814833333333334,0.16639912128448486,0.0017461756942793727,0.00030146329663693905,0.956403461580611,4,4,5,0.0,3 4 6 5 10
419,2274,0.27990000000000004,0.06956377625465393,0.0016413676319643855,0.0006886467454023659,0.9364799934037376,4,4,5,0.0,4 3 2 5 10
420,2282,0.27736666666666665,0.4223489463329315,0.0014592886072932743,0.00046390300849452615,0.9522497560408113,7,7,8,0.0,8 5 6 3 2 1 4 10
421,2289,0.27515,0.4712197184562683,0.0014219337276050023,0.0007814412238076329,0.9514040257183749,6,6,7,0.0,8 3 2 7 5 4 10
422,2296,0.27293333333333336,-0.03897886723279953,0.0015543292309822781,0.0011954891961067915,0.8722904723195202,6,6,7,0.0,4 5 3 8 6 9 10
423,2305,0.27008333333333334,0.5448443293571472,0.0012588702245718902,0.0006295429775491357,0.9401730913115172,8,8,9,0.0,2 8 9 6 5 3 4 7 10
424,2311,0.26818333333333344,0.37430596351623535,0.0013381523798064638,0.0005185678019188344,0.9483256464055545,5,5,6,0.0,2 9 8 6 3 10
425,2320,0.2653333333333334,0.5478079915046692,0.0012184599310987526,0.0006155146984383464,0.940763547272376,8,8,9,0.0,2 9 5 1 6 4 3 7 10
426,2325,0.26375000000000004,0.14333373308181763,0.0010218546376563609,0.0009057675488293171,0.9274827775043767,4,4,5,0.0,1 4 5 3 10
427,2330,0.26216666666666677,0.06956377625465393,0.0011505680391564964,0.0006886467454023659,0.9364799934037376,4,4,5,0.0,4 3 5 2 10
428,2335,0.2605833333333334,0.16330622136592865,0.001135944132693112,0.0006911513046361506,0.9266498023810199,4,4,5,0.0,9 5 3 4 10
429,2338,0.2596333333333334,0.09549734741449356,0.00133247112777705,0.0023112932685762644,0.8708591270794833,2,2,3,0.0,8 2 10
430,2344,0.25773333333333337,0.40640151500701904,0.00108107813866809,0.0009285920532420278,0.9228429159638998,5,5,6,0.0,3 6 2 9 5 10
431,2353,0.25488333333333335,0.38299793004989624,0.001205241145928287,0.0009321386460214853,0.9064327901258055,8,8,9,0.0,8 7 1 5 6 4 9 3 10
432,2354,0.2545666666666667,0.0,0.000616059813182801,0.0018439533887431026,0.7704608944110688,0,0,1,0.0,10
433,2361,0.25234999999999996,0.5490861535072327,0.0008126272753413234,0.0005887308507226408,0.9346929978131894,6,6,7,0.0,8 5 1 2 3 4 10
434,2362,0.25203333333333333,0.0,0.0010980203514918685,0.002152722794562578,0.7677761323276052,0,0,1,0.0,10
435,2368,0.2501333333333333,0.4394810199737549,0.0011434137510756652,0.0010552615858614445,0.9319739345633884,5,5,6,0.0,8 3 9 7 5 10
436,2373,0.24855000000000005,0.02506755292415619,0.000878608925268054,0.0013449442340061069,0.854981271915501,4,4,5,0.0,8 3 4 9 10
437,2382,0.24570000000000003,0.531575620174408,0.0010005054387470914,0.00033191684633493423,0.9561981121332835,8,8,9,0.0,8 5 9 4 7 1 2 3 10
438,2391,0.24285,0.4253297746181488,0.0010162579839945668,0.0009941423777490854,0.8849704279414822,8,8,9,0.0,3 7 2 9 4 1 5 6 10
439,2393,0.24221666666666675,0.29347968101501465,0.0011408713762648404,0.0018801814876496792,0.8688620283621652,1,1,2,0.0,4 10
440,2402,0.23936666666666673,0.4253298044204712,0.0009835277580552632,0.0009941423777490854,0.8849704279414822,8,8,9,0.0,1 4 2 7 5 9 3 6 10
441,2408,0.23746666666666671,0.2198374718427658,0.0009729067387524992,0.0006668809219263494,0.9350522414257354,5,5,6,0.0,3 6 5 2 4 10
442,2414,0.2355666666666667,0.21216873824596405,0.0009548640130863836,0.0008356081671081483,0.9215932948410723,5,5,6,0.0,9 4 7 5 3 10
443,2422,0.23303333333333331,0.42326220870018005,0.0008420422673225403,0.00045121245784685016,0.9514603809354989,7,7,8,0.0,8 3 9 7 2 5 4 10
444,2426,0.23176666666666668,0.29884207248687744,0.0009084392950171605,0.0010978968348354101,0.9150954425760172,3,3,4,0.0,4 5 3 10
445,2431,0.2301833333333334,0.08354593068361282,0.0006102181039750576,0.0007091115694493055,0.9440199436351887,4,4,5,0.0,5 3 4 9 10
446,2436,0.22860000000000003,0.0622650682926178,0.0009783711400814354,0.0003778336977120489,0.931150899985174,4,4,5,0.0,5 3 4 2 10
447,2442,0.22670000000000012,0.022093169391155243,0.0009916563285514712,0.0006401005084626377,0.9287906721783592,5,5,6,0.0,9 5 3 4 6 10
448,2445,0.22575000000000012,0.07209452241659164,0.0010130528438215454,0.0016464320942759514,0.812240506049498,2,2,3,0.0,5 3 10
449,2449,0.22448333333333337,0.10731006413698196,0.0009427125623915344,0.0013129606377333403,0.9179154419362064,3,3,4,0.0,5 3 4 10
450,2450,0.22416666666666674,0.0,0.000634895171970129,0.0015812440542504191,0.7771263515552358,0,0,1,0.0,10
451,2458,0.22163333333333335,0.4305768609046936,0.0008594288374297321,0.00032326357904821634,0.9671540599356225,7,7,8,0.0,8 3 9 2 7 5 4 10
452,2465,0.2194166666666667,0.4749711751937866,0.0008755390382637935,0.0007608729647472501,0.9529480523608103,6,6,7,0.0,8 4 7 5 9 3 10
453,2468,0.2184666666666667,0.11433081328868866,0.0007030877750366926,0.0013132988242432475,0.9046269025161916,2,2,3,0.0,5 3 10
454,2472,0.21720000000000006,0.29884207248687744,0.0008624051260994747,0.0010978968348354101,0.9150954425760172,3,3,4,0.0,4 5 3 10
455,2476,0.2159333333333333,0.29884207248687744,0.0008354515739483759,0.0010978968348354101,0.9150954425760172,3,3,4,0.0,4 5 3 10
456,2481,0.21435000000000004,0.23959067463874817,0.0008248700760304928,0.000836653052829206,0.9213197759123393,4,4,5,0.0,9 4 5 3 10
457,2485,0.2130833333333333,0.2767753005027771,0.0010167440632358193,0.00023578456602990627,0.9599719557392895,3,3,4,0.0,4 5 3 10
458,2492,0.21086666666666676,0.4741176962852478,0.0007917539249839527,0.0007606613216921687,0.9523107513661333,6,6,7,0.0,8 4 9 3 2 5 10
459,2493,0.21055000000000013,0.0,0.0005646639037877321,0.00153924070764333,0.820293529572585,0,0,1,0.0,10
460,2501,0.20801666666666674,0.5520972609519958,0.0010860864276764914,0.0006407856708392501,0.9382141350140611,7,7,8,0.0,8 5 9 2 7 3 4 10
461,2505,0.2067500000000001,0.44263744354248047,0.002454176836181432,0.001517610508017242,0.8751748153822458,3,3,4,0.0,8 5 9 10
462,2513,0.2042166666666667,0.4355209171772003,0.0016559653595322743,0.0010006232187151909,0.885372230913778,7,7,8,0.0,8 5 9 7 1 4 3 10
463,2522,0.2013666666666667,0.39870139956474304,0.0015002588819091518,0.0003179351333528757,0.9672944707248923,9,9,10,0.0,3 1 2 6 5 4 8 9 7
464,2530,0.1988333333333333,0.4304710328578949,0.0008824109972920269,0.0003835495444945991,0.952409810086493,7,7,8,0.0,8 6 2 9 5 3 4 10
465,2534,0.19756666666666667,0.19187839329242706,0.0015878144622547552,0.0007125287083908916,0.9225120335356659,3,3,4,0.0,5 3 4 10
466,2543,0.19471666666666665,0.3821580708026886,0.0008276776384769215,0.0009314047056250274,0.9053918365012593,8,8,9,0.0,2 6 5 9 7 3 4 1 10
467,2551,0.19218333333333337,0.4299740791320801,0.0012109642993891612,0.00101358606480062,0.8816490258033721,7,7,8,0.0,2 3 6 5 4 9 1 10
468,2559,0.1896500000000001,0.43552088737487793,0.0009548088783049025,0.0010006232187151909,0.885372230913778,7,7,8,0.0,5 1 4 3 9 7 8 10
469,2565,0.18775000000000008,0.19748066365718842,0.0009302807836017261,0.000757089233957231,0.9114614317235709,5,5,6,0.0,1 7 5 3 4 10
470,2573,0.1852166666666667,0.5422717928886414,0.0009365619043819606,0.0005636164569295943,0.9341892426552231,7,7,8,0.0,5 1 3 4 8 9 2 10
471,2576,0.1842666666666667,0.09992622584104538,0.0007669422387455901,0.0006108052330091596,0.9043815818822342,2,2,3,0.0,2 8 10
472,2580,0.18300000000000005,0.18242594599723816,0.0010305357136530802,0.00034416522248648107,0.9476906512814101,3,3,4,0.0,8 3 4 10
473,2589,0.18015000000000003,0.443190336227417,0.0010708061616039937,0.0007403031340800226,0.9528818902837536,8,8,9,0.0,5 1 3 4 9 6 2 8 10
474,2593,0.1788833333333334,0.13474063575267792,0.0007346099155256525,0.001947373733855784,0.8746974767118196,3,3,4,0.0,4 7 2 10
475,2600,0.17666666666666664,0.4443108141422272,0.0009183717858312386,0.0010092512238770723,0.8845682181639422,6,6,7,0.0,5 9 3 8 4 7 10
476,2607,0.17445,0.4746386408805847,0.0009444101514028651,0.0007599557284265757,0.9526509267857185,6,6,7,0.0,5 1 3 4 9 8 10
477,2613,0.1725500000000001,0.2437426745891571,0.0007487028293932477,0.0005687116645276546,0.9422391153756844,5,5,6,0.0,8 7 9 3 4 10
478,2620,0.17033333333333345,0.23123711347579956,0.0008958564555671598,0.0004942347295582294,0.9497051434979003,6,6,7,0.0,1 2 5 3 4 6 10
479,2623,0.16938333333333344,0.06229931861162186,0.0006547852729757627,0.0015134455170482397,0.8515208236935164,2,2,3,0.0,2 8 10
480,2628,0.16780000000000006,0.25013235211372375,0.0009460630710236729,0.00023496562789659947,0.9604296457469818,4,4,5,0.0,1 3 5 4 10
481,2631,0.16685000000000005,0.10531896352767944,0.0011082133666301768,0.0008767488761804998,0.8980344750173168,2,2,3,0.0,2 8 10
482,2635,0.16558333333333342,0.164161816239357,0.0006403861625585705,0.0009789157193154097,0.9187137722331193,3,3,4,0.0,7 5 4 10
483,2638,0.1646333333333334,0.10531896352767944,0.0006291864750285944,0.0008767488761804998,0.8980344750173168,2,2,3,0.0,2 8 10
484,2642,0.16336666666666666,0.02736344188451767,0.000806959142209962,0.0014626940246671438,0.8537751642386922,3,3,4,0.0,2 7 4 10
485,2650,0.16083333333333338,0.45793455839157104,0.0007517003177781589,0.000755301327444613,0.9523513313741662,7,7,8,0.0,8 2 3 1 4 9 5 10
486,2658,0.1583,0.42515823245048523,0.0007789965238771401,0.0003994566504843533,0.9510255118967095,7,7,8,0.0,4 3 1 6 5 9 7 10
487,2661,0.15735,0.10783582925796509,0.0006975433401142558,0.0013870205730199814,0.8985291981934509,2,2,3,0.0,2 8 10
488,2667,0.15544999999999998,0.06199721246957779,0.0008450811534809569,0.0017292582197114825,0.8396837504029132,5,5,6,0.0,2 8 3 9 4 10
489,2674,0.15323333333333344,0.4443108141422272,0.00073462792040248,0.0010092512238770723,0.8845682181639422,6,6,7,0.0,5 9 4 3 8 7 10
490,2680,0.15133333333333343,0.40432506799697876,0.0008338907694754502,0.0009569505928084254,0.9216902562540011,5,5,6,0.0,5 3 9 8 4 10
491,2687,0.14911666666666668,0.41579926013946533,0.0007965335056983999,0.0010795807465910912,0.9128253963664086,6,6,7,0.0,5 9 1 3 4 7 10
492,2690,0.14816666666666678,0.06229931861162186,0.0007982869477321705,0.0015134455170482397,0.8515208236935164,2,2,3,0.0,2 8 10
493,2695,0.1465833333333334,0.1430744081735611,0.0006016831786837429,0.0009046063059940934,0.9270980064795927,4,4,5,0.0,2 5 3 4 10
494,2700,0.14500000000000002,0.16274836659431458,0.0007611373090185225,0.00031350614153780043,0.9549518861363816,4,4,5,0.0,2 5 3 4 10
495,2703,0.14405,0.10783582925796509,0.000735905448285242,0.0013870205730199814,0.8985291981934509,2,2,3,0.0,2 8 10
496,2711,0.14151666666666673,0.4321380853652954,0.0007221739579108544,0.0010091064032167196,0.883237554816868,7,7,8,0.0,2 6 5 1 8 3 4 10
497,2714,0.14056666666666673,0.06139390915632248,0.0007410027901642025,0.0017655458068475127,0.7990685844933448,2,2,3,0.0,2 5 10
498,2722,0.13803333333333334,0.43862223625183105,0.0006949664530111477,0.0006584106013178825,0.9483515344356385,7,7,8,0.0,5 1 3 4 9 6 8 10
499,2725,0.13708333333333333,0.06229931861162186,0.0006637021045510968,0.0015134455170482397,0.8515208236935164,2,2,3,0.0,2 8 10
500,2733,0.13455000000000006,0.4284238815307617,0.0006568974094989244,0.0010220634285360575,0.8817511346461373,7,7,8,0.0,7 1 6 9 4 5 3 10
501,2738,0.1329666666666668,0.0781991109251976,0.0006636257865466177,0.0019083539955317974,0.8242839840146647,4,4,5,0.0,2 5 7 4 10
502,2747,0.13011666666666677,0.5637897849082947,0.0006555535623596774,0.0007042397046461701,0.9449583472203414,8,8,9,0.0,2 6 5 1 9 3 4 8 10
503,2752,0.1285333333333334,0.051346756517887115,0.001275507954414934,0.0016947441035881639,0.9049247961633093,4,4,5,0.0,2 5 4 7 10
504,2759,0.12631666666666674,0.41579926013946533,0.0013814563613518008,0.0010795807465910912,0.9128253963664086,6,6,7,0.0,5 7 1 4 9 3 10
505,2763,0.12505,0.22431716322898865,0.0012095693382434547,0.00039680927875451744,0.9629182144202176,3,3,4,0.0,5 3 4 10
506,2767,0.12378333333333336,0.11958125978708267,0.0010850789694814011,0.0007459187181666493,0.9416358080580742,3,3,4,0.0,4 3 5 10
507,2775,0.12124999999999997,0.4266560971736908,0.0011144092568429187,0.0003927694633603096,0.9511852292930896,7,7,8,0.0,5 3 6 2 4 9 1 10
508,2780,0.1196666666666667,0.2618473172187805,0.0011318365577608347,0.00034833134850487113,0.9587642771416697,4,4,5,0.0,3 8 5 4 10
509,2784,0.11839999999999995,0.1396201252937317,0.0013283865991979837,0.0011488343589007854,0.9035020468492996,3,3,4,0.0,9 5 4 10
510,2790,0.11650000000000005,0.4506892263889313,0.0008371376219050338,0.00047723963507451117,0.9506578936588183,5,5,6,0.0,3 1 4 6 5 10
511,2794,0.11523333333333341,0.3090759813785553,0.0012904938048450276,0.0005270104738883674,0.9476480485780627,3,3,4,0.0,3 4 5 10
512,2800,0.1133333333333334,0.18561983108520508,0.0012905392019699018,0.00032519400701858103,0.9533607562412547,5,5,6,0.0,3 9 8 7 4 10
513,2808,0.11080000000000001,0.4263007342815399,0.0009141388436546549,0.0004484569653868675,0.9529941670428275,7,7,8,0.0,3 4 5 9 6 1 8 10
514,2816,0.10826666666666673,0.43602225184440613,0.0008611420198576525,0.0006760163814760745,0.9478580292389595,7,7,8,0.0,3 4 5 9 1 6 7 10
515,2825,0.10541666666666671,0.5062131285667419,0.0008502300156073438,0.0008757488103583455,0.9434277114195928,8,8,9,0.0,2 9 5 6 4 3 1 8 10
516,2829,0.10415000000000008,0.19187839329242706,0.0008657218859298155,0.0007125287083908916,0.9225120335356659,3,3,4,0.0,5 3 4 10
517,2833,0.10288333333333333,0.3090759813785553,0.000981956225587055,0.0005270104738883674,0.9476480485780627,3,3,4,0.0,3 4 5 10
518,2840,0.10066666666666668,0.5607430338859558,0.000946219262134816,0.0006466274498961866,0.9367348527830365,6,6,7,0.0,2 8 3 7 4 5 10
519,2843,0.09971666666666668,0.10182824730873108,0.000692355582335343,0.0010964535176753998,0.8968866375251701,2,2,3,0.0,8 7 10
520,2850,0.09750000000000003,0.4402844309806824,0.0007907055384878602,0.0004575620114337653,0.9523431284532535,6,6,7,0.0,3 4 7 8 9 5 10
521,2858,0.09496666666666675,0.4584375023841858,0.0008486308215651661,0.0007586805731989443,0.9529172050258351,7,7,8,0.0,3 9 8 7 4 5 1 10
522,2866,0.09243333333333337,0.4071410894393921,0.000802325906988699,0.0010370155796408653,0.9169279460426459,7,7,8,0.0,5 6 9 1 4 7 3 10
523,2872,0.09053333333333335,0.4334222376346588,0.0007323770259972662,0.0010678521357476711,0.912840387785052,5,5,6,0.0,3 4 8 7 5 10
524,2879,0.08831666666666671,0.579454779624939,0.000734413749471839,0.0007364592747762799,0.9426133832700471,6,6,7,0.0,2 8 3 7 4 5 10
525,2882,0.0873666666666667,0.07291591167449951,0.0006362129934132099,0.0007373428670689464,0.8820842564389482,2,2,3,0.0,9 4 10
526,2887,0.08578333333333332,0.16330622136592865,0.0007334085763432086,0.0006911513046361506,0.9266498023810199,4,4,5,0.0,9 5 4 3 10
527,2892,0.08420000000000005,0.2710724472999573,0.0007229091017507017,0.001095649553462863,0.9149382270332183,4,4,5,0.0,1 5 3 4 10
528,2900,0.08166666666666667,0.5743744373321533,0.0007952358428156003,0.0007107274723239243,0.9452383185290553,7,7,8,0.0,6 3 5 4 9 1 8 10
529,2905,0.08008333333333328,0.09615489840507507,0.0007141966139897704,0.0017156526446342468,0.8399174598429915,4,4,5,0.0,9 5 4 3 10
530,2913,0.07755000000000012,0.4092939794063568,0.0007502934022340924,0.001023001386784017,0.9178469960138148,7,7,8,0.0,3 4 8 6 9 5 1 10
531,2920,0.07533333333333336,0.4475311040878296,0.0006844709693853344,0.00032423308584839106,0.9673376316370776,6,6,7,0.0,3 4 8 7 9 5 10
532,2925,0.0737500000000001,0.5798180103302002,0.0008175448048859835,0.0006608646945096552,0.9359958590175536,4,4,5,0.0,5 4 3 9 10
533,2929,0.07248333333333334,0.04161997139453888,0.0006268214929150417,0.0015947765205055475,0.8276291360345521,3,3,4,0.0,4 1 7 10
534,2934,0.07090000000000007,0.17341507971286774,0.0005823797604534775,0.00065821991302073,0.9494274968057693,4,4,5,0.0,9 5 4 3 10
535,2939,0.0693166666666667,0.167157843708992,0.0006445450126193464,0.0003006814804393798,0.9569242395345436,4,4,5,0.0,9 5 4 3 10
536,2946,0.06710000000000005,0.4481036067008972,0.0007156114942128104,0.0003831103094853461,0.9529182614844988,6,6,7,0.0,3 9 8 7 4 5 10
537,2952,0.06520000000000004,0.21728339791297913,0.0006670230650343001,0.0008066880982369184,0.9242653544110719,5,5,6,0.0,3 9 8 5 4 10
538,2958,0.06330000000000002,0.11366990208625793,0.0007082940428517759,0.0008756592869758606,0.9294010289057681,5,5,6,0.0,9 5 3 1 4 10
539,2964,0.06140000000000001,0.21728339791297913,0.0006127477051146949,0.0008066880982369184,0.9242653544110719,5,5,6,0.0,3 9 8 5 4 10
540,2971,0.059183333333333366,0.38607752323150635,0.0007207454015899982,0.0009633587906137109,0.9210522624527798,6,6,7,0.0,3 4 5 9 6 1 10
541,2978,0.05696666666666672,0.4475311040878296,0.0006443206304019051,0.00032423308584839106,0.9673376316370776,6,6,7,0.0,3 4 8 7 9 5 10
542,2986,0.054433333333333445,0.45710211992263794,0.0006869312273920514,0.0006122954073362052,0.9242617660130105,7,7,8,0.0,9 4 8 7 6 5 3 10
543,2992,0.05253333333333343,0.21202650666236877,0.0006601898348890245,0.00083914928836748,0.9217668964519795,5,5,6,0.0,1 4 5 3 6 10
544,2999,0.050316666666666676,0.41385799646377563,0.0006274627355326499,0.001085359719581902,0.9115065587739882,6,6,7,0.0,4 3 5 1 2 9 10
545,3006,0.050000000000000044,0.45049434900283813,0.001075911003031901,0.0006824893644079566,0.9468106235888002,6,6,7,0.0,3 4 5 9 6 1 10
546,3012,0.050000000000000044,0.13014476001262665,0.0008007565435642997,0.0007898950134404004,0.9328116380679338,5,5,6,0.0,9 5 8 3 4 10
547,3019,0.050000000000000044,0.4504944086074829,0.0008561605022155813,0.0006824893644079566,0.9468106235888002,6,6,7,0.0,4 3 5 9 6 1 10
548,3023,0.050000000000000044,0.0720520094037056,0.0008485474245389923,0.0020524291321635246,0.8880260909257477,3,3,4,0.0,5 9 4 10
549,3029,0.050000000000000044,0.2199481874704361,0.0007786819478496909,0.0006610158015973866,0.9347048877571199,5,5,6,0.0,1 5 8 3 4 10
550,3036,0.050000000000000044,0.4479703903198242,0.0007402476954406925,0.0003239195793867111,0.9674796066496092,6,6,7,0.0,3 4 8 6 5 9 10
551,3040,0.050000000000000044,0.2757476568222046,0.0006444647297030315,0.0008420562953688204,0.9279354690406892,3,3,4,0.0,3 4 5 10
552,3043,0.050000000000000044,0.10764649510383606,0.0004873825334167729,0.0020182852167636156,0.8787645564506474,2,2,3,0.0,3 4 10
553,3051,0.050000000000000044,0.45710211992263794,0.000669447810651036,0.0006122954073362052,0.9242617660130105,7,7,8,0.0,8 3 4 7 9 6 5 10
554,3060,0.050000000000000044,0.5464797019958496,0.0007060828728653076,0.0006200803909450769,0.9402069508072596,8,8,9,0.0,9 8 6 4 1 7 5 3 10
555,3068,0.050000000000000044,0.3725234866142273,0.0005423468865046743,0.0009475686820223927,0.9220649564769406,7,7,8,0.0,9 4 8 6 3 2 5 10
556,3072,0.050000000000000044,0.24972417950630188,0.0006065686175134033,0.0007711935322731733,0.90955268573924,3,3,4,0.0,3 5 4 10
557,3076,0.050000000000000044,0.2767753005027771,0.0006014589598635212,0.00023578456602990627,0.9599719557392895,3,3,4,0.0,3 5 4 10
558,3083,0.050000000000000044,0.4513893723487854,0.0005770655656566045,0.0006812545470893383,0.9473434679041861,6,6,7,0.0,4 1 7 6 5 3 10
559,3091,0.050000000000000044,0.4304710328578949,0.0006005582617945038,0.0003835495444945991,0.952409810086493,7,7,8,0.0,4 5 3 6 9 2 8 10
560,3095,0.050000000000000044,0.2624897360801697,0.0006034764810465276,0.0008646699134260416,0.9188100051901145,3,3,4,0.0,3 4 5 10
561,3102,0.050000000000000044,0.4205256700515747,0.0005271934330396887,0.001051399507559836,0.9150278574380665,6,6,7,0.0,4 8 7 9 3 5 10
562,3108,0.050000000000000044,0.40432512760162354,0.00046525493962690234,0.0009569505928084254,0.9216902562540011,5,5,6,0.0,9 4 8 3 5 10
563,3112,0.050000000000000044,0.2624897360801697,0.0005932244966970757,0.0008646699134260416,0.9188100051901145,3,3,4,0.0,3 4 5 10
564,3115,0.050000000000000044,0.11073829233646393,0.0005186269312010457,0.0007956521003507078,0.9132356949496071,2,2,3,0.0,3 4 10
565,3122,0.050000000000000044,0.46825888752937317,0.0005756236288496959,0.0006126362713985145,0.9243970615756072,6,6,7,0.0,8 9 3 7 4 5 10
566,3129,0.050000000000000044,0.4205256700515747,0.0005728103361824262,0.001051399507559836,0.9150278574380665,6,6,7,0.0,4 7 8 9 3 5 10
567,3130,0.050000000000000044,0.0,0.0004521705850493163,0.0030345343984663486,0.7371768525244577,0,0,1,0.0,10
568,3134,0.050000000000000044,0.07672931998968124,0.0005101975330035202,0.0009904849575832486,0.8990747353126263,3,3,4,0.0,3 4 5 10
569,3138,0.050000000000000044,0.1890897899866104,0.0004826327131013386,0.0008415174670517445,0.9271355705439832,3,3,4,0.0,3 4 5 10
570,3147,0.050000000000000044,0.4961155354976654,0.0005443671996343053,0.0008741158526390791,0.9440860008326991,9,9,10,0.0,2 8 5 7 6 9 1 4 3
571,3151,0.050000000000000044,0.47794514894485474,0.0006127241504145786,0.000518996617756784,0.9257638671664647,3,3,4,0.0,2 8 5 10
572,3155,0.050000000000000044,0.2624897360801697,0.0004715007744380273,0.0008646699134260416,0.9188100051901145,3,3,4,0.0,3 5 4 10
573,3163,0.050000000000000044,0.4612312614917755,0.0004617497615981847,0.0006016246043145657,0.9251306588350663,7,7,8,0.0,8 9 3 7 1 4 5 10
574,3167,0.050000000000000044,0.2624897360801697,0.0005355021276045591,0.0008646699134260416,0.9188100051901145,3,3,4,0.0,3 5 4 10
575,3171,0.050000000000000044,0.22431716322898865,0.00045190997479949147,0.00039680927875451744,0.9629182144202176,3,3,4,0.0,3 4 5 10
576,3175,0.050000000000000044,0.16138248145580292,0.0004970076988684013,0.0011650301748886704,0.8867031143586219,3,3,4,0.0,3 4 5 10
577,3183,0.050000000000000044,0.42858389019966125,0.0005446472860057838,0.0010233726352453232,0.8822546690153168,7,7,8,0.0,8 9 4 6 3 5 2 10
578,3191,0.050000000000000044,0.4308590888977051,0.0004907828588329721,0.00032351608388125896,0.9672803155342549,7,7,8,0.0,3 4 5 9 6 2 8 10
579,3198,0.050000000000000044,0.5520875453948975,0.0004212008123951299,0.0003347601741552353,0.9556990589029583,6,6,7,0.0,2 8 5 4 3 9 10
580,3202,0.050000000000000044,0.2757476568222046,0.0004994555711164139,0.0008420562953688204,0.9279354690406892,3,3,4,0.0,3 4 5 10
581,3209,0.050000000000000044,0.5524072647094727,0.000544867873291618,0.00056838383898139,0.9341371627291941,6,6,7,0.0,2 8 5 4 3 9 10
582,3217,0.050000000000000044,0.5522028803825378,0.0005192061507841572,0.0006454309914261103,0.9391075885643149,7,7,8,0.0,8 6 9 4 3 5 2 10
583,3221,0.050000000000000044,0.10111116617918015,0.0004722387020592578,0.0003786321613006294,0.9311998551368147,3,3,4,0.0,5 3 4 10
584,3229,0.050000000000000044,0.40623220801353455,0.0004901990068901796,0.001039282069541514,0.916279080843245,7,7,8,0.0,8 6 1 5 2 4 3 10
585,3237,0.050000000000000044,0.4296143651008606,0.0004678986042563338,0.0003330326289869845,0.9675435650380556,7,7,8,0.0,8 6 1 2 5 4 3 10
586,3241,0.050000000000000044,0.16138248145580292,0.0004326750640757382,0.0011650301748886704,0.8867031143586219,3,3,4,0.0,3 4 5 10
587,3246,0.050000000000000044,0.281697541475296,0.00044494562898762525,0.0005257511511445045,0.9479156269755006,4,4,5,0.0,1 5 3 4 10
588,3254,0.050000000000000044,0.5167942643165588,0.0005870110835530795,0.0008776734466664493,0.9432336064841815,7,7,8,0.0,8 6 9 4 3 5 2 10
589,3260,0.050000000000000044,0.22384494543075562,0.0005944892764091492,0.00023106053413357586,0.9606867279153092,5,5,6,0.0,9 5 3 2 4 10
590,3266,0.050000000000000044,0.23718181252479553,0.0007225205190479755,0.0003384920419193804,0.9596304129122554,5,5,6,0.0,1 5 9 3 4 10
591,3270,0.050000000000000044,0.06933696568012238,0.0007426702650263906,0.001283831661567092,0.861458354593032,3,3,4,0.0,5 3 4 10
592,3276,0.050000000000000044,0.487113356590271,0.0006011936250918856,0.0007818742888048291,0.9508633139619646,5,5,6,0.0,5 1 4 3 9 10
593,3281,0.050000000000000044,0.40634438395500183,0.0006096397526562213,0.000988880987279117,0.8995956286043815,4,4,5,0.0,5 4 3 9 10
594,3289,0.050000000000000044,0.4299740493297577,0.0006628738992731087,0.00101358606480062,0.8816490258033721,7,7,8,0.0,5 4 3 1 9 6 2 10
595,3297,0.050000000000000044,0.4299740493297577,0.0006093613592383917,0.00101358606480062,0.8816490258033721,7,7,8,0.0,5 3 4 1 9 6 2 10
596,3304,0.050000000000000044,0.5228707790374756,0.0005393732239359192,0.0008985780295915902,0.9417575219475557,6,6,7,0.0,5 1 4 9 3 2 10
597,3309,0.050000000000000044,0.23959067463874817,0.0005522915627807379,0.000836653052829206,0.9213197759123393,4,4,5,0.0,9 5 3 4 10
598,3313,0.050000000000000044,0.11958125978708267,0.00042623978515621275,0.0007459187181666493,0.9416358080580742,3,3,4,0.0,4 3 5 10
599,3318,0.050000000000000044,0.25147032737731934,0.0004940828483086079,0.0008264952339231968,0.9301102872977784,4,4,5,0.0,9 5 3 4 10
600,3323,0.050000000000000044,0.19279883801937103,0.0005661021801643074,0.00038871655124239624,0.9639171475409469,4,4,5,0.0,5 8 3 4 10
601,3331,0.050000000000000044,0.46033650636672974,0.00041926662743208,0.0006050235824659467,0.9252400046190099,7,7,8,0.0,5 1 4 3 2 6 9 10
602,3338,0.050000000000000044,0.3466493487358093,0.00046768668107688427,0.0011327897664159536,0.8970766662399635,6,6,7,0.0,5 1 6 9 4 3 10
603,3344,0.050000000000000044,0.39981353282928467,0.0004268423702645426,0.0009739070083014667,0.9197674458503157,5,5,6,0.0,5 1 4 9 3 10
604,3353,0.050000000000000044,0.3221991956233978,0.00041266650401262776,0.0010968622518703341,0.9010071717246959,8,8,9,0.0,1 4 9 6 7 8 3 5 10
605,3357,0.050000000000000044,0.16138248145580292,0.0004063450760440901,0.0011650301748886704,0.8867031143586219,3,3,4,0.0,4 3 5 10
606,3361,0.050000000000000044,0.19187839329242706,0.00048163337487494573,0.0007125287083908916,0.9225120335356659,3,3,4,0.0,5 3 4 10
607,3365,0.050000000000000044,0.10731006413698196,0.0006323571651591919,0.0013129606377333403,0.9179154419362064,3,3,4,0.0,4 3 5 10
608,3369,0.050000000000000044,0.19460906088352203,0.0004184552381047979,0.00031904428033158183,0.9544529469061408,3,3,4,0.0,5 3 4 10
609,3373,0.050000000000000044,0.29884210228919983,0.00048423004045616835,0.0010978968348354101,0.9150954425760172,3,3,4,0.0,5 3 4 10
610,3376,0.050000000000000044,0.0907546728849411,0.00040109629238334793,0.001258310629054904,0.8929880803205099,2,2,3,0.0,4 7 10
611,3379,0.050000000000000044,0.0995480865240097,0.00038543179592428106,0.000943534541875124,0.8956393791223111,2,2,3,0.0,4 7 10
612,3382,0.050000000000000044,0.0907546728849411,0.0005423503850276271,0.001258310629054904,0.8929880803205099,2,2,3,0.0,4 7 10
613,3387,0.050000000000000044,0.2710724472999573,0.0005535180913284421,0.001095649553462863,0.9149382270332183,4,4,5,0.0,1 5 3 4 10
614,3392,0.050000000000000044,0.24886831641197205,0.00046247851569205525,0.000837070110719651,0.9284224099835091,4,4,5,0.0,1 3 5 4 10
615,3398,0.050000000000000044,0.42741143703460693,0.00047716509046343464,0.0011080921394750476,0.9103538145208189,5,5,6,0.0,1 4 2 3 5 10
616,3402,0.050000000000000044,0.1759030967950821,0.0004044849774800241,0.0009096288704313338,0.9269010189933953,3,3,4,0.0,5 3 4 10
617,3407,0.050000000000000044,0.28169751167297363,0.00044884951785206795,0.0005257511511445045,0.9479156269755006,4,4,5,0.0,1 4 3 5 10
618,3412,0.050000000000000044,0.281697541475296,0.000523040205007419,0.0005257511511445045,0.9479156269755006,4,4,5,0.0,1 3 5 4 10
619,3419,0.050000000000000044,0.5493837594985962,0.0004233724612277001,0.0005759620689786971,0.9326946627698599,6,6,7,0.0,5 9 1 4 3 2 10
620,3425,0.050000000000000044,0.4308004379272461,0.0004293277913044828,0.001088861608877778,0.9120028623502688,5,5,6,0.0,5 1 3 4 9 10
621,3429,0.050000000000000044,0.06933696568012238,0.0004172485932940617,0.001283831661567092,0.861458354593032,3,3,4,0.0,5 3 4 10
622,3434,0.050000000000000044,0.25992369651794434,0.000412893237080425,0.00035415354068391025,0.9582003313388042,4,4,5,0.0,1 3 5 4 10
623,3439,0.050000000000000044,0.23502448201179504,0.00037660714006051423,0.0008627455099485815,0.9189590455412723,4,4,5,0.0,1 5 3 4 10
624,3443,0.050000000000000044,0.16138248145580292,0.0005045960788265802,0.0011650301748886704,0.8867031143586219,3,3,4,0.0,5 3 4 10
625,3447,0.050000000000000044,0.10731006413698196,0.00047066221304703504,0.0013129606377333403,0.9179154419362064,3,3,4,0.0,4 3 5 10
626,3452,0.050000000000000044,0.24462011456489563,0.0004229103389661759,0.000679461401887238,0.9335591515944772,4,4,5,0.0,1 5 3 4 10
627,3456,0.050000000000000044,0.1759030967950821,0.0004088602217962034,0.0009096288704313338,0.9269010189933953,3,3,4,0.0,5 3 4 10
628,3460,0.050000000000000044,0.12612539529800415,0.0004313239987823181,0.0017454905901104212,0.8363535951437622,3,3,4,0.0,4 5 3 10
629,3464,0.050000000000000044,0.1759030967950821,0.00033155924757011235,0.0009096288704313338,0.9269010189933953,3,3,4,0.0,5 3 4 10
630,3469,0.050000000000000044,0.24886831641197205,0.00041523381369188426,0.000837070110719651,0.9284224099835091,4,4,5,0.0,1 5 3 4 10
631,3476,0.050000000000000044,0.4548354148864746,0.00037123899424581656,0.0006655090255662799,0.9485684057407515,6,6,7,0.0,4 7 8 9 3 5 10
632,3480,0.050000000000000044,0.041741743683815,0.0004360696766525507,0.0015952311223372817,0.8279957944498476,3,3,4,0.0,6 4 7 10
633,3484,0.050000000000000044,0.1890897899866104,0.00039116706466302276,0.0008415174670517445,0.9271355705439832,3,3,4,0.0,4 3 5 10
634,3489,0.050000000000000044,0.15952526032924652,0.00041395743610337374,0.0008219893788918853,0.9303968401003394,4,4,5,0.0,4 3 9 5 10
635,3493,0.050000000000000044,0.12612539529800415,0.0004184701756457798,0.0017454905901104212,0.8363535951437622,3,3,4,0.0,4 3 5 10
636,3501,0.050000000000000044,0.5453690886497498,0.00047342584366560914,0.00033183611230924726,0.958105543156583,7,7,8,0.0,2 7 8 3 4 6 5 10
637,3507,0.050000000000000044,0.3589595556259155,0.000683808660445114,0.0011522005079314113,0.8953010748792772,5,5,6,0.0,5 1 3 4 9 10
638,3510,0.050000000000000044,0.09632214903831482,0.0005446507905920347,0.0016221298137679696,0.894690085711859,2,2,3,0.0,4 7 10
639,3516,0.050000000000000044,0.4908832907676697,0.0005617475496061767,0.0007635295623913407,0.9525509322511738,5,5,6,0.0,4 3 5 9 8 10
640,3519,0.050000000000000044,0.0907546728849411,0.0005965200155818214,0.001258310629054904,0.8929880803205099,2,2,3,0.0,4 7 10
641,3522,0.050000000000000044,0.07347403466701508,0.0005967467829274634,0.001663806033320725,0.8178583920870185,2,2,3,0.0,4 7 10
642,3525,0.050000000000000044,0.09632214903831482,0.0006077339542874446,0.0016221298137679696,0.894690085711859,2,2,3,0.0,4 7 10
643,3533,0.050000000000000044,0.5718054175376892,0.0005555856041610241,0.000728494836948812,0.9449370830152605,7,7,8,0.0,7 2 8 3 6 5 4 10
644,3540,0.050000000000000044,0.4250074625015259,0.0005126634662571762,0.0004041448701173067,0.9649821299700759,6,6,7,0.0,7 6 1 5 4 8 10
645,3549,0.050000000000000044,0.5360296964645386,0.00047529320646491315,0.0003254128387197852,0.9577292435482481,8,8,9,0.0,7 1 6 4 9 8 5 3 10
646,3553,0.050000000000000044,0.4777257740497589,0.000494396394060459,0.0004470786079764366,0.9479181067696933,3,3,4,0.0,4 3 5 10
647,3557,0.050000000000000044,0.2767753005027771,0.0005865603743586689,0.00023578456602990627,0.9599719557392895,3,3,4,0.0,3 4 5 10
648,3559,0.050000000000000044,0.2874983549118042,0.00041917432099580765,0.0025458282325416803,0.8590445401552316,1,1,2,0.0,4 10
649,3563,0.050000000000000044,0.1890897899866104,0.00051488759345375,0.0008415174670517445,0.9271355705439832,3,3,4,0.0,4 3 5 10
650,3570,0.050000000000000044,0.5620551705360413,0.000489940180809104,0.0006443597958423197,0.9376648632581396,6,6,7,0.0,7 4 8 9 5 3 10
651,3579,0.050000000000000044,0.5315755605697632,0.0005398586638168328,0.00033191684633493423,0.9561981121332835,8,8,9,0.0,7 1 4 9 8 2 3 5 10
652,3583,0.050000000000000044,0.28711608052253723,0.0004464596131583676,0.0003561797784641385,0.958056779700142,3,3,4,0.0,3 5 4 10
653,3587,0.050000000000000044,0.2718748152256012,0.0004674109586630948,0.0006805580342188478,0.9332163441620599,3,3,4,0.0,3 5 4 10
654,3590,0.050000000000000044,0.07734066247940063,0.00042061250618038076,0.0011447758879512548,0.8801634373823258,2,2,3,0.0,1 7 10
655,3597,0.050000000000000044,0.4479703903198242,0.0005033171494557921,0.0003239195793867111,0.9674796066496092,6,6,7,0.0,8 3 4 9 6 5 10
656,3601,0.050000000000000044,0.20271086692810059,0.0004673215516959317,0.0006925154593773186,0.9477242445052734,3,3,4,0.0,4 3 5 10
657,3606,0.050000000000000044,0.22278699278831482,0.0005575557996053248,0.0007677990943193436,0.9100548340700895,4,4,5,0.0,1 5 3 4 10
658,3610,0.050000000000000044,0.1759030967950821,0.00048652439727447927,0.0009096288704313338,0.9269010189933953,3,3,4,0.0,4 3 5 10
659,3614,0.050000000000000044,0.22431716322898865,0.000409445448894985,0.00039680927875451744,0.9629182144202176,3,3,4,0.0,5 3 4 10
660,3618,0.050000000000000044,0.10731006413698196,0.0005020766038796864,0.0013129606377333403,0.9179154419362064,3,3,4,0.0,4 3 5 10
661,3625,0.050000000000000044,0.46825888752937317,0.0004826217399178339,0.0006126362713985145,0.9243970615756072,6,6,7,0.0,7 4 8 9 3 5 10
662,3629,0.050000000000000044,0.1759030967950821,0.0004110567024326883,0.0009096288704313338,0.9269010189933953,3,3,4,0.0,3 4 5 10
663,3634,0.050000000000000044,0.24886831641197205,0.00039444807334803044,0.000837070110719651,0.9284224099835091,4,4,5,0.0,3 5 4 1 10
664,3640,0.050000000000000044,0.4017394781112671,0.0005230250050468991,0.0009698101785033941,0.9208292990887491,5,5,6,0.0,7 4 8 3 5 10
665,3644,0.050000000000000044,0.274819940328598,0.00042882690468104556,0.0007085490506142378,0.9324247073227103,3,3,4,0.0,7 5 4 10
666,3647,0.050000000000000044,0.09632214903831482,0.00035390982520766556,0.0016221298137679696,0.894690085711859,2,2,3,0.0,4 7 10
667,3651,0.050000000000000044,0.1890897899866104,0.00046859759095241316,0.0008415174670517445,0.9271355705439832,3,3,4,0.0,4 3 5 10
668,3655,0.050000000000000044,0.4777257740497589,0.00048392660391982645,0.0004470786079764366,0.9479181067696933,3,3,4,0.0,4 3 5 10
669,3660,0.050000000000000044,0.16004522144794464,0.0004759979608934373,0.0007084050448611379,0.924005296493257,4,4,5,0.0,4 3 5 2 10
670,3663,0.050000000000000044,0.10991331189870834,0.00040761118483108777,0.0008190380176529288,0.9144812475327363,2,2,3,0.0,8 7 10
671,3667,0.050000000000000044,0.19187837839126587,0.0005214928969508037,0.0007125287083908916,0.9225120335356659,3,3,4,0.0,3 4 5 10
672,3673,0.050000000000000044,0.4600912630558014,0.0003990833308004464,0.0003436487168073654,0.9672820209641803,5,5,6,0.0,7 1 3 4 5 10
673,3680,0.050000000000000044,0.5838907957077026,0.00040723164732168825,0.0007163143600337207,0.944398084272244,6,6,7,0.0,7 4 8 9 3 5 10
674,3687,0.050000000000000044,0.39844372868537903,0.0004209663353062102,0.0009524248889647424,0.9047663401409222,6,6,7,0.0,7 4 8 9 3 5 10
675,3694,0.050000000000000044,0.5838907957077026,0.00039353717667316753,0.0007163143600337207,0.944398084272244,6,6,7,0.0,7 4 8 9 3 5 10
676,3699,0.050000000000000044,0.15978744626045227,0.00041286133346147836,0.0007077681948430836,0.9236510839672066,4,4,5,0.0,5 3 4 1 10
677,3702,0.050000000000000044,0.10991331189870834,0.00041891721775755286,0.0008190380176529288,0.9144812475327363,2,2,3,0.0,8 7 10
678,3709,0.050000000000000044,0.5278241634368896,0.0003792631614487618,0.0008831660961732268,0.943932788803128,6,6,7,0.0,7 4 8 9 3 5 10
679,3713,0.050000000000000044,0.3877120614051819,0.0003923474650946446,0.0011787256225943565,0.8939529767838018,3,3,4,0.0,4 3 5 10
680,3716,0.050000000000000044,0.0995480865240097,0.0005400964679817358,0.000943534541875124,0.8956393791223111,2,2,3,0.0,4 7 10
681,3721,0.050000000000000044,0.372857928276062,0.0004936112440191209,0.0011680210009217262,0.8944686309087858,4,4,5,0.0,7 4 5 3 10
682,3727,0.050000000000000044,0.22543323040008545,0.00039522378938272595,0.00023115225485526025,0.9614778147848693,5,5,6,0.0,1 4 3 7 5 10
683,3730,0.050000000000000044,0.11674080789089203,0.0003772737691178918,0.0013220511609688401,0.9092996536790616,2,2,3,0.0,7 1 10
684,3734,0.050000000000000044,0.1890897899866104,0.0005496700032381341,0.0008415174670517445,0.9271355705439832,3,3,4,0.0,4 3 5 10
685,3741,0.050000000000000044,0.44431087374687195,0.00038554904417001775,0.0010092512238770723,0.8845682181639422,6,6,7,0.0,7 4 8 9 5 3 10
686,3748,0.050000000000000044,0.5620551705360413,0.00037339599969397696,0.0006443597958423197,0.9376648632581396,6,6,7,0.0,7 4 8 9 5 3 10
687,3752,0.050000000000000044,0.10731006413698196,0.0004490686842473224,0.0013129606377333403,0.9179154419362064,3,3,4,0.0,4 5 3 10
688,3757,0.050000000000000044,0.28169751167297363,0.0005537547287531198,0.0005257511511445045,0.9479156269755006,4,4,5,0.0,1 4 3 5 10
689,3766,0.050000000000000044,0.45334112644195557,0.00047653574923363823,0.0005950818303972483,0.9262962626928949,8,8,9,0.0,7 1 4 6 8 9 3 5 10
690,3770,0.050000000000000044,0.22431716322898865,0.0005025749342166819,0.00039680927875451744,0.9629182144202176,3,3,4,0.0,5 3 4 10
691,3772,0.050000000000000044,0.055172231048345566,0.0005786842084489763,0.0026631620712578297,0.7497882905341995,1,1,2,0.0,6 10
692,3781,0.050000000000000044,0.5356799960136414,0.0005613081674608919,0.000327766319969669,0.9580823810290496,8,8,9,0.0,7 4 8 9 5 3 2 6 10
693,3785,0.050000000000000044,0.09524019807577133,0.00045724516530754045,0.0006769447354599833,0.9249889811281642,3,3,4,0.0,4 3 5 10
694,3789,0.050000000000000044,0.19460906088352203,0.0004977380085620098,0.00031904428033158183,0.9544529469061408,3,3,4,0.0,3 4 5 10
695,3793,0.050000000000000044,0.2757476270198822,0.00046072904660832137,0.0008420562953688204,0.9279354690406892,3,3,4,0.0,3 5 4 10
696,3801,0.050000000000000044,0.541862964630127,0.0004031383796245791,0.00033402390545234084,0.9561471506403969,7,7,8,0.0,7 4 8 5 9 3 1 10
697,3809,0.050000000000000044,0.4355209171772003,0.000472521671326831,0.0010006232187151909,0.885372230913778,7,7,8,0.0,7 4 8 9 5 1 3 10
698,3813,0.050000000000000044,0.20414331555366516,0.0004153399568167515,0.0026901056990027428,0.7944963455607719,3,3,4,0.0,8 6 1 10
699,3818,0.050000000000000044,0.23441439867019653,0.00043662190437316896,0.000438507879152894,0.9515102370138259,4,4,5,0.0,1 5 7 4 10
700,3824,0.050000000000000044,0.45370277762413025,0.0004894265536374102,0.0004139911034144461,0.9497984071726181,5,5,6,0.0,7 1 4 3 5 10
701,3828,0.050000000000000044,0.10750999301671982,0.0004974772964487784,0.0006972261471673846,0.9356720983698592,3,3,4,0.0,5 3 4 10
702,3832,0.050000000000000044,0.19460906088352203,0.00040780548442853615,0.00031904428033158183,0.9544529469061408,3,3,4,0.0,5 3 4 10
703,3837,0.050000000000000044,0.2710724472999573,0.00043099302565678953,0.001095649553462863,0.9149382270332183,4,4,5,0.0,1 3 5 4 10
704,3846,0.050000000000000044,0.5266876220703125,0.0003608221466290868,0.000320855004247278,0.9578301961867053,9,9,10,0.0,7 4 3 1 2 6 5 9 8
705,3851,0.050000000000000044,0.4631517231464386,0.00045944336452521386,0.0004839444882236421,0.9488406244944448,4,4,5,0.0,7 4 5 3 10
706,3859,0.050000000000000044,0.5731691122055054,0.00041826921005849726,0.0007119241636246443,0.944240013551627,7,7,8,0.0,7 4 8 9 5 2 3 10
707,3863,0.050000000000000044,0.10111116617918015,0.0004378736193757504,0.0003786321613006294,0.9311998551368147,3,3,4,0.0,5 3 4 10
708,3867,0.050000000000000044,0.1890898048877716,0.0004103371757082641,0.0008415174670517445,0.9271355705439832,3,3,4,0.0,5 3 4 10
709,3875,0.050000000000000044,0.3299328684806824,0.00041619154944783077,0.0011327445972710848,0.897033678126321,7,7,8,0.0,7 4 5 6 1 9 3 10
710,3879,0.050000000000000044,0.16138248145580292,0.0004070085706189275,0.0011650301748886704,0.8867031143586219,3,3,4,0.0,3 4 5 10
711,3883,0.050000000000000044,0.29884207248687744,0.0004975896226824261,0.0010978968348354101,0.9150954425760172,3,3,4,0.0,4 3 5 10
712,3888,0.050000000000000044,0.25992366671562195,0.00044249497004784645,0.00035415354068391025,0.9582003313388042,4,4,5,0.0,1 4 3 5 10
713,3892,0.050000000000000044,0.16138248145580292,0.0003256148338550702,0.0011650301748886704,0.8867031143586219,3,3,4,0.0,5 3 4 10
714,3898,0.050000000000000044,0.45455190539360046,0.00042604801516669494,0.000461772782728076,0.951346616895247,5,5,6,0.0,8 3 4 9 5 10
715,3902,0.050000000000000044,0.2718748152256012,0.00037282463745214045,0.0006805580342188478,0.9332163441620599,3,3,4,0.0,5 3 4 10
716,3906,0.050000000000000044,0.22431716322898865,0.00037042779877083376,0.00039680927875451744,0.9629182144202176,3,3,4,0.0,5 3 4 10
717,3910,0.050000000000000044,0.11428262293338776,0.00040104972140397877,0.0004913120064884424,0.9460985286517886,3,3,4,0.0,5 3 4 10
718,3915,0.050000000000000044,0.23441436886787415,0.0004000448388978839,0.000438507879152894,0.9515102370138259,4,4,5,0.0,1 7 4 5 10
719,3918,0.050000000000000044,0.09270959347486496,0.0004150069726165384,0.0006386373424902558,0.8975818208756543,2,2,3,0.0,4 7 10
720,3924,0.050000000000000044,0.43232136964797974,0.0003109697039083888,0.0010800182353705168,0.9127277193167972,5,5,6,0.0,8 3 2 4 5 10
721,3927,0.050000000000000044,0.08542930334806442,0.0004734158671150605,0.0025763569865375757,0.865701886901674,2,2,3,0.0,4 6 10
722,3931,0.050000000000000044,0.09524019807577133,0.0004119319055462256,0.0006769447354599833,0.9249889811281642,3,3,4,0.0,4 5 3 10
723,3935,0.050000000000000044,0.19187839329242706,0.0003474695622571744,0.0007125287083908916,0.9225120335356659,3,3,4,0.0,4 5 3 10
724,3941,0.050000000000000044,0.40051284432411194,0.00048637192715735483,0.0009764599381014705,0.9204629983190408,5,5,6,0.0,7 4 3 6 5 10
725,3946,0.050000000000000044,0.25992369651794434,0.00040171491564251484,0.00035415354068391025,0.9582003313388042,4,4,5,0.0,1 3 5 4 10
726,3951,0.050000000000000044,0.08137738704681396,0.00044406278757378457,0.0007375478744506836,0.9422391793036149,4,4,5,0.0,5 3 4 2 10
727,3955,0.050000000000000044,0.19187839329242706,0.00039409115561284125,0.0007125287083908916,0.9225120335356659,3,3,4,0.0,5 3 4 10
728,3959,0.050000000000000044,0.19460906088352203,0.0003933031402993947,0.00031904428033158183,0.9544529469061408,3,3,4,0.0,5 3 4 10
729,3966,0.050000000000000044,0.55140620470047,0.00042035948717966676,0.000583715969696641,0.935942302423659,6,6,7,0.0,7 4 8 3 1 5 10
730,3970,0.050000000000000044,0.12612538039684296,0.00037603319651680067,0.0017454905901104212,0.8363535951437622,3,3,4,0.0,5 3 4 10
731,3977,0.050000000000000044,0.5620551705360413,0.0003435084197138037,0.0006443597958423197,0.9376648632581396,6,6,7,0.0,7 4 9 8 5 3 10
732,3981,0.050000000000000044,0.22431716322898865,0.0003685374613269232,0.00039680927875451744,0.9629182144202176,3,3,4,0.0,5 3 4 10
733,3985,0.050000000000000044,0.20271086692810059,0.00041815382428467274,0.0006925154593773186,0.9477242445052734,3,3,4,0.0,5 3 4 10
734,3989,0.050000000000000044,0.19187839329242706,0.0004911201031063683,0.0007125287083908916,0.9225120335356659,3,3,4,0.0,5 3 4 10
735,3993,0.050000000000000044,0.11958125233650208,0.0004542192764347419,0.0007459187181666493,0.9416358080580742,3,3,4,0.0,5 3 4 10
736,3996,0.050000000000000044,0.10345419496297836,0.0003973301985145857,0.0008409331785514951,0.906843431134499,2,2,3,0.0,1 7 10
737,4002,0.050000000000000044,0.22422419488430023,0.0005541300827947756,0.0008235595305450261,0.9303994493627662,5,5,6,0.0,1 4 9 3 5 10
738,4005,0.050000000000000044,0.10219935327768326,0.00044081661811408895,0.0011428403668105602,0.90176088102029,2,2,3,0.0,1 7 10
739,4009,0.050000000000000044,0.07672932744026184,0.0005129999335622415,0.0009904849575832486,0.8990747353126263,3,3,4,0.0,5 3 4 10
740,4015,0.050000000000000044,0.4637259840965271,0.0004630218948780869,0.000699475989677012,0.9456867373124315,5,5,6,0.0,7 3 1 4 5 10
741,4018,0.050000000000000044,0.09742584079504013,0.0006802913461190959,0.00095219979993999,0.8929743863527047,2,2,3,0.0,5 3 10
742,4024,0.050000000000000044,0.45059606432914734,0.0005591141040592144,0.0010241977870464325,0.8821923398677433,5,5,6,0.0,9 5 4 8 3 10
743,4028,0.050000000000000044,0.20271086692810059,0.0005327190883690491,0.0006925154593773186,0.9477242445052734,3,3,4,0.0,5 3 4 10
744,4032,0.050000000000000044,0.11428262293338776,0.0005369615828385577,0.0004913120064884424,0.9460985286517886,3,3,4,0.0,5 3 4 10
745,4036,0.050000000000000044,0.1890898048877716,0.0005482864944497123,0.0008415174670517445,0.9271355705439832,3,3,4,0.0,5 3 4 10
746,4044,0.050000000000000044,0.37145349383354187,0.0004858143220189959,0.0009482930763624609,0.9213559801704677,7,7,8,0.0,4 1 9 2 3 5 8 10
747,4049,0.050000000000000044,0.41219669580459595,0.0005323871970176697,0.0009924061596393585,0.9181259467613115,4,4,5,0.0,7 4 5 3 10
748,4054,0.050000000000000044,0.41591233015060425,0.0004673492396250367,0.0009755328064784408,0.9194864227960282,4,4,5,0.0,4 5 3 9 10
749,4059,0.050000000000000044,0.5029051303863525,0.0006004808004945516,0.0007869340479373932,0.9505186321902643,4,4,5,0.0,4 3 5 9 10
750,4063,0.050000000000000044,0.11958125233650208,0.00040117965545505285,0.0007459187181666493,0.9416358080580742,3,3,4,0.0,5 3 4 10
751,4067,0.050000000000000044,0.10731006413698196,0.0005090322811156511,0.0013129606377333403,0.9179154419362064,3,3,4,0.0,5 3 4 10
752,4071,0.050000000000000044,0.06933696568012238,0.0004691776630352251,0.001283831661567092,0.861458354593032,3,3,4,0.0,5 3 4 10
753,4075,0.050000000000000044,0.28711608052253723,0.0005148519849171862,0.0003561797784641385,0.958056779700142,3,3,4,0.0,5 3 4 10
754,4079,0.050000000000000044,0.10731006413698196,0.0005907350569032133,0.0013129606377333403,0.9179154419362064,3,3,4,0.0,5 3 4 10
755,4083,0.050000000000000044,0.19460906088352203,0.000495808882988058,0.00031904428033158183,0.9544529469061408,3,3,4,0.0,3 4 5 10
756,4088,0.050000000000000044,0.22278699278831482,0.0004769858322106302,0.0007677990943193436,0.9100548340700895,4,4,5,0.0,1 4 3 5 10
757,4092,0.050000000000000044,0.1759030967950821,0.0005305547674652189,0.0009096288704313338,0.9269010189933953,3,3,4,0.0,4 5 3 10
758,4096,0.050000000000000044,0.3877120614051819,0.0004296555125620216,0.0011787256225943565,0.8939529767838018,3,3,4,0.0,4 5 3 10
759,4100,0.050000000000000044,0.4264526963233948,0.00041533967305440456,0.0010011573322117329,0.917074837773932,3,3,4,0.0,4 5 3 10
760,4103,0.050000000000000044,0.0921451523900032,0.00046890977925310534,0.0006271980237215757,0.8951308165591622,2,2,3,0.0,7 1 10
761,4112,0.050000000000000044,0.5345943570137024,0.00039570244067969423,0.00032861228100955486,0.957519336312336,8,8,9,0.0,2 1 5 9 3 4 6 7 10
762,4116,0.050000000000000044,0.19187839329242706,0.00046282126277219504,0.0007125287083908916,0.9225120335356659,3,3,4,0.0,5 3 4 10
763,4124,0.050000000000000044,0.5093067288398743,0.0005001915851607919,0.0009251278825104237,0.943333262411543,7,7,8,0.0,2 1 3 6 4 8 5 10
764,4129,0.050000000000000044,0.09603504836559296,0.0005275513569358737,0.001707937102764845,0.8388974612820163,4,4,5,0.0,5 3 6 4 10
765,4137,0.050000000000000044,0.4321381151676178,0.0005382422859838698,0.0010091064032167196,0.883237554816868,7,7,8,0.0,2 1 3 6 8 4 5 10
766,4146,0.050000000000000044,0.4521242678165436,0.00047496335820243176,0.0005989361088722944,0.9262345023054572,8,8,9,0.0,2 1 3 4 5 6 9 7 10
767,4149,0.050000000000000044,0.10083291679620743,0.0004612736132306357,0.0022481735795736313,0.878438977921087,2,2,3,0.0,7 1 10
768,4158,0.050000000000000044,0.5625402331352234,0.0004246082163364109,0.0007162338588386774,0.9452142089109217,8,8,9,0.0,5 9 4 3 2 1 6 7 10
769,4166,0.050000000000000044,0.5166431665420532,0.0004520783550105989,0.000882691063452512,0.9438049618451547,7,7,8,0.0,7 4 9 8 5 1 3 10
770,4174,0.050000000000000044,0.46147945523262024,0.0004440792399691418,0.0006029056967236102,0.9257094108463042,7,7,8,0.0,7 4 8 9 5 3 2 10
771,4180,0.050000000000000044,0.4690779149532318,0.0004145085792212437,0.0006750685861334205,0.9475926403377058,5,5,6,0.0,3 4 5 9 8 10
772,4184,0.050000000000000044,0.10750999301671982,0.0004712537338491529,0.0006972261471673846,0.9356720983698592,3,3,4,0.0,5 3 4 10
773,4192,0.050000000000000044,0.4321381151676178,0.0004359522972663399,0.0010091064032167196,0.883237554816868,7,7,8,0.0,2 1 3 6 8 4 5 10
774,4199,0.050000000000000044,0.474117636680603,0.0004226638619521899,0.0007606613216921687,0.9523107513661333,6,6,7,0.0,3 4 5 9 2 8 10
775,4204,0.050000000000000044,0.24886831641197205,0.00045475660590454936,0.000837070110719651,0.9284224099835091,4,4,5,0.0,1 4 3 5 10
776,4213,0.050000000000000044,0.427304744720459,0.00037379436414792307,0.0009876589756458998,0.8858564166832764,8,8,9,0.0,2 1 3 4 6 5 9 8 10
777,4216,0.050000000000000044,0.07734066247940063,0.0003658012137748301,0.0011447758879512548,0.8801634373823258,2,2,3,0.0,7 1 10
778,4221,0.050000000000000044,0.2710724472999573,0.0004622468841262162,0.001095649553462863,0.9149382270332183,4,4,5,0.0,1 4 3 5 10
779,4226,0.050000000000000044,0.24886831641197205,0.0003882297256495804,0.000837070110719651,0.9284224099835091,4,4,5,0.0,1 4 3 5 10
780,4233,0.050000000000000044,0.38313454389572144,0.00048700910078228584,0.0009739059023559093,0.9197585801909568,6,6,7,0.0,7 4 1 9 5 3 10
781,4241,0.050000000000000044,0.5731691122055054,0.0003799502992478665,0.0007119241636246443,0.944240013551627,7,7,8,0.0,7 8 9 2 3 5 4 10
782,4246,0.050000000000000044,0.28169751167297363,0.00034156448091380296,0.0005257511511445045,0.9479156269755006,4,4,5,0.0,1 4 3 5 10
783,4249,0.050000000000000044,0.0921451523900032,0.0004972498184846094,0.0006271980237215757,0.8951308165591622,2,2,3,0.0,7 1 10
784,4252,0.050000000000000044,0.07730591297149658,0.0004905182480191191,0.0013640968827530742,0.8646755150998815,2,2,3,0.0,7 1 10
785,4256,0.050000000000000044,0.19460906088352203,0.0006117964803706855,0.00031904428033158183,0.9544529469061408,3,3,4,0.0,3 4 5 10
786,4260,0.050000000000000044,0.09524019807577133,0.0005219530285103247,0.0006769447354599833,0.9249889811281642,3,3,4,0.0,5 3 4 10
787,4264,0.050000000000000044,0.11428262293338776,0.000490553917188663,0.0004913120064884424,0.9460985286517886,3,3,4,0.0,5 3 4 10
788,4272,0.050000000000000044,0.45729562640190125,0.00040859672662918456,0.000764762400649488,0.9524367755715261,7,7,8,0.0,7 1 3 6 8 5 4 10
789,4277,0.050000000000000044,0.2710724472999573,0.0005334706860594451,0.001095649553462863,0.9149382270332183,4,4,5,0.0,1 4 3 5 10
790,4280,0.050000000000000044,0.10182824730873108,0.0005553083416695396,0.0010964535176753998,0.8968866375251701,2,2,3,0.0,8 7 10
791,4283,0.050000000000000044,0.08369344472885132,0.000440024664082254,0.0015465832548215985,0.830022977848895,2,2,3,0.0,8 7 10
792,4290,0.050000000000000044,0.35176944732666016,0.0005013356858398765,0.0011167330667376518,0.8997369068237321,6,6,7,0.0,7 8 9 3 4 5 10
793,4293,0.050000000000000044,0.11195927113294601,0.0003808185380573074,0.0013545923866331577,0.9033599740844419,2,2,3,0.0,8 7 10
794,4298,0.050000000000000044,0.22278699278831482,0.0003552097186911851,0.0007677990943193436,0.9100548340700895,4,4,5,0.0,1 4 3 5 10
795,4306,0.050000000000000044,0.3360852599143982,0.00040774792432785034,0.0011132921790704131,0.9002168224094598,7,7,8,0.0,5 1 8 6 2 4 3 10
796,4314,0.050000000000000044,0.4082309603691101,0.0003706388652062742,0.0010277444962412119,0.9172376502885546,7,7,8,0.0,5 1 8 6 7 4 3 10
797,4318,0.050000000000000044,0.1890898048877716,0.00042066148307640105,0.0008415174670517445,0.9271355705439832,3,3,4,0.0,5 3 4 10
798,4322,0.050000000000000044,0.10111116617918015,0.0003830322821158916,0.0003786321613006294,0.9311998551368147,3,3,4,0.0,5 3 4 10
799,4328,0.050000000000000044,0.05944504588842392,0.00039777427931160975,0.001743021421134472,0.8360756390975006,5,5,6,0.0,5 2 4 3 1 10
800,4335,0.050000000000000044,0.422344446182251,0.00035870218250368325,0.0010406048968434334,0.915879015034501,6,6,7,0.0,8 5 1 6 3 4 10
801,4341,0.050000000000000044,0.3576890230178833,0.00037196846581840265,0.0011623562313616276,0.8951646952173372,5,5,6,0.0,7 1 3 4 5 10
802,4345,0.050000000000000044,0.19187839329242706,0.0004915593526675366,0.0007125287083908916,0.9225120335356659,3,3,4,0.0,5 3 4 10
803,4349,0.050000000000000044,0.1890898048877716,0.00044477730989456177,0.0008415174670517445,0.9271355705439832,3,3,4,0.0,5 3 4 10
804,4353,0.050000000000000044,0.19460906088352203,0.00043069391540484503,0.00031904428033158183,0.9544529469061408,3,3,4,0.0,5 3 4 10
805,4356,0.050000000000000044,0.10182824730873108,0.000444326918416967,0.0010964535176753998,0.8968866375251701,2,2,3,0.0,8 7 10
806,4360,0.050000000000000044,0.22431716322898865,0.0004307963899918832,0.00039680927875451744,0.9629182144202176,3,3,4,0.0,5 3 4 10
807,4365,0.050000000000000044,0.25992366671562195,0.00031818546704016627,0.00035415354068391025,0.9582003313388042,4,4,5,0.0,1 4 3 5 10
808,4374,0.050000000000000044,0.5062131285667419,0.0004110824698323591,0.0008757488103583455,0.9434277114195928,8,8,9,0.0,2 1 8 3 9 4 6 5 10
809,4378,0.050000000000000044,0.12612538039684296,0.0004643598440452479,0.0017454905901104212,0.8363535951437622,3,3,4,0.0,5 3 4 10
810,4382,0.050000000000000044,0.3090759515762329,0.0003856367475236766,0.0005270104738883674,0.9476480485780627,3,3,4,0.0,5 3 4 10
811,4389,0.050000000000000044,0.38250604271888733,0.00039579550087052794,0.0009788754396140575,0.9196907241832062,6,6,7,0.0,5 1 8 2 3 4 10
812,4392,0.050000000000000044,0.1057547852396965,0.0003783871846583982,0.0005714053986594081,0.9074884510812805,2,2,3,0.0,3 5 10
813,4399,0.050000000000000044,0.43373554944992065,0.00044365928624756634,0.0004767733043991029,0.950436439777101,6,6,7,0.0,5 1 8 2 3 4 10
814,4403,0.050000000000000044,0.2718748152256012,0.0003750005562324077,0.0006805580342188478,0.9332163441620599,3,3,4,0.0,3 5 4 10
815,4410,0.050000000000000044,0.43968474864959717,0.0003919987315644643,0.0010234289802610874,0.8822553889752852,6,6,7,0.0,9 5 4 8 3 2 10
816,4411,0.050000000000000044,0.0,0.00060098129324615,0.0043410551734268665,0.7631438153090415,0,0,1,0.0,10
817,4417,0.050000000000000044,0.2199481874704361,0.00038924578014605987,0.0006610158015973866,0.9347048877571199,5,5,6,0.0,1 3 8 5 4 10
818,4426,0.050000000000000044,0.5478079915046692,0.00033156511522570834,0.0006155146984383464,0.940763547272376,8,8,9,0.0,2 1 9 4 5 7 6 3 10
819,4431,0.050000000000000044,0.24468296766281128,0.0003585496335290372,0.0006744725396856666,0.9332382544680242,4,4,5,0.0,2 5 3 4 10
820,4435,0.050000000000000044,0.4840017557144165,0.00043553855357458815,0.00036596995778381824,0.9654395427027724,3,3,4,0.0,3 4 5 10
821,4444,0.050000000000000044,0.5459948778152466,0.0003601011056970391,0.0006239440990611911,0.9403763693556916,8,8,9,0.0,9 5 4 8 3 6 1 2 10
822,4448,0.050000000000000044,0.19187839329242706,0.0005363123200368136,0.0007125287083908916,0.9225120335356659,3,3,4,0.0,4 5 3 10
823,4452,0.050000000000000044,0.10111116617918015,0.00036638035089708865,0.0003786321613006294,0.9311998551368147,3,3,4,0.0,5 3 4 10
824,4460,0.050000000000000044,0.4546871781349182,0.0003685879819386173,0.0006177718169055879,0.923544276589871,7,7,8,0.0,9 1 7 4 5 3 6 10
825,4466,0.050000000000000044,0.223148912191391,0.0004065914496701832,0.00023445422993972898,0.9607575344327088,5,5,6,0.0,1 5 3 8 4 10
826,4474,0.050000000000000044,0.5435505509376526,0.00044336329301586375,0.0005642905598506331,0.9354899385179903,7,7,8,0.0,7 8 9 2 3 4 5 10
827,4478,0.050000000000000044,0.07672932744026184,0.0003970325051341206,0.0009904849575832486,0.8990747353126263,3,3,4,0.0,5 3 4 10
828,4482,0.050000000000000044,0.1759030967950821,0.0003501941100694239,0.0009096288704313338,0.9269010189933953,3,3,4,0.0,5 3 4 10
829,4488,0.050000000000000044,0.36510366201400757,0.0003969338771033411,0.0011368700070306659,0.8988275140895997,5,5,6,0.0,8 6 3 5 4 10
830,4492,0.050000000000000044,0.11428262293338776,0.0003590450214687735,0.0004913120064884424,0.9460985286517886,3,3,4,0.0,5 3 4 10
831,4496,0.050000000000000044,0.24972417950630188,0.00037670254096155986,0.0007711935322731733,0.90955268573924,3,3,4,0.0,5 3 4 10
832,4501,0.050000000000000044,0.23507246375083923,0.0004232801904436201,0.0008616394479759037,0.9189084983396474,4,4,5,0.0,3 2 5 4 10
833,4509,0.050000000000000044,0.5510203242301941,0.0005287315834721085,0.0006435413379222155,0.9376025077810469,7,7,8,0.0,7 8 9 4 5 1 3 10
834,4513,0.050000000000000044,0.19460906088352203,0.0005188561481190845,0.00031904428033158183,0.9544529469061408,3,3,4,0.0,3 4 5 10
835,4519,0.050000000000000044,0.2000802755355835,0.0004797863997130965,0.0007424384821206331,0.9126173297251163,5,5,6,0.0,3 6 5 4 9 10
836,4525,0.050000000000000044,0.46027570962905884,0.0004573060335436215,0.0007172896875999868,0.944614465469129,5,5,6,0.0,8 3 6 5 4 10
837,4529,0.050000000000000044,0.24972417950630188,0.0004506588229560293,0.0007711935322731733,0.90955268573924,3,3,4,0.0,3 5 4 10
838,4535,0.050000000000000044,0.4667569100856781,0.0004215742810629308,0.0006872848607599735,0.9468888029651041,5,5,6,0.0,3 4 5 6 9 10
839,4538,0.050000000000000044,0.2662299871444702,0.00045272424661864835,0.0010413177078589797,0.8693554330789943,2,2,3,0.0,5 9 10
840,4542,0.050000000000000044,0.28711605072021484,0.000436127585999202,0.0003561797784641385,0.958056779700142,3,3,4,0.0,3 4 5 10
841,4546,0.050000000000000044,0.2624897360801697,0.0004671819115174003,0.0008646699134260416,0.9188100051901145,3,3,4,0.0,3 4 5 10
842,4551,0.050000000000000044,0.41591233015060425,0.00039038232644088565,0.0009755328064784408,0.9194864227960282,4,4,5,0.0,5 9 4 3 10
843,4555,0.050000000000000044,0.07672932744026184,0.0003587470928323455,0.0009904849575832486,0.8990747353126263,3,3,4,0.0,5 3 4 10
844,4560,0.050000000000000044,0.25992366671562195,0.000384790962561965,0.00035415354068391025,0.9582003313388042,4,4,5,0.0,1 4 3 5 10
845,4565,0.050000000000000044,0.25013235211372375,0.0005190361756831407,0.00023496562789659947,0.9604296457469818,4,4,5,0.0,1 4 3 5 10
846,4573,0.050000000000000044,0.5420248508453369,0.00044031791912857443,0.000333779607899487,0.9562008185810481,7,7,8,0.0,2 1 3 4 6 5 9 10
847,4577,0.050000000000000044,0.12612538039684296,0.0005068584068794735,0.0017454905901104212,0.8363535951437622,3,3,4,0.0,5 3 4 10
848,4580,0.050000000000000044,0.10219935327768326,0.0003981737633390973,0.0011428403668105602,0.90176088102029,2,2,3,0.0,1 7 10
849,4588,0.050000000000000044,0.5429849028587341,0.0003895839399774559,0.0005502243875525892,0.9324635983390488,7,7,8,0.0,2 1 9 4 3 6 5 10
850,4592,0.050000000000000044,0.12612538039684296,0.0005490973999258131,0.0017454905901104212,0.8363535951437622,3,3,4,0.0,5 3 4 10
851,4599,0.050000000000000044,0.4481036067008972,0.00042544562685569484,0.0003831103094853461,0.9529182614844988,6,6,7,0.0,5 9 3 7 8 4 10
852,4607,0.050000000000000044,0.3905227780342102,0.0003759083410841413,0.0009387961472384632,0.9045031549902932,7,7,8,0.0,2 5 8 4 3 9 1 10
853,4611,0.050000000000000044,0.5117753148078918,0.00035968433803645894,0.0008333476143889129,0.9475241621311723,3,3,4,0.0,5 3 4 10
854,4619,0.050000000000000044,0.5722639560699463,0.0004057534897583537,0.0007238480029627681,0.9448136808118128,7,7,8,0.0,2 1 9 4 3 6 5 10
855,4623,0.050000000000000044,0.06933696568012238,0.0006762510893167928,0.001283831661567092,0.861458354593032,3,3,4,0.0,5 3 4 10
856,4627,0.050000000000000044,0.10731006413698196,0.0004658105463022366,0.0013129606377333403,0.9179154419362064,3,3,4,0.0,5 3 4 10
857,4631,0.050000000000000044,0.12612539529800415,0.00038402532663894817,0.0017454905901104212,0.8363535951437622,3,3,4,0.0,4 5 3 10
858,4636,0.050000000000000044,0.46940457820892334,0.00039991910743992777,0.00042518676491454244,0.9504166062783969,4,4,5,0.0,3 4 5 8 10
859,4639,0.050000000000000044,0.09432541579008102,0.000369649613276124,0.0006179323536343873,0.8970643109182399,2,2,3,0.0,3 4 10
860,4645,0.050000000000000044,0.4583028554916382,0.0005010891327401623,0.000718301918823272,0.9433113441455946,5,5,6,0.0,5 3 1 8 4 10
861,4649,0.050000000000000044,0.29884210228919983,0.00032443920645164326,0.0010978968348354101,0.9150954425760172,3,3,4,0.0,5 3 4 10
862,4658,0.050000000000000044,0.45832863450050354,0.0004162647690261818,0.0005837412318214774,0.9277698023778504,8,8,9,0.0,2 1 9 4 5 3 6 8 10
863,4663,0.050000000000000044,0.062352150678634644,0.0004280510765966028,0.00037713354686275125,0.9311815979896062,4,4,5,0.0,5 3 1 4 10
864,4667,0.050000000000000044,0.22431716322898865,0.0003762439955607988,0.00039680927875451744,0.9629182144202176,3,3,4,0.0,4 3 5 10
865,4671,0.050000000000000044,0.2757476568222046,0.0003885371479555033,0.0008420562953688204,0.9279354690406892,3,3,4,0.0,4 3 5 10
866,4675,0.050000000000000044,0.2718748450279236,0.00034223888360429555,0.0006805580342188478,0.9332163441620599,3,3,4,0.0,3 4 5 10
867,4679,0.050000000000000044,0.11958125233650208,0.00045703921205131337,0.0007459187181666493,0.9416358080580742,3,3,4,0.0,5 3 4 10
868,4684,0.050000000000000044,0.0720701813697815,0.00037546613020822406,0.001268398598767817,0.9230119532902197,4,4,5,0.0,5 3 4 6 10
869,4688,0.050000000000000044,0.3090759813785553,0.0003057642243220471,0.0005270104738883674,0.9476480485780627,3,3,4,0.0,3 4 5 10
870,4696,0.050000000000000044,0.4335594177246094,0.0003501029314065818,0.0010059585329145193,0.8842324849913576,7,7,8,0.0,2 5 8 4 9 3 1 10
871,4700,0.050000000000000044,0.2767753005027771,0.0003786614761338569,0.00023578456602990627,0.9599719557392895,3,3,4,0.0,3 5 4 10
872,4704,0.050000000000000044,0.20271086692810059,0.00033297535264864564,0.0006925154593773186,0.9477242445052734,3,3,4,0.0,5 3 4 10
873,4708,0.050000000000000044,0.20271086692810059,0.0003472104872344062,0.0006925154593773186,0.9477242445052734,3,3,4,0.0,5 3 4 10
874,4712,0.050000000000000044,0.10731006413698196,0.0003040022565983236,0.0013129606377333403,0.9179154419362064,3,3,4,0.0,5 3 4 10
875,4716,0.050000000000000044,0.09524019807577133,0.0003362796051078476,0.0006769447354599833,0.9249889811281642,3,3,4,0.0,5 3 4 10
876,4720,0.050000000000000044,0.11958125233650208,0.00033652566344244406,0.0007459187181666493,0.9416358080580742,3,3,4,0.0,5 3 4 10
877,4723,0.050000000000000044,0.1057547777891159,0.0004139421507716179,0.0005714053986594081,0.9074884510812805,2,2,3,0.0,5 3 10
878,4727,0.050000000000000044,0.19187837839126587,0.00039981926238397136,0.0007125287083908916,0.9225120335356659,3,3,4,0.0,3 4 5 10
879,4733,0.050000000000000044,0.2124326527118683,0.0003563010589762901,0.0008308319374918938,0.9214337244541267,5,5,6,0.0,3 1 8 5 4 10
880,4737,0.050000000000000044,0.2624897360801697,0.0003500567108858377,0.0008646699134260416,0.9188100051901145,3,3,4,0.0,4 3 5 10
881,4741,0.050000000000000044,0.10731006413698196,0.00033506426552776247,0.0013129606377333403,0.9179154419362064,3,3,4,0.0,5 3 4 10
882,4745,0.050000000000000044,0.4690070152282715,0.00038358656456694007,0.0010031161364167929,0.903749635211645,3,3,4,0.0,2 5 8 10
883,4749,0.050000000000000044,0.3090759813785553,0.00043086141522508115,0.0005270104738883674,0.9476480485780627,3,3,4,0.0,4 3 5 10
884,4753,0.050000000000000044,0.12612539529800415,0.0005561074503930286,0.0017454905901104212,0.8363535951437622,3,3,4,0.0,4 5 3 10
885,4757,0.050000000000000044,0.2757476568222046,0.000678982789395377,0.0008420562953688204,0.9279354690406892,3,3,4,0.0,4 3 5 10
886,4766,0.050000000000000044,0.5264805555343628,0.00047561937956035964,0.0005368294660001993,0.9353582777357555,9,9,10,0.0,2 8 3 6 4 9 5 1 7
887,4770,0.050000000000000044,0.19187839329242706,0.0005174705656827427,0.0007125287083908916,0.9225120335356659,3,3,4,0.0,5 3 4 10
888,4778,0.050000000000000044,0.3856789767742157,0.00048148809946724214,0.0009493095567449927,0.9022876474647544,7,7,8,0.0,9 1 6 4 3 5 2 10
889,4787,0.050000000000000044,0.38445723056793213,0.00046230517263110314,0.0009240448125638068,0.9058347816416257,8,8,9,0.0,2 8 5 4 3 6 9 1 10
890,4792,0.050000000000000044,0.25013235211372375,0.0004477809183299541,0.00023496562789659947,0.9604296457469818,4,4,5,0.0,1 4 3 5 10
891,4796,0.050000000000000044,0.10751000791788101,0.0005401274029281922,0.0006972261471673846,0.9356720983698592,3,3,4,0.0,4 5 3 10
892,4805,0.050000000000000044,0.5062131285667419,0.00048193720350455906,0.0008757488103583455,0.9434277114195928,8,8,9,0.0,2 9 5 8 3 1 6 4 10
893,4814,0.050000000000000044,0.38299790024757385,0.00042698180509938136,0.0009321386460214853,0.9064327901258055,8,8,9,0.0,9 1 6 8 7 4 3 5 10
894,4819,0.050000000000000044,0.25992366671562195,0.0003813432820606977,0.00035415354068391025,0.9582003313388042,4,4,5,0.0,1 4 3 5 10
895,4825,0.050000000000000044,0.21243268251419067,0.00036540042007497203,0.0008308319374918938,0.9214337244541267,5,5,6,0.0,1 3 8 5 4 10
896,4829,0.050000000000000044,0.09524019807577133,0.0004336604615673423,0.0006769447354599833,0.9249889811281642,3,3,4,0.0,5 3 4 10
897,4835,0.050000000000000044,0.4690779447555542,0.00044553079836380977,0.0006750685861334205,0.9475926403377058,5,5,6,0.0,5 9 3 8 4 10
898,4843,0.050000000000000044,0.42858386039733887,0.0004306820083002094,0.0010233726352453232,0.8822546690153168,7,7,8,0.0,5 9 8 3 4 6 2 10
899,4850,0.050000000000000044,0.3491970896720886,0.00039066031708249023,0.001123726600781083,0.8983092957688994,6,6,7,0.0,5 9 3 2 6 4 10
900,4854,0.050000000000000044,0.1890897899866104,0.0003594001100282185,0.0008415174670517445,0.9271355705439832,3,3,4,0.0,4 3 5 10
901,4858,0.050000000000000044,0.16138248145580292,0.00034884306660387665,0.0011650301748886704,0.8867031143586219,3,3,4,0.0,3 5 4 10
902,4861,0.050000000000000044,0.1055641770362854,0.0004107158456463367,0.0005887477309443057,0.9096496218591751,2,2,3,0.0,7 8 10
903,4866,0.050000000000000044,0.4758046269416809,0.00042449396569281815,0.0003381504211574793,0.9664972652188379,4,4,5,0.0,3 4 5 9 10
904,4874,0.050000000000000044,0.5429849028587341,0.0004368928202893585,0.0005502243875525892,0.9324635983390488,7,7,8,0.0,3 4 5 9 6 1 2 10
905,4878,0.050000000000000044,0.06933696568012238,0.00041160787077387795,0.001283831661567092,0.861458354593032,3,3,4,0.0,5 3 4 10
906,4882,0.050000000000000044,0.18376979231834412,0.000487923294713255,0.0004041102947667241,0.9347659252167598,3,3,4,0.0,1 3 8 10
907,4888,0.050000000000000044,0.42741143703460693,0.0004092322487849742,0.0011080921394750476,0.9103538145208189,5,5,6,0.0,1 3 4 2 5 10
908,4892,0.050000000000000044,0.16138248145580292,0.00038728470826754346,0.0011650301748886704,0.8867031143586219,3,3,4,0.0,5 3 4 10
909,4899,0.050000000000000044,0.4706593155860901,0.0004246379955605205,0.0007760152802802622,0.9506763904117376,6,6,7,0.0,3 4 5 9 2 1 10
910,4903,0.050000000000000044,0.1247473657131195,0.00035556959483074024,0.001280350610613823,0.883502412556397,3,3,4,0.0,8 1 2 10
911,4912,0.050000000000000044,0.3844572603702545,0.0004046911684175332,0.0009240448125638068,0.9058347816416257,8,8,9,0.0,2 8 5 4 9 3 1 6 10
912,4919,0.050000000000000044,0.43795835971832275,0.00046161454104419263,0.000466429308289662,0.9518813480236584,6,6,7,0.0,3 1 4 6 8 5 10
913,4926,0.050000000000000044,0.44526129961013794,0.00035954384449204165,0.000333433534251526,0.9671887475886469,6,6,7,0.0,3 1 4 9 6 5 10
914,4930,0.050000000000000044,0.11958125233650208,0.00034853044053306803,0.0007459187181666493,0.9416358080580742,3,3,4,0.0,5 3 4 10
915,4934,0.050000000000000044,0.07672932744026184,0.00045330785360420123,0.0009904849575832486,0.8990747353126263,3,3,4,0.0,5 3 4 10
916,4938,0.050000000000000044,0.4777257740497589,0.0003815343661699444,0.0004470786079764366,0.9479181067696933,3,3,4,0.0,3 4 5 10
917,4947,0.050000000000000044,0.5351649522781372,0.00043869383646071784,0.0005414488259702921,0.9339400540359593,8,8,9,0.0,2 9 5 8 3 1 4 6 10
918,4952,0.050000000000000044,0.41591233015060425,0.00042847507866099476,0.0009755328064784408,0.9194864227960282,4,4,5,0.0,5 9 4 3 10
919,4960,0.050000000000000044,0.5167943239212036,0.0003697890024341177,0.0008776734466664493,0.9432336064841815,7,7,8,0.0,2 8 5 4 9 3 6 10
920,4965,0.050000000000000044,0.22496604919433594,0.00042673152638599275,0.0007590586901642382,0.9113621345048994,4,4,5,0.0,3 5 6 4 10
921,4969,0.050000000000000044,0.12612538039684296,0.00041300679004052654,0.0017454905901104212,0.8363535951437622,3,3,4,0.0,3 5 4 10
922,4974,0.050000000000000044,0.16639913618564606,0.0003987686010077596,0.00030146329663693905,0.956403461580611,4,4,5,0.0,5 3 6 4 10
923,4979,0.050000000000000044,0.2554064691066742,0.0003502030856907368,0.0007985481061041355,0.9318051968615914,4,4,5,0.0,5 3 6 4 10
924,4983,0.050000000000000044,0.10731006413698196,0.0003362468705745414,0.0013129606377333403,0.9179154419362064,3,3,4,0.0,5 4 3 10
925,4985,0.050000000000000044,0.22959282994270325,0.00039695261511951685,0.0012334322091192007,0.8686781760646245,1,1,2,0.0,5 10
926,4989,0.050000000000000044,0.1759030967950821,0.0004267774784239009,0.0009096288704313338,0.9269010189933953,3,3,4,0.0,5 3 4 10
927,4996,0.050000000000000044,0.4484218955039978,0.0003676677879411727,0.0003301372635178268,0.9681300379149838,6,6,7,0.0,8 3 6 5 7 4 10
928,5005,0.050000000000000044,0.38445723056793213,0.00048629062237321504,0.0009240448125638068,0.9058347816416257,8,8,9,0.0,8 3 6 9 1 2 4 5 10
929,5011,0.050000000000000044,0.46131056547164917,0.0004935946878201017,0.000713591929525137,0.9450598069235204,5,5,6,0.0,3 2 6 5 4 10
930,5016,0.050000000000000044,0.24756202101707458,0.0005106649186927825,0.0006706903805024922,0.9352929691001153,4,4,5,0.0,5 3 6 4 10
931,5022,0.050000000000000044,0.46202248334884644,0.0004208223787524427,0.00033421628177165985,0.9672849233418385,5,5,6,0.0,5 9 4 3 6 10
932,5027,0.050000000000000044,0.47412413358688354,0.0005312411987688393,0.0003525406355038285,0.9669716516675761,4,4,5,0.0,4 3 5 6 10
933,5032,0.050000000000000044,0.2858160734176636,0.000614701840095222,0.0005041981930844486,0.9497746528435264,4,4,5,0.0,5 3 6 4 10
934,5036,0.050000000000000044,0.16138248145580292,0.00046122993080643937,0.0011650301748886704,0.8867031143586219,3,3,4,0.0,5 3 4 10
935,5043,0.050000000000000044,0.3970007598400116,0.00048389619665353427,0.0009562653140164912,0.9042882701021029,6,6,7,0.0,5 7 8 6 3 4 10
936,5050,0.050000000000000044,0.5547482371330261,0.0004523025875511978,0.0005607438506558537,0.9349383981754466,6,6,7,0.0,5 9 8 3 4 6 10
937,5057,0.050000000000000044,0.5590946674346924,0.0004749424655788711,0.0006574311410076916,0.9369152338021434,6,6,7,0.0,3 1 4 2 9 5 10
938,5061,0.050000000000000044,0.1759030967950821,0.000494157153298147,0.0009096288704313338,0.9269010189933953,3,3,4,0.0,5 3 4 10
939,5066,0.050000000000000044,0.4753967821598053,0.0004362805862911046,0.0007237818208523095,0.9440221804926143,4,4,5,0.0,3 6 5 4 10
940,5070,0.050000000000000044,0.1890897899866104,0.00041632661304902285,0.0008415174670517445,0.9271355705439832,3,3,4,0.0,3 4 5 10
941,5075,0.050000000000000044,0.2554064691066742,0.0005100610025692732,0.0007985481061041355,0.9318051968615914,4,4,5,0.0,6 3 5 4 10
942,5083,0.050000000000000044,0.5431645512580872,0.0003828365952358581,0.0005584293976426125,0.9340901452512009,7,7,8,0.0,3 8 4 9 2 5 6 10
943,5089,0.050000000000000044,0.45420345664024353,0.0004467975328831623,0.0004647409659810364,0.951450263082485,5,5,6,0.0,5 9 3 6 4 10
944,5098,0.050000000000000044,0.4521242380142212,0.00043054331197506853,0.0005989361088722944,0.9262345023054572,8,8,9,0.0,3 4 5 6 9 1 2 7 10
945,5103,0.050000000000000044,0.24462014436721802,0.0004902292683254927,0.000679461401887238,0.9335591515944772,4,4,5,0.0,3 1 4 5 10
946,5107,0.050000000000000044,0.11428262293338776,0.0003846543804684188,0.0004913120064884424,0.9460985286517886,3,3,4,0.0,5 3 4 10
947,5114,0.050000000000000044,0.5669128894805908,0.00038097980099597147,0.0006269016885198653,0.939571281055633,6,6,7,0.0,3 1 4 6 7 5 10
948,5118,0.050000000000000044,0.11428262293338776,0.0004427713429322466,0.0004913120064884424,0.9460985286517886,3,3,4,0.0,5 3 4 10
949,5122,0.050000000000000044,0.2767753005027771,0.0004381450344226323,0.00023578456602990627,0.9599719557392895,3,3,4,0.0,5 3 4 10
950,5129,0.050000000000000044,0.5799628496170044,0.0004802670737262815,0.0007472724537365139,0.9443927089396895,6,6,7,0.0,2 5 8 6 4 3 10
951,5133,0.050000000000000044,0.09524019807577133,0.0004468177430680953,0.0006769447354599833,0.9249889811281642,3,3,4,0.0,5 3 4 10
952,5138,0.050000000000000044,0.06956376880407333,0.0004832563339732587,0.0006886467454023659,0.9364799934037376,4,4,5,0.0,5 3 4 2 10
953,5143,0.050000000000000044,0.22278699278831482,0.00048314257292076946,0.0007677990943193436,0.9100548340700895,4,4,5,0.0,1 4 3 5 10
954,5150,0.050000000000000044,0.20036080479621887,0.0005000462198430407,0.0002273729769513011,0.962346828720941,6,6,7,0.0,3 6 7 5 4 2 10
955,5154,0.050000000000000044,0.1890898048877716,0.0004832301056012511,0.0008415174670517445,0.9271355705439832,3,3,4,0.0,5 3 4 10
956,5159,0.050000000000000044,0.22367185354232788,0.0004228026606142521,0.0007629759493283927,0.9104639292915001,4,4,5,0.0,5 3 7 4 10
957,5163,0.050000000000000044,0.06753034144639969,0.0004269112687325105,0.0020754055585712194,0.8796904404823724,3,3,4,0.0,5 9 7 10
958,5168,0.050000000000000044,0.2646740972995758,0.0004077196586877108,0.0003394202794879675,0.9595537763819825,4,4,5,0.0,5 3 4 9 10
959,5173,0.050000000000000044,0.4753967523574829,0.0004198674752842635,0.0007237818208523095,0.9440221804926143,4,4,5,0.0,5 3 6 4 10
960,5180,0.050000000000000044,0.44526124000549316,0.0004186514000009213,0.000333433534251526,0.9671887475886469,6,6,7,0.0,3 6 5 1 4 9 10
961,5185,0.050000000000000044,0.4753967821598053,0.000339111196808517,0.0007237818208523095,0.9440221804926143,4,4,5,0.0,3 6 5 4 10
962,5189,0.050000000000000044,0.11428262293338776,0.0004461432254174724,0.0004913120064884424,0.9460985286517886,3,3,4,0.0,5 3 4 10
963,5193,0.050000000000000044,0.3090759515762329,0.0004036334648844786,0.0005270104738883674,0.9476480485780627,3,3,4,0.0,5 3 4 10
964,5197,0.050000000000000044,0.19460906088352203,0.0004442308927536942,0.00031904428033158183,0.9544529469061408,3,3,4,0.0,5 3 4 10
965,5201,0.050000000000000044,0.06933696568012238,0.0004171173568465747,0.001283831661567092,0.861458354593032,3,3,4,0.0,5 3 4 10
966,5204,0.050000000000000044,0.08941886574029922,0.0003478792981089403,0.0012216682080179453,0.8729719999783387,2,2,3,0.0,5 3 10
967,5208,0.050000000000000044,0.12612538039684296,0.0003712519865075592,0.0017454905901104212,0.8363535951437622,3,3,4,0.0,5 3 4 10
968,5210,0.050000000000000044,0.10797952115535736,0.00034801616857293993,0.000807669828645885,0.8913290838264681,1,1,2,0.0,5 10
969,5219,0.050000000000000044,0.4961155354976654,0.00039390249488254386,0.0008741158526390791,0.9440860008326991,9,9,10,0.0,3 4 5 6 9 1 2 7 8
970,5223,0.050000000000000044,0.10750999301671982,0.0004794871711055748,0.0006972261471673846,0.9356720983698592,3,3,4,0.0,5 3 4 10
971,5230,0.050000000000000044,0.3489220440387726,0.00042582635900803974,0.0011327833635732532,0.8988618140909533,6,6,7,0.0,3 6 8 5 2 4 10
972,5235,0.050000000000000044,0.22496604919433594,0.00034405428450554607,0.0007590586901642382,0.9113621345048994,4,4,5,0.0,6 3 5 4 10
973,5239,0.050000000000000044,0.48632511496543884,0.0003339121685712598,0.0007457327446900308,0.9416614441681702,3,3,4,0.0,3 4 5 10
974,5245,0.050000000000000044,0.23907087743282318,0.00039814665312102687,0.00032626272877678275,0.9594658340519022,5,5,6,0.0,6 3 5 4 1 10
975,5250,0.050000000000000044,0.2475619912147522,0.0004422008933033794,0.0006706903805024922,0.9352929691001153,4,4,5,0.0,6 3 5 4 10
976,5255,0.050000000000000044,0.2475619912147522,0.0007161473738960921,0.0006706903805024922,0.9352929691001153,4,4,5,0.0,6 3 5 4 10
977,5259,0.050000000000000044,0.19187839329242706,0.0006330844335025176,0.0007125287083908916,0.9225120335356659,3,3,4,0.0,4 5 3 10
978,5267,0.050000000000000044,0.45922014117240906,0.0006318337473203428,0.0006067308131605387,0.9246825350805071,7,7,8,0.0,4 8 3 9 2 6 5 10
979,5271,0.050000000000000044,0.1759030967950821,0.0006170716224005446,0.0009096288704313338,0.9269010189933953,3,3,4,0.0,3 4 5 10
980,5276,0.050000000000000044,0.17382702231407166,0.000535952253267169,0.0006527160294353962,0.949433034296977,4,4,5,0.0,5 3 7 4 10
981,5280,0.050000000000000044,0.1890898048877716,0.0005530154448933899,0.0008415174670517445,0.9271355705439832,3,3,4,0.0,5 3 4 10
982,5289,0.050000000000000044,0.5360296964645386,0.0005568521446548402,0.0003254128387197852,0.9577292435482481,8,8,9,0.0,8 3 4 9 1 6 5 7 10
983,5292,0.050000000000000044,0.07734066247940063,0.0005797806467550496,0.0011447758879512548,0.8801634373823258,2,2,3,0.0,1 7 10
984,5296,0.050000000000000044,0.07672932744026184,0.0004994455011910759,0.0009904849575832486,0.8990747353126263,3,3,4,0.0,5 3 4 10
985,5298,0.050000000000000044,0.08469037711620331,0.0005779908824479207,0.002074113581329584,0.813579655510421,1,1,2,0.0,5 10
986,5306,0.050000000000000044,0.546363115310669,0.0005327594699338078,0.0005510098417289555,0.9357224804760089,7,7,8,0.0,2 9 5 6 4 7 3 10
987,5311,0.050000000000000044,0.4670996367931366,0.00051875103963539,0.0004306805203668773,0.9496687146769692,4,4,5,0.0,3 4 6 5 10
988,5315,0.050000000000000044,0.16138248145580292,0.0005007414292776957,0.0011650301748886704,0.8867031143586219,3,3,4,0.0,4 5 3 10
989,5319,0.050000000000000044,0.2757476568222046,0.0005872219408047386,0.0008420562953688204,0.9279354690406892,3,3,4,0.0,5 3 4 10
990,5323,0.050000000000000044,0.20271086692810059,0.000484036143461708,0.0006925154593773186,0.9477242445052734,3,3,4,0.0,5 3 4 10
991,5327,0.050000000000000044,0.28711608052253723,0.00048078341205837205,0.0003561797784641385,0.958056779700142,3,3,4,0.0,5 3 4 10
992,5332,0.050000000000000044,0.28253376483917236,0.0005147390824276954,0.0005198856233619153,0.9481364631057494,4,4,5,0.0,2 5 4 3 10
993,5340,0.050000000000000044,0.4263007342815399,0.00043269192246953025,0.0004484569653868675,0.9529941670428275,7,7,8,0.0,8 3 4 9 1 6 5 10
994,5349,0.050000000000000044,0.3848964273929596,0.00047104608772012096,0.0009265134576708078,0.9069147171733921,8,8,9,0.0,8 3 4 9 1 7 5 2 10
995,5355,0.050000000000000044,0.46360835433006287,0.0004199416483364378,0.0003847168991342187,0.9524195111145163,5,5,6,0.0,8 3 4 9 5 10
996,5358,0.050000000000000044,0.11195927113294601,0.0005087283886192987,0.0013545923866331577,0.9033599740844419,2,2,3,0.0,8 7 10
997,5362,0.050000000000000044,0.09524019807577133,0.0005307203537086025,0.0006769447354599833,0.9249889811281642,3,3,4,0.0,5 3 4 10
998,5367,0.050000000000000044,0.44592055678367615,0.0004954732081387192,0.0010930874850600958,0.9109251534435611,4,4,5,0.0,8 3 4 5 10
999,5371,0.050000000000000044,0.12612538039684296,0.00043198200000915676,0.0017454905901104212,0.8363535951437622,3,3,4,0.0,5 3 4 10
1000,5378,0.050000000000000044,0.4396527409553528,0.000424243717653943,0.00046134600415825844,0.9523627614684395,6,6,7,0.0,5 6 4 9 7 3 10
1001,5384,0.050000000000000044,0.43583622574806213,0.0004111917078262195,0.0010583109688013792,0.9143119983897765,5,5,6,0.0,8 5 9 3 4 10
1002,5388,0.050000000000000044,0.22431716322898865,0.0005143211019458249,0.00039680927875451744,0.9629182144202176,3,3,4,0.0,5 3 4 10
1003,5395,0.050000000000000044,0.4394947290420532,0.000438323722586834,0.001024157158099115,0.882194752766176,6,6,7,0.0,8 5 9 4 6 3 10
1004,5398,0.050000000000000044,0.06988902390003204,0.000527987644697229,0.0016929191770032048,0.812152810952893,2,2,3,0.0,4 3 10
1005,5401,0.050000000000000044,0.11433081328868866,0.0005181947102149328,0.0013132988242432475,0.9046269025161916,2,2,3,0.0,5 3 10
1006,5410,0.050000000000000044,0.3821580708026886,0.00046459459958391055,0.0009314047056250274,0.9053918365012593,8,8,9,0.0,6 4 3 5 1 7 9 2 10
1007,5419,0.050000000000000044,0.5058102607727051,0.00042710713589460484,0.00088233791757375,0.9439990619833135,8,8,9,0.0,9 5 4 6 7 1 3 8 10
1008,5423,0.050000000000000044,0.2624897360801697,0.0004412558992044069,0.0008646699134260416,0.9188100051901145,3,3,4,0.0,3 4 5 10
1009,5430,0.050000000000000044,0.44597047567367554,0.0005512074401069965,0.000698526855558157,0.9448541595238426,6,6,7,0.0,8 3 4 1 6 5 10
1010,5434,0.050000000000000044,0.1759030967950821,0.00040471127431374043,0.0009096288704313338,0.9269010189933953,3,3,4,0.0,4 3 5 10
1011,5438,0.050000000000000044,0.1890898048877716,0.0004705405081040226,0.0008415174670517445,0.9271355705439832,3,3,4,0.0,4 5 3 10
1012,5445,0.050000000000000044,0.43795841932296753,0.0004209269702966724,0.000466429308289662,0.9518813480236584,6,6,7,0.0,8 3 4 1 6 5 10
1013,5448,0.050000000000000044,0.11533927172422409,0.0004949407302774489,0.0019521486246958375,0.89125137407594,2,2,3,0.0,8 7 10
1014,5451,0.050000000000000044,0.10182824730873108,0.000380446823934714,0.0010964535176753998,0.8968866375251701,2,2,3,0.0,8 7 10
1015,5456,0.050000000000000044,0.24886831641197205,0.000358231773134321,0.000837070110719651,0.9284224099835091,4,4,5,0.0,1 4 5 3 10
1016,5460,0.050000000000000044,0.19460906088352203,0.0003852445661323145,0.00031904428033158183,0.9544529469061408,3,3,4,0.0,5 3 4 10
1017,5467,0.050000000000000044,0.35208451747894287,0.00046030090639500746,0.0011156614637002349,0.8998934802611432,6,6,7,0.0,8 3 4 6 9 5 10
1018,5475,0.050000000000000044,0.39185261726379395,0.00041482461892883293,0.0009367419988848269,0.9053251973744239,7,7,8,0.0,8 3 4 6 1 5 9 10
1019,5479,0.050000000000000044,0.28711608052253723,0.0004990047964383848,0.0003561797784641385,0.958056779700142,3,3,4,0.0,5 3 4 10
1020,5487,0.050000000000000044,0.4377889633178711,0.0005053849927207921,0.000991881126537919,0.8860845962599114,7,7,8,0.0,8 3 4 6 7 1 5 10
1021,5490,0.050000000000000044,0.11433081328868866,0.0004409273193838696,0.0013132988242432475,0.9046269025161916,2,2,3,0.0,5 3 10
1022,5498,0.050000000000000044,0.5464503765106201,0.0004393070666992571,0.00032796442974358797,0.9578883394014254,7,7,8,0.0,7 8 4 6 3 1 5 10
1023,5504,0.050000000000000044,0.4845993220806122,0.00064386437588837,0.000801010406576097,0.9501415679804919,5,5,6,0.0,8 3 4 6 5 10
1024,5509,0.050000000000000044,0.25992366671562195,0.0005492345488164573,0.00035415354068391025,0.9582003313388042,4,4,5,0.0,1 4 5 3 10
1025,5517,0.050000000000000044,0.4647257924079895,0.000636965920421062,0.0005936247180216014,0.9261483478135076,7,7,8,0.0,8 3 4 1 2 5 9 10
1026,5520,0.050000000000000044,0.09331946820020676,0.0005479356817280253,0.0012118563754484057,0.8930701623525688,2,2,3,0.0,2 8 10
1027,5525,0.050000000000000044,0.249868243932724,0.0005960431473795325,0.00023457463248632848,0.9602524111319807,4,4,5,0.0,2 5 4 3 10
1028,5532,0.050000000000000044,0.5278801321983337,0.0006111432490537741,0.0008776813629083335,0.9432125974194048,6,6,7,0.0,2 5 8 4 9 3 10
1029,5540,0.050000000000000044,0.5560384392738342,0.0005076022462162655,0.0006269581499509513,0.9398179952405153,7,7,8,0.0,4 3 1 6 8 5 9 10
1030,5547,0.050000000000000044,0.4428696036338806,0.0005281542960022177,0.001010315609164536,0.8830585666842466,6,6,7,0.0,8 3 4 1 6 5 10
1031,5555,0.050000000000000044,0.3905228078365326,0.000571809614484664,0.0009387961472384632,0.9045031549902932,7,7,8,0.0,8 3 4 9 1 2 5 10
1032,5560,0.050000000000000044,0.41388314962387085,0.0004715836374089122,0.000988149200566113,0.9190044138540694,4,4,5,0.0,6 3 4 5 10
1033,5566,0.050000000000000044,0.4908832907676697,0.0005738543307719132,0.0007635295623913407,0.9525509322511738,5,5,6,0.0,8 3 4 9 5 10
1034,5570,0.050000000000000044,0.2718748152256012,0.0004945625405525789,0.0006805580342188478,0.9332163441620599,3,3,4,0.0,5 3 4 10
1035,5573,0.050000000000000044,0.08941886574029922,0.00042410064876700443,0.0012216682080179453,0.8729719999783387,2,2,3,0.0,5 3 10
1036,5578,0.050000000000000044,0.23507246375083923,0.0005170298041775823,0.0008616394479759037,0.9189084983396474,4,4,5,0.0,2 5 4 3 10
1037,5582,0.050000000000000044,0.19460906088352203,0.0005774460587417707,0.00031904428033158183,0.9544529469061408,3,3,4,0.0,5 3 4 10
1038,5587,0.050000000000000044,0.249868243932724,0.00044155227369628846,0.00023457463248632848,0.9602524111319807,4,4,5,0.0,2 4 3 5 10
1039,5591,0.050000000000000044,0.10751000046730042,0.00048296265595126897,0.0006972261471673846,0.9356720983698592,3,3,4,0.0,4 3 5 10
1040,5600,0.050000000000000044,0.5353937745094299,0.00045133416359830234,0.0003234610194340348,0.9567708424630261,8,8,9,0.0,8 3 4 1 2 9 6 5 10
1041,5604,0.050000000000000044,0.1890898048877716,0.0004080830403836444,0.0008415174670517445,0.9271355705439832,3,3,4,0.0,4 5 3 10
1042,5608,0.050000000000000044,0.11958125978708267,0.000585398927796632,0.0007459187181666493,0.9416358080580742,3,3,4,0.0,4 3 5 10
1043,5612,0.050000000000000044,0.4840017557144165,0.0004388402448967099,0.00036596995778381824,0.9654395427027724,3,3,4,0.0,4 3 5 10
1044,5616,0.050000000000000044,0.2757476568222046,0.0005197170030442066,0.0008420562953688204,0.9279354690406892,3,3,4,0.0,4 3 5 10
1045,5621,0.050000000000000044,0.25013235211372375,0.00048574088141322135,0.00023496562789659947,0.9604296457469818,4,4,5,0.0,3 5 4 1 10
1046,5624,0.050000000000000044,0.09444060176610947,0.00039664882933720946,0.0009750102180987597,0.8904179491403909,2,2,3,0.0,4 3 10
1047,5633,0.050000000000000044,0.45832863450050354,0.00039762322881465987,0.0005837412318214774,0.9277698023778504,8,8,9,0.0,8 3 1 2 4 9 6 5 10
1048,5641,0.050000000000000044,0.5403874516487122,0.0004344032895460259,0.0005836102063767612,0.936008738874326,7,7,8,0.0,8 5 2 4 1 3 7 10
1049,5647,0.050000000000000044,0.46027570962905884,0.00045634361837680143,0.0007172896875999868,0.944614465469129,5,5,6,0.0,8 3 4 6 5 10
1050,5652,0.050000000000000044,0.2653455138206482,0.0004183418059255928,0.0003361274139024317,0.9596115387045955,4,4,5,0.0,3 4 5 7 10
1051,5658,0.050000000000000044,0.36510366201400757,0.0004638183017959818,0.0011368700070306659,0.8988275140895997,5,5,6,0.0,8 6 3 4 5 10
1052,5663,0.050000000000000044,0.4670996367931366,0.0004738613381050527,0.0004306805203668773,0.9496687146769692,4,4,5,0.0,6 3 4 5 10
1053,5667,0.050000000000000044,0.20271086692810059,0.0003841783254756592,0.0006925154593773186,0.9477242445052734,3,3,4,0.0,5 3 4 10
1054,5671,0.050000000000000044,0.0806933045387268,0.0005262043050606735,0.0017629207577556372,0.8885672084442323,3,3,4,0.0,5 3 6 10
1055,5679,0.050000000000000044,0.43610912561416626,0.00041646379031590186,0.0009994821157306433,0.885822034114252,7,7,8,0.0,8 7 9 2 4 3 5 10
1056,5683,0.050000000000000044,0.22431716322898865,0.00043631310836644843,0.00039680927875451744,0.9629182144202176,3,3,4,0.0,4 5 3 10
1057,5687,0.050000000000000044,0.22431716322898865,0.0003970154793933034,0.00039680927875451744,0.9629182144202176,3,3,4,0.0,4 5 3 10
1058,5691,0.050000000000000044,0.2497241497039795,0.00043555661250138655,0.0007711935322731733,0.90955268573924,3,3,4,0.0,4 5 3 10
1059,5692,0.050000000000000044,0.0,0.0006056564161553979,0.0027319309301674366,0.7100972338013715,0,0,1,0.0,10
1060,5700,0.050000000000000044,0.4335594177246094,0.0004654296935768798,0.0010059585329145193,0.8842324849913576,7,7,8,0.0,8 3 4 1 9 2 5 10
1061,5706,0.050000000000000044,0.2593889534473419,0.0004358682732951517,0.000499870628118515,0.9506724909142847,5,5,6,0.0,3 9 5 2 4 10
1062,5710,0.050000000000000044,0.22431716322898865,0.0004945343680446967,0.00039680927875451744,0.9629182144202176,3,3,4,0.0,4 5 3 10
1063,5715,0.050000000000000044,0.44592055678367615,0.00041120268870145085,0.0010930874850600958,0.9109251534435611,4,4,5,0.0,8 3 4 5 10
1064,5718,0.050000000000000044,0.10991331189870834,0.00040221128923197586,0.0008190380176529288,0.9144812475327363,2,2,3,0.0,8 7 10
1065,5722,0.050000000000000044,0.3090759515762329,0.00035417272010818124,0.0005270104738883674,0.9476480485780627,3,3,4,0.0,5 3 4 10
1066,5727,0.050000000000000044,0.15624307096004486,0.00046710523311048745,0.0008366544498130679,0.9273538200027452,4,4,5,0.0,4 1 3 5 10
1067,5733,0.050000000000000044,0.46025753021240234,0.00043155930567688,0.0003369564947206527,0.9668286804743244,5,5,6,0.0,4 3 5 1 9 10
1068,5736,0.050000000000000044,0.08369344472885132,0.000484893680550158,0.0015465832548215985,0.830022977848895,2,2,3,0.0,8 7 10
1069,5742,0.050000000000000044,0.21440435945987701,0.00040923045889940113,0.0008237609872594476,0.9228331440623393,5,5,6,0.0,9 5 3 4 6 10
1070,5748,0.050000000000000044,0.25035881996154785,0.0004777045057077582,0.0010330337099730968,0.9202696497282999,5,5,6,0.0,1 5 3 4 7 10
1071,5755,0.050000000000000044,0.4376704692840576,0.000683703414064699,0.001029354170896113,0.8811900093442762,6,6,7,0.0,8 5 2 1 4 3 10
1072,5761,0.050000000000000044,0.434037983417511,0.0006326326886968067,0.0010692942887544632,0.9134927398384539,5,5,6,0.0,8 6 3 5 4 10
1073,5764,0.050000000000000044,0.1055641770362854,0.0005553608352784067,0.0005887477309443057,0.9096496218591751,2,2,3,0.0,8 7 10
1074,5770,0.050000000000000044,0.4005128741264343,0.0005973475441957513,0.0009764599381014705,0.9204629983190408,5,5,6,0.0,5 6 3 7 4 10
1075,5774,0.050000000000000044,0.20108984410762787,0.0005139943677932024,0.0005039464449509978,0.9504095853154639,3,3,4,0.0,7 4 5 10
1076,5778,0.050000000000000044,0.1890898048877716,0.000500141191878356,0.0008415174670517445,0.9271355705439832,3,3,4,0.0,4 5 3 10
1077,5786,0.050000000000000044,0.5420248508453369,0.0005015785864088684,0.000333779607899487,0.9562008185810481,7,7,8,0.0,5 3 1 4 6 9 2 10
1078,5789,0.050000000000000044,0.10795970261096954,0.0005033491179347038,0.0013966085389256477,0.8993793403581405,2,2,3,0.0,4 3 10
1079,5794,0.050000000000000044,0.380248486995697,0.0004620100895408541,0.0011420061346143484,0.8980676753803042,4,4,5,0.0,5 3 8 4 10
1080,5798,0.050000000000000044,0.12612539529800415,0.0004128352375118993,0.0017454905901104212,0.8363535951437622,3,3,4,0.0,3 4 5 10
1081,5802,0.050000000000000044,0.1759030967950821,0.0004621573170879856,0.0009096288704313338,0.9269010189933953,3,3,4,0.0,4 3 5 10
1082,5806,0.050000000000000044,0.1890898048877716,0.0005023084886488505,0.0008415174670517445,0.9271355705439832,3,3,4,0.0,4 5 3 10
1083,5812,0.050000000000000044,0.4554467499256134,0.0005228740677315121,0.0004645783919841051,0.9521795620568159,5,5,6,0.0,5 3 6 7 4 10
1084,5817,0.050000000000000044,0.25014904141426086,0.0005786641442682594,0.0008325366070494056,0.9293014432318004,4,4,5,0.0,7 3 4 5 10
1085,5821,0.050000000000000044,0.48632511496543884,0.0005390186706790701,0.0007457327446900308,0.9416614441681702,3,3,4,0.0,4 3 5 10
1086,5824,0.050000000000000044,0.08024413138628006,0.0003807494746676336,0.001092271413654089,0.8792466907568196,2,2,3,0.0,4 9 10
1087,5829,0.050000000000000044,0.4704706370830536,0.0005003838450647891,0.0007426905212923884,0.9420004344936217,4,4,5,0.0,5 3 1 4 10
1088,5833,0.050000000000000044,0.22431716322898865,0.0004377644436317496,0.00039680927875451744,0.9629182144202176,3,3,4,0.0,3 4 5 10
1089,5840,0.050000000000000044,0.4653378427028656,0.0005138712585903704,0.0006184247322380543,0.9233003099948416,6,6,7,0.0,5 3 1 4 6 9 10
1090,5845,0.050000000000000044,0.4963303804397583,0.0004283685469999909,0.0008269546087831259,0.9480448516349305,4,4,5,0.0,5 3 1 4 10
1091,5849,0.050000000000000044,0.12612539529800415,0.0006000307184876874,0.0017454905901104212,0.8363535951437622,3,3,4,0.0,4 3 5 10
1092,5853,0.050000000000000044,0.29884207248687744,0.00041687458724481985,0.0010978968348354101,0.9150954425760172,3,3,4,0.0,4 3 5 10
1093,5859,0.050000000000000044,0.4681139886379242,0.0004773362840448196,0.0006834827945567667,0.9475515836165436,5,5,6,0.0,5 3 6 7 4 10
1094,5863,0.050000000000000044,0.1759030967950821,0.0005763217486673966,0.0009096288704313338,0.9269010189933953,3,3,4,0.0,4 3 5 10
1095,5867,0.050000000000000044,0.2767753005027771,0.0004907630136585794,0.00023578456602990627,0.9599719557392895,3,3,4,0.0,3 5 4 10
1096,5873,0.050000000000000044,0.3975455164909363,0.0004851928436740612,0.0009837745456025004,0.9189038903017248,5,5,6,0.0,5 3 1 8 4 10
1097,5876,0.050000000000000044,0.10400790721178055,0.0004306384071242064,0.0010962063679471612,0.9005482393393335,2,2,3,0.0,4 3 10
1098,5879,0.050000000000000044,0.08207624405622482,0.0004554418070862691,0.0013121133670210838,0.8683787493409498,2,2,3,0.0,4 3 10
1099,5883,0.050000000000000044,0.19187839329242706,0.00042448663589311764,0.0007125287083908916,0.9225120335356659,3,3,4,0.0,4 3 5 10
1100,5887,0.050000000000000044,0.09714452922344208,0.0004151673711021431,0.0010443173814564943,0.9234904493875226,3,3,4,0.0,4 3 1 10
1101,5891,0.050000000000000044,0.07672931253910065,0.0004076343684573658,0.0009904849575832486,0.8990747353126263,3,3,4,0.0,4 3 5 10
1102,5899,0.050000000000000044,0.5464503765106201,0.00043719627501559444,0.00032796442974358797,0.9578883394014254,7,7,8,0.0,3 5 1 8 6 4 7 10
1103,5905,0.050000000000000044,0.4009093940258026,0.0004179934912826866,0.0009625114034861326,0.919676198722633,5,5,6,0.0,2 5 4 3 9 10
1104,5911,0.050000000000000044,0.4005128741264343,0.0004587892908602953,0.0009764599381014705,0.9204629983190408,5,5,6,0.0,5 3 6 7 4 10
1105,5917,0.050000000000000044,0.48769089579582214,0.0004575837277419244,0.0007804555352777243,0.9512032343785629,5,5,6,0.0,5 3 6 7 4 10
1106,5924,0.050000000000000044,0.4608302116394043,0.00041172999356474193,0.0006277486099861562,0.9217150235608415,6,6,7,0.0,3 5 1 4 7 9 10
1107,5927,0.050000000000000044,0.09432540833950043,0.00047852447217640776,0.0006179323536343873,0.8970643109182399,2,2,3,0.0,4 3 10
1108,5930,0.050000000000000044,0.08207624405622482,0.0005044809950049967,0.0013121133670210838,0.8683787493409498,2,2,3,0.0,4 3 10
1109,5935,0.050000000000000044,0.451396107673645,0.00040918466402217746,0.0010568037396296859,0.8772741001759358,4,4,5,0.0,3 6 5 4 10
1110,5943,0.050000000000000044,0.4369105398654938,0.0004420194491103757,0.0009937508730217814,0.8854519092299566,7,7,8,0.0,3 5 1 4 6 9 8 10
1111,5947,0.050000000000000044,0.10751000046730042,0.00045640474127139896,0.0006972261471673846,0.9356720983698592,3,3,4,0.0,4 3 5 10
1112,5952,0.050000000000000044,0.06886999309062958,0.00038801628397777677,0.0013092992594465613,0.918656335362066,4,4,5,0.0,4 3 5 2 10
1113,5958,0.050000000000000044,0.46027570962905884,0.0003975973280224328,0.0007172896875999868,0.944614465469129,5,5,6,0.0,5 3 6 8 4 10
1114,5963,0.050000000000000044,0.22496604919433594,0.00040699345991015436,0.0007590586901642382,0.9113621345048994,4,4,5,0.0,6 3 5 4 10
1115,5967,0.050000000000000044,0.10731006413698196,0.0003078418303630315,0.0013129606377333403,0.9179154419362064,3,3,4,0.0,4 5 3 10
1116,5972,0.050000000000000044,0.5827379822731018,0.00038842279464006423,0.0006546202348545194,0.937862343988719,4,4,5,0.0,3 5 4 6 10
1117,5976,0.050000000000000044,0.11958125978708267,0.0004051199139212258,0.0007459187181666493,0.9416358080580742,3,3,4,0.0,4 3 5 10
1118,5981,0.050000000000000044,0.41388314962387085,0.00034362199949100614,0.000988149200566113,0.9190044138540694,4,4,5,0.0,5 3 6 4 10
1119,5990,0.050000000000000044,0.3792897164821625,0.00039895195125912625,0.0009104710770770907,0.9083804065775786,9,9,10,0.0,2 5 6 4 9 7 1 3 8
1120,5996,0.050000000000000044,0.4681139886379242,0.00038268702337518334,0.0006834827945567667,0.9475515836165436,5,5,6,0.0,5 3 6 7 4 10
1121,6001,0.050000000000000044,0.25992366671562195,0.0005151196499355137,0.00035415354068391025,0.9582003313388042,4,4,5,0.0,1 4 3 5 10
1122,6005,0.050000000000000044,0.20271086692810059,0.0007393621926894411,0.0006925154593773186,0.9477242445052734,3,3,4,0.0,4 3 5 10
1123,6010,0.050000000000000044,0.28169751167297363,0.0006304835085757076,0.0005257511511445045,0.9479156269755006,4,4,5,0.0,1 4 3 5 10
1124,6016,0.050000000000000044,0.45125654339790344,0.0007750086272911479,0.00042749865679070354,0.9498083392306542,5,5,6,0.0,5 3 6 1 4 10
1125,6021,0.050000000000000044,0.47412410378456116,0.0005673789943102747,0.0003525406355038285,0.9669716516675761,4,4,5,0.0,5 3 6 4 10
1126,6030,0.050000000000000044,0.5356799364089966,0.0006129049062211481,0.000327766319969669,0.9580823810290496,8,8,9,0.0,5 6 3 4 9 8 2 7 10
1127,6034,0.050000000000000044,0.11958125978708267,0.0007071456348057836,0.0007459187181666493,0.9416358080580742,3,3,4,0.0,4 3 5 10
1128,6037,0.050000000000000044,0.06229931116104126,0.0004552497121039778,0.0015134455170482397,0.8515208236935164,2,2,3,0.0,8 2 10
1129,6041,0.050000000000000044,0.1641618311405182,0.0006902251843712293,0.0009789157193154097,0.9187137722331193,3,3,4,0.0,7 4 5 10
1130,6045,0.050000000000000044,0.24972417950630188,0.0005673541163560003,0.0007711935322731733,0.90955268573924,3,3,4,0.0,3 4 5 10
1131,6052,0.050000000000000044,0.3990541696548462,0.0006230991649707514,0.00094767747214064,0.9041663384182417,6,6,7,0.0,4 8 3 9 5 1 10
1132,6061,0.050000000000000044,0.5464796423912048,0.0005634873879090366,0.0006200803909450769,0.9402069508072596,8,8,9,0.0,5 6 3 8 9 4 1 7 10
1133,6065,0.050000000000000044,0.2718748152256012,0.0006501094758277759,0.0006805580342188478,0.9332163441620599,3,3,4,0.0,3 5 4 10
1134,6068,0.050000000000000044,0.08369344472885132,0.0006827243681376179,0.0015465832548215985,0.830022977848895,2,2,3,0.0,8 7 10
1135,6071,0.050000000000000044,0.10991331189870834,0.0005168283241800964,0.0008190380176529288,0.9144812475327363,2,2,3,0.0,8 7 10
1136,6076,0.050000000000000044,0.19150923192501068,0.00045775349717587234,0.00039425771683454514,0.9631912887326745,4,4,5,0.0,4 3 1 5 10
1137,6080,0.050000000000000044,0.09524019807577133,0.0004085444088559598,0.0006769447354599833,0.9249889811281642,3,3,4,0.0,4 3 5 10
1138,6084,0.050000000000000044,0.2624897360801697,0.0005862535545020364,0.0008646699134260416,0.9188100051901145,3,3,4,0.0,4 3 5 10
1139,6087,0.050000000000000044,0.10808873176574707,0.0005522863357327878,0.0014383707894012332,0.9023859251321567,2,2,3,0.0,4 8 10
1140,6095,0.050000000000000044,0.5459691286087036,0.0004784075244970154,0.00032627832842990756,0.9571093742544103,7,7,8,0.0,3 5 6 8 9 4 1 10
1141,6098,0.050000000000000044,0.10531896352767944,0.0005042584962211549,0.0008767488761804998,0.8980344750173168,2,2,3,0.0,8 2 10
1142,6102,0.050000000000000044,0.22431716322898865,0.00043654221371980384,0.00039680927875451744,0.9629182144202176,3,3,4,0.0,4 3 5 10
1143,6105,0.050000000000000044,0.10041698068380356,0.00033792014194962877,0.0009309060405939817,0.8957111837783126,2,2,3,0.0,8 7 10
1144,6113,0.050000000000000044,0.39185258746147156,0.0004330471783760004,0.0009367419988848269,0.9053251973744239,7,7,8,0.0,5 6 3 8 9 4 1 10
1145,6116,0.050000000000000044,0.10041698068380356,0.0004534611168007056,0.0009309060405939817,0.8957111837783126,2,2,3,0.0,8 7 10
1146,6119,0.050000000000000044,0.09108235687017441,0.00042168059735558927,0.0012427582405507565,0.8784250103902873,2,2,3,0.0,8 7 10
1147,6122,0.050000000000000044,0.10991331189870834,0.0004271477034005026,0.0008190380176529288,0.9144812475327363,2,2,3,0.0,8 7 10
1148,6125,0.050000000000000044,0.1949578821659088,0.0005988194704211006,0.0009755315259099007,0.9248553430141082,2,2,3,0.0,8 7 10
1149,6128,0.050000000000000044,0.10041698068380356,0.000520400470122695,0.0009309060405939817,0.8957111837783126,2,2,3,0.0,8 7 10
1150,6133,0.050000000000000044,0.1310783177614212,0.00040691582253202794,0.0011355584720149636,0.8887895109678987,4,4,5,0.0,3 4 5 7 10
1151,6140,0.050000000000000044,0.5517078042030334,0.0004714127945979791,0.0003393299411982298,0.956599791431257,6,6,7,0.0,5 6 3 4 9 1 10
1152,6143,0.050000000000000044,0.18629786372184753,0.00047037988163841266,0.0010507944971323013,0.9213450068384231,2,2,3,0.0,4 3 10
1153,6152,0.050000000000000044,0.38445723056793213,0.0004888460162975308,0.0009240448125638068,0.9058347816416257,8,8,9,0.0,5 6 4 9 8 3 2 1 10
1154,6156,0.050000000000000044,0.09524019807577133,0.000472161773359403,0.0006769447354599833,0.9249889811281642,3,3,4,0.0,4 3 5 10
1155,6164,0.050000000000000044,0.5467433333396912,0.0005184534693398746,0.0005467552691698074,0.9353161359407388,7,7,8,0.0,5 6 4 9 8 3 1 10
1156,6168,0.050000000000000044,0.28711605072021484,0.0005194158657104708,0.0003561797784641385,0.958056779700142,3,3,4,0.0,3 4 5 10
1157,6174,0.050000000000000044,0.4585285484790802,0.0004588375983682151,0.0003360679547768086,0.9661060972548977,5,5,6,0.0,2 5 4 3 9 10
1158,6178,0.050000000000000044,0.11958125978708267,0.0004934093522024341,0.0007459187181666493,0.9416358080580742,3,3,4,0.0,4 3 5 10
1159,6185,0.050000000000000044,0.5282978415489197,0.0004932110522141946,0.0008835185435600579,0.9443969112709076,6,6,7,0.0,5 6 3 8 9 4 10
1160,6193,0.050000000000000044,0.5167942643165588,0.0004568791773635894,0.0008776734466664493,0.9432336064841815,7,7,8,0.0,5 6 3 4 9 8 2 10
1161,6198,0.050000000000000044,0.25316122174263,0.00047517254133708773,0.0002313007425982505,0.9614714203794419,4,4,5,0.0,6 3 4 5 10
1162,6202,0.050000000000000044,0.12926886975765228,0.00047918924246914685,0.0014638816937804222,0.8632651994826536,3,3,4,0.0,4 1 3 10
1163,6205,0.050000000000000044,0.08207624405622482,0.00038348989134343964,0.0013121133670210838,0.8683787493409498,2,2,3,0.0,4 3 10
1164,6209,0.050000000000000044,0.16170625388622284,0.000418562616687268,0.0009943825425580144,0.9265299329576254,3,3,4,0.0,4 1 3 10
1165,6217,0.050000000000000044,0.4645264148712158,0.00043215061305090785,0.0005952221108600497,0.9264027910942697,7,7,8,0.0,5 6 3 8 9 4 1 10
1166,6224,0.050000000000000044,0.38784027099609375,0.0004146767231369657,0.0009513080585747957,0.9213872625094957,6,6,7,0.0,5 3 2 9 4 8 10
1167,6229,0.050000000000000044,0.2710724472999573,0.00046066539362072946,0.001095649553462863,0.9149382270332183,4,4,5,0.0,1 4 3 5 10
1168,6237,0.050000000000000044,0.5177798867225647,0.0005168118732399307,0.0008758706972002983,0.9438436606480307,7,7,8,0.0,2 8 9 5 7 3 4 10
1169,6245,0.050000000000000044,0.5429455637931824,0.00044646385867963545,0.0003327244194224477,0.9565916344718333,7,7,8,0.0,9 2 5 3 6 4 8 10
1170,6249,0.050000000000000044,0.10751000046730042,0.00041491418960504234,0.0006972261471673846,0.9356720983698592,3,3,4,0.0,4 3 5 10
1171,6253,0.050000000000000044,0.2718748152256012,0.0008643232577014714,0.0006805580342188478,0.9332163441620599,3,3,4,0.0,3 5 4 10
1172,6257,0.050000000000000044,0.11428261548280716,0.0008088017639238387,0.0004913120064884424,0.9460985286517886,3,3,4,0.0,4 3 5 10
1173,6262,0.050000000000000044,0.1939990222454071,0.0007609272724948823,0.00038396441959775984,0.9646238789724255,4,4,5,0.0,4 5 6 3 10
1174,6270,0.050000000000000044,0.5177798271179199,0.0007510548894060776,0.0008758706972002983,0.9438436606480307,7,7,8,0.0,9 5 3 8 7 2 4 10
1175,6277,0.050000000000000044,0.5614977478981018,0.0006936824481402125,0.0006494539557024837,0.9379701815660728,6,6,7,0.0,9 5 3 2 4 8 10
1176,6282,0.050000000000000044,0.2710724472999573,0.0006122780730947852,0.001095649553462863,0.9149382270332183,4,4,5,0.0,1 5 3 4 10
1177,6288,0.050000000000000044,0.368175208568573,0.0006602444676294302,0.0011171260848641396,0.8995652371279975,5,5,6,0.0,5 9 3 8 4 10
1178,6295,0.050000000000000044,0.5839606523513794,0.0005528519728354045,0.0007160785025916994,0.9444359534560712,6,6,7,0.0,2 8 9 5 4 3 10
1179,6297,0.050000000000000044,0.2002248615026474,0.0008415284682996571,0.0027350950986146927,0.8190643438154679,1,1,2,0.0,4 10
1180,6301,0.050000000000000044,0.4264526963233948,0.0005801031220471486,0.0010011573322117329,0.917074837773932,3,3,4,0.0,4 3 5 10
1181,6304,0.050000000000000044,0.07997741550207138,0.0005777064361609519,0.001614294247701764,0.8286039379384373,2,2,3,0.0,4 5 10
1182,6308,0.050000000000000044,0.07672931253910065,0.0005599791256827302,0.0009904849575832486,0.8990747353126263,3,3,4,0.0,4 3 5 10
1183,6313,0.050000000000000044,0.41591233015060425,0.0006019786582328379,0.0009755328064784408,0.9194864227960282,4,4,5,0.0,4 3 5 9 10
1184,6317,0.050000000000000044,0.1759030967950821,0.0005638498987536877,0.0009096288704313338,0.9269010189933953,3,3,4,0.0,4 3 5 10
1185,6321,0.050000000000000044,0.19460906088352203,0.0006786343728890643,0.00031904428033158183,0.9544529469061408,3,3,4,0.0,3 4 5 10
1186,6325,0.050000000000000044,0.20271086692810059,0.0004894913799944334,0.0006925154593773186,0.9477242445052734,3,3,4,0.0,3 4 5 10
1187,6330,0.050000000000000044,0.41388314962387085,0.0005675569351296872,0.000988149200566113,0.9190044138540694,4,4,5,0.0,4 3 5 6 10
1188,6337,0.050000000000000044,0.4396527409553528,0.0005284146921310041,0.00046134600415825844,0.9523627614684395,6,6,7,0.0,4 6 9 7 3 5 10
1189,6346,0.050000000000000044,0.4253297746181488,0.0006496564310509712,0.0009941423777490854,0.8849704279414822,8,8,9,0.0,5 9 7 2 1 4 3 6 10
1190,6350,0.050000000000000044,0.1890897899866104,0.0005549524794332683,0.0008415174670517445,0.9271355705439832,3,3,4,0.0,4 3 5 10
1191,6354,0.050000000000000044,0.12612539529800415,0.0005593260502791964,0.0017454905901104212,0.8363535951437622,3,3,4,0.0,4 5 3 10
1192,6358,0.050000000000000044,0.1759030967950821,0.0004521420778473839,0.0009096288704313338,0.9269010189933953,3,3,4,0.0,4 5 3 10
1193,6367,0.050000000000000044,0.45832860469818115,0.00052746440956576,0.0005837412318214774,0.9277698023778504,8,8,9,0.0,3 4 5 1 9 6 2 8 10
1194,6372,0.050000000000000044,0.4718836545944214,0.0004477717389818281,0.0003503828775137663,0.9659577143621076,4,4,5,0.0,4 3 5 8 10
1195,6376,0.050000000000000044,0.22431716322898865,0.000545662798685953,0.00039680927875451744,0.9629182144202176,3,3,4,0.0,4 5 3 10
1196,6380,0.050000000000000044,0.2757476568222046,0.0005016672657802701,0.0008420562953688204,0.9279354690406892,3,3,4,0.0,3 4 5 10
1197,6384,0.050000000000000044,0.12612539529800415,0.00045269945258041844,0.0017454905901104212,0.8363535951437622,3,3,4,0.0,4 5 3 10
1198,6388,0.050000000000000044,0.5117752552032471,0.000534856466401834,0.0008333476143889129,0.9475241621311723,3,3,4,0.0,4 3 5 10
1199,6390,0.050000000000000044,0.09677763283252716,0.00044040220382157713,0.002134577836841345,0.8636944466552893,1,1,2,0.0,4 10
1200,6395,0.050000000000000044,0.27702975273132324,0.0004590484721120447,0.001047119265422225,0.9197553178288849,4,4,5,0.0,4 3 5 7 10
1201,6403,0.050000000000000044,0.5467433333396912,0.0005018798183300532,0.0005467552691698074,0.9353161359407388,7,7,8,0.0,9 4 6 8 3 5 1 10
1202,6411,0.050000000000000044,0.5743744373321533,0.0004543580289464444,0.0007107274723239243,0.9452383185290553,7,7,8,0.0,9 5 3 8 4 1 6 10
1203,6415,0.050000000000000044,0.2757476568222046,0.000501557435200084,0.0008420562953688204,0.9279354690406892,3,3,4,0.0,3 4 5 10
1204,6419,0.050000000000000044,0.2624897360801697,0.0005406777054304257,0.0008646699134260416,0.9188100051901145,3,3,4,0.0,3 4 5 10
1205,6423,0.050000000000000044,0.1890897899866104,0.0005548698391066864,0.0008415174670517445,0.9271355705439832,3,3,4,0.0,4 3 5 10
1206,6427,0.050000000000000044,0.09524019807577133,0.0004986003623344004,0.0006769447354599833,0.9249889811281642,3,3,4,0.0,4 5 3 10
1207,6431,0.050000000000000044,0.12612539529800415,0.0005668626254191622,0.0017454905901104212,0.8363535951437622,3,3,4,0.0,4 3 5 10
1208,6435,0.050000000000000044,0.1759030967950821,0.0005697975648217835,0.0009096288704313338,0.9269010189933953,3,3,4,0.0,3 4 5 10
1209,6439,0.050000000000000044,0.10731006413698196,0.000611774594290182,0.0013129606377333403,0.9179154419362064,3,3,4,0.0,4 3 5 10
1210,6443,0.050000000000000044,0.19460906088352203,0.0005284946018946357,0.00031904428033158183,0.9544529469061408,3,3,4,0.0,3 4 5 10
1211,6447,0.050000000000000044,0.19460906088352203,0.00046398561244131997,0.00031904428033158183,0.9544529469061408,3,3,4,0.0,4 5 3 10
1212,6455,0.050000000000000044,0.5129270553588867,0.00048042205889942124,0.0008948610629886389,0.9422582158604006,7,7,8,0.0,5 9 3 4 1 2 6 10
1213,6462,0.050000000000000044,0.4703068435192108,0.0005070826279864248,0.0006072292453609407,0.9247966443103218,6,6,7,0.0,5 9 3 8 4 2 10
1214,6466,0.050000000000000044,0.11958125978708267,0.0006056830752640963,0.0007459187181666493,0.9416358080580742,3,3,4,0.0,4 5 3 10
1215,6468,0.050000000000000044,0.07729517668485641,0.0003887605853378773,0.002086291555315256,0.7785395332628708,1,1,2,0.0,4 10
1216,6473,0.050000000000000044,0.16562120616436005,0.0004942798987030983,0.00030161894392222166,0.9557873027290658,4,4,5,0.0,4 5 3 8 10
1217,6477,0.050000000000000044,0.20271086692810059,0.0006156549861771055,0.0006925154593773186,0.9477242445052734,3,3,4,0.0,4 5 3 10
1218,6481,0.050000000000000044,0.07672931998968124,0.0005959181871730834,0.0009904849575832486,0.8990747353126263,3,3,4,0.0,4 5 3 10
1219,6488,0.050000000000000044,0.43380042910575867,0.0005016990513208189,0.0010425319196656346,0.879565247634645,6,6,7,0.0,5 9 3 4 1 7 10
1220,6492,0.050000000000000044,0.07672931998968124,0.0005646596982842311,0.0009904849575832486,0.8990747353126263,3,3,4,0.0,4 5 3 10
1221,6496,0.050000000000000044,0.24972417950630188,0.0004918175618513487,0.0007711935322731733,0.90955268573924,3,3,4,0.0,4 3 5 10
1222,6500,0.050000000000000044,0.07672931998968124,0.00047711424849694595,0.0009904849575832486,0.8990747353126263,3,3,4,0.0,4 5 3 10
1223,6504,0.050000000000000044,0.28711605072021484,0.0015133821871131659,0.0003561797784641385,0.958056779700142,3,3,4,0.0,4 3 5 10
1224,6508,0.050000000000000044,0.3090759813785553,0.0009537568403175101,0.0005270104738883674,0.9476480485780627,3,3,4,0.0,4 3 5 10
1225,6512,0.050000000000000044,0.16138248145580292,0.0008245286880992353,0.0011650301748886704,0.8867031143586219,3,3,4,0.0,4 3 5 10
1226,6516,0.050000000000000044,0.18945711851119995,0.0009079221927095205,0.0007909885607659817,0.940949385766467,3,3,4,0.0,4 3 8 10
1227,6524,0.050000000000000044,0.45875388383865356,0.0006398135265044402,0.0006089305970817804,0.9248569284019799,7,7,8,0.0,2 5 9 4 3 7 6 10
1228,6533,0.050000000000000044,0.5028939247131348,0.0005972032862094542,0.0008929542964324355,0.9429346487927167,8,8,9,0.0,9 5 3 4 6 2 7 1 10
1229,6536,0.050000000000000044,0.09911252558231354,0.0005216293308573464,0.0022922661155462265,0.8774825342876591,2,2,3,0.0,4 8 10
1230,6545,0.050000000000000044,0.5349804759025574,0.0005930054370158663,0.0005440234672278166,0.9342281241656484,8,8,9,0.0,2 5 4 3 6 9 1 7 10
1231,6547,0.050000000000000044,0.24413280189037323,0.0004749720828840509,0.00198098411783576,0.8419445934002238,1,1,2,0.0,5 10
1232,6551,0.050000000000000044,0.1890897899866104,0.0004882682696916163,0.0008415174670517445,0.9271355705439832,3,3,4,0.0,4 3 5 10
1233,6555,0.050000000000000044,0.19460906088352203,0.0005873543268535286,0.00031904428033158183,0.9544529469061408,3,3,4,0.0,3 4 5 10
1234,6559,0.050000000000000044,0.1759030967950821,0.0005001606332371011,0.0009096288704313338,0.9269010189933953,3,3,4,0.0,3 4 5 10
1235,6567,0.050000000000000044,0.5431646108627319,0.000428726794780232,0.0005584293976426125,0.9340901452512009,7,7,8,0.0,9 5 3 8 2 6 4 10
1236,6572,0.050000000000000044,0.03761667013168335,0.0005977350752800703,0.0010059662163257599,0.9002850764607135,4,4,5,0.0,3 4 7 8 10
1237,6576,0.050000000000000044,0.11958125978708267,0.0004847529562539421,0.0007459187181666493,0.9416358080580742,3,3,4,0.0,4 5 3 10
1238,6578,0.050000000000000044,0.21076136827468872,0.0004903553053736687,0.002800139132887125,0.7785269605985862,1,1,2,0.0,1 10
1239,6582,0.050000000000000044,0.14840413630008698,0.000542373803909868,0.0011536411475390196,0.9139187266777727,3,3,4,0.0,4 3 8 10
1240,6586,0.050000000000000044,0.2757476568222046,0.0005150413999217562,0.0008420562953688204,0.9279354690406892,3,3,4,0.0,3 4 5 10
1241,6590,0.050000000000000044,0.2624897360801697,0.000572685181396082,0.0008646699134260416,0.9188100051901145,3,3,4,0.0,3 5 4 10
1242,6594,0.050000000000000044,0.1890897899866104,0.0004422324855113402,0.0008415174670517445,0.9271355705439832,3,3,4,0.0,4 3 5 10
1243,6598,0.050000000000000044,0.2624897062778473,0.000517181571922265,0.0008646699134260416,0.9188100051901145,3,3,4,0.0,5 3 4 10
1244,6602,0.050000000000000044,0.19460906088352203,0.000452314990980085,0.00031904428033158183,0.9544529469061408,3,3,4,0.0,4 3 5 10
1245,6606,0.050000000000000044,0.2757476568222046,0.0004277994594303891,0.0008420562953688204,0.9279354690406892,3,3,4,0.0,3 4 5 10
1246,6610,0.050000000000000044,0.10731006413698196,0.0006161452765809372,0.0013129606377333403,0.9179154419362064,3,3,4,0.0,4 5 3 10
1247,6615,0.050000000000000044,0.3750113844871521,0.0005405924282968044,0.0011541643179953098,0.8949846629669068,4,4,5,0.0,5 9 3 4 10
1248,6620,0.050000000000000044,0.3750113844871521,0.0005718896398320794,0.0011541643179953098,0.8949846629669068,4,4,5,0.0,5 9 3 4 10
1249,6627,0.050000000000000044,0.5823026895523071,0.0004914495761373214,0.0007333335233852267,0.94493638577912,6,6,7,0.0,2 5 4 3 6 9 10
1250,6631,0.050000000000000044,0.10731006413698196,0.0004788606893271208,0.0013129606377333403,0.9179154419362064,3,3,4,0.0,4 5 3 10
1251,6635,0.050000000000000044,0.2718748152256012,0.0005320825221133418,0.0006805580342188478,0.9332163441620599,3,3,4,0.0,3 5 4 10
1252,6639,0.050000000000000044,0.09524019807577133,0.0004568079093587585,0.0006769447354599833,0.9249889811281642,3,3,4,0.0,4 5 3 10
1253,6647,0.050000000000000044,0.33798331022262573,0.00045482314453693107,0.0011051547480747104,0.9010175388930952,7,7,8,0.0,3 4 8 2 9 5 7 10
1254,6651,0.050000000000000044,0.10751000791788101,0.0004749108193209395,0.0006972261471673846,0.9356720983698592,3,3,4,0.0,4 5 3 10
1255,6655,0.050000000000000044,0.10731006413698196,0.000467737641884014,0.0013129606377333403,0.9179154419362064,3,3,4,0.0,4 5 3 10
1256,6660,0.050000000000000044,0.3750113844871521,0.000393731304211542,0.0011541643179953098,0.8949846629669068,4,4,5,0.0,5 9 3 4 10
1257,6664,0.050000000000000044,0.28711608052253723,0.00044478586642071605,0.0003561797784641385,0.958056779700142,3,3,4,0.0,3 5 4 10
1258,6667,0.050000000000000044,0.10182824730873108,0.0004535703531776865,0.0010964535176753998,0.8968866375251701,2,2,3,0.0,8 7 10
1259,6676,0.050000000000000044,0.5478079915046692,0.00042051762122557394,0.0006155146984383464,0.940763547272376,8,8,9,0.0,3 4 5 1 7 2 9 6 10
1260,6684,0.050000000000000044,0.4082309901714325,0.0004550103949441109,0.0010277444962412119,0.9172376502885546,7,7,8,0.0,1 6 4 8 7 3 5 10
1261,6688,0.050000000000000044,0.1803186982870102,0.00038103760016383603,0.0006908692885190248,0.9462422797020068,3,3,4,0.0,3 4 8 10
1262,6694,0.050000000000000044,0.2462705820798874,0.00045080336470467347,0.0010713371448218822,0.9173393579959586,5,5,6,0.0,1 3 4 8 5 10
1263,6698,0.050000000000000044,0.11958125978708267,0.00045501934800995514,0.0007459187181666493,0.9416358080580742,3,3,4,0.0,4 3 5 10
1264,6702,0.050000000000000044,0.10111117362976074,0.0004430239132489078,0.0003786321613006294,0.9311998551368147,3,3,4,0.0,4 5 3 10
1265,6706,0.050000000000000044,0.2718748450279236,0.00043781033309642226,0.0006805580342188478,0.9332163441620599,3,3,4,0.0,3 4 5 10
1266,6709,0.050000000000000044,0.12749536335468292,0.0004383361180468152,0.002103544771671295,0.8100523795139634,2,2,3,0.0,7 8 10
1267,6718,0.050000000000000044,0.3848964273929596,0.00042721219748879474,0.0009265134576708078,0.9069147171733921,8,8,9,0.0,7 9 8 2 5 1 4 3 10
1268,6724,0.050000000000000044,0.24627059698104858,0.00035717016726266593,0.0010713371448218822,0.9173393579959586,5,5,6,0.0,1 3 8 5 4 10
1269,6728,0.050000000000000044,0.04050178825855255,0.00039411177567671984,0.0013488963013514876,0.8670916558020747,3,3,4,0.0,4 2 8 10
1270,6733,0.050000000000000044,0.467099666595459,0.00041629558545537294,0.0004306805203668773,0.9496687146769692,4,4,5,0.0,3 4 5 6 10
1271,6737,0.050000000000000044,0.15400351583957672,0.00042217480950057507,0.001244689105078578,0.8823842740795984,3,3,4,0.0,4 3 8 10
1272,6742,0.050000000000000044,0.22786745429039001,0.00040582383517175915,0.0007437773747369647,0.912754570908056,4,4,5,0.0,3 4 8 5 10
1273,6746,0.050000000000000044,0.11428262293338776,0.000415734073612839,0.0004913120064884424,0.9460985286517886,3,3,4,0.0,4 5 3 10
1274,6751,0.050000000000000044,0.24841174483299255,0.000526295747840777,0.0008400750230066478,0.928208780433987,4,4,5,0.0,2 5 4 3 10
1275,6759,0.050000000000000044,0.5129269957542419,0.0008664909983053803,0.0008948610629886389,0.9422582158604006,7,7,8,0.0,2 5 6 9 4 3 1 10
1276,6763,0.050000000000000044,0.22431716322898865,0.0006563966744579375,0.00039680927875451744,0.9629182144202176,3,3,4,0.0,3 5 4 10
1277,6771,0.050000000000000044,0.4612312614917755,0.0007256602693814784,0.0006016246043145657,0.9251306588350663,7,7,8,0.0,4 9 1 5 7 8 3 10
1278,6775,0.050000000000000044,0.3090759515762329,0.0008402885723626241,0.0005270104738883674,0.9476480485780627,3,3,4,0.0,3 5 4 10
1279,6783,0.050000000000000044,0.5510203242301941,0.0007078785201883875,0.0006435413379222155,0.9376025077810469,7,7,8,0.0,7 9 4 1 3 8 5 10
1280,6789,0.050000000000000044,0.43583619594573975,0.0005552274233195931,0.0010583109688013792,0.9143119983897765,5,5,6,0.0,5 9 3 8 4 10
1281,6797,0.050000000000000044,0.5428751707077026,0.0005790150098619051,0.00033229298423975706,0.9564301939625802,7,7,8,0.0,7 9 4 8 2 3 5 10
1282,6803,0.050000000000000044,0.585976243019104,0.0005869341403013095,0.0007834297139197588,0.943903214990313,5,5,6,0.0,2 5 4 3 6 10
1283,6809,0.050000000000000044,0.45670410990715027,0.0006250554773335656,0.0004070872091688216,0.9507983921895271,5,5,6,0.0,3 4 7 6 5 10
1284,6815,0.050000000000000044,0.025836937129497528,0.0005276134518984085,0.0003653473104350269,0.9330472094089891,5,5,6,0.0,5 4 9 1 3 10
1285,6820,0.050000000000000044,0.24462014436721802,0.0005181677057407797,0.000679461401887238,0.9335591515944772,4,4,5,0.0,1 4 3 5 10
1286,6824,0.050000000000000044,0.19460906088352203,0.0005787107365904376,0.00031904428033158183,0.9544529469061408,3,3,4,0.0,3 4 5 10
1287,6829,0.050000000000000044,0.28169751167297363,0.0005673623294569552,0.0005257511511445045,0.9479156269755006,4,4,5,0.0,1 3 4 5 10
1288,6836,0.050000000000000044,0.44431087374687195,0.0005761100120642888,0.0010092512238770723,0.8845682181639422,6,6,7,0.0,7 9 4 8 3 5 10
1289,6839,0.050000000000000044,0.091082364320755,0.0005362743201355139,0.0012427582405507565,0.8784250103902873,2,2,3,0.0,7 8 10
1290,6844,0.050000000000000044,0.47412413358688354,0.000540976895717904,0.0003525406355038285,0.9669716516675761,4,4,5,0.0,3 4 5 6 10
1291,6848,0.050000000000000044,0.2757476270198822,0.0005266883526928723,0.0008420562953688204,0.9279354690406892,3,3,4,0.0,3 5 4 10
1292,6852,0.050000000000000044,0.14822183549404144,0.000656529824482277,0.0011179737048223615,0.9110077379645689,3,3,4,0.0,3 6 5 10
1293,6858,0.050000000000000044,0.4667569398880005,0.0005439062467000136,0.0006872848607599735,0.9468888029651041,5,5,6,0.0,5 9 4 6 3 10
1294,6863,0.050000000000000044,0.5006769895553589,0.0005530046997591853,0.0008021484827622771,0.9497768846512125,4,4,5,0.0,4 6 3 5 10
1295,6867,0.050000000000000044,0.1890898048877716,0.00045902909914730117,0.0008415174670517445,0.9271355705439832,3,3,4,0.0,4 5 3 10
1296,6871,0.050000000000000044,0.11428262293338776,0.0004975618066964671,0.0004913120064884424,0.9460985286517886,3,3,4,0.0,5 4 3 10
1297,6880,0.050000000000000044,0.531575620174408,0.0005383184406026783,0.00033191684633493423,0.9561981121332835,8,8,9,0.0,2 5 1 9 7 8 4 3 10
1298,6885,0.050000000000000044,0.28169751167297363,0.0005037483584601432,0.0005257511511445045,0.9479156269755006,4,4,5,0.0,1 3 4 5 10
1299,6889,0.050000000000000044,0.16138248145580292,0.000589973213209305,0.0011650301748886704,0.8867031143586219,3,3,4,0.0,4 5 3 10
1300,6893,0.050000000000000044,0.22431716322898865,0.0005997220650897361,0.00039680927875451744,0.9629182144202176,3,3,4,0.0,4 5 3 10
1301,6898,0.050000000000000044,0.46360254287719727,0.0005445424350909889,0.0004324392357375473,0.9478454500365909,4,4,5,0.0,2 5 4 3 10
1302,6902,0.050000000000000044,0.1641618311405182,0.0005678495217580348,0.0009789157193154097,0.9187137722331193,3,3,4,0.0,4 5 7 10
1303,6909,0.050000000000000044,0.435494065284729,0.0005080453037018222,0.0010348913492634892,0.8798352697339268,6,6,7,0.0,2 5 4 3 9 6 10
1304,6916,0.050000000000000044,0.4354940354824066,0.0005564648100906717,0.0010348913492634892,0.8798352697339268,6,6,7,0.0,3 5 6 4 2 9 10
1305,6919,0.050000000000000044,0.09559966623783112,0.000512537129300957,0.0011307678651064634,0.8895002266172847,2,2,3,0.0,5 7 10
1306,6922,0.050000000000000044,0.09108235687017441,0.0004146536230109632,0.0012427582405507565,0.8784250103902873,2,2,3,0.0,8 7 10
1307,6925,0.050000000000000044,0.10041698068380356,0.00040908309165388346,0.0009309060405939817,0.8957111837783126,2,2,3,0.0,8 7 10
1308,6929,0.050000000000000044,0.10731006413698196,0.0004980374869774096,0.0013129606377333403,0.9179154419362064,3,3,4,0.0,4 5 3 10
1309,6933,0.050000000000000044,0.19460906088352203,0.0004887882751063444,0.00031904428033158183,0.9544529469061408,3,3,4,0.0,4 5 3 10
1310,6940,0.050000000000000044,0.5517077445983887,0.0005310997782674219,0.0003393299411982298,0.956599791431257,6,6,7,0.0,3 4 5 6 1 9 10
1311,6945,0.050000000000000044,0.25992366671562195,0.0004733133886475116,0.00035415354068391025,0.9582003313388042,4,4,5,0.0,1 3 4 5 10
1312,6950,0.050000000000000044,0.24462011456489563,0.0005539001023862511,0.000679461401887238,0.9335591515944772,4,4,5,0.0,1 3 5 4 10
1313,6954,0.050000000000000044,0.4759472906589508,0.0005923273565713316,0.0004971498856320977,0.9479085171371521,3,3,4,0.0,3 4 5 10
1314,6959,0.050000000000000044,0.281697541475296,0.0004670845519285649,0.0005257511511445045,0.9479156269755006,4,4,5,0.0,1 3 5 4 10
1315,6964,0.050000000000000044,0.47105228900909424,0.0004555606981739402,0.00035515381023287773,0.9660112586461548,4,4,5,0.0,2 5 4 3 10
1316,6970,0.050000000000000044,0.43583619594573975,0.0005945038962333152,0.0010583109688013792,0.9143119983897765,5,5,6,0.0,5 9 3 8 4 10
1317,6974,0.050000000000000044,0.11958125978708267,0.0006610112468479201,0.0007459187181666493,0.9416358080580742,3,3,4,0.0,4 5 3 10
1318,6979,0.050000000000000044,0.3709491491317749,0.0004773781169205904,0.0011771528515964746,0.8937438858338542,4,4,5,0.0,2 5 4 3 10
1319,6984,0.050000000000000044,0.24462011456489563,0.0005275867704767733,0.000679461401887238,0.9335591515944772,4,4,5,0.0,1 3 5 4 10
1320,6990,0.050000000000000044,0.4690779447555542,0.0005539748090086505,0.0006750685861334205,0.9475926403377058,5,5,6,0.0,5 9 3 8 4 10
1321,6994,0.050000000000000044,0.1890898048877716,0.0005669148231390864,0.0008415174670517445,0.9271355705439832,3,3,4,0.0,4 5 3 10
1322,6998,0.050000000000000044,0.12612539529800415,0.0003749632596736774,0.0017454905901104212,0.8363535951437622,3,3,4,0.0,4 5 3 10
1323,7006,0.050000000000000044,0.4299740791320801,0.0007548790890723467,0.00101358606480062,0.8816490258033721,7,7,8,0.0,6 9 5 4 3 1 2 10
1324,7010,0.050000000000000044,0.2624897062778473,0.0008851426391629502,0.0008646699134260416,0.9188100051901145,3,3,4,0.0,5 3 4 10
1325,7014,0.050000000000000044,0.2757476270198822,0.0006501384632429108,0.0008420562953688204,0.9279354690406892,3,3,4,0.0,3 5 4 10
1326,7020,0.050000000000000044,0.5257810354232788,0.0006228161801118404,0.0009507952490821481,0.9419005759720392,5,5,6,0.0,2 5 7 4 3 10
1327,7023,0.050000000000000044,0.091082364320755,0.0005914693465456367,0.0012427582405507565,0.8784250103902873,2,2,3,0.0,7 8 10
1328,7029,0.050000000000000044,0.4871133267879486,0.0006565489262963334,0.0007818742888048291,0.9508633139619646,5,5,6,0.0,5 9 3 1 4 10
1329,7035,0.050000000000000044,0.3976077437400818,0.0006025349624299755,0.0009840144775807858,0.9007554348562617,5,5,6,0.0,7 3 4 5 9 10
1330,7042,0.050000000000000044,0.4333936870098114,0.000654273882641324,0.0010422004852443933,0.8789905164563556,6,6,7,0.0,4 9 3 5 1 2 10
1331,7046,0.050000000000000044,0.19187839329242706,0.0005086077362648211,0.0007125287083908916,0.9225120335356659,3,3,4,0.0,4 5 3 10
1332,7050,0.050000000000000044,0.12612539529800415,0.0005309373373165727,0.0017454905901104212,0.8363535951437622,3,3,4,0.0,4 5 3 10
1333,7056,0.050000000000000044,0.4871133267879486,0.0004981880677708735,0.0007818742888048291,0.9508633139619646,5,5,6,0.0,5 9 3 1 4 10
1334,7061,0.050000000000000044,0.24820592999458313,0.0005141609231941402,0.0006626045797020197,0.935212854734499,4,4,5,0.0,3 5 4 8 10
1335,7066,0.050000000000000044,0.2710724472999573,0.0005213923810515553,0.001095649553462863,0.9149382270332183,4,4,5,0.0,1 3 5 4 10
1336,7071,0.050000000000000044,0.3750113844871521,0.0005238964571617543,0.0011541643179953098,0.8949846629669068,4,4,5,0.0,5 9 3 4 10
1337,7077,0.050000000000000044,0.43232136964797974,0.0005273765224652985,0.0010800182353705168,0.9127277193167972,5,5,6,0.0,8 3 2 4 5 10
1338,7082,0.050000000000000044,0.25969889760017395,0.0005215188255533576,0.0006497202557511628,0.9389163301227776,4,4,5,0.0,1 7 5 4 10
1339,7086,0.050000000000000044,0.12612539529800415,0.0005445992646855302,0.0017454905901104212,0.8363535951437622,3,3,4,0.0,4 5 3 10
1340,7090,0.050000000000000044,0.12612539529800415,0.0005082777643110603,0.0017454905901104212,0.8363535951437622,3,3,4,0.0,4 5 3 10
1341,7094,0.050000000000000044,0.22431716322898865,0.00047909859131323174,0.00039680927875451744,0.9629182144202176,3,3,4,0.0,5 4 3 10
1342,7101,0.050000000000000044,0.38123801350593567,0.0005298462762896504,0.0009844203013926744,0.9192100698471636,6,6,7,0.0,6 2 5 4 1 3 10
1343,7104,0.050000000000000044,0.08359789103269577,0.000573908444494009,0.0015446161851286888,0.8295423825239313,2,2,3,0.0,8 2 10
1344,7112,0.050000000000000044,0.5550432205200195,0.0004842388407269027,0.0006319732638075948,0.9396712695836454,7,7,8,0.0,4 3 9 5 6 1 2 10
1345,7118,0.050000000000000044,0.3589595854282379,0.0005855311561996738,0.0011522005079314113,0.8953010748792772,5,5,6,0.0,5 9 3 1 4 10
1346,7121,0.050000000000000044,0.07209451496601105,0.0005746180734907588,0.0016464320942759514,0.812240506049498,2,2,3,0.0,3 5 10
1347,7127,0.050000000000000044,0.5622208714485168,0.0005604416995386904,0.0005746555398218334,0.9340556871088379,5,5,6,0.0,2 4 3 5 6 10
1348,7136,0.050000000000000044,0.553490936756134,0.0005096552389053007,0.000699592987075448,0.9451701391253545,9,9,10,0.0,2 5 8 1 6 4 3 7 9
1349,7139,0.050000000000000044,0.10041698068380356,0.0005706147737024972,0.0009309060405939817,0.8957111837783126,2,2,3,0.0,8 7 10
1350,7148,0.050000000000000044,0.4425656199455261,0.0004685170909700294,0.0007471978897228837,0.9528276377072941,8,8,9,0.0,2 8 5 1 3 4 9 7 10
1351,7155,0.050000000000000044,0.43125271797180176,0.0005358624496563737,0.00047036929754540324,0.9482708422026368,6,6,7,0.0,2 9 5 1 3 4 10
1352,7159,0.050000000000000044,0.16138248145580292,0.0004662421706598252,0.0011650301748886704,0.8867031143586219,3,3,4,0.0,4 5 3 10
1353,7165,0.050000000000000044,0.4585285186767578,0.0004885696592585494,0.0003360679547768086,0.9661060972548977,5,5,6,0.0,2 9 5 4 3 10
1354,7169,0.050000000000000044,0.10111117362976074,0.000537008119863458,0.0003786321613006294,0.9311998551368147,3,3,4,0.0,3 5 4 10
1355,7178,0.050000000000000044,0.5058102607727051,0.0004816724588939299,0.00088233791757375,0.9439990619833135,8,8,9,0.0,9 5 8 4 6 1 7 3 10
1356,7186,0.050000000000000044,0.5129269957542419,0.0004798810841748491,0.0008948610629886389,0.9422582158604006,7,7,8,0.0,2 9 4 3 5 1 6 10
1357,7189,0.050000000000000044,0.09742584079504013,0.00042557062503571313,0.00095219979993999,0.8929743863527047,2,2,3,0.0,3 5 10
1358,7193,0.050000000000000044,0.2767753005027771,0.0005191105010453612,0.00023578456602990627,0.9599719557392895,3,3,4,0.0,3 5 4 10
1359,7199,0.050000000000000044,0.22422416508197784,0.0004719891439890489,0.0008235595305450261,0.9303994493627662,5,5,6,0.0,1 3 9 5 4 10
1360,7203,0.050000000000000044,0.06542762368917465,0.0004570887394947931,0.0009147257078438997,0.9005789674738783,3,3,4,0.0,7 6 8 10
1361,7207,0.050000000000000044,0.1759031116962433,0.0004124483893974684,0.0009096288704313338,0.9269010189933953,3,3,4,0.0,5 4 3 10
1362,7215,0.050000000000000044,0.3856790065765381,0.0005198626095079817,0.0009493095567449927,0.9022876474647544,7,7,8,0.0,2 4 3 5 1 9 6 10
1363,7219,0.050000000000000044,0.16138248145580292,0.00042346302507212386,0.0011650301748886704,0.8867031143586219,3,3,4,0.0,4 5 3 10
1364,7227,0.050000000000000044,0.4346923530101776,0.0004134014707233291,0.0006691261660307646,0.9464100373556724,7,7,8,0.0,2 9 5 1 6 4 3 10
1365,7231,0.050000000000000044,0.16138248145580292,0.00048348795826314017,0.0011650301748886704,0.8867031143586219,3,3,4,0.0,3 5 4 10
1366,7235,0.050000000000000044,0.19460906088352203,0.0005029384628869593,0.00031904428033158183,0.9544529469061408,3,3,4,0.0,5 3 4 10
1367,7238,0.050000000000000044,0.11195927113294601,0.0003905824851244688,0.0013545923866331577,0.9033599740844419,2,2,3,0.0,8 7 10
1368,7241,0.050000000000000044,0.11533927172422409,0.00036393235010715824,0.0019521486246958375,0.89125137407594,2,2,3,0.0,8 7 10
1369,7244,0.050000000000000044,0.10182824730873108,0.00041174959430160624,0.0010964535176753998,0.8968866375251701,2,2,3,0.0,8 7 10
1370,7253,0.050000000000000044,0.496115505695343,0.0004999418419578837,0.0008741158526390791,0.9440860008326991,9,9,10,0.0,2 9 4 6 5 3 1 7 8
1371,7260,0.050000000000000044,0.38808372616767883,0.0005361802925887917,0.0009754067286849022,0.9001550507619889,6,6,7,0.0,9 5 4 3 1 2 10
1372,7264,0.050000000000000044,0.2767753005027771,0.0005096545064589009,0.00023578456602990627,0.9599719557392895,3,3,4,0.0,5 3 4 10
1373,7269,0.050000000000000044,0.37664538621902466,0.0005081254174001514,0.0011553994845598936,0.8963733397415362,4,4,5,0.0,5 6 3 4 10
1374,7273,0.050000000000000044,0.29884210228919983,0.0005296859526424669,0.0010978968348354101,0.9150954425760172,3,3,4,0.0,5 3 4 10
1375,7277,0.050000000000000044,0.10731006413698196,0.0005874865528312512,0.0013129606377333403,0.9179154419362064,3,3,4,0.0,5 4 3 10
1376,7282,0.050000000000000044,0.281697541475296,0.0005562920938245952,0.0005257511511445045,0.9479156269755006,4,4,5,0.0,5 1 3 4 10
1377,7287,0.050000000000000044,0.09546665102243423,0.0005464290152303874,0.0017167655751109123,0.8386800988232905,4,4,5,0.0,4 3 5 8 10
1378,7291,0.050000000000000044,0.3090759515762329,0.0004955050826538354,0.0005270104738883674,0.9476480485780627,3,3,4,0.0,5 3 4 10
1379,7295,0.050000000000000044,0.24972417950630188,0.0004853836144320667,0.0007711935322731733,0.90955268573924,3,3,4,0.0,5 3 4 10
1380,7299,0.050000000000000044,0.10111117362976074,0.0005134628445375711,0.0003786321613006294,0.9311998551368147,3,3,4,0.0,5 4 3 10
1381,7304,0.050000000000000044,0.2710724472999573,0.0005486166104674339,0.001095649553462863,0.9149382270332183,4,4,5,0.0,1 4 3 5 10
1382,7308,0.050000000000000044,0.10111117362976074,0.0005448107694974169,0.0003786321613006294,0.9311998551368147,3,3,4,0.0,5 4 3 10
1383,7312,0.050000000000000044,0.2624897062778473,0.0005503468055394478,0.0008646699134260416,0.9188100051901145,3,3,4,0.0,5 3 4 10
1384,7321,0.050000000000000044,0.357636034488678,0.00044818404259988,0.0009445397881790996,0.9231038919420786,8,8,9,0.0,5 6 3 8 4 9 1 7 10
1385,7325,0.050000000000000044,0.12612539529800415,0.0004385698775877245,0.0017454905901104212,0.8363535951437622,3,3,4,0.0,4 3 5 10
1386,7330,0.050000000000000044,0.4753967523574829,0.0004638934915419668,0.0007237818208523095,0.9440221804926143,4,4,5,0.0,5 3 6 4 10
1387,7339,0.050000000000000044,0.5356163382530212,0.00043419623721597926,0.0005467546288855374,0.9353014062049131,8,8,9,0.0,4 3 5 1 6 8 9 7 10
1388,7343,0.050000000000000044,0.2767753005027771,0.0005519919795915484,0.00023578456602990627,0.9599719557392895,3,3,4,0.0,3 4 5 10
1389,7347,0.050000000000000044,0.12612539529800415,0.00037655089545296505,0.0017454905901104212,0.8363535951437622,3,3,4,0.0,4 3 5 10
1390,7353,0.050000000000000044,0.527292013168335,0.0004780087328981608,0.0009446796029806137,0.9423658182992911,5,5,6,0.0,2 3 4 5 6 10
1391,7357,0.050000000000000044,0.42204543948173523,0.0004676147873396985,0.0005909183528274298,0.931015834389487,3,3,4,0.0,5 6 3 10
1392,7366,0.050000000000000044,0.5360296368598938,0.00046227301289844845,0.0003254128387197852,0.9577292435482481,8,8,9,0.0,3 1 4 6 5 8 9 7 10
1393,7370,0.050000000000000044,0.11958125978708267,0.00043653046304825693,0.0007459187181666493,0.9416358080580742,3,3,4,0.0,5 4 3 10
1394,7374,0.050000000000000044,0.2718748152256012,0.00046062711044214666,0.0006805580342188478,0.9332163441620599,3,3,4,0.0,3 5 4 10
1395,7383,0.050000000000000044,0.4961155354976654,0.0003957407671906468,0.0008741158526390791,0.9440860008326991,9,9,10,0.0,2 9 5 8 1 6 4 3 7
1396,7387,0.050000000000000044,0.10111117362976074,0.000408563602832146,0.0003786321613006294,0.9311998551368147,3,3,4,0.0,5 4 3 10
1397,7393,0.050000000000000044,0.40432506799697876,0.0005084190294534588,0.0009569505928084254,0.9216902562540011,5,5,6,0.0,5 9 8 3 4 10
1398,7401,0.050000000000000044,0.4201681613922119,0.00044212113789399154,0.0004544105031527579,0.9499399376220283,7,7,8,0.0,5 6 9 3 4 2 1 10
1399,7405,0.050000000000000044,0.12612539529800415,0.00046905788622098044,0.0017454905901104212,0.8363535951437622,3,3,4,0.0,5 4 3 10
1400,7411,0.050000000000000044,0.5822410583496094,0.00044620300953586894,0.0007963186362758279,0.9419115247574771,5,5,6,0.0,2 3 4 1 5 10
1401,7415,0.050000000000000044,0.10731006413698196,0.00048654747661203146,0.0013129606377333403,0.9179154419362064,3,3,4,0.0,5 4 3 10
1402,7419,0.050000000000000044,0.19460906088352203,0.00046180031495168805,0.00031904428033158183,0.9544529469061408,3,3,4,0.0,5 4 3 10
1403,7427,0.050000000000000044,0.4390868842601776,0.0005136686049809214,0.0006645220564678311,0.949135994053624,7,7,8,0.0,4 6 8 5 3 9 7 10
1404,7434,0.050000000000000044,0.4402844309806824,0.000543433877672734,0.0004575620114337653,0.9523431284532535,6,6,7,0.0,5 9 3 8 4 7 10
1405,7443,0.050000000000000044,0.4273047149181366,0.0004637967730458412,0.0009876589756458998,0.8858564166832764,8,8,9,0.0,3 4 5 1 8 2 9 6 10
1406,7452,0.050000000000000044,0.4481083154678345,0.00039363986515026126,0.0005823540850542486,0.9282077593589367,9,9,10,0.0,8 3 4 5 6 1 9 2 7
1407,7461,0.050000000000000044,0.5264805555343628,0.0004096783975708402,0.0005368294660001993,0.9353582777357555,9,9,10,0.0,4 8 5 3 6 9 1 2 7
1408,7467,0.050000000000000044,0.39655250310897827,0.0004192651006936406,0.0009865451138466597,0.900334528391554,5,5,6,0.0,4 3 7 5 1 10
1409,7471,0.050000000000000044,0.12612539529800415,0.00040426258055958897,0.0017454905901104212,0.8363535951437622,3,3,4,0.0,4 3 5 10
1410,7475,0.050000000000000044,0.11428262293338776,0.0003999752225354314,0.0004913120064884424,0.9460985286517886,3,3,4,0.0,5 4 3 10
1411,7479,0.050000000000000044,0.08977723866701126,0.00040208354039350525,0.000887201982550323,0.92309207468339,3,3,4,0.0,7 4 8 10
1412,7488,0.050000000000000044,0.4961155652999878,0.0004606901170013265,0.0008741158526390791,0.9440860008326991,9,9,10,0.0,2 9 5 6 4 8 1 3 7
1413,7492,0.050000000000000044,0.16138248145580292,0.00044723210157826543,0.0011650301748886704,0.8867031143586219,3,3,4,0.0,5 4 3 10
1414,7496,0.050000000000000044,0.12612539529800415,0.000409781961934641,0.0017454905901104212,0.8363535951437622,3,3,4,0.0,4 5 3 10
1415,7505,0.050000000000000044,0.5464795827865601,0.0006243463139981031,0.0006200803909450769,0.9402069508072596,8,8,9,0.0,5 6 4 8 3 9 1 7 10
1416,7509,0.050000000000000044,0.2767753005027771,0.0008213197288569063,0.00023578456602990627,0.9599719557392895,3,3,4,0.0,3 4 5 10
1417,7518,0.050000000000000044,0.45832860469818115,0.0005870474819352643,0.0005837412318214774,0.9277698023778504,8,8,9,0.0,5 9 8 4 6 3 1 2 10
1418,7523,0.050000000000000044,0.17341507971286774,0.0006361893494613469,0.00065821991302073,0.9494274968057693,4,4,5,0.0,5 9 3 4 10
1419,7527,0.050000000000000044,0.19460906088352203,0.0005608347710222006,0.00031904428033158183,0.9544529469061408,3,3,4,0.0,5 4 3 10
1420,7530,0.050000000000000044,0.13226298987865448,0.0005612006061710417,0.001575223170220852,0.8435865839617714,2,2,3,0.0,9 7 10
1421,7535,0.050000000000000044,0.2646740972995758,0.0005656471650581807,0.0003394202794879675,0.9595537763819825,4,4,5,0.0,9 5 3 4 10
1422,7543,0.050000000000000044,0.4596351385116577,0.0004918705890304409,0.000749303144402802,0.9532457722105112,7,7,8,0.0,5 6 3 8 4 9 1 10
1423,7551,0.050000000000000044,0.3358643651008606,0.000572623986954568,0.0011149243218824267,0.9001817483184738,7,7,8,0.0,5 6 9 4 8 3 7 10
1424,7559,0.050000000000000044,0.3742717504501343,0.0005220750863372814,0.0009445439791306853,0.9230820919330566,7,7,8,0.0,5 6 9 4 8 3 1 10
1425,7565,0.050000000000000044,0.45943987369537354,0.00046639504823057604,0.0007157496293075383,0.943914234496467,5,5,6,0.0,5 6 3 1 4 10
1426,7571,0.050000000000000044,0.4908832907676697,0.00048537039644240093,0.0007635295623913407,0.9525509322511738,5,5,6,0.0,5 8 3 9 4 10
1427,7580,0.050000000000000044,0.526480495929718,0.0004729182207180808,0.0005368294660001993,0.9353582777357555,9,9,10,0.0,4 3 5 7 2 9 1 8 6
1428,7588,0.050000000000000044,0.45878908038139343,0.0005604884026979562,0.000758791109547019,0.9531811412676336,7,7,8,0.0,5 6 9 4 8 3 7 10
1429,7592,0.050000000000000044,0.19187839329242706,0.0005278516764519736,0.0007125287083908916,0.9225120335356659,3,3,4,0.0,5 3 4 10
1430,7600,0.050000000000000044,0.4362729787826538,0.0004413431779539678,0.0006709874141961336,0.9476550413864829,7,7,8,0.0,5 6 9 3 8 4 2 10
1431,7609,0.050000000000000044,0.5377313494682312,0.0004437713327610658,0.0006118930177763104,0.9411858805719936,9,9,10,0.0,4 3 5 6 1 2 9 8 7
1432,7617,0.050000000000000044,0.4263007640838623,0.00043522911437321454,0.0004484569653868675,0.9529941670428275,7,7,8,0.0,5 9 3 8 4 6 1 10
1433,7621,0.050000000000000044,0.2718748152256012,0.00044714094838127494,0.0006805580342188478,0.9332163441620599,3,3,4,0.0,5 3 4 10
1434,7625,0.050000000000000044,0.29884207248687744,0.00040194139000959694,0.0010978968348354101,0.9150954425760172,3,3,4,0.0,5 4 3 10
1435,7629,0.050000000000000044,0.1759031116962433,0.00043553023715503514,0.0009096288704313338,0.9269010189933953,3,3,4,0.0,5 4 3 10
1436,7633,0.050000000000000044,0.3090759515762329,0.00044549055746756494,0.0005270104738883674,0.9476480485780627,3,3,4,0.0,5 3 4 10
1437,7637,0.050000000000000044,0.2718748152256012,0.0004096486954949796,0.0006805580342188478,0.9332163441620599,3,3,4,0.0,5 4 3 10
1438,7646,0.050000000000000044,0.5459948778152466,0.000459957602692561,0.0006239440990611911,0.9403763693556916,8,8,9,0.0,5 6 9 4 8 3 1 2 10
1439,7655,0.050000000000000044,0.4273046851158142,0.0004088854410737339,0.0009876589756458998,0.8858564166832764,8,8,9,0.0,5 6 9 8 3 4 1 2 10
1440,7659,0.050000000000000044,0.2767753005027771,0.0005197438731556758,0.00023578456602990627,0.9599719557392895,3,3,4,0.0,5 3 4 10
1441,7666,0.050000000000000044,0.5533161163330078,0.0003944978795646291,0.0005703354254364967,0.9353237199141919,6,6,7,0.0,7 9 8 5 4 3 10
1442,7670,0.050000000000000044,0.07672931998968124,0.0005156449842615984,0.0009904849575832486,0.8990747353126263,3,3,4,0.0,5 4 3 10
1443,7674,0.050000000000000044,0.2718748152256012,0.0004761862801387906,0.0006805580342188478,0.9332163441620599,3,3,4,0.0,5 3 4 10
1444,7678,0.050000000000000044,0.07672931998968124,0.0003926437711925246,0.0009904849575832486,0.8990747353126263,3,3,4,0.0,5 4 3 10
1445,7687,0.050000000000000044,0.5351649522781372,0.0004561405221465975,0.0005414488259702921,0.9339400540359593,8,8,9,0.0,6 5 9 4 8 3 1 2 10
1446,7694,0.050000000000000044,0.4211815595626831,0.00039819985145836005,0.001049671322107315,0.9154895196948976,6,6,7,0.0,5 9 6 3 8 4 10
1447,7698,0.050000000000000044,0.10731006413698196,0.00046996890887385234,0.0013129606377333403,0.9179154419362064,3,3,4,0.0,4 5 3 10
1448,7707,0.050000000000000044,0.427304744720459,0.00037518277854865626,0.0009876589756458998,0.8858564166832764,8,8,9,0.0,5 6 9 4 3 1 2 8 10
1449,7711,0.050000000000000044,0.11130554974079132,0.00042834335908992216,0.001910673570819199,0.8240746942821637,3,3,4,0.0,4 5 7 10
1450,7717,0.050000000000000044,0.45455193519592285,0.0004289189140157153,0.000461772782728076,0.951346616895247,5,5,6,0.0,5 9 3 8 4 10
1451,7723,0.050000000000000044,0.40743178129196167,0.000498531032159614,0.0009576083393767476,0.9039430945190323,5,5,6,0.0,7 8 3 4 5 10
1452,7729,0.050000000000000044,0.5643339157104492,0.00045625955681316555,0.00033891579369083047,0.9575824246040848,5,5,6,0.0,7 3 4 6 5 10
1453,7735,0.050000000000000044,0.44833192229270935,0.00046852858213242143,0.0010306440526619554,0.8809444425576649,5,5,6,0.0,7 4 6 5 3 10
1454,7742,0.050000000000000044,0.45049434900283813,0.00038004020877581624,0.0006824893644079566,0.9468106235888002,6,6,7,0.0,5 6 4 3 9 1 10
1455,7746,0.050000000000000044,0.1890897899866104,0.00040700538374949247,0.0008415174670517445,0.9271355705439832,3,3,4,0.0,4 3 5 10
1456,7750,0.050000000000000044,0.10751000791788101,0.00046504072815878317,0.0006972261471673846,0.9356720983698592,3,3,4,0.0,5 4 3 10
1457,7754,0.050000000000000044,0.12612539529800415,0.0006493769033113495,0.0017454905901104212,0.8363535951437622,3,3,4,0.0,5 4 3 10
1458,7759,0.050000000000000044,0.07802316546440125,0.0006685075000859797,0.00046954493154771626,0.9478212018075369,4,4,5,0.0,5 4 6 3 10
1459,7762,0.050000000000000044,0.08179871737957001,0.0007287343420709173,0.0010265681194141507,0.893342571428287,2,2,3,0.0,9 8 10
1460,7766,0.050000000000000044,0.28711608052253723,0.000574959660298191,0.0003561797784641385,0.958056779700142,3,3,4,0.0,3 5 4 10
1461,7772,0.050000000000000044,0.45930418372154236,0.0005237588387293121,0.0003447188064455986,0.9670668352975573,5,5,6,0.0,8 6 3 4 5 10
1462,7777,0.050000000000000044,0.2858160734176636,0.0005809076421428472,0.0005041981930844486,0.9497746528435264,4,4,5,0.0,6 3 5 4 10
1463,7784,0.050000000000000044,0.5548122525215149,0.000558255793293938,0.0005666107754223049,0.9360419978275807,6,6,7,0.0,4 6 8 5 3 7 10
1464,7788,0.050000000000000044,0.16138248145580292,0.0005236605065874755,0.0011650301748886704,0.8867031143586219,3,3,4,0.0,4 5 3 10
1465,7792,0.050000000000000044,0.10731006413698196,0.0005720476619899273,0.0013129606377333403,0.9179154419362064,3,3,4,0.0,4 5 3 10
1466,7796,0.050000000000000044,0.16138248145580292,0.0005244191343081184,0.0011650301748886704,0.8867031143586219,3,3,4,0.0,4 3 5 10
1467,7801,0.050000000000000044,0.16639912128448486,0.0005042758362833411,0.00030146329663693905,0.956403461580611,4,4,5,0.0,6 3 5 4 10
1468,7806,0.050000000000000044,0.19207291305065155,0.0005747888586483896,0.0003905950579792261,0.9634129891657092,4,4,5,0.0,5 3 7 4 10
1469,7813,0.050000000000000044,0.442869633436203,0.0004035281017422676,0.001010315609164536,0.8830585666842466,6,6,7,0.0,5 6 4 3 1 8 10
1470,7817,0.050000000000000044,0.19187839329242706,0.0005808728892588988,0.0007125287083908916,0.9225120335356659,3,3,4,0.0,4 3 5 10
1471,7825,0.050000000000000044,0.5722638964653015,0.0004532887942332309,0.0007238480029627681,0.9448136808118128,7,7,8,0.0,4 6 3 5 1 2 9 10
1472,7829,0.050000000000000044,0.29884207248687744,0.00042075879173353314,0.0010978968348354101,0.9150954425760172,3,3,4,0.0,4 3 5 10
1473,7833,0.050000000000000044,0.19460906088352203,0.0005558506090892479,0.00031904428033158183,0.9544529469061408,3,3,4,0.0,5 3 4 10
1474,7842,0.050000000000000044,0.5356800556182861,0.00042653566278103326,0.000327766319969669,0.9580823810290496,8,8,9,0.0,2 4 6 8 5 3 9 7 10
1475,7848,0.050000000000000044,0.4845992922782898,0.0004582294592789064,0.000801010406576097,0.9501415679804919,5,5,6,0.0,4 6 8 3 5 10
1476,7852,0.050000000000000044,0.22431716322898865,0.0004948347195750102,0.00039680927875451744,0.9629182144202176,3,3,4,0.0,5 3 4 10
1477,7856,0.050000000000000044,0.07672931998968124,0.0004959536963724531,0.0009904849575832486,0.8990747353126263,3,3,4,0.0,4 5 3 10
1478,7860,0.050000000000000044,0.1759030967950821,0.00046286908036563545,0.0009096288704313338,0.9269010189933953,3,3,4,0.0,4 5 3 10
1479,7864,0.050000000000000044,0.10111117362976074,0.0004789368758792989,0.0003786321613006294,0.9311998551368147,3,3,4,0.0,4 5 3 10
1480,7871,0.050000000000000044,0.43968474864959717,0.0004437226203403303,0.0010234289802610874,0.8822553889752852,6,6,7,0.0,8 2 4 5 3 9 10
1481,7877,0.050000000000000044,0.4809441864490509,0.00047348005561313283,0.00048433104529976845,0.9349897179783595,5,5,6,0.0,9 8 7 3 2 10
1482,7885,0.050000000000000044,0.573369562625885,0.0004287957926862873,0.000715667731128633,0.9448793673274349,7,7,8,0.0,2 9 5 8 6 3 4 10
1483,7890,0.050000000000000044,0.14333373308181763,0.00047995900386013093,0.0009057675488293171,0.9274827775043767,4,4,5,0.0,4 1 3 5 10
1484,7895,0.050000000000000044,0.09267793595790863,0.00042399763478897514,0.0017445653211325407,0.8360355731086555,4,4,5,0.0,4 5 1 3 10
1485,7899,0.050000000000000044,0.2027108520269394,0.0004608148810802959,0.0006925154593773186,0.9477242445052734,3,3,4,0.0,5 4 3 10
1486,7904,0.050000000000000044,0.37664538621902466,0.00043533480493351817,0.0011553994845598936,0.8963733397415362,4,4,5,0.0,5 6 4 3 10
1487,7908,0.050000000000000044,0.09524019807577133,0.0004005562368547544,0.0006769447354599833,0.9249889811281642,3,3,4,0.0,4 5 3 10
1488,7912,0.050000000000000044,0.11958125978708267,0.00045325496466830373,0.0007459187181666493,0.9416358080580742,3,3,4,0.0,4 5 3 10
1489,7916,0.050000000000000044,0.06933695822954178,0.00047868804540485144,0.001283831661567092,0.861458354593032,3,3,4,0.0,4 5 3 10
1490,7918,0.050000000000000044,0.25216224789619446,0.00040080753387883306,0.00117566529661417,0.8650648079094932,1,1,2,0.0,3 10
1491,7923,0.050000000000000044,0.47105228900909424,0.00044048467534594236,0.00035515381023287773,0.9660112586461548,4,4,5,0.0,2 5 4 3 10
1492,7927,0.050000000000000044,0.1759030967950821,0.0004085365872015245,0.0009096288704313338,0.9269010189933953,3,3,4,0.0,5 3 4 10
1493,7931,0.050000000000000044,0.20271086692810059,0.0004413339411257766,0.0006925154593773186,0.9477242445052734,3,3,4,0.0,3 4 5 10
1494,7935,0.050000000000000044,0.19460906088352203,0.00047239657578757033,0.00031904428033158183,0.9544529469061408,3,3,4,0.0,5 4 3 10
1495,7941,0.050000000000000044,0.3651036322116852,0.00043764002233122784,0.0011368700070306659,0.8988275140895997,5,5,6,0.0,4 6 8 3 5 10
1496,7949,0.050000000000000044,0.5174714922904968,0.0004548243996396195,0.000882955442648381,0.9445673116525983,7,7,8,0.0,4 6 8 5 3 9 1 10
1497,7954,0.050000000000000044,0.2475619912147522,0.0004301835026126355,0.0006706903805024922,0.9352929691001153,4,4,5,0.0,6 3 5 4 10
1498,7961,0.050000000000000044,0.43772321939468384,0.00048005738478553085,0.0004623577115125954,0.951311006592797,6,6,7,0.0,8 2 5 4 3 7 10
1499,7966,0.050000000000000044,0.2858160734176636,0.00039031511405482886,0.0005041981930844486,0.9497746528435264,4,4,5,0.0,6 3 4 5 10
1500,7972,0.050000000000000044,0.4112217128276825,0.00037736121157649904,0.0005231340182945132,0.9368401421200789,5,5,6,0.0,9 5 6 4 1 10
1501,7978,0.050000000000000044,0.4845992922782898,0.0003923799134402846,0.000801010406576097,0.9501415679804919,5,5,6,0.0,5 6 4 8 3 10
1502,7984,0.050000000000000044,0.4340380132198334,0.000418322238450249,0.0010692942887544632,0.9134927398384539,5,5,6,0.0,8 6 4 3 5 10
1503,7988,0.050000000000000044,0.11428262293338776,0.00040957284363685176,0.0004913120064884424,0.9460985286517886,3,3,4,0.0,5 4 3 10
1504,7997,0.050000000000000044,0.3844572603702545,0.0003973839015492962,0.0009240448125638068,0.9058347816416257,8,8,9,0.0,9 5 6 3 2 4 1 8 10
1505,8002,0.050000000000000044,0.12845581769943237,0.00045255340519361197,0.0011619356228038669,0.8870668646555027,4,4,5,0.0,5 1 3 4 10
1506,8008,0.050000000000000044,0.4845992922782898,0.0005935485290441042,0.000801010406576097,0.9501415679804919,5,5,6,0.0,8 6 3 5 4 10
1507,8014,0.050000000000000044,0.4585285186767578,0.0005953490229633948,0.0003360679547768086,0.9661060972548977,5,5,6,0.0,2 9 5 3 4 10
1508,8019,0.050000000000000044,0.2866194248199463,0.0005969431076664478,0.0005029075546190143,0.9504435967286333,4,4,5,0.0,9 4 3 5 10
1509,8023,0.050000000000000044,0.3877120316028595,0.0005807125708088279,0.0011787256225943565,0.8939529767838018,3,3,4,0.0,3 4 5 10
1510,8027,0.050000000000000044,0.5117752552032471,0.0006676068587694317,0.0008333476143889129,0.9475241621311723,3,3,4,0.0,4 3 5 10
1511,8030,0.050000000000000044,0.32737451791763306,0.0005059317627456039,0.0010262496070936322,0.8675085755683012,2,2,3,0.0,3 1 10
1512,8034,0.050000000000000044,0.12612539529800415,0.0005514349031727761,0.0017454905901104212,0.8363535951437622,3,3,4,0.0,4 5 3 10
1513,8041,0.050000000000000044,0.45053523778915405,0.0005451132767900292,0.0006715296185575426,0.9460148952201487,6,6,7,0.0,9 5 2 4 3 7 10
1514,8045,0.050000000000000044,0.2767753005027771,0.0005213007825659588,0.00023578456602990627,0.9599719557392895,3,3,4,0.0,3 5 4 10
1515,8048,0.050000000000000044,0.08369344472885132,0.0005490943634261688,0.0015465832548215985,0.830022977848895,2,2,3,0.0,8 7 10
1516,8052,0.050000000000000044,0.28711605072021484,0.0005771422802354209,0.0003561797784641385,0.958056779700142,3,3,4,0.0,3 4 5 10
1517,8056,0.050000000000000044,0.2624897360801697,0.0005446549039334059,0.0008646699134260416,0.9188100051901145,3,3,4,0.0,3 4 5 10
1518,8062,0.050000000000000044,0.3977420926094055,0.0005073710829795649,0.0009847618639469147,0.9191200736551307,5,5,6,0.0,3 4 6 5 1 10
1519,8066,0.050000000000000044,0.1890897899866104,0.0005477739177877083,0.0008415174670517445,0.9271355705439832,3,3,4,0.0,4 3 5 10
1520,8070,0.050000000000000044,0.1890897899866104,0.00040586596878711134,0.0008415174670517445,0.9271355705439832,3,3,4,0.0,4 3 5 10
1521,8074,0.050000000000000044,0.2718748152256012,0.0005021330653107725,0.0006805580342188478,0.9332163441620599,3,3,4,0.0,3 5 4 10
1522,8078,0.050000000000000044,0.3026077151298523,0.00047173707571346313,0.0012980945175513625,0.8624627461632566,3,3,4,0.0,4 6 8 10
1523,8083,0.050000000000000044,0.2646740972995758,0.00048089357442222537,0.0003394202794879675,0.9595537763819825,4,4,5,0.0,3 5 9 4 10
1524,8087,0.050000000000000044,0.07672931998968124,0.00046629032294731587,0.0009904849575832486,0.8990747353126263,3,3,4,0.0,4 5 3 10
1525,8091,0.050000000000000044,0.1759030967950821,0.0005250663525657728,0.0009096288704313338,0.9269010189933953,3,3,4,0.0,4 5 3 10
1526,8096,0.050000000000000044,0.27406105399131775,0.0004457014496438205,0.0010760200675576925,0.9177090593488548,4,4,5,0.0,9 3 5 4 10
1527,8101,0.050000000000000044,0.46675926446914673,0.0006066573085263371,0.0004818411252927035,0.9507847315278547,4,4,5,0.0,3 6 4 5 10
1528,8104,0.050000000000000044,0.09108235687017441,0.0006465977251840135,0.0012427582405507565,0.8784250103902873,2,2,3,0.0,8 7 10
1529,8111,0.050000000000000044,0.46449536085128784,0.0004883776044672621,0.0006191475549712777,0.9227247290074045,6,6,7,0.0,3 1 5 4 2 9 10
1530,8115,0.050000000000000044,0.3090759515762329,0.0004905687383143231,0.0005270104738883674,0.9476480485780627,3,3,4,0.0,3 5 4 10
1531,8120,0.050000000000000044,0.25014907121658325,0.0005061233881860971,0.0008325366070494056,0.9293014432318004,4,4,5,0.0,3 7 5 4 10
1532,8126,0.050000000000000044,0.45760080218315125,0.00046260683545066666,0.00040093151619657874,0.9506686255247215,5,5,6,0.0,9 3 5 6 4 10
1533,8132,0.050000000000000044,0.4620225131511688,0.00039489537205857533,0.00033421628177165985,0.9672849233418385,5,5,6,0.0,9 3 5 6 4 10
1534,8140,0.050000000000000044,0.432091623544693,0.00045486274393624626,0.00038262648740783334,0.9532434003921525,7,7,8,0.0,9 8 6 3 5 4 7 10
1535,8145,0.050000000000000044,0.24886831641197205,0.00043008525972254574,0.000837070110719651,0.9284224099835091,4,4,5,0.0,1 3 5 4 10
1536,8148,0.050000000000000044,0.06868398189544678,0.00046062151280542213,0.0014242548495531082,0.8543957702983858,2,2,3,0.0,4 5 10
1537,8156,0.050000000000000044,0.38750091195106506,0.0004527577730186749,0.0009521585889160633,0.9048686899802915,7,7,8,0.0,3 4 5 6 8 9 7 10
1538,8160,0.050000000000000044,0.24972417950630188,0.00046561193448724225,0.0007711935322731733,0.90955268573924,3,3,4,0.0,3 5 4 10
1539,8164,0.050000000000000044,0.12612539529800415,0.0004237954708514735,0.0017454905901104212,0.8363535951437622,3,3,4,0.0,4 5 3 10
1540,8170,0.050000000000000044,0.3651036322116852,0.00046166094155826914,0.0011368700070306659,0.8988275140895997,5,5,6,0.0,4 6 8 3 5 10
1541,8175,0.050000000000000044,0.2710724472999573,0.0004534260369837284,0.001095649553462863,0.9149382270332183,4,4,5,0.0,1 4 3 5 10
1542,8183,0.050000000000000044,0.4377889633178711,0.0004550613994069863,0.000991881126537919,0.8860845962599114,7,7,8,0.0,3 1 7 6 8 5 4 10
1543,8187,0.050000000000000044,0.12612539529800415,0.0004574139093165286,0.0017454905901104212,0.8363535951437622,3,3,4,0.0,4 5 3 10
1544,8195,0.050000000000000044,0.4333852529525757,0.00045310575296753086,0.0010087136179208755,0.8846681786526114,7,7,8,0.0,8 5 3 6 4 9 7 10
1545,8199,0.050000000000000044,0.10751000791788101,0.00044229079503566027,0.0006972261471673846,0.9356720983698592,3,3,4,0.0,4 5 3 10
1546,8203,0.050000000000000044,0.2767753005027771,0.0004028302719234489,0.00023578456602990627,0.9599719557392895,3,3,4,0.0,3 5 4 10
1547,8207,0.050000000000000044,0.20271086692810059,0.0005168941497686319,0.0006925154593773186,0.9477242445052734,3,3,4,0.0,3 4 5 10
1548,8211,0.050000000000000044,0.28711608052253723,0.0004198282986180857,0.0003561797784641385,0.958056779700142,3,3,4,0.0,3 5 4 10
1549,8215,0.050000000000000044,0.24972417950630188,0.0003476350466371514,0.0007711935322731733,0.90955268573924,3,3,4,0.0,3 5 4 10
1550,8219,0.050000000000000044,0.11958125978708267,0.00045976552792126313,0.0007459187181666493,0.9416358080580742,3,3,4,0.0,4 5 3 10
1551,8227,0.050000000000000044,0.4566873610019684,0.00040178693416237365,0.0006141099147498608,0.9243778785010722,7,7,8,0.0,4 6 1 2 8 5 3 10
1552,8236,0.050000000000000044,0.506827175617218,0.000419555733161461,0.0008757499745115638,0.9439653884242959,8,8,9,0.0,2 8 6 4 5 3 9 7 10
1553,8241,0.050000000000000044,0.17382702231407166,0.00041409711120650173,0.0006527160294353962,0.949433034296977,4,4,5,0.0,3 7 5 4 10
1554,8246,0.050000000000000044,0.26558780670166016,0.00041723308968357744,0.0003361661219969392,0.9597677378322792,4,4,5,0.0,6 3 5 4 10
1555,8255,0.050000000000000044,0.42137327790260315,0.0005592754783315791,0.0009719681693241,0.8884891295865373,9,9,10,0.0,7 8 1 4 5 3 9 2 6
1556,8263,0.050000000000000044,0.5464503765106201,0.0005665182179654948,0.00032796442974358797,0.9578883394014254,7,7,8,0.0,7 8 1 4 6 5 3 10
1557,8267,0.050000000000000044,0.19187839329242706,0.00047532544704154134,0.0007125287083908916,0.9225120335356659,3,3,4,0.0,5 4 3 10
1558,8271,0.050000000000000044,0.48632511496543884,0.000524160270288121,0.0007457327446900308,0.9416614441681702,3,3,4,0.0,5 3 4 10
1559,8275,0.050000000000000044,0.16138248145580292,0.0005683112831320614,0.0011650301748886704,0.8867031143586219,3,3,4,0.0,5 4 3 10
1560,8279,0.050000000000000044,0.2757476568222046,0.0004665996602852829,0.0008420562953688204,0.9279354690406892,3,3,4,0.0,5 3 4 10
1561,8283,0.050000000000000044,0.1759031116962433,0.0004414202558109537,0.0009096288704313338,0.9269010189933953,3,3,4,0.0,5 4 3 10
1562,8286,0.050000000000000044,0.10991331189870834,0.00047817556575561565,0.0008190380176529288,0.9144812475327363,2,2,3,0.0,8 7 10
1563,8289,0.050000000000000044,0.10041698068380356,0.0005841182525424907,0.0009309060405939817,0.8957111837783126,2,2,3,0.0,8 7 10
1564,8297,0.050000000000000044,0.5454670786857605,0.000500487964018248,0.00033060513669624925,0.9578598415773633,7,7,8,0.0,7 6 8 9 4 3 5 10
1565,8303,0.050000000000000044,0.45760077238082886,0.000414349104782256,0.00040093151619657874,0.9506686255247215,5,5,6,0.0,6 9 3 5 4 10
1566,8311,0.050000000000000044,0.4335594177246094,0.0004783187687280588,0.0010059585329145193,0.8842324849913576,7,7,8,0.0,9 8 5 4 3 2 1 10
1567,8315,0.050000000000000044,0.2624897062778473,0.0005480575055116788,0.0008646699134260416,0.9188100051901145,3,3,4,0.0,5 3 4 10
1568,8319,0.050000000000000044,0.16138248145580292,0.0005065930818091147,0.0011650301748886704,0.8867031143586219,3,3,4,0.0,5 3 4 10
1569,8324,0.050000000000000044,0.14643417298793793,0.0004783110576681793,0.000878792954608798,0.9289871937330639,4,4,5,0.0,9 5 3 4 10
1570,8328,0.050000000000000044,0.3090759515762329,0.0004733721070806496,0.0005270104738883674,0.9476480485780627,3,3,4,0.0,5 3 4 10
1571,8332,0.050000000000000044,0.07071081548929214,0.0005420955858426169,0.0005520365666598082,0.9104713278066248,3,3,4,0.0,5 7 3 10
1572,8341,0.050000000000000044,0.38299793004989624,0.00042923499454951123,0.0009321386460214853,0.9064327901258055,8,8,9,0.0,8 5 6 9 7 4 3 1 10
1573,8347,0.050000000000000044,0.36247140169143677,0.0005277494443968559,0.001138480263762176,0.8968959538427743,5,5,6,0.0,5 6 9 3 4 10
1574,8351,0.050000000000000044,0.22431716322898865,0.0005558573757298291,0.00039680927875451744,0.9629182144202176,3,3,4,0.0,5 3 4 10
1575,8360,0.050000000000000044,0.5464797019958496,0.0003799565763781882,0.0006200803909450769,0.9402069508072596,8,8,9,0.0,4 6 9 5 8 3 7 1 10
1576,8362,0.050000000000000044,0.07729517668485641,0.00042604116606526077,0.002086291555315256,0.7785395332628708,1,1,2,0.0,4 10
1577,8366,0.050000000000000044,0.2027108520269394,0.00043841135629918426,0.0006925154593773186,0.9477242445052734,3,3,4,0.0,5 4 3 10
1578,8370,0.050000000000000044,0.19187839329242706,0.000448658611276187,0.0007125287083908916,0.9225120335356659,3,3,4,0.0,5 4 3 10
1579,8374,0.050000000000000044,0.1759030967950821,0.0004826981166843325,0.0009096288704313338,0.9269010189933953,3,3,4,0.0,5 3 4 10
1580,8377,0.050000000000000044,0.09837944805622101,0.000441963483657067,0.000610911229159683,0.9020982854218885,2,2,3,0.0,5 7 10
1581,8381,0.050000000000000044,0.16138248145580292,0.0004492682564887218,0.0011650301748886704,0.8867031143586219,3,3,4,0.0,5 3 4 10
1582,8385,0.050000000000000044,0.19187839329242706,0.0003852731388178654,0.0007125287083908916,0.9225120335356659,3,3,4,0.0,4 3 5 10
1583,8393,0.050000000000000044,0.4333851933479309,0.0004632458549167495,0.0010087136179208755,0.8846681786526114,7,7,8,0.0,4 6 9 5 8 7 3 10
1584,8399,0.050000000000000044,0.4610193073749542,0.00044614741394373897,0.0003362944698892534,0.9670657450853715,5,5,6,0.0,2 8 5 4 3 10
1585,8403,0.050000000000000044,0.19187839329242706,0.0004263032242306508,0.0007125287083908916,0.9225120335356659,3,3,4,0.0,5 3 4 10
1586,8408,0.050000000000000044,0.08338095247745514,0.0004032840544823557,0.0007144291885197163,0.9440950080132229,4,4,5,0.0,5 4 6 3 10
1587,8417,0.050000000000000044,0.4481082558631897,0.000393452378274459,0.0005823540850542486,0.9282077593589367,9,9,10,0.0,4 6 2 8 5 9 7 3 1
1588,8421,0.050000000000000044,0.2718748152256012,0.0003777998499572277,0.0006805580342188478,0.9332163441620599,3,3,4,0.0,5 3 4 10
1589,8428,0.050000000000000044,0.5276484489440918,0.00041207033375810297,0.00037924424395896494,0.9495573521510883,6,6,7,0.0,4 9 5 6 8 7 10
1590,8436,0.050000000000000044,0.3875008821487427,0.0004491151230467949,0.0009521585889160633,0.9048686899802915,7,7,8,0.0,5 9 6 3 8 7 4 10
1591,8443,0.050000000000000044,0.4402844309806824,0.00037961605786611993,0.0004575620114337653,0.9523431284532535,6,6,7,0.0,5 9 3 8 7 4 10
1592,8451,0.050000000000000044,0.4301735460758209,0.00037243378028506413,0.00038192799547687173,0.9520692856856107,7,7,8,0.0,2 8 5 1 9 3 4 10
1593,8458,0.050000000000000044,0.452924907207489,0.000440830535288634,0.0006747656734660268,0.9479289316925509,6,6,7,0.0,6 5 9 4 8 3 10
1594,8462,0.050000000000000044,0.07672931998968124,0.0003931101018679328,0.0009904849575832486,0.8990747353126263,3,3,4,0.0,5 4 3 10
1595,8470,0.050000000000000044,0.43908682465553284,0.0004179044990451075,0.0006645220564678311,0.949135994053624,7,7,8,0.0,5 9 3 6 8 4 7 10
1596,8474,0.050000000000000044,0.1759031116962433,0.0003680203153635375,0.0009096288704313338,0.9269010189933953,3,3,4,0.0,5 4 3 10
1597,8478,0.050000000000000044,0.19187839329242706,0.00041854889423120767,0.0007125287083908916,0.9225120335356659,3,3,4,0.0,5 4 3 10
1598,8485,0.050000000000000044,0.442152202129364,0.000436288961541972,0.000396194081986323,0.950871857093574,6,6,7,0.0,2 5 4 6 9 3 10
1599,8490,0.050000000000000044,0.5006769895553589,0.000429742899723351,0.0008021484827622771,0.9497768846512125,4,4,5,0.0,4 6 3 5 10
1600,8494,0.050000000000000044,0.16138248145580292,0.00040943217754829675,0.0011650301748886704,0.8867031143586219,3,3,4,0.0,5 4 3 10
1601,8500,0.050000000000000044,0.445237398147583,0.00038483385772754747,0.00103960616979748,0.8792746344605609,5,5,6,0.0,4 6 3 5 9 10
1602,8504,0.050000000000000044,0.22431716322898865,0.0005739588959841058,0.00039680927875451744,0.9629182144202176,3,3,4,0.0,5 3 4 10
1603,8508,0.050000000000000044,0.0915137231349945,0.0007016790186753497,0.0008497813250869513,0.9226011532878196,3,3,4,0.0,5 4 7 10
1604,8516,0.050000000000000044,0.4333851933479309,0.0005099824302305933,0.0010087136179208755,0.8846681786526114,7,7,8,0.0,4 6 9 5 8 3 7 10
1605,8521,0.050000000000000044,0.2710724472999573,0.0005219613609369844,0.001095649553462863,0.9149382270332183,4,4,5,0.0,1 4 3 5 10
1606,8526,0.050000000000000044,0.2646740674972534,0.0004925798391923308,0.0003394202794879675,0.9595537763819825,4,4,5,0.0,9 3 5 4 10
1607,8531,0.050000000000000044,0.14643417298793793,0.00044255301472730937,0.000878792954608798,0.9289871937330639,4,4,5,0.0,9 3 4 5 10
1608,8535,0.050000000000000044,0.11958125978708267,0.00046166256652213633,0.0007459187181666493,0.9416358080580742,3,3,4,0.0,5 4 3 10
1609,8542,0.050000000000000044,0.38607752323150635,0.0005109708373700934,0.0009633587906137109,0.9210522624527798,6,6,7,0.0,9 5 6 4 1 3 10
1610,8550,0.050000000000000044,0.5166926383972168,0.0004373439332994167,0.0008831666200421751,0.9439149655747215,7,7,8,0.0,4 6 5 9 8 3 7 10
1611,8558,0.050000000000000044,0.422622948884964,0.00041268730274168774,0.00045697821769863367,0.9516843595806682,7,7,8,0.0,9 5 4 6 8 2 3 10
1612,8562,0.050000000000000044,0.3090759515762329,0.00048404691187897697,0.0005270104738883674,0.9476480485780627,3,3,4,0.0,3 5 4 10
1613,8571,0.050000000000000044,0.42752137780189514,0.00041429010323352285,0.0009901642333716154,0.8867106673514801,8,8,9,0.0,9 8 3 2 5 1 4 7 10
1614,8580,0.050000000000000044,0.5068271160125732,0.0004120034767159571,0.0008757499745115638,0.9439653884242959,8,8,9,0.0,9 5 6 3 2 7 8 4 10
1615,8587,0.050000000000000044,0.44171440601348877,0.0004325252250834767,0.0003999162872787565,0.9510102265300705,6,6,7,0.0,9 5 3 6 7 4 10
1616,8594,0.050000000000000044,0.449108362197876,0.0004905047660161342,0.0006914717378094792,0.9465172543997713,6,6,7,0.0,5 9 1 4 7 3 10
1617,8601,0.050000000000000044,0.47280335426330566,0.000401604434175949,0.0007661468116566539,0.951669180524335,6,6,7,0.0,5 6 9 3 1 4 10
1618,8606,0.050000000000000044,0.17341507971286774,0.00042820925591513515,0.00065821991302073,0.9494274968057693,4,4,5,0.0,9 3 5 4 10
1619,8613,0.050000000000000044,0.5228707790374756,0.0004118586324953607,0.0008985780295915902,0.9417575219475557,6,6,7,0.0,3 1 4 5 2 9 10
1620,8620,0.050000000000000044,0.4472163915634155,0.00040878863988577256,0.00038457688060589135,0.9525625721842724,6,6,7,0.0,9 5 4 6 8 3 10
1621,8623,0.050000000000000044,0.06988902390003204,0.000414398469729349,0.0016929191770032048,0.812152810952893,2,2,3,0.0,4 3 10
1622,8626,0.050000000000000044,0.11195927113294601,0.00048362787735338014,0.0013545923866331577,0.9033599740844419,2,2,3,0.0,8 7 10
1623,8630,0.050000000000000044,0.11958125978708267,0.00038564277929253876,0.0007459187181666493,0.9416358080580742,3,3,4,0.0,4 3 5 10
1624,8635,0.050000000000000044,0.16330622136592865,0.0003617182897869498,0.0006911513046361506,0.9266498023810199,4,4,5,0.0,9 3 4 5 10
1625,8642,0.050000000000000044,0.4199163317680359,0.0003947883877637131,0.0010528923012316227,0.9145909363888957,6,6,7,0.0,5 9 2 4 6 3 10
1626,8646,0.050000000000000044,0.12612539529800415,0.00043547269160626456,0.0017454905901104212,0.8363535951437622,3,3,4,0.0,4 5 3 10
1627,8652,0.050000000000000044,0.21728341281414032,0.0004159010713919997,0.0008066880982369184,0.9242653544110719,5,5,6,0.0,9 3 5 4 8 10
1628,8661,0.050000000000000044,0.42536991834640503,0.00041738178697414696,0.0009983039926737547,0.885998943685493,8,8,9,0.0,9 5 6 3 2 7 8 4 10
1629,8670,0.050000000000000044,0.45036888122558594,0.00035931969695310626,0.0006029056385159492,0.9257098763259781,8,8,9,0.0,9 5 6 3 2 7 8 4 10
1630,8675,0.050000000000000044,0.2646740674972534,0.0004072384617757052,0.0003394202794879675,0.9595537763819825,4,4,5,0.0,9 3 5 4 10
1631,8682,0.050000000000000044,0.4402844309806824,0.00042402552623700885,0.0004575620114337653,0.9523431284532535,6,6,7,0.0,5 7 3 9 8 4 10
1632,8686,0.050000000000000044,0.11428262293338776,0.0004001473935204558,0.0004913120064884424,0.9460985286517886,3,3,4,0.0,5 4 3 10
1633,8691,0.050000000000000044,0.23959067463874817,0.0003807234112173319,0.000836653052829206,0.9213197759123393,4,4,5,0.0,9 3 5 4 10
1634,8695,0.050000000000000044,0.12612539529800415,0.0004296758270356804,0.0017454905901104212,0.8363535951437622,3,3,4,0.0,4 3 5 10
1635,8699,0.050000000000000044,0.2718748152256012,0.0004481545474845916,0.0006805580342188478,0.9332163441620599,3,3,4,0.0,3 5 4 10
1636,8708,0.050000000000000044,0.5448443293571472,0.00036568764739462896,0.0006295429775491357,0.9401730913115172,8,8,9,0.0,9 5 6 3 2 7 8 4 10
1637,8715,0.050000000000000044,0.2004157453775406,0.00037095708207094243,0.001274065230973065,0.9068878405017603,6,6,7,0.0,1 4 6 7 5 2 10
1638,8720,0.050000000000000044,0.2253938913345337,0.00031871233659330755,0.0007512070587836206,0.911032342687515,4,4,5,0.0,9 3 5 4 10
1639,8724,0.050000000000000044,0.10111117362976074,0.00028570706854225136,0.0003786321613006294,0.9311998551368147,3,3,4,0.0,5 4 3 10
1640,8729,0.050000000000000044,0.2646740674972534,0.0003547816420905292,0.0003394202794879675,0.9595537763819825,4,4,5,0.0,9 3 5 4 10
1641,8736,0.050000000000000044,0.44526124000549316,0.0003696345832265381,0.000333433534251526,0.9671887475886469,6,6,7,0.0,9 3 5 6 1 4 10
1642,8741,0.050000000000000044,0.24886831641197205,0.0003272780973929912,0.000837070110719651,0.9284224099835091,4,4,5,0.0,1 3 4 5 10
1643,8745,0.050000000000000044,0.10731006413698196,0.0003419834392843768,0.0013129606377333403,0.9179154419362064,3,3,4,0.0,4 3 5 10
1644,8750,0.050000000000000044,0.25172901153564453,0.00037680806126445533,0.00023113295901566744,0.9607477194754745,4,4,5,0.0,9 3 5 4 10
1645,8753,0.050000000000000044,0.08359789103269577,0.0006404876670179268,0.0015446161851286888,0.8295423825239313,2,2,3,0.0,8 2 10
1646,8757,0.050000000000000044,0.11958125978708267,0.0004623372442438267,0.0007459187181666493,0.9416358080580742,3,3,4,0.0,5 4 3 10
1647,8759,0.050000000000000044,0.128206267952919,0.0005247693043202162,0.0018053578678518534,0.7932070821133862,1,1,2,0.0,9 10
1648,8764,0.050000000000000044,0.2866194248199463,0.0004999849770683795,0.0005029075546190143,0.9504435967286333,4,4,5,0.0,9 3 5 4 10
1649,8768,0.050000000000000044,0.2544839084148407,0.0003690116063808091,0.0008047324954532087,0.9221689903867231,3,3,4,0.0,1 4 7 10
1650,8771,0.050000000000000044,0.10531896352767944,0.0004883010794098178,0.0008767488761804998,0.8980344750173168,2,2,3,0.0,8 2 10
1651,8775,0.050000000000000044,0.11958125978708267,0.0003996162413386628,0.0007459187181666493,0.9416358080580742,3,3,4,0.0,4 3 5 10
1652,8778,0.050000000000000044,0.08359789103269577,0.0003864830359816551,0.0015446161851286888,0.8295423825239313,2,2,3,0.0,8 2 10
1653,8784,0.050000000000000044,0.21216873824596405,0.0004753670946229249,0.0008356081671081483,0.9215932948410723,5,5,6,0.0,9 3 5 7 4 10
1654,8787,0.050000000000000044,0.09829054027795792,0.00039893864110733074,0.0008721477352082729,0.902216525737298,2,2,3,0.0,3 8 10
1655,8791,0.050000000000000044,0.07672931998968124,0.00039457773527828977,0.0009904849575832486,0.8990747353126263,3,3,4,0.0,4 5 3 10
1656,8796,0.050000000000000044,0.17341507971286774,0.00038978499942459165,0.00065821991302073,0.9494274968057693,4,4,5,0.0,9 3 4 5 10
1657,8802,0.050000000000000044,0.40432506799697876,0.0004718678634768973,0.0009569505928084254,0.9216902562540011,5,5,6,0.0,9 8 5 4 3 10
1658,8803,0.050000000000000044,0.0,0.0003001209697686136,0.0018439533887431026,0.7704608944110688,0,0,1,0.0,10
1659,8808,0.050000000000000044,0.048979029059410095,0.0004231823026202619,0.001683912705630064,0.8991273336730428,4,4,5,0.0,8 7 3 6 10
1660,8815,0.050000000000000044,0.4662582576274872,0.00043573265013817163,0.0006159376353025436,0.9234642894776908,6,6,7,0.0,9 5 6 3 2 4 10
1661,8820,0.050000000000000044,0.14643417298793793,0.0003828073327895254,0.000878792954608798,0.9289871937330639,4,4,5,0.0,9 3 4 5 10
1662,8827,0.050000000000000044,0.4394947290420532,0.0003762314486916044,0.001024157158099115,0.882194752766176,6,6,7,0.0,9 8 5 4 6 3 10
1663,8832,0.050000000000000044,0.1951107233762741,0.0003707724739797413,0.0003653846506495029,0.9641863331464469,4,4,5,0.0,9 3 5 4 10
1664,8835,0.050000000000000044,0.1187589019536972,0.000375680635139967,0.0016182332765311003,0.8344184728405758,2,2,3,0.0,9 3 10
1665,8842,0.050000000000000044,0.39090561866760254,0.00042130066347973686,0.0009684308897703886,0.9012271762160002,6,6,7,0.0,9 5 2 4 6 3 10
1666,8848,0.050000000000000044,0.45420345664024353,0.00036002780446627486,0.0004647409659810364,0.951450263082485,5,5,6,0.0,9 5 3 6 4 10
1667,8854,0.050000000000000044,0.48690205812454224,0.0003446065238676965,0.0007774393307045102,0.9504492219258432,5,5,6,0.0,3 9 5 2 4 10
1668,8863,0.050000000000000044,0.5356799960136414,0.0003862401192438685,0.000327766319969669,0.9580823810290496,8,8,9,0.0,9 5 6 3 2 7 8 4 10
1669,8867,0.050000000000000044,0.09524019807577133,0.0003935069835279137,0.0006769447354599833,0.9249889811281642,3,3,4,0.0,5 4 3 10
1670,8871,0.050000000000000044,0.07672931998968124,0.00038607891474384815,0.0009904849575832486,0.8990747353126263,3,3,4,0.0,5 4 3 10
1671,8880,0.050000000000000044,0.3844572603702545,0.00038598257621439797,0.0009240448125638068,0.9058347816416257,8,8,9,0.0,9 5 3 2 6 1 4 8 10
1672,8885,0.050000000000000044,0.23959067463874817,0.00034857325372286143,0.000836653052829206,0.9213197759123393,4,4,5,0.0,9 3 5 4 10
1673,8888,0.050000000000000044,0.1055641770362854,0.00034287103335373104,0.0005887477309443057,0.9096496218591751,2,2,3,0.0,8 7 10
1674,8896,0.050000000000000044,0.573704183101654,0.0003416208091948647,0.0007152584730647504,0.945147196546321,7,7,8,0.0,9 8 5 4 6 3 7 10
1675,8899,0.050000000000000044,0.08369344472885132,0.0003844399858886997,0.0015465832548215985,0.830022977848895,2,2,3,0.0,8 7 10
1676,8904,0.050000000000000044,0.2253938913345337,0.00040243336698040364,0.0007512070587836206,0.911032342687515,4,4,5,0.0,9 3 5 4 10
1677,8908,0.050000000000000044,0.11958125978708267,0.0003733219418791123,0.0007459187181666493,0.9416358080580742,3,3,4,0.0,5 4 3 10
1678,8911,0.050000000000000044,0.0663873478770256,0.00037220325126933557,0.0007817831356078386,0.8786477445847356,2,2,3,0.0,1 4 10
1679,8916,0.050000000000000044,0.2710724472999573,0.00035518133663572373,0.001095649553462863,0.9149382270332183,4,4,5,0.0,1 4 5 3 10
1680,8921,0.050000000000000044,0.13125713169574738,0.00037682183319702743,0.0011279303580522537,0.8883410995199337,4,4,5,0.0,9 3 5 4 10
1681,8928,0.050000000000000044,0.4677918553352356,0.00040585130253540617,0.0006126986700110137,0.9239853740128269,6,6,7,0.0,9 8 6 4 5 3 10
1682,8932,0.050000000000000044,0.10751000791788101,0.00036736867332365364,0.0006972261471673846,0.9356720983698592,3,3,4,0.0,5 4 3 10
1683,8938,0.050000000000000044,0.4025128483772278,0.0003619333777654295,0.0009648699196986854,0.9210029072731769,5,5,6,0.0,9 5 4 6 3 10
1684,8946,0.050000000000000044,0.5139752626419067,0.00031459491947316565,0.0008931183256208897,0.9429315840925104,7,7,8,0.0,9 5 6 3 2 7 4 10
1685,8951,0.050000000000000044,0.2514703571796417,0.00036496149841696023,0.0008264952339231968,0.9301102872977784,4,4,5,0.0,9 3 5 4 10
1686,8956,0.050000000000000044,0.16330622136592865,0.00028489755932241677,0.0006911513046361506,0.9266498023810199,4,4,5,0.0,9 3 5 4 10
1687,8961,0.050000000000000044,0.2253938913345337,0.00039332471787929536,0.0007512070587836206,0.911032342687515,4,4,5,0.0,9 3 5 4 10
1688,8967,0.050000000000000044,0.4620225131511688,0.0003472461733811845,0.00033421628177165985,0.9672849233418385,5,5,6,0.0,9 5 3 6 4 10
1689,8971,0.050000000000000044,0.08996736258268356,0.00037392822559922934,0.0007125551346689463,0.9199482513487551,3,3,4,0.0,5 4 7 10
1690,8979,0.050000000000000044,0.4266561269760132,0.0003114254941465333,0.0003927694633603096,0.9511852292930896,7,7,8,0.0,9 5 6 3 2 1 4 10
1691,8987,0.050000000000000044,0.33522456884384155,0.0003554673203325365,0.0011098608374595642,0.8992493487230095,7,7,8,0.0,9 6 5 3 2 1 4 10
1692,8992,0.050000000000000044,0.2646740674972534,0.0002851103083230555,0.0003394202794879675,0.9595537763819825,4,4,5,0.0,9 3 5 4 10
1693,8995,0.050000000000000044,0.1733502298593521,0.0003295066805245976,0.0011874460615217686,0.892609219869663,2,2,3,0.0,8 7 10
1694,9000,0.050000000000000044,0.2646740674972534,0.00039434981299564243,0.0003394202794879675,0.9595537763819825,4,4,5,0.0,9 3 5 4 10
1695,9006,0.050000000000000044,0.22487415373325348,0.0005141967412782833,0.00023050879826769233,0.9611250415408937,5,5,6,0.0,9 3 5 1 4 10
1696,9010,0.050000000000000044,0.1890897899866104,0.0004440287084435113,0.0008415174670517445,0.9271355705439832,3,3,4,0.0,4 3 5 10
1697,9014,0.050000000000000044,0.11428261548280716,0.00045831535680918023,0.0004913120064884424,0.9460985286517886,3,3,4,0.0,4 3 5 10
1698,9019,0.050000000000000044,0.46528875827789307,0.0004534222010988742,0.0004760046722367406,0.9492866890892546,4,4,5,0.0,9 5 4 3 10
1699,9028,0.050000000000000044,0.5459948182106018,0.0003868607454933226,0.0006239440990611911,0.9403763693556916,8,8,9,0.0,9 5 6 1 4 8 2 3 10
1700,9033,0.050000000000000044,0.2646740674972534,0.0004212000814732164,0.0003394202794879675,0.9595537763819825,4,4,5,0.0,9 3 4 5 10
1701,9037,0.050000000000000044,0.2767753005027771,0.0003327081212773919,0.00023578456602990627,0.9599719557392895,3,3,4,0.0,3 5 4 10
1702,9041,0.050000000000000044,0.2624897062778473,0.0003916439090971835,0.0008646699134260416,0.9188100051901145,3,3,4,0.0,5 3 4 10
1703,9047,0.050000000000000044,0.39981353282928467,0.0003779841208597645,0.0009739070083014667,0.9197674458503157,5,5,6,0.0,9 5 4 1 3 10
1704,9051,0.050000000000000044,0.19460906088352203,0.00034333641815464944,0.00031904428033158183,0.9544529469061408,3,3,4,0.0,4 3 5 10
1705,9055,0.050000000000000044,0.19460906088352203,0.00040525618533138186,0.00031904428033158183,0.9544529469061408,3,3,4,0.0,4 3 5 10
1706,9060,0.050000000000000044,0.24820592999458313,0.0002842180721927434,0.0006626045797020197,0.935212854734499,4,4,5,0.0,5 4 8 3 10
1707,9065,0.050000000000000044,0.17341507971286774,0.0003874268673826009,0.00065821991302073,0.9494274968057693,4,4,5,0.0,9 3 4 5 10
1708,9073,0.050000000000000044,0.5431646108627319,0.00038115630377433263,0.0005584293976426125,0.9340901452512009,7,7,8,0.0,9 5 2 4 6 8 3 10
1709,9081,0.050000000000000044,0.5454671382904053,0.000445446275989525,0.00033060513669624925,0.9578598415773633,7,7,8,0.0,9 5 6 4 8 3 7 10
1710,9085,0.050000000000000044,0.09524019807577133,0.0002972814399981871,0.0006769447354599833,0.9249889811281642,3,3,4,0.0,5 4 3 10
1711,9093,0.050000000000000044,0.5558714270591736,0.00038678048440488055,0.0006297211511991918,0.9401191107654118,7,7,8,0.0,9 5 6 2 4 3 7 10
1712,9098,0.050000000000000044,0.09615491330623627,0.00032884825486689806,0.0017156526446342468,0.8399174598429915,4,4,5,0.0,9 4 3 5 10
1713,9101,0.050000000000000044,0.1057547777891159,0.0004099579139923056,0.0005714053986594081,0.9074884510812805,2,2,3,0.0,5 3 10
1714,9105,0.050000000000000044,0.29152458906173706,0.00033671689743641764,0.0017000162042677402,0.819848243408481,3,3,4,0.0,9 8 6 10
1715,9107,0.050000000000000044,0.193293496966362,0.0004845845542149618,0.002326723886653781,0.7978291852348767,1,1,2,0.0,9 10
1716,9112,0.050000000000000044,0.2302922010421753,0.000396255764644593,0.0009498283034190536,0.9190489988813928,4,4,5,0.0,1 4 3 8 10
1717,9117,0.050000000000000044,0.09615491330623627,0.00046222171513363717,0.0017156526446342468,0.8399174598429915,4,4,5,0.0,9 4 3 5 10
1718,9121,0.050000000000000044,0.10751000791788101,0.00032327821463695727,0.0006972261471673846,0.9356720983698592,3,3,4,0.0,4 5 3 10
1719,9125,0.050000000000000044,0.1890897899866104,0.000369539629900828,0.0008415174670517445,0.9271355705439832,3,3,4,0.0,4 3 5 10
1720,9128,0.050000000000000044,0.10987220704555511,0.0004250953982894619,0.0007959660142660141,0.9119287159174291,2,2,3,0.0,5 3 10
1721,9135,0.050000000000000044,0.5823027491569519,0.0003827707883569279,0.0007333335233852267,0.94493638577912,6,6,7,0.0,9 5 6 2 4 3 10
1722,9139,0.050000000000000044,0.2767753005027771,0.0003476724959909916,0.00023578456602990627,0.9599719557392895,3,3,4,0.0,3 4 5 10
1723,9147,0.050000000000000044,0.4350876212120056,0.0003796351775235962,0.0006707250140607357,0.9468066355702993,7,7,8,0.0,5 1 2 4 7 8 3 10
1724,9153,0.050000000000000044,0.48919999599456787,0.000370739318896085,0.0007698665140196681,0.9516889500951087,5,5,6,0.0,9 6 4 3 5 10
1725,9161,0.050000000000000044,0.4333852231502533,0.0003398350818315521,0.0010087136179208755,0.8846681786526114,7,7,8,0.0,9 5 6 4 8 3 7 10
1726,9164,0.050000000000000044,0.07209451496601105,0.0003190166996015857,0.0016464320942759514,0.812240506049498,2,2,3,0.0,3 5 10
1727,9168,0.050000000000000044,0.2718748152256012,0.000360201760486234,0.0006805580342188478,0.9332163441620599,3,3,4,0.0,3 5 4 10
1728,9173,0.050000000000000044,0.16330622136592865,0.0003861904551740736,0.0006911513046361506,0.9266498023810199,4,4,5,0.0,9 4 3 5 10
1729,9182,0.050000000000000044,0.5351648926734924,0.00036714093261657073,0.0005414488259702921,0.9339400540359593,8,8,9,0.0,9 5 2 6 1 4 8 3 10
1730,9187,0.050000000000000044,0.14643417298793793,0.00035613305517472326,0.000878792954608798,0.9289871937330639,4,4,5,0.0,9 3 4 5 10
1731,9194,0.050000000000000044,0.44267117977142334,0.00034703190820956867,0.0003343479475006461,0.9662795484544406,6,6,7,0.0,2 9 5 4 3 7 10
1732,9198,0.050000000000000044,0.2767753005027771,0.0003368703764863312,0.00023578456602990627,0.9599719557392895,3,3,4,0.0,3 5 4 10
1733,9204,0.050000000000000044,0.45420342683792114,0.0003281354341500749,0.0004647409659810364,0.951450263082485,5,5,6,0.0,9 6 4 3 5 10
1734,9208,0.050000000000000044,0.0729670375585556,0.00033355323103023693,0.0008260082686319947,0.9035436550551731,3,3,4,0.0,3 5 8 10
1735,9216,0.050000000000000044,0.371351420879364,0.0003526487125782296,0.0009468531352467835,0.9211725542470193,7,7,8,0.0,9 3 6 2 5 1 4 10
1736,9224,0.050000000000000044,0.5519474148750305,0.0003436405932006892,0.0008131446084007621,0.9362842181030834,7,7,8,0.0,2 9 5 6 1 4 7 10
1737,9228,0.050000000000000044,0.1890897899866104,0.0003404956514714286,0.0008415174670517445,0.9271355705439832,3,3,4,0.0,4 3 5 10
1738,9232,0.050000000000000044,0.10731006413698196,0.0003673286919365637,0.0013129606377333403,0.9179154419362064,3,3,4,0.0,4 5 3 10
1739,9238,0.050000000000000044,0.24978864192962646,0.0003111017964935551,0.0010239568073302507,0.9187780575257561,5,5,6,0.0,1 4 3 5 6 10
1740,9241,0.050000000000000044,0.10795970261096954,0.00046866072807461023,0.0013966085389256477,0.8993793403581405,2,2,3,0.0,4 3 10
1741,9250,0.050000000000000044,0.427304744720459,0.000312620085120822,0.0009876589756458998,0.8858564166832764,8,8,9,0.0,9 5 6 1 2 4 8 3 10
1742,9255,0.050000000000000044,0.2253938913345337,0.00047693137894384564,0.0007512070587836206,0.911032342687515,4,4,5,0.0,9 3 5 4 10
1743,9261,0.050000000000000044,0.3991061747074127,0.00049958238863231,0.0009804697474464774,0.9197655206947066,5,5,6,0.0,2 8 5 4 3 10
1744,9266,0.050000000000000044,0.47240111231803894,0.0005573249713052064,0.00040495581924915314,0.9500186273941104,4,4,5,0.0,9 5 3 4 10
1745,9271,0.050000000000000044,0.24886831641197205,0.00046362902503460646,0.000837070110719651,0.9284224099835091,4,4,5,0.0,1 4 3 5 10
1746,9275,0.050000000000000044,0.22431716322898865,0.00040302719571627676,0.00039680927875451744,0.9629182144202176,3,3,4,0.0,3 4 5 10
1747,9281,0.050000000000000044,0.4681140184402466,0.00037777007673867047,0.0006834827945567667,0.9475515836165436,5,5,6,0.0,7 3 6 5 4 10
1748,9289,0.050000000000000044,0.33893102407455444,0.00038162431883392856,0.0010969156865030527,0.9010629394887886,7,7,8,0.0,3 6 5 9 1 8 4 10
1749,9295,0.050000000000000044,0.4581420123577118,0.0003519197052810341,0.0004036144237034023,0.9512601779877927,5,5,6,0.0,2 8 5 4 3 10
1750,9299,0.050000000000000044,0.2767753005027771,0.00039545159961562604,0.00023578456602990627,0.9599719557392895,3,3,4,0.0,3 5 4 10
1751,9305,0.050000000000000044,0.06514792889356613,0.000360881065716967,0.0016956140752881765,0.8424442198291403,5,5,6,0.0,9 3 5 2 4 10
1752,9310,0.050000000000000044,0.47983917593955994,0.0003512169641908258,0.0007000818150117993,0.9453453828052448,4,4,5,0.0,9 5 3 4 10
1753,9314,0.050000000000000044,0.11428262293338776,0.0003891518645104952,0.0004913120064884424,0.9460985286517886,3,3,4,0.0,5 4 3 10
1754,9318,0.050000000000000044,0.1890898048877716,0.00031991832292987965,0.0008415174670517445,0.9271355705439832,3,3,4,0.0,5 4 3 10
1755,9322,0.050000000000000044,0.10111116617918015,0.00039424916030839086,0.0003786321613006294,0.9311998551368147,3,3,4,0.0,5 3 4 10
1756,9331,0.050000000000000044,0.4213733375072479,0.00034281403188490204,0.0009719681693241,0.8884891295865373,9,9,10,0.0,9 5 3 6 2 7 8 4 1
1757,9337,0.050000000000000044,0.46360838413238525,0.00040061603552506614,0.0003847168991342187,0.9524195111145163,5,5,6,0.0,9 5 3 8 4 10
1758,9342,0.050000000000000044,0.2514703571796417,0.0004020252730697393,0.0008264952339231968,0.9301102872977784,4,4,5,0.0,9 3 5 4 10
1759,9346,0.050000000000000044,0.2757476568222046,0.0003525541760609485,0.0008420562953688204,0.9279354690406892,3,3,4,0.0,5 4 3 10
1760,9350,0.050000000000000044,0.2624897062778473,0.0003427801202633418,0.0008646699134260416,0.9188100051901145,3,3,4,0.0,5 3 4 10
1761,9357,0.050000000000000044,0.472873330116272,0.00036765183488439234,0.0007641755510121584,0.9516051112896764,6,6,7,0.0,9 5 3 2 4 6 10
1762,9360,0.050000000000000044,0.0999334529042244,0.0002580213185865432,0.0006207572878338397,0.9057950482179946,2,2,3,0.0,5 4 10
1763,9363,0.050000000000000044,0.07415992766618729,0.00036173901268436265,0.0007005358347669244,0.8787447636355685,2,2,3,0.0,3 1 10
1764,9372,0.050000000000000044,0.4961155354976654,0.0003482576996450209,0.0008741158526390791,0.9440860008326991,9,9,10,0.0,9 5 2 6 1 4 7 8 3
1765,9376,0.050000000000000044,0.10111117362976074,0.0003711823883350007,0.0003786321613006294,0.9311998551368147,3,3,4,0.0,5 4 3 10
1766,9380,0.050000000000000044,0.2718748152256012,0.000315657802275382,0.0006805580342188478,0.9332163441620599,3,3,4,0.0,3 5 4 10
1767,9384,0.050000000000000044,0.12612539529800415,0.0003362843708600849,0.0017454905901104212,0.8363535951437622,3,3,4,0.0,4 5 3 10
1768,9390,0.050000000000000044,0.40432512760162354,0.00031618216113808256,0.0009569505928084254,0.9216902562540011,5,5,6,0.0,3 9 5 8 4 10
1769,9394,0.050000000000000044,0.10731006413698196,0.00035714592377189547,0.0013129606377333403,0.9179154419362064,3,3,4,0.0,5 4 3 10
1770,9398,0.050000000000000044,0.06341002136468887,0.00033403662382625043,0.0013525376562029123,0.8544895497729889,3,3,4,0.0,5 4 7 10
1771,9402,0.050000000000000044,0.16138248145580292,0.00028841134917456657,0.0011650301748886704,0.8867031143586219,3,3,4,0.0,5 4 3 10
1772,9409,0.050000000000000044,0.5539751052856445,0.0003793529675541712,0.00033346767304465175,0.9567238953004411,6,6,7,0.0,9 3 4 5 8 6 10
1773,9414,0.050000000000000044,0.45331770181655884,0.00032388040563091636,0.0010505521204322577,0.878149451676858,4,4,5,0.0,3 9 4 5 10
1774,9418,0.050000000000000044,0.10750999301671982,0.0003746766087715514,0.0006972261471673846,0.9356720983698592,3,3,4,0.0,3 5 4 10
1775,9422,0.050000000000000044,0.11958125233650208,0.0003347127858432941,0.0007459187181666493,0.9416358080580742,3,3,4,0.0,3 5 4 10
1776,9428,0.050000000000000044,0.06335712969303131,0.00032659416562334326,0.0017032052855938673,0.8397023085677524,5,5,6,0.0,3 5 8 6 4 10
1777,9432,0.050000000000000044,0.16138248145580292,0.00031345491515821777,0.0011650301748886704,0.8867031143586219,3,3,4,0.0,3 5 4 10
1778,9440,0.050000000000000044,0.5691816806793213,0.0003351392333570402,0.0007484406232833862,0.9448455865721924,7,7,8,0.0,2 5 6 7 1 4 3 10
1779,9444,0.050000000000000044,0.11428262293338776,0.00034025509376078844,0.0004913120064884424,0.9460985286517886,3,3,4,0.0,5 4 3 10
1780,9448,0.050000000000000044,0.2767753005027771,0.00030452282953774557,0.00023578456602990627,0.9599719557392895,3,3,4,0.0,3 5 4 10
1781,9453,0.050000000000000044,0.4652887284755707,0.000332649820484221,0.0004760046722367406,0.9492866890892546,4,4,5,0.0,3 9 4 5 10
1782,9458,0.050000000000000044,0.40997081995010376,0.0003034399531316012,0.000616118311882019,0.930844915235652,4,4,5,0.0,3 9 8 5 10
1783,9462,0.050000000000000044,0.19460906088352203,0.0003292845794931054,0.00031904428033158183,0.9544529469061408,3,3,4,0.0,5 4 3 10
1784,9467,0.050000000000000044,0.24886831641197205,0.00031782376463525,0.000837070110719651,0.9284224099835091,4,4,5,0.0,1 4 3 5 10
1785,9472,0.050000000000000044,0.41591233015060425,0.00033053111110348254,0.0009755328064784408,0.9194864227960282,4,4,5,0.0,3 9 5 4 10
1786,9476,0.050000000000000044,0.10333916544914246,0.0003190279385307804,0.0009524844354018569,0.9278696608174853,3,3,4,0.0,4 5 7 10
1787,9480,0.050000000000000044,0.2624897062778473,0.00031135359677136876,0.0008646699134260416,0.9188100051901145,3,3,4,0.0,5 3 4 10
1788,9484,0.050000000000000044,0.2757476568222046,0.00035286357160657644,0.0008420562953688204,0.9279354690406892,3,3,4,0.0,5 3 4 10
1789,9489,0.050000000000000044,0.09615489095449448,0.00034679920645430684,0.0017156526446342468,0.8399174598429915,4,4,5,0.0,9 3 5 4 10
1790,9492,0.050000000000000044,0.1057547852396965,0.000379302956086273,0.0005714053986594081,0.9074884510812805,2,2,3,0.0,3 5 10
1791,9497,0.050000000000000044,0.24886831641197205,0.00030188359960447997,0.000837070110719651,0.9284224099835091,4,4,5,0.0,1 4 5 3 10
1792,9501,0.050000000000000044,0.10751000791788101,0.00034115112794097513,0.0006972261471673846,0.9356720983698592,3,3,4,0.0,4 5 3 10
1793,9507,0.050000000000000044,0.2349766045808792,0.0005078426474938169,0.00034513199352659285,0.9589801405719287,5,5,6,0.0,1 4 5 3 2 10
1794,9513,0.050000000000000044,0.4025128483772278,0.0004381762749593084,0.0009648699196986854,0.9210029072731769,5,5,6,0.0,9 5 3 6 4 10
1795,9518,0.050000000000000044,0.14643417298793793,0.0005433971178717911,0.000878792954608798,0.9289871937330639,4,4,5,0.0,9 3 5 4 10
1796,9526,0.050000000000000044,0.5454670786857605,0.000490144422656158,0.00033060513669624925,0.9578598415773633,7,7,8,0.0,9 5 8 4 6 7 3 10
1797,9534,0.050000000000000044,0.42680951952934265,0.00041902560042217374,0.0004527073469944298,0.9537476118871063,7,7,8,0.0,9 5 3 6 8 4 7 10
1798,9538,0.050000000000000044,0.22431716322898865,0.0004692104848800227,0.00039680927875451744,0.9629182144202176,3,3,4,0.0,5 3 4 10
1799,9543,0.050000000000000044,0.2710724472999573,0.0004632975033018738,0.001095649553462863,0.9149382270332183,4,4,5,0.0,1 4 3 5 10
1800,9550,0.050000000000000044,0.4472164511680603,0.00034516502845300626,0.00038457688060589135,0.9525625721842724,6,6,7,0.0,9 5 4 8 3 6 10
1801,9558,0.050000000000000044,0.39185258746147156,0.0004086570806975942,0.0009367419988848269,0.9053251973744239,7,7,8,0.0,9 8 4 5 6 3 1 10
1802,9564,0.050000000000000044,0.4690779745578766,0.00042508463957346976,0.0006750685861334205,0.9475926403377058,5,5,6,0.0,9 4 5 8 3 10
1803,9569,0.050000000000000044,0.2513994872570038,0.0003888827806804329,0.0006424414459615946,0.9363017630421165,4,4,5,0.0,9 5 3 4 10
1804,9572,0.050000000000000044,0.08941886574029922,0.0003623233545416345,0.0012216682080179453,0.8729719999783387,2,2,3,0.0,3 5 10
1805,9576,0.050000000000000044,0.07672931998968124,0.00040541602356825024,0.0009904849575832486,0.8990747353126263,3,3,4,0.0,4 5 3 10
1806,9581,0.050000000000000044,0.2710724472999573,0.00037852798704989253,0.001095649553462863,0.9149382270332183,4,4,5,0.0,1 4 5 3 10
1807,9588,0.050000000000000044,0.5539751648902893,0.00037969501655814905,0.00033346767304465175,0.9567238953004411,6,6,7,0.0,3 5 6 8 4 9 10
1808,9590,0.050000000000000044,0.14939674735069275,0.0005023259727749974,0.0025078109465539455,0.8153375511220462,1,1,2,0.0,9 10
1809,9596,0.050000000000000044,0.45760080218315125,0.00037805832107551396,0.00040093151619657874,0.9506686255247215,5,5,6,0.0,9 5 3 6 4 10
1810,9601,0.050000000000000044,0.2481052577495575,0.0003824109851848334,0.0006515966961160302,0.934310604750614,4,4,5,0.0,3 5 7 4 10
1811,9606,0.050000000000000044,0.25992366671562195,0.0003314058994874358,0.00035415354068391025,0.9582003313388042,4,4,5,0.0,1 4 3 5 10
1812,9611,0.050000000000000044,0.24462014436721802,0.00038429380510933696,0.000679461401887238,0.9335591515944772,4,4,5,0.0,1 4 5 3 10
1813,9615,0.050000000000000044,0.09243221580982208,0.0004242985160090029,0.0004229585756547749,0.9245521903002588,3,3,4,0.0,5 7 4 10
1814,9619,0.050000000000000044,0.1890898048877716,0.0003769922404899262,0.0008415174670517445,0.9271355705439832,3,3,4,0.0,4 5 3 10
1815,9624,0.050000000000000044,0.2710724472999573,0.0003208790731150657,0.001095649553462863,0.9149382270332183,4,4,5,0.0,1 4 5 3 10
1816,9628,0.050000000000000044,0.2767753005027771,0.0003225863620173186,0.00023578456602990627,0.9599719557392895,3,3,4,0.0,5 3 4 10
1817,9632,0.050000000000000044,0.10111117362976074,0.00033774929761420935,0.0003786321613006294,0.9311998551368147,3,3,4,0.0,5 4 3 10
1818,9637,0.050000000000000044,0.2202928364276886,0.00035921976377721875,0.000783963012509048,0.9091472511980395,4,4,5,0.0,8 7 5 4 10
1819,9643,0.050000000000000044,0.46025756001472473,0.00040635320571406436,0.0003369564947206527,0.9668286804743244,5,5,6,0.0,9 3 5 1 4 10
1820,9649,0.050000000000000044,0.3838939964771271,0.00033492314105387777,0.001271083950996399,0.8588396637533281,5,5,6,0.0,4 9 6 8 5 10
1821,9658,0.050000000000000044,0.5351649522781372,0.00038665189963972405,0.0005414488259702921,0.9339400540359593,8,8,9,0.0,9 5 6 2 8 1 3 4 10
1822,9662,0.050000000000000044,0.10731006413698196,0.00039181158717838116,0.0013129606377333403,0.9179154419362064,3,3,4,0.0,5 4 3 10
1823,9667,0.050000000000000044,0.25992366671562195,0.0003783972759265453,0.00035415354068391025,0.9582003313388042,4,4,5,0.0,1 4 3 5 10
1824,9671,0.050000000000000044,0.10751000791788101,0.0004297802588553168,0.0006972261471673846,0.9356720983698592,3,3,4,0.0,5 4 3 10
1825,9675,0.050000000000000044,0.10731006413698196,0.0003782212806981988,0.0013129606377333403,0.9179154419362064,3,3,4,0.0,5 4 3 10
1826,9684,0.050000000000000044,0.45036885142326355,0.00032190370903764333,0.0006029056385159492,0.9257098763259781,8,8,9,0.0,9 5 6 4 2 8 3 7 10
1827,9690,0.050000000000000044,0.48919999599456787,0.00033051249435326707,0.0007698665140196681,0.9516889500951087,5,5,6,0.0,9 4 6 3 5 10
1828,9694,0.050000000000000044,0.20271086692810059,0.00031931057310430333,0.0006925154593773186,0.9477242445052734,3,3,4,0.0,4 3 5 10
1829,9702,0.050000000000000044,0.39185258746147156,0.0004010438315162901,0.0009367419988848269,0.9053251973744239,7,7,8,0.0,9 8 4 5 3 6 1 10
1830,9705,0.050000000000000044,0.02716122195124626,0.00043878043652512133,0.002137233968824148,0.7558073496211245,2,2,3,0.0,1 3 10
1831,9711,0.050000000000000044,0.3991062045097351,0.0003524893642558406,0.0009804697474464774,0.9197655206947066,5,5,6,0.0,8 5 2 4 3 10
1832,9714,0.050000000000000044,0.09049291908740997,0.0003099469856048624,0.0010030522244051099,0.8867990228034086,2,2,3,0.0,5 7 10
1833,9723,0.050000000000000044,0.553490936756134,0.00039288036512314447,0.000699592987075448,0.9451701391253545,9,9,10,0.0,2 5 6 1 9 4 7 3 8
1834,9727,0.050000000000000044,0.1890897899866104,0.00039785506669431925,0.0008415174670517445,0.9271355705439832,3,3,4,0.0,4 3 5 10
1835,9730,0.050000000000000044,0.09049291908740997,0.0003602098537764202,0.0010030522244051099,0.8867990228034086,2,2,3,0.0,5 7 10
1836,9736,0.050000000000000044,0.4025128483772278,0.0002922713077471902,0.0009648699196986854,0.9210029072731769,5,5,6,0.0,9 5 3 6 4 10
1837,9739,0.050000000000000044,0.0999334529042244,0.0003808750382935007,0.0006207572878338397,0.9057950482179946,2,2,3,0.0,5 4 10
1838,9743,0.050000000000000044,0.10111117362976074,0.0003478433391137514,0.0003786321613006294,0.9311998551368147,3,3,4,0.0,5 4 3 10
1839,9750,0.050000000000000044,0.467791885137558,0.0003442287166503125,0.0006126986700110137,0.9239853740128269,6,6,7,0.0,9 5 6 3 8 4 10
1840,9756,0.050000000000000044,0.46360838413238525,0.0005571046591891596,0.0003847168991342187,0.9524195111145163,5,5,6,0.0,9 5 3 8 4 10
1841,9761,0.050000000000000044,0.018574781715869904,0.0005015080270823092,0.0011582758743315935,0.8796456728693137,4,4,5,0.0,3 5 9 1 10
1842,9764,0.050000000000000044,0.09742584079504013,0.00047446656390093267,0.00095219979993999,0.8929743863527047,2,2,3,0.0,3 5 10
1843,9769,0.050000000000000044,0.46675926446914673,0.0005772973643615841,0.0004818411252927035,0.9507847315278547,4,4,5,0.0,3 5 6 4 10
1844,9774,0.050000000000000044,0.15928639471530914,0.000451734836678952,0.0008118635741993785,0.9292059735650824,4,4,5,0.0,4 3 8 5 10
1845,9778,0.050000000000000044,0.2624897360801697,0.0004205748555250466,0.0008646699134260416,0.9188100051901145,3,3,4,0.0,3 5 4 10
1846,9782,0.050000000000000044,0.19460907578468323,0.00041777863953029737,0.00031904428033158183,0.9544529469061408,3,3,4,0.0,3 5 4 10
1847,9787,0.050000000000000044,0.24841171503067017,0.0004597778373863548,0.0008400750230066478,0.928208780433987,4,4,5,0.0,3 5 2 4 10
1848,9790,0.050000000000000044,0.07209451496601105,0.0004265433138546844,0.0016464320942759514,0.812240506049498,2,2,3,0.0,3 5 10
1849,9795,0.050000000000000044,0.2513994872570038,0.0005066857323981821,0.0006424414459615946,0.9363017630421165,4,4,5,0.0,9 3 5 4 10
1850,9798,0.050000000000000044,0.0678306594491005,0.00039213291408183676,0.0017052238108590245,0.8083486491891774,2,2,3,0.0,5 7 10
1851,9802,0.050000000000000044,0.3877120614051819,0.0003842475125566125,0.0011787256225943565,0.8939529767838018,3,3,4,0.0,3 5 4 10
1852,9806,0.050000000000000044,0.2624897360801697,0.0003763695349334739,0.0008646699134260416,0.9188100051901145,3,3,4,0.0,3 5 4 10
1853,9810,0.050000000000000044,0.22431716322898865,0.00050936308252858,0.00039680927875451744,0.9629182144202176,3,3,4,0.0,5 3 4 10
1854,9814,0.050000000000000044,0.28711608052253723,0.00040813319355947897,0.0003561797784641385,0.958056779700142,3,3,4,0.0,3 5 4 10
1855,9817,0.050000000000000044,0.1057547852396965,0.00044154571757341426,0.0005714053986594081,0.9074884510812805,2,2,3,0.0,3 5 10
1856,9821,0.050000000000000044,0.10750999301671982,0.0005375127875595354,0.0006972261471673846,0.9356720983698592,3,3,4,0.0,3 5 4 10
1857,9825,0.050000000000000044,0.10750999301671982,0.00036364077823236585,0.0006972261471673846,0.9356720983698592,3,3,4,0.0,3 5 4 10
1858,9829,0.050000000000000044,0.28711608052253723,0.000426025697379373,0.0003561797784641385,0.958056779700142,3,3,4,0.0,3 5 4 10
1859,9833,0.050000000000000044,0.10203929990530014,0.00037948735553072765,0.0005755744641646743,0.9362337090137031,3,3,4,0.0,5 7 4 10
1860,9837,0.050000000000000044,0.08996737003326416,0.0004899485356872901,0.0007125551346689463,0.9199482513487551,3,3,4,0.0,5 7 4 10
1861,9843,0.050000000000000044,0.36247140169143677,0.00034212457345953834,0.001138480263762176,0.8968959538427743,5,5,6,0.0,9 5 3 6 4 10
1862,9850,0.050000000000000044,0.47280341386795044,0.00034263172918664556,0.0007661468116566539,0.951669180524335,6,6,7,0.0,9 5 3 1 4 6 10
1863,9857,0.050000000000000044,0.5590946078300476,0.0003728042315093002,0.0006574311410076916,0.9369152338021434,6,6,7,0.0,9 5 2 4 1 3 10
1864,9866,0.050000000000000044,0.4227045774459839,0.00036953602102585137,0.0006473037647083402,0.9480397880041925,8,8,9,0.0,9 3 5 1 2 7 8 4 10
1865,9871,0.050000000000000044,0.4063444137573242,0.00027756288181990385,0.000988880987279117,0.8995956286043815,4,4,5,0.0,9 3 4 5 10
1866,9878,0.050000000000000044,0.34593909978866577,0.0004042384430899152,0.0011362931691110134,0.8968158992501275,6,6,7,0.0,9 3 5 1 2 4 10
1867,9882,0.050000000000000044,0.2767753005027771,0.00040913078555604443,0.00023578456602990627,0.9599719557392895,3,3,4,0.0,3 5 4 10
1868,9886,0.050000000000000044,0.4571087956428528,0.00033205377258127555,0.001129405340179801,0.9086333255545989,3,3,4,0.0,3 5 4 10
1869,9889,0.050000000000000044,0.09049291908740997,0.00038033721890921396,0.0010030522244051099,0.8867990228034086,2,2,3,0.0,5 7 10
1870,9894,0.050000000000000044,0.26558780670166016,0.00037181733641773463,0.0003361661219969392,0.9597677378322792,4,4,5,0.0,3 5 6 4 10
1871,9900,0.050000000000000044,0.39981353282928467,0.00030008631680781644,0.0009739070083014667,0.9197674458503157,5,5,6,0.0,9 3 5 1 4 10
1872,9907,0.050000000000000044,0.3872581720352173,0.00032311045755964836,0.0009530094685032964,0.9211018759664259,6,6,7,0.0,2 5 4 9 6 3 10
1873,9913,0.050000000000000044,0.5892035365104675,0.00033778742848274607,0.0007504358072765172,0.9430003872630712,5,5,6,0.0,2 3 8 5 4 10
1874,9920,0.050000000000000044,0.4394947290420532,0.00034200516321496773,0.001024157158099115,0.882194752766176,6,6,7,0.0,3 8 5 9 6 4 10
1875,9927,0.050000000000000044,0.442152202129364,0.00042235763144812414,0.000396194081986323,0.950871857093574,6,6,7,0.0,2 5 4 6 9 3 10
1876,9933,0.050000000000000044,0.36247140169143677,0.0003166569852813457,0.001138480263762176,0.8968959538427743,5,5,6,0.0,9 5 6 3 4 10
1877,9937,0.050000000000000044,0.1890898048877716,0.00048608295037411153,0.0008415174670517445,0.9271355705439832,3,3,4,0.0,5 4 3 10
1878,9946,0.050000000000000044,0.5637897849082947,0.00037734188824995526,0.0007042397046461701,0.9449583472203414,8,8,9,0.0,2 5 6 1 9 8 3 4 10
1879,9949,0.050000000000000044,0.09432540833950043,0.000309408555040136,0.0006179323536343873,0.8970643109182399,2,2,3,0.0,4 3 10
1880,9957,0.050000000000000044,0.42962491512298584,0.0002891168951464351,0.0003235268814023584,0.9668142658245266,7,7,8,0.0,2 5 1 9 4 3 8 10
1881,9961,0.050000000000000044,0.19460906088352203,0.0003341238625580445,0.00031904428033158183,0.9544529469061408,3,3,4,0.0,4 3 5 10
1882,9966,0.050000000000000044,0.380248486995697,0.0003550779772922397,0.0011420061346143484,0.8980676753803042,4,4,5,0.0,3 8 5 4 10
1883,9973,0.050000000000000044,0.4447636008262634,0.0003137207656566586,0.00033214210998266935,0.9669008846533143,6,6,7,0.0,2 5 4 9 6 3 10
1884,9977,0.050000000000000044,0.07672931998968124,0.0003813681469182484,0.0009904849575832486,0.8990747353126263,3,3,4,0.0,5 4 3 10
1885,9981,0.050000000000000044,0.4459207057952881,0.0002834890110534616,0.0005140603752806783,0.9366740652943621,3,3,4,0.0,2 5 4 10
1886,9985,0.050000000000000044,0.2767753005027771,0.0003365214797668159,0.00023578456602990627,0.9599719557392895,3,3,4,0.0,4 5 3 10
1887,9992,0.050000000000000044,0.4506508708000183,0.0003289486651608188,0.0006791797932237387,0.9466711304700899,6,6,7,0.0,2 5 4 9 6 3 10
1888,9997,0.050000000000000044,0.2710724472999573,0.00035722185275517405,0.001095649553462863,0.9149382270332183,4,4,5,0.0,1 3 4 5 10
1889,10003,0.050000000000000044,0.4204910099506378,0.00045358350810905296,0.0004964087856933475,0.9393628749389569,5,5,6,0.0,2 5 4 9 6 10
1890,10006,0.050000000000000044,0.10650090873241425,0.0004684915572094421,0.001044378848746419,0.9000170160523493,2,2,3,0.0,3 5 10
1891,10010,0.050000000000000044,0.22431716322898865,0.00039204714994411916,0.00039680927875451744,0.9629182144202176,3,3,4,0.0,5 3 4 10
1892,10014,0.050000000000000044,0.2624897062778473,0.000420677344664,0.0008646699134260416,0.9188100051901145,3,3,4,0.0,5 3 4 10
1893,10020,0.050000000000000044,0.4025128483772278,0.00042715251523380476,0.0009648699196986854,0.9210029072731769,5,5,6,0.0,9 5 3 6 4 10
1894,10025,0.050000000000000044,0.46675926446914673,0.0004218483227305114,0.0004818411252927035,0.9507847315278547,4,4,5,0.0,3 5 6 4 10
1895,10034,0.050000000000000044,0.5356836318969727,0.0003527357023105853,0.00032729230588302016,0.9579632436938575,8,8,9,0.0,2 5 7 6 1 8 4 3 10
1896,10039,0.050000000000000044,0.24462014436721802,0.0003350734274135903,0.000679461401887238,0.9335591515944772,4,4,5,0.0,1 4 3 5 10
1897,10042,0.050000000000000044,0.09742584079504013,0.0004017215590768804,0.00095219979993999,0.8929743863527047,2,2,3,0.0,5 3 10
1898,10046,0.050000000000000044,0.11958125978708267,0.00035565572034101933,0.0007459187181666493,0.9416358080580742,3,3,4,0.0,5 4 3 10
1899,10049,0.050000000000000044,0.11533927172422409,0.00033360355882905424,0.0019521486246958375,0.89125137407594,2,2,3,0.0,8 7 10
1900,10053,0.050000000000000044,0.4759472906589508,0.00036178612208459526,0.0004971498856320977,0.9479085171371521,3,3,4,0.0,3 5 4 10
1901,10062,0.050000000000000044,0.5351649522781372,0.0003764026979398396,0.0005414488259702921,0.9339400540359593,8,8,9,0.0,2 5 6 1 9 8 4 3 10
1902,10065,0.050000000000000044,0.16492176055908203,0.00036103668389841914,0.0011364452075213194,0.881234130433425,2,2,3,0.0,8 7 10
1903,10069,0.050000000000000044,0.2718748152256012,0.0003222054219804704,0.0006805580342188478,0.9332163441620599,3,3,4,0.0,3 5 4 10
1904,10074,0.050000000000000044,0.24886831641197205,0.00037905487697571517,0.000837070110719651,0.9284224099835091,4,4,5,0.0,1 3 4 5 10
1905,10078,0.050000000000000044,0.29884210228919983,0.00043135511805303395,0.0010978968348354101,0.9150954425760172,3,3,4,0.0,5 3 4 10
1906,10082,0.050000000000000044,0.3090759515762329,0.00029194111266406253,0.0005270104738883674,0.9476480485780627,3,3,4,0.0,5 3 4 10
1907,10089,0.050000000000000044,0.442771852016449,0.0003159072823889021,0.0003354598011355847,0.966403392439223,6,6,7,0.0,2 5 4 9 1 3 10
1908,10094,0.050000000000000044,0.06886932998895645,0.0003269451088272035,0.002028187969699502,0.8181653432237974,4,4,5,0.0,2 6 7 8 10
1909,10101,0.050000000000000044,0.35280245542526245,0.0003632310877687165,0.0011106992606073618,0.9000364740719127,6,6,7,0.0,9 5 8 2 4 3 10
1910,10106,0.050000000000000044,0.2618473172187805,0.00030742839153390377,0.00034833134850487113,0.9587642771416697,4,4,5,0.0,5 8 3 4 10
1911,10115,0.050000000000000044,0.5062131881713867,0.00031220042728818953,0.0008757488103583455,0.9434277114195928,8,8,9,0.0,2 8 5 1 6 9 4 3 10
1912,10123,0.050000000000000044,0.5688596963882446,0.00032161698800337035,0.0007358655566349626,0.9430309994573683,7,7,8,0.0,2 7 8 1 4 3 5 10
1913,10131,0.050000000000000044,0.5500666499137878,0.0003120193796348758,0.0006477474817074835,0.9373602893881225,7,7,8,0.0,1 2 4 5 9 3 7 10
1914,10138,0.050000000000000044,0.47456032037734985,0.0003110406521175589,0.0007619599346071482,0.9527107992084358,6,6,7,0.0,6 9 8 3 5 4 10
1915,10146,0.050000000000000044,0.5129269957542419,0.00035026292607653886,0.0008948610629886389,0.9422582158604006,7,7,8,0.0,2 5 6 9 4 1 3 10
1916,10154,0.050000000000000044,0.5446040630340576,0.0003108077326032799,0.0005599664873443544,0.9356928419113585,7,7,8,0.0,9 5 4 6 8 3 7 10
1917,10158,0.050000000000000044,0.10111117362976074,0.00032306659704772756,0.0003786321613006294,0.9311998551368147,3,3,4,0.0,5 4 3 10
1918,10162,0.050000000000000044,0.08182105422019958,0.000353518236806849,0.0007139883236959577,0.9198639400914648,3,3,4,0.0,5 1 3 10
1919,10166,0.050000000000000044,0.16138248145580292,0.0003405616735108197,0.0011650301748886704,0.8867031143586219,3,3,4,0.0,5 4 3 10
1920,10170,0.050000000000000044,0.1759031116962433,0.0003839825076283887,0.0009096288704313338,0.9269010189933953,3,3,4,0.0,5 4 3 10
1921,10178,0.050000000000000044,0.43663692474365234,0.00030322162274387665,0.0006618336774408817,0.9472210082479096,7,7,8,0.0,5 3 9 2 1 8 4 10
1922,10181,0.050000000000000044,0.09108235687017441,0.0003333858912810683,0.0012427582405507565,0.8784250103902873,2,2,3,0.0,8 7 10
1923,10190,0.050000000000000044,0.5637897849082947,0.00032074845997461426,0.0007042397046461701,0.9449583472203414,8,8,9,0.0,2 8 5 1 9 6 4 3 10
1924,10195,0.050000000000000044,0.44592055678367615,0.0003079999325564131,0.0010930874850600958,0.9109251534435611,4,4,5,0.0,3 8 5 4 10
1925,10202,0.050000000000000044,0.43125271797180176,0.00032262851060035506,0.00047036929754540324,0.9482708422026368,6,6,7,0.0,9 5 2 4 1 3 10
1926,10207,0.050000000000000044,0.24462014436721802,0.0003285623504780233,0.000679461401887238,0.9335591515944772,4,4,5,0.0,1 3 4 5 10
1927,10213,0.050000000000000044,0.443329781293869,0.0003169338815496303,0.0010478998301550746,0.8788969030738869,5,5,6,0.0,3 4 5 1 7 10
1928,10218,0.050000000000000044,0.24462014436721802,0.0003151413518935442,0.000679461401887238,0.9335591515944772,4,4,5,0.0,1 3 4 5 10
1929,10224,0.050000000000000044,0.400909423828125,0.0003080046129374144,0.0009625114034861326,0.919676198722633,5,5,6,0.0,9 5 2 3 4 10
1930,10232,0.050000000000000044,0.5428751707077026,0.0003411929810681613,0.00033229298423975706,0.9564301939625802,7,7,8,0.0,9 5 2 4 8 3 7 10
1931,10233,0.050000000000000044,0.0,0.0007434494327753782,0.0030345343984663486,0.7371768525244577,0,0,1,0.0,10
1932,10238,0.050000000000000044,0.24462014436721802,0.00033460887789260596,0.000679461401887238,0.9335591515944772,4,4,5,0.0,1 3 4 5 10
1933,10242,0.050000000000000044,0.07672931998968124,0.00029348726820899174,0.0009904849575832486,0.8990747353126263,3,3,4,0.0,5 4 3 10
1934,10246,0.050000000000000044,0.19460906088352203,0.0003656698390841484,0.00031904428033158183,0.9544529469061408,3,3,4,0.0,5 4 3 10
1935,10249,0.050000000000000044,0.10987220704555511,0.0003651756269391626,0.0007959660142660141,0.9119287159174291,2,2,3,0.0,5 3 10
1936,10253,0.050000000000000044,0.2624897062778473,0.0004084775864612311,0.0008646699134260416,0.9188100051901145,3,3,4,0.0,5 4 3 10
1937,10257,0.050000000000000044,0.2718748152256012,0.0005601138764177449,0.0006805580342188478,0.9332163441620599,3,3,4,0.0,3 5 4 10
1938,10263,0.050000000000000044,0.4620225131511688,0.000489951353908206,0.00033421628177165985,0.9672849233418385,5,5,6,0.0,9 4 3 6 5 10
1939,10267,0.050000000000000044,0.2767753005027771,0.00038923756073927507,0.00023578456602990627,0.9599719557392895,3,3,4,0.0,4 5 3 10
1940,10271,0.050000000000000044,0.5117752552032471,0.00040041397005552426,0.0008333476143889129,0.9475241621311723,3,3,4,0.0,4 3 5 10
1941,10275,0.050000000000000044,0.22431716322898865,0.00039799757360015064,0.00039680927875451744,0.9629182144202176,3,3,4,0.0,4 5 3 10
1942,10283,0.050000000000000044,0.3856790065765381,0.00037099741166457534,0.0009493095567449927,0.9022876474647544,7,7,8,0.0,2 4 5 6 9 1 3 10
1943,10287,0.050000000000000044,0.1890898048877716,0.0003295594942755997,0.0008415174670517445,0.9271355705439832,3,3,4,0.0,4 5 3 10
1944,10293,0.050000000000000044,0.24627059698104858,0.0003998014484144126,0.0010713371448218822,0.9173393579959586,5,5,6,0.0,1 4 3 5 8 10
1945,10300,0.050000000000000044,0.442771852016449,0.00037148312549106777,0.0003354598011355847,0.966403392439223,6,6,7,0.0,2 4 5 9 1 3 10
1946,10309,0.050000000000000044,0.5637897849082947,0.0003561360483419978,0.0007042397046461701,0.9449583472203414,8,8,9,0.0,2 4 5 6 8 9 1 3 10
1947,10316,0.050000000000000044,0.4456157088279724,0.00041328376807671575,0.0003332856285851449,0.967311417376102,6,6,7,0.0,2 4 5 8 7 3 10
1948,10321,0.050000000000000044,0.4042239189147949,0.00036645450163632633,0.0009948121150955558,0.8989670535330256,4,4,5,0.0,3 4 6 5 10
1949,10330,0.050000000000000044,0.42224133014678955,0.00033887246132103936,0.0006504050688818097,0.9479491497156312,8,8,9,0.0,2 1 4 6 8 9 3 5 10
1950,10334,0.050000000000000044,0.07795491814613342,0.00035267283965367824,0.0005050299223512411,0.9146092877447535,3,3,4,0.0,4 5 9 10
1951,10339,0.050000000000000044,0.2202928364276886,0.0003720691311173141,0.000783963012509048,0.9091472511980395,4,4,5,0.0,8 7 5 4 10
1952,10343,0.050000000000000044,0.11428261548280716,0.0003700478046084754,0.0004913120064884424,0.9460985286517886,3,3,4,0.0,4 3 5 10
1953,10348,0.050000000000000044,0.380248486995697,0.00034073914284817877,0.0011420061346143484,0.8980676753803042,4,4,5,0.0,3 8 5 4 10
1954,10354,0.050000000000000044,0.45061978697776794,0.0003506983581852789,0.0004239033441990614,0.9490664020517352,5,5,6,0.0,2 4 5 8 7 10
1955,10363,0.050000000000000044,0.392397940158844,0.00031992573025895073,0.0010166018037125468,0.9171850596965423,8,8,9,0.0,1 4 6 3 8 2 9 5 10
1956,10368,0.050000000000000044,0.25992366671562195,0.00034897493897005915,0.00035415354068391025,0.9582003313388042,4,4,5,0.0,1 4 3 5 10
1957,10372,0.050000000000000044,0.3877120316028595,0.00032179309346247464,0.0011787256225943565,0.8939529767838018,3,3,4,0.0,3 4 5 10
1958,10376,0.050000000000000044,0.42645275592803955,0.00031448176014237106,0.0010011573322117329,0.917074837773932,3,3,4,0.0,3 4 5 10
1959,10383,0.050000000000000044,0.46772047877311707,0.00033529879458780797,0.0006146296509541571,0.9244486407490888,6,6,7,0.0,3 1 4 6 5 8 10
1960,10387,0.050000000000000044,0.10111117362976074,0.00030809599411441013,0.0003786321613006294,0.9311998551368147,3,3,4,0.0,5 4 3 10
1961,10393,0.050000000000000044,0.4451771676540375,0.0003216101880146501,0.0004919243510812521,0.9488965412524311,5,5,6,0.0,2 4 5 1 3 10
1962,10402,0.050000000000000044,0.39136558771133423,0.0003436360016672148,0.0010264269076287746,0.9169661959413966,8,8,9,0.0,1 6 4 2 8 3 7 5 10
1963,10409,0.050000000000000044,0.47065937519073486,0.00035959653074054847,0.0007760152802802622,0.9506763904117376,6,6,7,0.0,2 4 5 9 1 3 10
1964,10413,0.050000000000000044,0.08763416856527328,0.0003104175775661133,0.0016842965269461274,0.8986460205176391,3,3,4,0.0,8 7 3 10
1965,10419,0.050000000000000044,0.2462705820798874,0.00034505949103428674,0.0010713371448218822,0.9173393579959586,5,5,6,0.0,1 4 8 3 5 10
1966,10423,0.050000000000000044,0.19187839329242706,0.00036714605084853247,0.0007125287083908916,0.9225120335356659,3,3,4,0.0,4 5 3 10
1967,10432,0.050000000000000044,0.5356799364089966,0.0003283742213776956,0.000327766319969669,0.9580823810290496,8,8,9,0.0,9 4 6 7 8 2 5 3 10
1968,10439,0.050000000000000044,0.4677918553352356,0.0003103436444819506,0.0006126986700110137,0.9239853740128269,6,6,7,0.0,9 4 6 3 8 5 10
1969,10446,0.050000000000000044,0.1896320879459381,0.0003276542910108609,0.0008065240690484643,0.9243813389369622,6,6,7,0.0,8 3 9 5 6 4 10
1970,10454,0.050000000000000044,0.5429849624633789,0.0003196303041477222,0.0005502243875525892,0.9324635983390488,7,7,8,0.0,2 4 5 6 9 1 3 10
1971,10458,0.050000000000000044,0.06933696568012238,0.0003582959689083509,0.001283831661567092,0.861458354593032,3,3,4,0.0,5 4 3 10
1972,10463,0.050000000000000044,0.2305338978767395,0.0003677120781503618,0.0008968012407422066,0.917397796487553,4,4,5,0.0,8 7 5 4 10
1973,10467,0.050000000000000044,0.09524019807577133,0.0002802113813231699,0.0006769447354599833,0.9249889811281642,3,3,4,0.0,5 4 3 10
1974,10473,0.050000000000000044,0.5591760277748108,0.000302364297870857,0.0005937459645792842,0.934642854068034,5,5,6,0.0,7 1 3 4 5 10
1975,10479,0.050000000000000044,0.4581420123577118,0.0003274337504990399,0.0004036144237034023,0.9512601779877927,5,5,6,0.0,2 4 8 5 3 10
1976,10482,0.050000000000000044,0.10182824730873108,0.00030939285837424296,0.0010964535176753998,0.8968866375251701,2,2,3,0.0,8 7 10
1977,10489,0.050000000000000044,0.47280341386795044,0.00031990015330458324,0.0007661468116566539,0.951669180524335,6,6,7,0.0,1 6 4 3 5 9 10
1978,10492,0.050000000000000044,0.08369344472885132,0.000357817499510323,0.0015465832548215985,0.830022977848895,2,2,3,0.0,8 7 10
1979,10496,0.050000000000000044,0.11428262293338776,0.00027511659573065117,0.0004913120064884424,0.9460985286517886,3,3,4,0.0,5 4 3 10
1980,10500,0.050000000000000044,0.19460906088352203,0.0003117594897048548,0.00031904428033158183,0.9544529469061408,3,3,4,0.0,5 4 3 10
1981,10504,0.050000000000000044,0.1759030967950821,0.0005422352187451907,0.0009096288704313338,0.9269010189933953,3,3,4,0.0,4 5 3 10
1982,10510,0.050000000000000044,0.42741143703460693,0.0004820839045957352,0.0011080921394750476,0.9103538145208189,5,5,6,0.0,1 4 2 3 5 10
1983,10514,0.050000000000000044,0.11428262293338776,0.0004298491112422198,0.0004913120064884424,0.9460985286517886,3,3,4,0.0,5 4 3 10
1984,10523,0.050000000000000044,0.35833466053009033,0.0004120871566960381,0.0009340011747553945,0.9227945545375985,8,8,9,0.0,2 5 9 6 1 3 8 4 10
1985,10530,0.050000000000000044,0.35280245542526245,0.0004091943805438599,0.0011106992606073618,0.9000364740719127,6,6,7,0.0,5 2 9 4 8 3 10
1986,10539,0.050000000000000044,0.5353937149047852,0.0004153066321224388,0.0003234610194340348,0.9567708424630261,8,8,9,0.0,8 2 5 9 6 1 3 4 10
1987,10543,0.050000000000000044,0.1890898048877716,0.0003717921135830693,0.0008415174670517445,0.9271355705439832,3,3,4,0.0,4 5 3 10
1988,10547,0.050000000000000044,0.2718748152256012,0.0003483029213384725,0.0006805580342188478,0.9332163441620599,3,3,4,0.0,3 5 4 10
1989,10551,0.050000000000000044,0.11958125978708267,0.0003344200231367722,0.0007459187181666493,0.9416358080580742,3,3,4,0.0,4 5 3 10
1990,10560,0.050000000000000044,0.4213733673095703,0.00039628706872463226,0.0009719681693241,0.8884891295865373,9,9,10,0.0,8 2 5 9 6 1 3 4 7
1991,10569,0.050000000000000044,0.4541456699371338,0.00036301080318581726,0.0005929665639996529,0.9264556667396486,8,8,9,0.0,8 2 5 9 4 1 7 3 10
1992,10576,0.050000000000000044,0.38784027099609375,0.00036466774846693236,0.0009513080585747957,0.9213872625094957,6,6,7,0.0,2 5 9 4 8 3 10
1993,10580,0.050000000000000044,0.28711608052253723,0.00040117755270330235,0.0003561797784641385,0.958056779700142,3,3,4,0.0,3 5 4 10
1994,10584,0.050000000000000044,0.16138248145580292,0.0003322645861771889,0.0011650301748886704,0.8867031143586219,3,3,4,0.0,3 5 4 10
1995,10588,0.050000000000000044,0.24972417950630188,0.00035270181979285553,0.0007711935322731733,0.90955268573924,3,3,4,0.0,3 5 4 10
1996,10591,0.050000000000000044,0.09742584079504013,0.0003266848313311736,0.00095219979993999,0.8929743863527047,2,2,3,0.0,5 3 10
1997,10594,0.050000000000000044,0.10764649510383606,0.0003219285475400587,0.0020182852167636156,0.8787645564506474,2,2,3,0.0,4 3 10
1998,10598,0.050000000000000044,0.12612539529800415,0.00038186127494554967,0.0017454905901104212,0.8363535951437622,3,3,4,0.0,4 5 3 10
1999,10607,0.050000000000000044,0.4154415726661682,0.00035930507389518124,0.00032210350036621094,0.9676438438463579,8,8,9,0.0,2 5 6 9 8 3 4 7 10
2000,10610,0.050000000000000044,0.07997741550207138,0.000373574293917045,0.001614294247701764,0.8286039379384373,2,2,3,0.0,4 5 10
2001,10613,0.050000000000000044,0.06868398189544678,0.00029689566387484473,0.0014242548495531082,0.8543957702983858,2,2,3,0.0,4 5 10
2002,10617,0.050000000000000044,0.11958125978708267,0.0003354373184265569,0.0007459187181666493,0.9416358080580742,3,3,4,0.0,4 5 3 10
2003,10621,0.050000000000000044,0.12612539529800415,0.00030826005240669474,0.0017454905901104212,0.8363535951437622,3,3,4,0.0,4 5 3 10
2004,10625,0.050000000000000044,0.2624897062778473,0.0002722873177845031,0.0008646699134260416,0.9188100051901145,3,3,4,0.0,4 5 3 10
2005,10634,0.050000000000000044,0.4273047149181366,0.00034088156988016434,0.0009876589756458998,0.8858564166832764,8,8,9,0.0,8 6 1 4 2 5 9 3 10
2006,10642,0.050000000000000044,0.4301736056804657,0.00039805211235943716,0.00038192799547687173,0.9520692856856107,7,7,8,0.0,2 5 1 9 8 3 4 10
2007,10646,0.050000000000000044,0.16138248145580292,0.00037577110197162256,0.0011650301748886704,0.8867031143586219,3,3,4,0.0,4 5 3 10
2008,10655,0.050000000000000044,0.5534908771514893,0.00035475470293830667,0.000699592987075448,0.9451701391253545,9,9,10,0.0,2 5 1 9 6 8 7 3 4
2009,10658,0.050000000000000044,0.09432540833950043,0.0002955148423401018,0.0006179323536343873,0.8970643109182399,2,2,3,0.0,4 3 10
2010,10660,0.050000000000000044,0.09677763283252716,0.0003400754212634638,0.002134577836841345,0.8636944466552893,1,1,2,0.0,4 10
2011,10664,0.050000000000000044,0.1890898048877716,0.0002906147092289757,0.0008415174670517445,0.9271355705439832,3,3,4,0.0,4 5 3 10
2012,10669,0.050000000000000044,0.22496604919433594,0.0003132261976134032,0.0007590586901642382,0.9113621345048994,4,4,5,0.0,6 3 5 4 10
2013,10675,0.050000000000000044,0.3994281589984894,0.0003413100882122914,0.000980614684522152,0.9200066881571032,5,5,6,0.0,8 6 5 3 4 10
2014,10678,0.050000000000000044,0.10987220704555511,0.0003343013037617008,0.0007959660142660141,0.9119287159174291,2,2,3,0.0,5 3 10
2015,10685,0.050000000000000044,0.44673454761505127,0.00034480219307754723,0.00032399260089732707,0.9670177745620646,6,6,7,0.0,2 5 9 4 8 3 10
2016,10691,0.050000000000000044,0.2239038199186325,0.0003285756829427555,0.000824889459181577,0.9301936496912937,5,5,6,0.0,1 3 4 7 5 10
2017,10700,0.050000000000000044,0.5356163382530212,0.0003204179584928271,0.0005467546288855374,0.9353014062049131,8,8,9,0.0,8 6 1 4 9 3 7 5 10
2018,10704,0.050000000000000044,0.11428261548280716,0.00032563805871177465,0.0004913120064884424,0.9460985286517886,3,3,4,0.0,4 3 5 10
2019,10708,0.050000000000000044,0.3090759515762329,0.0002998763811774552,0.0005270104738883674,0.9476480485780627,3,3,4,0.0,3 5 4 10
2020,10712,0.050000000000000044,0.127139151096344,0.0003443989553488791,0.0014192686649039388,0.8554572031415743,3,3,4,0.0,3 5 2 10
2021,10719,0.050000000000000044,0.39052265882492065,0.0003416242917800056,0.001200173981487751,0.8638149436549964,6,6,7,0.0,8 6 1 4 5 2 10
2022,10723,0.050000000000000044,0.2718748152256012,0.00033686526148812845,0.0006805580342188478,0.9332163441620599,3,3,4,0.0,3 5 4 10
2023,10727,0.050000000000000044,0.1759030967950821,0.00033375181374140084,0.0009096288704313338,0.9269010189933953,3,3,4,0.0,4 5 3 10
2024,10729,0.050000000000000044,0.1347471922636032,0.00037712615448981524,0.0019273926736786962,0.8627449765889468,1,1,2,0.0,4 10
2025,10733,0.050000000000000044,0.10203931480646133,0.0003420523207751103,0.0005755744641646743,0.9362337090137031,3,3,4,0.0,4 5 7 10
2026,10737,0.050000000000000044,0.19187839329242706,0.00034132391010643914,0.0007125287083908916,0.9225120335356659,3,3,4,0.0,4 5 3 10
2027,10741,0.050000000000000044,0.10751000046730042,0.0003302120567241218,0.0006972261471673846,0.9356720983698592,3,3,4,0.0,4 3 5 10
2028,10750,0.050000000000000044,0.5264805555343628,0.0002870911088797988,0.0005368294660001993,0.9353582777357555,9,9,10,0.0,8 6 1 2 5 9 3 4 7
2029,10755,0.050000000000000044,0.281697541475296,0.0006207459839060903,0.0005257511511445045,0.9479156269755006,4,4,5,0.0,1 3 5 4 10
2030,10760,0.050000000000000044,0.08105161786079407,0.0006076617515645921,0.0007426048978231847,0.9420240639435409,4,4,5,0.0,4 5 3 1 10
2031,10762,0.050000000000000044,0.07729517668485641,0.0005915697256568819,0.002086291555315256,0.7785395332628708,1,1,2,0.0,4 10
2032,10771,0.050000000000000044,0.496115505695343,0.0005585198943865382,0.0008741158526390791,0.9440860008326991,9,9,10,0.0,9 6 2 5 1 8 3 4 7
2033,10778,0.050000000000000044,0.4366695284843445,0.0005690297361330263,0.0004609780735336244,0.9505329469969667,6,6,7,0.0,9 6 5 2 4 3 10
2034,10784,0.050000000000000044,0.26139241456985474,0.0005614238713557521,0.0004895525053143501,0.9515942774721898,5,5,6,0.0,6 5 3 9 4 10
2035,10787,0.050000000000000044,0.2289944291114807,0.0003740015672519803,0.0010487711988389492,0.8883856024579826,2,2,3,0.0,8 7 10
2036,10792,0.050000000000000044,0.2554064691066742,0.0004484165692701936,0.0007985481061041355,0.9318051968615914,4,4,5,0.0,6 3 5 4 10
2037,10798,0.050000000000000044,0.22777704894542694,0.0004256100655766204,0.000797945773229003,0.931901491248225,5,5,6,0.0,2 6 4 3 5 10
2038,10802,0.050000000000000044,0.20271086692810059,0.0004349689988885075,0.0006925154593773186,0.9477242445052734,3,3,4,0.0,4 3 5 10
2039,10810,0.050000000000000044,0.5446040630340576,0.00041095976121141575,0.0005599664873443544,0.9356928419113585,7,7,8,0.0,7 3 6 5 9 8 4 10
2040,10818,0.050000000000000044,0.3725234866142273,0.00041110169695457444,0.0009475686820223927,0.9220649564769406,7,7,8,0.0,9 5 3 2 6 4 8 10
2041,10823,0.050000000000000044,0.2475619912147522,0.0003866555052809417,0.0006706903805024922,0.9352929691001153,4,4,5,0.0,6 3 5 4 10
2042,10828,0.050000000000000044,0.1939990371465683,0.00038236166583374145,0.00038396441959775984,0.9646238789724255,4,4,5,0.0,5 3 6 4 10
2043,10833,0.050000000000000044,0.22496604919433594,0.0003929852799046785,0.0007590586901642382,0.9113621345048994,4,4,5,0.0,6 3 5 4 10
2044,10837,0.050000000000000044,0.1890897899866104,0.0004514307147474028,0.0008415174670517445,0.9271355705439832,3,3,4,0.0,4 3 5 10
2045,10842,0.050000000000000044,0.25316122174263,0.00037574018351733686,0.0002313007425982505,0.9614714203794419,4,4,5,0.0,6 3 5 4 10
2046,10850,0.050000000000000044,0.43085914850234985,0.0003747163536900189,0.00032351608388125896,0.9672803155342549,7,7,8,0.0,2 6 4 5 9 8 3 10
2047,10858,0.050000000000000044,0.4177251160144806,0.0003685295596369542,0.00046246786951087415,0.949322538979697,7,7,8,0.0,9 5 1 2 4 7 3 10
2048,10863,0.050000000000000044,0.2760734558105469,0.00042943829321302475,0.0010438355384394526,0.9181503603737646,4,4,5,0.0,6 3 5 4 10
2049,10866,0.050000000000000044,0.10182824730873108,0.0003914757107850164,0.0010964535176753998,0.8968866375251701,2,2,3,0.0,8 7 10
2050,10870,0.050000000000000044,0.2767753005027771,0.00030582613544538617,0.00023578456602990627,0.9599719557392895,3,3,4,0.0,3 5 4 10
2051,10876,0.050000000000000044,0.4602575898170471,0.0003277813666500151,0.0003369564947206527,0.9668286804743244,5,5,6,0.0,9 5 1 3 4 10
2052,10880,0.050000000000000044,0.20271086692810059,0.00038494766340591013,0.0006925154593773186,0.9477242445052734,3,3,4,0.0,5 3 4 10
2053,10883,0.050000000000000044,0.10991331189870834,0.00028098027299468714,0.0008190380176529288,0.9144812475327363,2,2,3,0.0,8 7 10
2054,10885,0.050000000000000044,0.07269789278507233,0.0003317065129522234,0.0013974972534924746,0.8590606556724708,1,1,2,0.0,8 10
2055,10893,0.050000000000000044,0.5429455637931824,0.0003602845208661165,0.0003327244194224477,0.9565916344718333,7,7,8,0.0,9 8 5 2 4 6 3 10
2056,10897,0.050000000000000044,0.24972417950630188,0.0003097482040175237,0.0007711935322731733,0.90955268573924,3,3,4,0.0,3 5 4 10
2057,10900,0.050000000000000044,0.08369344472885132,0.00030559938750229776,0.0015465832548215985,0.830022977848895,2,2,3,0.0,8 7 10
2058,10909,0.050000000000000044,0.4481082558631897,0.0004495094439739154,0.0005823540850542486,0.9282077593589367,9,9,10,0.0,9 5 1 2 8 4 7 3 6
2059,10913,0.050000000000000044,0.1759030967950821,0.00031547495382255875,0.0009096288704313338,0.9269010189933953,3,3,4,0.0,3 4 5 10
2060,10916,0.050000000000000044,0.10182824730873108,0.00037661224875288707,0.0010964535176753998,0.8968866375251701,2,2,3,0.0,8 7 10
2061,10925,0.050000000000000044,0.4213733375072479,0.00033970247346183494,0.0009719681693241,0.8884891295865373,9,9,10,0.0,9 5 4 8 2 1 7 3 6
2062,10931,0.050000000000000044,0.25021249055862427,0.0003700687229866162,0.0010309332283213735,0.919904012582957,5,5,6,0.0,6 3 9 5 4 10
2063,10934,0.050000000000000044,0.12749537825584412,0.0003065607549312214,0.002103544771671295,0.8100523795139634,2,2,3,0.0,8 7 10
2064,10943,0.050000000000000044,0.5616874694824219,0.0003483099022155835,0.0007109494763426483,0.9437720003082692,8,8,9,0.0,2 8 5 9 4 1 7 3 10
2065,10951,0.050000000000000044,0.5411578416824341,0.00041588041131035425,0.00033336790511384606,0.955471811534817,7,7,8,0.0,9 5 1 2 8 4 3 10
2066,10955,0.050000000000000044,0.19187839329242706,0.000403458034270443,0.0007125287083908916,0.9225120335356659,3,3,4,0.0,4 3 5 10
2067,10959,0.050000000000000044,0.2624897062778473,0.00033772001188481227,0.0008646699134260416,0.9188100051901145,3,3,4,0.0,5 3 4 10
2068,10962,0.050000000000000044,0.21278952062129974,0.0003443569876253605,0.0005945003940723836,0.9203220042051231,2,2,3,0.0,6 3 10
2069,10970,0.050000000000000044,0.4296143352985382,0.0004172885855950881,0.0003330326289869845,0.9675435650380556,7,7,8,0.0,2 5 4 8 3 6 1 10
2070,10978,0.050000000000000044,0.4335594177246094,0.0003483685795799829,0.0010059585329145193,0.8842324849913576,7,7,8,0.0,9 5 1 2 8 4 3 10
2071,10982,0.050000000000000044,0.1759030967950821,0.00034649489680305123,0.0009096288704313338,0.9269010189933953,3,3,4,0.0,4 3 5 10
2072,10988,0.050000000000000044,0.4610193073749542,0.0003658925464454417,0.0003362944698892534,0.9670657450853715,5,5,6,0.0,2 8 5 4 3 10
2073,10995,0.050000000000000044,0.4338003993034363,0.00033045597124977836,0.0010425319196656346,0.879565247634645,6,6,7,0.0,9 5 1 7 4 3 10
2074,10999,0.050000000000000044,0.19460906088352203,0.00026662188247428276,0.00031904428033158183,0.9544529469061408,3,3,4,0.0,5 3 4 10
2075,11003,0.050000000000000044,0.4489028751850128,0.000547800438653212,0.0012242698576301336,0.924349258588483,3,3,4,0.0,5 2 4 10
2076,11010,0.050000000000000044,0.44673460721969604,0.0005877826978186411,0.00032399260089732707,0.9670177745620646,6,6,7,0.0,2 8 5 4 9 3 10
2077,11018,0.050000000000000044,0.5718053579330444,0.0005615406262222677,0.000728494836948812,0.9449370830152605,7,7,8,0.0,6 2 3 4 8 5 7 10
2078,11025,0.050000000000000044,0.5539751052856445,0.00047803394928840656,0.00033346767304465175,0.9567238953004411,6,6,7,0.0,9 4 6 3 8 5 10
2079,11030,0.050000000000000044,0.26558780670166016,0.000500942236976698,0.0003361661219969392,0.9597677378322792,4,4,5,0.0,6 3 5 4 10
2080,11039,0.050000000000000044,0.5459948778152466,0.00044473402926491364,0.0006239440990611911,0.9403763693556916,8,8,9,0.0,9 5 2 6 4 1 3 8 10
2081,11043,0.050000000000000044,0.10750999301671982,0.0004078452693647705,0.0006972261471673846,0.9356720983698592,3,3,4,0.0,5 3 4 10
2082,11048,0.050000000000000044,0.37664538621902466,0.00041403061477467417,0.0011553994845598936,0.8963733397415362,4,4,5,0.0,3 6 5 4 10
2083,11052,0.050000000000000044,0.3877120316028595,0.0004194596840534359,0.0011787256225943565,0.8939529767838018,3,3,4,0.0,3 4 5 10
2084,11056,0.050000000000000044,0.19187839329242706,0.0004743075623991899,0.0007125287083908916,0.9225120335356659,3,3,4,0.0,4 3 5 10
2085,11060,0.050000000000000044,0.4759472906589508,0.00041700011934153736,0.0004971498856320977,0.9479085171371521,3,3,4,0.0,3 4 5 10
2086,11065,0.050000000000000044,0.47412410378456116,0.00038226559991016984,0.0003525406355038285,0.9669716516675761,4,4,5,0.0,6 4 3 5 10
2087,11070,0.050000000000000044,0.2508307993412018,0.00042231768602505324,0.00023337107268162072,0.9605787595408425,4,4,5,0.0,3 4 5 7 10
2088,11075,0.050000000000000044,0.25316122174263,0.00044229141785763205,0.0002313007425982505,0.9614714203794419,4,4,5,0.0,6 3 5 4 10
2089,11082,0.050000000000000044,0.452924907207489,0.0003884959525229143,0.0006747656734660268,0.9479289316925509,6,6,7,0.0,9 8 3 5 4 6 10
2090,11085,0.050000000000000044,0.11433081328868866,0.0004354824001590411,0.0013132988242432475,0.9046269025161916,2,2,3,0.0,5 3 10
2091,11092,0.050000000000000044,0.38784024119377136,0.0004561961312512202,0.0009513080585747957,0.9213872625094957,6,6,7,0.0,9 8 3 5 2 4 10
2092,11095,0.050000000000000044,0.12749537825584412,0.00040536015876568854,0.002103544771671295,0.8100523795139634,2,2,3,0.0,8 7 10
2093,11100,0.050000000000000044,0.3750113844871521,0.0003536464355420321,0.0011541643179953098,0.8949846629669068,4,4,5,0.0,9 4 3 5 10
2094,11104,0.050000000000000044,0.10111116617918015,0.0003467489150352776,0.0003786321613006294,0.9311998551368147,3,3,4,0.0,5 3 4 10
2095,11108,0.050000000000000044,0.1890897899866104,0.00033994785917457193,0.0008415174670517445,0.9271355705439832,3,3,4,0.0,4 3 5 10
2096,11111,0.050000000000000044,0.112156443297863,0.0004383854490394394,0.0018606055527925491,0.8786344346451915,2,2,3,0.0,5 3 10
2097,11115,0.050000000000000044,0.2624897360801697,0.0004029367773910053,0.0008646699134260416,0.9188100051901145,3,3,4,0.0,3 5 4 10
2098,11118,0.050000000000000044,0.08941886574029922,0.0004074766475241631,0.0012216682080179453,0.8729719999783387,2,2,3,0.0,5 3 10
2099,11123,0.050000000000000044,0.2554064691066742,0.0003229101945180446,0.0007985481061041355,0.9318051968615914,4,4,5,0.0,6 3 5 4 10
2100,11127,0.050000000000000044,0.24972417950630188,0.00035485417902236804,0.0007711935322731733,0.90955268573924,3,3,4,0.0,3 5 4 10
2101,11131,0.050000000000000044,0.1890897899866104,0.0003670793230412528,0.0008415174670517445,0.9271355705439832,3,3,4,0.0,4 3 5 10
2102,11135,0.050000000000000044,0.20271086692810059,0.0004130538000026718,0.0006925154593773186,0.9477242445052734,3,3,4,0.0,3 4 5 10
2103,11142,0.050000000000000044,0.4347839057445526,0.0003562061382191522,0.0010395636782050133,0.8800677066573632,6,6,7,0.0,8 2 5 6 4 3 10
2104,11145,0.050000000000000044,0.1057547777891159,0.00039489926227057975,0.0005714053986594081,0.9074884510812805,2,2,3,0.0,5 3 10
2105,11149,0.050000000000000044,0.48632511496543884,0.0003893422326655127,0.0007457327446900308,0.9416614441681702,3,3,4,0.0,4 3 5 10
2106,11156,0.050000000000000044,0.4662582576274872,0.00037069740938022733,0.0006159376353025436,0.9234642894776908,6,6,7,0.0,9 5 2 4 6 3 10
2107,11161,0.050000000000000044,0.5029051899909973,0.0003091085411142558,0.0007869340479373932,0.9505186321902643,4,4,5,0.0,9 4 3 5 10
2108,11166,0.050000000000000044,0.26558780670166016,0.0003046589728910476,0.0003361661219969392,0.9597677378322792,4,4,5,0.0,6 3 5 4 10
2109,11175,0.050000000000000044,0.4253298044204712,0.00032170944581998303,0.0009941423777490854,0.8849704279414822,8,8,9,0.0,9 5 2 1 6 7 3 4 10
2110,11178,0.050000000000000044,0.16492176055908203,0.0002954232622869313,0.0011364452075213194,0.881234130433425,2,2,3,0.0,8 7 10
2111,11181,0.050000000000000044,0.11533927172422409,0.0003215080942027271,0.0019521486246958375,0.89125137407594,2,2,3,0.0,8 7 10
2112,11187,0.050000000000000044,0.49088332056999207,0.00034556038250836235,0.0007635295623913407,0.9525509322511738,5,5,6,0.0,9 5 8 3 4 10
2113,11193,0.050000000000000044,0.4610193073749542,0.000300225224539948,0.0003362944698892534,0.9670657450853715,5,5,6,0.0,2 8 5 4 3 10
2114,11201,0.050000000000000044,0.5509839653968811,0.0003172585966240149,0.0006456465926021338,0.9379230030722624,7,7,8,0.0,9 5 2 1 8 3 4 10
2115,11205,0.050000000000000044,0.1759030967950821,0.0003418525811866857,0.0009096288704313338,0.9269010189933953,3,3,4,0.0,3 4 5 10
2116,11210,0.050000000000000044,0.22786745429039001,0.0003386611409951001,0.0007437773747369647,0.912754570908056,4,4,5,0.0,8 3 5 4 10
2117,11217,0.050000000000000044,0.19712701439857483,0.0003744150827904897,0.00023232318926602602,0.9613606862714968,6,6,7,0.0,2 8 3 5 4 1 10
2118,11225,0.050000000000000044,0.5509839653968811,0.0003427807678235695,0.0006456465926021338,0.9379230030722624,7,7,8,0.0,9 5 2 1 8 3 4 10
2119,11230,0.050000000000000044,0.2858160734176636,0.000296113669173792,0.0005041981930844486,0.9497746528435264,4,4,5,0.0,6 3 5 4 10
2120,11238,0.050000000000000044,0.433559387922287,0.0003260722296545282,0.0010059585329145193,0.8842324849913576,7,7,8,0.0,9 4 2 5 8 3 1 10
2121,11246,0.050000000000000044,0.5509839653968811,0.0003376206241227919,0.0006456465926021338,0.9379230030722624,7,7,8,0.0,9 5 2 1 8 3 4 10
2122,11252,0.050000000000000044,0.5762385129928589,0.0004299641150282696,0.0006359022809192538,0.9393086878319274,5,5,6,0.0,3 5 7 6 4 10
2123,11261,0.050000000000000044,0.506827175617218,0.0005905712702466795,0.0008757499745115638,0.9439653884242959,8,8,9,0.0,2 5 9 4 6 8 3 7 10
2124,11265,0.050000000000000044,0.19187839329242706,0.0005809836293337867,0.0007125287083908916,0.9225120335356659,3,3,4,0.0,4 3 5 10
2125,11270,0.050000000000000044,0.25228673219680786,0.0004974024137482047,0.0013292580842971802,0.905799355273723,4,4,5,0.0,6 4 5 7 10
2126,11276,0.050000000000000044,0.5652050971984863,0.0004219703938967238,0.0005615566042251885,0.9344791137789432,5,5,6,0.0,4 3 5 9 6 10
2127,11280,0.050000000000000044,0.4759472906589508,0.0003848256455967203,0.0004971498856320977,0.9479085171371521,3,3,4,0.0,3 4 5 10
2128,11284,0.050000000000000044,0.10751000046730042,0.00044427656393963844,0.0006972261471673846,0.9356720983698592,3,3,4,0.0,3 4 5 10
2129,11287,0.050000000000000044,0.1057547852396965,0.0004033503549483915,0.0005714053986594081,0.9074884510812805,2,2,3,0.0,3 5 10
2130,11291,0.050000000000000044,0.2718748152256012,0.0003823046135948971,0.0006805580342188478,0.9332163441620599,3,3,4,0.0,3 5 4 10
2131,11300,0.050000000000000044,0.37928977608680725,0.00042276638365971547,0.0009104710770770907,0.9083804065775786,9,9,10,0.0,4 3 6 5 9 1 2 7 8
2132,11304,0.050000000000000044,0.2767753005027771,0.0003886694394168444,0.00023578456602990627,0.9599719557392895,3,3,4,0.0,3 5 4 10
2133,11308,0.050000000000000044,0.20271086692810059,0.000348885623679962,0.0006925154593773186,0.9477242445052734,3,3,4,0.0,4 5 3 10
2134,11313,0.050000000000000044,0.5697052478790283,0.0004992811300326139,0.0003484461340121925,0.9559044474370414,4,4,5,0.0,3 4 6 5 10
2135,11319,0.050000000000000044,0.4845992624759674,0.0004294631313920642,0.000801010406576097,0.9501415679804919,5,5,6,0.0,8 3 5 6 4 10
2136,11325,0.050000000000000044,0.36510366201400757,0.0004301325825508684,0.0011368700070306659,0.8988275140895997,5,5,6,0.0,3 8 5 6 4 10
2137,11331,0.050000000000000044,0.4845992624759674,0.0003635561224655248,0.000801010406576097,0.9501415679804919,5,5,6,0.0,4 6 5 8 3 10
2138,11335,0.050000000000000044,0.48632511496543884,0.00039460782863898203,0.0007457327446900308,0.9416614441681702,3,3,4,0.0,4 3 5 10
2139,11339,0.050000000000000044,0.2767753005027771,0.00036503447336144745,0.00023578456602990627,0.9599719557392895,3,3,4,0.0,3 5 4 10
2140,11343,0.050000000000000044,0.08996736258268356,0.00036322227970231324,0.0007125551346689463,0.9199482513487551,3,3,4,0.0,5 4 7 10
2141,11347,0.050000000000000044,0.10751000791788101,0.00032426555844722316,0.0006972261471673846,0.9356720983698592,3,3,4,0.0,5 4 3 10
2142,11353,0.050000000000000044,0.2029249519109726,0.00038395883651295054,0.0007314409594982862,0.9143634323699579,5,5,6,0.0,8 7 5 3 4 10
2143,11357,0.050000000000000044,0.48632511496543884,0.00029022200033068657,0.0007457327446900308,0.9416614441681702,3,3,4,0.0,4 3 5 10
2144,11363,0.050000000000000044,0.47351762652397156,0.0003385137363996667,0.0006245305994525552,0.922281097979523,5,5,6,0.0,9 4 6 3 5 10
2145,11367,0.050000000000000044,0.19187839329242706,0.00042379001388326287,0.0007125287083908916,0.9225120335356659,3,3,4,0.0,4 5 3 10
2146,11370,0.050000000000000044,0.08207624405622482,0.00044723347915957373,0.0013121133670210838,0.8683787493409498,2,2,3,0.0,4 3 10
2147,11375,0.050000000000000044,0.28365859389305115,0.0003931943327188492,0.0005174707621335983,0.9490092231600803,4,4,5,0.0,8 3 5 4 10
2148,11379,0.050000000000000044,0.10111117362976074,0.00032467498385813087,0.0003786321613006294,0.9311998551368147,3,3,4,0.0,5 4 3 10
2149,11383,0.050000000000000044,0.10111117362976074,0.0002665447027538903,0.0003786321613006294,0.9311998551368147,3,3,4,0.0,5 4 3 10
2150,11387,0.050000000000000044,0.10111117362976074,0.000328014612023253,0.0003786321613006294,0.9311998551368147,3,3,4,0.0,5 4 3 10
2151,11391,0.050000000000000044,0.09524019807577133,0.0003424602109589614,0.0006769447354599833,0.9249889811281642,3,3,4,0.0,5 4 3 10
2152,11397,0.050000000000000044,0.4602757394313812,0.0003232434513241363,0.0007172896875999868,0.944614465469129,5,5,6,0.0,4 6 5 8 3 10
2153,11400,0.050000000000000044,0.11433081328868866,0.00032919200020842254,0.0013132988242432475,0.9046269025161916,2,2,3,0.0,5 3 10
2154,11404,0.050000000000000044,0.24972417950630188,0.00034116545430151746,0.0007711935322731733,0.90955268573924,3,3,4,0.0,3 5 4 10
2155,11408,0.050000000000000044,0.1890898048877716,0.00039650256803724915,0.0008415174670517445,0.9271355705439832,3,3,4,0.0,4 5 3 10
2156,11412,0.050000000000000044,0.16138248145580292,0.00040657985664438456,0.0011650301748886704,0.8867031143586219,3,3,4,0.0,4 5 3 10
2157,11418,0.050000000000000044,0.45596417784690857,0.0003670996132617195,0.0004186960868537426,0.9515890237763436,5,5,6,0.0,4 6 5 8 3 10
2158,11423,0.050000000000000044,0.5441164374351501,0.00036918470868840814,0.0009120461763814092,0.9427912575275804,4,4,5,0.0,4 3 5 9 10
2159,11426,0.050000000000000044,0.10764649510383606,0.00028930014620224637,0.0020182852167636156,0.8787645564506474,2,2,3,0.0,4 3 10
2160,11430,0.050000000000000044,0.2624897062778473,0.00035882519296137616,0.0008646699134260416,0.9188100051901145,3,3,4,0.0,4 5 3 10
2161,11434,0.050000000000000044,0.09524019807577133,0.0003307501465314999,0.0006769447354599833,0.9249889811281642,3,3,4,0.0,5 4 3 10
2162,11440,0.050000000000000044,0.434037983417511,0.00034000020726428676,0.0010692942887544632,0.9134927398384539,5,5,6,0.0,4 8 5 6 3 10
2163,11443,0.050000000000000044,0.16684940457344055,0.0003159231855534017,0.001254215370863676,0.9045007646916596,2,2,3,0.0,8 7 10
2164,11446,0.050000000000000044,0.09611156582832336,0.0003025192127097398,0.0009595182491466403,0.8915431177981118,2,2,3,0.0,5 4 10
2165,11453,0.050000000000000044,0.5547481775283813,0.0003347715288068035,0.0005607438506558537,0.9349383981754466,6,6,7,0.0,9 5 4 6 8 3 10
2166,11459,0.050000000000000044,0.5616667866706848,0.00035770885976186645,0.0005703011993318796,0.9327689201419334,5,5,6,0.0,1 4 3 5 6 10
2167,11463,0.050000000000000044,0.2027108520269394,0.0003022103410330601,0.0006925154593773186,0.9477242445052734,3,3,4,0.0,5 4 3 10
2168,11466,0.050000000000000044,0.062445566058158875,0.00034744809575689334,0.0014953591162338853,0.8498842261474708,2,2,3,0.0,1 4 10
2169,11469,0.050000000000000044,0.06988902390003204,0.0003157825267408043,0.0016929191770032048,0.812152810952893,2,2,3,0.0,4 3 10
2170,11477,0.050000000000000044,0.45710209012031555,0.00029875928157707676,0.0006122954073362052,0.9242617660130105,7,7,8,0.0,7 3 6 5 9 8 4 10
2171,11484,0.050000000000000044,0.5842468738555908,0.0003488635744101235,0.0007178953383117914,0.944925220946778,6,6,7,0.0,6 4 5 8 9 3 10
2172,11488,0.050000000000000044,0.10751000046730042,0.00041666113247629255,0.0006972261471673846,0.9356720983698592,3,3,4,0.0,4 3 5 10
2173,11492,0.050000000000000044,0.29884207248687744,0.00031183442843030207,0.0010978968348354101,0.9150954425760172,3,3,4,0.0,4 5 3 10
2174,11497,0.050000000000000044,0.26558777689933777,0.0003004496218636632,0.0003361661219969392,0.9597677378322792,4,4,5,0.0,6 4 5 3 10
2175,11505,0.050000000000000044,0.43085914850234985,0.000478716643556254,0.00032351608388125896,0.9672803155342549,7,7,8,0.0,2 8 5 4 6 9 3 10
2176,11512,0.050000000000000044,0.5842468738555908,0.0004065400114216443,0.0007178953383117914,0.944925220946778,6,6,7,0.0,6 4 5 8 9 3 10
2177,11516,0.050000000000000044,0.4759472906589508,0.0003550002074916847,0.0004971498856320977,0.9479085171371521,3,3,4,0.0,3 4 5 10
2178,11522,0.050000000000000044,0.43698182702064514,0.00040287209655313444,0.0010526729747653008,0.9149310862762892,5,5,6,0.0,1 4 6 5 3 10
2179,11527,0.050000000000000044,0.2475619912147522,0.0003464676672592759,0.0006706903805024922,0.9352929691001153,4,4,5,0.0,6 4 5 3 10
2180,11530,0.050000000000000044,0.08207624405622482,0.00044394049715871614,0.0013121133670210838,0.8683787493409498,2,2,3,0.0,4 3 10
2181,11535,0.050000000000000044,0.2475619912147522,0.00034967224346473815,0.0006706903805024922,0.9352929691001153,4,4,5,0.0,6 5 4 3 10
2182,11543,0.050000000000000044,0.5700582265853882,0.0003011258395417826,0.0007330960361286998,0.9438340796797794,7,7,8,0.0,7 1 4 2 5 9 3 10
2183,11552,0.050000000000000044,0.5411314368247986,0.00036760230755640403,0.0006397218676283956,0.9381793259015123,8,8,9,0.0,9 1 4 2 8 3 7 5 10
2184,11557,0.050000000000000044,0.08182428777217865,0.0003933275700546801,0.000733868102543056,0.9427517029533204,4,4,5,0.0,4 5 3 8 10
2185,11561,0.050000000000000044,0.09524019807577133,0.0003535699433996342,0.0006769447354599833,0.9249889811281642,3,3,4,0.0,4 3 5 10
2186,11564,0.050000000000000044,0.11073829233646393,0.0003033571847481653,0.0007956521003507078,0.9132356949496071,2,2,3,0.0,4 3 10
2187,11567,0.050000000000000044,0.09432540833950043,0.000352696612632523,0.0006179323536343873,0.8970643109182399,2,2,3,0.0,4 3 10
2188,11571,0.050000000000000044,0.4759472906589508,0.0003498454098007642,0.0004971498856320977,0.9479085171371521,3,3,4,0.0,3 4 5 10
2189,11576,0.050000000000000044,0.4670996367931366,0.00029553124913945795,0.0004306805203668773,0.9496687146769692,4,4,5,0.0,6 4 5 3 10
2190,11581,0.050000000000000044,0.2760734558105469,0.00036249948316253723,0.0010438355384394526,0.9181503603737646,4,4,5,0.0,6 4 5 3 10
2191,11589,0.050000000000000044,0.5509839057922363,0.0003297144467069302,0.0006456465926021338,0.9379230030722624,7,7,8,0.0,9 1 4 2 8 3 5 10
2192,11591,0.050000000000000044,0.11685731261968613,0.000268007701379247,0.0018199811456725001,0.824517770241791,1,1,2,0.0,8 10
2193,11598,0.050000000000000044,0.349197119474411,0.0003190717626629131,0.001123726600781083,0.8983092957688994,6,6,7,0.0,5 2 4 6 9 3 10
2194,11602,0.050000000000000044,0.07672931253910065,0.0003521231119520962,0.0009904849575832486,0.8990747353126263,3,3,4,0.0,4 3 5 10
2195,11606,0.050000000000000044,0.08512035012245178,0.0003108154523943085,0.0007592688780277967,0.9168837118304726,3,3,4,0.0,4 8 7 10
2196,11614,0.050000000000000044,0.5722638964653015,0.0003199107450200245,0.0007238480029627681,0.9448136808118128,7,7,8,0.0,6 4 2 5 9 1 3 10
2197,11622,0.050000000000000044,0.3856789767742157,0.0003002755875058938,0.0009493095567449927,0.9022876474647544,7,7,8,0.0,5 6 4 9 1 2 3 10
2198,11626,0.050000000000000044,0.3877120316028595,0.00032069709050119855,0.0011787256225943565,0.8939529767838018,3,3,4,0.0,3 4 5 10
2199,11630,0.050000000000000044,0.10111117362976074,0.0002980590143124573,0.0003786321613006294,0.9311998551368147,3,3,4,0.0,4 3 5 10
2200,11634,0.050000000000000044,0.1759030967950821,0.000278597348369658,0.0009096288704313338,0.9269010189933953,3,3,4,0.0,4 5 3 10
2201,11643,0.050000000000000044,0.5637897849082947,0.00035130910206741345,0.0007042397046461701,0.9449583472203414,8,8,9,0.0,6 1 5 2 9 8 4 3 10
2202,11651,0.050000000000000044,0.5429455637931824,0.00030190512552508153,0.0003327244194224477,0.9565916344718333,7,7,8,0.0,9 8 3 2 5 6 4 10
2203,11660,0.050000000000000044,0.5637897253036499,0.0003266439921895249,0.0007042397046461701,0.9449583472203414,8,8,9,0.0,6 2 5 9 4 1 8 3 10
2204,11668,0.050000000000000044,0.4362729489803314,0.0002988479354826268,0.0006709874141961336,0.9476550413864829,7,7,8,0.0,5 2 4 6 9 8 3 10
2205,11673,0.050000000000000044,0.2858160734176636,0.0002916382916737348,0.0005041981930844486,0.9497746528435264,4,4,5,0.0,6 5 3 4 10
2206,11678,0.050000000000000044,0.17265085875988007,0.0002880359417758882,0.000668957713060081,0.9494614431038765,4,4,5,0.0,6 5 3 4 10
2207,11683,0.050000000000000044,0.19279883801937103,0.00031971289135981353,0.00038871655124239624,0.9639171475409469,4,4,5,0.0,5 4 3 8 10
2208,11687,0.050000000000000044,0.12612539529800415,0.0003171612406731583,0.0017454905901104212,0.8363535951437622,3,3,4,0.0,4 3 5 10
2209,11694,0.050000000000000044,0.4426712393760681,0.00030460085171008747,0.0003343479475006461,0.9662795484544406,6,6,7,0.0,2 5 4 9 7 3 10
2210,11699,0.050000000000000044,0.2475619912147522,0.0002717240335186943,0.0006706903805024922,0.9352929691001153,4,4,5,0.0,6 3 5 4 10
2211,11707,0.050000000000000044,0.43627291917800903,0.0002720866395975463,0.0006709874141961336,0.9476550413864829,7,7,8,0.0,5 2 4 9 6 8 3 10
2212,11711,0.050000000000000044,0.09524019807577133,0.0003054947446798906,0.0006769447354599833,0.9249889811281642,3,3,4,0.0,4 3 5 10
2213,11718,0.050000000000000044,0.44144439697265625,0.0003008949902973005,0.0004035925667267293,0.951240115780184,6,6,7,0.0,2 1 8 4 3 5 10
2214,11725,0.050000000000000044,0.472873330116272,0.0003162099331218217,0.0007641755510121584,0.9516051112896764,6,6,7,0.0,5 2 4 6 9 3 10
2215,11730,0.050000000000000044,0.2760734558105469,0.0002959978068247437,0.0010438355384394526,0.9181503603737646,4,4,5,0.0,6 4 5 3 10
2216,11734,0.050000000000000044,0.10751000046730042,0.0002651622889970895,0.0006972261471673846,0.9356720983698592,3,3,4,0.0,4 3 5 10
2217,11741,0.050000000000000044,0.43744561076164246,0.0002512022017201941,0.0010274675441905856,0.880471362033582,6,6,7,0.0,5 6 4 9 1 3 10
2218,11749,0.050000000000000044,0.42738041281700134,0.00027004260300600436,0.00032964471029117703,0.9664371939869897,7,7,8,0.0,2 5 4 6 9 1 3 10
2219,11757,0.050000000000000044,0.43627291917800903,0.0004410625515447464,0.0006709874141961336,0.9476550413864829,7,7,8,0.0,6 4 2 8 5 9 3 10
2220,11762,0.050000000000000044,0.07156012952327728,0.0004562376823741943,0.0006734614726155996,0.9384640806601532,4,4,5,0.0,4 6 3 5 10
2221,11767,0.050000000000000044,0.0772474855184555,0.0003912534943083301,0.0004749140061903745,0.9471995147669358,4,4,5,0.0,3 4 7 5 10
2222,11771,0.050000000000000044,0.19187837839126587,0.00034018245787592605,0.0007125287083908916,0.9225120335356659,3,3,4,0.0,3 4 5 10
2223,11774,0.050000000000000044,0.06988902390003204,0.00035207634209655225,0.0016929191770032048,0.812152810952893,2,2,3,0.0,3 4 10
2224,11778,0.050000000000000044,0.16138248145580292,0.00029081531829433516,0.0011650301748886704,0.8867031143586219,3,3,4,0.0,3 5 4 10
2225,11786,0.050000000000000044,0.5550432801246643,0.0004401738151500467,0.0006319732638075948,0.9396712695836454,7,7,8,0.0,9 4 6 2 5 1 3 10
2226,11790,0.050000000000000044,0.19460906088352203,0.00036973801616113633,0.00031904428033158183,0.9544529469061408,3,3,4,0.0,5 3 4 10
2227,11794,0.050000000000000044,0.11958125978708267,0.0003386928729014471,0.0007459187181666493,0.9416358080580742,3,3,4,0.0,4 3 5 10
2228,11799,0.050000000000000044,0.15952736139297485,0.0002949748595710844,0.0008121889550238848,0.9295508097702201,4,4,5,0.0,6 5 3 4 10
2229,11805,0.050000000000000044,0.4613105356693268,0.00032239925106599304,0.000713591929525137,0.9450598069235204,5,5,6,0.0,6 4 2 5 3 10
2230,11811,0.050000000000000044,0.434037983417511,0.0002847393285871173,0.0010692942887544632,0.9134927398384539,5,5,6,0.0,5 3 6 8 4 10
2231,11817,0.050000000000000044,0.450959712266922,0.0003468027328684305,0.0004789195372723043,0.9509973699286774,5,5,6,0.0,2 5 4 6 3 10
2232,11822,0.050000000000000044,0.1636228710412979,0.0003082958108279854,0.0006801652489230037,0.9262309627215446,4,4,5,0.0,6 5 3 4 10
2233,11826,0.050000000000000044,0.2624897360801697,0.0003288505322416313,0.0008646699134260416,0.9188100051901145,3,3,4,0.0,4 3 5 10
2234,11834,0.050000000000000044,0.5129269957542419,0.00032880454091355205,0.0008948610629886389,0.9422582158604006,7,7,8,0.0,6 4 2 5 9 1 3 10
2235,11840,0.050000000000000044,0.22907662391662598,0.000319362930895295,0.0007931928848847747,0.9327824868252955,5,5,6,0.0,6 4 3 9 5 10
2236,11844,0.050000000000000044,0.1759030967950821,0.0003497555590001866,0.0009096288704313338,0.9269010189933953,3,3,4,0.0,4 5 3 10
2237,11853,0.050000000000000044,0.42137330770492554,0.0002751884086238634,0.0009719681693241,0.8884891295865373,9,9,10,0.0,5 6 9 2 8 1 3 7 4
2238,11856,0.050000000000000044,0.06988902390003204,0.00026402229559607804,0.0016929191770032048,0.812152810952893,2,2,3,0.0,3 4 10
2239,11861,0.050000000000000044,0.16639912128448486,0.00032118206145241855,0.00030146329663693905,0.956403461580611,4,4,5,0.0,6 5 3 4 10
2240,11864,0.050000000000000044,0.06988902390003204,0.00029545229820845026,0.0016929191770032048,0.812152810952893,2,2,3,0.0,3 4 10
2241,11869,0.050000000000000044,0.2858160734176636,0.00033586409990675746,0.0005041981930844486,0.9497746528435264,4,4,5,0.0,6 5 3 4 10
2242,11873,0.050000000000000044,0.5117752552032471,0.0002942084174719639,0.0008333476143889129,0.9475241621311723,3,3,4,0.0,4 3 5 10
2243,11877,0.050000000000000044,0.19460906088352203,0.00027236435198574327,0.00031904428033158183,0.9544529469061408,3,3,4,0.0,5 3 4 10
2244,11881,0.050000000000000044,0.10751000046730042,0.0002442160293867346,0.0006972261471673846,0.9356720983698592,3,3,4,0.0,3 4 5 10
2245,11885,0.050000000000000044,0.4264526963233948,0.00036818341322941706,0.0010011573322117329,0.917074837773932,3,3,4,0.0,4 3 5 10
2246,11889,0.050000000000000044,0.29884207248687744,0.0003494723132462241,0.0010978968348354101,0.9150954425760172,3,3,4,0.0,4 3 5 10
2247,11893,0.050000000000000044,0.16138248145580292,0.00028394457331160083,0.0011650301748886704,0.8867031143586219,3,3,4,0.0,3 5 4 10
2248,11897,0.050000000000000044,0.2624897062778473,0.0002625097695272416,0.0008646699134260416,0.9188100051901145,3,3,4,0.0,4 5 3 10
2249,11904,0.050000000000000044,0.4421522617340088,0.0003160732823224472,0.000396194081986323,0.950871857093574,6,6,7,0.0,2 4 5 9 6 3 10
2250,11913,0.050000000000000044,0.32081693410873413,0.00029009039119248174,0.0011028731241822243,0.90043125098724,8,8,9,0.0,5 9 2 6 4 7 1 3 10
2251,11917,0.050000000000000044,0.4489028751850128,0.0002661232683749404,0.0012242698576301336,0.924349258588483,3,3,4,0.0,5 2 4 10
2252,11919,0.050000000000000044,0.11443361639976501,0.00035033254243899137,0.0009746433352120221,0.8831650375363093,1,1,2,0.0,6 10
2253,11924,0.050000000000000044,0.26558780670166016,0.0003258841403294355,0.0003361661219969392,0.9597677378322792,4,4,5,0.0,6 4 3 5 10
2254,11929,0.050000000000000044,0.26558777689933777,0.0002786854631267488,0.0003361661219969392,0.9597677378322792,4,4,5,0.0,6 4 5 3 10
2255,11937,0.050000000000000044,0.5550432801246643,0.00028891879082948435,0.0006319732638075948,0.9396712695836454,7,7,8,0.0,9 4 2 5 6 1 3 10
2256,11940,0.050000000000000044,0.07997742295265198,0.0003179265089177837,0.001614294247701764,0.8286039379384373,2,2,3,0.0,5 4 10
2257,11947,0.050000000000000044,0.5539999604225159,0.000305215607763135,0.0005585496546700597,0.9338569785429521,6,6,7,0.0,9 5 2 6 4 3 10
2258,11951,0.050000000000000044,0.20271086692810059,0.0003065125783905387,0.0006925154593773186,0.9477242445052734,3,3,4,0.0,3 5 4 10
2259,11958,0.050000000000000044,0.5548122525215149,0.00028697898752787817,0.0005666107754223049,0.9360419978275807,6,6,7,0.0,5 6 4 3 8 7 10
2260,11963,0.050000000000000044,0.45331770181655884,0.00030173997802194206,0.0010505521204322577,0.878149451676858,4,4,5,0.0,4 3 5 9 10
2261,11968,0.050000000000000044,0.25316122174263,0.0002950647321995348,0.0002313007425982505,0.9614714203794419,4,4,5,0.0,6 4 3 5 10
2262,11972,0.050000000000000044,0.1890898048877716,0.0003102940827375278,0.0008415174670517445,0.9271355705439832,3,3,4,0.0,4 5 3 10
2263,11976,0.050000000000000044,0.11958125978708267,0.00028258828024263494,0.0007459187181666493,0.9416358080580742,3,3,4,0.0,4 3 5 10
2264,11981,0.050000000000000044,0.2760734558105469,0.00033453998621553184,0.0010438355384394526,0.9181503603737646,4,4,5,0.0,6 4 3 5 10
2265,11988,0.050000000000000044,0.4447636008262634,0.00029486994441997794,0.00033214210998266935,0.9669008846533143,6,6,7,0.0,2 5 6 9 4 3 10
2266,11992,0.050000000000000044,0.10111116617918015,0.00025204597113770433,0.0003786321613006294,0.9311998551368147,3,3,4,0.0,5 3 4 10
2267,12000,0.050000000000000044,0.5420248508453369,0.00033003506177919917,0.000333779607899487,0.9562008185810481,7,7,8,0.0,9 5 6 2 4 1 3 10
2268,12004,0.050000000000000044,0.4759472906589508,0.00044653188524534926,0.0004971498856320977,0.9479085171371521,3,3,4,0.0,3 4 5 10
2269,12008,0.050000000000000044,0.19460906088352203,0.00044300533409113996,0.00031904428033158183,0.9544529469061408,3,3,4,0.0,5 3 4 10
2270,12012,0.050000000000000044,0.19187837839126587,0.000475988257676363,0.0007125287083908916,0.9225120335356659,3,3,4,0.0,3 4 5 10
2271,12015,0.050000000000000044,0.10987221449613571,0.00034465147958447534,0.0007959660142660141,0.9119287159174291,2,2,3,0.0,3 5 10
2272,12019,0.050000000000000044,0.24972417950630188,0.00042706790554802865,0.0007711935322731733,0.90955268573924,3,3,4,0.0,4 3 5 10
2273,12023,0.050000000000000044,0.24972417950630188,0.0004048074843012728,0.0007711935322731733,0.90955268573924,3,3,4,0.0,3 5 4 10
2274,12032,0.050000000000000044,0.35818618535995483,0.00038261630753469135,0.0009382939897477627,0.9230178086425972,8,8,9,0.0,2 5 3 6 7 9 4 8 10
2275,12039,0.050000000000000044,0.3489220440387726,0.0003963037556137091,0.0011327833635732532,0.8988618140909533,6,6,7,0.0,2 5 8 6 4 3 10
2276,12040,0.050000000000000044,0.0,0.00039020110853016376,0.003433574689552188,0.7811278320082622,0,0,1,0.0,10
2277,12045,0.050000000000000044,0.2554064691066742,0.0003940001188311726,0.0007985481061041355,0.9318051968615914,4,4,5,0.0,6 3 5 4 10
2278,12048,0.050000000000000044,0.10987220704555511,0.0003843334367653976,0.0007959660142660141,0.9119287159174291,2,2,3,0.0,5 3 10
2279,12057,0.050000000000000044,0.42137330770492554,0.00033283371724084846,0.0009719681693241,0.8884891295865373,9,9,10,0.0,5 9 2 8 6 1 3 7 4
2280,12066,0.050000000000000044,0.4481082558631897,0.0003250263980589807,0.0005823540850542486,0.9282077593589367,9,9,10,0.0,2 5 9 8 6 1 3 7 4
2281,12070,0.050000000000000044,0.12612539529800415,0.00030378514202311635,0.0017454905901104212,0.8363535951437622,3,3,4,0.0,3 4 5 10
2282,12074,0.050000000000000044,0.48632511496543884,0.0003259542281739414,0.0007457327446900308,0.9416614441681702,3,3,4,0.0,4 3 5 10
2283,12081,0.050000000000000044,0.5510384440422058,0.00034307679327737005,0.00034029223024845123,0.9563658124059616,6,6,7,0.0,2 4 6 8 3 5 10
2284,12086,0.050000000000000044,0.26558780670166016,0.0003637595393229276,0.0003361661219969392,0.9597677378322792,4,4,5,0.0,6 3 5 4 10
2285,12093,0.050000000000000044,0.44144439697265625,0.00027375439822208136,0.0004035925667267293,0.951240115780184,6,6,7,0.0,2 5 8 3 1 4 10
2286,12098,0.050000000000000044,0.4162355959415436,0.0002946816617622972,0.0006207490805536509,0.9350941496215734,4,4,5,0.0,2 5 4 8 10
2287,12102,0.050000000000000044,0.2767753005027771,0.0003568863758118823,0.00023578456602990627,0.9599719557392895,3,3,4,0.0,3 5 4 10
2288,12108,0.050000000000000044,0.22471940517425537,0.0003044351760763675,0.0006403941661119461,0.9370400502338704,5,5,6,0.0,6 3 5 4 9 10
2289,12113,0.050000000000000044,0.034005679190158844,0.00035104582784697416,0.001246452098712325,0.8661036757967134,4,4,5,0.0,5 4 3 8 10
2290,12121,0.050000000000000044,0.5688596963882446,0.00027814010900328867,0.0007358655566349626,0.9430309994573683,7,7,8,0.0,2 4 8 3 5 7 1 10
2291,12127,0.050000000000000044,0.4367915689945221,0.00033135496293349814,0.0010561833623796701,0.915012241419799,5,5,6,0.0,5 9 6 3 4 10
2292,12131,0.050000000000000044,0.1890898048877716,0.00030300046637421474,0.0008415174670517445,0.9271355705439832,3,3,4,0.0,5 4 3 10
2293,12140,0.050000000000000044,0.41353410482406616,0.00031261897917526465,0.00032307073706761,0.9669969276958074,8,8,9,0.0,2 5 4 9 8 7 3 1 10
2294,12144,0.050000000000000044,0.29884210228919983,0.0002963708247989416,0.0010978968348354101,0.9150954425760172,3,3,4,0.0,5 3 4 10
2295,12148,0.050000000000000044,0.2767753005027771,0.00027864785806741565,0.00023578456602990627,0.9599719557392895,3,3,4,0.0,3 5 4 10
2296,12152,0.050000000000000044,0.12612539529800415,0.0003305633581476286,0.0017454905901104212,0.8363535951437622,3,3,4,0.0,3 4 5 10
2297,12156,0.050000000000000044,0.42645275592803955,0.00028894865317852236,0.0010011573322117329,0.917074837773932,3,3,4,0.0,3 4 5 10
2298,12160,0.050000000000000044,0.10111117362976074,0.0003255198898841627,0.0003786321613006294,0.9311998551368147,3,3,4,0.0,5 4 3 10
2299,12169,0.050000000000000044,0.4087560474872589,0.00026270159125690244,0.0006344392895698547,0.9489724816451033,9,9,10,0.0,2 5 8 6 1 9 3 7 4
2300,12176,0.050000000000000044,0.3420715034008026,0.00034794933578398613,0.001372696366161108,0.8452487608836465,6,6,7,0.0,9 5 2 6 8 1 10
2301,12180,0.050000000000000044,0.12612539529800415,0.00030135053748381324,0.0017454905901104212,0.8363535951437622,3,3,4,0.0,3 4 5 10
2302,12184,0.050000000000000044,0.28711608052253723,0.0003073920015594922,0.0003561797784641385,0.958056779700142,3,3,4,0.0,3 5 4 10
2303,12193,0.050000000000000044,0.5354554057121277,0.0002748793307950513,0.0005509398761205375,0.9358978469354432,8,8,9,0.0,2 5 9 6 8 7 3 4 10
2304,12202,0.050000000000000044,0.427304744720459,0.00028894543680103705,0.0009876589756458998,0.8858564166832764,8,8,9,0.0,9 5 2 6 8 1 3 4 10
2305,12210,0.050000000000000044,0.36932796239852905,0.0002817030417645583,0.0009665355319157243,0.9212367560151925,7,7,8,0.0,2 4 5 6 8 1 3 10
2306,12214,0.050000000000000044,0.4759472906589508,0.00031340360874310136,0.0004971498856320977,0.9479085171371521,3,3,4,0.0,3 5 4 10
2307,12221,0.050000000000000044,0.387840211391449,0.0002931768332408475,0.0009513080585747957,0.9213872625094957,6,6,7,0.0,2 4 5 8 9 3 10
2308,12225,0.050000000000000044,0.24972417950630188,0.00032560282852500677,0.0007711935322731733,0.90955268573924,3,3,4,0.0,3 5 4 10
2309,12232,0.050000000000000044,0.38675010204315186,0.00027529157315646965,0.0009819609113037586,0.9004851945107814,6,6,7,0.0,2 4 6 8 3 5 10
2310,12236,0.050000000000000044,0.20271086692810059,0.00029882643138989806,0.0006925154593773186,0.9477242445052734,3,3,4,0.0,3 4 5 10
2311,12244,0.050000000000000044,0.5731690526008606,0.0002753943408606574,0.0007119241636246443,0.944240013551627,7,7,8,0.0,2 4 5 9 8 7 3 10
2312,12252,0.050000000000000044,0.5718053579330444,0.0003171872540406184,0.000728494836948812,0.9449370830152605,7,7,8,0.0,2 4 6 8 3 7 5 10
2313,12256,0.050000000000000044,0.10731006413698196,0.00041399055044166744,0.0013129606377333403,0.9179154419362064,3,3,4,0.0,5 4 3 10
2314,12260,0.050000000000000044,0.11958125978708267,0.000384678365662694,0.0007459187181666493,0.9416358080580742,3,3,4,0.0,5 4 3 10
2315,12266,0.050000000000000044,0.1997070014476776,0.00040154068847186863,0.0007481719367206097,0.9127983251469172,5,5,6,0.0,6 3 5 7 4 10
2316,12270,0.050000000000000044,0.19187839329242706,0.0005130156350787729,0.0007125287083908916,0.9225120335356659,3,3,4,0.0,4 3 5 10
2317,12275,0.050000000000000044,0.16004522144794464,0.0004525362804997712,0.0007084050448611379,0.924005296493257,4,4,5,0.0,2 4 3 5 10
2318,12279,0.050000000000000044,0.2757476568222046,0.0003524194471538067,0.0008420562953688204,0.9279354690406892,3,3,4,0.0,3 4 5 10
2319,12283,0.050000000000000044,0.19460906088352203,0.0003810721609625034,0.00031904428033158183,0.9544529469061408,3,3,4,0.0,3 4 5 10
2320,12287,0.050000000000000044,0.09524019807577133,0.0003796760065597482,0.0006769447354599833,0.9249889811281642,3,3,4,0.0,5 4 3 10
2321,12291,0.050000000000000044,0.2718748152256012,0.0004414236100274138,0.0006805580342188478,0.9332163441620599,3,3,4,0.0,3 5 4 10
2322,12296,0.050000000000000044,0.23950335383415222,0.0003348141734022647,0.0008376304758712649,0.9213179855936348,4,4,5,0.0,5 3 8 4 10
2323,12300,0.050000000000000044,0.12612539529800415,0.00034880607563536614,0.0017454905901104212,0.8363535951437622,3,3,4,0.0,3 4 5 10
2324,12304,0.050000000000000044,0.10111117362976074,0.00036023370194016024,0.0003786321613006294,0.9311998551368147,3,3,4,0.0,5 4 3 10
2325,12308,0.050000000000000044,0.07672931998968124,0.0003652937593869865,0.0009904849575832486,0.8990747353126263,3,3,4,0.0,5 4 3 10
2326,12312,0.050000000000000044,0.06933696568012238,0.00032464654941577464,0.001283831661567092,0.861458354593032,3,3,4,0.0,5 4 3 10
2327,12321,0.050000000000000044,0.5637897253036499,0.00035488258516933356,0.0007042397046461701,0.9449583472203414,8,8,9,0.0,2 4 5 9 8 1 6 3 10
2328,12325,0.050000000000000044,0.2767753005027771,0.000329140319081489,0.00023578456602990627,0.9599719557392895,3,3,4,0.0,3 5 4 10
2329,12328,0.050000000000000044,0.3734058737754822,0.0004107566977230211,0.0012970082461833954,0.8899592532024372,2,2,3,0.0,5 3 10
2330,12332,0.050000000000000044,0.06933696568012238,0.0003826846295851283,0.001283831661567092,0.861458354593032,3,3,4,0.0,5 4 3 10
2331,12337,0.050000000000000044,0.2554064691066742,0.0003605928795877844,0.0007985481061041355,0.9318051968615914,4,4,5,0.0,6 3 4 5 10
2332,12341,0.050000000000000044,0.20271086692810059,0.00034863623295677826,0.0006925154593773186,0.9477242445052734,3,3,4,0.0,3 4 5 10
2333,12346,0.050000000000000044,0.25316122174263,0.0003113777318503708,0.0002313007425982505,0.9614714203794419,4,4,5,0.0,6 4 3 5 10
2334,12351,0.050000000000000044,0.2858160734176636,0.0002888922928832471,0.0005041981930844486,0.9497746528435264,4,4,5,0.0,6 4 3 5 10
2335,12355,0.050000000000000044,0.20271086692810059,0.00030015059746801853,0.0006925154593773186,0.9477242445052734,3,3,4,0.0,3 4 5 10
2336,12359,0.050000000000000044,0.19460907578468323,0.00033557943970663473,0.00031904428033158183,0.9544529469061408,3,3,4,0.0,3 5 4 10
2337,12363,0.050000000000000044,0.2767753005027771,0.00036385814019013196,0.00023578456602990627,0.9599719557392895,3,3,4,0.0,3 5 4 10
2338,12368,0.050000000000000044,0.08304862678050995,0.0003232503542676568,0.0007203413988463581,0.9439258649147931,4,4,5,0.0,5 4 3 7 10
2339,12372,0.050000000000000044,0.2027108520269394,0.00032211745565291494,0.0006925154593773186,0.9477242445052734,3,3,4,0.0,5 4 3 10
2340,12376,0.050000000000000044,0.06933696568012238,0.0003480518062133342,0.001283831661567092,0.861458354593032,3,3,4,0.0,5 4 3 10
2341,12378,0.050000000000000044,0.10540889203548431,0.00036343531974125654,0.0026317813899368048,0.7550332739896071,1,1,2,0.0,4 10
2342,12382,0.050000000000000044,0.10751000791788101,0.0003352467610966414,0.0006972261471673846,0.9356720983698592,3,3,4,0.0,5 4 3 10
2343,12386,0.050000000000000044,0.2767753005027771,0.0002898459861171432,0.00023578456602990627,0.9599719557392895,3,3,4,0.0,3 5 4 10
2344,12390,0.050000000000000044,0.06933696568012238,0.00028754557570209727,0.001283831661567092,0.861458354593032,3,3,4,0.0,5 4 3 10
2345,12394,0.050000000000000044,0.07672931998968124,0.00032986704172799364,0.0009904849575832486,0.8990747353126263,3,3,4,0.0,5 4 3 10
2346,12399,0.050000000000000044,0.25316122174263,0.0003242035221774131,0.0002313007425982505,0.9614714203794419,4,4,5,0.0,6 4 3 5 10
2347,12403,0.050000000000000044,0.16138248145580292,0.00028281903360038996,0.0011650301748886704,0.8867031143586219,3,3,4,0.0,3 4 5 10
2348,12412,0.050000000000000044,0.45832860469818115,0.00032025920033144456,0.0005837412318214774,0.9277698023778504,8,8,9,0.0,2 4 5 6 9 8 1 3 10
2349,12421,0.050000000000000044,0.5637897253036499,0.00030223033455614414,0.0007042397046461701,0.9449583472203414,8,8,9,0.0,2 4 5 9 8 1 6 3 10
2350,12430,0.050000000000000044,0.5353937149047852,0.00029070018920012645,0.0003234610194340348,0.9567708424630261,8,8,9,0.0,2 4 5 8 9 1 6 3 10
2351,12439,0.050000000000000044,0.4083744287490845,0.00031541210288802785,0.0004433357098605484,0.951698135571304,8,8,9,0.0,2 5 4 8 9 1 6 3 10
2352,12444,0.050000000000000044,0.3485080599784851,0.0003357774170581251,0.0012862136354669929,0.885367432757592,4,4,5,0.0,2 4 5 8 10
2353,12448,0.050000000000000044,0.10111116617918015,0.0003568163301679306,0.0003786321613006294,0.9311998551368147,3,3,4,0.0,5 3 4 10
2354,12457,0.050000000000000044,0.37928974628448486,0.00033013823041174974,0.0009104710770770907,0.9083804065775786,9,9,10,0.0,8 5 2 9 1 6 7 3 4
2355,12464,0.050000000000000044,0.45049434900283813,0.00030092244768249136,0.0006824893644079566,0.9468106235888002,6,6,7,0.0,5 3 6 9 1 4 10
2356,12469,0.050000000000000044,0.2858160734176636,0.0003285716433310881,0.0005041981930844486,0.9497746528435264,4,4,5,0.0,6 4 3 5 10
2357,12474,0.050000000000000044,0.2554064393043518,0.00026752506382763384,0.0007985481061041355,0.9318051968615914,4,4,5,0.0,6 4 3 5 10
2358,12483,0.050000000000000044,0.4961155354976654,0.00033720158292756725,0.0008741158526390791,0.9440860008326991,9,9,10,0.0,2 4 5 8 9 1 6 7 3
2359,12487,0.050000000000000044,0.11428262293338776,0.0002737627801252529,0.0004913120064884424,0.9460985286517886,3,3,4,0.0,5 4 3 10
2360,12493,0.050000000000000044,0.4367915391921997,0.0002966322936117649,0.0010561833623796701,0.915012241419799,5,5,6,0.0,5 3 6 9 4 10
2361,12502,0.050000000000000044,0.41563379764556885,0.00036356277188234445,0.000377791904611513,0.9528571369567184,8,8,9,0.0,2 8 5 4 9 1 6 3 10
2362,12507,0.050000000000000044,0.45043784379959106,0.0004395993833895773,0.0010707405162975192,0.9133580468603887,4,4,5,0.0,5 3 6 4 10
2363,12513,0.050000000000000044,0.44833189249038696,0.0004134398865668724,0.0010306440526619554,0.8809444425576649,5,5,6,0.0,7 3 6 5 4 10
2364,12516,0.050000000000000044,0.0907546728849411,0.0003481077922818561,0.001258310629054904,0.8929880803205099,2,2,3,0.0,7 4 10
2365,12520,0.050000000000000044,0.2027108520269394,0.00040761075069895014,0.0006925154593773186,0.9477242445052734,3,3,4,0.0,5 4 3 10
2366,12525,0.050000000000000044,0.26558780670166016,0.0003662415663711727,0.0003361661219969392,0.9597677378322792,4,4,5,0.0,6 3 5 4 10
2367,12530,0.050000000000000044,0.5006769895553589,0.00038673566305078564,0.0008021484827622771,0.9497768846512125,4,4,5,0.0,5 3 6 4 10
2368,12539,0.050000000000000044,0.5062131881713867,0.0003790763536623369,0.0008757488103583455,0.9434277114195928,8,8,9,0.0,2 5 4 8 9 6 1 3 10
2369,12543,0.050000000000000044,0.11428262293338776,0.0003877544586430304,0.0004913120064884424,0.9460985286517886,3,3,4,0.0,5 4 3 10
2370,12547,0.050000000000000044,0.2027108520269394,0.0003728391384356655,0.0006925154593773186,0.9477242445052734,3,3,4,0.0,5 4 3 10
2371,12551,0.050000000000000044,0.2027108520269394,0.00030756286287214607,0.0006925154593773186,0.9477242445052734,3,3,4,0.0,5 4 3 10
2372,12554,0.050000000000000044,0.06229931861162186,0.0002839507700021689,0.0015134455170482397,0.8515208236935164,2,2,3,0.0,2 8 10
2373,12558,0.050000000000000044,0.19460906088352203,0.0003231240189052187,0.00031904428033158183,0.9544529469061408,3,3,4,0.0,5 3 4 10
2374,12562,0.050000000000000044,0.16138248145580292,0.000352599767211359,0.0011650301748886704,0.8867031143586219,3,3,4,0.0,3 4 5 10
2375,12566,0.050000000000000044,0.24972417950630188,0.00033255333255510777,0.0007711935322731733,0.90955268573924,3,3,4,0.0,3 5 4 10
2376,12571,0.050000000000000044,0.4782366156578064,0.0003796830482315272,0.0006407032487913966,0.920841137848697,4,4,5,0.0,3 4 5 6 10
2377,12575,0.050000000000000044,0.42645275592803955,0.00027189946558792144,0.0010011573322117329,0.917074837773932,3,3,4,0.0,3 4 5 10
2378,12579,0.050000000000000044,0.07864966988563538,0.00031250843312591314,0.001936483196914196,0.8950243931768659,3,3,4,0.0,8 7 1 10
2379,12585,0.050000000000000044,0.4367915391921997,0.00030720010787869495,0.0010561833623796701,0.915012241419799,5,5,6,0.0,5 3 6 9 4 10
2380,12593,0.050000000000000044,0.3713514506816864,0.0003153770012431778,0.0009468531352467835,0.9211725542470193,7,7,8,0.0,5 2 1 9 6 4 3 10
2381,12597,0.050000000000000044,0.10731006413698196,0.0003078000445384532,0.0013129606377333403,0.9179154419362064,3,3,4,0.0,4 5 3 10
2382,12600,0.050000000000000044,0.09632214903831482,0.00030509843296992284,0.0016221298137679696,0.894690085711859,2,2,3,0.0,4 7 10
2383,12607,0.050000000000000044,0.5525521636009216,0.0003179298925845485,0.00033527190680615604,0.956164485740605,6,6,7,0.0,3 4 5 1 6 8 10
2384,12611,0.050000000000000044,0.11958125978708267,0.0003102107148151845,0.0007459187181666493,0.9416358080580742,3,3,4,0.0,4 3 5 10
2385,12615,0.050000000000000044,0.16138248145580292,0.00029783030913677067,0.0011650301748886704,0.8867031143586219,3,3,4,0.0,5 4 3 10
2386,12619,0.050000000000000044,0.22431716322898865,0.0003980967521783896,0.00039680927875451744,0.9629182144202176,3,3,4,0.0,5 3 4 10
2387,12623,0.050000000000000044,0.12612539529800415,0.00034636459895409644,0.0017454905901104212,0.8363535951437622,3,3,4,0.0,3 4 5 10
2388,12629,0.050000000000000044,0.4024743139743805,0.0003179111275433873,0.0009706581477075815,0.9022637266980198,5,5,6,0.0,3 7 6 5 4 10
2389,12637,0.050000000000000044,0.43047112226486206,0.0003163418787153205,0.0003835495444945991,0.952409810086493,7,7,8,0.0,2 4 5 8 9 6 3 10
2390,12645,0.050000000000000044,0.43047112226486206,0.00033576192436157726,0.0003835495444945991,0.952409810086493,7,7,8,0.0,2 4 5 8 9 6 3 10
2391,12651,0.050000000000000044,0.4891999661922455,0.00032788309908937663,0.0007698665140196681,0.9516889500951087,5,5,6,0.0,5 3 6 9 4 10
2392,12656,0.050000000000000044,0.5630776882171631,0.00031297350069507955,0.00035951583413407207,0.9539836308477041,4,4,5,0.0,3 1 4 5 10
2393,12662,0.050000000000000044,0.5690882205963135,0.0003509868062489356,0.0006602604407817125,0.9362754061481473,5,5,6,0.0,1 4 3 5 9 10
2394,12666,0.050000000000000044,0.1890898048877716,0.00032299519079970196,0.0008415174670517445,0.9271355705439832,3,3,4,0.0,4 5 3 10
2395,12670,0.050000000000000044,0.1890898048877716,0.0002874954261642415,0.0008415174670517445,0.9271355705439832,3,3,4,0.0,4 5 3 10
2396,12676,0.050000000000000044,0.5719853639602661,0.0003249054813447098,0.0006536669097840786,0.938059836448869,5,5,6,0.0,4 3 5 6 8 10
2397,12682,0.050000000000000044,0.47351762652397156,0.0003454550848497699,0.0006245305994525552,0.922281097979523,5,5,6,0.0,4 3 5 6 9 10
2398,12686,0.050000000000000044,0.2624897062778473,0.00034179083013441414,0.0008646699134260416,0.9188100051901145,3,3,4,0.0,5 3 4 10
2399,12693,0.050000000000000044,0.44673460721969604,0.0002719080969524969,0.00032399260089732707,0.9670177745620646,6,6,7,0.0,2 5 4 9 8 3 10
2400,12698,0.050000000000000044,0.16330622136592865,0.0003309257852379233,0.0006911513046361506,0.9266498023810199,4,4,5,0.0,9 3 4 5 10
2401,12705,0.050000000000000044,0.44267117977142334,0.00026608985250017473,0.0003343479475006461,0.9662795484544406,6,6,7,0.0,2 4 5 9 7 3 10
2402,12708,0.050000000000000044,0.11533927172422409,0.00032975239446386695,0.0019521486246958375,0.89125137407594,2,2,3,0.0,8 7 10
2403,12712,0.050000000000000044,0.2718748152256012,0.00027614440114120953,0.0006805580342188478,0.9332163441620599,3,3,4,0.0,3 5 4 10
2404,12716,0.050000000000000044,0.2624897062778473,0.0003041923337150365,0.0008646699134260416,0.9188100051901145,3,3,4,0.0,5 3 4 10
2405,12721,0.050000000000000044,0.2508307993412018,0.00031312220962718127,0.00023337107268162072,0.9605787595408425,4,4,5,0.0,3 5 4 7 10
2406,12728,0.050000000000000044,0.39012446999549866,0.0002765365581061425,0.0009711274178698659,0.9011270415290358,6,6,7,0.0,3 1 4 5 2 8 10
2407,12732,0.050000000000000044,0.2624897062778473,0.0002885449393943418,0.0008646699134260416,0.9188100051901145,3,3,4,0.0,5 3 4 10
2408,12736,0.050000000000000044,0.07721174508333206,0.00028742567519657314,0.0007782774046063423,0.9196631483264117,3,3,4,0.0,2 7 8 10
2409,12742,0.050000000000000044,0.56166672706604,0.00034224663007383543,0.0005703011993318796,0.9327689201419334,5,5,6,0.0,3 4 1 5 6 10
2410,12746,0.050000000000000044,0.4759472906589508,0.00028420229864423163,0.0004971498856320977,0.9479085171371521,3,3,4,0.0,3 4 5 10
2411,12750,0.050000000000000044,0.10731006413698196,0.00029274811822688207,0.0013129606377333403,0.9179154419362064,3,3,4,0.0,4 5 3 10
2412,12755,0.050000000000000044,0.2554064691066742,0.0005165507784113288,0.0007985481061041355,0.9318051968615914,4,4,5,0.0,5 3 6 4 10
2413,12756,0.050000000000000044,0.0,0.0006912387907505035,0.0047282506711781025,0.6448978719295431,0,0,1,0.0,10
2414,12765,0.050000000000000044,0.45832860469818115,0.00043203480567576154,0.0005837412318214774,0.9277698023778504,8,8,9,0.0,2 4 8 5 9 6 1 3 10
2415,12774,0.050000000000000044,0.5062131285667419,0.0004354869371228334,0.0008757488103583455,0.9434277114195928,8,8,9,0.0,2 4 8 9 5 1 6 3 10
2416,12778,0.050000000000000044,0.45710885524749756,0.0004039434643345885,0.001129405340179801,0.9086333255545989,3,3,4,0.0,4 3 5 10
2417,12782,0.050000000000000044,0.48632511496543884,0.0004242704890202731,0.0007457327446900308,0.9416614441681702,3,3,4,0.0,4 3 5 10
2418,12785,0.050000000000000044,0.09108235687017441,0.0003972793153176705,0.0012427582405507565,0.8784250103902873,2,2,3,0.0,8 7 10
2419,12789,0.050000000000000044,0.48632511496543884,0.000433994471677579,0.0007457327446900308,0.9416614441681702,3,3,4,0.0,4 3 5 10
2420,12794,0.050000000000000044,0.16004522144794464,0.0003317425580462441,0.0007084050448611379,0.924005296493257,4,4,5,0.0,2 4 5 3 10
2421,12801,0.050000000000000044,0.4225761294364929,0.0003519126746271338,0.0010430632391944528,0.9162613559740194,6,6,7,0.0,1 4 9 6 3 5 10
2422,12805,0.050000000000000044,0.16138248145580292,0.0003287765139248222,0.0011650301748886704,0.8867031143586219,3,3,4,0.0,4 5 3 10
2423,12810,0.050000000000000044,0.2475619912147522,0.00036863625573460015,0.0006706903805024922,0.9352929691001153,4,4,5,0.0,6 4 3 5 10
2424,12815,0.050000000000000044,0.2475619912147522,0.0004164252080954611,0.0006706903805024922,0.9352929691001153,4,4,5,0.0,6 4 3 5 10
2425,12820,0.050000000000000044,0.2710724472999573,0.000358909519854933,0.001095649553462863,0.9149382270332183,4,4,5,0.0,1 4 3 5 10
2426,12826,0.050000000000000044,0.5599071979522705,0.00033957985093972337,0.00034473530831746757,0.9558951667068121,5,5,6,0.0,3 1 4 5 6 10
2427,12830,0.050000000000000044,0.20271086692810059,0.0003303661069367081,0.0006925154593773186,0.9477242445052734,3,3,4,0.0,3 4 5 10
2428,12836,0.050000000000000044,0.39774203300476074,0.00031578957471841324,0.0009847618639469147,0.9191200736551307,5,5,6,0.0,3 1 4 5 6 10
2429,12841,0.050000000000000044,0.2554064393043518,0.00035855071619153025,0.0007985481061041355,0.9318051968615914,4,4,5,0.0,6 4 3 5 10
2430,12844,0.050000000000000044,0.08369344472885132,0.00038017154050370056,0.0015465832548215985,0.830022977848895,2,2,3,0.0,8 7 10
2431,12849,0.050000000000000044,0.5630776882171631,0.0003449792682658881,0.00035951583413407207,0.9539836308477041,4,4,5,0.0,3 1 4 5 10
2432,12858,0.050000000000000044,0.4961155354976654,0.000364861994360884,0.0008741158526390791,0.9440860008326991,9,9,10,0.0,2 5 8 9 6 1 7 4 3
2433,12863,0.050000000000000044,0.27406105399131775,0.00035926913260482253,0.0010760200675576925,0.9177090593488548,4,4,5,0.0,9 4 3 5 10
2434,12868,0.050000000000000044,0.1430744081735611,0.00032792509300634266,0.0009046063059940934,0.9270980064795927,4,4,5,0.0,4 2 5 3 10
2435,12876,0.050000000000000044,0.43085911870002747,0.00035535435381461866,0.00032351608388125896,0.9672803155342549,7,7,8,0.0,2 5 8 9 4 3 6 10
2436,12883,0.050000000000000044,0.44682711362838745,0.00031785164277867546,0.00038370961556211114,0.9522482759887342,6,6,7,0.0,2 5 8 9 4 3 10
2437,12891,0.050000000000000044,0.5429455637931824,0.0003184908055118285,0.0003327244194224477,0.9565916344718333,7,7,8,0.0,2 8 5 9 6 4 3 10
2438,12895,0.050000000000000044,0.19187839329242706,0.0003350225306348875,0.0007125287083908916,0.9225120335356659,3,3,4,0.0,5 4 3 10
2439,12899,0.050000000000000044,0.16138248145580292,0.00028289295005379245,0.0011650301748886704,0.8867031143586219,3,3,4,0.0,3 4 5 10
2440,12902,0.050000000000000044,0.3322291672229767,0.0003388382513852169,0.0008432952454313636,0.8963286507117266,2,2,3,0.0,3 9 10
2441,12910,0.050000000000000044,0.5459691286087036,0.0003540603684086818,0.00032627832842990756,0.9571093742544103,7,7,8,0.0,3 1 9 5 6 8 4 10
2442,12918,0.050000000000000044,0.5167942643165588,0.0003319346396892797,0.0008776734466664493,0.9432336064841815,7,7,8,0.0,2 5 8 9 6 4 3 10
2443,12924,0.050000000000000044,0.43163740634918213,0.00030797338210201514,0.00046927359653636813,0.9429202110957305,5,5,6,0.0,2 8 5 9 4 10
2444,12928,0.050000000000000044,0.2774862051010132,0.00035236842813901603,0.0006932413671165705,0.9334857042847859,3,3,4,0.0,8 7 4 10
2445,12937,0.050000000000000044,0.547239363193512,0.00031329493180641695,0.0006159929325804114,0.9402749946121653,8,8,9,0.0,3 1 7 2 5 6 8 4 10
2446,12943,0.050000000000000044,0.4667569696903229,0.0002690181815220664,0.0006872848607599735,0.9468888029651041,5,5,6,0.0,9 4 6 3 5 10
2447,12948,0.050000000000000044,0.25316122174263,0.00026989419711753726,0.0002313007425982505,0.9614714203794419,4,4,5,0.0,6 3 5 4 10
2448,12953,0.050000000000000044,0.15952524542808533,0.00032656341791152953,0.0008219893788918853,0.9303968401003394,4,4,5,0.0,4 3 5 9 10
2449,12958,0.050000000000000044,0.2554064393043518,0.0003306201193481684,0.0007985481061041355,0.9318051968615914,4,4,5,0.0,6 4 3 5 10
2450,12961,0.050000000000000044,0.1055641770362854,0.00025290251748325926,0.0005887477309443057,0.9096496218591751,2,2,3,0.0,8 7 10
2451,12969,0.050000000000000044,0.39185261726379395,0.00033596116554690525,0.0009367419988848269,0.9053251973744239,7,7,8,0.0,3 1 9 6 5 8 4 10
2452,12978,0.050000000000000044,0.5353937149047852,0.0003262489028404363,0.0003234610194340348,0.9567708424630261,8,8,9,0.0,6 4 2 8 5 9 1 3 10
2453,12984,0.050000000000000044,0.4467904567718506,0.0003354457876412198,0.0010374190751463175,0.8806565894471763,5,5,6,0.0,3 1 4 8 5 10
2454,12988,0.050000000000000044,0.5117752552032471,0.0003010347718372941,0.0008333476143889129,0.9475241621311723,3,3,4,0.0,4 3 5 10
2455,12992,0.050000000000000044,0.20271086692810059,0.000357361750502605,0.0006925154593773186,0.9477242445052734,3,3,4,0.0,4 5 3 10
2456,12998,0.050000000000000044,0.39755526185035706,0.0003517888835631311,0.001217094250023365,0.8628164627251529,5,5,6,0.0,3 1 7 6 5 10
2457,13002,0.050000000000000044,0.04904905706644058,0.00040578337211627513,0.0015115500427782536,0.836710533244573,3,3,4,0.0,8 1 7 10
2458,13008,0.050000000000000044,0.3576890230178833,0.0003959599174171065,0.0011623562313616276,0.8951646952173372,5,5,6,0.0,3 1 7 5 4 10
2459,13015,0.050000000000000044,0.566912829875946,0.0004032868891954422,0.0006269016885198653,0.939571281055633,6,6,7,0.0,3 1 7 5 6 4 10
2460,13024,0.050000000000000044,0.4417074918746948,0.00035735044123915333,0.00074521399801597,0.952083315651567,8,8,9,0.0,3 1 7 5 9 2 6 4 10
2461,13027,0.050000000000000044,0.08369344472885132,0.00037593386756877106,0.0015465832548215985,0.830022977848895,2,2,3,0.0,8 7 10
2462,13031,0.050000000000000044,0.18242596089839935,0.0003904285476892255,0.00034416522248648107,0.9476906512814101,3,3,4,0.0,3 4 8 10
2463,13034,0.050000000000000044,0.06868398189544678,0.0003206673524497698,0.0014242548495531082,0.8543957702983858,2,2,3,0.0,5 4 10
2464,13040,0.050000000000000044,0.3589595556259155,0.00032519877519613755,0.0011522005079314113,0.8953010748792772,5,5,6,0.0,3 1 4 9 5 10
2465,13044,0.050000000000000044,0.29884207248687744,0.00036368278961163014,0.0010978968348354101,0.9150954425760172,3,3,4,0.0,4 3 5 10
2466,13048,0.050000000000000044,0.24972417950630188,0.00033083176822401583,0.0007711935322731733,0.90955268573924,3,3,4,0.0,3 5 4 10
2467,13052,0.050000000000000044,0.10111117362976074,0.00032492289756191894,0.0003786321613006294,0.9311998551368147,3,3,4,0.0,5 4 3 10
2468,13056,0.050000000000000044,0.09524019807577133,0.0003710277524078265,0.0006769447354599833,0.9249889811281642,3,3,4,0.0,5 4 3 10
2469,13061,0.050000000000000044,0.4963303506374359,0.0003203103842679411,0.0008269546087831259,0.9480448516349305,4,4,5,0.0,3 1 4 5 10
2470,13065,0.050000000000000044,0.09524019807577133,0.0002622225438244641,0.0006769447354599833,0.9249889811281642,3,3,4,0.0,5 4 3 10
2471,13069,0.050000000000000044,0.2767753005027771,0.000366823333024513,0.00023578456602990627,0.9599719557392895,3,3,4,0.0,3 5 4 10
2472,13078,0.050000000000000044,0.5616874694824219,0.0003313071986970802,0.0007109494763426483,0.9437720003082692,8,8,9,0.0,2 8 9 5 1 7 3 4 10
2473,13085,0.050000000000000044,0.5506457686424255,0.0003349551677404504,0.00034016312565654516,0.9560504280712885,6,6,7,0.0,3 1 4 5 8 7 10
2474,13090,0.050000000000000044,0.4704706370830536,0.0003177048376528546,0.0007426905212923884,0.9420004344936217,4,4,5,0.0,3 1 4 5 10
2475,13094,0.050000000000000044,0.3877120614051819,0.00031607719574822113,0.0011787256225943565,0.8939529767838018,3,3,4,0.0,3 5 4 10
2476,13098,0.050000000000000044,0.2718748152256012,0.0003497435900499113,0.0006805580342188478,0.9332163441620599,3,3,4,0.0,3 5 4 10
2477,13105,0.050000000000000044,0.55140620470047,0.0003771716313037489,0.000583715969696641,0.935942302423659,6,6,7,0.0,3 1 4 5 8 7 10
2478,13109,0.050000000000000044,0.28711605072021484,0.0003107990123680793,0.0003561797784641385,0.958056779700142,3,3,4,0.0,3 4 5 10
2479,13117,0.050000000000000044,0.5454302430152893,0.0003421462170081213,0.0005566441104747355,0.9358641721494274,7,7,8,0.0,3 1 4 5 8 6 7 10
2480,13124,0.050000000000000044,0.552772045135498,0.0002773646223691425,0.0005643951008096337,0.9337638632862804,6,6,7,0.0,3 1 4 5 8 6 10
2481,13130,0.050000000000000044,0.39535537362098694,0.00032218804214304936,0.0009884375613182783,0.8996056388713659,5,5,6,0.0,3 1 4 5 9 10
2482,13134,0.050000000000000044,0.19187837839126587,0.00034223559487145394,0.0007125287083908916,0.9225120335356659,3,3,4,0.0,3 4 5 10
2483,13138,0.050000000000000044,0.28711608052253723,0.0002983384911203757,0.0003561797784641385,0.958056779700142,3,3,4,0.0,3 5 4 10
2484,13142,0.050000000000000044,0.1890898048877716,0.0003037171409232542,0.0008415174670517445,0.9271355705439832,3,3,4,0.0,4 5 3 10
2485,13146,0.050000000000000044,0.2624897360801697,0.00024576056966907345,0.0008646699134260416,0.9188100051901145,3,3,4,0.0,3 5 4 10
2486,13150,0.050000000000000044,0.2624897360801697,0.0002743277800618671,0.0008646699134260416,0.9188100051901145,3,3,4,0.0,3 5 4 10
2487,13154,0.050000000000000044,0.2767753005027771,0.0002646809953148477,0.00023578456602990627,0.9599719557392895,3,3,4,0.0,3 5 4 10
2488,13163,0.050000000000000044,0.5062131285667419,0.00029041493447342265,0.0008757488103583455,0.9434277114195928,8,8,9,0.0,2 8 5 9 4 1 6 3 10
2489,13167,0.050000000000000044,0.20271086692810059,0.00024556629796279594,0.0006925154593773186,0.9477242445052734,3,3,4,0.0,3 4 5 10
2490,13171,0.050000000000000044,0.22431716322898865,0.00028401748204487376,0.00039680927875451744,0.9629182144202176,3,3,4,0.0,3 4 5 10
2491,13180,0.050000000000000044,0.5637897849082947,0.000294321837524573,0.0007042397046461701,0.9449583472203414,8,8,9,0.0,2 8 5 9 6 1 4 3 10
2492,13186,0.050000000000000044,0.5690882205963135,0.00027828335684413713,0.0006602604407817125,0.9362754061481473,5,5,6,0.0,3 1 4 5 9 10
2493,13195,0.050000000000000044,0.5534908771514893,0.00032448468037829216,0.000699592987075448,0.9451701391253545,9,9,10,0.0,2 8 5 9 1 6 7 4 3
2494,13204,0.050000000000000044,0.5459948182106018,0.0003209091535407222,0.0006239440990611911,0.9403763693556916,8,8,9,0.0,1 8 2 5 9 4 6 3 10
2495,13213,0.050000000000000044,0.4142898917198181,0.00029293557195665524,0.00031919829780235887,0.9669840836035936,8,8,9,0.0,2 8 5 4 9 1 6 3 10
2496,13217,0.050000000000000044,0.2718748152256012,0.0002687705236894544,0.0006805580342188478,0.9332163441620599,3,3,4,0.0,3 5 4 10
2497,13226,0.050000000000000044,0.5637897849082947,0.0002771523981613831,0.0007042397046461701,0.9449583472203414,8,8,9,0.0,6 5 9 2 8 4 1 3 10
2498,13230,0.050000000000000044,0.2624897360801697,0.00027344407499185763,0.0008646699134260416,0.9188100051901145,3,3,4,0.0,3 5 4 10
2499,13234,0.050000000000000044,0.07672931998968124,0.00028728285906254314,0.0009904849575832486,0.8990747353126263,3,3,4,0.0,4 5 3 10
2500,13238,0.050000000000000044,0.10111117362976074,0.0002837259817169979,0.0003786321613006294,0.9311998551368147,3,3,4,0.0,4 5 3 10
2501,13245,0.050000000000000044,0.564857542514801,0.00027168796597314734,0.0006341614061966538,0.9387431277956605,6,6,7,0.0,3 1 8 4 5 6 10
2502,13250,0.050000000000000044,0.47261008620262146,0.00029149678302928803,0.0007343831239268184,0.9428713357299744,4,4,5,0.0,3 4 5 2 10
2503,13256,0.050000000000000044,0.3589595556259155,0.0004698880172024171,0.0011522005079314113,0.8953010748792772,5,5,6,0.0,3 1 4 9 5 10
2504,13265,0.050000000000000044,0.553490936756134,0.00047224283722850185,0.000699592987075448,0.9451701391253545,9,9,10,0.0,2 5 1 9 8 6 4 7 3
2505,13273,0.050000000000000044,0.4301735460758209,0.0003981901354563888,0.00038192799547687173,0.9520692856856107,7,7,8,0.0,2 5 4 9 8 1 3 10
2506,13280,0.050000000000000044,0.41723549365997314,0.00034412500930817,0.0010670209303498268,0.9132090735290195,6,6,7,0.0,7 2 8 5 4 3 10
2507,13285,0.050000000000000044,0.2760734558105469,0.0004301603592466563,0.0010438355384394526,0.9181503603737646,4,4,5,0.0,6 3 5 4 10
2508,13288,0.050000000000000044,0.09611156582832336,0.0003560097199321414,0.0009595182491466403,0.8915431177981118,2,2,3,0.0,4 5 10
2509,13293,0.050000000000000044,0.28581610321998596,0.00031310443300753833,0.0005041981930844486,0.9497746528435264,4,4,5,0.0,6 5 4 3 10
2510,13297,0.050000000000000044,0.22431716322898865,0.0003147270035697147,0.00039680927875451744,0.9629182144202176,3,3,4,0.0,5 4 3 10
2511,13302,0.050000000000000044,0.26558780670166016,0.00041320097516290845,0.0003361661219969392,0.9597677378322792,4,4,5,0.0,6 3 5 4 10
2512,13308,0.050000000000000044,0.4703023135662079,0.0003660628281068057,0.000633150921203196,0.9216897203969048,5,5,6,0.0,2 8 3 5 4 10
2513,13312,0.050000000000000044,0.10731006413698196,0.0004037035905639641,0.0013129606377333403,0.9179154419362064,3,3,4,0.0,4 5 3 10
2514,13321,0.050000000000000044,0.5353937745094299,0.0003859483565772987,0.0003234610194340348,0.9567708424630261,8,8,9,0.0,2 9 5 8 4 1 6 3 10
2515,13328,0.050000000000000044,0.527880072593689,0.0004424590816987412,0.0008776813629083335,0.9432125974194048,6,6,7,0.0,9 5 8 2 4 3 10
2516,13332,0.050000000000000044,0.06933696568012238,0.00038353617128450423,0.001283831661567092,0.861458354593032,3,3,4,0.0,5 4 3 10
2517,13337,0.050000000000000044,0.2475619912147522,0.00040059024177026005,0.0006706903805024922,0.9352929691001153,4,4,5,0.0,6 5 4 3 10
2518,13342,0.050000000000000044,0.2475619912147522,0.000393349037040025,0.0006706903805024922,0.9352929691001153,4,4,5,0.0,6 5 4 3 10
2519,13346,0.050000000000000044,0.19460906088352203,0.000367937667760998,0.00031904428033158183,0.9544529469061408,3,3,4,0.0,5 4 3 10
2520,13350,0.050000000000000044,0.2767753005027771,0.0004173329725745134,0.00023578456602990627,0.9599719557392895,3,3,4,0.0,5 4 3 10
2521,13354,0.050000000000000044,0.29884207248687744,0.00036995332629885525,0.0010978968348354101,0.9150954425760172,3,3,4,0.0,5 4 3 10
2522,13363,0.050000000000000044,0.3844572901725769,0.00039099101882634894,0.0009240448125638068,0.9058347816416257,8,8,9,0.0,2 9 5 8 4 1 6 3 10
2523,13371,0.050000000000000044,0.5520972609519958,0.0003918143265764229,0.0006407856708392501,0.9382141350140611,7,7,8,0.0,7 2 8 5 4 9 3 10
2524,13380,0.050000000000000044,0.35833463072776794,0.00037920976562115055,0.0009340011747553945,0.9227945545375985,8,8,9,0.0,2 8 5 4 9 1 6 3 10
2525,13385,0.050000000000000044,0.25316122174263,0.00030245669186115267,0.0002313007425982505,0.9614714203794419,4,4,5,0.0,6 3 5 4 10
2526,13393,0.050000000000000044,0.46033647656440735,0.0003208046455256408,0.0006050235824659467,0.9252400046190099,7,7,8,0.0,2 3 4 5 9 1 6 10
2527,13402,0.050000000000000044,0.4142898917198181,0.0003636044598857148,0.00031919829780235887,0.9669840836035936,8,8,9,0.0,2 9 5 4 8 1 6 3 10
2528,13406,0.050000000000000044,0.10731006413698196,0.0003475323610473424,0.0013129606377333403,0.9179154419362064,3,3,4,0.0,4 3 5 10
2529,13411,0.050000000000000044,0.37940713763237,0.0003644977754447609,0.0011694907443597913,0.9082823630497657,4,4,5,0.0,2 5 4 8 10
2530,13415,0.050000000000000044,0.07672931998968124,0.00028688904421869665,0.0009904849575832486,0.8990747353126263,3,3,4,0.0,5 4 3 10
2531,13423,0.050000000000000044,0.4027177393436432,0.0003223106396035291,0.001051965169608593,0.9140502043006394,7,7,8,0.0,1 4 2 8 5 9 3 10
2532,13428,0.050000000000000044,0.2858160734176636,0.0003344123950228095,0.0005041981930844486,0.9497746528435264,4,4,5,0.0,6 3 5 4 10
2533,13433,0.050000000000000044,0.2710724472999573,0.00032655962277203796,0.001095649553462863,0.9149382270332183,4,4,5,0.0,1 4 3 5 10
2534,13437,0.050000000000000044,0.1890898048877716,0.00027102783860755153,0.0008415174670517445,0.9271355705439832,3,3,4,0.0,4 5 3 10
2535,13441,0.050000000000000044,0.1890898048877716,0.00034206148120574653,0.0008415174670517445,0.9271355705439832,3,3,4,0.0,4 5 3 10
2536,13450,0.050000000000000044,0.5266876220703125,0.00034622594830580056,0.000320855004247278,0.9578301961867053,9,9,10,0.0,2 4 9 5 8 1 6 7 3
2537,13455,0.050000000000000044,0.14662529528141022,0.00038698183197993785,0.0008845706470310688,0.9296436543342759,4,4,5,0.0,3 6 5 4 10
2538,13464,0.050000000000000044,0.40837448835372925,0.00033873813420844573,0.0004433357098605484,0.951698135571304,8,8,9,0.0,2 4 8 5 9 6 1 3 10
2539,13469,0.050000000000000044,0.41023457050323486,0.0003324209188576788,0.0009997509187087417,0.9172874170839432,4,4,5,0.0,2 5 4 3 10
2540,13473,0.050000000000000044,0.19460906088352203,0.0003669582511065528,0.00031904428033158183,0.9544529469061408,3,3,4,0.0,5 4 3 10
2541,13477,0.050000000000000044,0.2767753005027771,0.0004081114093423821,0.00023578456602990627,0.9599719557392895,3,3,4,0.0,3 5 4 10
2542,13481,0.050000000000000044,0.22431716322898865,0.00034901958133559674,0.00039680927875451744,0.9629182144202176,3,3,4,0.0,5 4 3 10
2543,13486,0.050000000000000044,0.26558780670166016,0.00027641483466140927,0.0003361661219969392,0.9597677378322792,4,4,5,0.0,6 3 5 4 10
2544,13490,0.050000000000000044,0.19460906088352203,0.0003634061613411177,0.00031904428033158183,0.9544529469061408,3,3,4,0.0,5 4 3 10
2545,13494,0.050000000000000044,0.19460906088352203,0.00028174740145914257,0.00031904428033158183,0.9544529469061408,3,3,4,0.0,5 4 3 10
2546,13503,0.050000000000000044,0.38445723056793213,0.0003760941844019625,0.0009240448125638068,0.9058347816416257,8,8,9,0.0,9 4 6 2 5 8 1 3 10
2547,13507,0.050000000000000044,0.11958125978708267,0.0004465800884645432,0.0007459187181666493,0.9416358080580742,3,3,4,0.0,5 4 3 10
2548,13511,0.050000000000000044,0.05254897475242615,0.0004301608569221571,0.0012419435661286116,0.8790256166642401,3,3,4,0.0,9 7 8 10
2549,13517,0.050000000000000044,0.368175208568573,0.0003534129209583625,0.0011171260848641396,0.8995652371279975,5,5,6,0.0,5 3 9 8 4 10
2550,13524,0.050000000000000044,0.4548354744911194,0.00038291560070190044,0.0006655090255662799,0.9485684057407515,6,6,7,0.0,5 3 9 8 4 7 10
2551,13528,0.050000000000000044,0.20108984410762787,0.00045607789797941223,0.0005039464449509978,0.9504095853154639,3,3,4,0.0,7 4 5 10
2552,13532,0.050000000000000044,0.20108984410762787,0.00033620457543293014,0.0005039464449509978,0.9504095853154639,3,3,4,0.0,7 4 5 10
2553,13536,0.050000000000000044,0.5117753148078918,0.00037653755134670064,0.0008333476143889129,0.9475241621311723,3,3,4,0.0,5 3 4 10
2554,13539,0.050000000000000044,0.09742584079504013,0.0003743662964552641,0.00095219979993999,0.8929743863527047,2,2,3,0.0,5 3 10
2555,13544,0.050000000000000044,0.2587059736251831,0.00034288250899408015,0.0006497664726339281,0.937926647362967,4,4,5,0.0,6 7 5 4 10
2556,13552,0.050000000000000044,0.544999897480011,0.0003100952962995507,0.00033201539190486073,0.957886246541309,7,7,8,0.0,9 7 4 3 2 5 6 10
2557,13556,0.050000000000000044,0.22431716322898865,0.0003415562168811448,0.00039680927875451744,0.9629182144202176,3,3,4,0.0,5 3 4 10
2558,13561,0.050000000000000044,0.26558780670166016,0.0003641847928520292,0.0003361661219969392,0.9597677378322792,4,4,5,0.0,6 3 5 4 10
2559,13566,0.050000000000000044,0.5029051899909973,0.0003306623897515237,0.0007869340479373932,0.9505186321902643,4,4,5,0.0,5 3 4 9 10
2560,13570,0.050000000000000044,0.19460906088352203,0.0003198006052116398,0.00031904428033158183,0.9544529469061408,3,3,4,0.0,5 3 4 10
2561,13573,0.050000000000000044,0.07209452241659164,0.0003450269383999209,0.0016464320942759514,0.812240506049498,2,2,3,0.0,5 3 10
2562,13576,0.050000000000000044,0.1057547777891159,0.00038743547823590535,0.0005714053986594081,0.9074884510812805,2,2,3,0.0,5 3 10
2563,13580,0.050000000000000044,0.055802688002586365,0.00033181549224536866,0.0011730045080184937,0.8779984685668764,3,3,4,0.0,5 3 9 10
2564,13584,0.050000000000000044,0.16138248145580292,0.0003274321788921952,0.0011650301748886704,0.8867031143586219,3,3,4,0.0,5 3 4 10
2565,13589,0.050000000000000044,0.06451789289712906,0.0002975986921228468,0.0003667614364530891,0.932937561508875,4,4,5,0.0,5 6 3 4 10
2566,13593,0.050000000000000044,0.2624897062778473,0.00029070014716126025,0.0008646699134260416,0.9188100051901145,3,3,4,0.0,5 3 4 10
2567,13597,0.050000000000000044,0.18235012888908386,0.00032632038346491754,0.0009070546948350966,0.9239550912564489,3,3,4,0.0,7 4 5 10
2568,13601,0.050000000000000044,0.22431716322898865,0.0003774084470933303,0.00039680927875451744,0.9629182144202176,3,3,4,0.0,5 3 4 10
2569,13604,0.050000000000000044,0.1057547777891159,0.00026514927837221575,0.0005714053986594081,0.9074884510812805,2,2,3,0.0,5 3 10
2570,13608,0.050000000000000044,0.23852485418319702,0.0004166317085037008,0.0008220702293328941,0.9034029747249822,3,3,4,0.0,7 5 4 10
2571,13612,0.050000000000000044,0.274819940328598,0.00034856369893532246,0.0007085490506142378,0.9324247073227103,3,3,4,0.0,7 5 4 10
2572,13621,0.050000000000000044,0.5068271160125732,0.0003138496783018733,0.0008757499745115638,0.9439653884242959,8,8,9,0.0,9 7 2 8 5 6 4 3 10
2573,13624,0.050000000000000044,0.07209452241659164,0.0003680349133598308,0.0016464320942759514,0.812240506049498,2,2,3,0.0,5 3 10
2574,13632,0.050000000000000044,0.36838215589523315,0.00028104735974920914,0.0009678013157099485,0.9206580619607896,7,7,8,0.0,7 2 8 5 4 3 1 10
2575,13641,0.050000000000000044,0.4142898917198181,0.0003423026226098753,0.00031919829780235887,0.9669840836035936,8,8,9,0.0,2 8 5 4 9 1 6 3 10
2576,13645,0.050000000000000044,0.12612539529800415,0.0003348248210386373,0.0017454905901104212,0.8363535951437622,3,3,4,0.0,3 4 5 10
2577,13649,0.050000000000000044,0.16138248145580292,0.0003587516112020239,0.0011650301748886704,0.8867031143586219,3,3,4,0.0,3 5 4 10
2578,13653,0.050000000000000044,0.22431716322898865,0.00032070843008114025,0.00039680927875451744,0.9629182144202176,3,3,4,0.0,5 3 4 10
2579,13661,0.050000000000000044,0.4301735758781433,0.0003137924813927384,0.00038192799547687173,0.9520692856856107,7,7,8,0.0,2 8 5 4 9 1 3 10
2580,13665,0.050000000000000044,0.2624897062778473,0.00032911140806390904,0.0008646699134260416,0.9188100051901145,3,3,4,0.0,5 3 4 10
2581,13669,0.050000000000000044,0.2624897062778473,0.00030573927506338805,0.0008646699134260416,0.9188100051901145,3,3,4,0.0,5 3 4 10
2582,13674,0.050000000000000044,0.4798392057418823,0.0004255476058460772,0.0007000818150117993,0.9453453828052448,4,4,5,0.0,5 3 4 9 10
2583,13678,0.050000000000000044,0.23852485418319702,0.0003225260225008242,0.0008220702293328941,0.9034029747249822,3,3,4,0.0,7 5 4 10
2584,13686,0.050000000000000044,0.5510203242301941,0.0003117417872999795,0.0006435413379222155,0.9376025077810469,7,7,8,0.0,9 7 4 8 5 3 1 10
2585,13690,0.050000000000000044,0.4759472906589508,0.00031624239636585116,0.0004971498856320977,0.9479085171371521,3,3,4,0.0,3 4 5 10
2586,13694,0.050000000000000044,0.16462726891040802,0.0002709903128561564,0.0009907124331220984,0.9101365836476741,3,3,4,0.0,7 5 4 10
2587,13698,0.050000000000000044,0.2694837749004364,0.00033094919126597233,0.001448242925107479,0.8997064183746308,3,3,4,0.0,7 5 4 10
2588,13707,0.050000000000000044,0.553490936756134,0.00028869751582129136,0.000699592987075448,0.9451701391253545,9,9,10,0.0,2 5 8 9 1 6 4 7 3
2589,13711,0.050000000000000044,0.1641618311405182,0.0003154185142193455,0.0009789157193154097,0.9187137722331193,3,3,4,0.0,7 4 5 10
2590,13715,0.050000000000000044,0.15400351583957672,0.0003229271387681365,0.001244689105078578,0.8823842740795984,3,3,4,0.0,4 3 8 10
2591,13719,0.050000000000000044,0.1641618311405182,0.0003359726761118509,0.0009789157193154097,0.9187137722331193,3,3,4,0.0,7 4 5 10
2592,13723,0.050000000000000044,0.07672931998968124,0.00024195516016334295,0.0009904849575832486,0.8990747353126263,3,3,4,0.0,5 4 3 10
2593,13727,0.050000000000000044,0.1641618311405182,0.00029792684654239565,0.0009789157193154097,0.9187137722331193,3,3,4,0.0,7 4 5 10
2594,13731,0.050000000000000044,0.11958125978708267,0.00030497574334731326,0.0007459187181666493,0.9416358080580742,3,3,4,0.0,5 4 3 10
2595,13737,0.050000000000000044,0.47351762652397156,0.0002940014722601821,0.0006245305994525552,0.922281097979523,5,5,6,0.0,9 4 6 3 5 10
2596,13741,0.050000000000000044,0.2694837749004364,0.00025332810400868766,0.001448242925107479,0.8997064183746308,3,3,4,0.0,7 5 4 10
2597,13745,0.050000000000000044,0.16462725400924683,0.0003490468516247347,0.0009907124331220984,0.9101365836476741,3,3,4,0.0,7 4 5 10
2598,13752,0.050000000000000044,0.5607430338859558,0.00031212955114564726,0.0006466274498961866,0.9367348527830365,6,6,7,0.0,7 3 4 2 5 8 10
2599,13760,0.050000000000000044,0.3875008821487427,0.0004080509206687566,0.0009521585889160633,0.9048686899802915,7,7,8,0.0,9 4 6 7 8 3 5 10
2600,13764,0.050000000000000044,0.16138248145580292,0.0003379821064299904,0.0011650301748886704,0.8867031143586219,3,3,4,0.0,3 4 5 10
2601,13767,0.050000000000000044,0.10764649510383606,0.0003970657999161631,0.0020182852167636156,0.8787645564506474,2,2,3,0.0,4 3 10
2602,13770,0.050000000000000044,0.1057547777891159,0.0004845850926358253,0.0005714053986594081,0.9074884510812805,2,2,3,0.0,5 3 10
2603,13773,0.050000000000000044,0.08207624405622482,0.00030782067915424705,0.0013121133670210838,0.8683787493409498,2,2,3,0.0,4 3 10
2604,13779,0.050000000000000044,0.4367915689945221,0.000313423423601004,0.0010561833623796701,0.915012241419799,5,5,6,0.0,9 4 6 3 5 10
2605,13783,0.050000000000000044,0.07904858142137527,0.0003877860217471607,0.0009731557220220566,0.9128271458752445,3,3,4,0.0,4 3 1 10
2606,13786,0.050000000000000044,0.11533927172422409,0.00037424057760896784,0.0019521486246958375,0.89125137407594,2,2,3,0.0,8 7 10
2607,13790,0.050000000000000044,0.10111116617918015,0.00039668118552071974,0.0003786321613006294,0.9311998551368147,3,3,4,0.0,5 3 4 10
2608,13794,0.050000000000000044,0.3090759515762329,0.00037877517024753615,0.0005270104738883674,0.9476480485780627,3,3,4,0.0,5 3 4 10
2609,13798,0.050000000000000044,0.24972417950630188,0.0003495707787806168,0.0007711935322731733,0.90955268573924,3,3,4,0.0,3 5 4 10
2610,13802,0.050000000000000044,0.1890898048877716,0.000451199448434636,0.0008415174670517445,0.9271355705439832,3,3,4,0.0,5 3 4 10
2611,13808,0.050000000000000044,0.48919999599456787,0.00030781513972518343,0.0007698665140196681,0.9516889500951087,5,5,6,0.0,9 4 6 3 5 10
2612,13812,0.050000000000000044,0.17819300293922424,0.00036961763544240966,0.0008351185242645442,0.9150553433652014,3,3,4,0.0,4 3 8 10
2613,13818,0.050000000000000044,0.45760077238082886,0.00037554005878822255,0.00040093151619657874,0.9506686255247215,5,5,6,0.0,9 4 6 3 5 10
2614,13825,0.050000000000000044,0.4223976135253906,0.00029617815744131804,0.0010446053929626942,0.9162123507768022,6,6,7,0.0,4 9 6 7 3 5 10
2615,13833,0.050000000000000044,0.39185258746147156,0.0003142284185742028,0.0009367419988848269,0.9053251973744239,7,7,8,0.0,9 4 6 3 8 1 5 10
2616,13837,0.050000000000000044,0.2757476568222046,0.000419211843109224,0.0008420562953688204,0.9279354690406892,3,3,4,0.0,5 3 4 10
2617,13844,0.050000000000000044,0.452924907207489,0.0003745062027259597,0.0006747656734660268,0.9479289316925509,6,6,7,0.0,5 3 9 6 8 4 10
2618,13853,0.050000000000000044,0.38445723056793213,0.0003504666916948433,0.0009240448125638068,0.9058347816416257,8,8,9,0.0,9 4 6 2 8 5 1 3 10
2619,13856,0.050000000000000044,0.06868398189544678,0.0003374185859380911,0.0014242548495531082,0.8543957702983858,2,2,3,0.0,5 4 10
2620,13865,0.050000000000000044,0.5062131285667419,0.0003210127340733177,0.0008757488103583455,0.9434277114195928,8,8,9,0.0,9 4 6 2 5 8 1 3 10
2621,13869,0.050000000000000044,0.29884207248687744,0.00039421012479579076,0.0010978968348354101,0.9150954425760172,3,3,4,0.0,4 3 5 10
2622,13876,0.050000000000000044,0.44020265340805054,0.00041444542668094594,0.0004583939735312015,0.952381738017487,6,6,7,0.0,9 3 4 6 8 5 10
2623,13880,0.050000000000000044,0.22431716322898865,0.0003371757993591018,0.00039680927875451744,0.9629182144202176,3,3,4,0.0,3 4 5 10
2624,13884,0.050000000000000044,0.16138248145580292,0.00034924505598610267,0.0011650301748886704,0.8867031143586219,3,3,4,0.0,3 4 5 10
2625,13888,0.050000000000000044,0.2757476568222046,0.00038713086541974917,0.0008420562953688204,0.9279354690406892,3,3,4,0.0,5 3 4 10
2626,13894,0.050000000000000044,0.3681751489639282,0.0003563307933897401,0.0011171260848641396,0.8995652371279975,5,5,6,0.0,9 4 3 8 5 10
2627,13898,0.050000000000000044,0.10751000791788101,0.0002693358255783096,0.0006972261471673846,0.9356720983698592,3,3,4,0.0,5 4 3 10
2628,13902,0.050000000000000044,0.09524019807577133,0.00025964952510548756,0.0006769447354599833,0.9249889811281642,3,3,4,0.0,5 3 4 10
2629,13906,0.050000000000000044,0.10111116617918015,0.0002447672886773944,0.0003786321613006294,0.9311998551368147,3,3,4,0.0,5 3 4 10
2630,13911,0.050000000000000044,0.14575721323490143,0.00032085537677630784,0.0008901882683858275,0.9290758259727329,4,4,5,0.0,5 4 3 8 10
2631,13915,0.050000000000000044,0.09524019807577133,0.0003499658268992789,0.0006769447354599833,0.9249889811281642,3,3,4,0.0,5 3 4 10
2632,13919,0.050000000000000044,0.10751000046730042,0.00028999884671065956,0.0006972261471673846,0.9356720983698592,3,3,4,0.0,4 3 5 10
2633,13923,0.050000000000000044,0.22431716322898865,0.0002888755770982243,0.00039680927875451744,0.9629182144202176,3,3,4,0.0,5 4 3 10
2634,13927,0.050000000000000044,0.1890897899866104,0.00027659875922836363,0.0008415174670517445,0.9271355705439832,3,3,4,0.0,4 3 5 10
2635,13931,0.050000000000000044,0.2757476270198822,0.0003563659811334219,0.0008420562953688204,0.9279354690406892,3,3,4,0.0,3 5 4 10
2636,13935,0.050000000000000044,0.2624897360801697,0.00025506800011498854,0.0008646699134260416,0.9188100051901145,3,3,4,0.0,3 5 4 10
2637,13939,0.050000000000000044,0.3090759515762329,0.0003623273514676839,0.0005270104738883674,0.9476480485780627,3,3,4,0.0,5 3 4 10
2638,13948,0.050000000000000044,0.5062131881713867,0.00031408495366728556,0.0008757488103583455,0.9434277114195928,8,8,9,0.0,2 4 5 8 1 9 6 3 10
2639,13952,0.050000000000000044,0.2718748152256012,0.00027298418717691675,0.0006805580342188478,0.9332163441620599,3,3,4,0.0,5 3 4 10
2640,13956,0.050000000000000044,0.2757476568222046,0.00044694678945234045,0.0008420562953688204,0.9279354690406892,3,3,4,0.0,5 3 4 10
2641,13963,0.050000000000000044,0.5539751052856445,0.00030140573757567575,0.00033346767304465175,0.9567238953004411,6,6,7,0.0,9 4 6 3 8 5 10
2642,13967,0.050000000000000044,0.24972417950630188,0.0004277720072423108,0.0007711935322731733,0.90955268573924,3,3,4,0.0,3 5 4 10
2643,13972,0.050000000000000044,0.47240111231803894,0.000300841114949435,0.00040495581924915314,0.9500186273941104,4,4,5,0.0,9 4 3 5 10
2644,13978,0.050000000000000044,0.5011905431747437,0.00025128443182135624,0.0010468908585608006,0.9338482304495027,5,5,6,0.0,9 4 6 2 5 10
2645,13982,0.050000000000000044,0.22431716322898865,0.0003317680711916182,0.00039680927875451744,0.9629182144202176,3,3,4,0.0,5 4 3 10
2646,13990,0.050000000000000044,0.5454671382904053,0.0003605882957344875,0.00033060513669624925,0.9578598415773633,7,7,8,0.0,9 4 7 6 8 3 5 10
2647,13994,0.050000000000000044,0.1759031116962433,0.0002739682822721079,0.0009096288704313338,0.9269010189933953,3,3,4,0.0,5 4 3 10
2648,13998,0.050000000000000044,0.10111117362976074,0.0003062732830585446,0.0003786321613006294,0.9311998551368147,3,3,4,0.0,5 4 3 10
2649,14007,0.050000000000000044,0.38445720076560974,0.0004058258944294519,0.0009240448125638068,0.9058347816416257,8,8,9,0.0,9 4 6 3 8 1 2 5 10
2650,14010,0.050000000000000044,0.11533927172422409,0.00035199591851172346,0.0019521486246958375,0.89125137407594,2,2,3,0.0,8 7 10
2651,14014,0.050000000000000044,0.2624897360801697,0.0003669854559120722,0.0008646699134260416,0.9188100051901145,3,3,4,0.0,3 4 5 10
2652,14019,0.050000000000000044,0.47240111231803894,0.0003734486293978989,0.00040495581924915314,0.9500186273941104,4,4,5,0.0,9 4 3 5 10
2653,14028,0.050000000000000044,0.5459948182106018,0.00047741624681899947,0.0006239440990611911,0.9403763693556916,8,8,9,0.0,9 4 3 6 8 1 2 5 10
2654,14037,0.050000000000000044,0.5351649522781372,0.00041032428594513074,0.0005414488259702921,0.9339400540359593,8,8,9,0.0,9 4 3 6 8 1 2 5 10
2655,14040,0.050000000000000044,0.10182824730873108,0.000378683451951171,0.0010964535176753998,0.8968866375251701,2,2,3,0.0,8 7 10
2656,14046,0.050000000000000044,0.4602757394313812,0.0003843470913125202,0.0007172896875999868,0.944614465469129,5,5,6,0.0,3 6 5 8 4 10
2657,14052,0.050000000000000044,0.25035881996154785,0.000374179842765443,0.0010330337099730968,0.9202696497282999,5,5,6,0.0,1 3 4 7 5 10
2658,14057,0.050000000000000044,0.2475619912147522,0.0003604652069043368,0.0006706903805024922,0.9352929691001153,4,4,5,0.0,6 3 5 4 10
2659,14062,0.050000000000000044,0.12788544595241547,0.00036659769830293953,0.0011607012711465359,0.8860155939347112,4,4,5,0.0,3 5 4 2 10
2660,14065,0.050000000000000044,0.07209452241659164,0.00039145382470451295,0.0016464320942759514,0.812240506049498,2,2,3,0.0,5 3 10
2661,14069,0.050000000000000044,0.09524019807577133,0.0004088535424671136,0.0006769447354599833,0.9249889811281642,3,3,4,0.0,5 3 4 10
2662,14078,0.050000000000000044,0.45832860469818115,0.00041049867286346853,0.0005837412318214774,0.9277698023778504,8,8,9,0.0,9 4 6 3 8 1 2 5 10
2663,14083,0.050000000000000044,0.25316122174263,0.0003723905945662409,0.0002313007425982505,0.9614714203794419,4,4,5,0.0,6 3 5 4 10
2664,14088,0.050000000000000044,0.1310783326625824,0.00036042150459252297,0.0011355584720149636,0.8887895109678987,4,4,5,0.0,3 5 7 4 10
2665,14094,0.050000000000000044,0.49088332056999207,0.00040380836677892756,0.0007635295623913407,0.9525509322511738,5,5,6,0.0,9 4 3 8 5 10
2666,14098,0.050000000000000044,0.03842344880104065,0.0003391860955161974,0.0015934231923893094,0.8192709410445727,3,3,4,0.0,5 3 7 10
2667,14102,0.050000000000000044,0.2718748152256012,0.00034671895991778,0.0006805580342188478,0.9332163441620599,3,3,4,0.0,3 5 4 10
2668,14106,0.050000000000000044,0.06933696568012238,0.00037535230512730777,0.001283831661567092,0.861458354593032,3,3,4,0.0,5 3 4 10
2669,14110,0.050000000000000044,0.29884210228919983,0.00034453174157533795,0.0010978968348354101,0.9150954425760172,3,3,4,0.0,3 5 4 10
2670,14114,0.050000000000000044,0.29884210228919983,0.0003812830909737386,0.0010978968348354101,0.9150954425760172,3,3,4,0.0,3 5 4 10
2671,14118,0.050000000000000044,0.19460906088352203,0.000381960766389966,0.00031904428033158183,0.9544529469061408,3,3,4,0.0,5 3 4 10
2672,14122,0.050000000000000044,0.1890897899866104,0.0003205101384082809,0.0008415174670517445,0.9271355705439832,3,3,4,0.0,4 3 5 10
2673,14129,0.050000000000000044,0.47456032037734985,0.0003918240254279226,0.0007619599346071482,0.9527107992084358,6,6,7,0.0,9 4 3 6 8 5 10
2674,14133,0.050000000000000044,0.22431716322898865,0.00036750739673152566,0.00039680927875451744,0.9629182144202176,3,3,4,0.0,5 3 4 10
2675,14138,0.050000000000000044,0.23959067463874817,0.00037824999308213594,0.000836653052829206,0.9213197759123393,4,4,5,0.0,9 3 5 4 10
2676,14145,0.050000000000000044,0.46625828742980957,0.000298614807044422,0.0006159376353025436,0.9234642894776908,6,6,7,0.0,9 4 6 2 5 3 10
2677,14150,0.050000000000000044,0.26558780670166016,0.00038318641891237347,0.0003361661219969392,0.9597677378322792,4,4,5,0.0,6 3 5 4 10
2678,14159,0.050000000000000044,0.4222412705421448,0.0003098216871472283,0.0006504050688818097,0.9479491497156312,8,8,9,0.0,9 4 2 5 8 1 6 3 10
2679,14162,0.050000000000000044,0.09992622584104538,0.000340837335291629,0.0006108052330091596,0.9043815818822342,2,2,3,0.0,2 8 10
2680,14166,0.050000000000000044,0.07672932744026184,0.000403389596613124,0.0009904849575832486,0.8990747353126263,3,3,4,0.0,5 3 4 10
2681,14174,0.050000000000000044,0.5467433333396912,0.00030380878160940483,0.0005467552691698074,0.9353161359407388,7,7,8,0.0,9 4 6 3 8 1 5 10
2682,14181,0.050000000000000044,0.523803174495697,0.00031882426368870905,0.0009050305234268308,0.943478659778727,6,6,7,0.0,9 4 3 6 1 5 10
2683,14185,0.050000000000000044,0.1940278708934784,0.0002815657207975164,0.000740586023312062,0.9419060177418905,3,3,4,0.0,7 4 5 10
2684,14192,0.050000000000000044,0.43744561076164246,0.0003993754383243088,0.0010274675441905856,0.880471362033582,6,6,7,0.0,9 4 6 3 1 5 10
2685,14199,0.050000000000000044,0.5547482371330261,0.0003492493831020381,0.0005607438506558537,0.9349383981754466,6,6,7,0.0,9 4 3 6 8 5 10
2686,14203,0.050000000000000044,0.19460906088352203,0.00033245969825657085,0.00031904428033158183,0.9544529469061408,3,3,4,0.0,5 3 4 10
2687,14210,0.050000000000000044,0.5539751052856445,0.0003106086099121187,0.00033346767304465175,0.9567238953004411,6,6,7,0.0,9 4 3 6 8 5 10
2688,14214,0.050000000000000044,0.11428262293338776,0.00024787459551589563,0.0004913120064884424,0.9460985286517886,3,3,4,0.0,5 3 4 10
2689,14219,0.050000000000000044,0.26558780670166016,0.0003504233667626977,0.0003361661219969392,0.9597677378322792,4,4,5,0.0,6 3 5 4 10
2690,14228,0.050000000000000044,0.41563379764556885,0.0003124799728134854,0.000377791904611513,0.9528571369567184,8,8,9,0.0,9 4 2 5 8 1 6 3 10
2691,14236,0.050000000000000044,0.45933106541633606,0.00030282067018561065,0.0006084906053729355,0.925266300650329,7,7,8,0.0,3 1 4 8 5 6 7 10
2692,14241,0.050000000000000044,0.16274836659431458,0.00034667119034565986,0.00031350614153780043,0.9549518861363816,4,4,5,0.0,5 2 4 3 10
2693,14248,0.050000000000000044,0.4428696036338806,0.0002927495661424473,0.001010315609164536,0.8830585666842466,6,6,7,0.0,3 1 4 8 5 6 10
2694,14252,0.050000000000000044,0.10111116617918015,0.00033322282979497686,0.0003786321613006294,0.9311998551368147,3,3,4,0.0,5 3 4 10
2695,14256,0.050000000000000044,0.19187839329242706,0.0004190329709672369,0.0007125287083908916,0.9225120335356659,3,3,4,0.0,5 3 4 10
2696,14260,0.050000000000000044,0.10731006413698196,0.00035618463152786717,0.0013129606377333403,0.9179154419362064,3,3,4,0.0,5 3 4 10
2697,14269,0.050000000000000044,0.4481082558631897,0.00040203697345633473,0.0005823540850542486,0.9282077593589367,9,9,10,0.0,9 4 6 2 8 1 5 7 3
2698,14276,0.050000000000000044,0.45774412155151367,0.000394830438641033,0.0006357736419886351,0.9210793112673742,6,6,7,0.0,7 1 2 4 3 5 10
2699,14280,0.050000000000000044,0.42645275592803955,0.0003268135915277526,0.0010011573322117329,0.917074837773932,3,3,4,0.0,3 4 5 10
2700,14285,0.050000000000000044,0.19150924682617188,0.0004005539754871279,0.00039425771683454514,0.9631912887326745,4,4,5,0.0,5 3 1 4 10
2701,14290,0.050000000000000044,0.26558780670166016,0.0003961708629503846,0.0003361661219969392,0.9597677378322792,4,4,5,0.0,6 3 5 4 10
2702,14299,0.050000000000000044,0.5068271160125732,0.0004342831056823747,0.0008757499745115638,0.9439653884242959,8,8,9,0.0,9 7 2 8 5 6 4 3 10
2703,14302,0.050000000000000044,0.11195927858352661,0.0004095689801033586,0.0013545923866331577,0.9033599740844419,2,2,3,0.0,7 8 10
2704,14305,0.050000000000000044,0.07209452241659164,0.00036551282391883433,0.0016464320942759514,0.812240506049498,2,2,3,0.0,5 3 10
2705,14309,0.050000000000000044,0.29884207248687744,0.00032863992237253115,0.0010978968348354101,0.9150954425760172,3,3,4,0.0,4 3 5 10
2706,14314,0.050000000000000044,0.13125713169574738,0.00034895988646894694,0.0011279303580522537,0.8883410995199337,4,4,5,0.0,9 3 5 4 10
2707,14318,0.050000000000000044,0.16138248145580292,0.00038667336775688455,0.0011650301748886704,0.8867031143586219,3,3,4,0.0,3 5 4 10
2708,14322,0.050000000000000044,0.10751000046730042,0.00037319859984563664,0.0006972261471673846,0.9356720983698592,3,3,4,0.0,4 3 5 10
2709,14325,0.050000000000000044,0.06988902390003204,0.0003738772162857155,0.0016929191770032048,0.812152810952893,2,2,3,0.0,3 4 10
2710,14330,0.050000000000000044,0.24886831641197205,0.0002978712844196707,0.000837070110719651,0.9284224099835091,4,4,5,0.0,1 4 3 5 10
2711,14331,0.050000000000000044,0.0,0.00029269204242154956,0.0023207482881844044,0.8212330485743944,0,0,1,0.0,10
2712,14337,0.050000000000000044,0.5696550011634827,0.0003441644536602932,0.0006553627317771316,0.936012819621991,5,5,6,0.0,3 1 7 4 5 10
2713,14342,0.050000000000000044,0.2554064691066742,0.00027802176773548124,0.0007985481061041355,0.9318051968615914,4,4,5,0.0,6 3 5 4 10
2714,14346,0.050000000000000044,0.42645275592803955,0.0002564062197052408,0.0010011573322117329,0.917074837773932,3,3,4,0.0,3 4 5 10
2715,14350,0.050000000000000044,0.10731006413698196,0.0003196598117938265,0.0013129606377333403,0.9179154419362064,3,3,4,0.0,5 3 4 10
2716,14358,0.050000000000000044,0.39185261726379395,0.00030335074370668735,0.0009367419988848269,0.9053251973744239,7,7,8,0.0,1 4 9 3 8 5 6 10
2717,14362,0.050000000000000044,0.16138248145580292,0.0003905099874828011,0.0011650301748886704,0.8867031143586219,3,3,4,0.0,3 5 4 10
2718,14366,0.050000000000000044,0.20271086692810059,0.0003132739402644802,0.0006925154593773186,0.9477242445052734,3,3,4,0.0,5 3 4 10
2719,14371,0.050000000000000044,0.2858160734176636,0.00035258243442513046,0.0005041981930844486,0.9497746528435264,4,4,5,0.0,6 3 5 4 10
2720,14374,0.050000000000000044,0.10987220704555511,0.0003145065614565586,0.0007959660142660141,0.9119287159174291,2,2,3,0.0,5 3 10
2721,14383,0.050000000000000044,0.4961155354976654,0.00038485687885743874,0.0008741158526390791,0.9440860008326991,9,9,10,0.0,2 9 8 5 1 6 4 7 3
2722,14388,0.050000000000000044,0.26558780670166016,0.0004145520622842014,0.0003361661219969392,0.9597677378322792,4,4,5,0.0,6 3 5 4 10
2723,14397,0.050000000000000044,0.553490936756134,0.0003433168393611494,0.000699592987075448,0.9451701391253545,9,9,10,0.0,2 4 5 1 8 9 6 7 3
2724,14401,0.050000000000000044,0.10731006413698196,0.0003317955488455482,0.0013129606377333403,0.9179154419362064,3,3,4,0.0,5 4 3 10
2725,14410,0.050000000000000044,0.4280063211917877,0.000317371595883742,0.0007314716931432486,0.9534510297525793,9,9,10,0.0,4 9 2 5 8 1 6 7 3
2726,14419,0.050000000000000044,0.34336841106414795,0.000315073250223779,0.00092788360780105,0.9235402262203759,9,9,10,0.0,4 9 2 5 8 1 6 3 7
2727,14428,0.050000000000000044,0.4142898917198181,0.0002865448024951749,0.00031919829780235887,0.9669840836035936,8,8,9,0.0,2 4 5 8 1 6 9 3 10
2728,14432,0.050000000000000044,0.2624897360801697,0.00040407352935289964,0.0008646699134260416,0.9188100051901145,3,3,4,0.0,3 5 4 10
2729,14435,0.050000000000000044,0.1057547777891159,0.00031768813884506625,0.0005714053986594081,0.9074884510812805,2,2,3,0.0,5 3 10
2730,14442,0.050000000000000044,0.16470004618167877,0.0003279669534614576,0.0003054646076634526,0.9543297198843588,6,6,7,0.0,2 8 5 4 1 7 10
2731,14447,0.050000000000000044,0.2475619912147522,0.00035895347828045486,0.0006706903805024922,0.9352929691001153,4,4,5,0.0,6 3 5 4 10
2732,14452,0.050000000000000044,0.2554064691066742,0.0003283789032138884,0.0007985481061041355,0.9318051968615914,4,4,5,0.0,6 3 5 4 10
2733,14456,0.050000000000000044,0.2767753005027771,0.0003174530793330632,0.00023578456602990627,0.9599719557392895,3,3,4,0.0,3 5 4 10
2734,14465,0.050000000000000044,0.5264805555343628,0.0003738974757854723,0.0005368294660001993,0.9353582777357555,9,9,10,0.0,2 4 8 1 9 5 6 7 3
2735,14474,0.050000000000000044,0.37928977608680725,0.0003141516192247056,0.0009104710770770907,0.9083804065775786,9,9,10,0.0,9 4 2 5 1 6 8 7 3
2736,14482,0.050000000000000044,0.4316199719905853,0.0003563716309145093,0.0010112543823197484,0.883110313030684,7,7,8,0.0,3 1 4 5 7 2 6 10
2737,14491,0.050000000000000044,0.3770015239715576,0.00031687204641962633,0.0010086381807923317,0.9177491261616048,9,9,10,0.0,4 9 2 5 8 1 6 7 3
2738,14500,0.050000000000000044,0.4961155354976654,0.0003167903988570389,0.0008741158526390791,0.9440860008326991,9,9,10,0.0,9 4 2 5 8 6 1 7 3
2739,14503,0.050000000000000044,0.11725835502147675,0.00037168270015778643,0.002157891634851694,0.7954924260304884,2,2,3,0.0,3 5 10
2740,14507,0.050000000000000044,0.12612538039684296,0.00047956275375327095,0.0017454905901104212,0.8363535951437622,3,3,4,0.0,3 5 4 10
2741,14515,0.050000000000000044,0.3367588222026825,0.00037059123860672116,0.001108923926949501,0.9003753051622444,7,7,8,0.0,9 4 2 5 8 6 3 10
2742,14520,0.050000000000000044,0.2554064691066742,0.00039968612254597246,0.0007985481061041355,0.9318051968615914,4,4,5,0.0,6 3 5 4 10
2743,14524,0.050000000000000044,0.1890897899866104,0.0004632050695363432,0.0008415174670517445,0.9271355705439832,3,3,4,0.0,4 3 5 10
2744,14527,0.050000000000000044,0.09837944805622101,0.0003149460826534778,0.000610911229159683,0.9020982854218885,2,2,3,0.0,5 7 10
2745,14536,0.050000000000000044,0.4481082558631897,0.0003948235599738028,0.0005823540850542486,0.9282077593589367,9,9,10,0.0,4 9 2 5 8 6 1 7 3
2746,14540,0.050000000000000044,0.12612538039684296,0.00036397673102328554,0.0017454905901104212,0.8363535951437622,3,3,4,0.0,3 5 4 10
2747,14545,0.050000000000000044,0.2554064691066742,0.00035540977260097863,0.0007985481061041355,0.9318051968615914,4,4,5,0.0,6 3 5 4 10
2748,14554,0.050000000000000044,0.35833466053009033,0.0003947702514576829,0.0009340011747553945,0.9227945545375985,8,8,9,0.0,2 8 5 1 9 6 4 3 10
2749,14563,0.050000000000000044,0.5264805555343628,0.00036983855372656963,0.0005368294660001993,0.9353582777357555,9,9,10,0.0,4 9 2 5 1 8 6 7 3
2750,14572,0.050000000000000044,0.496115505695343,0.0003444821308625655,0.0008741158526390791,0.9440860008326991,9,9,10,0.0,2 4 5 1 9 6 8 7 3
2751,14576,0.050000000000000044,0.11958125978708267,0.0003576922244974412,0.0007459187181666493,0.9416358080580742,3,3,4,0.0,4 3 5 10
2752,14580,0.050000000000000044,0.22431716322898865,0.00037931395490886644,0.00039680927875451744,0.9629182144202176,3,3,4,0.0,4 5 3 10
2753,14583,0.050000000000000044,0.1837058961391449,0.00042856756287316483,0.0011460746172815561,0.9026345421209063,2,2,3,0.0,4 5 10
2754,14587,0.050000000000000044,0.10333916544914246,0.0003878100724250544,0.0009524844354018569,0.9278696608174853,3,3,4,0.0,4 7 5 10
2755,14591,0.050000000000000044,0.22431716322898865,0.0003315978028695099,0.00039680927875451744,0.9629182144202176,3,3,4,0.0,4 5 3 10
2756,14600,0.050000000000000044,0.5353937745094299,0.0003594499074905697,0.0003234610194340348,0.9567708424630261,8,8,9,0.0,2 4 5 1 9 8 6 3 10
2757,14605,0.050000000000000044,0.28581610321998596,0.0003441287437453866,0.0005041981930844486,0.9497746528435264,4,4,5,0.0,6 4 5 3 10
2758,14611,0.050000000000000044,0.2000802755355835,0.00034922873601317406,0.0007424384821206331,0.9126173297251163,5,5,6,0.0,9 4 6 3 5 10
2759,14614,0.050000000000000044,0.1055641770362854,0.0003559371301283439,0.0005887477309443057,0.9096496218591751,2,2,3,0.0,7 8 10
2760,14617,0.050000000000000044,0.08369344472885132,0.0003487259285369267,0.0015465832548215985,0.830022977848895,2,2,3,0.0,8 7 10
2761,14626,0.050000000000000044,0.443190336227417,0.00031201735125958093,0.0007403031340800226,0.9528818902837536,8,8,9,0.0,4 9 2 5 8 1 6 3 10
2762,14630,0.050000000000000044,0.10751000046730042,0.0003406500836717896,0.0006972261471673846,0.9356720983698592,3,3,4,0.0,4 3 5 10
2763,14633,0.050000000000000044,0.07099860161542892,0.000324299035128206,0.0014326379168778658,0.8597587807885815,2,2,3,0.0,4 8 10
2764,14642,0.050000000000000044,0.4961155354976654,0.00032320428161054023,0.0008741158526390791,0.9440860008326991,9,9,10,0.0,2 4 5 1 9 8 6 7 3
2765,14646,0.050000000000000044,0.29884210228919983,0.0003545132203726098,0.0010978968348354101,0.9150954425760172,3,3,4,0.0,3 5 4 10
2766,14651,0.050000000000000044,0.2554064691066742,0.00022510600392706693,0.0007985481061041355,0.9318051968615914,4,4,5,0.0,6 3 5 4 10
2767,14656,0.050000000000000044,0.2475619912147522,0.0003937191213481128,0.0006706903805024922,0.9352929691001153,4,4,5,0.0,6 3 5 4 10
2768,14659,0.050000000000000044,0.10041698068380356,0.0003309279369811217,0.0009309060405939817,0.8957111837783126,2,2,3,0.0,7 8 10
2769,14663,0.050000000000000044,0.19460906088352203,0.00038512589526362717,0.00031904428033158183,0.9544529469061408,3,3,4,0.0,4 5 3 10
2770,14667,0.050000000000000044,0.19460906088352203,0.0003394090526853688,0.00031904428033158183,0.9544529469061408,3,3,4,0.0,4 5 3 10
2771,14676,0.050000000000000044,0.4008314907550812,0.0003552824103583892,0.00037483320920728147,0.9536175427694809,9,9,10,0.0,4 9 6 2 5 8 1 3 7
2772,14685,0.050000000000000044,0.4481082558631897,0.0003508128898425235,0.0005823540850542486,0.9282077593589367,9,9,10,0.0,4 9 2 5 1 6 8 7 3
2773,14691,0.050000000000000044,0.0430307611823082,0.00029339780545948696,0.0007318861898966134,0.9427812010510498,5,5,6,0.0,4 3 5 1 2 10
2774,14697,0.050000000000000044,0.46387195587158203,0.00035041083174292,0.0003243175451643765,0.9672208947531533,5,5,6,0.0,3 5 9 8 4 10
2775,14706,0.050000000000000044,0.4156338572502136,0.00029391842933061224,0.000377791904611513,0.9528571369567184,8,8,9,0.0,2 4 5 8 1 6 9 3 10
2776,14715,0.050000000000000044,0.40837448835372925,0.0004035876643481768,0.0004433357098605484,0.951698135571304,8,8,9,0.0,2 8 5 6 1 9 4 3 10
2777,14719,0.050000000000000044,0.24972417950630188,0.00027737810160033405,0.0007711935322731733,0.90955268573924,3,3,4,0.0,3 5 4 10
2778,14728,0.050000000000000044,0.39870142936706543,0.00035152612124673196,0.0003179351333528757,0.9672944707248923,9,9,10,0.0,2 8 5 6 1 9 4 7 3
2779,14732,0.050000000000000044,0.22431716322898865,0.0003345532968523912,0.00039680927875451744,0.9629182144202176,3,3,4,0.0,4 5 3 10
2780,14736,0.050000000000000044,0.10111117362976074,0.00034206610871478915,0.0003786321613006294,0.9311998551368147,3,3,4,0.0,4 5 3 10
2781,14740,0.050000000000000044,0.1434095799922943,0.0002942966857517604,0.0011465584393590689,0.907666299620579,3,3,4,0.0,9 3 5 10
2782,14743,0.050000000000000044,0.10808873176574707,0.0003656406867473076,0.0014383707894012332,0.9023859251321567,2,2,3,0.0,4 8 10
2783,14748,0.050000000000000044,0.28581610321998596,0.00035985102003905923,0.0005041981930844486,0.9497746528435264,4,4,5,0.0,6 4 5 3 10
2784,14751,0.050000000000000044,0.08054332435131073,0.0003061175423984726,0.0007255025557242334,0.8917483945026126,2,2,3,0.0,4 8 10
2785,14755,0.050000000000000044,0.19187839329242706,0.00046200663928175345,0.0007125287083908916,0.9225120335356659,3,3,4,0.0,4 5 3 10
2786,14759,0.050000000000000044,0.1890898048877716,0.0005368465353967622,0.0008415174670517445,0.9271355705439832,3,3,4,0.0,4 5 3 10
2787,14768,0.050000000000000044,0.44319039583206177,0.00036255051317210827,0.0007403031340800226,0.9528818902837536,8,8,9,0.0,4 9 6 2 5 8 1 3 10
2788,14772,0.050000000000000044,0.06933696568012238,0.00032618266050121747,0.001283831661567092,0.861458354593032,3,3,4,0.0,5 4 3 10
2789,14776,0.050000000000000044,0.11428262293338776,0.00038518678047694266,0.0004913120064884424,0.9460985286517886,3,3,4,0.0,5 4 3 10
2790,14780,0.050000000000000044,0.2767753005027771,0.0003809444242506288,0.00023578456602990627,0.9599719557392895,3,3,4,0.0,3 5 4 10
2791,14782,0.050000000000000044,0.09829553961753845,0.00027737856726162136,0.0019701672717928886,0.8421447008281202,1,1,2,0.0,3 10
2792,14786,0.050000000000000044,0.07672931998968124,0.00035307779762661085,0.0009904849575832486,0.8990747353126263,3,3,4,0.0,4 5 3 10
2793,14789,0.050000000000000044,0.07997742295265198,0.0004391859789999823,0.001614294247701764,0.8286039379384373,2,2,3,0.0,5 4 10
2794,14793,0.050000000000000044,0.3090759515762329,0.0003554769646143541,0.0005270104738883674,0.9476480485780627,3,3,4,0.0,5 3 4 10
2795,14797,0.050000000000000044,0.10751000791788101,0.00037986275128787383,0.0006972261471673846,0.9356720983698592,3,3,4,0.0,5 4 3 10
2796,14801,0.050000000000000044,0.11958125978708267,0.0003284091071691364,0.0007459187181666493,0.9416358080580742,3,3,4,0.0,5 4 3 10
2797,14810,0.050000000000000044,0.5635417699813843,0.00036347783235315647,0.0007094616303220391,0.9453501731476234,8,8,9,0.0,6 9 8 4 5 1 7 3 10
2798,14817,0.050000000000000044,0.38890278339385986,0.00037286581521454664,0.0009539200109429657,0.9223469091085418,6,6,7,0.0,9 4 6 8 3 5 10
2799,14823,0.050000000000000044,0.24083946645259857,0.0003269153676228598,0.0003272052272222936,0.9606788390350398,5,5,6,0.0,6 3 9 5 4 10
2800,14827,0.050000000000000044,0.11428261548280716,0.0002703876234591007,0.0004913120064884424,0.9460985286517886,3,3,4,0.0,4 3 5 10
2801,14831,0.050000000000000044,0.19460906088352203,0.0003639536298578605,0.00031904428033158183,0.9544529469061408,3,3,4,0.0,5 3 4 10
2802,14837,0.050000000000000044,0.3624713718891144,0.00039788263287240017,0.001138480263762176,0.8968959538427743,5,5,6,0.0,9 4 6 3 5 10
2803,14846,0.050000000000000044,0.5353937745094299,0.00031895627196516015,0.0003234610194340348,0.9567708424630261,8,8,9,0.0,9 4 2 5 8 6 1 3 10
2804,14849,0.050000000000000044,0.08941886574029922,0.0003097913577221334,0.0012216682080179453,0.8729719999783387,2,2,3,0.0,5 3 10
2805,14852,0.050000000000000044,0.10987220704555511,0.00032546031191789854,0.0007959660142660141,0.9119287159174291,2,2,3,0.0,5 3 10
2806,14861,0.050000000000000044,0.39239799976348877,0.00029224457426203624,0.0010166018037125468,0.9171850596965423,8,8,9,0.0,9 4 2 5 8 1 6 3 10
2807,14862,0.050000000000000044,0.0,0.00046952953562140465,0.0010097383055835962,0.8772352220940178,0,0,1,0.0,10
2808,14868,0.050000000000000044,0.3624713718891144,0.0004043483010415609,0.001138480263762176,0.8968959538427743,5,5,6,0.0,9 4 6 3 5 10
2809,14869,0.050000000000000044,0.0,0.00029865046963095665,0.00229056179523468,0.7428938356847209,0,0,1,0.0,10
2810,14873,0.050000000000000044,0.24972417950630188,0.0003129487049591262,0.0007711935322731733,0.90955268573924,3,3,4,0.0,5 3 4 10
2811,14882,0.050000000000000044,0.5353937745094299,0.00033829025212778815,0.0003234610194340348,0.9567708424630261,8,8,9,0.0,9 4 6 2 5 1 8 3 10
2812,14886,0.050000000000000044,0.11428262293338776,0.00036216145963408053,0.0004913120064884424,0.9460985286517886,3,3,4,0.0,5 4 3 10
2813,14890,0.050000000000000044,0.19460906088352203,0.0003683163595269434,0.00031904428033158183,0.9544529469061408,3,3,4,0.0,5 4 3 10
2814,14894,0.050000000000000044,0.19187839329242706,0.00036872996133752167,0.0007125287083908916,0.9225120335356659,3,3,4,0.0,4 5 3 10
2815,14898,0.050000000000000044,0.1890897899866104,0.0003515442440402694,0.0008415174670517445,0.9271355705439832,3,3,4,0.0,4 3 5 10
2816,14907,0.050000000000000044,0.4222412705421448,0.0003856553262772246,0.0006504050688818097,0.9479491497156312,8,8,9,0.0,4 2 8 5 1 6 9 3 10
2817,14911,0.050000000000000044,0.22431716322898865,0.00024800310347927734,0.00039680927875451744,0.9629182144202176,3,3,4,0.0,5 3 4 10
2818,14916,0.050000000000000044,0.2554064691066742,0.0003192845702869818,0.0007985481061041355,0.9318051968615914,4,4,5,0.0,6 3 5 4 10
2819,14922,0.050000000000000044,0.4367915689945221,0.00034019969947015244,0.0010561833623796701,0.915012241419799,5,5,6,0.0,9 4 6 3 5 10
2820,14926,0.050000000000000044,0.09524019807577133,0.00026734587299870327,0.0006769447354599833,0.9249889811281642,3,3,4,0.0,5 4 3 10
2821,14930,0.050000000000000044,0.07725270837545395,0.00034007227077381685,0.000500592403113842,0.9129404562052592,3,3,4,0.0,5 4 2 10
2822,14934,0.050000000000000044,0.11428262293338776,0.0003556925876182504,0.0004913120064884424,0.9460985286517886,3,3,4,0.0,5 4 3 10
2823,14938,0.050000000000000044,0.11428262293338776,0.00032842138534761034,0.0004913120064884424,0.9460985286517886,3,3,4,0.0,5 3 4 10
2824,14942,0.050000000000000044,0.16462726891040802,0.00026382161013316363,0.0009907124331220984,0.9101365836476741,3,3,4,0.0,7 5 4 10
2825,14951,0.050000000000000044,0.5062131881713867,0.0002896806723179503,0.0008757488103583455,0.9434277114195928,8,8,9,0.0,9 5 2 8 6 1 4 3 10
2826,14957,0.050000000000000044,0.4220634400844574,0.0002828092110576108,0.00044042684021405876,0.9603628624456533,5,5,6,0.0,2 8 5 4 1 10
2827,14961,0.050000000000000044,0.12612539529800415,0.0003862956873490475,0.0017454905901104212,0.8363535951437622,3,3,4,0.0,4 5 3 10
2828,14964,0.050000000000000044,0.10182824730873108,0.00035878655035048723,0.0010964535176753998,0.8968866375251701,2,2,3,0.0,8 7 10
2829,14973,0.050000000000000044,0.4142898917198181,0.0003111751818020518,0.00031919829780235887,0.9669840836035936,8,8,9,0.0,2 8 5 4 1 6 9 3 10
2830,14982,0.050000000000000044,0.3252035081386566,0.00034040241088304255,0.0010834166314452887,0.9022266122553493,8,8,9,0.0,9 4 2 5 8 1 6 3 10
2831,14986,0.050000000000000044,0.10111117362976074,0.00028300699341343716,0.0003786321613006294,0.9311998551368147,3,3,4,0.0,5 4 3 10
2832,14990,0.050000000000000044,0.19187839329242706,0.0003186931608070154,0.0007125287083908916,0.9225120335356659,3,3,4,0.0,4 5 3 10
2833,14994,0.050000000000000044,0.2718748152256012,0.0004012885910924524,0.0006805580342188478,0.9332163441620599,3,3,4,0.0,3 5 4 10
2834,14999,0.050000000000000044,0.08338094502687454,0.00036613192060030997,0.0007144291885197163,0.9440950080132229,4,4,5,0.0,3 4 5 6 10
2835,15008,0.050000000000000044,0.35833466053009033,0.0005058523594117206,0.0009340011747553945,0.9227945545375985,8,8,9,0.0,9 4 2 5 8 1 6 3 10
2836,15012,0.050000000000000044,0.22431716322898865,0.00041180455446010455,0.00039680927875451744,0.9629182144202176,3,3,4,0.0,3 4 5 10
2837,15021,0.050000000000000044,0.4156338572502136,0.0004353140539024025,0.000377791904611513,0.9528571369567184,8,8,9,0.0,2 4 5 8 1 6 9 3 10
2838,15030,0.050000000000000044,0.5459948182106018,0.00039900940222044784,0.0006239440990611911,0.9403763693556916,8,8,9,0.0,1 4 8 2 5 6 9 3 10
2839,15034,0.050000000000000044,0.1759030967950821,0.0004054385353811085,0.0009096288704313338,0.9269010189933953,3,3,4,0.0,4 3 5 10
2840,15043,0.050000000000000044,0.35833466053009033,0.00035598066945870716,0.0009340011747553945,0.9227945545375985,8,8,9,0.0,9 4 2 5 8 6 1 3 10
2841,15052,0.050000000000000044,0.42224133014678955,0.0004012016385483245,0.0006504050688818097,0.9479491497156312,8,8,9,0.0,4 2 5 8 6 1 9 3 10
2842,15056,0.050000000000000044,0.1890897899866104,0.0003295876085758209,0.0008415174670517445,0.9271355705439832,3,3,4,0.0,4 3 5 10
2843,15060,0.050000000000000044,0.1890897899866104,0.00042938652768498287,0.0008415174670517445,0.9271355705439832,3,3,4,0.0,4 3 5 10
2844,15064,0.050000000000000044,0.1759030967950821,0.00033909727426362224,0.0009096288704313338,0.9269010189933953,3,3,4,0.0,4 3 5 10
2845,15069,0.050000000000000044,0.25992366671562195,0.00034484225907363,0.00035415354068391025,0.9582003313388042,4,4,5,0.0,1 3 4 5 10
2846,15072,0.050000000000000044,0.11533927172422409,0.00032868019964856404,0.0019521486246958375,0.89125137407594,2,2,3,0.0,8 7 10
2847,15076,0.050000000000000044,0.19187839329242706,0.00036490751517703757,0.0007125287083908916,0.9225120335356659,3,3,4,0.0,4 3 5 10
2848,15081,0.050000000000000044,0.13211816549301147,0.00034221862442791463,0.0011318449396640062,0.8901272291377381,4,4,5,0.0,3 4 5 6 10
2849,15084,0.050000000000000044,0.10764649510383606,0.0003367734801334639,0.0020182852167636156,0.8787645564506474,2,2,3,0.0,4 3 10
2850,15088,0.050000000000000044,0.22431716322898865,0.0003546576190274209,0.00039680927875451744,0.9629182144202176,3,3,4,0.0,4 3 5 10
2851,15092,0.050000000000000044,0.10111117362976074,0.0003706680945469998,0.0003786321613006294,0.9311998551368147,3,3,4,0.0,4 5 3 10
2852,15096,0.050000000000000044,0.11428262293338776,0.0003714302583830431,0.0004913120064884424,0.9460985286517886,3,3,4,0.0,4 5 3 10
2853,15100,0.050000000000000044,0.1890897899866104,0.0003101054608123377,0.0008415174670517445,0.9271355705439832,3,3,4,0.0,4 3 5 10
2854,15103,0.050000000000000044,0.07099860161542892,0.00035747352133815485,0.0014326379168778658,0.8597587807885815,2,2,3,0.0,4 8 10
2855,15108,0.050000000000000044,0.24462014436721802,0.0003089684731094167,0.000679461401887238,0.9335591515944772,4,4,5,0.0,3 5 1 4 10
2856,15117,0.050000000000000044,0.4083744287490845,0.00038591066711685725,0.0004433357098605484,0.951698135571304,8,8,9,0.0,2 8 5 4 1 6 9 3 10
2857,15121,0.050000000000000044,0.16138248145580292,0.0003336930676596239,0.0011650301748886704,0.8867031143586219,3,3,4,0.0,3 4 5 10
2858,15125,0.050000000000000044,0.10731006413698196,0.0003668782956083305,0.0013129606377333403,0.9179154419362064,3,3,4,0.0,4 3 5 10
2859,15133,0.050000000000000044,0.42962491512298584,0.00032675975671736524,0.0003235268814023584,0.9668142658245266,7,7,8,0.0,2 9 5 8 1 3 4 10
2860,15136,0.050000000000000044,0.08369344472885132,0.00033881832496263087,0.0015465832548215985,0.830022977848895,2,2,3,0.0,8 7 10
2861,15143,0.050000000000000044,0.5490861535072327,0.0002871706653552662,0.0005887308507226408,0.9346929978131894,6,6,7,0.0,4 1 3 8 2 5 10
2862,15152,0.050000000000000044,0.5062131285667419,0.0003777173971886643,0.0008757488103583455,0.9434277114195928,8,8,9,0.0,2 5 1 8 9 6 3 4 10
2863,15156,0.050000000000000044,0.22431716322898865,0.00029451925001922064,0.00039680927875451744,0.9629182144202176,3,3,4,0.0,4 3 5 10
2864,15160,0.050000000000000044,0.2624897360801697,0.0003354681102791801,0.0008646699134260416,0.9188100051901145,3,3,4,0.0,4 3 5 10
2865,15167,0.050000000000000044,0.47187918424606323,0.00035209072354648797,0.0009855482494458556,0.9051750946555212,6,6,7,0.0,4 9 6 8 2 5 10
2866,15173,0.050000000000000044,0.25854575634002686,0.00033617883066957194,0.0005033815978094935,0.950197055581492,5,5,6,0.0,8 3 5 4 2 10
2867,15177,0.050000000000000044,0.10203931480646133,0.0002708383144636173,0.0005755744641646743,0.9362337090137031,3,3,4,0.0,4 5 7 10
2868,15182,0.050000000000000044,0.24820592999458313,0.000282815785612911,0.0006626045797020197,0.935212854734499,4,4,5,0.0,8 3 5 4 10
2869,15186,0.050000000000000044,0.11428262293338776,0.00026947488004225306,0.0004913120064884424,0.9460985286517886,3,3,4,0.0,4 5 3 10
2870,15190,0.050000000000000044,0.09524019807577133,0.0002905344845203217,0.0006769447354599833,0.9249889811281642,3,3,4,0.0,4 5 3 10
2871,15199,0.050000000000000044,0.5351648926734924,0.0002948829706939351,0.0005414488259702921,0.9339400540359593,8,8,9,0.0,4 1 8 9 2 5 6 3 10
2872,15208,0.050000000000000044,0.45832860469818115,0.0002726919839106914,0.0005837412318214774,0.9277698023778504,8,8,9,0.0,9 4 6 8 2 1 5 3 10
2873,15217,0.050000000000000044,0.5062131285667419,0.0003500612979728936,0.0008757488103583455,0.9434277114195928,8,8,9,0.0,9 5 1 8 2 6 3 4 10
2874,15223,0.050000000000000044,0.5696550011634827,0.0003581529260069753,0.0006553627317771316,0.936012819621991,5,5,6,0.0,1 4 7 3 5 10
2875,15226,0.050000000000000044,0.08369344472885132,0.00028159744397271425,0.0015465832548215985,0.830022977848895,2,2,3,0.0,8 7 10
2876,15230,0.050000000000000044,0.1890897899866104,0.00029946925496915355,0.0008415174670517445,0.9271355705439832,3,3,4,0.0,4 3 5 10
2877,15234,0.050000000000000044,0.10751000046730042,0.0003304263955214992,0.0006972261471673846,0.9356720983698592,3,3,4,0.0,4 3 5 10
2878,15239,0.050000000000000044,0.4652887284755707,0.0002934440446551889,0.0004760046722367406,0.9492866890892546,4,4,5,0.0,4 9 3 5 10
2879,15243,0.050000000000000044,0.10751000046730042,0.0002967647378682159,0.0006972261471673846,0.9356720983698592,3,3,4,0.0,4 3 5 10
2880,15249,0.050000000000000044,0.2439616322517395,0.0003117481658894879,0.00031765049789100885,0.9615825655804803,5,5,6,0.0,6 7 3 5 4 10
2881,15253,0.050000000000000044,0.22431716322898865,0.0004155224851274397,0.00039680927875451744,0.9629182144202176,3,3,4,0.0,4 3 5 10
2882,15262,0.050000000000000044,0.5353937149047852,0.000505525094922632,0.0003234610194340348,0.9567708424630261,8,8,9,0.0,9 6 8 2 5 1 3 4 10
2883,15266,0.050000000000000044,0.5117752552032471,0.000488330093503464,0.0008333476143889129,0.9475241621311723,3,3,4,0.0,4 3 5 10
2884,15269,0.050000000000000044,0.08369345217943192,0.00043675889416287345,0.0015465832548215985,0.830022977848895,2,2,3,0.0,7 8 10
2885,15273,0.050000000000000044,0.45710882544517517,0.0004894798476016149,0.001129405340179801,0.9086333255545989,3,3,4,0.0,5 3 4 10
2886,15278,0.050000000000000044,0.2554064393043518,0.00045852623879909514,0.0007985481061041355,0.9318051968615914,4,4,5,0.0,6 4 3 5 10
2887,15282,0.050000000000000044,0.16138248145580292,0.0003310226456960663,0.0011650301748886704,0.8867031143586219,3,3,4,0.0,3 4 5 10
2888,15291,0.050000000000000044,0.5459948778152466,0.00041829372639767826,0.0006239440990611911,0.9403763693556916,8,8,9,0.0,8 2 5 9 1 6 3 4 10
2889,15300,0.050000000000000044,0.5351649522781372,0.00039099904501603707,0.0005414488259702921,0.9339400540359593,8,8,9,0.0,8 2 5 9 1 6 3 4 10
2890,15303,0.050000000000000044,0.10219935327768326,0.000510919305573528,0.0011428403668105602,0.90176088102029,2,2,3,0.0,7 1 10
2891,15310,0.050000000000000044,0.3683890700340271,0.0003779418849652367,0.0008360121864825487,0.8938748074006666,6,6,7,0.0,8 2 5 9 1 6 10
2892,15314,0.050000000000000044,0.29884207248687744,0.00041573148337192833,0.0010978968348354101,0.9150954425760172,3,3,4,0.0,4 3 5 10
2893,15318,0.050000000000000044,0.16138248145580292,0.0003228988134651445,0.0011650301748886704,0.8867031143586219,3,3,4,0.0,3 4 5 10
2894,15327,0.050000000000000044,0.4087560474872589,0.00039325204367438954,0.0006344392895698547,0.9489724816451033,9,9,10,0.0,8 2 5 4 1 6 9 7 3
2895,15331,0.050000000000000044,0.24972417950630188,0.0003481873936834745,0.0007711935322731733,0.90955268573924,3,3,4,0.0,3 5 4 10
2896,15340,0.050000000000000044,0.37928977608680725,0.00036431666295458045,0.0009104710770770907,0.9083804065775786,9,9,10,0.0,8 2 5 1 9 6 7 4 3
2897,15345,0.050000000000000044,0.15624305605888367,0.00029688473441638055,0.0008366544498130679,0.9273538200027452,4,4,5,0.0,1 3 4 5 10
2898,15354,0.050000000000000044,0.5351648926734924,0.00032341023001612886,0.0005414488259702921,0.9339400540359593,8,8,9,0.0,8 2 4 5 1 9 6 3 10
2899,15359,0.050000000000000044,0.2554064691066742,0.00035114838392473756,0.0007985481061041355,0.9318051968615914,4,4,5,0.0,6 3 5 4 10
2900,15363,0.050000000000000044,0.09524019807577133,0.0003497641155263409,0.0006769447354599833,0.9249889811281642,3,3,4,0.0,5 4 3 10
2901,15372,0.050000000000000044,0.4008314907550812,0.000409333617426455,0.00037483320920728147,0.9536175427694809,9,9,10,0.0,2 4 5 8 1 6 9 7 3
2902,15381,0.050000000000000044,0.49611547589302063,0.000364546429611639,0.0008741158526390791,0.9440860008326991,9,9,10,0.0,2 5 1 8 9 6 7 3 4
2903,15386,0.050000000000000044,0.26558780670166016,0.0003447502967901528,0.0003361661219969392,0.9597677378322792,4,4,5,0.0,6 3 5 4 10
2904,15395,0.050000000000000044,0.34336838126182556,0.00035636055529014103,0.00092788360780105,0.9235402262203759,9,9,10,0.0,8 2 5 1 9 6 4 7 3
2905,15399,0.050000000000000044,0.10111117362976074,0.0003335612782393582,0.0003786321613006294,0.9311998551368147,3,3,4,0.0,5 4 3 10
2906,15404,0.050000000000000044,0.2475619912147522,0.0003332201857119799,0.0006706903805024922,0.9352929691001153,4,4,5,0.0,6 3 5 4 10
2907,15413,0.050000000000000044,0.4142898917198181,0.00031394314848714403,0.00031919829780235887,0.9669840836035936,8,8,9,0.0,2 4 8 5 1 6 9 3 10
2908,15422,0.050000000000000044,0.5377313494682312,0.0003574674742089377,0.0006118930177763104,0.9411858805719936,9,9,10,0.0,8 2 5 1 9 6 7 4 3
2909,15427,0.050000000000000044,0.2858160734176636,0.00030068952473811806,0.0005041981930844486,0.9497746528435264,4,4,5,0.0,6 3 5 4 10
2910,15431,0.050000000000000044,0.16138248145580292,0.0003138196152576711,0.0011650301748886704,0.8867031143586219,3,3,4,0.0,3 5 4 10
2911,15437,0.050000000000000044,0.46027570962905884,0.00033356530184391886,0.0007172896875999868,0.944614465469129,5,5,6,0.0,5 3 6 8 4 10
2912,15441,0.050000000000000044,0.12612539529800415,0.0003661143309727777,0.0017454905901104212,0.8363535951437622,3,3,4,0.0,4 3 5 10
2913,15445,0.050000000000000044,0.10111117362976074,0.0003381019560038112,0.0003786321613006294,0.9311998551368147,3,3,4,0.0,5 4 3 10
2914,15449,0.050000000000000044,0.12612539529800415,0.00034163154487032443,0.0017454905901104212,0.8363535951437622,3,3,4,0.0,3 4 5 10
2915,15458,0.050000000000000044,0.5459948182106018,0.0003443126333877444,0.0006239440990611911,0.9403763693556916,8,8,9,0.0,8 9 5 2 1 6 4 3 10
2916,15460,0.050000000000000044,0.3006361722946167,0.00032906288834055886,0.0009876247495412827,0.883723734418433,1,1,2,0.0,2 10
2917,15465,0.050000000000000044,0.2618473172187805,0.0003699625027365983,0.00034833134850487113,0.9587642771416697,4,4,5,0.0,8 3 5 4 10
2918,15474,0.050000000000000044,0.38613808155059814,0.0003139584506344464,0.0005136092659085989,0.9457555724380983,8,8,9,0.0,2 4 5 6 8 1 9 7 10
2919,15478,0.050000000000000044,0.07672931998968124,0.000367173102858942,0.0009904849575832486,0.8990747353126263,3,3,4,0.0,3 4 5 10
2920,15483,0.050000000000000044,0.16252100467681885,0.0003221700870199129,0.0007455068407580256,0.9443912847005229,4,4,5,0.0,4 8 3 9 10
2921,15488,0.050000000000000044,0.09615491330623627,0.0003455326077528298,0.0017156526446342468,0.8399174598429915,4,4,5,0.0,4 9 3 5 10
2922,15492,0.050000000000000044,0.10111117362976074,0.00030353043257491663,0.0003786321613006294,0.9311998551368147,3,3,4,0.0,5 4 3 10
2923,15499,0.050000000000000044,0.4712684750556946,0.00039013083525268096,0.0007814999553374946,0.9514431572130546,6,6,7,0.0,1 8 7 3 4 5 10
2924,15504,0.050000000000000044,0.27162256836891174,0.0004806547367479652,0.00109461834654212,0.9156421865563614,4,4,5,0.0,4 2 3 5 10
2925,15510,0.050000000000000044,0.23763838410377502,0.0005294677296963831,0.00033577063004486263,0.9596164782712066,5,5,6,0.0,6 3 5 4 8 10
2926,15513,0.050000000000000044,0.09918183088302612,0.0005714055150747299,0.0011540183331817389,0.8976838054328129,2,2,3,0.0,4 5 10
2927,15517,0.050000000000000044,0.19460906088352203,0.0004393231065478176,0.00031904428033158183,0.9544529469061408,3,3,4,0.0,4 5 3 10
2928,15526,0.050000000000000044,0.4273047149181366,0.00045958138071000576,0.0009876589756458998,0.8858564166832764,8,8,9,0.0,3 5 6 2 9 8 1 4 10
2929,15529,0.050000000000000044,0.10987220704555511,0.0003805811672161023,0.0007959660142660141,0.9119287159174291,2,2,3,0.0,5 3 10
2930,15533,0.050000000000000044,0.20271086692810059,0.00038852095894981176,0.0006925154593773186,0.9477242445052734,3,3,4,0.0,3 4 5 10
2931,15538,0.050000000000000044,0.2554064691066742,0.00048264378565363584,0.0007985481061041355,0.9318051968615914,4,4,5,0.0,6 3 5 4 10
2932,15547,0.050000000000000044,0.44319039583206177,0.00040134381722762354,0.0007403031340800226,0.9528818902837536,8,8,9,0.0,5 3 2 6 9 8 1 4 10
2933,15556,0.050000000000000044,0.553490936756134,0.0004617992284086843,0.000699592987075448,0.9451701391253545,9,9,10,0.0,6 1 5 2 8 9 7 4 3
2934,15561,0.050000000000000044,0.4631517231464386,0.00038892527227289974,0.0004839444882236421,0.9488406244944448,4,4,5,0.0,3 4 7 5 10
2935,15565,0.050000000000000044,0.1759030967950821,0.0004461972930585034,0.0009096288704313338,0.9269010189933953,3,3,4,0.0,4 3 5 10
2936,15574,0.050000000000000044,0.5264805555343628,0.0004453230131831434,0.0005368294660001993,0.9353582777357555,9,9,10,0.0,7 8 2 5 9 6 1 4 3
2937,15579,0.050000000000000044,0.2858160734176636,0.00038809581892564895,0.0005041981930844486,0.9497746528435264,4,4,5,0.0,6 3 5 4 10
2938,15582,0.050000000000000044,0.06868398189544678,0.0003651279936699818,0.0014242548495531082,0.8543957702983858,2,2,3,0.0,5 4 10
2939,15587,0.050000000000000044,0.23783919215202332,0.00039476900710724296,0.0008495232323184609,0.920673463028478,4,4,5,0.0,6 3 5 4 10
2940,15596,0.050000000000000044,0.427304744720459,0.0003906100593869471,0.0009876589756458998,0.8858564166832764,8,8,9,0.0,9 5 2 6 8 1 3 4 10
2941,15600,0.050000000000000044,0.06933695822954178,0.00041707829223014414,0.001283831661567092,0.861458354593032,3,3,4,0.0,3 4 5 10
2942,15603,0.050000000000000044,0.42282044887542725,0.00034127267038760084,0.0015497250715270638,0.9120805175458917,2,2,3,0.0,8 2 10
2943,15612,0.050000000000000044,0.4156338572502136,0.0003468528124762492,0.000377791904611513,0.9528571369567184,8,8,9,0.0,2 5 1 6 8 9 3 4 10
2944,15618,0.050000000000000044,0.459229052066803,0.00037505874934140593,0.0003468252543825656,0.9672009168230395,5,5,6,0.0,2 5 4 6 3 10
2945,15622,0.050000000000000044,0.29884207248687744,0.00036857903614873067,0.0010978968348354101,0.9150954425760172,3,3,4,0.0,4 3 5 10
2946,15626,0.050000000000000044,0.2624897360801697,0.00035107570874970406,0.0008646699134260416,0.9188100051901145,3,3,4,0.0,3 5 4 10
2947,15630,0.050000000000000044,0.09524019807577133,0.0004250441925250925,0.0006769447354599833,0.9249889811281642,3,3,4,0.0,4 3 5 10
2948,15634,0.050000000000000044,0.11958125978708267,0.0004064321328769438,0.0007459187181666493,0.9416358080580742,3,3,4,0.0,4 3 5 10
2949,15643,0.050000000000000044,0.5377313494682312,0.000428174014410211,0.0006118930177763104,0.9411858805719936,9,9,10,0.0,2 6 7 8 5 9 1 3 4
2950,15649,0.050000000000000044,0.39676913619041443,0.0003159122619157036,0.0009856640826910734,0.9003280791654457,5,5,6,0.0,3 5 6 8 4 10
2951,15653,0.050000000000000044,0.09524019807577133,0.00041630100167822093,0.0006769447354599833,0.9249889811281642,3,3,4,0.0,5 4 3 10
2952,15662,0.050000000000000044,0.5448443293571472,0.0003240979858674109,0.0006295429775491357,0.9401730913115172,8,8,9,0.0,7 8 2 5 9 6 3 4 10
2953,15666,0.050000000000000044,0.10111117362976074,0.00031321430287789553,0.0003786321613006294,0.9311998551368147,3,3,4,0.0,4 3 5 10
2954,15672,0.050000000000000044,0.399428129196167,0.00031850622811665136,0.000980614684522152,0.9200066881571032,5,5,6,0.0,5 3 6 8 4 10
2955,15681,0.050000000000000044,0.5351649522781372,0.000334196827477879,0.0005414488259702921,0.9339400540359593,8,8,9,0.0,2 8 9 5 1 6 3 4 10
2956,15685,0.050000000000000044,0.11428262293338776,0.00033627772791078314,0.0004913120064884424,0.9460985286517886,3,3,4,0.0,5 4 3 10
2957,15690,0.050000000000000044,0.2475619912147522,0.0003374867024831474,0.0006706903805024922,0.9352929691001153,4,4,5,0.0,6 4 3 5 10
2958,15694,0.050000000000000044,0.10731006413698196,0.00037820333818672225,0.0013129606377333403,0.9179154419362064,3,3,4,0.0,4 3 5 10
2959,15700,0.050000000000000044,0.46027570962905884,0.0004251368421440323,0.0007172896875999868,0.944614465469129,5,5,6,0.0,6 4 8 3 5 10
2960,15704,0.050000000000000044,0.11428262293338776,0.00030460181733360514,0.0004913120064884424,0.9460985286517886,3,3,4,0.0,5 4 3 10
2961,15713,0.050000000000000044,0.5353937745094299,0.00037118302296019264,0.0003234610194340348,0.9567708424630261,8,8,9,0.0,2 5 1 6 8 9 3 4 10
2962,15717,0.050000000000000044,0.24972417950630188,0.00036164294579066336,0.0007711935322731733,0.90955268573924,3,3,4,0.0,3 5 4 10
2963,15725,0.050000000000000044,0.5725716352462769,0.0003677683671412524,0.0007231035269796848,0.9450158457162122,7,7,8,0.0,6 1 5 3 8 4 7 10
2964,15732,0.050000000000000044,0.467791885137558,0.000350219222517418,0.0006126986700110137,0.9239853740128269,6,6,7,0.0,4 9 3 6 8 5 10
2965,15741,0.050000000000000044,0.5353937745094299,0.0003267867125234463,0.0003234610194340348,0.9567708424630261,8,8,9,0.0,9 8 2 5 1 6 3 4 10
2966,15745,0.050000000000000044,0.19460906088352203,0.0003946023862226866,0.00031904428033158183,0.9544529469061408,3,3,4,0.0,5 4 3 10
2967,15751,0.050000000000000044,0.39655250310897827,0.0004118570650462061,0.0009865451138466597,0.900334528391554,5,5,6,0.0,1 4 3 5 7 10
2968,15757,0.050000000000000044,0.4554467499256134,0.0005118280532769859,0.0004645783919841051,0.9521795620568159,5,5,6,0.0,3 5 6 7 4 10
2969,15761,0.050000000000000044,0.08996736258268356,0.0003669916477520019,0.0007125551346689463,0.9199482513487551,3,3,4,0.0,5 4 7 10
2970,15770,0.050000000000000044,0.5353937745094299,0.00042816419671807025,0.0003234610194340348,0.9567708424630261,8,8,9,0.0,2 5 6 8 9 1 3 4 10
2971,15775,0.050000000000000044,0.23783919215202332,0.0004042128100991249,0.0008495232323184609,0.920673463028478,4,4,5,0.0,3 5 6 4 10
2972,15782,0.050000000000000044,0.42213374376296997,0.00040462753219929127,0.001043585129082203,0.9159040316301492,6,6,7,0.0,3 5 6 8 7 4 10
2973,15791,0.050000000000000044,0.5266875624656677,0.0003855170119398584,0.000320855004247278,0.9578301961867053,9,9,10,0.0,9 5 8 2 6 1 3 7 4
2974,15795,0.050000000000000044,0.19187839329242706,0.0003882241071551107,0.0007125287083908916,0.9225120335356659,3,3,4,0.0,4 5 3 10
2975,15799,0.050000000000000044,0.22431716322898865,0.00041982098628068343,0.00039680927875451744,0.9629182144202176,3,3,4,0.0,5 4 3 10
2976,15804,0.050000000000000044,0.2760734558105469,0.00032955902279354634,0.0010438355384394526,0.9181503603737646,4,4,5,0.0,6 4 3 5 10
2977,15808,0.050000000000000044,0.10751000791788101,0.00036856615770375356,0.0006972261471673846,0.9356720983698592,3,3,4,0.0,5 4 3 10
2978,15812,0.050000000000000044,0.19187839329242706,0.00042629447125364095,0.0007125287083908916,0.9225120335356659,3,3,4,0.0,5 4 3 10
2979,15817,0.050000000000000044,0.4543593227863312,0.00031705042638350276,0.0014571005012840033,0.889543964493218,4,4,5,0.0,6 1 5 9 10
2980,15821,0.050000000000000044,0.19460906088352203,0.00034410735679557547,0.00031904428033158183,0.9544529469061408,3,3,4,0.0,5 4 3 10
2981,15824,0.050000000000000044,0.10182826220989227,0.0003329296693361054,0.0010964535176753998,0.8968866375251701,2,2,3,0.0,7 8 10
2982,15829,0.050000000000000044,0.2760734558105469,0.0003356177941896021,0.0010438355384394526,0.9181503603737646,4,4,5,0.0,6 4 3 5 10
2983,15833,0.050000000000000044,0.22431716322898865,0.0003687015996547416,0.00039680927875451744,0.9629182144202176,3,3,4,0.0,5 4 3 10
2984,15835,0.050000000000000044,0.10419406741857529,0.0002944136649603024,0.00198298878967762,0.8491224453637242,1,1,2,0.0,6 10
2985,15839,0.050000000000000044,0.24972417950630188,0.00036971181543776765,0.0007711935322731733,0.90955268573924,3,3,4,0.0,3 5 4 10
2986,15844,0.050000000000000044,0.17341506481170654,0.0003474621975328773,0.00065821991302073,0.9494274968057693,4,4,5,0.0,5 4 9 3 10
2987,15850,0.050000000000000044,0.36510366201400757,0.0003755061673776557,0.0011368700070306659,0.8988275140895997,5,5,6,0.0,3 5 6 8 4 10
2988,15855,0.050000000000000044,0.19150924682617188,0.0003853141563013196,0.00039425771683454514,0.9631912887326745,4,4,5,0.0,1 3 4 5 10
2989,15859,0.050000000000000044,0.2027108520269394,0.0003768603637581691,0.0006925154593773186,0.9477242445052734,3,3,4,0.0,5 4 3 10
2990,15863,0.050000000000000044,0.1759030967950821,0.000350978116330225,0.0009096288704313338,0.9269010189933953,3,3,4,0.0,3 4 5 10
2991,15872,0.050000000000000044,0.4961155354976654,0.00031064419049976603,0.0008741158526390791,0.9440860008326991,9,9,10,0.0,2 5 1 6 8 9 7 4 3
2992,15876,0.050000000000000044,0.39889800548553467,0.0003411264988244511,0.0005488286260515451,0.9473534403601385,3,3,4,0.0,2 5 6 10
2993,15880,0.050000000000000044,0.11958125978708267,0.0003078980662394315,0.0007459187181666493,0.9416358080580742,3,3,4,0.0,5 4 3 10
2994,15886,0.050000000000000044,0.4025128483772278,0.00036414809195169556,0.0009648699196986854,0.9210029072731769,5,5,6,0.0,3 5 6 9 4 10
2995,15891,0.050000000000000044,0.23783919215202332,0.0003590902197174728,0.0008495232323184609,0.920673463028478,4,4,5,0.0,6 4 3 5 10
2996,15895,0.050000000000000044,0.1890898048877716,0.0003943250485463068,0.0008415174670517445,0.9271355705439832,3,3,4,0.0,4 5 3 10
2997,15899,0.050000000000000044,0.16011662781238556,0.0003449346841080114,0.001040773931890726,0.9063192005141879,3,3,4,0.0,1 3 4 10
2998,15903,0.050000000000000044,0.12612539529800415,0.00029090580937918276,0.0017454905901104212,0.8363535951437622,3,3,4,0.0,3 4 5 10
2999,15908,0.050000000000000044,0.26558780670166016,0.00036333978059701624,0.0003361661219969392,0.9597677378322792,4,4,5,0.0,6 3 5 4 10
3000,15912,0.050000000000000044,0.2027108520269394,0.00030206576047930866,0.0006925154593773186,0.9477242445052734,3,3,4,0.0,5 4 3 10
